Price,Close,High,Low,Open,Volume
Ticker,GOOGL,GOOGL,GOOGL,GOOGL,GOOGL
Date,,,,,
2021-08-31,143.42568969726562,143.89552255155283,143.01286173699748,143.8712474507567,22448000
2021-09-01,143.9391632080078,144.96853350536102,143.61008051608152,143.72555741436526,21936000
2021-09-02,142.02760314941406,144.24047911372418,141.92649470207718,143.93964934296415,32342000
2021-09-03,142.47613525390625,142.88798016222196,141.14889962263817,141.82293077721366,19850000
2021-09-07,143.0124053955078,143.29440501526614,142.35672035845968,142.57032618467832,20124000
2021-09-08,142.42807006835938,143.13083818572056,141.74314906987232,142.83348703566523,18344000
2021-09-09,142.27938842773438,143.04212585693128,141.91908838731538,142.5762555754694,15314000
2021-09-10,139.6378173828125,143.44654360921768,139.50102981067184,142.94497909491773,36840000
2021-09-13,141.0814971923828,141.6935625224341,140.00850740514775,140.7018527362788,22094000
2021-09-14,141.2916259765625,142.10294377890315,140.50411441226078,141.73866598781828,19674000
2021-09-15,143.16006469726562,143.18087624925593,140.10515271027106,141.51663270038054,27408000
2021-09-16,142.3477783203125,143.03171616692714,141.14990398479992,142.68528546421356,26190000
2021-09-17,139.56243896484375,142.18914069367366,139.235337690649,141.7733332201377,53384000
2021-09-20,137.500244140625,137.77828102826925,135.1238250653687,136.9471499261735,46518000
2021-09-21,137.81100463867188,138.78090469038185,137.06263570579478,138.5211988911411,25332000
2021-09-22,139.0504913330078,139.64868731901853,137.33371982330885,138.07960825207437,25056000
2021-09-23,139.97479248046875,140.45106842397635,139.16745257610253,139.74830050669846,20952000
2021-09-24,140.96502685546875,141.07952064576384,139.00837789075337,139.30326368063228,22984000
2021-09-27,139.83209228515625,140.69097726660868,138.83641973309338,139.5669415885207,21882000
2021-09-28,134.63616943359375,137.8739544208415,134.1702991315136,137.43633701546565,45772000
2021-09-29,133.17263793945312,135.94555070244238,132.68843655514806,135.77604845611555,30848000
2021-09-30,132.50106811523438,134.35116361737062,132.3821276786133,133.08143210735338,37996000
2021-10-01,135.34286499023438,135.7071427418452,132.89457365686306,133.2657785087536,35360000
2021-10-04,132.48472595214844,134.7654966784679,129.89816454860028,134.7654966784679,51202000
2021-10-05,134.82745361328125,136.01840082000018,132.86287924921712,132.86287924921712,32404000
2021-10-06,136.3559112548828,136.53928282638935,133.3674114045409,133.56565053252967,24364000
2021-10-07,138.0012969970703,138.81111735985237,137.4323370507256,137.67121613500888,25110000
2021-10-08,138.55686950683594,139.0975614312724,137.99385356549078,138.35019085435826,26526000
2021-10-11,137.69305419921875,139.47525527556462,137.63852974209917,138.0677377987258,17954000
2021-10-12,135.2497100830078,138.28083098740217,134.5667554031385,138.25406031342655,36332000
2021-10-13,136.37277221679688,136.78709762710315,135.3191115718021,136.19484551288934,19654000
2021-10-14,139.91036987304688,140.09522363408612,137.6048099997412,138.24810774301423,31894000
2021-10-15,140.12547302246094,140.47240282360914,139.51786944318084,140.3698121513104,30274000
2021-10-18,141.52310180664062,141.54094892572442,139.82962195106938,139.83656417789942,20396000
2021-10-19,141.97802734375,142.39979397339894,141.34663274713077,142.12720199297283,20164000
2021-10-20,140.52294921875,142.28433864697428,140.1338971977449,142.0781590742051,23288000
2021-10-21,140.63893127441406,140.90656241415812,139.26511158996246,140.52295525974566,26292000
2021-10-22,136.35739135742188,139.34737337961698,134.86016945665278,137.926969706927,50588000
2021-10-25,136.23895263671875,136.787086020702,134.23372308873442,136.34104419991752,34412000
2021-10-26,138.08409118652344,138.85177438830706,137.08891772648917,138.03948851571823,49236000
2021-10-27,144.93235778808594,147.34347311686153,138.17973449966777,138.17973449966777,85782000
2021-10-28,144.56707763671875,145.8645780331488,143.35581813063857,145.84128603540435,36206000
2021-10-29,146.74478149414062,146.93905794038585,143.37813478343114,143.80286589775253,43320000
2021-11-01,142.23577880859375,146.7448081412298,141.9666654231716,146.7448081412298,46924000
2021-11-02,144.1542510986328,145.3204089612238,143.0668927959046,143.3087514833836,33482000
2021-11-03,145.30950927734375,145.3798843880956,143.3201457071093,144.61813015361963,27494000
2021-11-04,146.96435546875,148.41747395240975,145.02207467610023,145.83139615139723,38412000
2021-11-05,147.54373168945312,149.00625782477803,146.89448975182302,147.85843086935037,38354000
2021-11-08,147.7211456298828,149.29122320690345,147.12591397324758,148.50815818871942,23052000
2021-11-09,147.609619140625,148.5175685400609,145.9508203469495,147.92135382889896,19530000
2021-11-10,144.6112060546875,146.76858990508995,143.2671365563009,146.20359249121142,29970000
2021-11-11,144.4853057861328,146.2387698135398,144.32076445094071,145.20195824365715,16518000
2021-11-12,147.37123107910156,147.5417315550425,144.1329471350042,145.32685883285086,22360000
2021-11-15,147.147216796875,148.2350742445268,146.2779260424359,147.59177639922783,23508000
2021-11-16,146.57627868652344,147.45497691847146,146.01772444610071,146.84737335766715,18904000
2021-11-17,146.74575805664062,147.2537504824228,145.9458594225756,146.72642872326313,19594000
2021-11-18,148.52154541015625,149.25702820435575,146.58472464481926,146.9385815884133,35608000
2021-11-19,147.6175537109375,149.63963221382073,147.59029904384553,148.65732984777023,33682000
2021-11-22,145.01611328125,148.51260548030166,144.86297594328792,148.0199796793374,30594000
2021-11-23,144.50067138671875,145.3709602825968,142.84833094604366,144.86841272271184,27218000
2021-11-24,144.83572387695312,144.9640870123925,143.1040844590682,144.1949064284518,18040000
2021-11-26,140.9333038330078,143.28693003446975,140.59579672453097,143.07976736967893,30470000
2021-11-29,144.25137329101562,145.01163011022243,142.62875298434784,142.73432320274722,32596000
2021-11-30,140.65032958984375,144.71676490782465,140.3569260142656,143.73397863340372,42068000
2021-12-01,139.81178283691406,144.66772709812903,139.6735130301296,142.73436975163543,34020000
2021-12-02,141.70944213867188,142.60004356233455,138.98211518195825,140.0085210717419,29194000
2021-12-03,140.75340270996094,143.13082014038355,139.06784841754663,142.4181454494306,41230000
2021-12-06,141.89675903320312,142.5881230149532,138.9181661975633,141.78326347810582,30618000
2021-12-07,145.97511291503906,146.23431960919498,143.95105317379645,144.31681320908484,32240000
2021-12-08,146.88404846191406,147.0887458286458,145.11921050310966,146.2992377347049,24270000
2021-12-09,146.34088134765625,147.78953800523445,145.8219839399429,146.29379822913546,23270000
2021-12-10,146.70066833496094,147.66808793780228,145.41457182465953,147.39303059375538,24458000
2021-12-13,144.5447998046875,146.66945372410888,144.23851000057718,146.48260348264037,27070000
2021-12-14,142.6421356201172,143.2100973344862,139.97379546422343,142.70260406211887,38446000
2021-12-15,145.15386962890625,145.43140739427682,140.432732932182,142.14852130912658,36370000
2021-12-16,143.1754150390625,146.37900221019268,142.34476801510507,145.87695382502804,33650000
2021-12-17,140.4793701171875,142.5703265958565,140.05810246195654,141.24755251079608,50416000
2021-12-20,140.36236572265625,140.52840440165772,138.0964625804988,138.7694954805613,27192000
2021-12-21,142.2115020751953,142.6045168135887,139.26760464551032,140.80496758946774,28756000
2021-12-22,145.1280975341797,145.2123570924687,141.81003144963466,141.81003144963466,26322000
2021-12-23,145.62521362304688,146.94054613463166,145.16478825775857,145.2123704862323,26384000
2021-12-27,146.6065216064453,147.04017635281392,145.87599969483807,145.96174149021905,15976000
2021-12-28,145.39772033691406,146.9955515001699,144.77078743444807,146.93310171719043,18200000
2021-12-29,145.36602783203125,146.1213391000838,144.36739075288057,145.35562205393356,17788000
2021-12-30,144.91551208496094,146.00535087821257,144.71132895620318,145.4046743627597,15688000
2021-12-31,143.578857421875,145.40912459334086,143.578857421875,144.76632590571236,18136000
2022-01-03,143.7171173095703,144.56905994450653,142.44985112763527,143.78005107792654,28646000
2022-01-04,143.13035583496094,145.19752108924183,142.45336015947626,144.1180880032146,28400000
2022-01-05,136.56402587890625,143.22942368535695,136.47780012085803,143.15062414151706,54618000
2022-01-06,136.53677368164062,138.71000766618633,135.3582289281207,135.79436399283284,37348000
2022-01-07,135.81271362304688,137.23163499485634,134.57320114440378,136.93128920152486,29760000
2022-01-10,137.45066833496094,137.59935899474792,131.99406445085538,133.8907438130021,44408000
2022-01-11,138.5078125,138.9836045313537,135.49107504085617,136.7940204323314,28730000
2022-01-12,140.1874237060547,141.35457977142337,139.45790011942026,139.9093868006954,26108000
2022-01-13,137.36891174316406,141.59444309970127,137.19246729901857,140.29594448293275,31436000
2022-01-14,138.25454711914062,139.5049643525977,135.79436777383097,135.8741504250452,29662000
2022-01-18,134.8026885986328,135.92622520287958,134.24811208025204,134.97813484766374,34872000
2022-01-19,133.9289093017578,136.74692336638395,133.82879908705206,135.32354033179294,28648000
2022-01-20,132.1358184814453,136.41637384209355,131.79583090485298,135.05246087078947,29908000
2022-01-21,129.20582580566406,133.68014407192317,128.94315552881451,131.4281249429967,55652000
2022-01-24,129.6543426513672,130.04983783070446,123.40574871292903,124.87075517822278,76622000
2022-01-25,125.81932067871094,128.26166818247938,125.38864558275658,127.6084637559973,46960000
2022-01-26,128.09713745117188,131.8310265621683,126.02451243511305,129.96656245343323,49130000
2022-01-27,127.87113952636719,131.48657203766555,127.79926707176217,130.1499289030449,31950000
2022-01-28,132.17892456054688,132.18438456774498,127.35569637367115,128.51937364185733,34362000
2022-01-31,134.11427307128906,134.28229308420728,131.04747300112987,132.9828112703711,39986000
2022-02-01,136.43418884277344,136.5818812789118,133.1874810681943,136.38512440213515,68644000
2022-02-02,146.69920349121094,150.21452630254774,144.24348530384265,149.92063870301118,123200000
2022-02-03,141.8323211669922,148.3594496248234,141.41155275115443,144.4248414458833,71518000
2022-02-04,142.03353881835938,143.60163470292892,139.27995591119637,142.18371170014618,57998000
2022-02-07,137.97750854492188,142.98212679238782,137.67914411624972,142.98212679238782,54974000
2022-02-08,138.17379760742188,138.7695132466174,135.80976527306845,137.80457400105325,54284000
2022-02-09,140.34750366210938,141.27181794404441,138.95485380934457,139.72453341095786,40144000
2022-02-10,137.40162658691406,140.24095165966446,136.744459438641,138.475614665895,39330000
2022-02-11,133.10227966308594,137.93343459992383,132.22752877890463,137.38183758861442,39958000
2022-02-14,134.33482360839844,135.10202275464846,132.08527017678978,132.08527017678978,34302000
2022-02-15,135.40782165527344,136.8946378100411,134.62773623845976,136.36135685706915,26680000
2022-02-16,136.52740478515625,136.87233817056384,133.73812696337785,135.44549125984014,25022000
2022-02-17,131.3740692138672,135.90835577846806,131.3140998808297,135.04550824241358,38950000
2022-02-18,129.25685119628906,132.89162828166567,129.05216896587058,132.293916239701,45620000
2022-02-22,128.67254638671875,131.01873151195204,127.09650976671601,128.6968214918031,44990000
2022-02-23,126.46659088134766,130.89036178652327,126.40662154377361,130.49140310139634,32786000
2022-02-24,131.5247344970703,131.8310242930199,123.85524617381691,123.85524617381691,54456000
2022-02-25,133.2777099609375,134.0825696110589,130.5935034058996,132.37818496175834,36406000
2022-02-28,133.8699493408203,134.5583337933557,131.427102602085,131.88058572904305,38864000
2022-03-01,132.8831787109375,135.0578951055112,132.04760096390638,133.69299913792386,26496000
2022-03-02,133.38868713378906,134.07360790585835,131.9018713763087,133.44469379424999,23520000
2022-03-03,132.72262573242188,135.24029431326773,131.8562994539406,134.81456495195397,24604000
2022-03-04,130.7471466064453,132.67505894637247,129.19193655948962,131.75918412489344,30430000
2022-03-07,125.26773071289062,130.57714987008313,125.18496092413871,130.33232674161766,45112000
2022-03-08,125.98734283447266,130.09640705754634,124.56991120175218,125.1403534553541,40428000
2022-03-09,132.24729919433594,132.56003202673313,128.75873321649877,130.09637428773922,37026000
2022-03-10,131.26553344726562,132.10062719921083,129.76186860445603,130.1122619277312,27102000
2022-03-11,128.72901916503906,132.6195239239846,128.49212139674947,132.31521548383986,31526000
2022-03-14,124.84396362304688,129.26278069161833,124.17391033444304,129.1051815929941,38812000
2022-03-15,128.0624542236328,128.71319344700177,124.61551767245045,125.85998364963604,30920000
2022-03-16,132.1090545654297,132.16108344524727,127.6030057057171,129.58394480607387,35576000
2022-03-17,132.6626434326172,132.90202164574634,131.02317416057818,131.9787056808196,28264000
2022-03-18,134.9290313720703,135.04648957688957,131.09601592899304,132.25176776021434,44566000
2022-03-21,134.90525817871094,135.84542305630865,132.9139133143383,134.96670973028958,26832000
2022-03-22,138.638671875,139.81028984562343,134.905281506743,134.905281506743,35496000
2022-03-23,137.06015014648438,138.3616132811459,136.6235310367747,137.48339904374487,25154000
2022-03-24,140.3276824951172,140.37426649245424,136.53976827528788,137.97652160094876,26396000
2022-03-25,140.4278106689453,140.78662849171081,138.50932109177913,140.6686711405159,24126000
2022-03-28,140.21218872070312,140.7543779854555,138.58262624126357,139.66205900281543,35050000
2022-03-29,141.25296020507812,142.52964906026023,140.79006955797232,141.39372554579415,34318000
2022-03-30,140.6909637451172,141.46608819585558,140.3554379628545,141.20787975036384,19884000
2022-03-31,137.84521484375,140.85898818058075,137.80259350469294,140.80446372092825,37524000
2022-04-01,138.9186553955078,139.23633402944955,137.09185200361182,138.27387545627863,25942000
2022-04-04,141.71487426757812,142.4488747295106,139.07726712649293,139.12484935301754,25942000
2022-04-05,139.3553009033203,141.73370131663094,139.14863735319742,141.61327865957014,21418000
2022-04-06,135.3478546142578,138.13563495181108,134.32591048530927,137.53049665262756,32468000
2022-04-07,134.6941375732422,135.9589233791473,133.04772597265375,134.81456023404073,26234000
2022-04-08,132.1160125732422,134.4775643861143,131.79683653197742,134.39182259689332,25142000
2022-04-11,127.69122314453125,130.9314878851211,127.5375867080851,130.66485501072566,36884000
2022-04-12,126.59197998046875,130.4433348003117,125.67461550166297,130.4433348003117,32710000
2022-04-13,128.75230407714844,129.18843915155622,126.61822782302634,126.87495402475328,27928000
2022-04-14,125.61613464355469,129.33268319605867,125.48826307957773,129.33268319605867,31598000
2022-04-18,126.55430603027344,127.08559046617161,125.07294248805825,125.88375359295895,20808000
2022-04-19,128.86631774902344,129.18745998099084,125.88326290264443,126.56918205499946,26490000
2022-04-20,126.91460418701172,130.24408945160312,126.37935709417536,129.74154190423886,31696000
2022-04-21,123.71746826171875,128.95502227336507,123.43199758034922,128.11398446155997,36446000
2022-04-22,118.583984375,124.2998031690539,117.8797341417918,123.90133604882998,56884000
2022-04-25,121.99226379394531,122.19397402288331,117.46937340165847,118.05418408752932,46128000
2022-04-26,117.6071548461914,121.43322887611035,117.46937661496328,121.21962308439458,73054000
2022-04-27,113.2899398803711,116.2115281359682,111.74563485499026,113.46339722510035,91820000
2022-04-28,117.48076629638672,118.59785963790864,113.11200403723606,115.39179161420873,48884000
2022-04-29,113.10655212402344,116.88356150708636,112.8141467885434,115.7084801576087,42676000
2022-05-02,115.55831146240234,115.71938168066022,111.61031774703048,112.40824262327081,35534000
2022-05-03,116.30271911621094,117.40098229604361,115.01464126005,115.40715683615127,24968000
2022-05-04,121.18640899658203,121.77469077330238,114.10420454212863,116.00287299219873,49916000
2022-05-05,115.48150634765625,119.97516100768799,113.99469020299561,119.14750092797412,45840000
2022-05-06,114.72918701171875,116.53815138565359,113.01340577630253,114.17213001207915,39710000
2022-05-09,111.52210235595703,114.06555074428341,111.01609125808115,112.25460544901141,40802000
2022-05-10,113.38955688476562,115.22825625829458,111.90819312090024,114.49228193195775,39900000
2022-05-11,112.60401153564453,115.34173644656327,112.24123109079025,112.24123109079025,37534000
2022-05-12,111.85218811035156,113.29043134538728,108.85922651182088,110.39857820468676,53836000
2022-05-13,115.03050231933594,116.83896736441086,112.60650078179894,113.52633818857002,35038000
2022-05-16,113.4391098022461,115.14894677053942,112.88849600182488,113.94512093552153,25990000
2022-05-17,115.44927978515625,115.87252867662438,113.8603722292567,115.81355000837539,23054000
2022-05-18,110.91598510742188,114.38572183997256,110.57500685562273,113.9892360282762,35126000
2022-05-19,109.41380310058594,112.01672181932308,109.03317553495751,110.45209689987173,34144000
2022-05-20,107.95076751708984,111.19748304933411,104.86661954709218,110.96702082393216,48962000
2022-05-23,110.50810241699219,111.16180602376643,107.7852448693059,108.62430893865206,37184000
2022-05-24,105.03860473632812,105.5228136697581,100.98901060230938,104.8423469431348,76780000
2022-05-25,104.87504577636719,105.56393689303482,102.94367020306227,104.0627448772428,40258000
2022-05-26,106.84508514404297,107.69454740943145,104.3001467738534,104.74817746889774,37948000
2022-05-27,111.32930755615234,111.33079733654694,108.17923875397253,108.5207160824911,37914000
2022-05-31,112.76212310791016,114.71778157634024,111.09341756221775,111.755545645054,50012000
2022-06-01,112.8909683227539,116.07226223773644,112.25461274183665,113.84550925646737,36606000
2022-06-02,116.58868408203125,116.86324988341372,111.95378769453289,112.9980255582533,37992000
2022-06-03,113.53426361083984,115.2991165371884,112.52075159132542,115.04239030742981,26136000
2022-06-06,115.79373168945312,118.29802241385896,115.14300011660191,115.6787463489471,33542000
2022-06-07,116.11983489990234,116.65657936123159,114.0407744070312,114.46550552636866,31590000
2022-06-08,116.1639404296875,117.52834484529313,115.57515955281724,115.73523910380932,26108000
2022-06-09,113.82617950439453,117.25923874880715,113.76720083398786,115.3050626696795,25798000
2022-06-10,110.18447875976562,112.28336793856525,109.3959688716571,111.45669849147991,41452000
2022-06-13,105.45738983154297,107.83529887701552,105.18629514776413,105.84792407779678,47252000
2022-06-14,105.77754211425781,106.97591545107889,104.87009189196922,105.59863233927445,33706000
2022-06-15,108.79975128173828,110.44416645951732,106.7231636370719,107.59096455911155,39698000
2022-06-16,105.1015396118164,107.69355345483342,104.21391025532901,106.27860230897124,51684000
2022-06-17,106.20179748535156,107.74412127524249,104.12272916591733,105.1015528730424,51376000
2022-06-21,110.56360626220703,111.50079919576064,107.64548168742688,107.97208392269314,47416000
2022-06-22,110.50761413574219,112.35026855081978,109.4123229035937,109.58479714760662,30774000
2022-06-23,111.25547790527344,111.75158241290121,109.5292910357325,111.2450721279725,28362000
2022-06-24,116.93807983398438,117.0411696178319,111.95972504269348,112.00185482451673,41164000
2022-06-27,114.81542205810547,117.53728158186594,114.16716328582419,117.23347976134313,36420000
2022-06-28,111.02303314208984,116.27843425509606,110.86493491306922,114.78467596630205,35792000
2022-06-29,110.7197265625,112.1659026711125,109.89801049848562,110.57154255312791,24716000
2022-06-30,108.00527954101562,109.91336299699368,105.81173299422112,109.03316748819037,43170000
2022-07-01,107.78178405761719,108.28977655197615,105.7924202926031,106.9843506377648,35476000
2022-07-05,112.26750946044922,112.38050591881981,104.80220355673937,106.15917441051404,39342000
2022-07-06,113.56499481201172,114.57355354870796,110.49620571439615,112.30616050739741,37432000
2022-07-07,117.73897552490234,118.14190442135235,113.82419547258564,114.06852703009027,40936000
2022-07-08,118.30447387695312,118.63305746114801,115.87402164356276,116.21946167906191,38238000
2022-07-11,114.6597900390625,116.9608884830124,114.31683045021927,116.9608884830124,31196000
2022-07-12,113.01834869384766,115.94588857717979,112.69075577017246,115.19355693473877,29960000
2022-07-13,110.37477111816406,113.1922860695284,110.22410668182415,110.71921287301893,43722000
2022-07-14,109.39744567871094,110.11657102778943,107.42047675216378,109.241827899975,37004000
2022-07-15,110.79505157470703,112.14607830712104,109.92526931854086,111.01609870201857,46770000
2022-07-18,108.07170104980469,112.68083230186653,107.41750592240679,111.6499722698316,43164600
2022-07-19,112.8096694946289,113.0178228012076,108.59702468629088,109.87568719441973,36530900
2022-07-20,112.89891052246094,114.38572670784276,111.49139301526064,112.17532331814631,35600400
2022-07-21,113.33502960205078,113.54319050720274,110.13342322528176,113.27555937905743,32676200
2022-07-22,106.9516372680664,111.35260768410927,105.56394075969678,110.02438896081073,48901200
2022-07-25,106.56507110595703,108.90432910851514,105.36570699180157,107.45716230393901,34690900
2022-07-26,104.0969467163086,106.25778639316266,103.1552995551691,105.66306147231995,47991000
2022-07-27,112.06627655029297,112.90881167432437,107.06066717650027,108.29968052085549,59858500
2022-07-28,113.2160873413086,113.33502778538879,110.48034369240179,111.3823490591432,32816600
2022-07-29,115.2976303100586,115.68420188473884,112.06628125487264,112.08610970412361,37223400
2022-08-01,113.85045623779297,115.69410865783321,113.33502246319186,114.28659134517281,26034300
2022-08-02,114.11808013916016,115.32735834983899,112.72047704617064,112.99801481996504,20236000
2022-08-03,117.04215240478516,117.57740704971904,114.4650062924766,114.6929805012981,28499000
2022-08-04,117.15119934082031,117.73601004530308,115.86262235872188,116.44744062554241,21602900
2022-08-05,116.43753814697266,117.07191247720034,114.98045700767706,115.20843882744883,19159500
2022-08-08,116.2690200805664,119.09396911037126,115.85270583222336,117.34943613172396,19138300
2022-08-09,115.60489654541016,116.28883432071103,114.69298455323379,116.11041609942981,19086500
2022-08-10,118.64791870117188,119.85719697468683,117.36926354294056,117.73600666493809,30930400
2022-08-11,117.79546356201172,120.42217315306054,117.51792580519208,120.21401983544581,24293700
2022-08-12,120.61052703857422,120.61052703857422,118.41003791477617,119.2030095573056,19096300
2022-08-15,121.00700378417969,121.22507134763688,119.54992284865891,120.06534908400887,19494800
2022-08-16,120.6303482055664,121.3539353982233,119.57966720477233,120.45192996370155,19041200
2022-08-17,118.4992446899414,120.2239492265823,118.33073312003822,119.06423449827227,22847000
2022-08-18,119.11378479003906,119.75807324012199,117.67653233875487,118.38029100928513,17987700
2022-08-19,116.17980194091797,118.10275306426914,115.73376016351709,118.0135401713866,21809500
2022-08-22,113.23591613769531,114.61369850167412,112.84934454275668,114.18747756849332,21456600
2022-08-23,112.8592529296875,113.99914676758455,112.43303201855512,112.48259557937843,15870400
2022-08-24,112.69075012207031,113.77116618601146,111.8779576273456,112.5024176637424,17734600
2022-08-25,115.6247329711914,115.69411741968042,113.10705681377382,113.23591148601406,16956800
2022-08-26,109.37018585205078,114.10817938697578,109.2215102957735,113.71169359144874,37245700
2022-08-29,108.4582748413086,109.97482602837435,107.8437290366526,109.02326464751619,21191200
2022-08-30,107.98250579833984,109.52879220958579,106.8525261036081,109.2016908341797,27513300
2022-08-31,107.26882934570312,109.875710914492,107.17961644514644,109.67747178800279,28627000
2022-09-01,108.77546691894531,109.47922565257869,106.41638802751207,107.32830011371269,28360900
2022-09-02,106.90208435058594,109.76668298662089,106.31727360258343,109.61799985264689,24160700
2022-09-06,105.87120819091797,107.08048640627771,104.85026242093507,106.35690685927537,25068300
2022-09-07,108.48800659179688,109.01335460790509,105.96042387910643,106.11901365650074,23167000
2022-09-08,107.42741394042969,108.63669221562516,106.21814322757177,107.09040592922442,24238300
2022-09-09,109.6774673461914,110.0144753600422,108.06178903761959,108.11135259840358,23197700
2022-09-12,109.8856201171875,110.6389423756241,108.96379385270278,110.01447478728238,22966800
2022-09-13,103.40310668945312,107.34812886109147,103.17512488610275,106.85252347865307,38172900
2022-09-14,104.0771255493164,104.35466334080722,102.74890681508529,103.65090463743046,26395100
2022-09-15,102.00550079345703,104.34475118044541,101.45041763715635,103.11565198138281,34188300
2022-09-16,101.89646911621094,102.22356291951621,100.05281649828837,101.17288193424302,42797200
2022-09-19,102.16409301757812,102.4218099333564,100.65745598557626,100.85569511319773,23036800
2022-09-20,100.25105285644531,101.4702453845617,99.6364994799985,101.18279336472388,26517100
2022-09-21,98.40740203857422,101.97575922569139,98.39748781362077,100.7763951258115,31487300
2022-09-22,99.25984191894531,100.35017220971649,97.92170894561988,97.95144405755235,34298600
2022-09-23,97.87213897705078,98.78405853652902,96.61330475951237,98.75431586420589,31625400
2022-09-26,97.30715942382812,99.00212893213987,96.94041627902087,97.23777497245881,27072700
2022-09-27,96.64303588867188,99.12106244991988,96.01857591767867,98.55607269644881,30072800
2022-09-28,99.17063903808594,99.81491997880579,96.25647699916067,96.79173171420844,32466300
2022-09-29,96.5637435913086,97.77302184291314,95.11657689159186,97.77302184291314,31047200
2022-09-30,94.80931091308594,98.03074589010642,94.72009801207578,96.19700749257774,32941500
2022-10-03,97.77301025390625,98.41729863841614,95.6716411180339,95.90953710028576,27982000
2022-10-04,100.74665069580078,100.94488980250854,99.49772314899776,99.55720093087983,28850800
2022-10-05,100.53850555419922,101.03411092367425,97.93162403320214,98.95256988434666,22176900
2022-10-06,100.5285873413086,102.02531761520133,99.70588064565636,99.79509354103838,22324000
2022-10-07,97.81267547607422,99.64641382042795,97.43601811981739,98.97239021921095,27502800
2022-10-10,96.99988555908203,98.22898478378026,96.15735792571904,98.12986522026777,18225100
2022-10-11,96.32584381103516,98.37764939517147,95.46348788986556,96.57364645434794,26507100
2022-10-12,96.70252227783203,97.88206553818982,95.88972973231223,96.44481291724789,21876400
2022-10-13,98.18932342529297,98.90299629495368,93.55045733483536,94.31369376135358,34574500
2022-10-14,95.7113037109375,99.80500878199092,95.52297881847961,99.11115674778205,25410700
2022-10-17,99.09133911132812,100.04290051639435,97.96135947016587,97.99109458245891,28419200
2022-10-18,99.88430786132812,102.56058152852803,99.09134376768007,102.22356592791553,24060700
2022-10-19,98.75432586669922,100.13210822606936,98.05056713051532,99.13099079757089,23811100
2022-10-20,99.09133911132812,101.42068284311566,98.51643506587006,99.12107422362116,25323200
2022-10-21,100.24112701416016,100.41954522778374,96.86110274127708,96.98995739909645,32458700
2022-10-24,101.61892700195312,101.84690881139284,99.10125824677728,100.90526158454394,27176400
2022-10-25,103.56168365478516,103.89869161857824,101.81715093457301,101.99556913962125,40611400
2022-10-26,94.09562683105469,97.44591608866746,93.85773839371232,95.58244279853433,88114100
2022-10-27,91.40946197509766,94.59124776308492,90.99315525046492,93.68924229737569,60710900
2022-10-28,95.44367980957031,95.70139671064247,91.32023964176592,91.45900853564996,43697300
2022-10-31,93.67932891845703,95.18596591202643,93.15398843755676,94.58132675716521,31675000
2022-11-01,89.6748275756836,95.18595629968785,89.57570802441086,94.61105231503412,47161400
2022-11-02,86.2055892944336,90.37858511956873,86.1163764057392,90.14069668694522,57038300
2022-11-03,82.69670867919922,85.75954610026633,82.60749578413358,85.56130698597873,61288000
2022-11-04,85.81902313232422,85.87849335362182,82.97424573696946,84.64939421866777,51124900
2022-11-07,87.71223449707031,88.11863452220038,86.08664952122535,86.51287043332725,34078900
2022-11-08,88.1186294555664,89.5261467821038,86.82013834461175,88.1186294555664,30429000
2022-11-09,86.55252075195312,88.6538902246859,86.51287141522182,87.67258615584599,31769100
2022-11-10,93.11433410644531,93.56037588946144,90.80481139698212,91.43918562996998,51620100
2022-11-11,95.56262969970703,96.07805594966968,93.09450954770053,93.85774604143894,33090500
2022-11-14,94.85885620117188,95.93927974232757,93.67932066979866,94.25421709955037,30179500
2022-11-15,97.57478332519531,99.25983848330503,95.85998549384487,97.39636509743826,41640800
2022-11-16,97.9811782836914,98.76423566096419,96.78181421845211,97.03953112343324,29105200
2022-11-17,97.4954833984375,98.40739541196346,95.93928292840438,96.11770115386271,26052600
2022-11-18,96.57365417480469,98.0307350439421,95.52297330311087,97.90187281922236,28342300
2022-11-21,94.75973510742188,97.53512790783459,94.5218466726924,96.43488349899745,21647400
2022-11-22,96.19700622558594,96.36551023797273,93.22337397827062,95.10666835170002,23438500
2022-11-23,97.5946044921875,97.89197072674976,96.23664311244816,96.23664311244816,18868100
2022-11-25,96.60340881347656,97.7730379223597,96.54393858225258,97.37655206874295,9701400
2022-11-28,95.20579528808594,96.72234652124172,94.7696601393946,96.18709181030358,26237500
2022-11-29,94.35334777832031,95.27517402033777,93.28283842068635,94.8886024571373,20061700
2022-11-30,100.10237121582031,100.15193477810236,93.59011691093076,93.98660272217356,43647500
2022-12-01,100.10237121582031,101.35129887441687,99.36887738054075,100.1321063282544,28687100
2022-12-02,99.55720520019531,99.88429898405619,98.03073981360708,98.17942293118247,21480700
2022-12-05,98.60564422607422,100.48893851504042,98.1298597604134,98.52634555474117,24405100
2022-12-06,96.12762451171875,98.90301015080603,95.57254133403083,98.42723321260276,24910700
2022-12-07,94.10555267333984,96.02849641963317,93.88748509454602,95.56263371133674,31045400
2022-12-08,92.88636016845703,94.73992702719157,92.62864325130393,94.54168033617455,32213300
2022-12-09,92.01409149169922,93.43152310128887,91.93479282039716,92.94582441131696,28225400
2022-12-12,92.48987579345703,92.73767848934548,90.80482048635082,91.89515083579238,29420000
2022-12-13,94.78948211669922,98.6552055874712,94.19475717404306,96.90076587228482,40593700
2022-12-14,94.2343978881836,96.018580115214,92.77731699649831,94.3632525525602,28733600
2022-12-15,90.06140899658203,92.81697366079501,89.21888137485573,92.31145406282408,40107000
2022-12-16,89.46668243408203,90.52727761063562,88.73318105041864,89.96228779812273,58011800
2022-12-19,87.66267395019531,89.7640357277138,87.43469216899084,89.46667706453866,29493000
2022-12-20,88.23757934570312,88.39617669869548,86.6714720777627,87.33558147815765,23453800
2022-12-21,88.79265594482422,89.42703018514993,87.54372835066033,88.29705059692365,24745600
2022-12-22,86.98863983154297,87.76178284920121,85.56129422212078,87.38512556330872,27658300
2022-12-23,88.44572448730469,88.7629115743793,86.30470597779849,86.3443553089749,23003000
2022-12-27,86.62189483642578,88.15827431100223,86.24523752605165,88.01950543021509,20097300
2022-12-28,85.26394653320312,87.26619651001516,85.18465541951453,86.21551552084601,19523200
2022-12-29,87.6725845336914,88.06907033133078,85.84876045182291,85.85867467640674,23333500
2022-12-30,87.45452117919922,87.52390562395297,85.80910782884277,86.21550783549851,23986300
2023-01-03,88.33670806884766,90.24974519044535,87.74197554671677,88.80257078642089,28131200
2023-01-04,87.30583190917969,89.85324286170601,86.50294617668717,89.55587665525148,34854800
2023-01-05,85.44236755371094,86.80032906609173,85.14500885244108,86.70120949900179,27194400
2023-01-06,86.57234191894531,86.91927172588105,84.11414353236154,86.02718055238785,41381500
2023-01-09,87.24636840820312,89.2585326181373,87.08777861785474,87.58338400149272,29003900
2023-01-10,87.64285278320312,87.89065547093827,85.07562056818927,85.22430369329793,30467800
2023-01-11,90.7155990600586,90.7948977302534,88.22766567198052,88.3961696743914,26862000
2023-01-12,90.32902526855469,91.06252660626463,88.96115727194007,90.67595505151839,30258100
2023-01-13,91.31033325195312,91.37971769910212,89.33781849580512,90.05149141638756,26329200
2023-01-17,90.48762512207031,91.43918648040213,89.25852597951722,91.2508540286788,32602400
2023-01-18,90.31912994384766,91.9843643742161,89.84334543702602,91.33016162262862,29116700
2023-01-19,92.23216247558594,92.78723807060146,89.83342673497357,89.92263963407981,37000400
2023-01-20,97.15847778320312,97.436023155267,94.18484542927642,94.26414410700895,63191100
2023-01-23,98.91291809082031,99.1607207694037,96.64304464751609,97.08908644403112,40005100
2023-01-24,96.84129333496094,98.73450961634089,96.34568792882023,97.23777917234118,33078500
2023-01-25,94.38308715820312,95.31482766669704,92.9359203962401,94.73000940210903,42330000
2023-01-26,96.66287231445312,96.7124358785813,94.54168184198296,95.65184064234623,30114000
2023-01-27,98.4966049194336,99.4382520111048,96.45470583998284,96.45470583998284,33879800
2023-01-30,96.08796691894531,97.42609984090785,95.5527122376928,96.62322160019781,27226200
2023-01-31,97.97126770019531,98.01091703799966,95.96902529627194,96.01858885911187,29870700
2023-02-01,99.54728698730469,100.3006092071235,96.72233811590564,97.84240344040079,35531100
2023-02-02,106.79304504394531,106.9020788324088,104.68176884997912,104.87010131411388,69883800
2023-02-03,103.85906219482422,106.86242958684039,101.67840154834732,102.0253238017862,65309300
2023-02-06,101.9955825805664,103.44274929562647,100.98454343127975,101.49997723038128,31999600
2023-02-07,106.69391632080078,107.229170992123,102.21364740273903,102.31276695764967,49010200
2023-02-08,98.4966049194336,102.23346573895768,97.17829294122423,101.15304976140519,94743500
2023-02-09,94.17493438720703,99.15080896730558,92.80705872811015,99.12107385512309,119455000
2023-02-10,93.7387924194336,95.89963197469012,93.42160530867747,94.61105508342865,54980700
2023-02-13,93.77845001220703,94.36326072696573,93.01521349695155,93.90730468774592,50076100
2023-02-14,93.84782409667969,94.01632809123518,91.44909615264258,93.60002143562618,54726100
2023-02-15,96.08796691894531,96.26638514602948,93.32248818030943,93.6594961857254,50169000
2023-02-16,94.67053985595703,96.8214653459122,93.90730335156145,94.53177095740106,42462600
2023-02-17,93.5207290649414,94.72009311770113,92.39074945945416,94.01633442041258,34284100
2023-02-21,90.98323059082031,92.28171418116946,90.91384614467198,92.18259462414863,33629300
2023-02-22,90.8444595336914,91.30041553499177,89.81359952809775,90.89401552985218,30884000
2023-02-23,90.09114837646484,91.13192273411576,88.97108290274596,91.11209428334512,41206400
2023-02-24,88.34660339355469,89.09992561252551,87.8014420680175,88.65388384050988,36585100
2023-02-27,89.08010864257812,89.36756065406263,88.55476061737971,89.08010864257812,27502300
2023-02-28,89.2684326171875,90.42815487570596,88.534938821612,88.54485304599933,30142000
2023-03-01,89.56580352783203,90.22991291205538,88.88186569379845,89.18914616715412,31111200
2023-03-02,91.1913833618164,91.46892114468274,88.80256197209034,88.87195398014434,32204400
2023-03-03,92.82689666748047,92.90619534963233,91.63743912221811,91.66718179977899,35160100
2023-03-06,94.29388427734375,95.12650531351065,93.17381875307315,93.19363964240016,32639300
2023-03-07,93.0350341796875,94.82912307414622,92.70793284331539,94.14519285358496,27835500
2023-03-08,93.42162322998047,95.11659288720291,93.17382051584258,93.2927685410707,34103300
2023-03-09,91.5085678100586,94.69035312052974,91.09226114790435,93.2233655789375,28813500
2023-03-10,89.83342742919922,91.97444627624094,89.60545319191515,91.35989288962611,35941000
2023-03-13,90.3092041015625,91.75637076191212,88.6340556613181,89.29816499049838,37335600
2023-03-14,93.14408111572266,93.53065272700931,91.62752978493063,91.74647024234909,36050200
2023-03-15,95.26526641845703,96.07805893634688,91.82576388320213,92.40066793697098,50622100
2023-03-16,99.43826293945312,100.30061902134946,94.66062738841612,95.35447189407667,65492000
2023-03-17,100.7268295288086,101.93610017608884,99.2201850976227,99.3787824324158,61028500
2023-03-20,100.33035278320312,100.85569326789229,98.99221979039645,99.24002247655834,32960400
2023-03-21,103.99783325195312,104.17625149489693,100.3303563898546,100.36009150328888,42110300
2023-03-22,102.46145629882812,105.65314851003183,102.4218069619865,103.35353990958235,43427400
2023-03-23,104.67184448242188,105.36569648380548,103.54186493178221,104.136589817013,40797800
2023-03-24,104.51325988769531,104.56281588589015,102.9273166987092,104.06721052991638,30393300
2023-03-27,101.55945587158203,103.8392436963596,101.03411536680986,103.70047479179102,31120900
2023-03-28,100.14202117919922,101.54953863368904,98.86335840017524,101.53963197104099,32057900
2023-03-29,100.49885559082031,101.58918588440255,99.7653617660232,101.38103253800085,28779600
2023-03-30,100.00325012207031,100.27088125455408,98.90300560483199,100.0230785716146,33086200
2023-03-31,102.81829071044922,102.9768804923042,100.1519314693277,100.40964837247186,36863400
2023-04-03,103.44274139404297,103.61124538527355,101.03409927363644,101.49005525349757,25035400
2023-04-04,103.79957580566406,104.65201753128024,103.12555229151026,103.4130042745517,24420100
2023-04-05,103.55178833007812,105.16745913119128,102.74891004200208,104.85027199347772,28290500
2023-04-06,107.46707153320312,108.2104796222192,103.41302305102441,104.33484938389788,48711500
2023-04-10,105.50447082519531,106.6443570965018,104.19607298512094,106.03972551827178,27067400
2023-04-11,104.42404174804688,105.79191730174914,103.75993241934815,105.6134990800635,26311800
2023-04-12,103.72028350830078,105.8117386190125,103.42291728349981,105.643234620716,24370300
2023-04-13,106.48575592041016,106.54522613694265,104.90972712126796,104.90972712126796,24843600
2023-04-14,107.91311645507812,107.98250090468606,105.90095229177238,105.95051585392284,26578000
2023-04-17,105.03860473632812,105.22693719940173,103.60134460665196,103.74012106946371,37571200
2023-04-18,103.5815200805664,105.60359085373453,103.15529916912894,105.55402729287576,26596400
2023-04-19,103.26433563232422,104.05730725261225,102.16409110128505,102.66961069827711,20905700
2023-04-20,104.36457061767578,105.31613193758433,102.95705330462381,102.99670263824548,27820800
2023-04-21,104.4835205078125,105.06833117404804,103.85905294490108,104.54299072815176,25800100
2023-04-24,105.03860473632812,105.69279990108514,103.77976284473804,104.56282024731928,23542800
2023-04-25,102.93724060058594,105.75228321957934,102.92732637507989,104.89984132217796,46664100
2023-04-26,102.79846954345703,105.4152654093067,101.72796008133541,103.99783368510995,53347600
2023-04-27,106.64436340332031,107.41751415837903,102.62996431134651,103.53196218207461,50089200
2023-04-28,106.39653778076172,106.40645200380662,104.16631402285192,106.09917915044227,36139800
2023-05-01,106.25778198242188,107.040839327923,105.88112464606859,105.90094553226093,26681700
2023-05-02,104.39431762695312,106.2577911455612,102.79846768787561,106.19832091951841,30997200
2023-05-03,104.4835205078125,106.545232957059,104.03747116825616,104.60246094849104,21795400
2023-05-04,103.76985168457031,104.67184949855658,103.05617876315749,104.5628157154331,23419500
2023-05-05,104.64212799072266,104.949400930923,103.19496107298689,103.89871986133068,26639300
2023-05-08,106.8227767944336,107.0111092526405,104.2357237525446,104.25554463966958,26511400
2023-05-09,106.4064712524414,109.18186434483572,106.24788146671654,107.43733132783537,36360100
2023-05-10,110.76781463623047,111.94735799056022,106.98138941827301,107.02103876052279,63153400
2023-05-11,115.5454330444336,116.88356600068316,113.40442182690181,114.38571831983981,78900000
2023-05-12,116.47718048095703,116.99260675738344,115.08948388118702,115.65447372138091,41102300
2023-05-15,115.4859619140625,117.43864822230549,114.9903565591719,115.08947611768251,36266800
2023-05-16,118.45958709716797,119.68868618777017,115.40665647509871,115.46612669425035,45035600
2023-05-17,119.77790069580078,120.60060741468727,117.8450428018749,118.55871573573606,33323600
2023-05-18,121.75041961669922,122.2261965471798,119.76799809424153,119.8869385456927,35234200
2023-05-19,121.68103790283203,124.86282361046274,121.07639871989548,122.46409532929638,41353400
2023-05-22,123.9509048461914,125.31877293153339,121.66120291685972,121.85944960031794,35253000
2023-05-23,121.48277282714844,123.5345785360901,121.1358506178756,123.0687158906877,34046300
2023-05-24,119.8373794555664,120.83850441605266,118.80651938298395,120.05544702738894,34182600
2023-05-25,122.39469146728516,124.21851538982,120.88804708034714,123.42554386381715,42317000
2023-05-26,123.5147705078125,124.15905899914881,121.37375168657263,122.08742462698592,35635900
2023-05-30,122.5830307006836,124.5555455229917,120.92771057579567,124.53571707323403,35076700
2023-05-31,121.79005432128906,122.96958984303781,121.42330366125861,121.6711063217918,37325800
2023-06-01,122.63258361816406,123.32642805270005,121.54225340860589,121.7404925149484,30772700
2023-06-02,123.5742416381836,125.04123686671639,122.67224379356901,122.90021802977736,26980100
2023-06-05,124.90245819091797,126.30997552224953,122.75152529744679,122.92003685811163,32305500
2023-06-06,126.19103240966797,127.16241466547471,124.25817456021957,124.90246303081489,26638300
2023-06-07,121.42329406738281,127.90580449987925,121.04663677557409,125.85400649761135,52539000
2023-06-08,121.06646728515625,122.1468908180321,120.1743761943269,121.15568017540772,29389200
2023-06-09,121.15568542480469,122.67223656375475,120.83849830791537,121.17550631108766,23778300
2023-06-12,122.55329895019531,122.95969899565966,120.59070586126717,121.71077130849028,28306400
2023-06-13,122.74163055419922,124.05994268348793,122.09734204600761,123.881524443717,22278300
2023-06-14,122.5830307006836,122.95969562270113,120.38254164252703,122.01804087999511,30592300
2023-06-15,123.99055480957031,124.35730552643699,121.32420291141162,122.05769678280674,35246300
2023-06-16,122.44425964355469,125.00158512889624,122.19645696231628,124.82316689591107,45535600
2023-06-20,122.01803588867188,123.47511683040602,121.06647452234982,121.84953188431368,26097500
2023-06-21,119.4904556274414,121.58191085699323,119.04440626489465,121.32419395167761,30306300
2023-06-22,122.0676040649414,122.15680940156187,117.78557397338955,118.94528872348243,26952200
2023-06-23,121.26470947265625,121.71075881058304,119.99596102780514,120.31314813901791,34913600
2023-06-26,117.29988098144531,120.92771609419343,117.23049652880282,119.69861683495303,33969900
2023-06-27,117.28997039794922,118.03337846384325,115.07956708792895,116.0509569547925,39535900
2023-06-28,119.12369537353516,119.3318487010765,115.82296211751444,116.06085055437069,27091400
2023-06-29,118.05319213867188,119.00475349739705,117.26022812090297,118.19196103083988,24090900
2023-06-30,118.64791870117188,120.01579431786013,118.63801203897671,119.1137889438215,29532200
2023-07-03,118.84617614746094,119.1336281862522,117.77566667106697,118.19197339110744,14467900
2023-07-05,120.67990112304688,121.53234291871821,118.18205351963279,118.1919601816183,27584800
2023-07-06,119.05430603027344,119.24263846463137,117.35933680806241,118.74703316355199,24745200
2023-07-07,118.42986297607422,119.98606354107629,118.35056430162291,119.04440879722722,21709500
2023-07-10,115.4264907836914,117.27014341516231,115.11921786589225,117.2602367523764,35315200
2023-07-11,116.11042022705078,116.67541002080333,114.33615217521867,115.26789264862505,23078800
2023-07-12,117.88470458984375,119.27240126755395,117.36927828446832,117.75584990408451,30404400
2023-07-13,123.44538116455078,123.73283317428397,119.3913254796749,119.86710994186647,44297900
2023-07-14,124.31763458251953,125.66568163544599,122.40459777670013,123.70308883585449,33283100
2023-07-17,123.5544204711914,125.98288376353565,123.10837110000271,124.83308323552517,25716200
2023-07-18,122.67224884033203,123.58416094735736,121.87927718758245,123.50486226961478,26193600
2023-07-19,120.95744323730469,124.07975852514653,120.72946900607533,123.50485449122769,37224000
2023-07-20,118.15231323242188,122.9993329839657,117.18093097461103,120.35280221161847,37906800
2023-07-21,118.9651107788086,119.92658641540363,117.68645556733492,119.55984327813516,72937900
2023-07-24,120.46182250976562,121.91890329571265,119.9166612194226,120.59068472712814,29686100
2023-07-25,121.1358642578125,122.06760477820553,119.95632105113091,120.29333663689901,52509600
2023-07-26,128.13381958007812,129.82878151515044,127.19217238007396,128.92679121548855,61682100
2023-07-27,128.26266479492188,132.0689255635858,127.6580256334022,130.5127174287312,44952100
2023-07-28,131.41470336914062,132.56451129686621,129.42237550489725,129.6305212614067,36591200
2023-07-31,131.55349731445312,132.35637563474472,130.62175675151056,131.56340397747383,28055500
2023-08-01,130.393798828125,131.46430843075225,129.53143504772405,129.6305621890459,23166800
2023-08-02,127.25164794921875,128.94660995546266,126.43884782950762,128.31223564543208,26273300
2023-08-03,127.3210220336914,128.2527625895299,126.30007613731763,126.84524509282699,20089500
2023-08-04,126.98399353027344,130.35410359894246,126.78575443058828,128.1437081443391,26147200
2023-08-07,130.37393188476562,130.4532305494762,127.88599866875109,128.0247675508261,22746300
2023-08-08,130.24508666992188,130.35412045755103,128.4014340675314,129.47194349388803,23535200
2023-08-09,128.5203857421875,130.87945697389134,127.86618303626592,130.50280718461022,24912900
2023-08-10,128.5501251220703,130.889383106786,128.31222909619765,130.16580349118593,20857800
2023-08-11,128.4212646484375,128.78800779260496,127.04348228626603,127.52918100734196,19591100
2023-08-14,130.17568969726562,130.21533146634363,127.8265254190536,128.25273871650413,24695600
2023-08-15,128.6393280029297,130.26491300365356,128.14372263533488,129.9477334332242,19770700
2023-08-16,127.56880950927734,129.13492417430865,126.7461104050344,127.56880950927734,25216100
2023-08-17,128.77809143066406,130.82990482519432,128.15362385412445,128.6591509873898,33446300
2023-08-18,126.3397216796875,128.11398983517552,125.26921225140346,127.38048843301539,30504800
2023-08-21,127.24169921875,127.59853563787662,125.44761046205095,126.0621637532883,25248700
2023-08-22,127.94548797607422,129.13493787485558,127.19217323593709,127.38049057746434,22054900
2023-08-23,131.20657348632812,132.23744122531156,128.72854639699096,129.03581933612043,27819700
2023-08-24,128.6393280029297,133.07004119920114,128.43118221835817,132.77267495370916,28500700
2023-08-25,128.73846435546875,129.61071958018746,126.13157509513833,128.40144118659,26762900
2023-08-28,129.85848999023438,131.37504093670455,128.99614164313212,130.15585618309913,20543300
2023-08-29,133.38722229003906,135.36964355822954,131.0776996976363,131.0776996976363,43075600
2023-08-30,134.68572998046875,135.08220825541576,132.89164083061692,133.5953920373494,28315800
2023-08-31,134.97315979003906,136.78707719387538,134.59649488250773,134.8145624474285,30053800
2023-09-01,134.46763610839844,136.25181824627185,133.66475792752385,136.25181824627185,21543700
2023-09-05,134.57667541503906,135.22095629355618,133.39713231081367,134.24957408258942,19403100
2023-09-06,133.27821350097656,135.33001203337403,132.49514848342264,134.8244999600997,18684500
2023-09-07,134.07115173339844,134.38834641226532,131.78145747227418,132.41583170533318,18844300
2023-09-08,135.18130493164062,135.4588426865127,133.66475394084918,133.7242241562256,23558300
2023-09-11,135.71658325195312,136.27165888953823,134.59651018881954,135.33991830158746,20763400
2023-09-12,134.1504364013672,135.6669873803092,134.00176086408786,135.0623483209179,18405500
2023-09-13,135.50840759277344,135.69672490178635,132.97089575556973,133.90263613822427,20749500
2023-09-14,136.88619995117188,137.48091727999335,135.04254749494362,136.3905946148167,24751000
2023-09-15,136.1923370361328,137.30250324708538,135.28042505459356,136.76724102714817,38919600
2023-09-18,136.9952392578125,137.9368864099472,135.40929606761446,135.40929606761446,21861300
2023-09-19,136.8267059326172,137.19346414304988,135.41918868155213,136.21216019438876,20353700
2023-09-20,132.5645294189453,136.86638038785247,132.44557384571905,136.86638038785247,29927500
2023-09-21,129.29351806640625,131.06777845392287,128.92677497016894,130.28472870460357,31503900
2023-09-22,129.10519409179688,130.86954793351885,128.4609131845869,129.61070610554586,26397300
2023-09-25,129.95765686035156,130.01712709218657,127.82655955465064,128.68890816561319,20094600
2023-09-26,127.43995666503906,129.21421701986839,126.10181627825571,128.62940638402773,25718700
2023-09-27,129.39266967773438,129.749506221742,127.43999803724336,127.43999803724336,22746500
2023-09-28,131.1470947265625,132.12839883500152,128.64923934805705,128.69880291155567,22513100
2023-09-29,129.7098388671875,132.87180356786632,129.21423349403221,132.10856705829798,30859800
2023-10-02,132.99072265625,133.238525303025,130.01709089494992,130.05674778825096,22288000
2023-10-03,131.26602172851562,133.0799390690274,130.68121106331455,132.76275951955418,22989400
2023-10-04,134.05136108398438,134.37846248014134,131.36517301991339,131.62288239657767,26752300
2023-10-05,133.88284301757812,134.29914971685594,132.2770713207343,133.88284301757812,19832600
2023-10-06,136.3707733154297,136.9456773507009,132.832143768504,132.832143768504,27597600
2023-10-09,137.20339965820312,137.71883351864395,134.41809967864563,135.73641188198502,19278100
2023-10-10,136.84654235839844,138.49195569665042,136.1229628059091,137.2826774721206,27786600
2023-10-11,139.31468200683594,139.86975763903897,137.36199550625815,137.36199550625815,25884300
2023-10-12,137.74856567382812,139.97878996715525,137.04479935307614,139.8102859466206,24765500
2023-10-13,136.15269470214844,138.76949019803877,135.41919338050468,138.15494443848604,23420500
2023-10-16,137.87741088867188,138.4027513362433,136.7771664348634,136.9555770964501,28501900
2023-10-17,138.491943359375,138.67035400381826,135.97426001796143,137.41152745778462,23515800
2023-10-18,136.74742126464844,139.48315708044316,136.17251730070473,138.2243153813824,23375000
2023-10-19,136.53927612304688,138.4324922204464,136.17253299803895,137.28268416001447,26066000
2023-10-20,134.40818786621094,136.6582254478533,133.8927540255162,136.12297828131832,26335700
2023-10-23,135.30026245117188,136.4500705092504,132.77267210572043,133.8530881539799,26317900
2023-10-24,137.5899658203125,138.13513477372655,136.21218344241674,136.6185834917505,44814300
2023-10-25,124.50596618652344,127.18223182706237,123.97071154594828,127.03355628440553,84366200
2023-10-26,121.20525360107422,123.23723873561569,120.20412859059402,122.18655016094156,57061100
2023-10-27,121.0962142944336,122.22619393308011,119.15344215145646,121.79997301237394,44566500
2023-10-30,123.36607360839844,124.29781401681586,121.67110434536504,122.12706032585909,28940100
2023-10-31,122.98941802978516,124.26808066290327,121.61163584513152,123.96080022210504,26292300
2023-11-01,125.33859252929688,125.37824186558063,122.63259149838505,122.97951373794584,30082400
2023-11-02,126.36943817138672,127.84633985839059,125.8143626514039,127.29126433840777,27124600
2023-11-03,127.96530151367188,128.39151483515613,126.73619485751792,126.8947921921199,26393100
2023-11-06,129.10519409179688,129.19439942516289,127.53907936577991,127.91574427289191,19052700
2023-11-07,129.81887817382812,130.75061873492334,128.7384620443353,129.5611688137135,29757300
2023-11-08,130.6812286376953,131.04798691958564,129.63054760646278,129.81888007898115,26425800
2023-11-09,129.09527587890625,131.38496997848083,128.92677188940007,130.80015934584054,23747800
2023-11-10,131.42462158203125,131.63278248151076,128.27257885187583,128.95651664701234,26913300
2023-11-13,130.9290008544922,131.42460614060172,130.09638760374972,130.62172799705198,18324800
2023-11-14,132.445556640625,134.50727652084166,132.14820555787506,133.01055394719708,32395200
2023-11-15,133.43678283691406,133.84318286371249,132.3960236763613,133.68458551793623,23861500
2023-11-16,135.7264862060547,136.0139458049548,133.13944056401175,134.0017891113594,28013200
2023-11-17,134.1207275390625,134.86413562027792,132.4753140227168,134.80466539372887,37240600
2023-11-20,135.0524444580078,135.45884443455537,132.44555573609716,132.5149477380473,27815500
2023-11-21,135.76612854003906,135.97427431377318,134.76501119450535,135.09209741037324,22635300
2023-11-22,137.2727813720703,138.19460010408307,136.26174217835015,136.26174217835015,17813900
2023-11-24,135.48861694335938,136.91596302351493,134.79477235569422,136.8168358861295,12514300
2023-11-27,135.2110595703125,137.2033876965765,134.80465954030564,134.83439465228903,23436500
2023-11-28,135.9940948486328,136.0436584048626,134.22974114450358,134.88394378751974,18730000
2023-11-29,133.8035430908203,137.07452642949448,133.65485240517793,136.36086861217828,23967200
2023-11-30,131.36514282226562,134.3586031424181,130.12612954194947,133.86299783029165,38988300
2023-12-01,130.70103454589844,130.94883720390865,129.52149147382195,130.70103454589844,31442300
2023-12-04,128.13381958007812,128.88713431514626,126.7758581121976,128.73845875055255,36669900
2023-12-05,129.83871459960938,130.97860102647664,127.12279142754068,127.8166359971415,27384800
2023-12-06,128.87721252441406,130.68120803665548,128.73844363885704,130.28472982782802,23576200
2023-12-07,135.7264862060547,137.34216463354636,133.5160903794074,133.8530984180632,56767100
2023-12-08,133.8035430908203,135.20113873793494,132.85197412660608,133.0204781372603,32260100
2023-12-11,132.1184844970703,132.1680480633636,130.20545486049974,131.21649413911075,31138000
2023-12-12,131.3552703857422,131.8310473744394,130.10633499398003,130.6515040042986,29032800
2023-12-13,131.40480041503906,132.3266190406473,130.4135897855211,132.20767860500078,30104800
2023-12-14,130.7803192138672,132.54467274008545,128.5500955304784,132.2076647911836,38722400
2023-12-15,131.4345703125,132.33656072935105,130.02703753632088,130.46317274869438,50847100
2023-12-18,134.60641479492188,135.94454015229283,131.26602448315583,131.46427872099582,32258000
2023-12-19,135.44894409179688,136.26174417356714,134.883961824314,135.63727655584978,25476800
2023-12-20,137.12408447265625,140.45455302635412,136.85646847368653,137.74855205293554,49107200
2023-12-21,139.18580627441406,139.4534374013907,137.9566995474428,138.26398757269197,27488300
2023-12-22,140.2464141845703,140.74201955858857,139.4732710110759,139.53274123600997,26532200
2023-12-26,140.27613830566406,141.42593118854055,139.94903696948103,140.3455151877592,16780300
2023-12-27,139.13623046875,140.8312072908629,138.66045360407793,140.3455086401583,19628600
2023-12-28,138.9974822998047,139.8994877320987,138.5217053642322,139.5426512492503,16045700
2023-12-29,138.4622344970703,139.12634389616656,137.56022906895078,138.40276427098348,18733000
2024-01-02,136.95558166503906,138.2243301608941,135.28043314911363,137.3322465738531,23711200
2024-01-03,137.69898986816406,138.4027561263541,135.87516579367383,136.04366979922918,24212100
2024-01-04,135.1912078857422,137.93686537616287,135.15156611813597,137.20336411572862,27137700
2024-01-05,134.53701782226562,135.9544569222083,133.9621138280285,135.54805692417742,22513900
2024-01-08,137.6196746826172,137.78817866795262,135.06234954551326,135.09208465323874,21404000
2024-01-09,139.71115112304688,140.24641339378692,136.9357580192586,137.2826878289855,24759600
2024-01-10,141.0294647216797,141.74313767378752,139.67151083001588,139.7607161678604,21320200
2024-01-11,140.83123779296875,143.94363922184246,139.4038917651352,142.2288487056122,24008700
2024-01-12,141.39620971679688,141.9413786630196,140.57351809075055,141.4160381670257,18785500
2024-01-16,141.23760986328125,143.08126226290798,140.20674232549314,140.75191120368166,22670500
2024-01-17,140.22657775878906,140.59332087480647,137.67915902138483,140.1076373156861,20968600
2024-01-18,142.21888732910156,142.94248192977855,140.74199327018036,140.80146348400635,25746400
2024-01-19,145.0934295654297,145.16280645077472,143.11100813182492,143.4678445948608,34271900
2024-01-22,144.70684814453125,147.0857476531187,144.55815747232313,145.80709257030463,32200400
2024-01-23,145.74761962890625,145.88638852663772,144.22116175386006,144.60773333501743,21636100
2024-01-24,147.39303588867188,148.5329373289827,146.79831851190932,147.23443853833155,25233500
2024-01-25,150.53515625,151.7047926793007,148.22563362553456,148.7509891835985,29149100
2024-01-26,150.85235595703125,151.19927062056652,149.68271948865382,149.77193994469403,26115500
2024-01-29,152.1607666015625,152.42839775623318,150.0990462936262,150.72351394629885,27784300
2024-01-30,150.1287841796875,152.26978786685433,149.86115304703833,151.4570029311418,36331800
2024-01-31,138.86863708496094,142.73435309816574,138.6406477145511,142.35768815981584,71910000
2024-02-01,139.91929626464844,141.8025904131777,139.55253804649774,140.8708500003378,40466500
2024-02-02,141.1285858154297,141.3664667061821,135.30026199719302,138.03599811357188,62499600
2024-02-05,142.41714477539062,144.19142038150497,141.52506120365902,141.56471810110367,38505400
2024-02-06,142.83346557617188,144.08238559279584,141.93146022405054,143.37861935248668,29128200
2024-02-07,144.2607879638672,144.3400866289689,142.66493824979582,143.4876448849679,25208900
2024-02-08,144.6275634765625,145.0438701746272,143.82468519281807,144.54826480197747,22563800
2024-02-09,147.69036865234375,148.12650370455327,144.89514770391304,145.39075296784708,26829500
2024-02-12,146.23330688476562,148.0273957523625,146.07470954986746,147.1154837637095,21564100
2024-02-13,143.86431884765625,145.3808699923918,142.42706637302987,143.6462512860247,27837700
2024-02-14,144.6573028564453,145.23220692064015,142.82355687367422,144.796071759894,22704200
2024-02-15,141.51513671875,142.25854464312403,139.22544273162563,141.88187978821253,37590700
2024-02-16,139.28492736816406,141.9314580380152,138.90826247425002,141.7332189292563,31468900
2024-02-20,139.87965393066406,140.83122289008293,138.26399071915645,138.43249472896153,25144700
2024-02-21,141.29708862304688,141.43585751636738,139.44351432516038,140.20675080076072,23223300
2024-02-22,142.82354736328125,143.7255527379726,141.5448922041246,143.65616072853092,27191900
2024-02-23,142.69468688964844,143.40834461824574,142.1693313486327,142.40722734128093,19493800
2024-02-26,136.3608856201172,141.188077680813,136.18245980002686,140.8907113971141,53641800
2024-02-27,137.65936279296875,138.02610595453126,135.88508696473966,136.80692088729302,33099200
2024-02-28,135.18130493164062,136.7969679065016,134.21982945059332,136.6879341367538,37328600
2024-02-29,137.24305725097656,137.6395355304316,135.20115025022022,136.07342061463353,42133000
2024-03-01,135.9346466064453,137.64943703156058,135.7165790235201,137.21330186571015,31151100
2024-03-04,132.17796325683594,134.46765773338637,130.7506173169925,134.46765773338637,55999400
2024-03-05,131.50392150878906,132.06891886657937,129.5215001124862,130.72087171210643,40194800
2024-03-06,130.24508666992188,132.4059339725702,129.6999328564518,131.94997037211849,35318600
2024-03-07,133.1988983154297,133.75397388585452,130.45324044956945,131.62286181229678,37738200
2024-03-08,134.21986389160156,136.8763016912152,132.822252972934,133.03041390483907,39370400
2024-03-11,136.4599609375,137.877399954622,134.93350327450352,134.93350327450352,32437800
2024-03-12,137.28268432617188,138.15495459716567,135.82560336197784,135.82560336197784,27563400
2024-03-13,138.56134033203125,139.84991729704038,137.7683838532644,137.7782905156126,23347200
2024-03-14,141.8422393798828,142.32792288200474,139.22544406599317,139.9490235510771,42753400
2024-03-15,139.93911743164062,141.9215388042357,138.7992311922684,141.24752279739727,49475400
2024-03-18,146.38201904296875,150.81273299382585,145.87650692681254,147.30385304852197,69273700
2024-03-19,145.73770141601562,147.4822267241883,144.7960543185626,146.85777429622541,24070400
2024-03-20,147.4326934814453,147.55163393242162,145.45027196690233,146.6991920761811,21311500
2024-03-21,146.30271911621094,149.04836212342065,145.60885946127715,148.15627845947205,24755600
2024-03-22,149.44485473632812,150.24773305463123,147.6705789560528,147.8093478613808,29211800
2024-03-25,148.75100708007812,149.05827999793414,146.5207828540801,148.62214484045748,19229300
2024-03-26,149.345703125,150.92172438957977,148.66176537347607,148.8996613684721,22149100
2024-03-27,149.54396057128906,150.3071970814459,147.59127418957752,149.85123348293416,22879200
2024-03-28,149.60342407226562,150.09902942352818,148.85010938322958,149.52414052577765,24485400
2024-04-01,154.12335205078125,154.3711547175217,149.28623915611158,149.36553782442945,31730800
2024-04-02,153.20152282714844,153.34029171966787,150.81270141872292,152.15084190883346,24586000
2024-04-03,153.558349609375,153.716946940742,151.3875959008957,152.2499594372824,24705000
2024-04-04,149.2069549560547,153.40969403638587,149.1276562800474,152.1508521323684,34724700
2024-04-05,151.15965270996094,152.07156486544667,148.2851473312489,148.71136073150413,23459200
2024-04-08,153.4889678955078,153.90527453372857,151.26865070032358,151.43715468784103,20702000
2024-04-09,155.22361755371094,157.16638225469364,153.82600669377314,154.71809036518897,31079500
2024-04-10,154.76763916015625,155.23350940234246,153.3204648733208,154.8370311694787,22838600
2024-04-11,158.00892639160156,158.27654243330397,155.08485738751153,155.53089924835962,27166400
2024-04-12,156.34364318847656,158.81176301923506,155.75883256632315,156.57163251549102,25353700
2024-04-15,153.49888610839844,157.8403937153416,153.23125499058935,157.46372881803066,27136500
2024-04-16,153.04293823242188,154.28195170620987,152.0814625667883,152.83479243864417,20779500
2024-04-17,154.10353088378906,155.69938073798713,153.22135395349792,154.25220644098835,21763100
2024-04-18,154.63877868652344,155.5606125191913,153.26099639334586,153.97466932035476,19883000
2024-04-19,152.73565673828125,154.98570931530094,150.96139619825826,154.82711196963538,32615600
2024-04-22,154.9064178466797,156.2544650981797,152.70592872842704,152.95373142080075,26446200
2024-04-23,156.86898803710938,157.572754235579,154.90639523489975,155.58042632459905,21151600
2024-04-24,157.7313690185547,158.16750416167633,155.7885893241061,156.10578401898567,22779100
2024-04-25,154.62887573242188,155.11457444082362,149.5439597867095,149.99992338282905,57109700
2024-04-26,170.4386749267578,173.17442610783888,168.1588873174152,172.83740297886922,64665300
2024-04-29,164.68968200683594,168.05980808069648,163.75795648241507,167.57410930359592,45610000
2024-04-30,161.34927368164062,166.62252177219705,161.17086301864083,164.15440172797688,33562900
2024-05-01,162.41981506347656,165.6511570806619,161.65657845255657,162.85595026971654,33493200
2024-05-02,165.15553283691406,165.26456662605938,162.44953168316837,163.34161532186556,24294500
2024-05-03,165.77008056640625,166.4837534702782,161.61690537224646,166.08726012108556,34662400
2024-05-06,166.62252807617188,166.6621698501134,164.5707146259979,165.98815382038057,21871300
2024-05-07,169.74484252929688,170.2503545716541,166.90997915272567,167.01901294123516,28039700
2024-05-08,167.8912811279297,168.65450251317668,167.2569068549834,167.51461620426056,19569100
2024-05-09,168.46620178222656,169.1897814637854,166.70183256435388,167.90120434102943,15346700
2024-05-10,167.1676788330078,168.35714377508077,164.72930897604326,166.55313303769844,29799900
2024-05-13,167.65338134765625,167.7921502441081,162.5585588283877,162.81626817189104,31327600
2024-05-14,168.8428192138672,169.74482453915033,167.31636146118933,168.2778370057792,25127100
2024-05-15,170.99374389648438,171.13251278258656,169.01132259521063,169.13027815806552,26948400
2024-05-16,172.64906311035156,173.5808035378088,171.17216892717605,171.7668862401435,27867900
2024-05-17,174.5125732421875,174.7207341676862,172.16340845627886,172.64909207464802,24479300
2024-05-20,175.36502075195312,177.19876686370955,174.53240727269517,174.64144107055114,22554400
2024-05-21,176.2868194580078,176.58417055209722,174.26474127015484,175.34515724447746,16989400
2024-05-22,174.8297576904297,175.5929790815051,173.67004292281268,175.08746704167487,17880000
2024-05-23,172.02462768554688,176.68331515847908,171.42989518914035,175.5136937401354,21024900
2024-05-24,173.45196533203125,174.22510846580246,172.12373150315187,173.44204354526818,16579400
2024-05-28,174.8495635986328,175.7119272031069,172.83740706265183,172.9167057345963,20572200
2024-05-29,174.35398864746094,175.28572929944744,173.184367062833,173.8881183214677,23388700
2024-05-30,170.59727478027344,173.67994067307137,170.28008009531703,173.66011222409284,22931500
2024-05-31,170.98387145996094,171.53894711547682,167.95076868183696,170.34949712156035,37638900
2024-06-03,171.64794921875,172.99599632951654,169.6556212249439,171.02348165926512,27459100
2024-06-04,172.26251220703125,172.3219975576634,170.37921780326457,171.7570001617278,26879600
2024-06-05,173.8682861328125,175.09737781727256,172.40128329216327,173.6601252146541,22068500
2024-06-06,175.17666625976562,175.59297294708358,174.2052839893571,174.35395954744376,23251000
2024-06-07,172.92662048339844,176.3066373799981,172.7680231459644,175.4938524938292,19661400
2024-06-10,173.67086791992188,175.70518493273318,171.43808427850212,173.63118065101344,23726700
2024-06-11,175.2685546875,175.48687252833415,172.440371072749,174.8716214180017,21540600
2024-06-12,176.42959594726562,179.0295587655737,174.76245808700693,176.8860828234983,27864700
2024-06-13,173.81973266601562,175.38764480431132,173.5418763520932,174.76246052696914,20913300
2024-06-14,175.43724060058594,175.7051788680774,172.8174418240933,172.8869134698266,18063600
2024-06-17,175.88381958007812,176.99524483970762,173.47240531751984,174.1174408030097,19618500
2024-06-18,173.75025939941406,176.03266350713454,172.7678442779151,175.78457643329608,21869900
2024-06-20,174.95101928710938,175.93343447480135,173.65104535533175,174.02812743639052,20160100
2024-06-21,178.2555389404297,179.466205138687,175.2586426839211,175.645657934706,57759000
2024-06-24,177.8486785888672,179.50589857307529,177.3028839492694,178.7814884925371,18298000
2024-06-25,182.6218719482422,182.87987707702328,178.04714529101605,178.24561193946573,23130200
2024-06-26,182.47299194335938,183.09816101305836,181.08369537751665,181.23255669280258,19839000
2024-06-27,183.99131774902344,184.62642010992184,182.61195409916436,182.77071833286294,18848900
2024-06-28,180.7562255859375,183.71343423893046,180.5676921399298,182.90963458847077,29156600
2024-07-01,181.58982849121094,182.4730179096056,179.91275737108273,181.6295157623823,16006100
2024-07-02,183.8225860595703,184.15006278268618,180.1707368089104,180.65699287814883,17372500
2024-07-03,184.39817810058594,184.666101253454,182.59209683114494,183.43559898745033,10242100
2024-07-05,189.14161682128906,189.39962196196515,184.37834132871893,184.4378798117953,20967500
2024-07-08,187.58358764648438,188.71486404073931,186.34315233953677,188.4469257746695,21035900
2024-07-09,187.5339813232422,189.89577517091524,187.27597621110633,188.85380640623399,15121400
2024-07-10,189.71713256835938,190.28277834321375,187.5835898719109,187.70266681734014,15952500
2024-07-11,184.15008544921875,189.39960141202818,183.66382932012837,188.39733505757295,25625800
2024-07-12,183.65391540527344,185.67829936578423,183.07835154835516,183.66383343758727,22898400
2024-07-15,185.10275268554688,186.7996751747927,183.50507109678486,183.50507109678486,16474000
2024-07-16,182.5126953125,187.23626771226316,181.9669007256916,185.92637584595624,18290700
2024-07-17,179.6348876953125,182.14552760174087,178.52344733868037,181.569963789314,20734100
2024-07-18,176.33038330078125,181.10357651103143,175.11971708479683,180.53793067512186,25315700
2024-07-19,176.30059814453125,178.91046381081307,175.77465477022162,177.51126425121495,18881900
2024-07-22,180.2799072265625,181.30202472668176,178.85092330428975,179.20816928485795,24100300
2024-07-23,180.39898681640625,182.20506795075516,180.15089974687697,180.65700705961783,36352700
2024-07-24,171.30909729003906,174.84185492699467,170.5052975643539,172.2716763828317,49585200
2024-07-25,166.00003051757812,172.09304877138803,165.9107228003057,171.19994131459546,44852000
2024-07-26,165.72216796875,166.80382399385917,162.8046615111257,165.8710141586151,41336900
2024-07-29,168.2328338623047,169.12594142294034,166.70462389049712,167.5381929660285,20293800
2024-07-30,168.98696899414062,169.9197787286118,167.1511339019872,168.9373636975669,18959700
2024-07-31,170.22743225097656,172.91670298864665,168.7091404604878,171.91443658888358,25729100
2024-08-01,169.45339965820312,172.718234225876,167.58779504728142,168.94730744825696,24531400
2024-08-02,165.38478088378906,167.22061625981866,163.41000220136607,165.1664630337912,29130100
2024-08-05,158.03147888183594,163.17183620146415,153.7445266292353,154.3101724717456,53630700
2024-08-06,157.07882690429688,159.3413952637539,155.2132221455675,158.11087775486118,49004600
2024-08-07,157.72384643554688,161.7329270375027,157.2574415077753,160.01616866155442,25138600
2024-08-08,160.79019165039062,162.4374934400702,158.9841256428161,159.28181801513983,25578800
2024-08-09,162.4176483154297,162.53672526881738,157.84292193770273,158.78564981676743,28602300
2024-08-12,161.04818725585938,163.63821673656008,160.60163358167628,163.09243732479868,15895300
2024-08-13,162.90386962890625,163.4695001786435,161.7229729534168,162.1596085452311,18551700
2024-08-14,159.14288330078125,161.9710818575429,156.5032484754406,161.15734902797854,40591100
2024-08-15,160.0657958984375,160.40319071181239,158.388724722145,159.27191417011724,31524300
2024-08-16,161.7130889892578,163.79701137732062,159.8970897454957,160.23448454041534,24208600
2024-08-19,165.3946990966797,165.4145503036196,163.0031359185699,164.01533548402497,22416200
2024-08-20,165.90078735351562,167.34962258490438,165.54355648931903,165.62293103111787,18341500
2024-08-21,164.58099365234375,165.57334208523812,163.41001462767,163.8863376356894,22902000
2024-08-22,162.54664611816406,166.30763931714822,162.06039002531082,165.9801625781286,22493300
2024-08-23,164.3527069091797,164.9084194881608,162.5764102626484,163.45959957039315,13955700
2024-08-26,164.88861083984375,166.26797448558267,163.20162161831215,165.1069286953162,14190400
2024-08-27,163.41990661621094,165.16644927065664,163.20160392643822,164.5710342489987,11821900
2024-08-28,161.6039276123047,164.33288545251102,160.2940205808296,163.77715768210635,16407400
2024-08-29,160.54212951660156,164.70007190564058,159.02383761377362,163.0527698600771,19699800
2024-08-30,162.12986755371094,162.4077238619854,160.45279653031872,161.37567316665184,22123800
2024-09-03,156.1559295654297,160.61157889702227,155.28265821334085,160.48256877218185,38945300
2024-09-04,155.25289916992188,157.78339053713182,154.76665816042646,155.4612989897302,19353800
2024-09-05,156.036865234375,158.22994668183233,154.78649658056972,155.1040553313884,18688700
2024-09-06,149.7652130126953,156.62234382988387,149.39804896411633,156.09640040925774,37912100
2024-09-09,147.76792907714844,152.42820519903154,146.28736276622044,151.54384395398554,39260500
2024-09-10,147.71826171875,150.31172831197244,147.40028159964342,149.4969156283568,31118800
2024-09-11,150.20242309570312,150.54026559740743,146.5854826673726,148.97027288921362,29607700
2024-09-12,153.71005249023438,153.839233801539,151.68296725155358,152.8256911821986,29621500
2024-09-13,156.46250915527344,157.37667920350046,154.2267627397466,154.44535510677574,29591200
2024-09-16,157.0587158203125,157.2475146303272,155.60797314926953,156.31346693580858,18379800
2024-09-17,158.3107452392578,159.53294917671778,157.37669753536267,158.01264265003823,20715600
2024-09-18,158.797607421875,159.4832387245749,157.59528121573842,158.84729370623916,23677300
2024-09-19,161.1128387451172,162.75237989212232,160.31790373118696,162.67290003664115,26587700
2024-09-20,162.55368041992188,162.69279293629415,161.03337393309369,162.46425419413836,40896400
2024-09-23,160.82470703125,164.4416474906759,160.64583942390462,163.3088698512438,24150900
2024-09-24,161.2618865966797,162.18600293337994,159.67203168983335,161.9972041569506,23332100
2024-09-25,160.46697998046875,161.77861000791742,160.27818118844277,160.44710243338025,18869200
2024-09-26,161.69911193847656,163.0405658423745,161.25196569121914,162.60335078741144,20319300
2024-09-27,162.91139221191406,164.65030615932238,161.59976214731748,161.7786145898017,21101300
2024-09-30,164.79937744140625,165.09746486800793,162.22577308210086,162.28540572954867,20413900
2024-10-01,165.93214416503906,168.08839566011457,163.53740758234116,166.62770671794624,28338100
2024-10-02,164.8092803955078,166.4587679633324,163.686434073945,165.36573037932214,17760200
2024-10-03,164.8092803955078,165.5843378961242,162.88156783577605,163.36846915267606,15073100
2024-10-04,166.00167846679688,167.16426473931182,164.43168589066445,166.99534350266865,19047400
2024-10-07,161.94754028320312,167.4126985535878,161.71900154638254,166.65751850550026,22463100
2024-10-08,163.33868408203125,163.68645779124333,161.8382399845631,162.901468985077,23072700
2024-10-09,160.8346405029297,163.7957583809211,158.72807525360884,162.41456443992033,31181800
2024-10-10,161.05325317382812,162.03698715416354,159.38388779769477,159.8509116423071,14144100
2024-10-11,162.20591735839844,162.86172488598982,160.2185869014022,161.1029483482804,15344300
2024-10-14,163.91500854492188,165.17695235890986,162.36487818674945,162.60336327926677,19016100
2024-10-15,164.41183471679688,166.61775729768382,163.58709086133464,164.7397308583214,20247200
2024-10-16,164.1137237548828,164.74966878217245,162.70272119940034,163.48770991975573,16406000
2024-10-17,161.89785766601562,165.3160682513299,161.7289364078274,164.68012315374543,21453400
2024-10-18,162.38475036621094,163.66658684818702,162.0469078679096,162.1562116364337,19757700
2024-10-21,163.03062438964844,163.45789306330104,161.58979800498344,161.91770927556843,20946500
2024-10-22,164.09385681152344,164.71987068710104,161.9475365199372,161.9475365199372,16568100
2024-10-23,161.74879455566406,164.7695447784646,160.90417320390316,163.71624709624942,18280500
2024-10-24,161.68919372558594,162.29533007096418,159.9900196550578,161.79849749810091,22412500
2024-10-25,164.22303771972656,164.54100267206263,162.38475119304076,162.63316747166715,19828900
2024-10-28,165.66384887695312,167.68098784367282,162.91139226813863,167.68098784367282,32138600
2024-10-29,168.6051025390625,169.30068030332265,166.03151333010814,166.6674584466476,42169000
2024-10-30,173.35482788085938,180.86693395167478,172.95735272555387,179.53541113405987,68890800
2024-10-31,170.0260467529297,175.69988150851668,169.91674297844676,172.03325462883092,44769000
2024-11-01,170.20489501953125,171.22838406204764,167.8101735573136,168.9926374988831,31796500
2024-11-04,168.16787719726562,169.6484284063568,166.94565827865142,168.85349334018605,21492700
2024-11-05,168.66473388671875,169.4497227111904,167.77042612333224,168.35668494331603,18242100
2024-11-06,175.39183044433594,175.81911434381482,172.4009037964916,172.69900637438644,33695500
2024-11-07,179.60498046875,179.93289179611503,176.067534869967,176.28614242154367,25352900
2024-11-08,177.2201690673828,179.75400283427035,176.9518752564666,179.50558656989898,22006200
2024-11-11,179.20751953125,179.40624953288767,177.33942415917616,177.44872793439595,17450400
2024-11-12,180.46946716308594,181.33396618962504,178.25359803223796,178.6808819487348,25134900
2024-11-13,177.746826171875,179.8136514950511,177.4089684990119,179.31681892204128,23184000
2024-11-14,174.4677276611328,177.68720818344102,173.21571503907634,177.15062051532624,31007500
2024-11-15,171.39730834960938,173.03684979342893,170.135349355116,172.62944344024277,32504600
2024-11-18,174.18948364257812,174.32859614097288,171.80467846165004,172.3213885251699,20135300
2024-11-19,176.99163818359375,177.7368870735365,172.4605273586821,172.61951742744716,23434900
2024-11-20,174.8651885986328,176.55441631876369,172.67912830422068,176.2165738071629,18997100
2024-11-21,166.56809997558594,173.02692368437366,162.662987910428,172.79836977486937,59734400
2024-11-22,163.7162628173828,165.40550568311707,162.8617101914929,164.79936934193785,38604600
2024-11-25,166.5879364013672,167.56173904858872,164.56086640923021,165.0378213787698,33135300
2024-11-26,168.0486297607422,168.74420743105776,166.51839224272408,166.56807852805025,20486700
2024-11-27,168.15792846679688,168.40634472383195,166.9556022735371,167.92938975571963,19266500
2024-11-29,167.8796844482422,168.3566393623074,166.10103092075792,167.43253826867337,14257200
2024-12-02,170.4036102294922,170.98986891966845,167.50211035245346,167.70084031293914,23789100
2024-12-03,170.2545623779297,171.58606987747282,169.7676762176285,170.40362122950918,22248700
2024-12-04,173.26536560058594,173.8019532050098,169.9763367929556,170.0657630063179,31615100
2024-12-05,171.5463409423828,174.9446737388749,171.2383071896845,174.24911120663256,21356200
2024-12-06,173.60324096679688,173.97089221181594,170.77128929069295,170.9402105427862,21462400
2024-12-09,174.45875549316406,175.3441303590525,172.7476915668061,173.05609352730906,25389600
2024-12-10,184.2078399658203,185.39165905883286,180.10925267461994,181.89990276575224,54813000
2024-12-11,194.38467407226562,194.59358956818772,183.88950517431252,184.3471064632806,67894100
2024-12-12,190.96255493164062,194.16580938373951,190.71385396756912,193.9867519757691,34817500
2024-12-13,188.8336944580078,191.72856243728444,188.65462185235455,190.01749841639386,25143500
2024-12-16,195.63812255859375,197.9659598504381,191.61910663196343,191.86780758654942,44934900
2024-12-17,194.4045867919922,200.37341051362353,193.9668706236853,196.2250798486302,43504000
2024-12-18,187.4210662841797,195.976386699195,186.764507184961,194.2056368053088,34166100
2024-12-19,187.53048706054688,192.02700516266594,187.40117286917095,190.63428570513082,32265200
2024-12-20,190.41543579101562,191.88774144921763,184.2575966505468,184.81468445746083,63462900
2024-12-23,193.6186981201172,194.08625719212253,189.16196548395996,191.6191324608379,25675000
2024-12-24,195.09100341796875,195.09100341796875,192.7731083908338,193.82759815006608,10403300
2024-12-26,194.58364868164062,195.72766709348628,193.36998671071595,194.13597478356786,12046600
2024-12-27,191.75840759277344,194.30511850410315,189.6593706110804,193.93703071352402,18891400
2024-12-30,190.24630737304688,191.5494980812226,188.13731273783964,188.8137872976618,14264700
2024-12-31,188.31639099121094,190.96257314438756,187.53048736926948,190.08714080992223,17466900
2025-01-02,188.44569396972656,191.00234725825092,186.52572974438567,189.65935593229025,20370800
2025-01-03,190.79342651367188,192.20606135937345,188.99283394745663,190.37561071207793,18596200
2025-01-06,195.8470458984375,197.19003728298551,192.8427489428689,192.9720631324044,29563600
2025-01-07,194.47421264648438,199.95557646710608,193.58883781557628,196.08579004713673,26487200
2025-01-08,192.9422149658203,195.27005246800397,191.3803807232366,191.5693958945213,24864800
2025-01-10,191.04214477539062,195.49887742154428,189.32113818407666,193.29041142782185,26665200
2025-01-13,190.01747131347656,190.1865861405531,186.38644345909503,189.08236847778906,21823700
2025-01-14,188.6745147705078,190.98245196740993,187.33152340912505,190.24630678281764,17174900
2025-01-15,194.53390502929688,195.33969375687735,190.8630762218721,192.08668076451275,21776000
2025-01-16,191.90762329101562,194.46426141133438,191.8081368295779,193.1312278332848,17815400
2025-01-17,194.98158264160156,196.20518730281572,192.74327365719543,195.508827543568,27735100
2025-01-21,197.0209197998047,201.23887871445535,196.84184720049228,198.03562405056638,29971300
2025-01-22,197.33924865722656,199.43828553458843,196.5036170079127,198.02566579041408,26200600
2025-01-23,196.95127868652344,199.25923110054313,194.18572496319172,197.11045095911172,26951400
2025-01-24,199.16970825195312,199.85611023612495,196.97118481318788,197.07067128135972,23877500
2025-01-27,190.81332397460938,195.85698677854776,189.73893399543607,191.41021235620636,41728900
2025-01-28,194.28521728515625,194.46427471258818,189.68921264751984,191.7484641400102,24157900
2025-01-29,194.39463806152344,195.7674571519655,192.4249153665142,194.54385257803781,18218300
2025-01-30,199.82626342773438,200.3535083038363,196.6428938419765,196.97118096512546,24354700
2025-01-31,202.9599151611328,204.41232049224394,200.75144907949408,200.95040684244714,32001100
2025-02-03,200.1844024658203,202.69131276848185,199.0602842802592,199.64721499071638,27838300
2025-02-04,205.30764770507812,205.97416454187623,201.75619025433605,202.33317837712485,43856400
2025-02-05,190.33583068847656,191.74845039513906,187.05297480534406,190.0771871408914,70373900
2025-02-06,190.60443115234375,191.10183309670842,187.73939109536238,188.51533691421105,29297400
2025-02-07,184.376953125,190.18660431911357,182.28787402069702,190.05729013281342,49315000
2025-02-10,185.5010986328125,187.22210526115876,184.8942676002274,186.37653098919859,23105600
2025-02-11,184.35707092285156,185.96864842614565,183.3224663388948,184.0685692836796,21239500
2025-02-12,182.6559600830078,184.14816605879201,180.88521020610418,182.26798713648407,22072600
2025-02-13,185.1728057861328,185.3120777313061,182.18839394998832,183.36227049888035,21402500
2025-02-14,184.26754760742188,185.43146650970297,183.36228746976212,184.09843274259524,20448400
2025-02-18,182.81512451171875,184.99374757151398,180.79567372558517,184.63561754552705,29916700
2025-02-19,184.3073272705078,184.4963424448096,182.63604878465782,183.11356559747395,19549400
2025-02-20,183.60101318359375,184.34711614040583,181.77057757262898,183.83977159439488,20441500
2025-02-21,178.72647094726562,184.37694976979722,178.14948286814752,184.18793460152546,35199200
2025-02-24,178.31861877441406,182.16850543528213,177.9604887236702,181.04438722615922,29854200
2025-02-25,174.50851440429688,177.81127094293745,173.7823117406095,177.11489600513676,41913400
2025-02-26,171.8324737548828,175.16507289862997,170.68845533929954,174.16032642215686,35431300
2025-02-27,167.62445068359375,173.65295965631302,167.06736294980485,173.0859293485287,39991000
2025-02-28,169.3951873779297,169.72347444867967,165.9034315554997,167.80349524935414,48130600
2025-03-03,166.14219665527344,172.46915017235435,165.06780660374991,171.0366301036563,40770500
2025-03-04,170.03189086914062,172.38957139478455,164.93849945595062,165.37621562667857,45388000
2025-03-05,172.12098693847656,172.87703249017144,168.18155654289944,169.6339770163835,30954900
2025-03-06,171.45445251464844,173.9016615264532,169.6140592892689,169.6439021909127,28302000
2025-03-07,172.95660400390625,174.06083692312112,169.38526170085638,170.37010783184354,27385800
2025-03-10,165.1981658935547,167.77768707285077,163.02700292073365,167.57848498247546,43604000
2025-03-11,163.3755645751953,166.0745946593306,160.71638098509786,164.24205105519363,39587400
2025-03-12,166.43313598632812,166.96098805134596,162.86763464348198,165.9052839213103,28372400
2025-03-13,162.1007537841797,165.45711431897539,161.4533926135524,165.36746730396223,31756200
2025-03-14,164.81971740722656,165.81566708355933,161.79202188086273,162.60870791000892,31995900
2025-03-17,163.62457275390625,165.62644141646544,163.0070887907617,164.36158101735924,31184300
2025-03-18,160.0192108154297,163.58471199332098,156.08521317066442,163.01701346080097,42074800
2025-03-19,163.22618103027344,165.19815700358515,160.3478872642785,161.10480349722013,34275600
2025-03-20,162.14059448242188,164.22212545502225,160.3080509045436,160.91558075554488,28138500
2025-03-21,163.32579040527344,163.57477782056455,160.2383403768693,160.55705156299513,36625800
2025-03-24,167.00083923339844,167.63826163368083,164.47113366947016,166.3933245024789,30879100
2025-03-25,169.8691864013672,169.93891017820465,167.63826869436164,168.2955839776117,24174400
2025-03-26,164.39144897460938,168.92302298152063,164.17233883294872,168.31549307909538,28901600
2025-03-27,161.58287048339844,164.74998295425303,161.3438371056606,163.96318944763343,24508300
2025-03-28,153.7049102783203,161.1645785777556,153.0077485673884,159.8399637284922,48669300
2025-03-31,154.01365661621094,154.91000524190235,150.04978117819655,152.489854834344,54603500
2025-04-01,156.43382263183594,157.45964958057314,152.99778409802235,152.99778409802235,30672900
2025-04-02,156.40390014648438,157.7683612723421,154.07338200320004,154.52155623121885,25041700
2025-04-03,150.1095428466797,152.16119683607278,149.78087761580798,150.49796262916686,46883400
2025-04-04,145.01028442382812,150.4581305746649,144.7911742710094,147.41051168463707,62259500
2025-04-07,146.15562438964844,152.23092388429916,139.96081578919706,140.97668877946376,76794100
2025-04-08,144.11390686035156,151.62337549950988,142.45067281990836,150.60750263275938,52200200
2025-04-09,158.06716918945312,158.90376321404577,143.32711193141117,143.8350407612742,70406200
2025-04-10,152.20101928710938,157.081166059798,149.32271046519142,155.9059376747643,48022000
2025-04-11,156.5035400390625,157.03139218045564,152.2010451058409,152.28070771093053,33636200
2025-04-14,158.42572021484375,161.06498074344722,156.92182649738766,159.35194610703772,30333000
2025-04-15,155.6768798828125,159.0033479067655,154.5813444386225,158.4854650554691,27551500
2025-04-16,152.70896911621094,155.2585979132132,150.8963333701315,152.47990494067977,28187400
2025-04-17,150.54774475097656,154.0534763910807,147.8985151753075,153.66505665607545,33046600
2025-04-21,147.07186889648438,148.34668311054725,145.50823599827558,148.27697454416065,26049100
2025-04-22,150.8564910888672,151.5735760354548,147.93835078181212,148.2869392297591,26971800
2025-04-23,154.7207794189453,156.89194229421238,153.1870084950911,154.97972084901838,31128800
2025-04-24,158.63487243652344,158.94361442258594,155.1590023934932,155.51754490565963,45894000
2025-04-25,161.30401611328125,165.42724716152773,160.38772903857225,164.4014202116321,56034000
2025-04-28,159.95948791503906,162.4891935610974,157.95763441398879,161.7721085344851,29745800
2025-04-29,159.51129150390625,160.088944095257,156.88198516909392,159.6706470871033,26809000
2025-04-30,158.1568145751953,158.62491214751483,154.7705764946502,157.34012853089786,34981100
2025-05-01,160.6466827392578,161.29404393761732,158.26636366652554,159.80011945187778,30203200
2025-05-02,163.36563110351562,164.3018262703875,161.21437606436152,162.7481471411051,25715000
2025-05-05,163.54489135742188,164.72010459701127,162.06092097475153,162.3397856484502,21341800
2025-05-06,162.56884765625,164.13249581033162,160.53711717512775,161.51314352018753,21277200
2025-05-07,150.76686096191406,164.33169015930102,147.24119073545722,163.41541831659652,127490100
2025-05-08,153.6551055908203,155.29841637896206,152.28069025725696,154.37219053033292,57498700
2025-05-09,152.1313018798828,154.42198900650553,151.58352655875794,153.5455484927057,32435300
2025-05-12,157.8181915283203,158.45559870977985,155.61713606908535,156.85211913184455,44138800
2025-05-13,158.88385009765625,159.9196462677562,155.52750456311006,158.14684186881533,42382100
2025-05-14,164.70021057128906,166.3236135788371,158.96354529840758,159.31213380087087,48755900
2025-05-15,163.29591369628906,165.53680044166376,161.71234217984835,165.1682887318073,33146700
2025-05-16,165.51687622070312,168.66408078965867,164.94917762065725,167.0506320085185,42846900
2025-05-19,165.86544799804688,165.96504904182535,163.55485271284547,163.84367142462605,30426100
2025-05-20,163.31582641601562,167.817523283891,162.24019892385144,165.75590012466307,46607700
2025-05-21,167.87725830078125,172.4387091879809,162.89751041479707,163.02698872286769,73416000
2025-05-22,170.17791748046875,176.05402972868134,170.01857708088951,171.15395911169207,74864400
2025-05-23,167.78762817382812,169.2715985296926,167.2099755896054,168.3752347830085,35211400
2025-05-27,172.19967651367188,172.4685871557562,169.31142880693562,169.4707843872067,37995700
2025-05-28,171.661865234375,174.5600820753336,171.2136909757797,172.4586279146467,34784000
2025-05-29,171.16392517089844,173.71355410724578,169.93891122977584,173.29525703459385,29317300
2025-05-30,171.04440307617188,171.51250064033223,166.76181642373982,170.65598330984582,52639900
2025-06-02,168.34536743164062,169.18196148692468,166.7120106202351,167.16018492149544,38612300
2025-06-03,165.50689697265625,167.79758408844376,164.61054841286258,166.8116037120677,45084900
2025-06-04,167.3693389892578,167.5386486033552,165.68618167672102,166.0646474005772,26900800
2025-06-05,167.5286865234375,170.23765541573877,166.9111874462575,169.6500488073603,36379100
2025-06-06,172.9765167236328,173.79320267833577,170.13806952300837,170.13806952300837,35731800
2025-06-09,175.58908081054688,175.96800471005412,173.87397240224888,174.04348698482235,28935900
2025-06-10,178.09194946289062,180.5948038838724,174.41244383100403,175.6987675223273,61766100
2025-06-11,176.8455047607422,179.8569029175766,176.24720547354727,179.2586188457646,31646800
2025-06-12,175.2001953125,176.2172980493167,174.25290075490625,175.6788256293735,20941900
2025-06-13,174.17312622070312,176.6261351195968,171.8996131999643,171.9494740114175,27663100
2025-06-16,176.26715087890625,176.43666545813562,174.15317124562452,174.23294549738824,27389200
2025-06-17,175.44947814941406,176.85547082344988,174.08338020939252,175.20018931566514,24973000
2025-06-18,172.82696533203125,176.057738792968,172.70729634857923,175.50930033034524,28707500
2025-06-20,166.1659698486328,173.8440631360939,164.98933381824614,173.45517315134433,75659900
2025-06-23,164.72010803222656,166.86398612208345,161.53917977382372,165.7970377232315,57671000
2025-06-24,166.29559326171875,167.7414654003419,165.65741447979076,166.44516047022438,40524300
2025-06-25,170.19447326660156,171.86970222006798,167.07338726794845,167.15316152434053,35479000
2025-06-26,173.04632568359375,173.19590810922037,169.45657569929264,171.93948268163984,31796700
2025-06-27,178.0221405029297,178.17170771682706,171.241481190895,173.046329910377,108140200
2025-06-30,175.7286834716797,180.7144602330707,174.08338322657394,180.26574336762212,63378900
2025-07-01,175.3397979736328,175.58908681807281,173.0363714854685,175.24009156508697,35904500
2025-07-02,178.13182067871094,178.35119606008848,174.5719841997796,175.04063318866915,29128900
2025-07-03,179.01930236816406,179.15890351135596,176.54636131074304,177.9922335542414,21689700
2025-07-07,176.28709411621094,178.78996387462078,175.18025102838192,178.5506411042797,34175600
2025-07-08,173.864013671875,177.44379785510552,172.3184197808512,177.3440914457585,40442500
2025-07-09,176.1175537109375,178.9295387925745,172.27851516418144,174.75145590035325,43025600
2025-07-10,177.11471557617188,177.92240891673904,173.8839422139032,175.1303863111691,29252400
2025-07-11,179.67742919921875,180.91389212460822,175.97797606848104,176.2870917998284,34282900
2025-07-14,181.04351806640625,183.14751640721383,179.16886118965368,180.49507959550706,32536600
2025-07-15,181.48226928710938,183.69595532751242,181.08341324296114,182.28996266650833,33448300
2025-07-16,182.44952392578125,183.80565587223137,181.5121954195811,182.71876014286474,33104200
2025-07-17,183.0577850341797,183.53641535247564,179.96659729454643,181.62187886390834,31992600
2025-07-18,184.5335693359375,185.88970124039062,183.1874187229756,184.87259850820493,34014500
2025-07-21,189.55923461914062,189.74868135121883,185.62045888710102,185.720180506412,45803100
2025-07-22,190.7957000732422,191.10481579575136,186.9267476808465,190.9552485801447,44660200
2025-07-23,189.6888427734375,191.9823029377756,188.64182669674165,190.95523422678895,58681900
2025-07-24,191.62335205078125,197.3869090653604,190.45668205461735,196.46952792005337,74881700
2025-07-25,192.63046264648438,193.77720042486192,190.71592620592727,191.43387927305906,39785900
2025-07-28,192.0321807861328,193.49800038051387,190.29712498462092,193.0991291078416,38139500
2025-07-29,195.19314575195312,195.36266032343974,191.53358770597436,191.88258292419434,41389200
2025-07-30,195.970947265625,197.0379108346005,194.13618500265545,195.04360005779435,32445400
2025-07-31,191.35409545898438,195.43247218848848,190.54640210266098,195.1532699224849,51329200
2025-08-01,188.59197998046875,190.28714088647305,187.28570901887355,188.4922583678995,34832200
2025-08-04,194.4851837158203,194.7145404143055,189.57918094353215,189.7486955367273,31547400
2025-08-05,194.11622619628906,197.2971541323202,193.33844625639603,194.1561209300893,31602300
2025-08-06,195.5321807861328,196.07065317332066,193.11906676548202,193.94670749735778,21562900
2025-08-07,195.9609832763672,196.97807082829456,193.77721051804474,196.49944049707085,26321800
2025-08-08,200.84703063964844,202.03364795164893,196.60912036272285,196.65898117376335,39161800
2025-08-11,200.42822265625,200.90685295750995,198.50372015999918,200.36839577051538,25832400
2025-08-12,202.7615509033203,203.91825467935456,200.01937388440479,200.79715378526663,30397900
2025-08-13,201.385498046875,203.94817934449617,196.94814463612107,203.5493232968563,28342900
2025-08-14,202.3627166748047,203.85844975532365,200.65757426824428,200.9268104830451,25230400
2025-08-15,203.31997680664062,205.85276000380134,200.7074345682602,203.2701312097242,34931400
2025-08-18,202.92111206054688,204.68608127587706,201.91399064284568,203.61911775674488,18526600
2025-08-19,200.99661254882812,202.86128819689205,199.39119181596234,202.45245084896237,24240200
2025-08-20,198.7530059814453,200.70742189093835,196.04074228977996,200.15898342104597,28955500
2025-08-21,199.18179321289062,201.90402322277677,198.8626961782015,199.18179321289062,19774600
2025-08-22,205.50375366210938,207.9467813600623,200.72738596931413,202.15331089436756,42827000
2025-08-25,207.8969268798828,209.92115104730735,204.69605147341804,205.84277405344866,29928900
2025-08-26,206.55075073242188,207.258737698756,205.11484464858782,206.91969332896332,28464100
2025-08-27,206.88978576660156,208.31572581537765,205.0649896678173,205.11485047791405,23022900
2025-08-28,211.03794860839844,211.61630051242363,206.31142697470574,206.66043741838072,32339300
2025-08-29,212.30435180664062,214.03939239893296,209.60205408045064,209.91116980825524,39728400
2025-09-02,210.74879455566406,211.0778424398192,205.61343524607918,207.84706876322787,47523000
2025-09-03,230.0038604736328,230.65200537566233,224.15054812619755,225.5665221360729,103336100
2025-09-04,231.63919067382812,231.70898363627637,225.46679662750995,228.996719869086,51684200
2025-09-05,234.33152770996094,235.08936036459093,231.2403397689098,231.5394894431058,46588900
2025-09-08,233.5829620361328,237.66498669397225,233.21368944217105,235.01017746372742,32474700
2025-09-09,239.16204833984375,240.00040430810463,232.7745373112583,233.71270408816554,38061000
2025-09-10,238.7029266357422,241.18806943420256,237.38551236319012,238.43344965061024,35141100
2025-09-11,239.9005889892578,241.77692250779666,235.78863959738683,239.41155563146188,30599300
2025-09-12,240.32977294921875,241.60727216892423,237.53523769524105,239.90060472674395,26771600
2025-09-15,251.11865234375,251.91709313601174,244.18222746714693,244.18222746714693,58383800
2025-09-16,250.66952514648438,252.54584342751238,248.98282303107263,251.58772669443232,34109700
2025-09-17,249.04270935058594,251.10867430438276,245.7990560449756,250.7294115061419,34108000
2025-09-18,251.53782653808594,253.4940056881638,249.312185617516,251.18850393768201,31239500
2025-09-19,254.2225799560547,255.50007913340238,251.3182589953225,252.75544937708653,55571400
2025-09-22,252.036865234375,255.28051872493555,249.81122418035432,253.93314887572123,32290500
2025-09-23,251.16856384277344,253.8632882566711,249.9908602190898,252.54585863312587,26628000
2025-09-24,246.65737915039062,251.8572116525034,245.95874917105462,251.1685566625181,28201000
2025-09-25,245.30999755859375,246.00864273328935,240.26987173165682,243.9227126560544,31020400
2025-09-26,246.0585479736328,248.93292875938775,245.4896689933639,246.58752699597628,18503200
2025-09-29,243.57342529296875,250.6595513653868,242.2959260790964,247.36600774683615,32505800
2025-09-30,242.62527465820312,242.81489082935371,238.7827869377237,242.33583244883135,34724300
2025-10-01,244.42173767089844,245.8190127995852,238.14402788220525,240.2798481454496,31658200
2025-10-02,245.210205078125,246.32801300536266,241.82682587144092,244.6712510924991,25483300
2025-10-03,244.8708953857422,245.8190372139174,241.18809864914257,244.0125741538274,30249600
2025-10-06,249.9409637451172,250.82924041118625,244.1023965111835,244.30200291397747,28894700
2025-10-07,245.2800750732422,249.95094390133718,245.04055349112926,247.78518329877946,23181300
2025-10-08,244.1422882080078,245.52957313307672,243.34386267365892,244.48163581199606,21307100
2025-10-09,241.05833435058594,244.28202248032238,238.68297718710045,243.99259549865826,27892100
2025-10-10,236.1080322265625,243.61333616794536,235.37944680935243,240.958526974338,33180300
2025-10-13,243.6732177734375,244.02254038501275,239.2419009980627,239.74092459803205,24995000
2025-10-14,244.97068786621094,246.63742490132327,240.04033214741565,240.75892736637323,22111600
2025-10-15,250.53977966308594,251.61767243328853,245.5096286311317,246.76716258187247,27007700
2025-10-16,250.9689483642578,256.4581925767255,249.61160360230107,251.27834055068328,27997200
2025-10-17,252.80535888671875,253.72356048353365,247.32607427452788,250.27031046967195,29671600
2025-10-20,256.04901123046875,256.82748687148535,253.73354951664797,254.19265795496185,22350200
2025-10-21,249.9709014892578,254.38226816359625,243.6732110393333,254.24254216862593,47312100
2025-10-22,251.19851684570312,255.8593804848901,248.8031942886971,253.873276187685,35029400
2025-10-23,252.58578491210938,254.54194887812838,251.35819113136333,252.48597410141812,19901400
2025-10-24,259.4124450683594,261.16898745224296,254.82142179583195,256.07894057309267,28655100
2025-10-27,268.7441711425781,269.61249783187736,263.76392512831256,264.30287916974333,35235200
2025-10-28,266.9476623535156,270.2013056862688,265.9795554362353,269.1633281612099,29738600
2025-10-29,274.0338134765625,274.80229881772505,267.14729422835535,267.22712459889897,43580300
2025-10-30,280.93035888671875,291.02060225143094,279.51311834988803,291.02060225143094,74876000
2025-10-31,280.6408996582031,285.44150434001006,276.48901957648127,282.6569440736325,39267900
2025-11-03,283.16595458984375,284.97241759660864,279.25359613963377,281.62895336390585,29786000
2025-11-04,276.9980163574219,280.7207127582489,275.72051721535576,276.20955057551157,30078400
2025-11-05,283.7547912597656,285.86068664735006,276.79840119805726,278.32541216487215,31010300
2025-11-06,284.1939392089844,287.78691520805194,280.59100344938025,284.77279318145315,37173600
2025-11-07,278.2854919433594,283.225837847663,274.65261591386644,282.6569436244069,34479600
2025-11-10,289.5334777832031,290.2320924976737,282.30759586857965,283.8645774088431,29557300
2025-11-11,290.7411193847656,291.34994399814246,286.75892091303916,287.18807388729897,19842100
2025-11-12,286.1501159667969,291.43978461940384,283.13602426355726,291.1104119733703,24829900
2025-11-13,278.0260314941406,282.2876823136169,276.69861158680555,281.7886586854728,29494000
2025-11-14,275.8702087402344,278.01600396166356,270.1713681999226,270.8799731285475,31647200
2025-11-17,284.4634094238281,293.3759943011471,283.01625922074476,285.2219350622342,52670200
2025-11-18,283.724853515625,288.236015842567,277.65674001133203,287.3577599014325,49158700
2025-11-19,292.2381896972656,303.21670857801746,286.07026549054086,286.5992292728396,68198900
2025-11-20,288.884765625,305.8216273232207,288.1062900504894,303.94529376978943,62025200
2025-11-21,299.0748291015625,303.3265199413647,293.27617727722287,295.8411659039572,74137700
2025-11-24,317.9578552246094,318.85612204740676,308.9954110970811,310.52242205466104,85165100
2025-11-25,322.8083801269531,328.187838552192,317.0296784660599,325.5729598317621,88632100
2025-11-26,319.3252258300781,323.86632857763385,316.1713929045335,320.053780820363,51373400
2025-11-28,319.55474853515625,326.2117368304371,316.1713843298485,322.73852157316225,26018600
2025-12-01,314.2751159667969,319.2254218425781,313.27706870792247,317.0796263275952,41183000
2025-12-02,315.19329833984375,317.75828707212025,313.2970146639371,316.1214749687581,35854700
2025-12-03,319.0058288574219,320.9520026070636,313.4866291038915,315.2731421058358,41838300
2025-12-04,316.9997253417969,321.7304590031499,314.0854447714545,321.6007384606332,31240900
2025-12-05,320.6426086425781,322.52893244489843,318.5467339173106,318.86608586892413,28851700
2025-12-08,313.3121643066406,320.02342950621124,310.8154143139121,319.63392187795114,33909400
2025-12-09,316.66778564453125,317.57660631064704,311.4945269093235,311.96391713296777,30194000
2025-12-10,319.7937316894531,320.8923078304596,314.27092168020465,315.4194206321133,33428900
2025-12-11,312.02386474609375,320.70257104825845,308.19885677560706,319.66391441105065,42353700
2025-12-12,308.887939453125,314.46067218572114,305.1627773855729,313.29221022339095,35940200
2025-12-15,307.8193359375,311.0151883437652,304.4836813703359,310.91531224146183,29151900
2025-12-16,306.1714782714844,310.3660001485481,302.1966411442108,304.55358908476643,30585000
2025-12-17,296.3342590332031,307.6894729197007,295.7350329501308,307.60959033164653,43930400
2025-12-18,302.0668029785156,303.56485302569047,298.8410213827925,301.32777470817274,33518000
2025-12-19,306.7607116699219,306.85059101726483,300.5787559089981,301.33777770154796,59943200
2025-12-22,309.3773193359375,309.7268704705607,304.90313186415943,309.4771954426739,26429900
2025-12-23,313.94134521484375,314.5305745464577,308.91788552805923,309.2274800840275,25478700
2025-12-24,313.6816711425781,314.67037436380235,311.5145092668577,314.360779810128,10097400
2025-12-26,313.10247802734375,314.6804107746781,311.8740659325972,314.0712183432231,10899000
2025-12-29,313.15240478515625,313.6117983030154,310.2162240166622,310.9652491009125,19621800
2025-12-30,313.4420166015625,316.5379928503015,312.0538089034933,312.09376543928346,17380900
2025-12-31,312.5931091308594,314.17104176667254,311.03513952358344,312.4433102220648,16377700
2026-01-02,314.74029541015625,322.0807464242433,309.9265541489014,316.4880203907529,32009400
2026-01-05,316.1285095214844,318.60526603903236,314.2209888461081,317.2470486555906,30195600
2026-01-06,313.9313659667969,320.5227923064431,311.3746963103618,315.9886856047422,31212100
2026-01-07,321.56146240234375,325.72602466406613,313.78158025326775,313.9513421990662,35104400
2026-01-08,325.0169372558594,329.8905982345552,321.08205673508803,328.54234711069296,31896100
2026-01-09,328.14288330078125,330.3999246926398,325.37646465172014,326.6647962522232,26214200
2026-01-12,331.4285888671875,333.6057781716088,324.5775210522192,325.37646891287716,33923900
2026-01-13,335.5332336425781,340.04734658205444,333.18628259299794,334.5145706345901,33517600
2026-01-14,335.4034118652344,336.08252056576845,330.05039437456895,334.62442706687915,28525600
2026-01-15,332.347412109375,337.25103316994193,330.3100554080323,337.2110766328429,28442400
2026-01-16,329.5710144042969,334.2149635116852,327.27401649506595,333.97528525413946,40341600
2026-01-20,321.5814208984375,327.30398324237245,320.01345448184367,320.4528849486331,35361000
2026-01-21,327.953125,332.0478012719212,318.9348648307384,320.50283121296127,35386600
2026-01-22,330.11029052734375,334.7142826747097,328.3226090802118,334.0152109953496,26253600
2026-01-23,327.5036926269531,333.2562145369407,327.0243361197249,332.05776231305794,27280000
2026-01-26,332.8267822265625,335.4034148973675,326.5749102768944,327.3838548641184,26042100
2026-01-27,334.1150817871094,337.4707297257924,333.04649592160257,334.93402312381306,21636200
2026-01-28,335.57318115234375,337.10119086219134,331.5084650266126,335.6231039588608,27434400
2026-01-29,337.810302734375,341.8450595994438,326.11553330804276,339.857625711299,39785600
2026-01-30,337.56060791015625,339.5580079569619,331.8580393103398,339.5580079569619,31024000
2026-02-02,343.2431945800781,344.38169669555197,335.193675272949,335.7829045969607,32006100
2026-02-03,339.26837158203125,348.5463032010534,337.0312933144156,346.8884575284791,36506700
2026-02-04,332.6070861816406,342.8637251238478,328.0929422734009,342.51417399710857,70618400
2026-02-05,330.81939697265625,332.2575275064077,306.06161379445837,311.81413592946416,88205800
2026-02-06,322.4402770996094,329.95052083207565,319.50412705068965,326.75466854448496,56380500
2026-02-09,323.8984069824219,327.2740180221729,316.84758707958963,320.5127991892576,39640100
2026-02-10,318.16583251953125,321.25184233940706,314.2009923012897,320.5527401483992,39170000
2026-02-11,310.55572509765625,320.6426005966259,309.25742736560915,318.5553213774315,45406400
2026-02-12,308.59832763671875,315.82890653132813,306.80067966689137,311.684307255737,47761300
2026-02-13,305.32257080078125,308.2287915112591,303.31517401115394,307.32996759040856,38499700
2026-02-17,301.6273498535156,304.0442171582303,295.86486207725466,299.6499434457439,39247600
2026-02-18,302.9356689453125,304.983022308801,300.8583862777236,301.6972906518214,28482100
2026-02-19,302.456298828125,305.0728879320441,299.64995428739604,301.42763905495286,25834400
2026-02-20,314.570556640625,316.0885697634931,303.5049428811186,303.9244103176242,53210800
2026-02-23,311.0850524902344,319.1046122516075,309.4671633706354,318.6352220336332,31423000
2026-02-24,310.495849609375,311.8640638461802,305.53230897934316,310.11633870149166,25615600
2026-02-25,312.4932556152344,313.23231441520727,309.03776179839537,311.65435118745364,29963600
2026-02-26,306.98040771484375,312.73292940852764,301.95694798569707,312.2335794136705,36431200
2026-02-27,311.354736328125,311.9639287272481,303.4050620118916,303.7446468483449,44640600
2026-03-02,306.12152099609375,308.0889612664211,300.908305641281,302.83581985466094,34790200
2026-03-03,303.1853332519531,303.5448811012492,296.3242691134317,298.2018299939976,35497000
2026-03-04,302.7359619140625,305.07291645770977,300.3590508331652,302.49628364637806,29536200
2026-03-05,300.4888916015625,302.90572878105803,297.60263367704704,302.6460874794852,35752300
2026-03-06,298.1319274902344,300.1393243405422,294.7962729857715,295.7050936872067,25576900
2026-03-09,306.1770935058594,306.6168332730834,293.9044256827884,294.1842573074437,29312100
2026-03-10,306.8567199707031,309.3252467158022,305.3875962722132,305.98724420005084,23239700
2026-03-11,308.5157470703125,311.23412470378855,305.7374076911934,306.56689883882945,24125700
2026-03-12,303.3687744140625,308.7555713296518,300.8502897843219,306.636841807898,24928300
2026-03-13,302.09954833984375,307.50632242162294,300.26065041451466,306.8267356773544,23693100
2026-03-16,305.3775939941406,306.3070315122431,302.8391017033621,304.16832484157635,23519700
2026-03-17,310.7344055175781,311.2341070358109,305.3176276402165,305.67739809365116,21955200
2026-03-18,307.5063171386719,312.28346234614037,306.74676108497374,309.0853604878573,20009800
2026-03-19,306.9466552734375,307.8760927647981,302.16951004441273,303.8285227221892,25075800
2026-03-20,300.8203125,305.8173276578073,298.0919312440676,305.2776414809433,44364100
2026-03-23,301.87969970703125,305.7973733016039,300.75036931754545,301.92965766257777,29326900
2026-03-24,290.2666320800781,299.7409842283802,290.15668188195673,299.02141279307426,36864300
2026-03-25,290.7563171386719,295.82329783701033,289.0673235725591,293.2648285118823,29460700
2026-03-26,280.7523193359375,287.7781215852462,278.33375052565475,287.7381369232671,39080600
2026-03-27,274.1762390136719,279.203235317384,273.7864876697142,277.1144865271076,35890600
2026-03-30,273.33673095703125,276.9245842043685,271.9475460941929,276.2550012483934,35141200
2026-03-31,287.3883361816406,287.9080147834651,276.9245851168754,277.87403020607053,43875400
2026-04-01,297.2124938964844,300.34059988895723,290.23664948178913,290.6663854824321,37684500
2026-04-02,295.59344482421875,297.90206355243157,289.2772403921399,290.5164904801884,21666500
2026-04-06,299.8109130859375,300.4405418912755,295.0037868253031,295.69337737406744,16945500
2026-04-07,305.27764892578125,305.4475608650088,297.5422790326475,302.54929810267237,23205400
2026-04-08,317.1305847167969,321.88772251879675,314.8319393907938,320.25872115869026,33547100
2026-04-09,318.29986572265625,319.3492572184689,310.8743084256086,315.72141928886384,23739200
2026-04-10,317.0506286621094,321.6378852163977,316.1311948927162,319.8289680511782,19152600
2026-04-13,321.1181945800781,321.43801087893695,315.28168437302884,316.9507009019676,18866400
2026-04-14,332.7112731933594,333.09105123243734,323.5567375910905,324.59612530340485,27721400
2026-04-15,336.91876220703125,337.278563176308,330.70247381548376,332.69130668872015,24918800
2026-04-16,335.81939697265625,339.67710854893676,334.3202924195682,338.5477782390461,20541500
2026-04-17,341.4760437011719,342.1156763245155,336.0392884001999,337.4484504303517,25581900
2026-04-20,337.2185974121094,341.1962021124509,336.40905286572576,340.55660000710446,18784200
2026-04-21,332.0916442871094,339.13742351057505,331.1522029907326,337.48841459650436,23123800
2026-04-22,339.1174621582031,339.6171637007564,334.96994545488326,336.818816762841,20293000
2026-04-23,338.6877136230469,341.7558578013153,335.97930940305434,340.9763246437424,18650300
2026-04-24,344.19439697265625,345.06387272769797,335.1897964239415,338.5277988797623,26426100
2026-04-27,350.130859375,352.9691603649003,342.5254168368208,345.77347673538645,28576900
2026-04-28,349.5711975097656,352.20963620070955,345.91337868788094,348.34192077884484,27824100
2026-04-29,349.7311096191406,355.5776236260777,344.0045190996302,347.36252924438134,35376300
2026-04-30,384.5702819824219,385.6096696957082,365.60163158627074,373.8467067603946,72040000
2026-05-01,385.45977783203125,386.52914645154755,378.82372671588394,381.4022037517389,30105200
2026-05-04,383.0212097167969,387.14874909409923,379.56328378663693,385.39979379858875,26298600
2026-05-05,388.1981201171875,392.58551415458055,383.79074899852696,385.99945170269467,23878600
2026-05-06,397.8023986816406,399.61131576273664,392.52555179602564,394.0146525811788,31308500
2026-05-07,397.7524108886719,399.8611671879692,392.4455831227277,399.6812819584635,24433500
2026-05-08,400.56072998046875,401.76002583943523,396.1233780013978,396.7630105926761,21461800
2026-05-11,388.40802001953125,397.2027547509894,388.23810807955056,393.41500861238904,30753700
2026-05-12,387.1187744140625,388.28805889354703,382.541491402114,387.10877062384725,26017500
2026-05-13,402.3796691894531,403.4590416115898,384.77019153718186,385.3698394939953,28144600
2026-05-14,400.8305969238281,402.6894719958145,395.6037078837972,397.04285074569174,21136700
2026-05-15,396.54315185546875,399.30151410906007,392.9452946767326,396.0834349796574,20309700
2026-05-18,396.70306396484375,408.36608091552193,394.29449886421145,395.4538101055549,26837200
2026-05-19,387.4285888671875,396.91291402359946,385.8794958446922,396.72302500471704,39545700
2026-05-20,388.6778564453125,393.62488340369265,382.6714341601505,387.4685872554011,31744400
2026-05-21,387.4285888671875,392.2656959548347,382.7913440893277,385.46976743485186,24852800
2026-05-22,382.74139404296875,388.5079387636157,381.54209816202837,387.1187843592316,20442100
2026-05-26,388.6478576660156,389.0276356997364,382.3716078175452,384.2804712769477,27747400
2026-05-27,388.5978698730469,393.64487351491664,385.66962629134815,386.4391861502527,23087300
2026-05-28,389.8971252441406,391.6360768291116,384.9300907577927,387.76839182151133,24357500
2026-05-29,380.1129455566406,385.0100143138995,378.2340629764561,385.0100143138995,44415800
2026-06-01,376.14532470703125,378.3340198477676,373.2970198869562,376.2952290661171,28672100
2026-06-02,361.6340026855469,373.31702687507857,358.2260345973877,366.371163421305,50412300
2026-06-03,358.77569580078125,366.2312646097652,357.8662353535933,361.81388965190393,55441600
2026-06-04,371.96783447265625,373.0271992966173,357.99616844622375,358.68575901079333,44055500
2026-06-05,368.30999755859375,371.8578661166277,363.90262653478294,366.1213024821565,37471200
2026-06-08,363.30999755859375,366.20001220703125,360.5299987792969,365.17999267578125,27942500
2026-06-09,364.260009765625,372.0799865722656,357.29998779296875,367.0899963378906,29535100
2026-06-10,356.3800048828125,368.55999755859375,355.20001220703125,363.19000244140625,32357100
2026-06-11,357.7699890136719,358.79998779296875,346.3599853515625,355.92999267578125,35538200
2026-06-12,359.67999267578125,366.57000732421875,354.94000244140625,362.6199951171875,24704600
2026-06-15,369.3500061035156,372.989990234375,366.54998779296875,367.92999267578125,27727500
2026-06-16,373.25,376.0,367.05999755859375,369.6000061035156,24876100
2026-06-17,363.7900085449219,372.3299865722656,362.0199890136719,369.1300048828125,24543600
2026-06-18,368.0299987792969,369.4800109863281,358.6700134277344,365.75,44470100
2026-06-22,349.67999267578125,358.9200134277344,341.7200012207031,357.95001220703125,52814800
2026-06-23,346.1300048828125,349.2900085449219,340.20001220703125,340.69000244140625,34007700
2026-06-24,345.2900085449219,353.4800109863281,341.92999267578125,349.0400085449219,44997300
2026-06-25,343.7099914550781,345.57000732421875,335.8399963378906,336.7300109863281,44491400
2026-06-26,337.3900146484375,346.3599853515625,330.20001220703125,342.54998779296875,114706300
2026-06-29,353.6499938964844,354.3500061035156,340.6700134277344,341.8299865722656,34213900
2026-06-30,357.3699951171875,358.6199951171875,350.3999938964844,353.8699951171875,35237200
2026-07-01,361.2099914550781,362.9700012207031,356.42999267578125,358.3699951171875,26736400
2026-07-02,359.9100036621094,364.2099914550781,353.4200134277344,359.4800109863281,25974800
2026-07-06,366.4599914550781,367.92999267578125,357.3800048828125,361.54998779296875,26915800
2026-07-07,367.0299987792969,373.1600036621094,365.5,369.07000732421875,24045600
2026-07-08,361.9200134277344,367.8399963378906,358.0199890136719,364.760009765625,22094800
2026-07-09,358.8900146484375,359.6499938964844,351.0799865722656,354.30999755859375,24729100
2026-07-10,357.17999267578125,357.82000732421875,352.75,357.5299987792969,18146100
2026-07-13,352.510009765625,358.1300048828125,351.75,356.19000244140625,15901700
2026-07-14,359.510009765625,360.1600036621094,351.0899963378906,351.20001220703125,18259400
2026-07-15,370.9200134277344,373.6499938964844,357.760009765625,357.9700012207031,28284600
2026-07-16,354.4599914550781,375.2699890136719,352.29998779296875,373.05999755859375,41158500
2026-07-17,346.7699890136719,348.5199890136719,341.3599853515625,346.0,29959300
2026-07-20,351.989990234375,359.67999267578125,350.5199890136719,350.8800048828125,24736600
2026-07-21,347.1499938964844,351.32000732421875,347.0,351.32000732421875,23369800
2026-07-22,342.0899963378906,349.94000244140625,341.7300109863281,348.1600036621094,39334100
2026-07-23,317.69000244140625,324.489990234375,314.8999938964844,321.1300048828125,69419700
2026-07-24,319.739990234375,324.17999267578125,317.32000732421875,318.4200134277344,31806600
2026-07-27,326.55999755859375,330.4200134277344,324.45001220703125,325.0400085449219,28471600
2026-07-28,333.7099914550781,335.8800048828125,324.44000244140625,327.8999938964844,29511900
2026-07-29,336.7099914550781,342.5,331.6199951171875,334.6700134277344,27501600
2026-07-30,333.6600036621094,336.510009765625,330.3399963378906,334.20001220703125,30168000
2026-07-31,356.1300048828125,358.5799865722656,340.0,340.8299865722656,46498000
2026-08-03,373.510009765625,376.69000244140625,363.3500061035156,365.45001220703125,38669700
2026-08-04,377.6499938964844,380.5199890136719,367.5,368.2200012207031,35705700
2026-08-05,362.42999267578125,384.4800109863281,356.7699890136719,383.3399963378906,46926300
2026-08-06,357.75,364.1300048828125,356.8800048828125,360.7699890136719,25235900
2026-08-07,354.29998779296875,358.8999938964844,353.7799987792969,356.7200012207031,19859900
2026-08-10,357.5199890136719,357.6099853515625,352.7099914550781,355.17999267578125,18991400
2026-08-11,343.79998779296875,356.80999755859375,343.3900146484375,355.8900146484375,29081800
2026-08-12,343.5400085449219,346.4800109863281,340.8800048828125,346.30999755859375,25012000
2026-08-13,346.3599853515625,347.92999267578125,343.760009765625,345.7699890136719,17866100
2026-08-14,345.8999938964844,350.45001220703125,344.5,346.79998779296875,17808600
2026-08-17,344.0,347.25,341.92999267578125,346.2699890136719,18291300
2026-08-18,344.20001220703125,344.8699951171875,340.19000244140625,342.4100036621094,19248800
2026-08-19,344.7200012207031,346.7300109863281,340.6600036621094,342.4599914550781,19733800
2026-08-20,340.6700134277344,343.8999938964844,338.57000732421875,343.05999755859375,18570400
2026-08-21,344.82000732421875,346.20001220703125,340.3999938964844,342.5799865722656,20849800
2026-08-24,348.05999755859375,351.6000061035156,342.489990234375,343.6199951171875,26338200
2026-08-25,346.9599914550781,350.1600036621094,345.6000061035156,349.6400146484375,20649700
2026-08-26,342.0,346.8800048828125,340.17999267578125,346.6199951171875,20420300
2026-08-27,340.6499938964844,341.69000244140625,338.5199890136719,339.6700134277344,23391400
2026-08-28,346.5899963378906,349.1400146484375,340.2699890136719,340.7099914550781,25317400
2026-08-31,338.19000244140625,344.5899963378906,337.156005859375,343.697998046875,12899238
