timestamp,open,high,low,close,volume
2021-08-31 00:00:00+00:00,148.90015120519527,149.03670255975587,147.56388271808643,148.09059143066406,86453100
2021-09-01 00:00:00+00:00,149.06594053769027,151.1629820772436,148.58800342565723,148.75381469726562,80313700
2021-09-02 00:00:00+00:00,150.08035127222993,150.90942268736845,148.64655451799135,149.8657684326172,71115500
2021-09-03 00:00:00+00:00,149.97309277453053,150.82167596581917,149.3195957587932,150.4998016357422,57808700
2021-09-07 00:00:00+00:00,151.15326259436534,153.38685589495006,150.58754556278473,152.83090209960938,82278300
2021-09-08 00:00:00+00:00,153.11376479693286,153.1722846868866,150.1876512353804,151.28982543945312,74420200
2021-09-09 00:00:00+00:00,151.66044621375175,152.26517148741016,150.15836649901337,150.27542114257812,57305700
2021-09-10 00:00:00+00:00,151.18254333907822,151.6507173705701,145.03770150418336,145.30105590820312,140893200
2021-09-13 00:00:00+00:00,146.9201475258426,147.69068411470718,145.0864451705449,145.8667449951172,102404300
2021-09-14 00:00:00+00:00,146.64705797915482,147.34932639599026,143.2917788504928,144.4719696044922,109296300
2021-09-15 00:00:00+00:00,144.9011172737186,145.7594485393446,142.76505234502355,145.3595428466797,83281300
2021-09-16 00:00:00+00:00,144.78408681235825,145.301032298818,143.59413289330473,145.12545776367188,68034100
2021-09-17 00:00:00+00:00,145.15475696069768,145.15475696069768,142.1701084259335,142.4627227783203,129868800
2021-09-20 00:00:00+00:00,140.2583908056045,141.27277037212733,137.79070269716544,139.41957092285156,123478900
2021-09-21 00:00:00+00:00,140.38519239279665,141.0387042995896,139.26352128445325,139.8975067138672,75834000
2021-09-22 00:00:00+00:00,140.89237536058965,142.82360628582634,140.16084691647131,142.25790405273438,76404300
2021-09-23 00:00:00+00:00,143.03817057425258,143.457587900221,142.0530510886709,143.2137451171875,64838200
2021-09-24 00:00:00+00:00,142.0725514999574,143.8379707289355,141.97500844122595,143.301513671875,53477900
2021-09-27 00:00:00+00:00,141.88723117083788,142.3651683544505,140.2778748536838,141.78968811035156,74150700
2021-09-28 00:00:00+00:00,139.72189529724798,141.18495179250712,138.20031892345534,138.41490173339844,108972300
2021-09-29 00:00:00+00:00,138.96112166840754,140.89235227723765,138.53195600356045,139.312255859375,74602000
2021-09-30 00:00:00+00:00,140.12183534910463,140.82410382973063,137.80044704464729,138.01502990722656,89056700
2021-10-01 00:00:00+00:00,138.40511433613224,139.39999674646052,135.683836278531,139.1366424560547,94639600
2021-10-04 00:00:00+00:00,138.26860229461653,138.7075311976416,134.86456666800945,135.713134765625,98322000
2021-10-05 00:00:00+00:00,136.0545015739937,138.73677173382114,135.92769858570284,137.6345977783203,80861100
2021-10-06 00:00:00+00:00,136.03496807046943,138.64895469761572,134.96205422620645,138.50265502929688,83221100
2021-10-07 00:00:00+00:00,139.53659409609236,140.66802820004892,139.20497147758243,139.76092529296875,61732700
2021-10-08 00:00:00+00:00,140.48266702390393,140.62896670309593,139.04887063590832,139.3804931640625,58773200
2021-10-11 00:00:00+00:00,138.76606124094116,141.2434974770439,138.31738395190774,139.29275512695312,64452200
2021-10-12 00:00:00+00:00,139.7024045703548,139.72191616043952,137.56633938704366,138.02476501464844,73035900
2021-10-13 00:00:00+00:00,137.76143421982243,137.9174823014052,135.77166862906188,137.43955993652344,78762700
2021-10-14 00:00:00+00:00,138.6099736345154,140.33638447460456,138.02474508035556,140.21932983398438,69907100
2021-10-15 00:00:00+00:00,140.22908119272677,141.33124021077776,139.9754752286786,141.27272033691406,67940300
2021-10-18 00:00:00+00:00,139.9170465723491,143.2235555481061,139.63419536994613,142.94070434570312,85589200
2021-10-19 00:00:00+00:00,143.38930715549284,145.4961124077629,142.94064476173952,145.09620666503906,76378900
2021-10-20 00:00:00+00:00,145.03770255984122,146.0618453536086,144.4719854463032,145.5839080810547,58418800
2021-10-21 00:00:00+00:00,145.14493470888215,145.9544943053686,144.22808372291004,145.79843139648438,61421000
2021-10-22 00:00:00+00:00,146.0033099939033,146.481232332848,144.97916730862042,145.02793884277344,58883400
2021-10-25 00:00:00+00:00,145.0181647887637,145.69117321411855,143.98427382696465,144.97915649414062,50720600
2021-10-26 00:00:00+00:00,145.6521586308098,147.12496353769075,145.34003275537546,145.6424102783203,60893400
2021-10-27 00:00:00+00:00,145.68140905786274,146.04229155515878,144.8328410742834,145.18397521972656,56094900
2021-10-28 00:00:00+00:00,146.13013733509126,149.39762230558532,146.03259425054543,148.81240844726562,100077900
2021-10-29 00:00:00+00:00,143.59413644564216,146.2471470636249,142.804088225394,146.110595703125,124953200
2021-11-01 00:00:00+00:00,145.32053496464482,146.0130400607468,144.15984105888933,145.29127502441406,74588300
2021-11-02 00:00:00+00:00,144.9986596105235,147.83699285465968,144.98889637520205,146.32516479492188,69122000
2021-11-03 00:00:00+00:00,146.686042864982,148.22713081802038,146.13008913879244,147.7589569091797,54511500
2021-11-04 00:00:00+00:00,147.84677558220335,148.6758322133497,146.92992422765454,147.24205017089844,60394600
2021-11-05 00:00:00+00:00,148.36533077411934,148.66813471450217,146.57779487265975,147.7694854736328,65463900
2021-11-08 00:00:00+00:00,147.89652794473818,148.0528187149123,146.6755342490806,146.94903564453125,55020900
2021-11-09 00:00:00+00:00,146.71454897260128,147.9160021821263,146.57779832196186,147.31039428710938,56787900
2021-11-10 00:00:00+00:00,146.53877834952974,146.64622638712174,144.41913515767618,144.4875030517578,65187100
2021-11-11 00:00:00+00:00,145.50333134171993,145.96241109507744,144.25302053135974,144.43861389160156,41000000
2021-11-12 00:00:00+00:00,144.9856178095641,146.90990439693277,144.05766590459464,146.50942993164062,63804000
2021-11-15 00:00:00+00:00,146.88060480284193,148.3555742437889,145.9624154592678,146.51919555664062,59222800
2021-11-16 00:00:00+00:00,146.46058703081326,147.97462166575806,145.87450429964008,147.49598693847656,59256200
2021-11-17 00:00:00+00:00,147.49599850722544,151.40317727562876,147.48623592599793,149.92822265625,88807000
2021-11-18 00:00:00+00:00,150.14308917571017,154.9879815498081,149.49840122848465,154.20654296875,137827700
2021-11-19 00:00:00+00:00,153.9916581394781,157.28346597858675,152.89765298958213,156.82437133789062,117305600
2021-11-22 00:00:00+00:00,157.9281509208038,161.8548695638248,157.26393771700205,157.28347778320312,117467900
2021-11-23 00:00:00+00:00,157.3811499145866,158.04537802988585,155.36895531169498,157.6644287109375,96041900
2021-11-24 00:00:00+00:00,157.01971058805793,158.3774543011539,155.93546813337693,158.18209838867188,69463600
2021-11-26 00:00:00+00:00,155.8671359816053,156.72670517440085,152.7316184657377,153.17117309570312,76959800
2021-11-29 00:00:00+00:00,155.67173929364688,157.4495124904144,155.1051966783485,156.5215606689453,88748200
2021-11-30 00:00:00+00:00,156.277350409369,161.67902255964896,156.20896764318036,161.46412658691406,174048100
2021-12-01 00:00:00+00:00,163.59356203535145,166.34813007275002,160.71202083002768,160.9464569091797,152052500
2021-12-02 00:00:00+00:00,155.05635670733542,160.38964606969503,154.1381675375188,159.95985412597656,136739200
2021-12-03 00:00:00+00:00,160.21384675586103,161.1320360204304,156.01362719703414,158.0844268798828,118023100
2021-12-06 00:00:00+00:00,160.47759138079394,163.98429560873123,160.4678287996897,161.48370361328125,107497000
2021-12-07 00:00:00+00:00,165.15642772326544,167.59841414884357,164.43359437560147,167.2076873779297,120405400
2021-12-08 00:00:00+00:00,168.1356556285786,171.87678065417452,166.73883163036436,171.01719665527344,116998900
2021-12-09 00:00:00+00:00,170.85116144440897,172.6484600825667,169.8841293433167,170.50927734375,108923700
2021-12-10 00:00:00+00:00,171.14419733842757,175.46162790674452,170.63625994665398,175.28579711914062,115402700
2021-12-13 00:00:00+00:00,176.91705651666257,177.90362873179458,171.45677755961725,171.6619110107422,153237000
2021-12-14 00:00:00+00:00,171.1832561903654,173.6154801461527,168.21380712036787,170.28460693359375,139380400
2021-12-15 00:00:00+00:00,171.04649539113694,175.33462289814014,168.31146765189683,175.13926696777344,131063300
2021-12-16 00:00:00+00:00,175.11978425979464,176.9366233262029,166.7877251559473,168.26268005371094,150185800
2021-12-17 00:00:00+00:00,165.98671202152144,169.44457351876034,165.75229083845704,167.16864013671875,195432700
2021-12-20 00:00:00+00:00,164.374993320752,166.62162387110183,163.57402950297322,165.81088256835938,107499100
2021-12-21 00:00:00+00:00,167.5789142050935,169.18085708761444,165.19553249835857,168.97573852539062,91185900
2021-12-22 00:00:00+00:00,169.02455200604695,171.7791202742142,168.15520530032774,171.56422424316406,92135300
2021-12-23 00:00:00+00:00,171.76934702247985,172.74614168304623,171.2028043307869,172.18936157226562,68356600
2021-12-27 00:00:00+00:00,172.98059559497133,176.23332421872215,172.961070429452,176.14541625976562,74919600
2021-12-28 00:00:00+00:00,175.9793227997058,177.12217071968058,174.38714279522745,175.12950134277344,79144300
2021-12-29 00:00:00+00:00,175.16856451921535,176.43840038673264,174.0061766459811,175.2174072265625,62348900
2021-12-30 00:00:00+00:00,175.30532209148024,176.3798020768136,173.95734081982604,174.06478881835938,59773000
2021-12-31 00:00:00+00:00,173.9573548573712,175.0709001571645,173.14661351296067,173.44943237304688,64062300
2022-01-03 00:00:00+00:00,173.70339765267045,178.6362137085352,173.58618706197944,177.78639221191406,104487900
2022-01-04 00:00:00+00:00,178.39201490568885,178.69481886787932,174.96345608354855,175.52999877929688,99310400
2022-01-05 00:00:00+00:00,175.44206970266174,175.98907226585013,170.58739959731207,170.86090087890625,94537600
2022-01-06 00:00:00+00:00,168.69238957234518,171.23206096930636,167.65698989510244,168.00863647460938,96904000
2022-01-07 00:00:00+00:00,168.8780217142409,170.09901499255682,167.06118311991872,168.1747283935547,86709100
2022-01-10 00:00:00+00:00,165.1564429133354,168.4970788622131,164.2675561955421,168.19427490234375,106765600
2022-01-11 00:00:00+00:00,168.3212489833143,171.1148671703379,166.85605711502512,171.01719665527344,76138300
2022-01-12 00:00:00+00:00,172.0330771442787,173.06847713761263,170.76325596284155,171.45677185058594,74805200
2022-01-13 00:00:00+00:00,171.70096415486904,172.52146809219963,167.80354809549323,168.19427490234375,84505800
2022-01-14 00:00:00+00:00,167.36396777404897,169.74734876331195,167.11976914653764,169.0538330078125,80440800
2022-01-18 00:00:00+00:00,167.53005178287384,168.53614912039677,165.47879187832885,165.8597412109375,90956700
2022-01-19 00:00:00+00:00,166.0551407470262,167.11008107680755,162.08935565276226,162.37261962890625,94815000
2022-01-20 00:00:00+00:00,163.1052046845527,165.74254787630412,160.3701760430409,160.69252014160156,91420500
2022-01-21 00:00:00+00:00,160.60457194151562,162.470253269675,158.5337720868401,158.64122009277344,122848900
2022-01-24 00:00:00+00:00,156.30669005524535,158.53378075020058,151.1101351638804,157.8695526123047,162294600
2022-01-25 00:00:00+00:00,155.2907812885663,158.98306320756222,153.37627246633923,156.0722198486328,115798400
2022-01-26 00:00:00+00:00,159.70592982008216,160.57527648713483,154.15774320444362,155.98434448242188,108275300
2022-01-27 00:00:00+00:00,158.68028043462846,160.03802433796417,154.60704872462142,155.52523803710938,121954600
2022-01-28 00:00:00+00:00,161.86463986114418,166.39696621279427,159.02216399560837,166.37742614746094,179935700
2022-01-31 00:00:00+00:00,166.2113952349244,170.93907816240107,165.57646971606974,170.72418212890625,115541600
2022-02-01 00:00:00+00:00,169.97202274767105,170.78276405312576,168.31147491088436,170.55810546875,86213900
2022-02-02 00:00:00+00:00,170.69487983616585,171.79866265554188,169.30783310188434,171.75958251953125,84914300
2022-02-03 00:00:00+00:00,170.43110878285196,172.15027672857178,168.12587305039293,168.8877716064453,89418100
2022-02-04 00:00:00+00:00,167.9097877683782,170.27665611869838,166.9317484223172,168.6042022705078,82465400
2022-02-07 00:00:00+00:00,169.06379560864096,170.12985436967668,167.19573783007772,167.89015197753906,77251200
2022-02-08 00:00:00+00:00,167.9586430232075,171.49915455646115,167.6652283214683,170.99057006835938,74829200
2022-02-09 00:00:00+00:00,172.18379236064646,172.77060688626915,171.05903840340724,172.4087371826172,71285000
2022-02-10 00:00:00+00:00,170.3157773974167,171.62634658770864,167.78265897953224,168.3401336669922,90865900
2022-02-11 00:00:00+00:00,168.545490327705,169.27901969811438,164.34969397169522,164.9365234375,98670700
2022-02-14 00:00:00+00:00,163.69440078491326,165.85587378073802,162.90219149496014,165.17124938964844,86185500
2022-02-15 00:00:00+00:00,167.21532291468824,169.1518358853044,166.51113366652052,168.99534606933594,62527400
2022-02-16 00:00:00+00:00,168.07604144255788,169.5333102903167,166.31556790878483,168.7606658935547,61177400
2022-02-17 00:00:00+00:00,167.274027503072,168.13470669398032,164.77024977354867,165.17124938964844,69589300
2022-02-18 00:00:00+00:00,166.09060878011084,166.7947832093295,162.54032203615824,163.62594604492188,82772700
2022-02-22 00:00:00+00:00,161.35688974047144,163.0293432010753,158.58903724171788,160.71139526367188,91162800
2022-02-23 00:00:00+00:00,161.90459367562613,162.50119815168253,156.241753586249,156.5547332763672,90009200
2022-02-24 00:00:00+00:00,149.22922517438823,159.27369208830245,148.66196063900136,159.16610717773438,141147500
2022-02-25 00:00:00+00:00,160.24195287546036,161.4938419663862,157.33717500506495,161.2297821044922,91974200
2022-02-28 00:00:00+00:00,159.47907699118204,161.7872502076219,158.8629074909049,161.49383544921875,95056600
2022-03-01 00:00:00+00:00,161.08304074169718,162.94132403155473,158.41299811175085,159.61598205566406,83474400
2022-03-02 00:00:00+00:00,160.77987821220702,163.68465609606667,159.37149924746353,162.9022216796875,79724800
2022-03-03 00:00:00+00:00,164.7702966304226,165.20063634825544,161.91442341280975,162.57948303222656,76678400
2022-03-04 00:00:00+00:00,160.87764280753723,161.9143617747294,158.54013016070306,159.5866241455078,83737200
2022-03-07 00:00:00+00:00,159.7724878532729,161.39603654297554,155.5473512521712,155.80165100097656,96418800
2022-03-08 00:00:00+00:00,155.33216629168248,159.30300237550088,152.37848423515257,153.9824676513672,131148300
2022-03-09 00:00:00+00:00,157.9337716080875,159.82139509337992,155.9092381504341,159.37149047851562,91454900
2022-03-10 00:00:00+00:00,156.68185579600046,156.86768560681452,152.55452973284972,155.03875732421875,105342000
2022-03-11 00:00:00+00:00,155.43974670100266,155.78206635482195,151.1070406596988,151.3319854736328,96970100
2022-03-14 00:00:00+00:00,148.1240148231261,150.73537736075448,146.80367102699051,147.31224060058594,108732100
2022-03-15 00:00:00+00:00,147.58612546449382,152.15358216127328,147.07755576988814,151.68411254882812,92964300
2022-03-16 00:00:00+00:00,153.60106822684398,156.48628104894496,151.06795013405093,156.0852813720703,102300200
2022-03-17 00:00:00+00:00,155.12676781405298,157.46428044860957,154.16829376386883,157.09262084960938,75615400
2022-03-18 00:00:00+00:00,156.98501851922993,160.86783414742996,156.25148934398342,160.37881469726562,123511700
2022-03-21 00:00:00+00:00,159.9191646814939,162.6968070121453,159.4301451412394,161.74810791015625,95811400
2022-03-22 00:00:00+00:00,161.87525716684658,165.6993938917205,161.28844262082922,165.11257934570312,81532000
2022-03-23 00:00:00+00:00,164.30078278901993,168.84865833026834,163.9682381752626,166.47203063964844,98062700
2022-03-24 00:00:00+00:00,167.30337650948087,170.31573891650316,166.4720521767643,170.24728393554688,90131400
2022-03-25 00:00:00+00:00,170.06143114397722,171.430679815148,168.95624226558783,170.8829803466797,80546200
2022-03-28 00:00:00+00:00,168.38903069595148,171.87084834447882,168.2227657996674,171.74371337890625,90371900
2022-03-29 00:00:00+00:00,172.8097389298353,175.0787819860724,172.46741925958432,175.02989196777344,100589400
2022-03-30 00:00:00+00:00,174.62886654102215,175.6655854938626,172.8194884204446,173.86599731445312,92633200
2022-03-31 00:00:00+00:00,173.93446796182153,174.120297776475,170.5700111087268,170.77540588378906,103049300
2022-04-01 00:00:00+00:00,170.2081296381206,171.03946877548313,168.16403166582776,170.4819793701172,78751300
2022-04-04 00:00:00+00:00,170.7363394709608,174.5702519989907,170.6091895776602,174.52134704589844,76468400
2022-04-05 00:00:00+00:00,173.60196376939686,174.38439814013864,170.58960114244232,171.21554565429688,73401800
2022-04-06 00:00:00+00:00,168.57483234577828,169.81694627331598,166.3938091700385,168.0564727783203,89058800
2022-04-07 00:00:00+00:00,167.4011755212215,169.55285855113002,166.11994669119974,168.35964965820312,77594700
2022-04-08 00:00:00+00:00,168.00762548437808,168.00762548437808,165.48428176298384,166.354736328125,76575500
2022-04-11 00:00:00+00:00,165.00498773482366,165.31795249524248,161.8654755697351,162.1099853515625,72246700
2022-04-12 00:00:00+00:00,164.33013728303388,166.13950070260202,162.9804385205217,163.97804260253906,79265200
2022-04-13 00:00:00+00:00,163.7139749230824,167.28381189911025,163.10759541750994,166.65786743164062,70618900
2022-04-14 00:00:00+00:00,166.87301451784705,167.50874884154206,161.41555493977322,161.66006469726562,75329400
2022-04-18 00:00:00+00:00,160.3201618914843,162.94131434841603,159.97785717263437,161.44491577148438,69023900
2022-04-19 00:00:00+00:00,161.39597158498302,164.13448328828676,160.31034788888962,163.72369384765625,67723800
2022-04-20 00:00:00+00:00,165.05387853639598,165.17125338034182,162.45230578739907,163.55747985839844,67929800
2022-04-21 00:00:00+00:00,165.20059691129774,167.7630547165198,162.266479452362,162.76527404785156,87227800
2022-04-22 00:00:00+00:00,162.8043941791054,164.1834179598548,157.95331370568277,158.2369384765625,84882400
2022-04-25 00:00:00+00:00,157.5816809008669,159.58666436994497,154.98010780953732,159.30303955078125,96046400
2022-04-26 00:00:00+00:00,158.68684707978605,158.77486701882205,153.2782919448604,153.35653686523438,95623200
2022-04-27 00:00:00+00:00,152.48608239761126,156.28086402556207,151.96772285920957,153.131591796875,88063200
2022-04-28 00:00:00+00:00,155.7527344180899,160.9070049099631,155.43975472715812,160.04632568359375,130216800
2022-04-29 00:00:00+00:00,158.2858683064252,162.55012002443183,153.7966717400247,154.18788146972656,131747600
2022-05-02 00:00:00+00:00,153.268494371806,154.7551028690703,149.90403790928826,154.4910430908203,123055300
2022-05-03 00:00:00+00:00,154.67686742533908,157.18065989099466,152.88706912402677,155.9776611328125,88966500
2022-05-04 00:00:00+00:00,156.16354378750378,162.82398948256164,155.7625440657332,162.3740997314453,108256500
2022-05-05 00:00:00+00:00,160.25169689963175,160.47664169209344,151.54714080304078,153.32717895507812,130525300
2022-05-06 00:00:00+00:00,152.8080631040653,156.16767394547392,151.0156200226824,154.052001953125,116124600
2022-05-09 00:00:00+00:00,151.75023984870148,152.63177739233632,148.38085428930862,148.93914794921875,131577900
2022-05-10 00:00:00+00:00,152.32811702969943,153.52307898712107,149.7912627423493,151.33883666992188,115366700
2022-05-11 00:00:00+00:00,150.3495566722883,152.2595317646696,142.8173843082867,143.49322509765625,142689800
2022-05-12 00:00:00+00:00,139.83983661531016,143.1994331763469,135.95131447864176,139.63414001464844,182602000
2022-05-13 00:00:00+00:00,141.6224448185645,145.06041547307086,140.17282438448345,144.09072875976562,113990900
2022-05-16 00:00:00+00:00,142.56276758428663,144.4923369438145,141.22087499257742,142.55296325683594,86643800
2022-05-17 00:00:00+00:00,145.80481151470883,146.69613834453236,143.66954586445135,146.17701721191406,78336300
2022-05-18 00:00:00+00:00,143.83608013972986,144.33560760113403,137.0287088681347,137.92984008789062,109742900
2022-05-19 00:00:00+00:00,137.0091561140078,138.7526228149115,133.79647489353653,134.5310821533203,136095600
2022-05-20 00:00:00+00:00,136.2353274341848,137.81228455615957,129.88832647827988,134.76611328125,137426100
2022-05-23 00:00:00+00:00,134.96203055915507,140.31976702681078,134.82490447725766,140.1728515625,117726300
2022-05-24 00:00:00+00:00,137.92002455292192,139.05622039365426,134.51145197634384,137.47926330566406,104132700
2022-05-25 00:00:00+00:00,135.58885488011762,138.87989482274827,135.50070562747285,137.63597106933594,92482700
2022-05-26 00:00:00+00:00,134.57020484609697,141.37755994588284,134.32533585009304,140.8290557861328,90601500
2022-05-27 00:00:00+00:00,142.4060284868712,146.60797434750936,142.27869181225157,146.5688018798828,90978500
2022-05-31 00:00:00+00:00,146.01052282850958,147.56788638378129,143.82628016379354,145.7852325439453,103718400
2022-06-01 00:00:00+00:00,146.8234927200187,148.625740486996,144.64905411869742,145.65792846679688,74286600
2022-06-02 00:00:00+00:00,144.79596367082308,148.16536407915592,143.8458705924634,148.10659790039062,72348100
2022-06-03 00:00:00+00:00,143.8850177275583,144.93306421639832,141.49510885340763,142.39622497558594,88570300
2022-06-06 00:00:00+00:00,144.01240411533595,145.52080603843785,141.92611474243267,143.1406707763672,71598400
2022-06-07 00:00:00+00:00,141.3874111623379,145.94197002029273,141.14254208512267,145.65792846679688,67808200
2022-06-08 00:00:00+00:00,145.53057980516448,146.7940975636926,144.43357121198528,144.92330932617188,53950200
2022-06-09 00:00:00+00:00,144.0613709060868,144.91351047437155,139.60475090946733,139.71249389648438,69473000
2022-06-10 00:00:00+00:00,137.40092646925825,137.87107088214006,134.24701176433422,134.31558227539062,91437900
2022-06-13 00:00:00+00:00,130.14299644685158,132.4251777606438,128.7423526705115,129.17332458496094,122207100
2022-06-14 00:00:00+00:00,130.39766413988795,131.1420606306549,128.7815195311164,130.03524780273438,84784300
2022-06-15 00:00:00+00:00,131.5338494146611,134.52125474775525,129.4475753177957,132.65045166015625,91533000
2022-06-16 00:00:00+00:00,129.36924010699727,129.67287538890463,126.39162358728844,127.39069366455078,108123900
2022-06-17 00:00:00+00:00,127.40046865716874,130.34868645706888,127.14579529566508,128.85987854003906,134520300
2022-06-21 00:00:00+00:00,130.68170729877417,134.24699991857628,130.58376865027734,133.0814208984375,81000500
2022-06-22 00:00:00+00:00,132.0235786011109,134.93262385029735,131.16164978530637,132.5720977783203,73409200
2022-06-23 00:00:00+00:00,134.0119221215175,135.74558399228505,132.84634321517927,135.43215942382812,72433800
2022-06-24 00:00:00+00:00,137.02869134817942,138.99744774415504,136.901369626622,138.75257873535156,89116800
2022-06-27 00:00:00+00:00,139.77122723590202,140.5450216732672,138.07673787975503,138.75257873535156,70207900
2022-06-28 00:00:00+00:00,139.2129786588069,140.47649657650825,134.50169979812208,134.61923217773438,67083400
2022-06-29 00:00:00+00:00,134.63881999394516,137.78293057588337,133.86502534038587,136.3724822998047,66242400
2022-06-30 00:00:00+00:00,134.4331227102609,135.53013138802967,131.0245493574635,133.91400146484375,98964500
2022-07-01 00:00:00+00:00,133.2478979449589,136.18632571299105,132.87570725736074,136.07858276367188,71051600
2022-07-05 00:00:00+00:00,134.94243962271915,138.70362462604172,134.11966825992553,138.65464782714844,73353800
2022-07-06 00:00:00+00:00,138.44895512148898,141.16209320483665,138.18449238511542,139.98672485351562,74064300
2022-07-07 00:00:00+00:00,140.3491044689141,143.5422056804672,140.33931508968487,143.3463134765625,66253700
2022-07-08 00:00:00+00:00,142.2786895406023,144.52169812610057,142.02403114104803,144.02215576171875,64547800
2022-07-11 00:00:00+00:00,142.68029721118097,143.63039032716094,140.8290877786715,141.89671325683594,63141600
2022-07-12 00:00:00+00:00,142.76840995155382,145.4032026642234,142.0729903924104,142.86636352539062,77588800
2022-07-13 00:00:00+00:00,140.0552923046931,143.44427122627144,139.2031379384123,142.5039825439453,71185600
2022-07-14 00:00:00+00:00,141.1228918514691,145.89293478252006,140.30992504725015,145.42279052734375,78140700
2022-07-15 00:00:00+00:00,146.7059412883577,147.76377735798872,145.1583671279135,147.0879364013672,76259900
2022-07-18 00:00:00+00:00,147.64626627696484,148.45923341835072,143.6891735633667,144.0515899658203,81420900
2022-07-19 00:00:00+00:00,144.88410592104603,148.1261694879342,143.8948404199678,147.90089416503906,82982400
2022-07-20 00:00:00+00:00,148.01842499581136,150.5650688606649,147.2838179131366,149.89901733398438,64823400
2022-07-21 00:00:00+00:00,151.3290755894941,152.37712231601844,148.82161886422966,152.16163635253906,65086600
2022-07-22 00:00:00+00:00,152.20082772301902,153.07256106692492,150.2614687565271,150.92750549316406,66675400
2022-07-25 00:00:00+00:00,150.84909422530328,151.85795331530994,149.15460492057616,149.81085205078125,53623900
2022-07-26 00:00:00+00:00,149.1350139839463,149.9479808770686,147.70498735893062,148.4885711669922,55138700
2022-07-27 00:00:00+00:00,149.4484808165071,154.10099277980115,149.0371026048061,153.5720672607422,78620700
2022-07-28 00:00:00+00:00,153.75817384315252,154.40463173955777,151.2409277129022,154.12059020996094,81378700
2022-07-29 00:00:00+00:00,157.93072824104914,160.2716754702952,156.22643448443253,159.17465209960938,101786900
2022-08-01 00:00:00+00:00,157.7054219228439,160.23247174092782,157.58788958801776,158.19515991210938,67829400
2022-08-02 00:00:00+00:00,156.81413161603723,159.07671904499605,156.35377664743476,156.72596740722656,59907000
2022-08-03 00:00:00+00:00,157.53894532472003,163.17093336402678,157.45079605540153,162.7203826904297,82507500
2022-08-04 00:00:00+00:00,162.60281360750764,163.7586031177134,161.0552396557241,162.40692138671875,55474100
2022-08-05 00:00:00+00:00,160.0823306929475,162.67173843719075,159.8763484441019,162.1813201904297,56697000
2022-08-08 00:00:00+00:00,163.18179581085533,164.59420304327227,161.05338198319762,161.71054077148438,60276900
2022-08-09 00:00:00+00:00,160.8768658503071,162.6423751902944,160.12161727807143,161.75961303710938,63135500
2022-08-10 00:00:00+00:00,164.46672330332,166.0949161402945,163.70167172283962,165.99684143066406,70170500
2022-08-11 00:00:00+00:00,166.8010905635419,167.71327649760102,164.9669306824805,165.2611846923828,57149200
2022-08-12 00:00:00+00:00,166.5656804191666,168.87063747457046,166.1537158722437,168.80198669433594,68039400
2022-08-15 00:00:00+00:00,168.2331135298216,170.06727335382837,168.0663730882192,169.87110900878906,54091700
2022-08-16 00:00:00+00:00,169.46899366269176,170.38117973679442,168.3704611545434,169.71420288085938,56377100
2022-08-17 00:00:00+00:00,169.45918969908251,172.77440813234162,169.26302531896266,171.205078125,79542000
2022-08-18 00:00:00+00:00,170.42040013426683,171.54835650831478,169.80246813878225,170.81272888183594,62290100
2022-08-19 00:00:00+00:00,169.7141510996703,170.41055165199725,168.02711099609633,168.23309326171875,70346300
2022-08-22 00:00:00+00:00,166.43819485878106,166.6049353146799,163.93705808753546,164.35882568359375,69026800
2022-08-23 00:00:00+00:00,163.8781795700326,165.4769480040651,163.4564120530002,164.02529907226562,54147100
2022-08-24 00:00:00+00:00,164.1135822617859,164.88843656775538,163.0640799468379,164.31954956054688,53841500
2022-08-25 00:00:00+00:00,165.54560642521002,166.8795448504242,165.12385385508654,166.7716522216797,51218200
2022-08-26 00:00:00+00:00,167.3012923372698,167.77208967610682,160.42561875617696,160.48446655273438,78961000
2022-08-29 00:00:00+00:00,158.06182659509352,159.7782908024648,156.7573269679059,158.2874298095703,73314000
2022-08-30 00:00:00+00:00,159.02308781449068,159.44484048815386,154.69759359071182,155.8647918701172,77906200
2022-08-31 00:00:00+00:00,157.23793525223348,157.50276536238007,154.1286845852179,154.2071533203125,87991100
2022-09-01 00:00:00+00:00,153.6382414104045,155.38412932683354,151.70599214901193,154.93295288085938,74229900
2022-09-02 00:00:00+00:00,156.6886565527691,157.286967514474,152.00025851175562,152.82415771484375,76957800
2022-09-06 00:00:00+00:00,153.4715206737186,154.07963464254792,150.7447958267751,151.56869506835938,73714800
2022-09-07 00:00:00+00:00,151.8531146846475,153.66765323664163,150.66629592998046,152.9712677001953,87449600
2022-09-08 00:00:00+00:00,151.67660447799875,153.36364499716552,149.75415773532657,151.50006103515625,84923800
2022-09-09 00:00:00+00:00,152.4907097522004,154.79568238893685,151.7845060067485,154.3542938232422,68028800
2022-09-12 00:00:00+00:00,156.53173198406338,161.11223777090294,156.24729591423596,160.2981414794922,104956000
2022-09-13 00:00:00+00:00,156.83580616608484,157.4635411507797,150.430942739526,150.89193725585938,122656600
2022-09-14 00:00:00+00:00,151.82368576965968,154.0894308134101,150.66630580332588,152.33372497558594,87965400
2022-09-15 00:00:00+00:00,151.6863795720259,152.26508456095567,148.47905455230304,149.4500732421875,90481100
2022-09-16 00:00:00+00:00,148.312339619677,148.44965617349064,145.52675172371437,147.81210327148438,162278800
2022-09-19 00:00:00+00:00,146.44871449211217,151.59810678770754,146.2427471814607,151.51963806152344,81474200
2022-09-20 00:00:00+00:00,150.4603364872082,155.05065980282333,150.14647654096677,153.8932647705078,107689800
2022-09-21 00:00:00+00:00,154.3248240736869,155.69800426701255,150.65650483896582,150.77420043945312,101696800
2022-09-22 00:00:00+00:00,149.4599017279835,151.50984684718208,148.0180705759549,149.81300354003906,86652500
2022-09-23 00:00:00+00:00,148.2926712627535,148.56730428254153,145.71306650576898,147.54722595214844,96029900
2022-09-26 00:00:00+00:00,146.79199294144382,150.82323152103234,146.77237202102398,147.88072204589844,93339400
2022-09-27 00:00:00+00:00,149.81299153282302,151.75504386028683,147.0764489671257,148.8517608642578,84442700
2022-09-28 00:00:00+00:00,144.81071412247172,147.75322390412563,142.06436866631904,146.9685516357422,146691400
2022-09-29 00:00:00+00:00,143.30021086857073,143.90832467636554,137.98406415633502,139.74957275390625,128138200
2022-09-30 00:00:00+00:00,138.5725991267457,140.35772899315157,135.35545614892226,135.55162048339844,124925300
2022-10-03 00:00:00+00:00,135.56147592361145,140.32834390512355,135.05143653979655,139.72021484375,114311700
2022-10-04 00:00:00+00:00,142.2507447443845,143.41794280659562,141.49549629829846,143.3002471923828,87830100
2022-10-05 00:00:00+00:00,141.30913113651346,144.55569777280346,140.2694318056122,143.59446716308594,79471000
2022-10-06 00:00:00+00:00,143.0157891213956,144.71263233032042,142.43709909152813,142.64306640625,68402200
2022-10-07 00:00:00+00:00,139.80845770678545,140.3577388347644,136.7776758724346,137.40541076660156,85925600
2022-10-10 00:00:00+00:00,137.72911071777344,139.17094210590585,135.91457149826957,137.72911071777344,74899000
2022-10-11 00:00:00+00:00,137.21904887976436,138.64127407342733,135.57125040118655,136.31668090820312,77033700
2022-10-12 00:00:00+00:00,136.4638036366148,137.67022848780448,135.51239091855444,135.68893432617188,70433700
2022-10-13 00:00:00+00:00,132.40312487373902,140.83830981626429,131.79499606499104,140.24981689453125,113224000
2022-10-14 00:00:00+00:00,141.5445022361652,141.75048447082304,135.54178809850927,135.7281494140625,88598000
2022-10-17 00:00:00+00:00,138.36665154683308,140.16156968133146,137.5819791306435,139.68096923828125,85250900
2022-10-18 00:00:00+00:00,142.70190006350694,143.88870378321928,137.91541341285344,140.9952392578125,99136600
2022-10-19 00:00:00+00:00,138.97473585531196,142.17225768233465,138.78837451258266,141.1031494140625,61758300
2022-10-20 00:00:00+00:00,140.27923092891302,143.09422670420207,139.9163112713326,140.6421356201172,64522000
2022-10-21 00:00:00+00:00,140.1321395849877,145.0167173026428,139.9163543059083,144.4478302001953,86548600
2022-10-24 00:00:00+00:00,144.36932866368048,147.3510650763543,143.2021308192321,146.5860137939453,75981900
2022-10-25 00:00:00+00:00,147.21377179556336,149.56778877679034,146.4977652190575,149.420654296875,74732300
2022-10-26 00:00:00+00:00,148.06712385627637,149.07738452163943,145.20306734701933,146.48797607421875,88194300
2022-10-27 00:00:00+00:00,145.23248644302674,146.1937021462339,141.36798774070627,142.025146484375,109180200
2022-10-28 00:00:00+00:00,145.35999154749908,154.48177557471033,144.98728378991743,152.75550842285156,164762400
2022-10-31 00:00:00+00:00,150.22497632532892,151.28428192484714,149.0087332370563,150.40151977539062,97943200
2022-11-01 00:00:00+00:00,152.10817643552318,152.47108127109797,146.27220032701106,147.7630615234375,80379300
2022-11-02 00:00:00+00:00,146.09561013902547,149.2539052221096,142.22130852087065,142.250732421875,93604600
2022-11-03 00:00:00+00:00,139.3376819611652,140.063506625589,136.09111434862288,136.2186279296875,97918500
2022-11-04 00:00:00+00:00,139.5982394074154,140.16807005387253,132.02345398469166,135.95330810546875,140814800
2022-11-07 00:00:00+00:00,134.70562941235488,136.70984922405512,133.29087896117363,136.48388671875,83374600
2022-11-08 00:00:00+00:00,137.94772594743225,138.94982808586678,135.07893386231837,137.05368041992188,89908500
2022-11-09 00:00:00+00:00,136.07123106652006,136.12035725287217,132.2297941583769,132.5048828125,74917800
2022-11-10 00:00:00+00:00,138.7631880310501,144.29444885253906,137.0536956773793,144.29444885253906,118854000
2022-11-11 00:00:00+00:00,143.26287971945007,147.3793904835366,141.83829520447486,147.0748291015625,93979700
2022-11-14 00:00:00+00:00,146.35763570725214,147.64466090619808,144.8446330372058,145.6797332763672,73374100
2022-11-15 00:00:00+00:00,149.5506380930854,150.89660867721872,145.95481705312972,147.4088592529297,89868300
2022-11-16 00:00:00+00:00,146.51481993344615,147.24183349471545,144.70707528826344,146.18077087402344,64218300
2022-11-17 00:00:00+00:00,143.8621421866718,148.82358651784585,143.58705356948877,148.07691955566406,80389400
2022-11-18 00:00:00+00:00,149.63904958366277,150.02220984195606,147.34008803390304,148.63693237304688,74829600
2022-11-21 00:00:00+00:00,147.52674987775407,147.73305885560603,145.12953609848137,145.41444396972656,58724100
2022-11-22 00:00:00+00:00,145.5323481888436,147.7821833963105,144.353379792247,147.54638671875,51804100
2022-11-23 00:00:00+00:00,146.829235595594,149.16750461394776,146.7211639605135,148.42083740234375,58301400
2022-11-25 00:00:00+00:00,145.70921560778717,146.26922721502757,144.54008119228595,145.51272583007812,35195900
2022-11-28 00:00:00+00:00,142.59481349853306,144.0685093862778,140.86568238708142,141.69094848632812,69246000
2022-11-29 00:00:00+00:00,141.75967888062996,142.2705641956943,137.88878454429147,138.69439697265625,83763800
2022-11-30 00:00:00+00:00,138.92040202331182,146.11204561728894,138.0853166275374,145.43414306640625,111380900
2022-12-01 00:00:00+00:00,145.61096061666942,146.51482547786148,144.03901260255705,145.70919799804688,71250400
2022-12-02 00:00:00+00:00,143.40043783526434,145.40465760065473,143.09586143280922,145.21798706054688,65447400
2022-12-05 00:00:00+00:00,145.17866278529172,148.2734173934748,143.21373541725012,144.05865478515625,68826400
2022-12-06 00:00:00+00:00,144.49096870660432,144.71693119940028,139.431270776129,140.40391540527344,64727200
2022-12-07 00:00:00+00:00,139.69650913090825,140.85580904494128,137.54491133359693,138.4684295654297,69721100
2022-12-08 00:00:00+00:00,139.86351440208722,141.0031757409908,138.62561570092225,140.14842224121094,62128300
2022-12-09 00:00:00+00:00,139.8438589493627,143.0172270285968,138.42910903026953,139.66702270507812,76097000
2022-12-12 00:00:00+00:00,140.1975885864345,141.9660265170688,138.58634846990296,141.95620727539062,70462700
2022-12-13 00:00:00+00:00,146.87834983755218,147.34010905974955,141.71059523341404,142.9190216064453,93886200
2022-12-14 00:00:00+00:00,142.8011107216781,144.0881358235322,138.68458524913544,140.69863891601562,82291200
2022-12-15 00:00:00+00:00,138.63548245096763,139.31338494507114,133.64456400681874,134.1063232421875,98931900
2022-12-16 00:00:00+00:00,134.29294719185827,135.23610381983994,131.38484844130548,132.1511688232422,160156900
2022-12-19 00:00:00+00:00,132.7406929500806,132.82911109974094,129.01716151047765,130.04873657226562,79592600
2022-12-20 00:00:00+00:00,129.08591954394805,130.91330283228723,127.6122238272619,129.97996520996094,77432800
2022-12-21 00:00:00+00:00,130.64803543949063,134.41087369361549,130.42207295695286,133.07472229003906,85928000
2022-12-22 00:00:00+00:00,131.99401195090732,132.20032094511618,128.0150307307424,129.9111785888672,77852100
2022-12-23 00:00:00+00:00,128.62416529925935,130.09786107261186,127.36661277196195,129.5476837158203,63814900
2022-12-27 00:00:00+00:00,129.07608787315525,129.10556058535423,126.46273078933112,127.749755859375,69007800
2022-12-28 00:00:00+00:00,127.39606774936588,128.73221899747332,123.66271014073897,123.82972717285156,85438400
2022-12-29 00:00:00+00:00,125.74553370652504,128.19186635387044,125.49009852746012,127.33712768554688,75703700
2022-12-30 00:00:00+00:00,126.15819306959531,127.67118088033511,125.19537514897438,127.65152740478516,77034200
2023-01-03 00:00:00+00:00,127.9953746812147,128.6044974020352,121.99252063798394,122.87673950195312,112117500
2023-01-04 00:00:00+00:00,124.66483150899292,126.4037966398773,122.886574422074,124.14412689208984,89113600
2023-01-05 00:00:00+00:00,124.90060516942826,125.5293813261351,122.57217104073682,122.82760620117188,80962700
2023-01-06 00:00:00+00:00,123.80026688503308,128.00520329992693,122.699904718632,127.34695434570312,87754700
2023-01-09 00:00:00+00:00,128.1820637896448,131.07050999919576,127.61223293955844,127.86766815185548,70790800
2023-01-10 00:00:00+00:00,127.97574077291436,128.95820466182693,125.87326865028986,128.4375,63896200
2023-01-11 00:00:00+00:00,128.94838439618852,131.16874737067045,128.1722445262406,131.14910888671875,69458900
2023-01-12 00:00:00+00:00,131.5322547782573,131.90558081812333,129.13504077259947,131.07049560546875,71379600
2023-01-13 00:00:00+00:00,129.71469801537842,132.55401787873402,129.35119119619432,132.39682006835938,57809700
2023-01-17 00:00:00+00:00,132.46561675484807,134.88246968730516,131.77789498509242,133.55615234375,63646600
2023-01-18 00:00:00+00:00,134.42067999537736,136.17928328311848,132.66206171643108,132.8389129638672,69672800
2023-01-19 00:00:00+00:00,131.7287538123279,133.86069855178562,131.42419241972087,132.89788818359375,58280400
2023-01-20 00:00:00+00:00,132.9076780568954,135.59963378756996,131.8662690124696,135.45225524902344,80223600
2023-01-23 00:00:00+00:00,135.69786549716068,140.80668812964507,135.4817223092692,138.63543701171875,81760300
2023-01-24 00:00:00+00:00,137.84950755371702,140.64953566811175,137.8396883115422,140.03057861328125,66435100
2023-01-25 00:00:00+00:00,138.41932337339787,139.93231102042415,136.37579688239575,139.372314453125,65799300
2023-01-26 00:00:00+00:00,140.6593007442682,141.72036314771546,139.4115678729177,141.43545532226562,54105100
2023-01-27 00:00:00+00:00,140.64949717713105,144.64811636457318,140.57089828761406,143.37091064453125,70555800
2023-01-30 00:00:00+00:00,142.41796049282078,142.99761054282715,140.34496125408572,140.49232482910156,64015300
2023-01-31 00:00:00+00:00,140.19760573187105,141.8088460454489,139.78497266279496,141.7597198486328,65874500
2023-02-01 00:00:00+00:00,141.44531098955775,144.03901475780756,138.84178798038548,142.87969970703125,77663600
2023-02-02 00:00:00+00:00,146.2888426135127,148.52885870656533,145.57164829200897,148.17518615722656,118339000
2023-02-03 00:00:00+00:00,145.4341223704264,154.62016535520215,145.23763259886508,151.79066467285156,154357300
2023-02-06 00:00:00+00:00,149.89452545981646,150.41523013113607,148.13590667152536,149.06924438476562,69858300
2023-02-07 00:00:00+00:00,147.99834440627268,152.50784959474225,147.99834440627268,151.93801879882812,83322600
2023-02-08 00:00:00+00:00,151.18152542311802,151.8692470443083,148.51904208604415,149.25588989257812,64120100
2023-02-09 00:00:00+00:00,151.08326181502397,151.62361983119905,147.78218328763404,148.2242889404297,56007100
2023-02-10 00:00:00+00:00,147.0632318137508,148.9130734935689,146.8270751036462,148.58836364746094,57450700
2023-02-13 00:00:00+00:00,148.5293089264892,151.78622618296893,148.499791218323,151.3828125,62199000
2023-02-14 00:00:00+00:00,149.68057287811524,151.30412220458746,148.44078385852455,150.74325561523438,61707600
2023-02-15 00:00:00+00:00,150.65466519061528,153.00633755961738,150.428357769875,152.8390655517578,65573800
2023-02-16 00:00:00+00:00,151.04826665403036,153.82305157694913,150.8908438680814,151.2450714111328,68167900
2023-02-17 00:00:00+00:00,149.90689371085574,150.54646418705764,148.43094798353164,150.1036834716797,59144100
2023-02-21 00:00:00+00:00,147.7913568926055,148.87372305726493,146.03006833094608,146.09893798828125,58867200
2023-02-22 00:00:00+00:00,146.48269724609548,147.54538003263738,144.80012742797703,146.52206420898438,51011300
2023-02-23 00:00:00+00:00,147.68313363952294,147.92912460701393,144.87884561858365,147.0041961669922,48394200
2023-02-24 00:00:00+00:00,144.7508639207807,144.8295827985753,143.3831553240423,144.35728454589844,55469600
2023-02-27 00:00:00+00:00,145.3413038601465,146.7778826433076,145.08546365545735,145.5479278564453,44998500
2023-02-28 00:00:00+00:00,144.69188448050687,146.68932985809187,144.47541123636594,145.04611206054688,50547000
2023-03-01 00:00:00+00:00,144.47539591550134,144.8689754008769,142.68457472462396,142.97976684570312,55479000
2023-03-02 00:00:00+00:00,142.0646965175798,144.3573339453376,141.59238308918532,143.57015991210938,52238100
2023-03-03 00:00:00+00:00,145.6660203114201,148.68679692265323,144.96741429678426,148.6080780029297,70732300
2023-03-06 00:00:00+00:00,151.32380747304748,153.7935665673354,150.9991125857975,151.36317443847656,87558000
2023-03-07 00:00:00+00:00,151.2352451910372,151.55995507278075,148.70646582947896,149.16893005371094,56182000
2023-03-08 00:00:00+00:00,150.35949790258118,151.00891757952724,149.39521763366128,150.4185333251953,47204800
2023-03-09 00:00:00+00:00,151.09746808583355,152.0617483379844,147.8208670608722,148.1750946044922,53833600
2023-03-10 00:00:00+00:00,147.80122193638456,148.5195113692859,145.24290982690115,146.11863708496094,68572400
2023-03-13 00:00:00+00:00,145.43970497520198,150.68423448355665,145.33146834316847,148.0570526123047,84457100
2023-03-14 00:00:00+00:00,148.85403055723415,150.94002884188114,147.6929605728649,150.1430206298828,73695900
2023-03-15 00:00:00+00:00,148.7655134809102,150.79247683579462,147.51587504804607,150.53665161132812,77167900
2023-03-16 00:00:00+00:00,149.71994010489203,153.9509875803486,149.20827470890512,153.35076904296875,76161100
2023-03-17 00:00:00+00:00,153.57707174404285,154.22649145558808,151.80593390078133,152.51438903808594,98944600
2023-03-20 00:00:00+00:00,152.58327776546486,155.28917828804447,151.67801783277878,154.8759002685547,73641400
2023-03-21 00:00:00+00:00,154.79722327478603,156.84385517693187,154.02971754385752,156.7257843017578,73938300
2023-03-22 00:00:00+00:00,156.7454392443716,159.53989288471735,155.27932775015748,155.29901123046875,75701800
2023-03-23 00:00:00+00:00,156.28296029217628,158.95934282613845,155.15139299961646,156.38134765625,67622100
2023-03-24 00:00:00+00:00,156.31248202721346,157.76874417421377,155.3186840441415,157.68019104003906,59196500
2023-03-27 00:00:00+00:00,157.37517430078694,158.19186606543823,155.33836200567538,155.74179077148438,52390300
2023-03-28 00:00:00+00:00,155.4367475403247,155.9484128704115,153.4786543640599,155.1218719482422,45992200
2023-03-29 00:00:00+00:00,156.81432081388166,158.4673879613573,156.79465234617297,158.19187927246094,51305700
2023-03-30 00:00:00+00:00,158.93965597985908,159.86458426430409,158.68383082177425,159.75634765625,49501700
2023-03-31 00:00:00+00:00,159.83510289651463,162.35404815041076,159.31360321570477,162.25564575195312,68749800
2023-04-03 00:00:00+00:00,161.63575413574327,163.62335040456196,161.58655293789977,163.50527954101562,56976200
2023-04-04 00:00:00+00:00,163.92833808360348,164.1644797332799,162.46222694746066,162.97389221191406,46278300
2023-04-05 00:00:00+00:00,162.09817579458004,162.40320212135714,159.20532028473036,161.13388061523438,51511700
2023-04-06 00:00:00+00:00,159.8252353547828,162.31467762112032,159.40213812085784,162.0194854736328,45390100
2023-04-10 00:00:00+00:00,158.8314373555464,159.43165588378906,157.51292944566782,159.43165588378906,47716900
2023-04-11 00:00:00+00:00,159.7465367378167,159.75637097122245,157.93603184667683,158.2213897705078,47644200
2023-04-12 00:00:00+00:00,158.6346426672523,159.4611686435216,157.21773241416443,157.53260803222656,50133100
2023-04-13 00:00:00+00:00,159.03807402297244,163.14120127307194,158.83143501847854,162.90504455566406,68445600
2023-04-14 00:00:00+00:00,161.95057076563972,163.65283866101953,161.19292957831368,162.56063842773438,49386500
2023-04-17 00:00:00+00:00,162.44256794452966,162.73776006518966,161.39956879707992,162.580322265625,41516200
2023-04-18 00:00:00+00:00,163.4363837761115,164.72537387764507,162.99358808032773,163.80044555664062,49923000
2023-04-19 00:00:00+00:00,163.14122346923992,165.4633789570219,162.885383237049,164.94187927246094,47720200
2023-04-20 00:00:00+00:00,163.4265370188754,165.17799130758831,162.9050374280842,163.97755432128906,52456400
2023-04-21 00:00:00+00:00,162.4032359760057,163.78077935638615,161.85221862385353,162.37371826171875,58337300
2023-04-24 00:00:00+00:00,162.35406204687058,162.94444645995347,161.26186139253676,162.67877197265625,41949600
2023-04-25 00:00:00+00:00,162.54101060503098,163.64304544690907,161.10441660264104,161.14378356933594,48714100
2023-04-26 00:00:00+00:00,160.4451090686258,162.6295095550799,160.18928392676938,161.13388061523438,45498800
2023-04-27 00:00:00+00:00,162.5409858833323,165.85693915334917,162.5409858833323,165.7093505859375,64902300
2023-04-28 00:00:00+00:00,165.78809511844986,167.12628672150765,165.18787649470852,166.95899963378906,55275900
2023-05-01 00:00:00+00:00,166.56538074727197,167.71661652166532,165.93564455408003,166.8704071044922,52472900
2023-05-02 00:00:00+00:00,167.36242742401706,167.6182676642773,164.85331630714083,165.8372802734375,48425700
2023-05-03 00:00:00+00:00,166.78186884038578,168.17909567440717,164.47939708632646,164.76473999023438,65136000
2023-05-04 00:00:00+00:00,162.24580144031648,164.36131774887434,161.67510059572527,163.13136291503906,81235400
2023-05-05 00:00:00+00:00,168.23814318555767,171.50491053581004,168.02166992672903,170.78662109375,113453200
2023-05-08 00:00:00+00:00,169.7140651629481,171.06210572406735,169.35000337616833,170.71771240234375,55962800
2023-05-09 00:00:00+00:00,170.27494492179522,170.7570775926942,168.84820036158354,169.01547241210938,45326900
2023-05-10 00:00:00+00:00,170.24539961899495,171.23919752781077,169.14335009103814,170.7767333984375,53724500
2023-05-11 00:00:00+00:00,171.06208645260807,171.7902099441389,169.4090197142991,170.96368408203125,49514700
2023-05-12 00:00:00+00:00,171.07208510437357,171.50563041723674,168.49053896760506,170.03750610351562,45533100
2023-05-15 00:00:00+00:00,170.61886136031444,170.66813061172948,168.95365989259247,169.54486083984375,37266700
2023-05-16 00:00:00+00:00,169.4660330445526,170.5991506527755,169.2788189100942,169.54486083984375,42110300
2023-05-17 00:00:00+00:00,169.19013234108013,170.39221479568312,167.91905489711874,170.15574645996094,57951600
2023-05-18 00:00:00+00:00,170.46116060762145,172.66829318642024,170.04732606813303,172.4810791015625,65496700
2023-05-19 00:00:00+00:00,173.80145343851697,173.80145343851697,172.37273538217633,172.58950805664062,55809500
2023-05-22 00:00:00+00:00,171.42681253611994,172.14611049896482,170.90459157041087,171.64358520507812,43570900
2023-05-23 00:00:00+00:00,170.58926430627432,170.83559547287618,168.76640765947607,169.04229736328125,50747300
2023-05-24 00:00:00+00:00,168.57922839342694,169.8897122746601,168.0176010356781,169.31822204589844,45143500
2023-05-25 00:00:00+00:00,169.87986475065702,171.34798918728478,169.17042964019168,170.45135498046875,56058300
2023-05-26 00:00:00+00:00,170.7764937271046,173.1905363695113,170.56956891324683,172.8555145263672,54835000
2023-05-30 00:00:00+00:00,174.36306754730614,176.36327550868927,173.97879151124883,174.6980743408203,55964400
2023-05-31 00:00:00+00:00,174.72767728843633,176.7180379211288,174.16603484344822,174.6488494873047,99625300
2023-06-01 00:00:00+00:00,175.0922027756249,177.47668683522244,174.33349851829678,177.44712829589844,68901800
2023-06-02 00:00:00+00:00,178.37332240607034,179.11231590276506,176.6292935441097,178.29449462890625,61996900
2023-06-05 00:00:00+00:00,179.9498694414483,182.23581511366768,175.42721727327233,176.9446258544922,121946500
2023-06-06 00:00:00+00:00,177.3289349437502,177.47672767437876,174.82620111609043,176.58009338378906,64848400
2023-06-07 00:00:00+00:00,175.82136104700194,178.5507149734009,174.71780207381394,175.21046447753906,61944600
2023-06-08 00:00:00+00:00,175.28924448775277,178.18610128610723,174.85571428274253,177.92007446289062,50214900
2023-06-09 00:00:00+00:00,178.8364204919391,179.55570326266908,177.9791928742902,178.30435180664062,48900000
2023-06-12 00:00:00+00:00,178.6098569544308,181.191403498661,178.3142564640164,181.0928649902344,54274900
2023-06-13 00:00:00+00:00,180.1173932820357,181.44757286544584,179.7626757194867,180.61990356445312,54929100
2023-06-14 00:00:00+00:00,180.67902853230476,181.68406417583665,179.3488488908818,181.25051879882807,57462900
2023-06-15 00:00:00+00:00,181.2603543936769,183.78278344228747,181.08298811392547,183.2802581787109,65433200
2023-06-16 00:00:00+00:00,183.989688464097,184.245882524342,181.56579797087076,182.2062530517578,101256200
2023-06-20 00:00:00+00:00,181.7037512704965,183.3689525999345,181.7037512704965,182.29493713378903,49799100
2023-06-21 00:00:00+00:00,182.18653808363035,182.6890633224364,179.91044034391143,181.2603454589844,49515700
2023-06-22 00:00:00+00:00,181.0435838743865,184.3050065515812,180.97460392176268,184.2557373046875,51245300
2023-06-23 00:00:00+00:00,182.82703803402,184.80753566864925,182.29495416898448,183.94044494628903,53117000
2023-06-26 00:00:00+00:00,184.0882211166361,185.2903184900679,182.51169553463515,182.55111694335935,48088700
2023-06-27 00:00:00+00:00,183.16204815111053,185.6253604426876,182.9452754666625,185.3002014160156,50730800
2023-06-28 00:00:00+00:00,185.17208134019785,187.11317238738192,184.84693738882143,186.47271728515625,51216800
2023-06-29 00:00:00+00:00,186.30522898461157,187.2807060224463,186.1672841036428,186.8077392578125,46347300
2023-06-30 00:00:00+00:00,188.8178023638345,191.62596911406445,188.45322195229383,191.1234588623047,85213200
2023-07-03 00:00:00+00:00,190.93624105216276,191.0347795474039,188.9458807202263,189.6356201171875,31458200
2023-07-05 00:00:00+00:00,188.75866963191964,190.14796610334872,187.8225990912436,188.52218627929688,46920300
2023-07-06 00:00:00+00:00,187.05405664400223,189.20207252866172,186.42344937265383,188.99514770507807,45094300
2023-07-07 00:00:00+00:00,188.60102706839623,189.84253092683244,187.4481988352347,187.88172912597656,46815000
2023-07-10 00:00:00+00:00,186.4825877482977,187.20188576037836,184.29516523716504,185.84213256835935,59922200
2023-07-11 00:00:00+00:00,186.384037813756,186.5219826806886,183.86160879849567,185.31988525390625,46638100
2023-07-12 00:00:00+00:00,186.8964167558296,188.88677723101011,185.7041820658704,186.985107421875,60750200
2023-07-13 00:00:00+00:00,187.70438329432412,188.38425984411805,186.99494820191867,187.7437896728516,41342300
2023-07-14 00:00:00+00:00,187.4383150637318,188.37437052971225,186.8471292596261,187.89157104492188,41616200
2023-07-17 00:00:00+00:00,189.0838026643331,191.4683016532262,188.99512705028687,191.1431427001953,50520200
2023-07-18 00:00:00+00:00,190.51254970289236,191.4781637647375,189.5961898515042,190.886962890625,48288200
2023-07-19 00:00:00+00:00,190.26621270882248,195.3209183853995,189.8228045493288,192.2368621826172,80507300
2023-07-20 00:00:00+00:00,192.22703531122195,193.5867885139367,189.67504737311492,190.2958068847656,59581200
2023-07-21 00:00:00+00:00,191.25153499324207,192.10876269219432,188.42364281090323,189.12322998046875,71951700
2023-07-24 00:00:00+00:00,190.57168949200457,192.04967681854123,189.42870901778204,189.9213714599609,45377800
2023-07-25 00:00:00+00:00,190.492842140126,191.58655325087184,190.08885537064708,190.7785797119141,37283200
2023-07-26 00:00:00+00:00,190.82786945588316,192.76896069007796,190.48301476563847,191.64569091796875,47471900
2023-07-27 00:00:00+00:00,193.1433729163405,194.30604897209747,189.72429463258095,190.38446044921875,47460200
2023-07-28 00:00:00+00:00,191.8131659299023,193.7444090416655,191.2909450188625,192.9561462402344,48291400
2023-07-31 00:00:00+00:00,193.1827862905988,193.60648379116893,192.39452340931743,193.5670623779297,38824100
2023-08-01 00:00:00+00:00,193.3601546102926,193.842954166062,192.41423613585212,192.7393951416016,35175100
2023-08-02 00:00:00+00:00,192.1777357193533,192.3156805851802,189.03456234552243,189.75384521484372,50389300
2023-08-03 00:00:00+00:00,188.75865610470643,189.54690382056828,187.89156557542464,188.3645172119141,61235200
2023-08-04 00:00:00+00:00,182.79747042079737,184.6301752435833,179.25029494609427,179.31927490234375,115956800
2023-08-07 00:00:00+00:00,179.45720585194456,180.44253062568197,174.74735463626894,176.225341796875,97576100
2023-08-08 00:00:00+00:00,177.05299063908274,177.6244807463182,174.97395500417116,177.161376953125,67823000
2023-08-09 00:00:00+00:00,178.21570618554995,178.2748232727554,174.41235154839882,175.57504272460938,60378500
2023-08-10 00:00:00+00:00,176.84608080013524,178.0974474344709,174.99368050557445,175.35824584960938,54686900
2023-08-11 00:00:00+00:00,174.953720563952,176.23636037713308,174.19399178686675,175.4174346923828,52036700
2023-08-14 00:00:00+00:00,175.59501817775333,177.29206623946897,174.94382216578185,177.0651397705078,43675600
2023-08-15 00:00:00+00:00,176.49291042563854,177.08489459113486,174.68732936330193,175.0819854736328,43622600
2023-08-16 00:00:00+00:00,174.7662850202376,176.15745776554937,174.14468726786023,174.21376037597656,46964900
2023-08-17 00:00:00+00:00,174.7761369036864,175.1411945839284,171.1649745274817,171.67803955078125,66062900
2023-08-18 00:00:00+00:00,170.00070631097662,172.76334408254257,169.6652471318657,172.16148376464844,61172200
2023-08-21 00:00:00+00:00,172.73380105146174,173.77965356611938,171.42154731254445,173.49351501464844,46311900
2023-08-22 00:00:00+00:00,174.69716910253268,175.308890515181,173.8979807911273,174.86489868164062,42038900
2023-08-23 00:00:00+00:00,176.1377683444869,179.12733371698894,175.95030136482995,178.70306396484375,52722800
2023-08-24 00:00:00+00:00,178.25903609639087,178.68330576322634,173.66121814414575,174.0262908935547,54945800
2023-08-25 00:00:00+00:00,175.0129348306344,176.7593040006282,173.4737548580186,176.2265167236328,51449600
2023-08-28 00:00:00+00:00,177.68678985123202,178.18011761364104,176.16734696728648,177.78546142578125,43820700
2023-08-29 00:00:00+00:00,177.3019791564373,182.4325844218137,177.10465107991652,181.6629943847656,53003900
2023-08-30 00:00:00+00:00,182.47204640358007,185.3432171414265,182.27471834075723,185.1458740234375,60813900
2023-08-31 00:00:00+00:00,185.3333318426413,186.59624944883035,184.9781353249528,185.3629302978516,60794500
2023-09-01 00:00:00+00:00,186.961330634287,187.38558521498555,185.76747101772168,186.9317321777344,45766500
2023-09-05 00:00:00+00:00,185.76746926717504,187.44478036173828,185.10641198511868,187.16851806640625,45280000
2023-09-06 00:00:00+00:00,185.88585963952747,186.329866585718,179.04834537431464,180.46913146972656,81755800
2023-09-07 00:00:00+00:00,172.84229174782251,175.8318715643951,171.22417743783686,175.19053649902344,112488800
2023-09-08 00:00:00+00:00,175.97000602806156,177.83478423163749,175.41746632815568,175.80226135253906,65551300
2023-09-11 00:00:00+00:00,177.6670388917848,177.89396541040293,174.97345890425444,176.9665069580078,58953100
2023-09-12 00:00:00+00:00,177.09475937210624,177.72621814105926,172.48708107979573,173.94732666015625,90370200
2023-09-13 00:00:00+00:00,174.15451849429098,174.93398459835862,171.6582818339781,171.88522338867188,84267900
2023-09-14 00:00:00+00:00,171.67803539320033,173.75001770449512,171.26364194197464,173.3948211669922,60895800
2023-09-15 00:00:00+00:00,174.12489906548618,174.14463638420483,171.50040777210137,172.6745147705078,109259500
2023-09-18 00:00:00+00:00,174.12491003199494,176.98621921988467,173.81904932082622,175.59503173828125,67257600
2023-09-19 00:00:00+00:00,175.1510856525732,177.23292932503867,174.76629061620125,176.68040466308594,51826900
2023-09-20 00:00:00+00:00,176.86785847407558,177.3019893003594,173.05936766417838,173.14817810058594,58436200
2023-09-21 00:00:00+00:00,172.22069958579337,173.94734650075085,171.53990496478352,171.6089630126953,63149100
2023-09-22 00:00:00+00:00,172.3391104328253,174.71695374662696,171.7273888544839,172.45750427246094,56725400
2023-09-25 00:00:00+00:00,171.87535356826675,174.6083930174941,171.82601779128095,173.7302703857422,46172700
2023-09-26 00:00:00+00:00,172.4871029695211,172.8620217812148,169.3692683155077,169.66526794433594,64588900
2023-09-27 00:00:00+00:00,170.3164169598986,170.73081034008564,166.7940657007268,168.1556396484375,66921800
2023-09-28 00:00:00+00:00,167.08022534636603,169.7343308371659,165.38317681816312,168.41221618652344,56294400
2023-09-29 00:00:00+00:00,169.72448150635748,170.76047278128746,168.0668924554359,168.92529296875,51861100
2023-10-02 00:00:00+00:00,168.93514418826848,171.97404472395215,168.64900568223578,171.43138122558594,52164500
2023-10-03 00:00:00+00:00,169.96126458937815,171.31299281082715,168.54049336939298,170.09939575195312,49594600
2023-10-04 00:00:00+00:00,168.80687858022958,171.88525384459265,168.68848474300435,171.34259033203125,53020300
2023-10-05 00:00:00+00:00,171.47083294671847,173.10868450108188,170.3756448658088,172.57589721679688,48527900
2023-10-06 00:00:00+00:00,171.48072926712837,175.61481822954005,170.8689926183437,175.12149047851562,57266700
2023-10-09 00:00:00+00:00,174.45055415802327,176.66066786762835,173.45403753652568,176.60147094726562,42390800
2023-10-10 00:00:00+00:00,175.72330653262233,177.32168322438636,175.57529921161475,176.00942993164062,43698000
2023-10-11 00:00:00+00:00,175.82199530812358,177.449985807142,175.23001108089,177.40065002441406,47551100
2023-10-12 00:00:00+00:00,177.6670640281674,179.90676118500224,176.6507950071692,178.29852294921875,56743100
2023-10-13 00:00:00+00:00,178.99904528395493,179.5022341867499,175.76281633481818,176.46334838867188,51427100
2023-10-16 00:00:00+00:00,174.3913552582801,176.6902643223361,174.15455252434904,176.33506774902344,52517000
2023-10-17 00:00:00+00:00,174.29266779074965,176.03905203817294,172.467364361049,174.78599548339844,57549400
2023-10-18 00:00:00+00:00,173.23698998157923,175.2103011579656,172.7732606507149,173.49351501464844,54764400
2023-10-19 00:00:00+00:00,173.69080766680926,175.46679037407037,172.85215962113486,173.11856079101562,59302900
2023-10-20 00:00:00+00:00,172.97056355030566,173.0790962513972,170.3361953203569,170.572998046875,64244000
2023-10-23 00:00:00+00:00,168.62926966195786,171.68789221712717,167.66233657820504,170.69137573242188,55980100
2023-10-24 00:00:00+00:00,170.74069333750268,171.3524147723922,169.16203892177992,171.12548828125,43816600
2023-10-25 00:00:00+00:00,169.5863166088348,170.75056262830392,168.37271975850888,168.8167266845703,57157000
2023-10-26 00:00:00+00:00,168.0964746462511,169.0930062294273,163.459197305812,164.6629180908203,70625300
2023-10-27 00:00:00+00:00,164.6826577744484,166.70530437202822,164.60372353518264,165.9751739501953,58499100
2023-10-30 00:00:00+00:00,166.76452118815135,168.88582454657922,166.61651382617845,168.01756286621094,51131000
2023-10-31 00:00:00+00:00,167.09007075196132,168.619374328328,165.65940861123508,168.49111938476562,44846000
2023-11-01 00:00:00+00:00,168.71806981976965,171.90496247869652,167.849808268541,171.6484375,56934900
2023-11-02 00:00:00+00:00,173.17776232760195,175.40759814141026,173.118565411641,175.20040893554688,77334800
2023-11-03 00:00:00+00:00,171.91482054448556,174.46039296073306,171.03669795189808,174.2926483154297,79829200
2023-11-06 00:00:00+00:00,174.02628274488598,177.0355696443862,173.85855313497558,176.83824157714844,63841300
2023-11-07 00:00:00+00:00,176.7889073081916,180.00541354681909,176.58171810512866,179.39369201660156,70530000
2023-11-08 00:00:00+00:00,179.91661457451394,181.00192645947115,179.16674685036813,180.44940185546875,49340300
2023-11-09 00:00:00+00:00,180.5184782994409,181.6629871195562,179.3838155582821,179.97581481933594,53763500
2023-11-10 00:00:00+00:00,181.75415237279827,184.32284238950197,181.31944959381735,184.1548767089844,66133400
2023-11-13 00:00:00+00:00,183.5818457400509,183.78930789371245,181.99123723697812,182.5741271972656,43627500
2023-11-14 00:00:00+00:00,185.4391901985185,185.84425545326624,184.0560589323069,185.1823272705078,60108400
2023-11-15 00:00:00+00:00,185.5873915048758,187.2175115650197,185.5182274044454,185.74545288085935,53790500
2023-11-16 00:00:00+00:00,187.2866746678448,188.6599317940755,186.37774261703024,187.42498779296875,54412900
2023-11-17 00:00:00+00:00,187.95851077872672,188.08694980194565,186.29875297867932,187.4052581787109,50922700
2023-11-20 00:00:00+00:00,187.60281994734132,189.598493753426,187.59294582194016,189.1440277099609,46505100
2023-11-21 00:00:00+00:00,189.10454089065857,189.21321658430173,187.454657232623,188.34381103515625,38134500
2023-11-22 00:00:00+00:00,189.1835618351496,190.60620477415247,188.53150773289747,189.00572204589844,39617700
2023-11-24 00:00:00+00:00,188.57102324664504,188.60066069963855,186.97054048498805,187.68186950683597,24048300
2023-11-27 00:00:00+00:00,187.63243679384848,188.3734031425855,186.6247183385664,187.5039978027344,40552600
2023-11-28 00:00:00+00:00,187.4941771795076,188.77852223213688,187.1187492983536,188.1067047119141,38415400
2023-11-29 00:00:00+00:00,188.6006511365786,189.77632029571453,186.6939047406696,187.08908081054688,43014200
2023-11-30 00:00:00+00:00,187.55340318726755,188.0276325161224,185.92328320995225,187.66207885742188,48794400
2023-12-01 00:00:00+00:00,188.0375111237308,189.2526917735191,186.95075439627809,188.93655395507807,45704800
2023-12-04 00:00:00+00:00,187.69170901814908,187.7608731123796,185.19218377665425,187.14833068847656,43389500
2023-12-05 00:00:00+00:00,187.9189436108549,192.05846275973383,187.8892910892655,191.09027099609372,66628400
2023-12-06 00:00:00+00:00,192.1079050949125,192.41416882595195,189.79609331061303,190.00357055664065,41089700
2023-12-07 00:00:00+00:00,191.29779342674496,192.65128739108167,191.25826677194576,191.9300842285156,47477700
2023-12-08 00:00:00+00:00,191.86093042429425,193.62937898399056,191.3373152825971,193.35275268554688,53406400
2023-12-11 00:00:00+00:00,190.78403090604945,191.15945870925907,189.1143841917753,190.85317993164065,60943700
2023-12-12 00:00:00+00:00,190.75440470261373,192.3746507369947,189.4107849369075,192.36477661132807,52696900
2023-12-13 00:00:00+00:00,192.7401507427296,195.6151036107661,192.5030511742304,195.5755920410156,70404200
2023-12-14 00:00:00+00:00,195.6348730594192,197.21559217390637,193.79727597101643,195.72378540039065,66831600
2023-12-15 00:00:00+00:00,195.1507657132062,196.01028180866055,194.6271507268951,195.19029235839844,128538400
2023-12-18 00:00:00+00:00,193.72812085100188,194.2616250715381,192.04860011875653,193.5305328369141,55751900
2023-12-19 00:00:00+00:00,193.7973129513213,194.5777909959987,193.53056080250687,194.5679168701172,40714100
2023-12-20 00:00:00+00:00,194.5283816611859,195.2989855460905,192.4833221435547,192.4833221435547,52242800
2023-12-21 00:00:00+00:00,193.73805393325773,194.7062459740887,191.1693639432951,192.33514404296875,46482500
2023-12-22 00:00:00+00:00,192.82908334808235,193.05632389177535,190.64571085868127,191.26812744140625,37149600
2023-12-26 00:00:00+00:00,191.27801448490152,191.5546407459069,190.5074106042434,190.72476196289065,28919300
2023-12-27 00:00:00+00:00,190.17150836602556,191.16933772508392,188.78836199381533,190.82354736328125,48087700
2023-12-28 00:00:00+00:00,191.80160450052028,192.3153453788488,190.84328683758,191.24835205078125,34049900
2023-12-29 00:00:00+00:00,191.56452296375952,192.0585006042798,189.4206618129017,190.2110290527344,42672100
2024-01-02 00:00:00+00:00,184.89581391743903,186.17028459685412,181.6750853181039,183.4040069580078,82488700
2024-01-03 00:00:00+00:00,182.0011090098209,183.64111826756877,181.22061595613368,182.0307464599609,58414500
2024-01-04 00:00:00+00:00,179.95604798314233,180.88472835710988,178.70135563320858,179.7189483642578,71983600
2024-01-05 00:00:00+00:00,179.79798286255345,180.5586975573488,177.99989705667167,178.9977264404297,62379700
2024-01-08 00:00:00+00:00,179.89677561800764,183.36450834315932,179.313885613353,183.32498168945312,59144500
2024-01-09 00:00:00+00:00,181.7047124117811,182.91989304556355,180.5290433516585,182.91001892089844,42841800
2024-01-10 00:00:00+00:00,182.12955368013527,184.1548498527509,181.7047250899033,183.9473876953125,46792900
2024-01-11 00:00:00+00:00,184.2931687458137,184.7970355796361,181.4083411771675,183.3546142578125,49128400
2024-01-12 00:00:00+00:00,183.81894667336303,184.49076406507768,182.95943045197853,183.68063354492188,40477800
2024-01-16 00:00:00+00:00,179.9659024464889,182.0405990862716,178.75070683426088,181.41819763183597,65603000
2024-01-17 00:00:00+00:00,179.0866697127149,180.7266641293616,178.1283518215105,180.47967529296875,47317400
2024-01-18 00:00:00+00:00,183.8485719045508,186.86183815424235,183.59170899023255,186.3579864501953,78005800
2024-01-19 00:00:00+00:00,187.0495950335435,189.638033320768,186.5457432137029,189.2527313232422,68903000
2024-01-22 00:00:00+00:00,189.9837813694604,192.97728431537945,189.94425472083472,191.55462646484372,60133900
2024-01-23 00:00:00+00:00,192.67105542323813,193.392258603415,191.4953861517841,192.82911682128903,42355600
2024-01-24 00:00:00+00:00,193.06620457832125,194.0146482092326,191.999211146671,192.15728759765625,53631300
2024-01-25 00:00:00+00:00,192.868608992564,193.9059649333701,190.7840229862772,191.8312530517578,54822100
2024-01-26 00:00:00+00:00,191.93006387634745,192.41415228379137,189.6281264159501,190.1023406982422,44594000
2024-01-29 00:00:00+00:00,189.6972652775173,189.8849791703456,187.2965414692382,189.42063903808597,47145600
2024-01-30 00:00:00+00:00,188.6401800108733,189.4898221386195,185.21197404804863,185.7751007080078,55859400
2024-01-31 00:00:00+00:00,184.7871100896247,184.84640005696093,182.1295236081413,182.1789093017578,55467800
2024-02-01 00:00:00+00:00,181.77390231724044,184.69824158324056,181.6059517240919,184.6093292236328,64885400
2024-02-02 00:00:00+00:00,177.6936383802958,185.07366557426653,177.0909850527091,183.6114959716797,102551700
2024-02-05 00:00:00+00:00,185.8837890630235,186.9705459545833,183.6016146657499,185.41944885253903,69668800
2024-02-06 00:00:00+00:00,184.60931480628847,187.02980210381148,184.5204024536245,187.0199279785156,43490800
2024-02-07 00:00:00+00:00,188.3437971267345,188.74886241631052,186.33824908078665,187.1286163330078,53439000
2024-02-08 00:00:00+00:00,187.1088621926835,187.25704946443747,185.0934399218184,186.0517578125,40962000
2024-02-09 00:00:00+00:00,186.6155602859614,187.941120969739,185.9725760341758,186.81341552734372,45155200
2024-02-12 00:00:00+00:00,186.38806813077576,186.63537211912904,184.7756412965565,185.1317596435547,41781900
2024-02-13 00:00:00+00:00,183.76664838776776,184.2019058140478,181.53101071537256,183.0445098876953,56529500
2024-02-14 00:00:00+00:00,183.3215042025078,183.5292310959524,180.472557481369,182.1641082763672,54630500
2024-02-15 00:00:00+00:00,181.57057328309747,182.5004386022798,179.3943014199978,181.87722778320312,65434500
2024-02-16 00:00:00+00:00,181.44197861733377,182.8565652037317,179.7108507918506,180.3439483642578,49752500
2024-02-20 00:00:00+00:00,179.82956623009554,180.46266385305907,178.0588762686663,179.60205078125,53665600
2024-02-21 00:00:00+00:00,179.97792921674792,180.91768122956836,178.71173417109264,180.3538360595703,41371400
2024-02-22 00:00:00+00:00,181.50132758611664,182.9653779737103,180.49233824441416,182.38172912597656,52292200
2024-02-23 00:00:00+00:00,183.0148347964746,183.0445100670012,180.2648157032703,180.55169677734372,45119700
2024-02-26 00:00:00+00:00,180.2746995194681,180.7890808867176,178.70183486744935,179.2063446044922,40867400
2024-02-27 00:00:00+00:00,179.1470080612827,181.93658908973129,177.62360710096542,180.66050720214844,54318900
2024-02-28 00:00:00+00:00,180.5417731107642,181.14519536218177,178.18744973320082,179.46353149414062,48953900
2024-02-29 00:00:00+00:00,179.31517776545977,180.6011615069905,177.59393659501978,178.80078125,136682600
2024-03-01 00:00:00+00:00,177.613689326823,178.58311652667976,175.46709298002304,177.72250366210938,73563100
2024-03-04 00:00:00+00:00,174.25038035125658,174.99229230011673,171.9158301484072,173.2117156982422,81510100
2024-03-05 00:00:00+00:00,168.91851326517738,170.18470849670402,167.79080766540406,168.28541564941406,95132400
2024-03-06 00:00:00+00:00,169.21525418377138,169.39332087872134,166.8609157238647,167.29617309570312,68587700
2024-03-07 00:00:00+00:00,167.32586658446218,168.88882954707424,166.67299554984157,167.177490234375,71765100
2024-03-08 00:00:00+00:00,167.1775154100546,171.8268279085278,167.118164861082,168.88885498046875,76267000
2024-03-11 00:00:00+00:00,171.07500788792643,172.49948126334272,170.1946063009313,170.88705444335938,60139500
2024-03-12 00:00:00+00:00,171.28272310113206,172.15323790323208,169.16580172767317,171.3618621826172,59825400
2024-03-13 00:00:00+00:00,170.90682879160028,171.32229764254458,168.91849524765144,169.28451538085938,52488700
2024-03-14 00:00:00+00:00,171.04532782778392,172.43022407386235,170.19460153541087,171.1343536376953,72913500
2024-03-15 00:00:00+00:00,169.3240932528417,170.75845336914062,168.45357838204507,170.75845336914062,121752700
2024-03-18 00:00:00+00:00,173.67661275318792,175.7935338090815,171.64871749027145,171.8465576171875,75604200
2024-03-19 00:00:00+00:00,172.45988088096897,174.70540499850514,171.1640105835326,174.18112182617188,55215200
2024-03-20 00:00:00+00:00,173.82502584048726,176.7432098388672,173.2018149693641,176.7432098388672,53423100
2024-03-21 00:00:00+00:00,175.14068113790177,175.57593855649498,168.99764365136926,169.5219268798828,106181300
2024-03-22 00:00:00+00:00,169.90773784358905,171.18383495977668,168.22607363158104,170.42213439941406,71160100
2024-03-25 00:00:00+00:00,168.7305586050563,170.08577952012527,167.6226265638577,169.00753784179688,54288300
2024-03-26 00:00:00+00:00,168.16670300567833,169.57138777241732,167.7512341389727,167.8798370361328,57388400
2024-03-27 00:00:00+00:00,168.57230438056465,171.7279058767874,168.27553655784754,171.44102478027344,60273300
2024-03-28 00:00:00+00:00,169.89781453968297,170.37263389978352,168.67118150733492,169.63072204589844,65672700
2024-04-01 00:00:00+00:00,169.3438746978549,169.40322523760474,167.65230884379906,168.19638061523438,46240500
2024-04-02 00:00:00+00:00,167.2565975070715,167.51378816305078,166.41575809853916,167.01918029785156,49329500
2024-04-03 00:00:00+00:00,166.969723660667,168.83934086761522,166.76199680113655,167.82044982910156,47691700
2024-04-04 00:00:00+00:00,168.45358430225178,170.0660111961713,166.99945068359375,166.99945068359375,53704400
2024-04-05 00:00:00+00:00,167.76110742740823,168.55248310289795,167.12800990586356,167.751220703125,42104800
2024-04-08 00:00:00+00:00,167.20715459942008,167.37531948329715,166.425680716199,166.63340759277344,37425500
2024-04-09 00:00:00+00:00,166.88071513080217,168.2458378687617,166.53449863101693,167.8402557373047,42373800
2024-04-10 00:00:00+00:00,166.9796465317702,167.2665125006067,165.30786924976792,165.97064208984375,49709300
2024-04-11 00:00:00+00:00,166.5246002673459,173.5678277091418,166.34654865134516,173.15234375,91070300
2024-04-12 00:00:00+00:00,172.38077455594663,176.43656618963917,172.33132583138607,174.64608764648438,101670900
2024-04-15 00:00:00+00:00,173.46891791454695,174.72522645768026,170.63975955810392,170.8277130126953,73531800
2024-04-16 00:00:00+00:00,169.8978582518174,171.88617709786888,166.45539059048195,167.5534210205078,73711200
2024-04-17 00:00:00+00:00,167.780901063059,168.80967890645843,166.18826293945312,166.18826293945312,50901200
2024-04-18 00:00:00+00:00,166.21794611620325,166.8213684176903,164.75391081370103,165.23861694335938,43122900
2024-04-19 00:00:00+00:00,164.41760010663418,164.60553846988037,162.3105651694999,163.22064208984375,68149400
2024-04-22 00:00:00+00:00,163.73503344203667,165.4562595890904,162.993121456103,164.05157470703125,48116400
2024-04-23 00:00:00+00:00,163.56685559955991,165.24851961582092,163.14148491226467,165.10012817382812,49537800
2024-04-24 00:00:00+00:00,164.74401450706145,167.47426013692973,164.41758653276062,167.19728088378906,48251800
2024-04-25 00:00:00+00:00,167.70177351115603,168.77012851479734,166.33665071301928,168.05789184570312,50558300
2024-04-26 00:00:00+00:00,168.0479748461393,169.49222137466865,167.3555117523201,167.47422790527344,44838400
2024-04-29 00:00:00+00:00,171.5003643815301,174.13168243053624,171.2332869429431,171.62896728515625,68169400
2024-04-30 00:00:00+00:00,171.46079655206535,173.10289859543835,168.1667057400835,168.49314880371094,65934800
2024-05-01 00:00:00+00:00,167.7512071051074,170.84745720339302,167.28627449947876,167.47422790527344,50383100
2024-05-02 00:00:00+00:00,170.649650682897,171.54984088638673,169.04712555589578,171.16404724121094,94214900
2024-05-03 00:00:00+00:00,184.6371141692426,184.98334572031663,180.6901529770176,181.4023895263672,163224100
2024-05-06 00:00:00+00:00,180.3835248162661,182.21356516877452,178.47433028646978,179.75042724609375,78569700
2024-05-07 00:00:00+00:00,181.4716631656838,182.90602327557747,179.36464345444207,180.4329833984375,77305800
2024-05-08 00:00:00+00:00,180.8781319788961,181.09576068278213,179.4932206728727,180.76931762695312,45057100
2024-05-09 00:00:00+00:00,180.5912561815798,182.66861565405213,180.14611203583203,182.57958984375,48983000
2024-05-10 00:00:00+00:00,183.1540861312051,183.3422944852732,180.4102525825865,181.32156372070312,50759500
2024-05-13 00:00:00+00:00,183.68897723381505,185.33330623986973,182.87671286406248,184.5210418701172,72044800
2024-05-14 00:00:00+00:00,185.7394637127145,186.52201273815805,184.5309821431948,185.66021728515625,52393600
2024-05-15 00:00:00+00:00,186.13566691836783,188.84978484549157,185.6007573941714,187.92857360839844,70400000
2024-05-16 00:00:00+00:00,188.67151097089564,189.29556710780693,187.86916171755817,188.0474548339844,52845200
2024-05-17 00:00:00+00:00,187.7205775912068,189.008305578226,187.3936917480989,188.07717895507807,41282900
2024-05-20 00:00:00+00:00,187.5422694948197,190.10781001398533,187.22528381236825,189.23611450195312,44361300
2024-05-21 00:00:00+00:00,189.28567056183377,190.91018461353585,189.11727756366656,190.5337829589844,42309400
2024-05-22 00:00:00+00:00,190.45454757387583,190.9993573729038,188.47343202447388,189.09747314453125,34648500
2024-05-23 00:00:00+00:00,189.1767103485156,189.19652573516208,184.86779330766728,185.1154327392578,51005900
2024-05-24 00:00:00+00:00,187.03712172304927,188.78049792280623,186.26447277204772,188.1861572265625,36327000
2024-05-28 00:00:00+00:00,189.7016969806021,191.1776333738516,187.31446444482384,188.1960601806641,52280100
2024-05-29 00:00:00+00:00,187.8196378873868,190.43470949642943,187.72057607583483,188.4932098388672,53068000
2024-05-30 00:00:00+00:00,188.9587703074631,190.3653603450464,188.83000809203267,189.4837646484375,49889100
2024-05-31 00:00:00+00:00,189.6323735603605,190.7517086279001,188.11682144814543,190.43472290039065,75158300
2024-06-03 00:00:00+00:00,191.07855630297723,193.14883318833756,190.7021546904014,192.1978912353516,50080500
2024-06-04 00:00:00+00:00,192.80211709386347,193.47570407411885,191.207318865485,192.51486206054688,47471400
2024-06-05 00:00:00+00:00,193.554944542032,195.0407809078553,193.02995023528447,194.0205078125,54156800
2024-06-06 00:00:00+00:00,193.84224299284628,194.64459232913163,192.33659102362645,192.64366149902344,41181800
2024-06-07 00:00:00+00:00,192.81202934049517,195.08041469163095,192.30685040959915,195.0308837890625,53103900
2024-06-10 00:00:00+00:00,195.0407692210349,195.43700129700443,190.33562101119307,191.2964630126953,97010200
2024-06-11 00:00:00+00:00,191.82147267998263,205.2039154935281,191.8016724106265,205.19400024414065,172373300
2024-06-12 00:00:00+00:00,205.4119598660555,218.12081786507656,204.94639650511937,211.0581512451172,198134300
2024-06-13 00:00:00+00:00,212.7123350524973,214.7033502990969,209.6019849307228,212.2170562744141,97862700
2024-06-14 00:00:00+00:00,211.8307404302917,213.13826855094436,209.30481562722252,210.48358154296875,70122700
2024-06-17 00:00:00+00:00,211.35528688913016,216.88260054537645,210.71143044440285,214.62413024902344,93728300
2024-06-18 00:00:00+00:00,215.5354139875743,216.56560230529576,210.9887584540523,212.26657104492188,79943300
2024-06-20 00:00:00+00:00,211.90997342693947,212.2170589696065,206.87795427864967,207.7001037597656,86172500
2024-06-21 00:00:00+00:00,208.40343403997312,209.8892705909824,205.15440599094305,205.53082275390625,241805100
2024-06-24 00:00:00+00:00,205.75863496180304,210.6916077953884,204.63929998769703,206.17466735839844,80727000
2024-06-25 00:00:00+00:00,207.17510227348808,209.38405645778604,206.6402078553848,207.0958709716797,55549700
2024-06-26 00:00:00+00:00,209.5029437835443,212.8312181049777,208.6510635966682,211.2364196777344,66213200
2024-06-27 00:00:00+00:00,212.6628097453943,213.70289822966825,210.3449086305272,212.0783843994141,49772700
2024-06-28 00:00:00+00:00,213.7326216506115,214.0297919592074,208.3142702663448,208.63124084472656,82542700
2024-07-01 00:00:00+00:00,210.0873519655429,215.45617219578955,209.9189589919497,214.70335388183597,60402900
2024-07-02 00:00:00+00:00,214.10904691098636,218.2991169839906,213.0689733881142,218.19015502929688,58046200
2024-07-03 00:00:00+00:00,217.92267103394252,219.45803833007807,216.96182895702523,219.45803833007807,37369800
2024-07-05 00:00:00+00:00,219.5570869821695,224.3117665065084,219.5570869821695,224.2028045654297,60412400
2024-07-08 00:00:00+00:00,224.94572057418637,225.69855401964364,221.1419830377085,225.66883850097656,59085900
2024-07-09 00:00:00+00:00,225.77780318070188,227.2339241693749,224.232535628978,226.52072143554688,48076100
2024-07-10 00:00:00+00:00,227.1348758928893,230.87918266211804,227.08534498663496,230.78012084960935,62627700
2024-07-11 00:00:00+00:00,229.2051258414663,230.19568345608252,223.63819688403007,225.42120361328125,64710600
2024-07-12 00:00:00+00:00,226.7584454352943,230.44332094014865,226.5207061684713,228.36314392089844,53046500
2024-07-15 00:00:00+00:00,234.24706826366577,234.9899864993383,230.8890784430144,232.18670654296875,62631300
2024-07-16 00:00:00+00:00,232.7810305355119,234.03904289009893,230.1362436193629,232.6027374267578,43234300
2024-07-17 00:00:00+00:00,227.2834515580279,229.2744821236097,224.4999869579788,226.7188415527344,57345900
2024-07-18 00:00:00+00:00,228.10564083206225,228.26413370193544,220.1712785785942,222.063232421875,66034600
2024-07-19 00:00:00+00:00,222.6971801635164,224.65848009632384,221.1717129043359,222.1919860839844,49151500
2024-07-22 00:00:00+00:00,224.86649525231948,225.62922890399747,220.98351093014816,221.8453063964844,48201800
2024-07-23 00:00:00+00:00,222.2514348874799,224.7971755297642,220.577389891536,222.8853912353516,39960300
2024-07-24 00:00:00+00:00,221.88492258576645,222.67737176080064,215.07979609138368,216.4764709472656,61777600
2024-07-25 00:00:00+00:00,216.86277641061952,218.76466037633443,212.59347540961957,215.43638610839844,51391200
2024-07-26 00:00:00+00:00,216.63493468142264,217.4174836156479,213.97033243488116,215.9019317626953,41601300
2024-07-29 00:00:00+00:00,214.91139345300465,217.22929471632008,213.7128120512828,216.17930603027344,36311800
2024-07-30 00:00:00+00:00,217.1203409396055,218.2495760935564,214.0793215979517,216.7340240478516,41643800
2024-07-31 00:00:00+00:00,219.34909118598728,221.70662325926872,218.54674189777583,219.9830474853516,50036300
2024-08-01 00:00:00+00:00,222.2514024343897,222.36036437427163,214.97081319041695,216.29815673828125,62501000
2024-08-02 00:00:00+00:00,217.0807092384795,223.4698183577824,215.6543188775265,217.7840118408203,105568600
2024-08-05 00:00:00+00:00,197.21010696314244,211.484045462397,194.1492876376104,207.2939910888672,119548600
2024-08-06 00:00:00+00:00,203.3615005314145,208.0072186015693,199.17144565753836,205.2732696533203,69660500
2024-08-07 00:00:00+00:00,204.9463646139573,211.62272838414276,204.441185671316,207.83880615234372,63516400
2024-08-08 00:00:00+00:00,211.0977289070064,212.1774330540979,206.85814362500795,211.29583740234372,47161100
2024-08-09 00:00:00+00:00,210.09730322074367,214.7331062003749,209.9685258775167,214.19821166992188,42201600
2024-08-12 00:00:00+00:00,214.27753840147545,217.68898821235916,213.81143620679725,215.7254180908203,38028100
2024-08-13 00:00:00+00:00,217.19312608520667,220.04923895369575,217.19312608520667,219.43438720703125,44155300
2024-08-14 00:00:00+00:00,218.74022238953543,221.1798064675701,217.8774293678053,219.88067626953125,41960600
2024-08-15 00:00:00+00:00,222.7367590108339,223.48053712623224,220.9120118672479,222.8557586669922,46414000
2024-08-16 00:00:00+00:00,222.06237857544767,224.94824111633488,221.79461423345728,224.1747131347656,44340200
2024-08-19 00:00:00+00:00,223.84746435464615,224.11522871504155,221.18968933533225,224.01605224609372,40687800
2024-08-20 00:00:00+00:00,223.8970689622142,225.28544883578485,223.5797163441377,224.63092041015625,30299000
2024-08-21 00:00:00+00:00,224.6408348597364,226.08871448701356,223.1830285060583,224.52182006835935,34765500
2024-08-22 00:00:00+00:00,225.90029338876204,226.4457337259973,222.04256465043304,222.66734313964844,43695300
2024-08-23 00:00:00+00:00,223.78797197411373,226.32673228874265,222.46900358067504,224.9581756591797,38677300
2024-08-26 00:00:00+00:00,224.87883517993083,225.39452559231563,222.0326490158817,225.29534912109372,30602200
2024-08-27 00:00:00+00:00,224.1251624880706,226.95152567852384,223.02437015551797,226.1383209228516,35934600
2024-08-28 00:00:00+00:00,226.02922904592305,227.95313769677003,223.80780609600177,224.6110992431641,38052200
2024-08-29 00:00:00+00:00,228.1911690762387,230.9877673775296,226.98128860061004,227.88372802734372,51906300
2024-08-30 00:00:00+00:00,228.28038060324323,228.4886300006117,225.59285569982603,227.10025024414065,52990800
2024-09-03 00:00:00+00:00,226.65400042223428,227.1002642906876,219.335218503661,220.9219512939453,50190600
2024-09-04 00:00:00+00:00,219.82114598403248,219.94014563997789,215.67581475954933,219.0178680419922,43840200
2024-09-05 00:00:00+00:00,219.79140861107143,223.6094607351492,219.6823205428289,220.53518676757807,36615400
2024-09-06 00:00:00+00:00,222.0921370424939,223.3714438451236,217.9468210396507,218.9881134033203,48423000
2024-09-09 00:00:00+00:00,218.98814282610013,219.4344067184307,214.91223769602945,219.077392578125,67180000
2024-09-10 00:00:00+00:00,217.10389659918584,219.64265710486697,214.9320618304677,218.28402709960935,51591000
2024-09-11 00:00:00+00:00,219.6228241682371,221.2392917639212,216.0824328240824,220.8128662109375,44587100
2024-09-12 00:00:00+00:00,220.6541869199912,221.69547936785247,217.9964268983011,220.9219512939453,37455600
2024-09-13 00:00:00+00:00,221.72521710949164,222.18139254741288,220.06907298412548,220.6541748046875,36766600
2024-09-16 00:00:00+00:00,214.7436126542421,215.41797935337752,212.14535259122516,214.52545166015625,59357400
2024-09-17 00:00:00+00:00,213.96018092212807,215.1006346980314,212.72055067344832,214.99154663085935,45519300
2024-09-18 00:00:00+00:00,215.7452565018275,220.86245391858552,215.7353297749969,218.8592071533203,59894900
2024-09-19 00:00:00+00:00,223.1235418425436,227.91347512552952,222.76652771175563,226.97134399414065,66781300
2024-09-20 00:00:00+00:00,228.06222073119503,231.15633305592988,225.7317097608303,226.3069000244141,318679900
2024-09-23 00:00:00+00:00,225.454010038184,227.54650632766104,223.9367039516944,224.5912322998047,54146000
2024-09-24 00:00:00+00:00,226.75316007712863,227.4473651253421,223.85738561877668,225.48377990722656,43556100
2024-09-25 00:00:00+00:00,223.0640393442997,225.4044620808924,222.1615999382144,224.4920959472656,42308700
2024-09-26 00:00:00+00:00,225.41436171300208,226.6044036950252,223.54004142995944,225.63253784179688,36636700
2024-09-27 00:00:00+00:00,226.56473891662023,227.6159429044405,225.41435845997736,225.90028381347656,34026000
2024-09-30 00:00:00+00:00,228.1316114938428,231.0670623779297,227.7448474882838,231.0670623779297,54541900
2024-10-01 00:00:00+00:00,227.61597385138083,227.74488511973172,221.88392424124007,224.33343505859372,63285000
2024-10-02 00:00:00+00:00,224.01608068964856,225.4837987967651,221.16989422947796,224.8986968994141,32880600
2024-10-03 00:00:00+00:00,223.27228007150777,224.928424248049,221.4673863197881,223.79788208007807,34044200
2024-10-04 00:00:00+00:00,226.009398951906,226.10857543260985,222.27068471823085,224.9185333251953,37245100
2024-10-07 00:00:00+00:00,222.63760820325265,223.81773870352316,219.4939074890314,219.85092163085935,39505400
2024-10-08 00:00:00+00:00,222.4392426471427,224.10529834651464,221.39795026893304,223.8970489501953,31855700
2024-10-09 00:00:00+00:00,223.3615300750172,227.84403724277385,222.9648544526125,227.63577270507807,33591100
2024-10-10 00:00:00+00:00,225.89038125247492,227.59611368544336,225.285441085757,227.13992309570312,28183500
2024-10-11 00:00:00+00:00,227.3977748208096,227.5068628874906,225.4540279414576,225.66229248046875,31759200
2024-10-14 00:00:00+00:00,226.8027579765277,229.80762063057296,226.70359663127624,229.38119506835935,39882100
2024-10-15 00:00:00+00:00,231.67203496624023,235.51985237359267,230.4423162246621,231.91004943847656,64751400
2024-10-16 00:00:00+00:00,229.6786935047168,230.19436878170097,227.93328446814013,229.8571929931641,34082200
2024-10-17 00:00:00+00:00,231.49350124327563,231.91003031839952,228.60765355789445,230.22412109375,32993800
2024-10-18 00:00:00+00:00,234.2206797118992,234.2206797118992,232.0686835146529,233.05047607421875,46431500
2024-10-21 00:00:00+00:00,232.5050605584077,234.8851598599691,232.5050605584077,234.51821899414065,36254500
2024-10-22 00:00:00+00:00,231.94969236544068,234.26036494372264,230.67040061866737,233.90335083007807,38846600
2024-10-23 00:00:00+00:00,232.13812257917172,233.18932661738796,225.87054472777703,228.8456573486328,52287000
2024-10-24 00:00:00+00:00,228.0721400698136,228.9051831435476,226.51517225997247,228.65725708007807,31109500
2024-10-25 00:00:00+00:00,227.8341358984025,231.2852623916401,227.6655479946858,229.4902801513672,38802300
2024-10-28 00:00:00+00:00,231.38443735420992,232.78272881287967,230.62082086290687,231.46376037597656,36087100
2024-10-29 00:00:00+00:00,231.1662732954221,232.38606532055925,230.39274516902225,231.7315368652344,35417200
2024-10-30 00:00:00+00:00,230.68031899274527,231.5331852263952,227.64570650368097,228.19114685058597,47070900
2024-10-31 00:00:00+00:00,227.43744214117888,227.92338265648337,223.5003751779276,224.0359039306641,64370100
2024-11-01 00:00:00+00:00,219.13688241025088,223.4805517303345,218.4426924836225,221.060791015625,65276700
2024-11-04 00:00:00+00:00,219.15671602208408,220.9417714715672,217.88733586004025,220.16824340820312,44944500
2024-11-05 00:00:00+00:00,219.9599772111233,222.0921350198155,219.30544885909725,221.5962829589844,28111300
2024-11-06 00:00:00+00:00,220.76328741365683,224.19459083458287,219.35506917081852,220.87237548828125,54561100
2024-11-07 00:00:00+00:00,222.7665171269793,225.9895557457087,222.7070172967094,225.5928649902344,42137700
2024-11-08 00:00:00+00:00,225.53330763226649,227.01257809039103,224.77878865400956,225.3248291015625,38328800
2024-11-11 00:00:00+00:00,223.37892800863307,224.07388164377815,219.90414468405436,222.61447143554688,42005600
2024-11-12 00:00:00+00:00,222.9321731823864,223.96467356190877,221.75074442821315,222.61447143554688,40398300
2024-11-13 00:00:00+00:00,222.39605879884869,225.01703765642935,221.15506473467505,223.49806213378903,48566200
2024-11-14 00:00:00+00:00,223.3987876531247,227.2210402122622,223.3789275067786,226.5757293701172,44923900
2024-11-15 00:00:00+00:00,224.76884409236823,225.28510187679905,222.65420045885568,223.37893676757807,47923700
2024-11-18 00:00:00+00:00,223.62713486361545,228.08479108540536,223.54770942404784,226.37718200683597,44633700
2024-11-19 00:00:00+00:00,225.34464764897945,228.5017442258817,225.0269610660557,226.63528442382807,36211800
2024-11-20 00:00:00+00:00,226.4168829534927,228.27340522879027,224.2625190725532,227.35011291503903,35169600
2024-11-21 00:00:00+00:00,227.230987838277,228.50176458087773,224.0838286281757,226.8735809326172,42108300
2024-11-22 00:00:00+00:00,226.4168797117104,229.0577186823492,226.4168797117104,228.21383666992188,38168300
2024-11-25 00:00:00+00:00,229.7924307365234,231.5695278431134,228.08482143076648,231.1922607421875,90152800
2024-11-26 00:00:00+00:00,231.6489234928732,233.87279036398945,231.6489234928732,233.366455078125,45986200
2024-11-27 00:00:00+00:00,232.78070364946956,233.99191506726265,232.12545514826604,233.2373809814453,33498400
2024-11-29 00:00:00+00:00,233.11825362062933,236.0966394139658,232.28430923422,235.6201019287109,28481400
2024-12-02 00:00:00+00:00,235.5605381566453,239.0551666028684,235.45133007089743,237.8638153076172,48137100
2024-12-03 00:00:00+00:00,238.0822139315433,241.01095673492532,237.17876666593097,240.90174865722656,38861000
2024-12-04 00:00:00+00:00,241.12017980186528,242.35125137710352,239.51185632927687,241.25917053222656,44383900
2024-12-05 00:00:00+00:00,242.232138632232,242.77816394602772,240.3855387078128,241.2889709472656,40033900
2024-12-06 00:00:00+00:00,241.15989600483465,242.867505033938,240.33587413565132,241.09039306640625,36870600
2024-12-09 00:00:00+00:00,240.0876781705053,245.45870413211117,240.0082527322972,244.97222900390625,44649200
2024-12-10 00:00:00+00:00,245.11122909402772,246.42172615122828,243.5723933612922,245.98489379882807,36914800
2024-12-11 00:00:00+00:00,246.17352158557495,248.9930565140259,244.48575750906292,244.714111328125,45205800
2024-12-12 00:00:00+00:00,245.11122473397327,246.9479020514793,243.9099357862414,246.17352294921875,32777500
2024-12-13 00:00:00+00:00,246.0345362986312,247.4939314395242,244.46591792091505,246.34230041503903,33155300
2024-12-16 00:00:00+00:00,246.2033097230519,249.56888515433104,245.8657478109084,249.2313232421875,51694800
2024-12-17 00:00:00+00:00,248.2782345553336,252.0012166921119,247.98039295462075,251.6537322998047,51356400
2024-12-18 00:00:00+00:00,250.343283238806,252.4480045680384,245.9551295369763,246.2628936767578,56774100
2024-12-19 00:00:00+00:00,245.71681628677703,250.18439476471843,245.30976661195103,247.9903106689453,60882300
2024-12-20 00:00:00+00:00,246.2529371403228,253.16279902630112,243.919877297432,252.65647888183597,147495300
2024-12-23 00:00:00+00:00,252.93446477293037,253.80811434244583,251.6239676953758,253.4308624267578,40858800
2024-12-24 00:00:00+00:00,253.64927033575188,256.34965954757746,253.45069916161225,256.3397521972656,23234700
2024-12-26 00:00:00+00:00,256.32983230675023,258.2260750496306,255.7738693378932,257.1538391113281,27237100
2024-12-27 00:00:00+00:00,255.9724022209019,256.8361595932908,251.23677948504653,253.74855041503903,42355300
2024-12-30 00:00:00+00:00,250.4127477342041,251.673601973938,248.9434149702759,250.38296508789065,35557500
2024-12-31 00:00:00+00:00,250.6212497119267,251.4551941340452,247.63292614272083,248.6157989501953,39480700
2025-01-02 00:00:00+00:00,247.13651085819407,247.3052993793268,240.0777512722144,242.09312438964844,55740700
2025-01-03 00:00:00+00:00,241.6066436767578,242.42072787413275,240.14723350152744,241.6066436767578,40244100
2025-01-06 00:00:00+00:00,242.549801627174,245.54804748087852,241.4477983095151,243.23483276367188,45045600
2025-01-07 00:00:00+00:00,241.22940732447117,243.78089861816605,239.6111612224788,240.4649658203125,40856000
2025-01-08 00:00:00+00:00,240.1770368943837,241.9541489627904,238.32051453305576,240.951416015625,37628900
2025-01-10 00:00:00+00:00,238.2807606174901,238.4296889806259,231.32127200767005,235.1435394287109,61710900
2025-01-13 00:00:00+00:00,231.84748509521597,232.9792711307645,228.06493742769467,232.71121215820312,49630700
2025-01-14 00:00:00+00:00,233.0586839045808,234.41880854341963,230.7951119565212,231.59927368164065,39435300
2025-01-15 00:00:00+00:00,232.94949481929564,237.2383779015073,232.74100113522096,236.15621948242188,39832000
2025-01-16 00:00:00+00:00,235.6399687194268,236.29520209930607,226.3871093224655,226.61544799804688,71759100
2025-01-17 00:00:00+00:00,230.44762501944007,230.61639839146835,226.8338509712665,228.3230438232422,68488300
2025-01-21 00:00:00+00:00,222.38615194982364,222.80312416686704,217.79944241349196,221.03594970703125,98070400
2025-01-22 00:00:00+00:00,218.2064751614249,222.5052806842356,218.2064751614249,222.2173767089844,64126500
2025-01-23 00:00:00+00:00,223.1208199792776,225.394314538592,220.69839703644928,222.0485992431641,60234800
2025-01-24 00:00:00+00:00,223.160517277336,224.00439930767484,219.81480209957203,221.1749267578125,54697900
2025-01-27 00:00:00+00:00,222.40602753214387,230.47744375244469,222.36630723318075,228.20394897460935,94863400
2025-01-28 00:00:00+00:00,229.1867945454765,238.4594987479956,229.147074251248,236.54339599609372,75707600
2025-01-29 00:00:00+00:00,232.43322998057815,238.1318804363608,232.32402189200357,237.63548278808597,45486100
2025-01-30 00:00:00+00:00,236.95045561956255,239.0551768362328,235.5009829454289,235.87823486328125,55658300
2025-01-31 00:00:00+00:00,245.40904807772532,245.40904807772532,231.7581140684966,234.29966735839844,100959800
2025-02-03 00:00:00+00:00,228.3329787245057,230.15971829856625,224.0738787357251,226.3672332763672,73063300
2025-02-04 00:00:00+00:00,225.6127398204117,231.4503812363357,225.01705656002383,231.1227569580078,45067300
2025-02-05 00:00:00+00:00,226.88348940722173,230.9936609938165,226.62536810475493,230.79510498046875,39620300
2025-02-06 00:00:00+00:00,229.6236309743156,232.11555701043588,228.7698263631288,231.53973388671875,29925300
2025-02-07 00:00:00+00:00,230.92419948813392,232.31410688860944,225.622660920367,225.9900054931641,39707200
2025-02-10 00:00:00+00:00,228.1666073624245,229.1803610121675,225.81108525741095,226.25833129882807,33115600
2025-02-11 00:00:00+00:00,226.8049592810601,233.7919821040532,226.7353950927951,231.19793701171875,53718400
2025-02-12 00:00:00+00:00,229.78663009476247,235.51142789245532,229.26980470124647,235.4219665527344,45243300
2025-02-13 00:00:00+00:00,235.4617298072221,240.85852795215615,234.1299251101732,240.0534820556641,53614100
2025-02-14 00:00:00+00:00,239.77520922194773,244.0489258287467,239.5168040933544,243.104736328125,40896200
2025-02-18 00:00:00+00:00,242.6574585849239,243.6811607859394,240.36158248040348,242.9755096435547,48822500
2025-02-19 00:00:00+00:00,243.16435439309652,244.5060925083624,241.6735241546838,243.37306213378903,32204200
2025-02-20 00:00:00+00:00,243.4426355672204,245.271383642118,242.7966000469895,244.3271942138672,32316900
2025-02-21 00:00:00+00:00,244.44643778526165,247.16969288030828,243.7209047199657,244.04888916015625,53197400
2025-02-24 00:00:00+00:00,243.43268408373555,247.3386670527108,242.92580728065096,245.5894317626953,51326400
2025-02-25 00:00:00+00:00,246.4839537806424,248.4717276014541,243.41284686721104,245.52981567382807,48013300
2025-02-26 00:00:00+00:00,242.83637220684057,243.48239258336395,237.66816369812489,238.89064025878903,44433600
2025-02-27 00:00:00+00:00,237.94645181292125,240.9778097055873,235.61081167459412,235.84934997558597,41153600
2025-02-28 00:00:00+00:00,235.5014815283524,240.61005923211764,228.7927454203557,240.3615875244141,56833400
2025-03-03 00:00:00+00:00,240.31189930334125,242.53821134874983,234.66662916873,236.57489013671875,47184000
2025-03-04 00:00:00+00:00,236.25684921580157,238.6024227827577,233.2453581153048,234.4877166748047,53798100
2025-03-05 00:00:00+00:00,233.98082285378285,235.1039197629907,227.82866128733943,234.2988739013672,47227600
2025-03-06 00:00:00+00:00,233.00684447444675,236.4059358119138,231.73467047090972,233.8914031982422,45170400
2025-03-07 00:00:00+00:00,233.6727521861128,239.8944787876392,233.32488570115635,237.60855102539065,46273600
2025-03-10 00:00:00+00:00,234.10009611136832,234.71631625547707,222.84930513729452,226.08937072753903,72071200
2025-03-11 00:00:00+00:00,222.4418202229124,224.45940937640347,216.1206990584521,219.48997497558597,76137400
2025-03-12 00:00:00+00:00,218.7942660196618,220.39442456790263,213.5962416730392,215.6535797119141,62547500
2025-03-13 00:00:00+00:00,214.6298526174969,215.5144112677834,207.14588618522245,208.39817810058597,61368300
2025-03-14 00:00:00+00:00,209.95857893569573,212.64207016591416,208.29878985935505,212.1848907470703,60107600
2025-03-17 00:00:00+00:00,212.00600336087763,213.9043309003415,208.68642489319868,212.69178771972656,48073400
2025-03-18 00:00:00+00:00,212.85080057479257,213.83473880015984,210.19712464056028,211.3897857666016,42432400
2025-03-19 00:00:00+00:00,212.91044076829724,217.4226803637017,212.443312738742,213.92420959472656,54385400
2025-03-20 00:00:00+00:00,212.6818553101102,216.16045933121796,210.92267131595003,212.7911834716797,48862900
2025-03-21 00:00:00+00:00,210.26668206389348,217.5021765166101,209.9883949822897,216.9356689453125,94127800
2025-03-24 00:00:00+00:00,219.6490147320974,220.12607621910905,217.24381014629503,219.3806610107422,44299500
2025-03-25 00:00:00+00:00,219.4204082670252,222.73005335992565,218.73462390108503,222.38218688964844,34493600
2025-03-26 00:00:00+00:00,222.1436578269553,223.6444367672013,219.1222482929388,220.1757659912109,34466100
2025-03-27 00:00:00+00:00,220.03661426059983,223.61461307047796,219.21168633594712,222.4815826416016,37094800
2025-03-28 00:00:00+00:00,220.31490521146455,222.44182255065115,216.3492910585304,216.5679473876953,39818600
2025-03-31 00:00:00+00:00,215.683368745432,224.24073468961828,214.908138255618,220.77207946777344,65299300
2025-04-01 00:00:00+00:00,218.46626491168396,222.31260214779184,217.5618242432653,221.8256072998047,36412700
2025-04-02 00:00:00+00:00,219.9670353213626,223.8133724100327,219.66886624627367,222.5213165283203,35905900
2025-04-03 00:00:00+00:00,204.28348559152053,206.2215769781628,200.0197179050274,201.94786071777344,103419000
2025-04-04 00:00:00+00:00,192.70471987275084,198.65810753704545,186.19475800144227,187.22840881347656,125910900
2025-04-07 00:00:00+00:00,176.11674047268428,192.96311894309864,173.55251067175698,180.3507080078125,160466300
2025-04-08 00:00:00+00:00,185.5586861535385,189.1764339595553,168.1756135141289,171.36598205566406,120859500
2025-04-09 00:00:00+00:00,170.89883496621582,199.38363475051756,170.83920418374143,197.6343994140625,184395900
2025-04-10 00:00:00+00:00,187.9141823452429,193.58926741380884,181.88128226075605,189.25592041015625,121880000
2025-04-11 00:00:00+00:00,184.96236474624945,198.32019241914816,184.9226007761468,196.93869018554688,87435900
2025-04-14 00:00:00+00:00,210.14743595954587,211.638266220138,199.9302804535287,201.28196716308597,101352900
2025-04-15 00:00:00+00:00,200.6259945192588,202.26590170954893,198.57859009217825,200.9042816162109,51343900
2025-04-16 00:00:00+00:00,197.1473909296092,199.47308245703653,191.19400339685228,193.0823974609375,59732400
2025-04-17 00:00:00+00:00,195.99447418061752,197.6145145196776,193.2314700862815,195.77581787109372,52164700
2025-04-21 00:00:00+00:00,192.08849990403365,192.6152586778503,188.64964501381647,191.9791717529297,46742500
2025-04-22 00:00:00+00:00,194.92107095045927,200.35763286451956,194.7719939992729,198.5189514160156,52976400
2025-04-23 00:00:00+00:00,204.7406939661261,206.72846769395252,201.56025903470572,203.3492584228516,52929200
2025-04-24 00:00:00+00:00,203.63746952607696,207.55338601533765,201.6993932641485,207.09619140625,47311000
2025-04-25 00:00:00+00:00,205.10842646651813,208.46776890662989,204.9394675201618,208.00064086914065,38222300
2025-04-28 00:00:00+00:00,208.71623364812055,210.2070638884643,206.1917677806294,208.8553771972656,38743100
2025-04-29 00:00:00+00:00,207.41425458581944,210.94255602883885,207.096203506044,209.9188537597656,36827600
2025-04-30 00:00:00+00:00,208.0205233254963,212.2743578831654,205.4065960245207,211.20095825195312,52286500
2025-05-01 00:00:00+00:00,207.80188973514691,213.24838609037133,207.62298219428487,212.01597595214844,57365700
2025-05-02 00:00:00+00:00,204.8301473855031,205.72465469395448,200.92417915168144,204.0946807861328,101010600
2025-05-05 00:00:00+00:00,201.85841873478097,202.85230555245,196.99831280299983,197.6741485595703,69018500
2025-05-06 00:00:00+00:00,196.9983091053983,199.42338015596505,195.81558138809012,197.2964630126953,51216500
2025-05-07 00:00:00+00:00,197.9524407308952,198.2207944248892,192.0686324392914,195.05029296875,68536700
2025-05-08 00:00:00+00:00,196.5113045675241,198.82706269335063,193.4898801219913,196.28271484375,50478900
2025-05-09 00:00:00+00:00,197.78348851905432,199.3140676367793,196.3324070058388,197.3163604736328,36453900
2025-05-12 00:00:00+00:00,209.95526516858175,210.2538252478288,205.75556156059076,209.776123046875,63775800
2025-05-13 00:00:00+00:00,209.4178625594749,212.3735786127325,207.99474788922345,211.9058380126953,51909300
2025-05-14 00:00:00+00:00,211.40824098508045,212.91098786371117,209.56714827780408,211.3087310791016,49325800
2025-05-15 00:00:00+00:00,209.9353730316401,211.93571508448807,208.53215118256117,210.43296813964844,45029500
2025-05-16 00:00:00+00:00,211.33861188422907,211.5476085279826,208.76107266186216,210.243896484375,54737900
2025-05-19 00:00:00+00:00,206.90999202317107,208.4724326946764,203.2775387890809,207.7758026123047,46140500
2025-05-20 00:00:00+00:00,206.6711529249315,207.4673081447902,204.04385132917625,205.86505126953125,42496600
2025-05-21 00:00:00+00:00,204.18318404217405,206.0441849710538,199.7446439816099,201.1179962158203,59211800
2025-05-22 00:00:00+00:00,199.7446272097534,201.7748084903006,198.7394754118135,200.39149475097656,46742400
2025-05-23 00:00:00+00:00,192.73845462081465,196.74906929623725,192.52947321472183,194.3307647705078,78432900
2025-05-27 00:00:00+00:00,197.34622283817183,199.77448939448533,196.4803970243206,199.24703979492188,56288500
2025-05-28 00:00:00+00:00,199.6252046868552,201.7549111726597,198.9385209981625,199.45602416992188,45339700
2025-05-29 00:00:00+00:00,202.60081106845576,202.8297005493605,197.5551897560925,198.9882659912109,51396800
2025-05-30 00:00:00+00:00,198.41106448584637,200.98861863398105,195.8335255231089,199.8839569091797,70819900
2025-06-02 00:00:00+00:00,199.31669015009305,201.15779807678396,199.15745607510848,200.7298583984375,35423300
2025-06-03 00:00:00+00:00,200.38156440883068,202.7899230095772,199.9934408158467,202.29232788085935,46381600
2025-06-04 00:00:00+00:00,201.93404589483336,205.248031062868,201.1279442674136,201.844482421875,43604000
2025-06-05 00:00:00+00:00,202.521183994692,203.765171611367,199.1872911078447,199.6649932861328,55126100
2025-06-06 00:00:00+00:00,202.0236053289331,204.7106157617459,201.07817770068,202.93917846679688,46607700
2025-06-09 00:00:00+00:00,203.4069099948636,205.0091667110405,199.05793398755327,200.4810485839844,72862600
2025-06-10 00:00:00+00:00,199.63515466910712,203.36711781582227,199.6053001787652,201.6951904296875,54672600
2025-06-11 00:00:00+00:00,202.52118145308685,203.51637153393744,197.4556675860525,197.82388305664065,60989900
2025-06-12 00:00:00+00:00,198.12246436103905,198.7195693623348,196.4107360236097,198.24188232421875,43904600
2025-06-13 00:00:00+00:00,198.769334334526,199.4062554549193,194.7587190445596,195.50511169433597,51447300
2025-06-16 00:00:00+00:00,196.3510290449251,197.7343428123237,195.61458283187795,197.46563720703125,43020700
2025-06-17 00:00:00+00:00,196.25149936947125,197.4357781067605,194.2710806409192,194.69900512695312,38856200
2025-06-18 00:00:00+00:00,194.9975546383106,196.6197193940347,194.13174409281177,195.6344757080078,45394700
2025-06-20 00:00:00+00:00,197.28651411005004,200.7298637574877,195.9131467510872,200.03323364257807,96813500
2025-06-23 00:00:00+00:00,200.6601870689569,201.32696262150705,198.00303129313016,200.5308074951172,55814300
2025-06-24 00:00:00+00:00,201.61555699715424,202.4614746491071,199.2370532858301,199.33657836914065,54064000
2025-06-25 00:00:00+00:00,200.4810436177515,202.6903668657116,199.65503400834336,200.59051513671875,39525700
2025-06-26 00:00:00+00:00,200.461158146952,201.6653449912509,198.5006473897771,200.03323364257807,50799100
2025-06-27 00:00:00+00:00,200.91895566349635,202.2425604964941,199.03804672932017,200.11285400390625,73188600
2025-06-30 00:00:00+00:00,201.03834688076608,206.39247448465787,198.30157410241037,204.1831512451172,91912800
2025-07-01 00:00:00+00:00,205.6759415551798,209.17901505124104,205.1484920031366,206.82041931152344,78788900
2025-07-02 00:00:00+00:00,207.90517762155156,212.3138626915596,207.13887695509675,211.41819763183597,67941800
2025-07-03 00:00:00+00:00,211.1295823572572,213.6175577099725,210.7912213537831,212.5228576660156,34955800
2025-07-07 00:00:00+00:00,211.65705062020388,215.18997897032483,207.7957228576545,208.940185546875,50229000
2025-07-08 00:00:00+00:00,209.08945658408672,210.4130461204056,207.4473837253886,208.9998779296875,42848900
2025-07-09 00:00:00+00:00,208.5222090540861,210.31355451699517,206.22332203726856,210.1244659423828,48749400
2025-07-10 00:00:00+00:00,209.49746585002455,212.4531817093425,209.01977884626092,211.38833618164065,44443600
2025-07-11 00:00:00+00:00,209.55720483784356,211.10969909895368,208.8506131239295,210.1443634033203,39765800
2025-07-14 00:00:00+00:00,208.92024318716173,209.8955403849565,206.54173953773957,207.61654663085935,38840100
2025-07-15 00:00:00+00:00,208.2136890556617,210.87084499335575,207.9151289669034,208.10421752929688,42296300
2025-07-16 00:00:00+00:00,209.28849593835915,211.37838618562168,207.63647661047767,209.149169921875,47490500
2025-07-17 00:00:00+00:00,209.5571995447156,210.78127919114968,208.5819022531988,209.0098419189453,48068100
2025-07-18 00:00:00+00:00,209.8557390930104,210.77131219576944,208.69136845628208,210.16424560546875,48974600
2025-07-21 00:00:00+00:00,211.07983063398711,214.74212298846783,210.61209006251647,211.4579925537109,51377400
2025-07-22 00:00:00+00:00,212.1148250502387,213.91611676733493,211.20919838168209,213.36875915527344,46404100
2025-07-23 00:00:00+00:00,213.96588230147148,214.1151547498488,211.38834345684663,213.11996459960935,46989300
2025-07-24 00:00:00+00:00,212.87116805528336,214.65256693634575,212.50295255730364,212.7318420410156,46022600
2025-07-25 00:00:00+00:00,213.6673052863376,214.20471642869956,212.37355515647585,212.85125732421875,40268800
2025-07-28 00:00:00+00:00,213.000569237894,213.8166325366559,212.03523347491875,213.02047729492188,37858000
2025-07-29 00:00:00+00:00,213.14982178903043,213.7767964509494,209.80599741985404,210.2538299560547,51411700
2025-07-30 00:00:00+00:00,210.88079278566187,211.36844143995228,206.7209051278188,208.0445098876953,45512500
2025-07-31 00:00:00+00:00,207.48719786288635,208.8306954413449,206.16359315375277,206.57162475585935,80698400
2025-08-01 00:00:00+00:00,209.85574027592585,212.5527122409286,200.5308135095244,201.40658569335935,104434500
2025-08-04 00:00:00+00:00,203.52634207300895,206.88014336875773,200.70995198839023,202.37193298339844,75109300
2025-08-05 00:00:00+00:00,202.42167200915333,204.35234334482283,201.18764593221573,201.9439849853516,44155100
2025-08-06 00:00:00+00:00,204.6409599471833,214.3440641251077,204.60114383647723,212.22430419921875,108483100
2025-08-07 00:00:00+00:00,217.82723230897545,219.78775818606877,215.53829184895108,218.97169494628903,90224800
2025-08-08 00:00:00+00:00,219.7678327416961,229.8889142887861,218.19543055331755,228.24685668945312,113854000
2025-08-11 00:00:00+00:00,227.08115402328403,228.71511750604432,223.9327805410339,226.3438720703125,61806100
2025-08-12 00:00:00+00:00,227.1708307452597,229.95057099439725,226.23430307406312,228.80479431152344,55626200
2025-08-13 00:00:00+00:00,230.2195756343437,234.1351043372746,229.5819165003467,232.47125244140625,69878500
2025-08-14 00:00:00+00:00,233.1985666998313,234.25466305951576,230.0003892485326,231.92327880859372,51916300
2025-08-15 00:00:00+00:00,233.13877413921492,233.41774239633352,228.4959213987516,230.73764038085935,56038700
2025-08-18 00:00:00+00:00,230.8472538899505,232.26202593201924,229.26310933608104,230.0402374267578,37476200
2025-08-19 00:00:00+00:00,230.4287923573085,232.01293684851592,228.50590285589897,229.71144104003903,39402600
2025-08-20 00:00:00+00:00,229.13358225147155,229.6217843388592,224.939085159242,225.17819213867188,42263900
2025-08-21 00:00:00+00:00,225.4372491279448,225.68632903786573,222.9564077521854,224.07228088378903,30621200
2025-08-22 00:00:00+00:00,225.33760837029212,228.2468598588307,224.58041092619504,226.9217529296875,42477800
2025-08-25 00:00:00+00:00,225.6464541310901,228.45608264282487,225.3973742361901,226.32395935058597,30983100
2025-08-26 00:00:00+00:00,226.0350268937484,228.6453946309622,223.86305742355088,228.46604919433597,54575100
2025-08-27 00:00:00+00:00,227.76862267507164,230.05018785299507,227.41990473660533,229.64170837402344,31259500
2025-08-28 00:00:00+00:00,229.97051505486425,232.55097936868037,228.49595098757067,231.7041015625,38074700
2025-08-29 00:00:00+00:00,231.65426265633036,232.52107103838583,230.51845893056876,231.2856292724609,39418400
2025-09-02 00:00:00+00:00,228.4062860305561,230.00040359535527,226.13467838242784,228.8745574951172,44075600
2025-09-03 00:00:00+00:00,236.33698891571112,237.9709525201245,233.49747185558655,237.59234619140625,66427800
2025-09-04 00:00:00+00:00,237.5723998534893,239.0170601981439,235.8687018920251,238.8975067138672,47549400
2025-09-05 00:00:00+00:00,239.1167027112504,240.43185187342493,237.61226559630575,238.80784606933597,54870400
2025-09-08 00:00:00+00:00,238.41928864081729,239.2661511981365,235.4701758698508,237.0045166015625,48999500
2025-09-09 00:00:00+00:00,236.12774389612645,237.9011915581232,232.5011411802574,233.4875030517578,66313900
2025-09-10 00:00:00+00:00,231.3354573908009,231.56460664903227,225.118417424808,225.955322265625,83440800
2025-09-11 00:00:00+00:00,226.04499474029723,229.6018477916261,225.81583028738916,229.1833953857422,50208600
2025-09-12 00:00:00+00:00,228.37638560886936,233.6469097348115,228.17712472443904,233.2085418701172,55824200
2025-09-15 00:00:00+00:00,236.1277410783948,237.31336381412063,234.1649902844441,235.82884216308597,42699500
2025-09-16 00:00:00+00:00,236.30708253667356,240.3322223551857,235.45026224943368,237.2735137939453,63421100
2025-09-17 00:00:00+00:00,238.09049720761,239.21634322602875,236.85505542454317,238.1104278564453,46508000
2025-09-18 00:00:00+00:00,239.08682096339743,240.31228984200703,235.77903252032195,237.0045166015625,44249600
2025-09-19 00:00:00+00:00,240.342162048153,245.3935094903633,239.32592704772568,244.5964508056641,163741300
2025-09-22 00:00:00+00:00,247.38616206443075,255.69547916115812,247.2068166293636,255.13751220703125,105517400
2025-09-23 00:00:00+00:00,254.9382669065294,256.3928850249964,252.646728760892,253.49359130859372,60275200
2025-09-24 00:00:00+00:00,254.28068708944184,254.7987775332095,250.11606329601625,251.3813934326172,42303700
2025-09-25 00:00:00+00:00,252.27808820484515,256.22352044118514,250.7836088309123,255.9246063232422,55202100
2025-09-26 00:00:00+00:00,253.1648106749593,256.6519291955366,252.84598111295836,254.51980590820312,46076300
2025-09-29 00:00:00+00:00,253.62311772285491,254.06150078407973,252.07881928540596,253.49359130859372,40127700
2025-09-30 00:00:00+00:00,253.9220203508673,254.97811672142572,252.17846100632588,253.69287109375,37704300
2025-10-01 00:00:00+00:00,254.1013624635733,257.8375764362911,253.9917666915456,254.5098571777344,48713900
2025-10-02 00:00:00+00:00,255.6356607808825,257.229778167004,253.2146115335708,256.18365478515625,42630200
2025-10-03 00:00:00+00:00,253.73271197999827,258.2858846694617,253.01536064819075,257.07037353515625,49155600
2025-10-06 00:00:00+00:00,257.0404730386864,258.11651518827176,254.11130630837613,255.74526977539065,44664100
2025-10-07 00:00:00+00:00,255.86484387966763,256.45266881763376,254.48991791397023,255.53607177734372,31955800
2025-10-08 00:00:00+00:00,255.57591915435188,257.5685585594684,255.16742442767125,257.1102600097656,36496900
2025-10-09 00:00:00+00:00,256.8611554198282,257.0504585775582,252.2083446799687,253.1050262451172,38322000
2025-10-10 00:00:00+00:00,254.00171816056968,255.436420799504,243.10197943699816,244.3673095703125,61999100
2025-10-13 00:00:00+00:00,248.46219085423505,248.7710475029622,244.6562426215344,246.7485198974609,38142900
2025-10-14 00:00:00+00:00,245.69241642712316,247.93413549962375,243.79940008876653,246.8581085205078,35478000
2025-10-15 00:00:00+00:00,248.5717898296712,250.8932163906544,246.559219921403,248.42233276367188,33893600
2025-10-16 00:00:00+00:00,247.33635013275975,248.1234359576197,244.22783772705108,246.53929138183597,39777000
2025-10-17 00:00:00+00:00,247.10719170360767,252.44746537322092,246.35995200283696,251.3614654541016,49147000
2025-10-20 00:00:00+00:00,254.94822099113512,263.4069798400544,254.68918336894043,261.2748413085937,90483000
2025-10-21 00:00:00+00:00,260.916147926868,264.313600971564,260.8663137101643,261.8028564453125,46695900
2025-10-22 00:00:00+00:00,261.6833338430701,261.882609922878,254.4899051977633,257.4988098144531,45015300
2025-10-23 00:00:00+00:00,258.98329410338334,259.66078406832133,257.06040475940137,258.6246032714844,32754900
2025-10-24 00:00:00+00:00,260.2287466983284,263.1579290692685,258.2261343576155,261.8527526855469,38253700
2025-10-27 00:00:00+00:00,263.90514984178776,268.1295353654346,263.67598537979285,267.8206787109375,44888200
2025-10-28 00:00:00+00:00,268.00000632210845,268.8967183092297,267.1631014853557,268.0099792480469,41534800
2025-10-29 00:00:00+00:00,268.28892986747474,270.4110953948544,266.1269030442272,268.7073974609375,51086700
2025-10-30 00:00:00+00:00,270.98894793982623,273.1310593223432,267.49188695276854,270.401123046875,69886500
2025-10-31 00:00:00+00:00,275.9705701844509,276.29937269597025,268.16940070155243,269.3749389648437,86167100
2025-11-03 00:00:00+00:00,269.424736694289,269.8531467885877,265.2700709373508,268.05975341796875,50194600
2025-11-04 00:00:00+00:00,267.3424445625432,270.49081837885313,266.6350661079627,269.0461730957031,49274800
2025-11-05 00:00:00+00:00,267.6214146886098,270.7000692568828,265.94760492323326,269.14581298828125,43683100
2025-11-06 00:00:00+00:00,266.90407480138714,272.3937751745226,266.90407480138714,268.7771301269531,51204000
2025-11-07 00:00:00+00:00,268.80702532983145,271.2878818962731,265.7881780523408,267.48193359375,48227400
2025-11-10 00:00:00+00:00,268.2298830249396,272.9869540449525,266.7339548671466,268.6986083984375,41312400
2025-11-11 00:00:00+00:00,269.07757258136417,275.16101963639426,269.0675899882029,274.5028076171875,46208300
2025-11-12 00:00:00+00:00,274.2534760098269,274.9815052844664,270.9624464716027,272.7276306152344,48398000
2025-11-13 00:00:00+00:00,273.36590026791555,275.9488963676571,271.3513946141157,272.2090759277344,49602800
2025-11-14 00:00:00+00:00,270.31417782757546,275.21085247368256,268.8681323529343,271.6705017089844,47431300
2025-11-17 00:00:00+00:00,268.0902717401977,269.7557213346742,265.00866346949266,266.73394775390625,45018300
2025-11-18 00:00:00+00:00,269.25711627506445,269.9751630894399,264.5998097936244,266.71405029296875,45677300
2025-11-19 00:00:00+00:00,264.8091896065648,271.47104873805114,264.77927226211665,267.8309631347656,40424500
2025-11-20 00:00:00+00:00,270.0948061865016,274.68232536305425,265.1981613886433,265.5272521972656,45823600
2025-11-21 00:00:00+00:00,265.2280517805383,272.5879921198442,264.9488130991126,270.75299072265625,59030800
2025-11-24 00:00:00+00:00,270.164627965921,276.24807542504453,270.164627965921,275.1710205078125,65585800
2025-11-25 00:00:00+00:00,274.52277261748515,279.6189174225992,274.50283786370125,276.2181701660156,46914200
2025-11-26 00:00:00+00:00,276.2081750495132,278.7712060098946,275.8790842359358,276.79656982421875,33431400
2025-11-28 00:00:00+00:00,276.50736791500816,278.242634823177,275.2407959413455,278.0930480957031,20135600
2025-12-01 00:00:00+00:00,277.2553332443013,282.65065109438723,275.3904143522869,282.3315124511719,46587700
2025-12-02 00:00:00+00:00,282.231773534172,286.619823290159,281.86278279875575,285.4131164550781,53669500
2025-12-03 00:00:00+00:00,285.4231155973949,287.8365294074879,282.5309633672564,283.378662109375,43538700
2025-12-04 00:00:00+00:00,283.3287830094401,283.95707766942763,277.8337308175164,279.9380187988281,43989100
2025-12-05 00:00:00+00:00,279.7784866384076,280.3768640337961,277.2952250127556,278.02325439453125,47265800
2025-12-08 00:00:00+00:00,277.374989388386,278.9108174051644,275.4003533668138,277.1356506347656,38211800
2025-12-09 00:00:00+00:00,277.40493251311347,279.2698514894354,276.16830825817004,276.4275817871094,32193300
2025-12-10 00:00:00+00:00,276.99605153243056,278.9906225605669,275.6896099437804,278.02325439453125,33038300
2025-12-11 00:00:00+00:00,278.34237127554803,278.8310314000742,273.0667227973629,277.2752685546875,33248000
2025-12-12 00:00:00+00:00,277.1456542987284,278.4620785577588,276.06859927253834,277.5246276855469,39532900
2025-12-15 00:00:00+00:00,279.3894873363706,279.3894873363706,272.0993337942639,273.3658752441406,50409100
2025-12-16 00:00:00+00:00,272.07941349564567,274.752131096348,271.0522107383373,273.8645324707031,37648600
2025-12-17 00:00:00+00:00,274.2634587890498,275.41033087528734,270.9026119684932,271.10205078125,50138700
2025-12-18 00:00:00+00:00,272.8672697170699,272.88723490520505,266.22537510199504,271.4511413574219,51630700
2025-12-19 00:00:00+00:00,271.4112306527045,273.8545921928022,269.1673383776201,272.9271240234375,144632000
2025-12-22 00:00:00+00:00,272.1192896847017,273.13654030849926,269.7756932559407,270.23443603515625,36571800
2025-12-23 00:00:00+00:00,270.1048034873943,271.7603010837797,268.8282792538215,271.62066650390625,29642000
2025-12-24 00:00:00+00:00,271.60070067851706,274.6823088952694,271.46109654935304,273.06671142578125,17910600
2025-12-26 00:00:00+00:00,273.4157529954652,274.6224597374741,272.11926379011726,272.6578063964844,21521800
2025-12-29 00:00:00+00:00,271.9497734782625,273.6152231466168,271.6107000753325,273.0168762207031,23715200
2025-12-30 00:00:00+00:00,272.06942798009953,273.3359694836473,271.54086793463244,272.33868408203125,22139600
2025-12-31 00:00:00+00:00,272.3187639976345,272.9370761103812,271.0123224859311,271.1220092773437,27293600
2026-01-02 00:00:00+00:00,271.5209292436992,277.0857683126949,268.2697691424855,270.2743225097656,37838100
2026-01-05 00:00:00+00:00,269.9053450243044,270.7729784841199,265.41756056202854,266.5345153808594,45647200
2026-01-06 00:00:00+00:00,266.27521573774703,266.82371056256306,261.40845786144683,261.6477966308594,52352100
2026-01-07 00:00:00+00:00,262.48552563718374,262.964203143993,259.1047135716701,259.623291015625,48309800
2026-01-08 00:00:00+00:00,256.3222864925608,258.58614386359903,255.0058776573516,258.3368225097656,50419300
2026-01-09 00:00:00+00:00,258.3767027680543,259.5036402038468,255.52448097015204,258.6659240722656,39997000
2026-01-12 00:00:00+00:00,258.45648066308013,260.5906555331263,256.1028713590674,259.54351806640625,45263800
2026-01-13 00:00:00+00:00,258.0176775418968,261.0992857475004,257.6885867541948,260.3413391113281,45730800
2026-01-14 00:00:00+00:00,258.78560808748875,261.10930037675524,256.0131555781144,259.2543334960937,40019400
2026-01-15 00:00:00+00:00,259.9424426175537,260.3313985459844,256.35220896361545,257.5090637207031,39388600
2026-01-16 00:00:00+00:00,257.1999111311508,258.1971965798445,254.2379721311412,254.8363494873047,72142800
2026-01-20 00:00:00+00:00,252.04394930256512,254.09835490933511,242.75922413209136,246.0303192138672,80267500
2026-01-21 00:00:00+00:00,248.02490552393743,250.8771427168815,244.51445623630568,246.97775268554688,54641700
2026-01-22 00:00:00+00:00,248.52352576906395,250.31864258405668,247.47637302553755,247.67584228515625,39708300
2026-01-23 00:00:00+00:00,246.6486524137701,248.7329754164565,244.01580413580567,247.3666839599609,41689000
2026-01-26 00:00:00+00:00,250.7973351598156,255.863546959882,249.12190294519743,254.7166748046875,55969200
2026-01-27 00:00:00+00:00,258.4664593428383,261.23891141767155,257.50904348719195,257.5688781738281,49648300
2026-01-28 00:00:00+00:00,256.95060341967536,258.15731035497566,253.8191275531099,255.743896484375,41288000
2026-01-29 00:00:00+00:00,257.29964922744847,258.94516415300217,253.7193980705993,257.5788879394531,67253000
2026-01-30 00:00:00+00:00,254.47732177254832,261.1890484668085,251.4954328536096,258.775634765625,92443400
2026-02-02 00:00:00+00:00,259.3241487899344,269.7557466562268,258.50636737104884,269.2770690917969,73913400
2026-02-03 00:00:00+00:00,268.4692659190308,271.1419837262723,266.88355520832346,268.7485046386719,64394700
2026-02-04 00:00:00+00:00,271.5508302866565,278.19275421850585,271.5508302866565,275.7394104003906,90545700
2026-02-05 00:00:00+00:00,277.37501624935936,278.7412924914769,272.48832346973,275.1610412597656,52977400
2026-02-06 00:00:00+00:00,276.3677049075235,280.1474248180158,276.1782182606431,277.364990234375,50453400
2026-02-09 00:00:00+00:00,277.41494619870406,277.70443813431814,271.2160169672847,274.1307983398437,44623400
2026-02-10 00:00:00+00:00,274.4003102195724,274.87943562430115,272.4537718732244,273.19244384765625,34376900
2026-02-11 00:00:00+00:00,274.2106536370846,279.6808719096702,273.9610989943363,275.0092163085937,51931300
2026-02-12 00:00:00+00:00,275.0990585104662,275.22883180172755,259.71650632997444,261.2637634277344,81077200
2026-02-13 00:00:00+00:00,261.5432690161623,261.7628783299504,254.9949421084194,255.3243560791016,56290700
2026-02-17 00:00:00+00:00,257.5903108294174,265.8156532326085,255.08478749757865,263.4099426269531,58469100
2026-02-18 00:00:00+00:00,263.1304558468116,266.3447212846438,261.9825104325609,263.8791198730469,34203300
2026-02-19 00:00:00+00:00,262.1322047157328,264.00886051677537,259.5867290635135,260.11578369140625,30845300
2026-02-20 00:00:00+00:00,258.50868117461044,264.2783836675007,257.7001265171608,264.1086730957031,42070500
2026-02-23 00:00:00+00:00,263.0206001676805,268.95002088588865,262.91081074777924,265.705810546875,37308200
2026-02-24 00:00:00+00:00,267.38283777638213,274.4003442568012,267.233111068832,271.6552429199219,47014600
2026-02-25 00:00:00+00:00,271.29586819299504,274.45024283739696,270.567157599074,273.74151611328125,33714300
2026-02-26 00:00:00+00:00,274.4602128097023,275.61811956353745,270.3175813011377,272.4637756347656,32345100
2026-02-27 00:00:00+00:00,272.3240439665745,272.3240439665745,262.4217314181026,263.7094116210937,72366500
2026-03-02 00:00:00+00:00,261.94253069595567,266.0551862059976,259.73647625260065,264.2484130859375,41827900
2026-03-03 00:00:00+00:00,263.0106738027697,265.08695529305965,259.6666350681776,263.2801818847656,38568900
2026-03-04 00:00:00+00:00,264.17854815272653,265.67587606267574,260.9543215497597,262.0523376464844,39803100
2026-03-05 00:00:00+00:00,260.3254337562426,261.09405110124777,256.79173142961054,259.8263244628906,49658600
2026-03-06 00:00:00+00:00,258.16927189629365,258.3090066542827,253.916851068475,257.0013427734375,41120000
2026-03-09 00:00:00+00:00,255.2345148744848,260.68477987096253,253.2280857512349,259.41705322265625,38218500
2026-03-10 00:00:00+00:00,257.19102845716964,262.01244158439727,256.4922936817907,260.3653564453125,30590800
2026-03-11 00:00:00+00:00,260.624897946549,261.6630538494394,259.08763272962494,260.34539794921875,26218900
2026-03-12 00:00:00+00:00,258.1992408199258,258.4887327594216,253.7272102811576,255.3043975830078,40794000
2026-03-13 00:00:00+00:00,255.024890934378,255.87336762960535,249.0755164384504,249.6744384765625,36930000
2026-03-16 00:00:00+00:00,251.66090222791988,253.43773019062647,249.4348789230203,252.36964416503903,32074200
2026-03-17 00:00:00+00:00,252.5093881906664,254.67552076289968,251.7307636559193,253.7771148681641,32361600
2026-03-18 00:00:00+00:00,252.1799767808244,254.48585937367065,248.5564382882904,249.4947662353516,35757900
2026-03-19 00:00:00+00:00,248.95572868612365,251.3814079598573,246.85947863088072,248.5165252685547,34864100
2026-03-20 00:00:00+00:00,247.53824109812177,248.75606899357115,245.56177255944445,247.54823303222656,88331100
2026-03-23 00:00:00+00:00,253.51758537106093,254.1464679788293,249.83415620831627,251.04200744628903,40546100
2026-03-24 00:00:00+00:00,249.9040313986812,254.3760464402864,249.10545347620703,251.1917266845703,45152300
2026-03-25 00:00:00+00:00,253.6473574345128,254.5457480998694,251.15181088451408,252.16998291015625,28476700
2026-03-26 00:00:00+00:00,251.67088153367663,256.5421934269488,250.32329549316128,252.43951416015625,41796700
2026-03-27 00:00:00+00:00,253.4477020992108,255.03488128462607,247.6281009352486,248.35679626464844,47900000
2026-03-30 00:00:00+00:00,249.62453299565456,250.4230956915925,245.07264337813007,246.19065856933597,39446200
2026-03-31 00:00:00+00:00,247.4683905467953,255.0248978486836,246.65983587287727,253.33790588378903,49598100
2026-04-01 00:00:00+00:00,253.6273948962928,255.7236449097363,252.8787309132899,255.1746368408203,40059400
2026-04-02 00:00:00+00:00,253.7471740568136,255.6737439434535,250.20349485503917,255.464111328125,31289400
2026-04-06 00:00:00+00:00,256.0530752925303,261.6930045642991,256.0031460821725,258.3988647460937,29329900
2026-04-07 00:00:00+00:00,255.7036812801697,255.7436185540334,245.2623079794448,253.0484161376953,62148000
2026-04-08 00:00:00+00:00,257.9896321241455,259.28730423338584,256.07303883918246,258.4388122558594,41032800
2026-04-09 00:00:00+00:00,258.5386343954405,260.6548530924392,255.61386101634736,260.0259704589844,28121600
2026-04-10 00:00:00+00:00,259.5168819122501,261.7229364827484,258.5585701252562,260.0159912109375,31291500
2026-04-13 00:00:00+00:00,259.2673359057164,259.71651601158027,256.2027973984465,258.73828125,36234700
2026-04-14 00:00:00+00:00,258.7881922504944,261.4634109961452,256.7318642110386,258.3689270019531,48370700
2026-04-15 00:00:00+00:00,257.7001261657452,266.08515659729386,257.35074355126085,265.95538330078125,49913500
2026-04-16 00:00:00+00:00,266.3247234477873,266.68409800240715,260.80457553569033,262.9307861328125,43323100
2026-04-17 00:00:00+00:00,266.4844323486072,271.8149160854778,266.24486962975914,269.7486267089844,61436200
2026-04-20 00:00:00+00:00,269.84841238867654,273.7913879220191,269.80850557942483,272.5635681152344,36590200
2026-04-21 00:00:00+00:00,271.0163536236942,272.3140256362382,264.9272139873882,265.69586181640625,50209800
2026-04-22 00:00:00+00:00,267.3429346055621,273.2523721409737,266.39461467279705,272.68341064453125,43249200
2026-04-23 00:00:00+00:00,274.56001085217736,275.2787294551341,271.1660737405759,272.9429016113281,33399600
2026-04-24 00:00:00+00:00,272.2741016414235,272.5735550213531,269.16962610782736,270.5771179199219,38157100
2026-04-27 00:00:00+00:00,265.6159889280984,267.88193422863776,264.59781690250213,267.1332702636719,41466800
2026-04-28 00:00:00+00:00,271.8548539018017,272.7432830913257,268.181416710472,270.2277526855469,40018900
2026-04-29 00:00:00+00:00,267.07336249706583,270.5571659728108,266.56429174844374,269.688720703125,30047900
2026-04-30 00:00:00+00:00,270.018146234023,275.50834883767226,267.6623648300734,270.8666381835937,91848200
2026-05-01 00:00:00+00:00,278.3632420760759,286.70836594964845,277.8741246788477,279.6409912109375,79915400
2026-05-04 00:00:00+00:00,279.16179801165765,280.13007120517506,274.3703307853319,276.3368225097656,46668400
2026-05-05 00:00:00+00:00,276.43668191704,284.0630869835518,276.00745521106614,283.6737670898437,49311700
2026-05-06 00:00:00+00:00,281.4178249779708,287.5169265187869,280.5693330033821,286.99786376953125,58336100
2026-05-07 00:00:00+00:00,288.75470528792926,291.6096265406606,285.2709318587503,286.927978515625,45224300
2026-05-08 00:00:00+00:00,289.49338424193445,294.2349225642168,289.48339230776435,292.7974853515625,52692800
2026-05-11 00:00:00+00:00,291.72841688276577,293.6267735875138,289.979924827367,292.42779541015625,42247300
2026-05-12 00:00:00+00:00,292.3078994315659,295.0155556946294,292.3078994315659,294.54595947265625,45748100
2026-05-13 00:00:00+00:00,293.24708951115105,300.6607090744109,293.24708951115105,298.6124572753906,52684300
2026-05-14 00:00:00+00:00,299.5616620172475,300.1911240450107,295.12548538387824,297.9530334472656,35324900
2026-05-15 00:00:00+00:00,297.643304079477,302.93875555297063,296.26448829773227,299.9713134765625,54862800
2026-05-18 00:00:00+00:00,299.98126929450746,300.4009207908792,294.6558756451712,297.5833435058594,34483000
2026-05-19 00:00:00+00:00,296.7140952726279,300.2510533099592,296.09463441963413,298.7123718261719,42243600
2026-05-20 00:00:00+00:00,297.9230626302997,302.5390768782648,297.82314269813475,301.98956298828125,38229800
2026-05-21 00:00:00+00:00,300.80056674721834,305.27671719779084,300.1411318265125,304.7271728515625,42965100
2026-05-22 00:00:00+00:00,305.85620846339293,311.13165741506583,305.5764509618376,308.55389404296875,43670200
2026-05-26 00:00:00+00:00,309.2932516306072,311.5513139598484,307.4048960873393,308.0643005371094,48000500
2026-05-27 00:00:00+00:00,308.0643052358437,312.9900803339556,308.0343323058515,310.5821533203125,50430900
2026-05-28 00:00:00+00:00,310.412282475935,312.5304508120942,309.30325358892543,312.24072265625,48220400
2026-05-29 00:00:00+00:00,311.5113496628706,314.7285763294451,309.2632884033746,311.7911071777344,70026800
2026-06-01 00:00:00+00:00,309.363197507879,310.6720662449624,304.7571540774977,306.0460510253906,48849900
2026-06-02 00:00:00+00:00,307.1950545511415,315.1781903378333,306.42572903356995,314.92840576171875,44534700
2026-06-03 00:00:00+00:00,313.9092501546009,316.6668815001487,308.5838566628498,309.9926452636719,50836700
2026-06-04 00:00:00+00:00,312.96009909963743,313.26982953176514,309.3831669286496,310.9618225097656,44869100
2026-06-05 00:00:00+00:00,312.5903972939029,314.8984348439246,306.8853260765596,307.0751647949219,65310500
2026-06-08 00:00:00+00:00,308.4739595974908,317.1265012321255,300.9105055796523,301.2801818847656,77949100
2026-06-09 00:00:00+00:00,300.0212482417878,300.4908444635933,287.5320194610898,290.29962158203125,70108800
2026-06-10 00:00:00+00:00,290.4894628291428,294.4960172141002,287.1323727394638,291.3287353515625,52793300
2026-06-11 00:00:00+00:00,293.4668864344149,296.7440586571729,289.3404406054596,295.375244140625,42572500
2026-06-12 00:00:00+00:00,295.7749221682621,296.88398158337014,289.3704417369658,290.879150390625,38742100
2026-06-15 00:00:00+00:00,293.8665449684006,297.5233947188816,291.4486474146935,296.1645812988281,45732600
2026-06-16 00:00:00+00:00,294.99559499590845,300.2210994929347,293.71669913987887,298.9821472167969,39874400
2026-06-17 00:00:00+00:00,300.59074812548096,301.8096980081642,294.10632015937927,295.6949768066406,42745100
2026-06-18 00:00:00+00:00,297.8530937792582,300.31099586682666,295.3652492546472,297.7532043457031,85962200
2026-06-22 00:00:00+00:00,297.05381866220307,302.1594314563154,296.5043047694293,296.75408935546875,44879900
2026-06-23 00:00:00+00:00,297.2836155142734,301.3800886038737,293.9264950024863,294.04638671875,52010900
2026-06-24 00:00:00+00:00,295.1054570720635,299.4417438827621,292.68755959702736,292.8274230957031,53081900
2026-06-25 00:00:00+00:00,287.1523472601469,288.55113481081804,273.5141152813601,274.91290283203125,107013700
2026-06-26 00:00:00+00:00,274.7630284991681,285.70360492137456,273.9737007161028,283.53546142578125,261775500
2026-06-29 00:00:00+00:00,286.4829438934296,288.12151489662153,279.6088673150861,281.4972229003906,66427000
2026-06-30 00:00:00+00:00,280.9277417485351,289.69017405322865,280.45814550695326,289.11065673828125,65100200
2026-07-01 00:00:00+00:00,293.1871503157195,296.33442991747245,288.95081360688545,294.1263427734375,50164200
2026-07-02 00:00:00+00:00,293.866538367699,309.15337194761725,293.4269150966668,308.3640441894531,75352800
2026-07-06 00:00:00+00:00,307.0951430290638,313.9292760509671,306.7354678654279,312.3905944824219,53590000
2026-07-07 00:00:00+00:00,315.0183186077797,315.2081573213481,309.88273318392555,310.3923034667969,42490000
2026-07-08 00:00:00+00:00,311.6412289475945,314.5487250421545,306.7854009831778,313.1199645996094,41323500
2026-07-09 00:00:00+00:00,310.24243869469103,316.2572401947346,307.8944576262147,315.947509765625,48124500
2026-07-10 00:00:00+00:00,314.4488202226986,316.6369356310425,311.9010296470402,315.0483093261719,34132300
2026-07-13 00:00:00+00:00,316.7468014245228,323.171283634363,315.5078797345754,317.0365600585937,43257800
2026-07-14 00:00:00+00:00,313.48965629761443,315.91755515351207,311.64124426456783,314.58868408203125,36336800
2026-07-15 00:00:00+00:00,317.34631234952286,328.44675508114506,317.0465830462295,327.2178039550781,60957600
2026-07-16 00:00:00+00:00,327.72736328456057,334.3915986652446,326.50841333986017,332.97283935546875,62970600
2026-07-17 00:00:00+00:00,331.693929977533,334.7013154010385,328.7164869908464,333.452392578125,63407100
2026-07-20 00:00:00+00:00,333.2226134619852,333.4224228207836,323.4010672140761,326.3085632324219,53468000
2026-07-21 00:00:00+00:00,322.85156758462244,329.3159936819017,321.94234806189104,327.45758056640625,41338900
2026-07-22 00:00:00+00:00,327.58746619388995,328.7164973399543,323.0613709608057,325.60919189453125,38755900
2026-07-23 00:00:00+00:00,321.4527900194849,323.0214140443725,319.0748358849152,321.3828430175781,40840800
2026-07-24 00:00:00+00:00,321.5127284115298,334.0818750563203,321.3428614810286,332.7330322265625,47489400
2026-07-27 00:00:00+00:00,334.2517370375488,339.277401491225,333.73216560461384,336.61968994140625,49604300
2026-07-28 00:00:00+00:00,339.73698155301014,342.59453283396704,335.31080637618777,339.78692626953125,51859000
2026-07-29 00:00:00+00:00,339.43727163464206,344.2730974331505,337.0593175600121,337.8985900878906,56090800
2026-07-30 00:00:00+00:00,332.8129674612056,334.4615395264105,329.30598233808786,333.1426696777344,74817800
2026-07-31 00:00:00+00:00,304.5473560391476,310.4222943774597,299.7415030462749,308.6438293457031,132489100
2026-08-03 00:00:00+00:00,309.313234694189,311.5313230344714,302.29929450581176,303.1585693359375,75052000
2026-08-04 00:00:00+00:00,302.46913991298527,310.1525156602479,301.0603512911937,309.1134033203125,68001000
2026-08-05 00:00:00+00:00,309.09342362565195,311.4414048335362,305.406631186344,310.7320251464844,49438800
2026-08-06 00:00:00+00:00,314.06913775687,316.0174696892129,308.96355554648414,312.14080810546875,46139900
2026-08-07 00:00:00+00:00,311.1816431226555,314.53873325457766,310.47223295908327,313.0599975585937,34437200
2026-08-10 00:00:00+00:00,306.8299865722656,308.260009765625,304.6099853515625,308.260009765625,44812500
2026-08-11 00:00:00+00:00,307.75,309.9700012207031,302.7900085449219,304.9100036621094,37476700
2026-08-12 00:00:00+00:00,305.1000061035156,305.6600036621094,300.57000732421875,302.25,41657800
2026-08-13 00:00:00+00:00,304.2099914550781,306.0,302.04998779296875,305.260009765625,40349300
2026-08-14 00:00:00+00:00,306.0,307.489990234375,304.29998779296875,305.92999267578125,28229400
2026-08-17 00:00:00+00:00,306.2099914550781,307.6600036621094,302.94000244140625,305.5899963378906,38169300
2026-08-18 00:00:00+00:00,307.5799865722656,311.489990234375,305.739990234375,310.0299987792969,53424500
2026-08-19 00:00:00+00:00,310.1400146484375,319.2799987792969,309.6000061035156,316.8299865722656,50505600
2026-08-20 00:00:00+00:00,317.4599914550781,320.2799987792969,310.6499938964844,311.29998779296875,40959200
2026-08-21 00:00:00+00:00,312.04998779296875,312.3800048828125,307.010009765625,309.3500061035156,46876800
2026-08-24 00:00:00+00:00,311.4700012207031,313.3599853515625,309.9700012207031,310.3399963378906,34673600
2026-08-25 00:00:00+00:00,310.7900085449219,313.5899963378906,308.2099914550781,309.8999938964844,25869800
2026-08-26 00:00:00+00:00,310.29998779296875,315.42999267578125,308.79998779296875,313.45001220703125,34024500
2026-08-27 00:00:00+00:00,310.54998779296875,315.3999938964844,309.3999938964844,314.5799865722656,32419200
2026-08-28 00:00:00+00:00,316.8500061035156,322.3699951171875,315.45001220703125,319.70001220703125,38609800
2026-08-31 00:00:00+00:00,319.5599975585937,321.2349853515625,312.8500061035156,315.75,18842172
