timestamp,open,high,low,close,volume
2016-08-29 00:00:00+00:00,38.44,38.75,38.43,38.56,43972000
2016-08-30 00:00:00+00:00,38.55,38.59,38.28,38.38,34184000
2016-08-31 00:00:00+00:00,38.33,38.48,38.2,38.46,32676000
2016-09-01 00:00:00+00:00,38.55,38.6,38.34,38.53,35846000
2016-09-02 00:00:00+00:00,38.71,38.8,38.59,38.62,43636000
2016-09-06 00:00:00+00:00,38.7,39.47,38.51,39.44,74396000
2016-09-07 00:00:00+00:00,39.48,39.54,39.22,39.22,48492000
2016-09-08 00:00:00+00:00,39.19,39.33,39.07,39.2,40610000
2016-09-09 00:00:00+00:00,38.97,39.05,38.01,38.01,85146000
2016-09-12 00:00:00+00:00,37.87,38.63,37.8,38.57,62494000
2016-09-13 00:00:00+00:00,38.44,38.49,37.95,38.05,62344000
2016-09-14 00:00:00+00:00,38.11,38.38,37.94,38.05,50460000
2016-09-15 00:00:00+00:00,38.1,38.54,37.88,38.48,60680000
2016-09-16 00:00:00+00:00,38.66,39.02,38.58,38.93,109984000
2016-09-19 00:00:00+00:00,39.0,39.1,38.55,38.76,45944000
2016-09-20 00:00:00+00:00,38.8,39.07,38.8,39.01,38744000
2016-09-21 00:00:00+00:00,39.16,39.53,38.95,39.49,54372000
2016-09-22 00:00:00+00:00,39.71,40.29,39.71,40.23,81578000
2016-09-23 00:00:00+00:00,40.16,40.39,40.11,40.29,47070000
2016-09-26 00:00:00+00:00,40.09,40.3,39.86,39.96,53028000
2016-09-27 00:00:00+00:00,40.09,40.83,40.06,40.81,76392000
2016-09-28 00:00:00+00:00,40.9,41.51,40.85,41.44,88442000
2016-09-29 00:00:00+00:00,41.41,41.88,41.23,41.45,98444000
2016-09-30 00:00:00+00:00,41.63,42.0,41.62,41.87,88612000
2016-10-03 00:00:00+00:00,41.8,41.99,41.56,41.84,55388000
2016-10-04 00:00:00+00:00,42.05,42.12,41.51,41.7,59006000
2016-10-05 00:00:00+00:00,41.9,42.28,41.81,42.22,69382000
2016-10-06 00:00:00+00:00,42.19,42.36,42.03,42.08,53680000
2016-10-07 00:00:00+00:00,42.29,42.3,41.87,41.97,48524000
2016-10-10 00:00:00+00:00,42.16,42.26,42.01,42.09,36542000
2016-10-11 00:00:00+00:00,42.05,42.06,41.42,41.55,71764000
2016-10-12 00:00:00+00:00,41.7,41.88,41.51,41.7,47608000
2016-10-13 00:00:00+00:00,41.45,41.59,41.06,41.46,61828000
2016-10-14 00:00:00+00:00,41.75,41.79,41.15,41.15,59996000
2016-10-17 00:00:00+00:00,41.08,41.1,40.58,40.65,67230000
2016-10-18 00:00:00+00:00,41.11,41.16,40.75,40.88,50250000
2016-10-19 00:00:00+00:00,41.02,41.03,40.76,40.88,41814000
2016-10-20 00:00:00+00:00,40.7,40.79,40.16,40.52,63040000
2016-10-21 00:00:00+00:00,40.47,40.97,40.45,40.95,55860000
2016-10-24 00:00:00+00:00,41.25,41.91,41.11,41.9,81218000
2016-10-25 00:00:00+00:00,41.97,42.15,41.66,41.76,64968000
2016-10-26 00:00:00+00:00,41.64,41.67,41.0,41.13,79962000
2016-10-27 00:00:00+00:00,41.56,41.59,40.77,40.92,148128000
2016-10-28 00:00:00+00:00,39.1,39.47,38.73,38.82,216822000
2016-10-31 00:00:00+00:00,39.05,39.69,39.01,39.49,108266000
2016-11-01 00:00:00+00:00,39.95,40.04,38.84,39.27,106108000
2016-11-02 00:00:00+00:00,39.2,39.24,38.18,38.28,100530000
2016-11-03 00:00:00+00:00,38.25,38.85,38.2,38.35,77450000
2016-11-04 00:00:00+00:00,38.14,38.3,37.66,37.75,102442000
2016-11-07 00:00:00+00:00,38.58,39.39,38.55,39.25,119688000
2016-11-08 00:00:00+00:00,39.25,39.59,38.95,39.39,68252000
2016-11-09 00:00:00+00:00,38.2,38.88,38.0,38.59,171258000
2016-11-10 00:00:00+00:00,38.94,38.94,35.88,37.12,254940000
2016-11-11 00:00:00+00:00,36.79,37.16,36.45,36.95,132456000
2016-11-14 00:00:00+00:00,37.28,37.3,35.51,35.95,146426000
2016-11-15 00:00:00+00:00,36.5,37.34,36.3,37.16,135116000
2016-11-16 00:00:00+00:00,36.99,37.49,36.78,37.32,72976000
2016-11-17 00:00:00+00:00,37.47,37.88,37.4,37.82,73802000
2016-11-18 00:00:00+00:00,38.05,38.39,37.88,38.01,87468000
2016-11-21 00:00:00+00:00,38.3,39.02,38.26,39.0,92292000
2016-11-22 00:00:00+00:00,39.41,39.62,39.05,39.27,106226000
2016-11-23 00:00:00+00:00,39.09,39.09,38.66,39.01,70806000
2016-11-25 00:00:00+00:00,39.33,39.34,38.9,39.02,36742000
2016-11-28 00:00:00+00:00,38.85,38.85,38.21,38.34,88776000
2016-11-29 00:00:00+00:00,38.4,38.49,38.07,38.13,65446000
2016-11-30 00:00:00+00:00,38.1,38.4,37.51,37.53,92518000
2016-12-01 00:00:00+00:00,37.62,37.67,36.9,37.18,93320000
2016-12-02 00:00:00+00:00,37.17,37.42,36.84,37.02,71226000
2016-12-05 00:00:00+00:00,37.25,38.07,37.1,37.97,86294000
2016-12-06 00:00:00+00:00,38.2,38.41,37.86,38.24,75894000
2016-12-07 00:00:00+00:00,38.23,38.52,37.79,38.52,73698000
2016-12-08 00:00:00+00:00,38.59,38.69,38.26,38.37,63792000
2016-12-09 00:00:00+00:00,38.5,38.51,38.27,38.43,49418000
2016-12-12 00:00:00+00:00,38.32,38.34,37.86,38.01,59278000
2016-12-13 00:00:00+00:00,38.25,39.12,38.1,38.72,105706000
2016-12-14 00:00:00+00:00,38.91,39.04,38.14,38.44,109096000
2016-12-15 00:00:00+00:00,38.31,38.45,38.02,38.05,76038000
2016-12-16 00:00:00+00:00,38.25,38.26,37.7,37.89,96964000
2016-12-19 00:00:00+00:00,37.94,38.52,37.81,38.3,62264000
2016-12-20 00:00:00+00:00,38.43,38.72,38.39,38.56,54072000
2016-12-21 00:00:00+00:00,38.5,38.56,38.28,38.53,40892000
2016-12-22 00:00:00+00:00,38.41,38.56,38.15,38.32,50872000
2016-12-23 00:00:00+00:00,38.23,38.33,37.9,38.03,39632000
2016-12-27 00:00:00+00:00,38.17,38.73,38.06,38.57,52774000
2016-12-28 00:00:00+00:00,38.81,39.0,38.52,38.61,66020000
2016-12-29 00:00:00+00:00,38.62,38.67,38.04,38.26,63166000
2016-12-30 00:00:00+00:00,38.32,38.37,37.41,37.49,82788000
2017-01-03 00:00:00+00:00,37.9,37.94,37.38,37.68,70422000
2017-01-04 00:00:00+00:00,37.92,37.98,37.71,37.86,50210000
2017-01-05 00:00:00+00:00,38.08,39.12,38.01,39.02,116602000
2017-01-06 00:00:00+00:00,39.12,39.97,38.92,39.8,119724000
2017-01-09 00:00:00+00:00,39.9,40.09,39.59,39.85,68922000
2017-01-10 00:00:00+00:00,39.83,39.9,39.48,39.8,51168000
2017-01-11 00:00:00+00:00,39.68,39.98,39.48,39.95,59856000
2017-01-12 00:00:00+00:00,40.02,40.71,39.98,40.68,97478000
2017-01-13 00:00:00+00:00,40.72,41.08,40.57,40.86,75838000
2017-01-17 00:00:00+00:00,40.78,40.8,40.17,40.49,73410000
2017-01-18 00:00:00+00:00,40.48,40.59,40.21,40.37,47084000
2017-01-19 00:00:00+00:00,40.5,40.68,40.37,40.45,50816000
2017-01-20 00:00:00+00:00,40.76,40.8,40.31,40.42,67524000
2017-01-23 00:00:00+00:00,40.34,40.92,40.25,40.89,55950000
2017-01-24 00:00:00+00:00,41.1,41.2,40.73,41.12,59434000
2017-01-25 00:00:00+00:00,41.29,41.87,41.26,41.83,78452000
2017-01-26 00:00:00+00:00,41.78,42.19,41.65,41.96,71726000
2017-01-27 00:00:00+00:00,41.95,41.98,41.47,41.79,59974000
2017-01-30 00:00:00+00:00,41.65,41.67,40.82,41.52,74946000
2017-01-31 00:00:00+00:00,41.19,41.35,40.98,41.17,62744000
2017-02-01 00:00:00+00:00,41.46,41.69,41.25,41.62,77004000
2017-02-02 00:00:00+00:00,41.83,42.12,41.41,42.0,147010000
2017-02-03 00:00:00+00:00,40.34,40.91,40.2,40.51,217376000
2017-02-06 00:00:00+00:00,40.49,40.54,40.15,40.38,77946000
2017-02-07 00:00:00+00:00,40.47,40.81,40.38,40.62,69322000
2017-02-08 00:00:00+00:00,40.63,41.07,40.62,40.99,57160000
2017-02-09 00:00:00+00:00,41.08,41.25,40.99,41.07,49698000
2017-02-10 00:00:00+00:00,41.19,41.4,41.14,41.37,48592000
2017-02-13 00:00:00+00:00,41.58,42.15,41.43,41.83,83452000
2017-02-14 00:00:00+00:00,41.85,41.92,41.57,41.82,55848000
2017-02-15 00:00:00+00:00,41.7,42.14,41.64,42.13,59378000
2017-02-16 00:00:00+00:00,42.09,42.25,41.97,42.21,54294000
2017-02-17 00:00:00+00:00,42.1,42.36,42.04,42.25,62246000
2017-02-21 00:00:00+00:00,42.44,42.9,42.36,42.82,70154000
2017-02-22 00:00:00+00:00,42.85,42.92,42.61,42.78,52340000
2017-02-23 00:00:00+00:00,42.88,43.04,42.4,42.61,69240000
2017-02-24 00:00:00+00:00,42.23,42.29,41.89,42.26,73760000
2017-02-27 00:00:00+00:00,42.12,42.62,41.98,42.43,54272000
2017-02-28 00:00:00+00:00,42.57,42.7,42.1,42.25,55874000
2017-03-01 00:00:00+00:00,42.65,42.74,42.45,42.65,55202000
2017-03-02 00:00:00+00:00,42.65,42.74,42.36,42.45,42642000
2017-03-03 00:00:00+00:00,42.36,42.6,42.31,42.49,38822000
2017-03-06 00:00:00+00:00,42.26,42.42,42.06,42.33,52208000
2017-03-07 00:00:00+00:00,42.27,42.42,42.19,42.3,44952000
2017-03-08 00:00:00+00:00,42.4,42.65,42.34,42.52,45730000
2017-03-09 00:00:00+00:00,42.55,42.82,42.52,42.65,40964000
2017-03-10 00:00:00+00:00,42.85,42.87,42.59,42.62,48728000
2017-03-13 00:00:00+00:00,42.59,42.78,42.59,42.73,38194000
2017-03-14 00:00:00+00:00,42.68,42.69,42.38,42.63,42612000
2017-03-15 00:00:00+00:00,42.72,42.72,42.36,42.65,51244000
2017-03-16 00:00:00+00:00,42.77,42.77,42.53,42.67,36846000
2017-03-17 00:00:00+00:00,42.67,42.69,42.53,42.62,67688000
2017-03-20 00:00:00+00:00,42.58,42.89,42.55,42.85,45654000
2017-03-21 00:00:00+00:00,42.94,43.14,42.07,42.16,87658000
2017-03-22 00:00:00+00:00,42.02,42.47,41.95,42.4,53174000
2017-03-23 00:00:00+00:00,42.41,42.54,42.24,42.37,39060000
2017-03-24 00:00:00+00:00,42.58,42.59,42.18,42.28,42766000
2017-03-27 00:00:00+00:00,41.9,42.52,41.67,42.34,55116000
2017-03-28 00:00:00+00:00,42.59,42.92,42.51,42.8,60832000
2017-03-29 00:00:00+00:00,42.95,43.82,42.95,43.72,89716000
2017-03-30 00:00:00+00:00,43.75,43.85,43.58,43.82,55254000
2017-03-31 00:00:00+00:00,43.85,44.52,43.83,44.33,79152000
2017-04-03 00:00:00+00:00,44.4,44.67,44.27,44.58,68446000
2017-04-04 00:00:00+00:00,44.58,45.43,44.51,45.34,99694000
2017-04-05 00:00:00+00:00,45.54,46.19,45.28,45.46,150168000
2017-04-06 00:00:00+00:00,45.69,45.86,44.72,44.91,126882000
2017-04-07 00:00:00+00:00,44.98,45.0,44.47,44.74,74218000
2017-04-10 00:00:00+00:00,44.98,45.43,44.95,45.35,63686000
2017-04-11 00:00:00+00:00,45.35,45.56,44.88,45.12,60254000
2017-04-12 00:00:00+00:00,45.15,45.2,44.76,44.81,49122000
2017-04-13 00:00:00+00:00,44.57,44.75,44.22,44.23,63492000
2017-04-17 00:00:00+00:00,44.38,45.12,44.38,45.1,57094000
2017-04-18 00:00:00+00:00,45.05,45.48,45.04,45.19,59984000
2017-04-19 00:00:00+00:00,45.39,45.52,44.87,44.96,57404000
2017-04-20 00:00:00+00:00,44.98,45.27,44.81,45.1,56288000
2017-04-21 00:00:00+00:00,45.13,45.18,44.84,44.93,48410000
2017-04-24 00:00:00+00:00,45.43,45.5,45.19,45.37,62458000
2017-04-25 00:00:00+00:00,45.35,45.47,45.15,45.38,67612000
2017-04-26 00:00:00+00:00,45.52,45.79,45.38,45.46,52178000
2017-04-27 00:00:00+00:00,45.72,46.09,45.61,45.92,106110000
2017-04-28 00:00:00+00:00,47.44,47.48,46.22,46.25,147294000
2017-05-01 00:00:00+00:00,46.39,47.72,46.39,47.41,109330000
2017-05-02 00:00:00+00:00,47.33,47.51,47.07,47.35,76976000
2017-05-03 00:00:00+00:00,47.3,47.3,46.8,47.05,71654000
2017-05-04 00:00:00+00:00,47.24,47.25,46.71,46.88,48368000
2017-05-05 00:00:00+00:00,47.03,47.04,46.52,46.71,57328000
2017-05-08 00:00:00+00:00,47.05,47.45,46.96,47.45,68314000
2017-05-09 00:00:00+00:00,47.64,47.89,47.51,47.64,65242000
2017-05-10 00:00:00+00:00,47.67,47.69,47.25,47.45,41930000
2017-05-11 00:00:00+00:00,47.26,47.51,47.04,47.38,43882000
2017-05-12 00:00:00+00:00,47.73,48.14,47.58,48.07,72518000
2017-05-15 00:00:00+00:00,47.94,48.16,47.8,47.9,85412000
2017-05-16 00:00:00+00:00,48.05,48.5,48.05,48.3,62522000
2017-05-17 00:00:00+00:00,47.73,48.02,47.21,47.24,102912000
2017-05-18 00:00:00+00:00,47.24,48.14,47.24,47.92,78786000
2017-05-19 00:00:00+00:00,48.14,48.45,47.99,47.99,79442000
2017-05-22 00:00:00+00:00,48.2,48.57,48.15,48.53,52844000
2017-05-23 00:00:00+00:00,48.75,48.76,48.34,48.58,48312000
2017-05-24 00:00:00+00:00,48.8,49.05,48.51,49.02,48920000
2017-05-25 00:00:00+00:00,49.24,49.95,49.11,49.67,96440000
2017-05-26 00:00:00+00:00,49.75,49.93,49.46,49.79,69384000
2017-05-30 00:00:00+00:00,49.83,50.06,49.78,49.84,65262000
2017-05-31 00:00:00+00:00,50.0,50.01,49.11,49.73,78262000
2017-06-01 00:00:00+00:00,49.93,49.95,49.57,49.8,49096000
2017-06-02 00:00:00+00:00,49.95,50.42,49.78,50.34,75046000
2017-06-05 00:00:00+00:00,50.36,50.66,50.18,50.57,54398000
2017-06-06 00:00:00+00:00,50.6,50.83,50.06,50.15,66928000
2017-06-07 00:00:00+00:00,50.3,50.51,50.1,50.5,56460000
2017-06-08 00:00:00+00:00,50.6,50.68,50.31,50.51,55358000
2017-06-09 00:00:00+00:00,50.62,50.65,46.35,48.92,152954000
2017-06-12 00:00:00+00:00,48.35,48.8,47.25,48.25,188944000
2017-06-13 00:00:00+00:00,48.9,49.23,48.3,49.04,91600000
2017-06-14 00:00:00+00:00,49.43,49.52,48.34,48.82,79498000
2017-06-15 00:00:00+00:00,47.94,48.29,47.54,48.21,107478000
2017-06-16 00:00:00+00:00,49.8,49.99,49.1,49.39,229454000
2017-06-19 00:00:00+00:00,50.85,50.85,49.49,49.76,100868000
2017-06-20 00:00:00+00:00,49.9,50.24,49.6,49.63,81536000
2017-06-21 00:00:00+00:00,49.94,50.14,49.63,50.11,58450000
2017-06-22 00:00:00+00:00,50.11,50.35,49.86,50.06,45068000
2017-06-23 00:00:00+00:00,50.13,50.23,49.9,50.19,57582000
2017-06-26 00:00:00+00:00,50.42,50.49,49.6,49.7,67724000
2017-06-27 00:00:00+00:00,49.53,49.94,48.8,48.84,75648000
2017-06-28 00:00:00+00:00,48.93,49.53,48.46,49.52,74752000
2017-06-29 00:00:00+00:00,48.95,49.38,48.26,48.8,86060000
2017-06-30 00:00:00+00:00,49.01,49.17,48.38,48.4,67806000
2017-07-03 00:00:00+00:00,48.64,48.72,47.55,47.68,58182000
2017-07-05 00:00:00+00:00,48.08,48.75,47.76,48.57,73060000
2017-07-06 00:00:00+00:00,48.23,48.72,47.95,48.26,65192000
2017-07-07 00:00:00+00:00,48.48,49.01,48.46,48.94,52868000
2017-07-10 00:00:00+00:00,49.25,49.97,49.17,49.82,70926000
2017-07-11 00:00:00+00:00,49.65,49.8,49.19,49.71,59654000
2017-07-12 00:00:00+00:00,50.03,50.43,49.91,50.33,72172000
2017-07-13 00:00:00+00:00,50.23,50.34,49.8,50.03,57616000
2017-07-14 00:00:00+00:00,50.12,50.22,49.84,50.09,42050000
2017-07-17 00:00:00+00:00,50.23,50.74,50.19,50.5,74252000
2017-07-18 00:00:00+00:00,50.3,51.3,50.2,51.22,80152000
2017-07-19 00:00:00+00:00,51.25,51.58,51.12,51.34,59280000
2017-07-20 00:00:00+00:00,51.58,51.75,51.13,51.44,61950000
2017-07-21 00:00:00+00:00,51.06,51.3,50.55,51.28,54692000
2017-07-24 00:00:00+00:00,51.42,52.15,51.37,51.95,65760000
2017-07-25 00:00:00+00:00,51.9,52.17,51.62,51.99,48952000
2017-07-26 00:00:00+00:00,52.16,52.66,52.16,52.64,58426000
2017-07-27 00:00:00+00:00,53.48,54.17,52.01,52.3,219834000
2017-07-28 00:00:00+00:00,50.61,51.64,50.05,51.0,154188000
2017-07-31 00:00:00+00:00,50.95,50.95,49.35,49.39,147042000
2017-08-01 00:00:00+00:00,49.81,50.32,49.58,49.81,91452000
2017-08-02 00:00:00+00:00,50.09,50.16,49.09,49.79,81400000
2017-08-03 00:00:00+00:00,49.97,49.98,49.23,49.35,65116000
2017-08-04 00:00:00+00:00,49.48,49.58,49.1,49.38,54606000
2017-08-07 00:00:00+00:00,49.53,49.75,49.36,49.61,53532000
2017-08-08 00:00:00+00:00,49.72,49.81,49.29,49.49,58056000
2017-08-09 00:00:00+00:00,49.13,49.4,48.76,49.1,71394000
2017-08-10 00:00:00+00:00,48.81,48.99,47.73,47.85,113682000
2017-08-11 00:00:00+00:00,48.0,48.52,47.57,48.4,69360000
2017-08-14 00:00:00+00:00,48.92,49.27,48.81,49.16,63458000
2017-08-15 00:00:00+00:00,49.45,49.59,49.1,49.14,50986000
2017-08-16 00:00:00+00:00,49.08,49.32,48.66,48.91,62642000
2017-08-17 00:00:00+00:00,48.89,48.89,48.02,48.03,70248000
2017-08-18 00:00:00+00:00,48.07,48.27,47.73,47.92,65696000
2017-08-21 00:00:00+00:00,47.88,48.06,47.27,47.66,63290000
2017-08-22 00:00:00+00:00,47.78,48.4,47.77,48.34,55000000
2017-08-23 00:00:00+00:00,47.97,48.1,47.71,47.9,53366000
2017-08-24 00:00:00+00:00,47.87,47.95,47.06,47.62,103914000
2017-08-25 00:00:00+00:00,47.8,47.88,47.2,47.26,66496000
2017-08-28 00:00:00+00:00,47.33,47.65,47.11,47.3,51934000
2017-08-29 00:00:00+00:00,47.0,47.8,46.82,47.7,57486000
2017-08-30 00:00:00+00:00,47.92,48.47,47.85,48.38,58092000
2017-08-31 00:00:00+00:00,48.73,49.05,48.64,49.03,66630000
2017-09-01 00:00:00+00:00,49.21,49.23,48.84,48.91,50718000
2017-09-05 00:00:00+00:00,48.77,48.84,48.02,48.26,57664000
2017-09-06 00:00:00+00:00,48.42,48.59,48.03,48.39,42598000
2017-09-07 00:00:00+00:00,48.7,49.03,48.63,48.97,51336000
2017-09-08 00:00:00+00:00,48.95,48.99,48.17,48.3,52106000
2017-09-11 00:00:00+00:00,48.72,49.1,48.71,48.9,43734000
2017-09-12 00:00:00+00:00,49.16,49.23,48.78,49.13,49622000
2017-09-13 00:00:00+00:00,49.2,50.0,48.97,49.98,67494000
2017-09-14 00:00:00+00:00,49.84,49.93,49.39,49.61,78266000
2017-09-15 00:00:00+00:00,49.65,49.81,49.2,49.34,75204000
2017-09-18 00:00:00+00:00,49.52,49.64,48.41,48.71,68226000
2017-09-19 00:00:00+00:00,48.86,48.91,48.37,48.49,53422000
2017-09-20 00:00:00+00:00,48.59,48.74,48.11,48.66,57776000
2017-09-21 00:00:00+00:00,48.57,48.59,48.1,48.23,46752000
2017-09-22 00:00:00+00:00,48.05,48.28,47.72,47.76,52836000
2017-09-25 00:00:00+00:00,47.47,47.47,46.64,46.99,102480000
2017-09-26 00:00:00+00:00,47.27,47.43,46.59,46.93,71296000
2017-09-27 00:00:00+00:00,47.4,47.77,47.16,47.54,62978000
2017-09-28 00:00:00+00:00,47.59,47.98,47.51,47.82,50452000
2017-09-29 00:00:00+00:00,48.01,48.24,47.92,48.07,50876000
2017-10-02 00:00:00+00:00,48.2,48.37,47.61,47.96,48858000
2017-10-03 00:00:00+00:00,47.9,48.18,47.52,47.85,53332000
2017-10-04 00:00:00+00:00,47.71,48.39,47.7,48.27,50548000
2017-10-05 00:00:00+00:00,48.5,49.08,48.48,49.04,64584000
2017-10-06 00:00:00+00:00,48.78,49.79,48.78,49.48,75642000
2017-10-09 00:00:00+00:00,49.66,49.92,49.38,49.55,58772000
2017-10-10 00:00:00+00:00,49.83,49.9,49.01,49.36,61698000
2017-10-11 00:00:00+00:00,49.56,49.77,49.34,49.75,46742000
2017-10-12 00:00:00+00:00,49.84,50.42,49.62,50.05,81346000
2017-10-13 00:00:00+00:00,50.35,50.39,50.05,50.15,48630000
2017-10-16 00:00:00+00:00,50.42,50.48,50.05,50.32,40178000
2017-10-17 00:00:00+00:00,50.28,50.57,50.22,50.46,46394000
2017-10-18 00:00:00+00:00,50.46,51.12,49.83,49.85,49994000
2017-10-19 00:00:00+00:00,49.5,49.55,49.01,49.33,62164000
2017-10-20 00:00:00+00:00,49.68,49.73,49.1,49.15,47302000
2017-10-23 00:00:00+00:00,49.34,49.34,48.12,48.31,69882000
2017-10-24 00:00:00+00:00,48.45,48.99,48.25,48.8,54478000
2017-10-25 00:00:00+00:00,48.9,49.22,48.31,48.65,60662000
2017-10-26 00:00:00+00:00,49.02,49.15,48.43,48.62,112374000
2017-10-27 00:00:00+00:00,52.91,55.28,52.53,55.05,331300000
2017-10-30 00:00:00+00:00,54.75,56.14,54.68,55.54,132262000
2017-10-31 00:00:00+00:00,55.45,55.53,55.06,55.26,69540000
2017-11-01 00:00:00+00:00,55.27,55.45,54.84,55.18,75110000
2017-11-02 00:00:00+00:00,54.89,55.1,54.34,54.71,73698000
2017-11-03 00:00:00+00:00,54.56,55.63,54.43,55.58,75030000
2017-11-06 00:00:00+00:00,55.46,56.27,55.44,56.03,67622000
2017-11-07 00:00:00+00:00,56.24,56.53,55.88,56.16,53780000
2017-11-08 00:00:00+00:00,56.14,56.78,55.96,56.64,51630000
2017-11-09 00:00:00+00:00,56.3,56.48,55.79,56.46,74654000
2017-11-10 00:00:00+00:00,56.3,56.59,56.2,56.27,43598000
2017-11-13 00:00:00+00:00,56.15,56.99,56.12,56.46,58368000
2017-11-14 00:00:00+00:00,56.51,56.9,56.19,56.84,62768000
2017-11-15 00:00:00+00:00,56.35,56.59,56.08,56.33,78574000
2017-11-16 00:00:00+00:00,56.51,56.91,56.5,56.86,44266000
2017-11-17 00:00:00+00:00,56.91,56.94,56.29,56.49,48268000
2017-11-20 00:00:00+00:00,56.49,56.67,56.13,56.32,43278000
2017-11-21 00:00:00+00:00,56.64,57.0,56.41,56.97,49588000
2017-11-22 00:00:00+00:00,57.05,58.01,57.05,57.81,71106000
2017-11-24 00:00:00+00:00,58.03,59.34,58.03,59.3,70560000
2017-11-27 00:00:00+00:00,60.13,60.67,59.56,59.79,134880000
2017-11-28 00:00:00+00:00,60.24,60.27,59.43,59.68,91188000
2017-11-29 00:00:00+00:00,59.74,59.74,57.26,58.06,185150000
2017-11-30 00:00:00+00:00,58.35,58.93,58.0,58.84,90184000
2017-12-01 00:00:00+00:00,58.6,58.98,57.6,58.12,82142000
2017-12-04 00:00:00+00:00,58.69,58.76,56.4,56.7,118638000
2017-12-05 00:00:00+00:00,56.41,57.96,56.24,57.08,81596000
2017-12-06 00:00:00+00:00,56.9,57.79,56.8,57.62,57066000
2017-12-07 00:00:00+00:00,57.83,58.16,57.55,57.99,50232000
2017-12-08 00:00:00+00:00,58.52,58.64,57.85,58.1,61002000
2017-12-11 00:00:00+00:00,58.23,58.49,57.85,58.45,47270000
2017-12-12 00:00:00+00:00,58.33,58.68,58.08,58.25,44718000
2017-12-13 00:00:00+00:00,58.5,58.54,58.01,58.21,52336000
2017-12-14 00:00:00+00:00,58.19,58.9,58.12,58.71,64286000
2017-12-15 00:00:00+00:00,58.95,59.14,58.47,58.96,95572000
2017-12-18 00:00:00+00:00,59.37,59.74,59.05,59.53,58952000
2017-12-19 00:00:00+00:00,59.46,59.65,58.96,59.37,51756000
2017-12-20 00:00:00+00:00,59.52,59.55,58.8,58.88,47424000
2017-12-21 00:00:00+00:00,58.8,58.96,58.38,58.74,42462000
2017-12-22 00:00:00+00:00,58.6,58.73,58.39,58.42,31702000
2017-12-26 00:00:00+00:00,58.42,58.92,58.03,58.84,40104000
2017-12-27 00:00:00+00:00,59.0,59.36,58.78,59.11,37344000
2017-12-28 00:00:00+00:00,59.45,59.51,59.22,59.3,36834000
2017-12-29 00:00:00+00:00,59.12,59.2,58.38,58.47,53768000
2018-01-02 00:00:00+00:00,58.6,59.5,58.53,59.45,53890000
2018-01-03 00:00:00+00:00,59.41,60.27,59.41,60.21,62176000
2018-01-04 00:00:00+00:00,60.25,60.79,60.23,60.48,60442000
2018-01-05 00:00:00+00:00,60.88,61.46,60.5,61.46,70894000
2018-01-08 00:00:00+00:00,61.8,62.65,61.6,62.34,85590000
2018-01-09 00:00:00+00:00,62.84,62.97,62.09,62.63,73226000
2018-01-10 00:00:00+00:00,62.26,62.72,61.86,62.72,53720000
2018-01-11 00:00:00+00:00,62.99,63.84,62.82,63.83,62500000
2018-01-12 00:00:00+00:00,63.67,65.29,63.67,65.26,108874000
2018-01-16 00:00:00+00:00,66.15,67.0,64.61,65.24,144414000
2018-01-17 00:00:00+00:00,65.61,65.7,64.04,64.75,105076000
2018-01-18 00:00:00+00:00,64.7,65.23,64.2,64.67,80538000
2018-01-19 00:00:00+00:00,65.6,65.65,64.65,64.73,91570000
2018-01-22 00:00:00+00:00,64.86,66.37,64.83,66.37,82802000
2018-01-23 00:00:00+00:00,66.9,68.25,66.87,68.13,103386000
2018-01-24 00:00:00+00:00,68.74,69.41,66.9,67.88,136150000
2018-01-25 00:00:00+00:00,68.4,68.92,67.88,68.9,95060000
2018-01-26 00:00:00+00:00,69.6,70.13,69.05,70.1,97146000
2018-01-29 00:00:00+00:00,70.46,71.57,70.02,70.88,114038000
2018-01-30 00:00:00+00:00,70.16,71.96,69.6,71.89,117438000
2018-01-31 00:00:00+00:00,72.56,73.63,72.5,72.54,128494000
2018-02-01 00:00:00+00:00,72.25,72.99,69.26,69.5,182276000
2018-02-02 00:00:00+00:00,73.87,74.9,70.7,71.5,222514000
2018-02-05 00:00:00+00:00,70.13,72.95,66.04,69.5,229900000
2018-02-06 00:00:00+00:00,68.07,72.2,67.59,72.14,221336000
2018-02-07 00:00:00+00:00,72.45,73.05,70.76,70.84,143254000
2018-02-08 00:00:00+00:00,71.48,71.69,67.5,67.53,171572000
2018-02-09 00:00:00+00:00,68.67,69.17,63.3,66.98,282830000
2018-02-12 00:00:00+00:00,68.23,69.69,67.2,69.31,134778000
2018-02-13 00:00:00+00:00,69.3,70.99,69.18,70.73,118358000
2018-02-14 00:00:00+00:00,70.31,72.6,70.17,72.55,119184000
2018-02-15 00:00:00+00:00,73.34,73.45,71.84,73.09,113054000
2018-02-16 00:00:00+00:00,72.87,73.29,72.33,72.43,89452000
2018-02-20 00:00:00+00:00,72.32,74.44,72.32,73.42,129984000
2018-02-21 00:00:00+00:00,74.25,75.17,73.95,74.15,126088000
2018-02-22 00:00:00+00:00,74.77,75.13,73.79,74.27,97162000
2018-02-23 00:00:00+00:00,74.77,75.0,74.33,75.0,88362000
2018-02-26 00:00:00+00:00,75.46,76.14,75.35,76.1,99100000
2018-02-27 00:00:00+00:00,76.22,76.34,75.36,75.6,96176000
2018-02-28 00:00:00+00:00,75.98,76.44,75.6,75.62,90300000
2018-03-01 00:00:00+00:00,75.68,75.92,73.25,74.67,136704000
2018-03-02 00:00:00+00:00,73.45,75.05,72.75,75.01,131752000
2018-03-05 00:00:00+00:00,74.71,76.27,74.05,76.18,104678000
2018-03-06 00:00:00+00:00,76.66,77.11,76.4,76.88,91234000
2018-03-07 00:00:00+00:00,76.33,77.3,76.13,77.25,83482000
2018-03-08 00:00:00+00:00,77.5,77.74,77.26,77.59,77252000
2018-03-09 00:00:00+00:00,78.17,78.95,77.95,78.94,90686000
2018-03-12 00:00:00+00:00,79.63,80.27,79.33,79.92,103484000
2018-03-13 00:00:00+00:00,80.8,80.88,78.9,79.41,130638000
2018-03-14 00:00:00+00:00,79.85,80.32,79.54,79.55,85188000
2018-03-15 00:00:00+00:00,79.75,79.85,78.91,79.12,81394000
2018-03-16 00:00:00+00:00,79.17,79.47,78.38,78.58,108500000
2018-03-19 00:00:00+00:00,77.73,78.08,76.27,77.25,131616000
2018-03-20 00:00:00+00:00,77.52,79.35,77.27,79.33,91632000
2018-03-21 00:00:00+00:00,79.32,79.5,78.16,79.09,95016000
2018-03-22 00:00:00+00:00,78.27,78.69,77.12,77.25,126412000
2018-03-23 00:00:00+00:00,76.95,77.45,74.77,74.78,160120000
2018-03-26 00:00:00+00:00,76.5,77.85,74.96,77.79,112494000
2018-03-27 00:00:00+00:00,78.62,78.8,74.12,74.85,139992000
2018-03-28 00:00:00+00:00,72.35,72.8,69.31,71.57,274106000
2018-03-29 00:00:00+00:00,70.3,72.77,68.26,72.37,251622000
2018-04-02 00:00:00+00:00,70.88,71.07,67.75,68.6,209272000
2018-04-03 00:00:00+00:00,69.57,70.7,67.77,69.6,204624000
2018-04-04 00:00:00+00:00,67.91,70.77,67.64,70.53,139646000
2018-04-05 00:00:00+00:00,72.1,72.98,71.35,72.59,128270000
2018-04-06 00:00:00+00:00,71.5,72.62,70.01,70.26,117646000
2018-04-09 00:00:00+00:00,71.25,71.92,70.13,70.3,84164000
2018-04-10 00:00:00+00:00,71.6,71.92,70.78,71.81,85082000
2018-04-11 00:00:00+00:00,71.97,72.44,71.24,71.35,71650000
2018-04-12 00:00:00+00:00,71.97,72.61,71.75,72.42,62700000
2018-04-13 00:00:00+00:00,72.46,72.99,71.23,71.54,73706000
2018-04-16 00:00:00+00:00,72.25,72.35,71.37,72.08,56172000
2018-04-17 00:00:00+00:00,73.11,75.36,72.85,75.19,102288000
2018-04-18 00:00:00+00:00,75.73,76.69,75.21,76.39,104550000
2018-04-19 00:00:00+00:00,77.16,78.43,76.95,77.85,130474000
2018-04-20 00:00:00+00:00,78.06,78.06,75.8,76.37,110832000
2018-04-23 00:00:00+00:00,77.33,77.4,75.17,75.89,89308000
2018-04-24 00:00:00+00:00,76.79,76.97,72.42,73.0,149894000
2018-04-25 00:00:00+00:00,72.9,73.5,70.75,73.01,131746000
2018-04-26 00:00:00+00:00,74.25,76.47,73.92,75.9,176022000
2018-04-27 00:00:00+00:00,81.7,81.91,78.37,78.63,261064000
2018-04-30 00:00:00+00:00,79.12,79.8,78.05,78.31,109282000
2018-05-01 00:00:00+00:00,78.16,79.25,77.61,79.11,91442000
2018-05-02 00:00:00+00:00,79.05,79.42,78.32,78.48,87206000
2018-05-03 00:00:00+00:00,78.0,78.74,77.3,78.6,85038000
2018-05-04 00:00:00+00:00,78.12,79.25,78.11,79.05,68872000
2018-05-07 00:00:00+00:00,79.47,80.35,79.39,80.01,76038000
2018-05-08 00:00:00+00:00,79.75,79.84,79.13,79.62,61358000
2018-05-09 00:00:00+00:00,80.0,80.4,79.6,80.4,72746000
2018-05-10 00:00:00+00:00,80.42,80.78,80.17,80.45,56350000
2018-05-11 00:00:00+00:00,80.55,80.56,79.89,80.15,45278000
2018-05-14 00:00:00+00:00,80.2,80.56,80.0,80.08,50190000
2018-05-15 00:00:00+00:00,79.39,79.39,78.26,78.81,101550000
2018-05-16 00:00:00+00:00,78.88,79.72,78.83,79.36,51412000
2018-05-17 00:00:00+00:00,79.03,79.7,78.65,79.09,42952000
2018-05-18 00:00:00+00:00,79.07,79.18,78.61,78.72,52852000
2018-05-21 00:00:00+00:00,79.25,79.6,78.75,79.27,58504000
2018-05-22 00:00:00+00:00,79.49,79.49,78.76,79.07,42312000
2018-05-23 00:00:00+00:00,78.55,80.09,78.32,80.09,67238000
2018-05-24 00:00:00+00:00,79.9,80.41,79.42,80.15,68600000
2018-05-25 00:00:00+00:00,80.15,80.71,80.02,80.51,53968000
2018-05-29 00:00:00+00:00,80.04,81.09,80.01,80.64,76930000
2018-05-30 00:00:00+00:00,80.91,81.3,80.65,81.24,58148000
2018-05-31 00:00:00+00:00,81.15,81.75,81.07,81.48,63326000
2018-06-01 00:00:00+00:00,81.85,82.34,81.75,82.08,66268000
2018-06-04 00:00:00+00:00,82.44,83.28,82.27,83.26,63754000
2018-06-05 00:00:00+00:00,83.65,84.95,83.5,84.82,95644000
2018-06-06 00:00:00+00:00,85.23,85.72,84.32,84.79,109464000
2018-06-07 00:00:00+00:00,84.93,85.0,83.81,84.47,75314000
2018-06-08 00:00:00+00:00,84.06,84.47,83.65,84.2,59102000
2018-06-11 00:00:00+00:00,84.08,84.71,84.03,84.46,46710000
2018-06-12 00:00:00+00:00,84.65,84.98,84.58,84.94,45184000
2018-06-13 00:00:00+00:00,85.14,85.69,85.01,85.24,66550000
2018-06-14 00:00:00+00:00,85.67,86.24,85.44,86.19,63488000
2018-06-15 00:00:00+00:00,85.7,86.04,85.43,85.8,95552000
2018-06-18 00:00:00+00:00,85.31,86.34,85.13,86.19,62154000
2018-06-19 00:00:00+00:00,85.45,86.81,85.02,86.74,85802000
2018-06-20 00:00:00+00:00,87.12,88.15,87.07,87.5,86652000
2018-06-21 00:00:00+00:00,88.0,88.16,85.88,86.51,98822000
2018-06-22 00:00:00+00:00,87.13,87.15,85.59,85.78,81502000
2018-06-25 00:00:00+00:00,85.13,85.25,82.32,83.16,150224000
2018-06-26 00:00:00+00:00,83.62,85.08,83.17,84.55,87732000
2018-06-27 00:00:00+00:00,85.41,85.6,83.0,83.03,97444000
2018-06-28 00:00:00+00:00,83.63,85.28,83.06,85.07,90594000
2018-06-29 00:00:00+00:00,85.85,86.17,84.72,84.99,90870000
2018-07-02 00:00:00+00:00,84.14,85.69,83.9,85.69,63714000
2018-07-03 00:00:00+00:00,86.2,86.25,84.62,84.7,43546000
2018-07-05 00:00:00+00:00,85.27,85.53,84.11,84.99,59662000
2018-07-06 00:00:00+00:00,84.8,85.76,84.58,85.53,53006000
2018-07-09 00:00:00+00:00,86.2,86.98,85.81,86.95,60240000
2018-07-10 00:00:00+00:00,86.93,87.5,86.55,87.15,60058000
2018-07-11 00:00:00+00:00,86.9,87.85,86.7,87.75,64196000
2018-07-12 00:00:00+00:00,88.23,89.9,88.11,89.83,90654000
2018-07-13 00:00:00+00:00,90.2,90.77,89.76,90.65,87664000
2018-07-16 00:00:00+00:00,91.1,92.1,90.72,91.12,109324000
2018-07-17 00:00:00+00:00,90.58,92.58,89.87,92.2,113658000
2018-07-18 00:00:00+00:00,92.4,92.94,91.56,92.15,97238000
2018-07-19 00:00:00+00:00,91.47,92.05,90.56,90.65,93538000
2018-07-20 00:00:00+00:00,91.25,91.74,90.5,90.69,77688000
2018-07-23 00:00:00+00:00,90.61,90.95,88.5,90.1,77770000
2018-07-24 00:00:00+00:00,91.45,92.0,90.47,91.46,85574000
2018-07-25 00:00:00+00:00,91.47,93.19,91.13,93.18,74764000
2018-07-26 00:00:00+00:00,91.95,92.23,90.22,90.4,198488000
2018-07-27 00:00:00+00:00,93.8,94.0,90.33,90.86,193620000
2018-07-30 00:00:00+00:00,91.37,91.47,88.3,88.96,131246000
2018-07-31 00:00:00+00:00,89.32,90.09,86.97,88.87,114774000
2018-08-01 00:00:00+00:00,89.2,89.92,88.8,89.86,83062000
2018-08-02 00:00:00+00:00,89.44,91.83,89.3,91.72,87094000
2018-08-03 00:00:00+00:00,91.89,92.05,91.08,91.16,69210000
2018-08-06 00:00:00+00:00,91.29,92.39,90.95,92.39,67836000
2018-08-07 00:00:00+00:00,92.73,93.49,92.31,93.12,67550000
2018-08-08 00:00:00+00:00,93.05,94.58,92.72,94.33,79260000
2018-08-09 00:00:00+00:00,94.1,95.73,93.87,94.93,97208000
2018-08-10 00:00:00+00:00,94.43,94.97,93.91,94.31,72798000
2018-08-13 00:00:00+00:00,94.92,96.25,94.68,94.81,110630000
2018-08-14 00:00:00+00:00,95.97,96.05,95.0,95.98,79722000
2018-08-15 00:00:00+00:00,95.48,95.81,93.49,94.13,154014000
2018-08-16 00:00:00+00:00,95.2,95.25,94.18,94.33,79142000
2018-08-17 00:00:00+00:00,94.29,94.4,92.78,94.11,82086000
2018-08-20 00:00:00+00:00,94.53,94.59,93.3,93.84,57240000
2018-08-21 00:00:00+00:00,94.0,94.89,93.72,94.17,62112000
2018-08-22 00:00:00+00:00,93.83,95.29,93.83,95.25,61610000
2018-08-23 00:00:00+00:00,95.36,95.97,95.04,95.14,71260000
2018-08-24 00:00:00+00:00,95.53,95.8,95.13,95.27,56018000
2018-08-27 00:00:00+00:00,95.75,96.39,95.46,96.38,71380000
2018-08-28 00:00:00+00:00,96.89,97.09,96.44,96.64,62014000
2018-08-29 00:00:00+00:00,97.67,99.93,97.45,99.91,130636000
2018-08-30 00:00:00+00:00,99.87,101.28,99.34,100.12,145546000
2018-08-31 00:00:00+00:00,100.35,101.12,100.24,100.64,84088000
2018-09-04 00:00:00+00:00,101.33,102.53,100.65,101.98,114422000
2018-09-05 00:00:00+00:00,101.91,102.02,99.49,99.74,164412000
2018-09-06 00:00:00+00:00,100.33,100.38,96.76,97.92,149774000
2018-09-07 00:00:00+00:00,96.94,98.76,96.87,97.6,97852000
2018-09-10 00:00:00+00:00,98.55,98.65,96.58,96.95,90896000
2018-09-11 00:00:00+00:00,96.41,99.44,95.85,99.36,100672000
2018-09-12 00:00:00+00:00,99.7,100.0,98.12,99.5,88280000
2018-09-13 00:00:00+00:00,100.0,100.44,99.1,99.49,72430000
2018-09-14 00:00:00+00:00,99.65,99.68,97.96,98.51,72840000
2018-09-17 00:00:00+00:00,97.74,97.84,94.37,95.4,141004000
2018-09-18 00:00:00+00:00,95.93,97.91,95.77,97.05,85374000
2018-09-19 00:00:00+00:00,97.03,97.04,95.25,96.32,81136000
2018-09-20 00:00:00+00:00,96.93,97.75,96.61,97.22,63098000
2018-09-21 00:00:00+00:00,97.71,97.87,95.53,95.75,137118000
2018-09-24 00:00:00+00:00,95.19,96.84,93.25,96.72,84274000
2018-09-25 00:00:00+00:00,97.14,98.8,96.94,98.73,90768000
2018-09-26 00:00:00+00:00,98.42,99.76,98.08,98.74,86270000
2018-09-27 00:00:00+00:00,99.66,100.81,99.43,100.65,86588000
2018-09-28 00:00:00+00:00,100.22,101.33,99.82,100.15,81702000
2018-10-01 00:00:00+00:00,101.1,101.66,100.18,100.22,69210000
2018-10-02 00:00:00+00:00,100.0,100.67,98.29,98.57,108014000
2018-10-03 00:00:00+00:00,99.08,99.48,97.49,97.64,105062000
2018-10-04 00:00:00+00:00,97.45,97.8,94.83,95.47,145140000
2018-10-05 00:00:00+00:00,95.9,96.45,93.14,94.48,136446000
2018-10-08 00:00:00+00:00,93.7,95.1,91.53,93.22,147864000
2018-10-09 00:00:00+00:00,93.0,94.83,92.62,93.52,95458000
2018-10-10 00:00:00+00:00,92.89,92.93,87.72,87.76,219778000
2018-10-11 00:00:00+00:00,86.2,87.77,84.25,85.97,278718000
2018-10-12 00:00:00+00:00,90.4,90.45,87.13,89.43,188892000
2018-10-15 00:00:00+00:00,89.75,89.75,86.71,88.05,128744000
2018-10-16 00:00:00+00:00,89.17,91.19,88.08,91.0,117198000
2018-10-17 00:00:00+00:00,92.14,92.25,90.35,91.59,105904000
2018-10-18 00:00:00+00:00,91.07,91.51,88.39,88.54,117480000
2018-10-19 00:00:00+00:00,89.26,90.45,87.65,88.2,118144000
2018-10-22 00:00:00+00:00,89.2,90.47,87.8,89.47,90000000
2018-10-23 00:00:00+00:00,87.11,88.82,85.7,88.44,134478000
2018-10-24 00:00:00+00:00,88.69,88.89,82.83,83.21,138568000
2018-10-25 00:00:00+00:00,85.17,89.74,84.6,89.11,205714000
2018-10-26 00:00:00+00:00,82.48,84.92,80.15,82.14,299276000
2018-10-29 00:00:00+00:00,83.0,83.29,74.75,76.94,277322000
2018-10-30 00:00:00+00:00,74.31,77.05,73.82,76.52,249202000
2018-10-31 00:00:00+00:00,78.5,81.2,78.25,79.9,187804000
2018-11-01 00:00:00+00:00,81.18,83.52,79.92,83.28,162710000
2018-11-02 00:00:00+00:00,83.93,84.87,82.59,83.28,139110000
2018-11-05 00:00:00+00:00,82.88,82.9,79.82,81.39,112494000
2018-11-06 00:00:00+00:00,80.92,83.25,80.73,82.14,85148000
2018-11-07 00:00:00+00:00,83.65,87.96,83.2,87.77,163844000
2018-11-08 00:00:00+00:00,87.75,89.2,86.26,87.75,130698000
2018-11-09 00:00:00+00:00,86.62,87.2,85.09,85.62,118044000
2018-11-12 00:00:00+00:00,84.91,85.43,81.5,81.84,136124000
2018-11-13 00:00:00+00:00,82.46,83.85,80.69,81.56,118666000
2018-11-14 00:00:00+00:00,82.82,83.65,79.85,79.95,129738000
2018-11-15 00:00:00+00:00,79.05,81.24,77.33,80.97,168546000
2018-11-16 00:00:00+00:00,79.38,80.72,78.66,79.67,121322000
2018-11-19 00:00:00+00:00,78.85,79.06,75.17,75.61,155800000
2018-11-20 00:00:00+00:00,71.88,76.74,71.0,74.77,217576000
2018-11-21 00:00:00+00:00,77.15,77.5,75.75,75.84,114336000
2018-11-23 00:00:00+00:00,75.85,76.81,75.09,75.1,54152000
2018-11-26 00:00:00+00:00,76.95,79.24,76.21,79.07,125154000
2018-11-27 00:00:00+00:00,78.8,79.88,77.9,79.07,115664000
2018-11-28 00:00:00+00:00,80.7,84.07,80.06,83.89,169174000
2018-11-29 00:00:00+00:00,83.75,84.5,82.62,83.68,132264000
2018-11-30 00:00:00+00:00,83.97,84.8,83.33,84.51,115236000
2018-12-03 00:00:00+00:00,88.47,88.92,86.5,88.62,137246000
2018-12-04 00:00:00+00:00,87.8,88.52,83.25,83.42,173890000
2018-12-06 00:00:00+00:00,80.74,85.05,80.49,84.96,175788000
2018-12-07 00:00:00+00:00,85.25,85.95,81.27,81.46,151522000
2018-12-10 00:00:00+00:00,81.19,82.9,79.54,82.05,149896000
2018-12-11 00:00:00+00:00,83.9,83.97,80.98,82.16,124894000
2018-12-12 00:00:00+00:00,83.45,85.25,83.01,83.18,131960000
2018-12-13 00:00:00+00:00,84.0,84.61,82.08,82.92,105426000
2018-12-14 00:00:00+00:00,81.9,82.13,79.25,79.6,127344000
2018-12-17 00:00:00+00:00,78.3,78.81,75.25,76.05,176596000
2018-12-18 00:00:00+00:00,77.0,78.38,76.15,77.57,130460000
2018-12-19 00:00:00+00:00,77.15,79.23,74.16,74.75,175844000
2018-12-20 00:00:00+00:00,74.2,75.47,71.63,73.04,199836000
2018-12-21 00:00:00+00:00,73.25,74.0,68.2,68.87,272806000
2018-12-24 00:00:00+00:00,67.3,69.8,65.35,67.2,144400000
2018-12-26 00:00:00+00:00,68.44,73.66,68.15,73.55,208236000
2018-12-27 00:00:00+00:00,72.71,73.45,69.52,73.08,194440000
2018-12-28 00:00:00+00:00,73.67,75.67,72.45,73.9,176580000
2018-12-31 00:00:00+00:00,75.54,76.04,74.35,75.1,139090000
2019-01-02 00:00:00+00:00,73.26,77.67,73.05,76.96,159662000
2019-01-03 00:00:00+00:00,76.0,76.9,74.86,75.01,139512000
2019-01-04 00:00:00+00:00,76.5,79.7,75.92,78.77,183652000
2019-01-07 00:00:00+00:00,80.12,81.73,79.46,81.48,159864000
2019-01-08 00:00:00+00:00,83.23,83.83,80.83,82.83,177628000
2019-01-09 00:00:00+00:00,82.65,83.39,82.07,82.97,126976000
2019-01-10 00:00:00+00:00,82.05,83.16,81.08,82.81,130154000
2019-01-11 00:00:00+00:00,82.03,83.01,81.81,82.03,93724000
2019-01-14 00:00:00+00:00,80.75,82.41,79.76,80.86,120118000
2019-01-15 00:00:00+00:00,81.6,83.76,81.3,83.73,119970000
2019-01-16 00:00:00+00:00,84.21,85.25,83.79,84.19,127338000
2019-01-17 00:00:00+00:00,84.0,85.01,83.88,84.66,84178000
2019-01-18 00:00:00+00:00,85.6,85.81,84.58,84.81,120410000
2019-01-22 00:00:00+00:00,84.05,84.09,80.51,81.61,128336000
2019-01-23 00:00:00+00:00,82.8,82.87,80.6,82.0,104504000
2019-01-24 00:00:00+00:00,82.05,82.86,81.59,82.75,81798000
2019-01-25 00:00:00+00:00,83.53,84.17,83.08,83.53,98918000
2019-01-28 00:00:00+00:00,82.18,82.25,80.7,81.89,96754000
2019-01-29 00:00:00+00:00,81.56,81.62,79.54,79.69,92656000
2019-01-30 00:00:00+00:00,81.15,83.85,80.98,83.52,115676000
2019-01-31 00:00:00+00:00,84.64,86.82,83.95,85.94,218206000
2019-02-01 00:00:00+00:00,81.94,83.65,81.1,81.31,230124000
2019-02-04 00:00:00+00:00,81.15,82.48,80.67,81.67,98582000
2019-02-05 00:00:00+00:00,82.17,83.26,82.12,82.94,89062000
2019-02-06 00:00:00+00:00,83.54,83.61,81.67,82.01,78798000
2019-02-07 00:00:00+00:00,81.25,81.28,79.65,80.72,92532000
2019-02-08 00:00:00+00:00,79.3,79.43,78.34,79.41,113150000
2019-02-11 00:00:00+00:00,80.05,80.46,79.3,79.55,66346000
2019-02-12 00:00:00+00:00,80.2,81.97,79.94,81.9,97172000
2019-02-13 00:00:00+00:00,82.35,82.82,81.86,82.0,71206000
2019-02-14 00:00:00+00:00,81.22,81.89,80.3,81.13,82410000
2019-02-15 00:00:00+00:00,81.39,81.45,80.22,80.4,86878000
2019-02-19 00:00:00+00:00,80.05,81.7,80.03,81.38,73634000
2019-02-20 00:00:00+00:00,81.5,81.75,80.51,81.11,66752000
2019-02-21 00:00:00+00:00,80.99,81.18,80.05,80.97,69668000
2019-02-22 00:00:00+00:00,81.17,81.75,81.06,81.58,61924000
2019-02-25 00:00:00+00:00,82.07,82.73,81.52,81.65,63690000
2019-02-26 00:00:00+00:00,81.3,82.0,80.81,81.82,53316000
2019-02-27 00:00:00+00:00,81.41,82.09,80.75,82.05,62976000
2019-02-28 00:00:00+00:00,81.76,82.59,81.69,81.99,60518000
2019-03-01 00:00:00+00:00,82.76,83.71,82.55,83.59,99498000
2019-03-04 00:00:00+00:00,84.25,85.47,83.72,84.81,123348000
2019-03-05 00:00:00+00:00,85.15,85.39,84.45,84.62,73630000
2019-03-06 00:00:00+00:00,84.8,84.89,83.41,83.45,79920000
2019-03-07 00:00:00+00:00,83.37,83.49,81.03,81.3,99140000
2019-03-08 00:00:00+00:00,80.2,81.14,79.33,81.04,93340000
2019-03-11 00:00:00+00:00,81.31,83.61,81.3,83.53,77528000
2019-03-12 00:00:00+00:00,83.45,84.21,83.05,83.66,72290000
2019-03-13 00:00:00+00:00,84.15,85.0,83.97,84.54,71040000
2019-03-14 00:00:00+00:00,84.56,85.1,84.22,84.31,58932000
2019-03-15 00:00:00+00:00,85.15,85.94,84.66,85.62,151018000
2019-03-18 00:00:00+00:00,85.64,87.5,85.63,87.11,108582000
2019-03-19 00:00:00+00:00,87.68,89.21,87.68,88.09,127284000
2019-03-20 00:00:00+00:00,88.5,89.97,88.35,89.86,125312000
2019-03-21 00:00:00+00:00,89.81,91.19,89.36,90.96,115356000
2019-03-22 00:00:00+00:00,90.51,90.95,88.16,88.24,127260000
2019-03-25 00:00:00+00:00,87.89,89.13,87.38,88.71,102076000
2019-03-26 00:00:00+00:00,89.65,90.29,88.67,89.19,97318000
2019-03-27 00:00:00+00:00,89.21,89.38,87.28,88.28,86496000
2019-03-28 00:00:00+00:00,88.5,88.9,87.67,88.67,60860000
2019-03-29 00:00:00+00:00,89.33,89.64,88.83,89.04,66416000
2019-04-01 00:00:00+00:00,90.01,90.78,89.94,90.71,84776000
2019-04-02 00:00:00+00:00,90.55,91.0,90.26,90.7,68962000
2019-04-03 00:00:00+00:00,91.34,91.5,90.48,91.03,78522000
2019-04-04 00:00:00+00:00,91.03,91.44,90.21,90.94,72478000
2019-04-05 00:00:00+00:00,91.45,91.93,91.26,91.86,72810000
2019-04-08 00:00:00+00:00,91.66,92.51,91.26,92.49,75056000
2019-04-09 00:00:00+00:00,92.27,92.65,91.59,91.79,74288000
2019-04-10 00:00:00+00:00,92.05,92.4,91.44,92.37,59280000
2019-04-11 00:00:00+00:00,92.44,92.5,92.02,92.2,53096000
2019-04-12 00:00:00+00:00,92.42,92.58,92.06,92.15,62288000
2019-04-15 00:00:00+00:00,92.1,92.34,90.94,92.24,74488000
2019-04-16 00:00:00+00:00,92.57,93.49,92.4,93.15,60892000
2019-04-17 00:00:00+00:00,93.65,93.82,93.02,93.24,57870000
2019-04-18 00:00:00+00:00,93.44,93.54,92.97,93.08,54998000
2019-04-22 00:00:00+00:00,92.77,94.42,92.28,94.37,67476000
2019-04-23 00:00:00+00:00,94.56,96.46,94.48,96.19,92808000
2019-04-24 00:00:00+00:00,96.25,96.48,94.91,95.09,73516000
2019-04-25 00:00:00+00:00,95.85,96.12,95.02,95.11,121982000
2019-04-26 00:00:00+00:00,96.45,97.55,94.9,97.53,168652000
2019-04-29 00:00:00+00:00,97.45,97.82,96.7,96.92,80426000
2019-04-30 00:00:00+00:00,96.5,96.79,95.35,96.33,70120000
2019-05-01 00:00:00+00:00,96.65,97.18,95.53,95.58,62340000
2019-05-02 00:00:00+00:00,95.67,96.08,94.09,95.04,79258000
2019-05-03 00:00:00+00:00,97.45,98.22,96.8,98.12,127632000
2019-05-06 00:00:00+00:00,95.9,97.95,95.53,97.53,108356000
2019-05-07 00:00:00+00:00,97.0,97.45,95.17,96.05,118042000
2019-05-08 00:00:00+00:00,95.94,96.77,95.5,95.89,81572000
2019-05-09 00:00:00+00:00,95.0,95.47,93.8,94.99,106166000
2019-05-10 00:00:00+00:00,94.9,95.19,92.8,94.5,114360000
2019-05-13 00:00:00+00:00,91.83,92.33,90.9,91.13,115668000
2019-05-14 00:00:00+00:00,91.97,92.62,90.79,92.01,92582000
2019-05-15 00:00:00+00:00,91.4,93.72,91.15,93.56,93852000
2019-05-16 00:00:00+00:00,94.3,95.88,94.11,95.38,94156000
2019-05-17 00:00:00+00:00,94.65,95.53,93.37,93.45,94732000
2019-05-20 00:00:00+00:00,92.63,93.39,91.78,92.95,75964000
2019-05-21 00:00:00+00:00,93.74,93.95,92.3,92.88,80102000
2019-05-22 00:00:00+00:00,92.59,93.57,92.55,92.98,58732000
2019-05-23 00:00:00+00:00,91.83,92.2,90.21,90.77,88486000
2019-05-24 00:00:00+00:00,91.79,92.09,90.89,91.16,67394000
2019-05-28 00:00:00+00:00,91.64,92.46,91.37,91.82,64000000
2019-05-29 00:00:00+00:00,91.16,91.5,90.38,90.96,85580000
2019-05-30 00:00:00+00:00,91.27,91.47,90.39,90.82,62938000
2019-05-31 00:00:00+00:00,89.5,89.78,88.64,88.75,92376000
2019-06-03 00:00:00+00:00,88.0,88.31,83.6,84.63,181974000
2019-06-04 00:00:00+00:00,84.96,86.54,84.04,86.48,113582000
2019-06-05 00:00:00+00:00,87.48,87.6,85.76,86.92,84796000
2019-06-06 00:00:00+00:00,86.89,88.0,86.31,87.72,73786000
2019-06-07 00:00:00+00:00,88.19,90.31,87.97,90.2,96164000
2019-06-10 00:00:00+00:00,91.1,94.24,90.9,93.03,107420000
2019-06-11 00:00:00+00:00,94.16,94.69,92.9,93.19,80854000
2019-06-12 00:00:00+00:00,92.7,93.25,92.22,92.77,53566000
2019-06-13 00:00:00+00:00,93.34,94.15,93.11,93.52,55916000
2019-06-14 00:00:00+00:00,93.2,93.8,92.95,93.48,57024000
2019-06-17 00:00:00+00:00,93.83,94.78,93.77,94.3,52686000
2019-06-18 00:00:00+00:00,95.07,96.08,94.99,95.07,77914000
2019-06-19 00:00:00+00:00,95.39,95.98,94.62,95.44,57906000
2019-06-20 00:00:00+00:00,96.67,96.76,95.29,95.91,64344000
2019-06-21 00:00:00+00:00,95.81,96.3,95.38,95.56,78672000
2019-06-24 00:00:00+00:00,95.63,95.84,95.06,95.69,45660000
2019-06-25 00:00:00+00:00,95.59,95.82,93.62,93.91,60246000
2019-06-26 00:00:00+00:00,94.62,95.19,94.37,94.89,48838000
2019-06-27 00:00:00+00:00,95.1,95.56,94.9,95.21,42834000
2019-06-28 00:00:00+00:00,95.45,95.65,94.2,94.68,60748000
2019-07-01 00:00:00+00:00,96.15,96.49,95.73,96.11,63842000
2019-07-02 00:00:00+00:00,95.97,96.74,95.33,96.72,52918000
2019-07-03 00:00:00+00:00,96.79,97.08,96.53,96.95,33806000
2019-07-05 00:00:00+00:00,96.43,97.3,96.27,97.15,52568000
2019-07-08 00:00:00+00:00,96.71,97.8,96.41,97.62,57668000
2019-07-09 00:00:00+00:00,97.39,99.5,97.17,99.42,86914000
2019-07-10 00:00:00+00:00,99.83,101.25,99.77,100.87,98638000
2019-07-11 00:00:00+00:00,101.28,101.79,99.77,100.05,86356000
2019-07-12 00:00:00+00:00,100.41,100.85,100.19,100.55,50186000
2019-07-15 00:00:00+00:00,101.07,101.14,100.08,101.05,59626000
2019-07-16 00:00:00+00:00,100.53,101.32,100.06,100.5,52364000
2019-07-17 00:00:00+00:00,100.35,100.6,99.6,99.6,51176000
2019-07-18 00:00:00+00:00,99.0,99.38,97.58,98.89,69738000
2019-07-19 00:00:00+00:00,99.56,99.8,98.11,98.23,63712000
2019-07-22 00:00:00+00:00,98.56,99.45,97.91,99.28,58000000
2019-07-23 00:00:00+00:00,99.8,99.89,98.66,99.72,54070000
2019-07-24 00:00:00+00:00,98.47,100.06,98.29,100.04,52626000
2019-07-25 00:00:00+00:00,100.05,100.06,98.64,98.69,82730000
2019-07-26 00:00:00+00:00,97.1,97.55,96.23,97.15,98542000
2019-07-29 00:00:00+00:00,96.5,96.61,94.53,95.62,89864000
2019-07-30 00:00:00+00:00,94.56,95.49,94.17,94.93,58218000
2019-07-31 00:00:00+00:00,94.91,94.98,92.47,93.34,89414000
2019-08-01 00:00:00+00:00,93.59,94.9,92.2,92.77,94266000
2019-08-02 00:00:00+00:00,92.25,92.32,90.4,91.16,99124000
2019-08-05 00:00:00+00:00,88.51,89.43,87.44,88.26,121164000
2019-08-06 00:00:00+00:00,89.61,89.69,87.67,89.39,101406000
2019-08-07 00:00:00+00:00,88.7,89.95,87.85,89.67,90538000
2019-08-08 00:00:00+00:00,90.3,91.71,89.91,91.64,74024000
2019-08-09 00:00:00+00:00,91.45,91.55,90.11,90.38,57596000
2019-08-12 00:00:00+00:00,89.8,90.05,88.85,89.25,58110000
2019-08-13 00:00:00+00:00,89.15,91.59,89.0,91.22,79880000
2019-08-14 00:00:00+00:00,89.65,89.78,87.86,88.15,97872000
2019-08-15 00:00:00+00:00,89.1,89.4,88.1,88.81,75182000
2019-08-16 00:00:00+00:00,89.64,90.15,89.23,89.63,60360000
2019-08-19 00:00:00+00:00,90.9,91.3,90.63,90.81,56326000
2019-08-20 00:00:00+00:00,90.72,90.84,89.99,90.07,38590000
2019-08-21 00:00:00+00:00,90.97,91.48,90.75,91.18,40636000
2019-08-22 00:00:00+00:00,91.4,91.47,90.0,90.23,53070000
2019-08-23 00:00:00+00:00,89.65,90.25,87.26,87.48,105416000
2019-08-26 00:00:00+00:00,88.35,88.5,87.18,88.44,61600000
2019-08-27 00:00:00+00:00,88.79,88.97,87.33,88.09,60394000
2019-08-28 00:00:00+00:00,87.75,88.39,87.2,88.21,48394000
2019-08-29 00:00:00+00:00,89.15,89.93,88.86,89.32,60302000
2019-08-30 00:00:00+00:00,89.87,89.99,88.23,88.81,61174000
2019-09-03 00:00:00+00:00,88.5,90.04,88.4,89.49,70860000
2019-09-04 00:00:00+00:00,90.25,90.38,89.81,90.03,46482000
2019-09-05 00:00:00+00:00,91.1,92.1,90.78,92.04,66216000
2019-09-06 00:00:00+00:00,91.91,92.03,91.32,91.68,49938000
2019-09-09 00:00:00+00:00,92.05,92.5,91.23,91.57,59990000
2019-09-10 00:00:00+00:00,91.14,91.29,90.27,91.03,52278000
2019-09-11 00:00:00+00:00,90.61,91.67,90.45,91.15,48656000
2019-09-12 00:00:00+00:00,91.88,92.68,91.71,92.18,56470000
2019-09-13 00:00:00+00:00,92.1,92.31,91.76,91.97,39426000
2019-09-16 00:00:00+00:00,91.2,91.28,90.01,90.39,73510000
2019-09-17 00:00:00+00:00,90.35,91.2,90.2,91.13,39648000
2019-09-18 00:00:00+00:00,90.85,91.1,89.78,90.87,50112000
2019-09-19 00:00:00+00:00,91.05,91.63,90.89,91.08,40630000
2019-09-20 00:00:00+00:00,91.09,91.53,89.05,89.71,106838000
2019-09-23 00:00:00+00:00,88.85,89.64,88.37,89.27,58446000
2019-09-24 00:00:00+00:00,89.53,89.79,86.78,87.08,92320000
2019-09-25 00:00:00+00:00,87.37,88.65,86.15,88.42,69864000
2019-09-26 00:00:00+00:00,88.14,88.17,86.58,86.99,70736000
2019-09-27 00:00:00+00:00,87.4,87.46,85.69,86.27,78144000
2019-09-30 00:00:00+00:00,86.35,86.87,85.46,86.8,52894000
2019-10-01 00:00:00+00:00,87.3,87.78,86.42,86.78,61690000
2019-10-02 00:00:00+00:00,86.39,86.44,85.25,85.66,66022000
2019-10-03 00:00:00+00:00,85.65,86.25,84.25,86.22,69364000
2019-10-04 00:00:00+00:00,86.3,87.03,85.96,86.98,49438000
2019-10-07 00:00:00+00:00,86.58,87.39,86.19,86.63,43094000
2019-10-08 00:00:00+00:00,86.12,86.35,85.25,85.28,50840000
2019-10-09 00:00:00+00:00,85.98,86.5,85.72,86.1,40870000
2019-10-10 00:00:00+00:00,86.26,86.91,85.69,86.01,51504000
2019-10-11 00:00:00+00:00,87.15,87.27,86.49,86.6,65100000
2019-10-14 00:00:00+00:00,86.45,87.09,86.1,86.82,38204000
2019-10-15 00:00:00+00:00,87.11,88.82,87.03,88.37,62234000
2019-10-16 00:00:00+00:00,88.67,89.31,88.53,88.87,55268000
2019-10-17 00:00:00+00:00,89.82,89.94,89.1,89.37,52948000
2019-10-18 00:00:00+00:00,89.39,89.7,87.46,87.88,67250000
2019-10-21 00:00:00+00:00,88.48,89.29,88.25,89.28,42608000
2019-10-22 00:00:00+00:00,89.41,89.49,88.1,88.29,42234000
2019-10-23 00:00:00+00:00,88.06,88.5,87.1,88.11,42764000
2019-10-24 00:00:00+00:00,88.55,89.42,88.01,89.04,88922000
2019-10-25 00:00:00+00:00,84.88,88.21,84.75,88.07,192528000
2019-10-28 00:00:00+00:00,87.4,88.94,87.12,88.85,74178000
2019-10-29 00:00:00+00:00,88.74,88.85,87.79,88.14,45538000
2019-10-30 00:00:00+00:00,88.01,89.12,87.96,89.0,48988000
2019-10-31 00:00:00+00:00,88.8,89.6,88.57,88.83,55624000
2019-11-01 00:00:00+00:00,89.4,89.87,89.26,89.57,55808000
2019-11-04 00:00:00+00:00,90.05,90.75,90.05,90.23,55438000
2019-11-05 00:00:00+00:00,90.46,90.51,89.7,90.09,37710000
2019-11-06 00:00:00+00:00,90.05,90.12,89.43,89.79,40596000
2019-11-07 00:00:00+00:00,90.19,90.3,89.17,89.41,53022000
2019-11-08 00:00:00+00:00,89.39,89.49,88.7,89.29,42466000
2019-11-11 00:00:00+00:00,88.9,89.0,88.36,88.58,38920000
2019-11-12 00:00:00+00:00,88.73,89.31,88.6,88.9,40752000
2019-11-13 00:00:00+00:00,88.67,88.75,87.37,87.66,59790000
2019-11-14 00:00:00+00:00,87.57,88.33,87.48,87.73,45296000
2019-11-15 00:00:00+00:00,88.0,88.08,86.64,86.97,78552000
2019-11-18 00:00:00+00:00,86.92,87.69,86.14,87.63,56790000
2019-11-19 00:00:00+00:00,87.85,88.03,87.15,87.64,45416000
2019-11-20 00:00:00+00:00,87.46,88.13,86.71,87.28,55800000
2019-11-21 00:00:00+00:00,87.15,87.34,86.52,86.74,53258000
2019-11-22 00:00:00+00:00,86.95,87.32,86.55,87.29,49582000
2019-11-25 00:00:00+00:00,87.66,88.87,87.66,88.69,69724000
2019-11-26 00:00:00+00:00,89.0,89.85,88.92,89.85,63624000
2019-11-27 00:00:00+00:00,90.05,91.22,89.87,90.93,60512000
2019-11-29 00:00:00+00:00,90.89,91.23,90.04,90.04,38468000
2019-12-02 00:00:00+00:00,90.22,90.28,88.13,89.08,78512000
2019-12-03 00:00:00+00:00,88.0,88.64,87.36,88.5,67618000
2019-12-04 00:00:00+00:00,88.7,89.45,88.01,88.03,53402000
2019-12-05 00:00:00+00:00,88.17,88.17,87.0,87.02,56476000
2019-12-06 00:00:00+00:00,87.56,87.72,87.01,87.58,62348000
2019-12-09 00:00:00+00:00,87.53,88.34,87.28,87.48,48856000
2019-12-10 00:00:00+00:00,87.37,87.53,86.75,86.96,50286000
2019-12-11 00:00:00+00:00,87.08,87.5,86.79,87.44,41952000
2019-12-12 00:00:00+00:00,87.5,88.2,87.27,88.02,61918000
2019-12-13 00:00:00+00:00,88.25,88.45,87.75,88.05,54914000
2019-12-16 00:00:00+00:00,88.35,88.47,87.85,88.46,62904000
2019-12-17 00:00:00+00:00,88.9,89.6,88.87,89.53,72888000
2019-12-18 00:00:00+00:00,89.75,89.91,89.12,89.2,67028000
2019-12-19 00:00:00+00:00,89.03,89.65,88.7,89.61,53056000
2019-12-20 00:00:00+00:00,89.98,90.15,89.12,89.33,103016000
2019-12-23 00:00:00+00:00,89.41,89.65,89.23,89.65,42728000
2019-12-24 00:00:00+00:00,89.69,89.78,89.38,89.46,17626000
2019-12-26 00:00:00+00:00,90.05,93.52,89.97,93.44,120108000
2019-12-27 00:00:00+00:00,94.15,95.07,93.3,93.49,123732000
2019-12-30 00:00:00+00:00,93.7,94.2,92.03,92.34,73494000
2019-12-31 00:00:00+00:00,92.1,92.66,91.61,92.39,50130000
2020-01-02 00:00:00+00:00,93.75,94.9,93.21,94.9,80580000
2020-01-03 00:00:00+00:00,93.22,94.31,93.22,93.75,75288000
2020-01-06 00:00:00+00:00,93.0,95.18,93.0,95.14,81236000
2020-01-07 00:00:00+00:00,95.22,95.69,94.6,95.34,80898000
2020-01-08 00:00:00+00:00,94.9,95.55,94.32,94.6,70160000
2020-01-09 00:00:00+00:00,95.49,95.89,94.79,95.05,63346000
2020-01-10 00:00:00+00:00,95.27,95.35,94.0,94.16,57074000
2020-01-13 00:00:00+00:00,94.57,94.9,94.04,94.56,55616000
2020-01-14 00:00:00+00:00,94.29,94.36,92.93,93.47,68818000
2020-01-15 00:00:00+00:00,93.61,93.94,92.75,93.1,57932000
2020-01-16 00:00:00+00:00,94.15,94.28,93.3,93.9,53190000
2020-01-17 00:00:00+00:00,94.29,94.33,92.86,93.24,79946000
2020-01-21 00:00:00+00:00,93.25,94.71,93.0,94.6,74156000
2020-01-22 00:00:00+00:00,94.8,95.12,94.17,94.37,64326000
2020-01-23 00:00:00+00:00,94.26,94.5,93.64,94.23,49692000
2020-01-24 00:00:00+00:00,94.57,94.75,92.37,93.08,75324000
2020-01-27 00:00:00+00:00,91.0,92.05,90.77,91.42,70570000
2020-01-28 00:00:00+00:00,92.03,92.91,91.5,92.66,56160000
2020-01-29 00:00:00+00:00,93.2,93.74,92.75,92.9,41760000
2020-01-30 00:00:00+00:00,92.9,93.64,92.53,93.53,126548000
2020-01-31 00:00:00+00:00,102.57,102.79,100.11,100.44,311346000
2020-02-03 00:00:00+00:00,100.53,102.42,100.01,100.21,117834000
2020-02-04 00:00:00+00:00,101.49,102.99,100.77,102.48,105786000
2020-02-05 00:00:00+00:00,103.55,103.55,101.6,101.99,87524000
2020-02-06 00:00:00+00:00,102.05,102.81,101.24,102.51,63660000
2020-02-07 00:00:00+00:00,102.1,104.93,101.91,103.96,101906000
2020-02-10 00:00:00+00:00,104.25,106.78,104.25,106.7,101124000
2020-02-11 00:00:00+00:00,107.55,109.3,106.8,107.54,114920000
2020-02-12 00:00:00+00:00,108.16,109.01,107.76,108.0,66686000
2020-02-13 00:00:00+00:00,107.25,108.51,107.1,107.49,60636000
2020-02-14 00:00:00+00:00,107.78,107.95,106.29,106.74,52124000
2020-02-18 00:00:00+00:00,106.25,108.3,106.21,107.78,58912000
2020-02-19 00:00:00+00:00,108.39,109.25,108.06,108.51,51224000
2020-02-20 00:00:00+00:00,108.65,108.84,106.37,107.66,62626000
2020-02-21 00:00:00+00:00,107.11,107.23,104.4,104.8,92926000
2020-02-24 00:00:00+00:00,100.16,101.97,99.4,100.46,130940000
2020-02-25 00:00:00+00:00,101.32,101.73,97.92,98.64,124382000
2020-02-26 00:00:00+00:00,98.51,100.73,98.02,98.98,104492000
2020-02-27 00:00:00+00:00,96.72,98.75,94.14,94.22,162880000
2020-02-28 00:00:00+00:00,90.73,94.49,90.56,94.19,189620000
2020-03-02 00:00:00+00:00,95.32,97.73,93.5,97.7,135234000
2020-03-03 00:00:00+00:00,98.77,99.82,94.4,95.45,150690000
2020-03-04 00:00:00+00:00,97.33,98.9,96.1,98.79,95458000
2020-03-05 00:00:00+00:00,96.65,98.04,95.5,96.2,94964000
2020-03-06 00:00:00+00:00,93.75,95.54,93.47,95.05,105472000
2020-03-09 00:00:00+00:00,88.69,93.14,88.06,90.03,156264000
2020-03-10 00:00:00+00:00,93.54,94.71,90.91,94.59,142666000
2020-03-11 00:00:00+00:00,92.89,93.57,90.08,91.04,112496000
2020-03-12 00:00:00+00:00,86.1,88.25,83.75,83.83,226924000
2020-03-13 00:00:00+00:00,87.75,89.32,84.03,89.25,176194000
2020-03-16 00:00:00+00:00,82.08,87.97,81.3,84.46,178346000
2020-03-17 00:00:00+00:00,88.77,92.89,84.46,90.39,218342000
2020-03-18 00:00:00+00:00,87.5,92.08,87.25,91.5,192904000
2020-03-19 00:00:00+00:00,93.0,97.25,91.63,94.05,207998000
2020-03-20 00:00:00+00:00,96.32,97.85,91.04,92.3,196358000
2020-03-23 00:00:00+00:00,91.39,95.97,90.6,95.14,156170000
2020-03-24 00:00:00+00:00,97.58,97.75,95.02,97.0,142942000
2020-03-25 00:00:00+00:00,96.03,97.51,94.29,94.29,129582000
2020-03-26 00:00:00+00:00,95.1,97.82,94.46,97.77,124426000
2020-03-27 00:00:00+00:00,96.54,96.99,95.0,95.0,107758000
2020-03-30 00:00:00+00:00,96.14,98.68,95.62,98.2,122522000
2020-03-31 00:00:00+00:00,98.22,99.65,97.2,97.49,102472000
2020-04-01 00:00:00+00:00,96.65,97.25,94.65,95.39,82438000
2020-04-02 00:00:00+00:00,95.08,96.38,94.5,95.94,86720000
2020-04-03 00:00:00+00:00,95.56,96.32,94.46,95.33,72198000
2020-04-06 00:00:00+00:00,96.8,99.93,96.5,99.88,115464000
2020-04-07 00:00:00+00:00,100.86,101.79,99.88,100.58,102280000
2020-04-08 00:00:00+00:00,101.05,102.2,100.56,102.15,79546000
2020-04-09 00:00:00+00:00,102.22,102.65,100.88,102.14,92930000
2020-04-13 00:00:00+00:00,102.0,109.0,101.9,108.44,134334000
2020-04-14 00:00:00+00:00,110.02,114.6,109.31,114.17,161744000
2020-04-15 00:00:00+00:00,112.88,116.67,112.25,115.38,137332000
2020-04-16 00:00:00+00:00,117.3,123.05,116.75,120.41,240764000
2020-04-17 00:00:00+00:00,118.62,120.0,115.8,118.75,158600000
2020-04-20 00:00:00+00:00,119.5,122.25,119.3,119.68,115414000
2020-04-21 00:00:00+00:00,120.83,121.42,113.98,116.41,149534000
2020-04-22 00:00:00+00:00,118.45,119.7,117.55,118.17,84244000
2020-04-23 00:00:00+00:00,120.0,121.21,119.1,119.97,101332000
2020-04-24 00:00:00+00:00,120.85,121.02,119.1,120.51,76498000
2020-04-27 00:00:00+00:00,122.16,122.24,118.15,118.8,112912000
2020-04-28 00:00:00+00:00,118.61,118.67,115.3,115.7,105388000
2020-04-29 00:00:00+00:00,116.5,119.59,115.5,118.64,91832000
2020-04-30 00:00:00+00:00,120.99,123.75,119.8,123.7,190692000
2020-05-01 00:00:00+00:00,116.84,118.12,112.91,114.3,195452000
2020-05-04 00:00:00+00:00,112.82,116.35,112.82,115.8,97318000
2020-05-05 00:00:00+00:00,117.0,117.55,115.36,115.89,64850000
2020-05-06 00:00:00+00:00,116.47,117.87,116.0,117.56,62356000
2020-05-07 00:00:00+00:00,118.74,118.8,117.16,118.38,67928000
2020-05-08 00:00:00+00:00,118.61,119.36,117.85,118.98,64132000
2020-05-11 00:00:00+00:00,118.73,120.98,118.61,120.45,65184000
2020-05-12 00:00:00+00:00,120.59,120.95,117.75,117.85,61498000
2020-05-13 00:00:00+00:00,118.34,120.39,116.89,118.4,95658000
2020-05-14 00:00:00+00:00,118.05,119.57,117.66,119.44,72962000
2020-05-15 00:00:00+00:00,118.43,120.55,117.82,120.49,84700000
2020-05-18 00:00:00+00:00,120.22,121.65,119.2,121.31,87144000
2020-05-19 00:00:00+00:00,121.49,124.25,121.45,122.47,86410000
2020-05-20 00:00:00+00:00,123.89,125.0,123.36,124.9,79962000
2020-05-21 00:00:00+00:00,125.0,126.27,122.13,122.34,102288000
2020-05-22 00:00:00+00:00,122.75,123.49,121.51,121.84,57342000
2020-05-26 00:00:00+00:00,122.9,123.1,120.7,121.09,71364000
2020-05-27 00:00:00+00:00,120.25,120.68,116.5,120.52,101138000
2020-05-28 00:00:00+00:00,119.22,121.85,118.91,120.06,63804000
2020-05-29 00:00:00+00:00,120.8,122.12,119.91,122.12,70198000
2020-06-01 00:00:00+00:00,122.4,123.85,122.21,123.55,58578000
2020-06-02 00:00:00+00:00,123.35,123.68,122.27,123.62,50598000
2020-06-03 00:00:00+00:00,123.4,124.4,123.06,123.92,53420000
2020-06-04 00:00:00+00:00,123.87,125.38,122.5,123.03,58974000
2020-06-05 00:00:00+00:00,122.23,124.43,121.86,124.15,66128000
2020-06-08 00:00:00+00:00,125.01,126.5,124.37,126.2,79414000
2020-06-09 00:00:00+00:00,126.47,131.32,126.25,130.04,103520000
2020-06-10 00:00:00+00:00,132.25,136.12,131.31,132.37,98920000
2020-06-11 00:00:00+00:00,130.18,133.57,126.81,127.9,116002000
2020-06-12 00:00:00+00:00,130.06,131.07,125.17,127.25,108722000
2020-06-15 00:00:00+00:00,126.33,129.2,125.4,128.63,77302000
2020-06-16 00:00:00+00:00,131.0,131.0,128.8,130.76,71712000
2020-06-17 00:00:00+00:00,132.38,132.75,131.59,132.05,59186000
2020-06-18 00:00:00+00:00,132.35,132.98,131.81,132.7,49756000
2020-06-19 00:00:00+00:00,133.9,134.87,132.95,133.75,115540000
2020-06-22 00:00:00+00:00,134.22,135.75,133.45,135.69,64176000
2020-06-23 00:00:00+00:00,136.3,139.16,135.9,138.22,84634000
2020-06-24 00:00:00+00:00,139.0,139.8,136.05,136.72,90532000
2020-06-25 00:00:00+00:00,136.98,137.81,135.61,137.73,59374000
2020-06-26 00:00:00+00:00,138.75,139.13,134.4,134.64,130016000
2020-06-29 00:00:00+00:00,134.5,134.84,131.5,134.02,84468000
2020-06-30 00:00:00+00:00,134.25,138.48,133.75,137.94,75394000
2020-07-01 00:00:00+00:00,137.9,144.75,137.7,143.94,127268000
2020-07-02 00:00:00+00:00,145.6,147.78,143.56,144.51,131868000
2020-07-06 00:00:00+00:00,146.75,152.99,146.5,152.85,137612000
2020-07-07 00:00:00+00:00,152.93,153.48,149.5,150.01,105150000
2020-07-08 00:00:00+00:00,151.13,154.2,150.62,154.06,100752000
2020-07-09 00:00:00+00:00,155.8,159.69,153.7,159.13,127774000
2020-07-10 00:00:00+00:00,159.59,160.75,156.78,160.0,109720000
2020-07-13 00:00:00+00:00,162.55,167.21,153.42,155.2,154408000
2020-07-14 00:00:00+00:00,154.45,156.37,147.5,154.2,144638000
2020-07-15 00:00:00+00:00,154.01,154.92,148.66,150.44,115778000
2020-07-16 00:00:00+00:00,148.55,151.6,145.91,150.0,127884000
2020-07-17 00:00:00+00:00,150.45,151.2,147.42,148.1,95226000
2020-07-20 00:00:00+00:00,150.01,160.07,149.7,159.84,151964000
2020-07-21 00:00:00+00:00,161.62,162.03,155.29,156.91,122426000
2020-07-22 00:00:00+00:00,156.25,157.5,153.26,155.0,82084000
2020-07-23 00:00:00+00:00,154.91,154.91,148.5,149.33,113138000
2020-07-24 00:00:00+00:00,146.5,151.58,144.4,150.45,112648000
2020-07-27 00:00:00+00:00,153.1,154.9,150.79,152.76,83410000
2020-07-28 00:00:00+00:00,152.71,153.85,149.79,150.02,62534000
2020-07-29 00:00:00+00:00,151.55,151.96,149.84,151.68,59482000
2020-07-30 00:00:00+00:00,150.7,154.6,150.25,152.59,122566000
2020-07-31 00:00:00+00:00,162.2,162.34,157.55,158.23,161710000
2020-08-03 00:00:00+00:00,159.03,159.2,155.2,155.59,101494000
2020-08-04 00:00:00+00:00,155.06,158.36,155.06,156.94,93886000
2020-08-05 00:00:00+00:00,157.19,160.68,156.37,160.25,78330000
2020-08-06 00:00:00+00:00,159.72,162.37,158.27,161.25,78812000
2020-08-07 00:00:00+00:00,161.2,162.04,157.03,158.37,78722000
2020-08-10 00:00:00+00:00,158.52,158.63,155.08,157.41,63346000
2020-08-11 00:00:00+00:00,155.66,157.96,153.65,154.03,74362000
2020-08-12 00:00:00+00:00,155.4,158.72,155.07,158.11,70442000
2020-08-13 00:00:00+00:00,159.15,160.88,157.75,158.05,62980000
2020-08-14 00:00:00+00:00,158.91,158.91,156.0,157.4,55034000
2020-08-17 00:00:00+00:00,158.66,159.75,157.71,159.12,53824000
2020-08-18 00:00:00+00:00,160.6,166.0,160.29,165.62,106920000
2020-08-19 00:00:00+00:00,165.15,165.79,162.8,163.02,83702000
2020-08-20 00:00:00+00:00,162.6,165.63,161.9,164.87,66650000
2020-08-21 00:00:00+00:00,164.75,165.72,163.77,164.24,71518000
2020-08-24 00:00:00+00:00,165.51,169.02,162.88,165.37,93326000
2020-08-25 00:00:00+00:00,164.75,167.87,163.35,167.32,79856000
2020-08-26 00:00:00+00:00,167.56,172.59,167.23,172.09,130174000
2020-08-27 00:00:00+00:00,172.5,172.65,168.9,170.0,85296000
2020-08-28 00:00:00+00:00,171.15,171.67,169.32,170.09,57940000
2020-08-31 00:00:00+00:00,170.45,174.75,170.25,172.55,83718000
2020-09-01 00:00:00+00:00,174.48,175.69,173.35,174.96,68644000
2020-09-02 00:00:00+00:00,177.35,177.61,174.33,176.57,78630000
2020-09-03 00:00:00+00:00,174.25,174.42,165.15,168.4,163222000
2020-09-04 00:00:00+00:00,165.9,169.07,155.56,164.73,175636000
2020-09-08 00:00:00+00:00,157.2,162.54,156.5,157.49,121884000
2020-09-09 00:00:00+00:00,160.15,165.16,159.25,163.43,103774000
2020-09-10 00:00:00+00:00,165.36,167.49,158.53,158.76,106614000
2020-09-11 00:00:00+00:00,160.43,160.87,154.2,155.81,101880000
2020-09-14 00:00:00+00:00,158.65,159.37,154.8,155.15,90592000
2020-09-15 00:00:00+00:00,156.81,158.75,155.45,157.81,80430000
2020-09-16 00:00:00+00:00,159.0,159.36,153.71,153.91,90244000
2020-09-17 00:00:00+00:00,150.46,151.47,148.63,150.44,128982000
2020-09-18 00:00:00+00:00,151.59,151.89,145.28,147.75,177852000
2020-09-21 00:00:00+00:00,145.32,148.1,143.55,148.02,122358000
2020-09-22 00:00:00+00:00,151.69,156.7,150.01,156.45,138976000
2020-09-23 00:00:00+00:00,156.02,156.35,149.62,149.99,113054000
2020-09-24 00:00:00+00:00,148.89,153.47,148.25,150.99,110588000
2020-09-25 00:00:00+00:00,152.74,155.08,149.95,154.76,92304000
2020-09-28 00:00:00+00:00,157.44,158.75,155.86,158.7,84484000
2020-09-29 00:00:00+00:00,158.77,159.41,156.63,157.24,69916000
2020-09-30 00:00:00+00:00,157.06,160.64,156.7,157.44,97922000
2020-10-01 00:00:00+00:00,160.4,161.2,158.6,161.06,99438000
2020-10-02 00:00:00+00:00,157.68,159.79,156.15,156.25,112262000
2020-10-05 00:00:00+00:00,157.29,160.13,157.04,159.96,75506000
2020-10-06 00:00:00+00:00,158.25,159.1,154.5,155.0,101738000
2020-10-07 00:00:00+00:00,156.75,160.0,156.62,159.78,86188000
2020-10-08 00:00:00+00:00,161.25,161.66,158.75,159.53,63482000
2020-10-09 00:00:00+00:00,160.5,164.45,159.89,164.33,98158000
2020-10-12 00:00:00+00:00,167.5,174.81,166.98,172.15,167284000
2020-10-13 00:00:00+00:00,173.4,174.62,171.21,172.18,114894000
2020-10-14 00:00:00+00:00,172.35,173.24,167.0,168.19,116254000
2020-10-15 00:00:00+00:00,164.6,167.79,164.0,166.93,104468000
2020-10-16 00:00:00+00:00,168.16,169.98,158.0,163.64,129488000
2020-10-19 00:00:00+00:00,164.98,166.45,159.64,160.36,104472000
2020-10-20 00:00:00+00:00,161.11,163.3,159.6,160.85,90194000
2020-10-21 00:00:00+00:00,160.62,161.69,158.0,159.25,91854000
2020-10-22 00:00:00+00:00,159.49,159.94,156.1,158.82,84240000
2020-10-23 00:00:00+00:00,159.55,160.27,157.0,160.22,69334000
2020-10-26 00:00:00+00:00,159.94,164.15,157.66,160.35,118024000
2020-10-27 00:00:00+00:00,161.25,164.58,160.56,164.32,85820000
2020-10-28 00:00:00+00:00,162.47,163.2,158.12,158.14,111766000
2020-10-29 00:00:00+00:00,160.06,162.86,158.2,160.55,131930000
2020-10-30 00:00:00+00:00,157.89,158.35,150.95,151.81,167728000
2020-11-02 00:00:00+00:00,153.09,153.99,147.51,150.22,145148000
2020-11-03 00:00:00+00:00,150.93,153.75,149.05,152.42,97958000
2020-11-04 00:00:00+00:00,158.0,162.24,156.99,162.06,136780000
2020-11-05 00:00:00+00:00,166.0,168.34,164.44,166.1,115786000
2020-11-06 00:00:00+00:00,165.23,166.1,161.6,165.57,92946000
2020-11-09 00:00:00+00:00,161.55,164.45,155.61,157.19,143808000
2020-11-10 00:00:00+00:00,154.75,155.7,150.97,151.75,131820000
2020-11-11 00:00:00+00:00,153.09,156.96,152.5,156.87,87338000
2020-11-12 00:00:00+00:00,158.0,158.79,154.3,155.51,87240000
2020-11-13 00:00:00+00:00,156.1,157.09,154.27,156.44,75124000
2020-11-16 00:00:00+00:00,154.66,157.13,153.63,156.55,76174000
2020-11-17 00:00:00+00:00,159.18,159.46,156.76,156.78,68894000
2020-11-18 00:00:00+00:00,156.7,157.0,155.25,155.27,58336000
2020-11-19 00:00:00+00:00,155.27,156.25,154.05,155.85,60206000
2020-11-20 00:00:00+00:00,155.85,156.64,154.9,154.97,67488000
2020-11-23 00:00:00+00:00,155.84,156.99,153.27,154.92,94178000
2020-11-24 00:00:00+00:00,155.03,156.71,154.31,155.9,72042000
2020-11-25 00:00:00+00:00,157.09,159.9,157.01,159.25,75808000
2020-11-27 00:00:00+00:00,160.56,160.81,159.5,159.77,47858000
2020-11-30 00:00:00+00:00,160.42,161.42,156.28,158.4,81278000
2020-12-01 00:00:00+00:00,159.43,162.45,157.86,161.0,90740000
2020-12-02 00:00:00+00:00,161.08,161.6,158.66,160.18,62586000
2020-12-03 00:00:00+00:00,160.27,161.43,159.07,159.34,57840000
2020-12-04 00:00:00+00:00,159.91,159.91,157.94,158.13,58272000
2020-12-07 00:00:00+00:00,157.82,159.04,157.08,157.9,55026000
2020-12-08 00:00:00+00:00,157.94,159.21,156.0,158.86,65726000
2020-12-09 00:00:00+00:00,158.39,158.72,154.4,155.21,82016000
2020-12-10 00:00:00+00:00,154.45,157.1,153.8,155.07,60604000
2020-12-11 00:00:00+00:00,154.83,155.93,153.64,155.82,61294000
2020-12-14 00:00:00+00:00,157.15,159.52,156.3,157.85,83116000
2020-12-15 00:00:00+00:00,159.05,159.43,156.52,158.26,66390000
2020-12-16 00:00:00+00:00,158.8,162.35,158.18,162.05,88552000
2020-12-17 00:00:00+00:00,162.5,163.18,161.05,161.8,69486000
2020-12-18 00:00:00+00:00,162.2,162.47,158.58,160.08,119914000
2020-12-21 00:00:00+00:00,160.0,161.35,158.3,160.31,76736000
2020-12-22 00:00:00+00:00,160.14,161.1,159.0,160.33,47388000
2020-12-23 00:00:00+00:00,160.25,160.51,159.21,159.26,41876000
2020-12-24 00:00:00+00:00,159.69,160.1,158.45,158.63,29038000
2020-12-28 00:00:00+00:00,159.7,165.2,158.63,164.2,113736000
2020-12-29 00:00:00+00:00,165.5,167.53,164.06,166.1,97458000
2020-12-30 00:00:00+00:00,167.05,167.1,164.12,164.29,64186000
2020-12-31 00:00:00+00:00,163.75,164.15,162.06,162.85,59144000
2021-01-04 00:00:00+00:00,163.5,163.6,157.2,159.33,88228000
2021-01-05 00:00:00+00:00,158.3,161.17,158.25,160.93,53110000
2021-01-06 00:00:00+00:00,157.32,159.88,156.56,156.92,87896000
2021-01-07 00:00:00+00:00,157.85,160.43,157.75,158.11,70290000
2021-01-08 00:00:00+00:00,159.0,159.53,157.11,159.13,70754000
2021-01-11 00:00:00+00:00,157.4,157.82,155.5,155.71,73668000
2021-01-12 00:00:00+00:00,156.0,157.11,154.3,156.04,70292000
2021-01-13 00:00:00+00:00,156.42,159.5,156.1,158.29,66424000
2021-01-14 00:00:00+00:00,158.38,158.9,156.03,156.37,61418000
2021-01-15 00:00:00+00:00,156.15,157.13,154.76,155.21,84880000
2021-01-19 00:00:00+00:00,155.35,157.25,154.8,156.04,66102000
2021-01-20 00:00:00+00:00,159.1,163.99,158.75,163.17,106196000
2021-01-21 00:00:00+00:00,164.65,167.43,164.48,165.35,98722000
2021-01-22 00:00:00+00:00,165.22,166.1,164.16,164.61,56438000
2021-01-25 00:00:00+00:00,166.43,168.19,162.16,164.7,74996000
2021-01-26 00:00:00+00:00,164.82,166.9,164.14,166.31,59104000
2021-01-27 00:00:00+00:00,167.07,167.33,160.35,161.63,93204000
2021-01-28 00:00:00+00:00,161.75,165.08,161.43,161.88,62984000
2021-01-29 00:00:00+00:00,161.5,161.85,159.23,160.31,85872000
2021-02-01 00:00:00+00:00,162.12,167.51,161.75,167.14,83204000
2021-02-02 00:00:00+00:00,169.0,171.39,168.06,169.0,141972000
2021-02-03 00:00:00+00:00,171.25,171.7,165.43,165.63,141776000
2021-02-04 00:00:00+00:00,166.5,167.35,163.89,166.55,73414000
2021-02-05 00:00:00+00:00,165.95,168.85,165.14,167.61,72416000
2021-02-08 00:00:00+00:00,167.93,168.25,165.2,166.15,65148000
2021-02-09 00:00:00+00:00,165.62,166.9,164.89,165.25,44070000
2021-02-10 00:00:00+00:00,165.7,165.9,162.7,164.33,63032000
2021-02-11 00:00:00+00:00,164.6,164.6,162.4,163.11,46028000
2021-02-12 00:00:00+00:00,162.5,164.01,161.67,163.89,46706000
2021-02-16 00:00:00+00:00,162.7,165.41,162.68,163.45,51494000
2021-02-17 00:00:00+00:00,163.18,166.05,162.97,165.43,65950000
2021-02-18 00:00:00+00:00,164.12,166.9,163.7,166.41,60548000
2021-02-19 00:00:00+00:00,166.41,166.68,162.29,162.5,86104000
2021-02-22 00:00:00+00:00,160.41,161.62,158.61,159.04,70314000
2021-02-23 00:00:00+00:00,156.35,160.24,154.68,159.72,93544000
2021-02-24 00:00:00+00:00,158.34,158.56,156.27,157.98,60226000
2021-02-25 00:00:00+00:00,156.84,158.91,152.39,152.86,90676000
2021-02-26 00:00:00+00:00,154.76,156.12,151.84,154.65,85518000
2021-03-01 00:00:00+00:00,156.39,157.48,154.9,157.31,54582000
2021-03-02 00:00:00+00:00,157.17,158.18,154.36,154.73,51916000
2021-03-03 00:00:00+00:00,154.06,155.39,149.75,150.25,79774000
2021-03-04 00:00:00+00:00,150.6,152.91,147.27,148.88,109632000
2021-03-05 00:00:00+00:00,150.25,150.45,144.05,150.02,107772000
2021-03-08 00:00:00+00:00,150.75,153.23,147.57,147.6,83700000
2021-03-09 00:00:00+00:00,150.9,154.55,150.26,153.14,80600000
2021-03-10 00:00:00+00:00,154.92,155.82,151.5,152.88,60250000
2021-03-11 00:00:00+00:00,155.2,156.59,154.15,155.68,55528000
2021-03-12 00:00:00+00:00,153.75,154.95,152.28,154.47,48438000
2021-03-15 00:00:00+00:00,153.73,154.11,151.6,154.08,58272000
2021-03-16 00:00:00+00:00,155.25,156.45,153.79,154.59,50776000
2021-03-17 00:00:00+00:00,153.66,158.65,153.51,156.79,62372000
2021-03-18 00:00:00+00:00,155.05,155.83,151.25,151.4,72992000
2021-03-19 00:00:00+00:00,151.46,153.86,150.83,153.75,92508000
2021-03-22 00:00:00+00:00,153.39,156.33,153.0,155.54,58044000
2021-03-23 00:00:00+00:00,156.35,159.1,156.04,156.88,76346000
2021-03-24 00:00:00+00:00,157.55,158.02,154.26,154.35,59180000
2021-03-25 00:00:00+00:00,153.65,155.49,151.86,152.31,71270000
2021-03-26 00:00:00+00:00,152.2,152.83,149.8,152.6,66258000
2021-03-29 00:00:00+00:00,152.77,154.56,151.42,153.79,54920000
2021-03-30 00:00:00+00:00,153.5,153.65,151.7,152.76,46752000
2021-03-31 00:00:00+00:00,153.2,155.97,153.12,154.7,61878000
2021-04-01 00:00:00+00:00,155.9,158.12,155.78,158.05,58806000
2021-04-05 00:00:00+00:00,158.65,161.8,158.06,161.34,66698000
2021-04-06 00:00:00+00:00,161.19,162.37,160.85,161.19,50756000
2021-04-07 00:00:00+00:00,161.69,165.18,161.18,163.97,66924000
2021-04-08 00:00:00+00:00,165.54,166.22,164.6,164.97,56242000
2021-04-09 00:00:00+00:00,165.24,168.61,164.44,168.61,86830000
2021-04-12 00:00:00+00:00,167.76,169.75,167.56,168.97,65636000
2021-04-13 00:00:00+00:00,170.04,171.6,169.78,170.0,66316000
2021-04-14 00:00:00+00:00,170.2,170.21,166.3,166.65,62904000
2021-04-15 00:00:00+00:00,168.55,169.85,167.6,168.95,64672000
2021-04-16 00:00:00+00:00,169.0,170.34,167.78,169.97,63720000
2021-04-19 00:00:00+00:00,169.52,171.8,168.01,168.6,54508000
2021-04-20 00:00:00+00:00,168.68,169.15,165.8,166.73,52460000
2021-04-21 00:00:00+00:00,165.8,168.14,165.19,168.1,44224000
2021-04-22 00:00:00+00:00,168.58,168.64,165.07,165.45,51612000
2021-04-23 00:00:00+00:00,165.96,168.75,165.43,167.04,63856000
2021-04-26 00:00:00+00:00,167.4,171.42,166.55,170.45,97614000
2021-04-27 00:00:00+00:00,172.17,173.0,169.9,170.87,76542000
2021-04-28 00:00:00+00:00,171.74,174.49,171.25,172.93,92638000
2021-04-29 00:00:00+00:00,175.25,175.72,171.75,173.57,153648000
2021-04-30 00:00:00+00:00,176.26,177.7,173.12,173.37,140186000
2021-05-03 00:00:00+00:00,174.24,174.33,168.63,169.32,117510000
2021-05-04 00:00:00+00:00,167.81,168.4,163.61,165.59,108788000
2021-05-05 00:00:00+00:00,166.94,167.74,163.22,163.53,74226000
2021-05-06 00:00:00+00:00,163.5,165.72,162.36,165.32,88954000
2021-05-07 00:00:00+00:00,165.95,166.54,164.45,164.58,94206000
2021-05-10 00:00:00+00:00,164.12,164.15,159.5,159.52,116772000
2021-05-11 00:00:00+00:00,156.81,161.9,156.37,161.2,92396000
2021-05-12 00:00:00+00:00,159.25,160.4,156.66,157.6,98728000
2021-05-13 00:00:00+00:00,159.27,160.19,156.65,158.07,67018000
2021-05-14 00:00:00+00:00,159.28,161.44,159.15,161.15,66500000
2021-05-17 00:00:00+00:00,162.3,164.64,161.73,163.52,74478000
2021-05-18 00:00:00+00:00,164.63,165.6,161.52,161.61,56568000
2021-05-19 00:00:00+00:00,159.75,161.74,159.2,161.59,53594000
2021-05-20 00:00:00+00:00,162.22,162.98,161.81,162.38,52664000
2021-05-21 00:00:00+00:00,162.5,162.83,159.85,160.15,82098000
2021-05-24 00:00:00+00:00,160.78,162.9,160.53,162.25,48456000
2021-05-25 00:00:00+00:00,163.33,163.99,160.69,162.95,65222000
2021-05-26 00:00:00+00:00,163.73,164.79,162.93,163.26,47680000
2021-05-27 00:00:00+00:00,162.8,163.02,161.5,161.51,51224000
2021-05-28 00:00:00+00:00,162.1,162.4,160.99,161.15,46596000
2021-06-01 00:00:00+00:00,162.18,162.55,160.45,160.93,48600000
2021-06-02 00:00:00+00:00,161.16,161.75,160.4,161.7,40290000
2021-06-03 00:00:00+00:00,160.21,160.72,159.2,159.35,47966000
2021-06-04 00:00:00+00:00,160.6,161.05,159.94,160.31,44994000
2021-06-07 00:00:00+00:00,159.87,160.4,158.61,159.9,44316000
2021-06-08 00:00:00+00:00,161.13,163.98,160.9,163.21,68334000
2021-06-09 00:00:00+00:00,163.64,164.88,163.53,164.06,49110000
2021-06-10 00:00:00+00:00,164.1,167.55,164.06,167.48,69530000
2021-06-11 00:00:00+00:00,167.48,168.33,166.67,167.34,56348000
2021-06-14 00:00:00+00:00,167.34,169.25,166.78,169.19,51394000
2021-06-15 00:00:00+00:00,169.2,169.85,168.16,169.16,48524000
2021-06-16 00:00:00+00:00,169.6,171.32,168.03,170.76,84056000
2021-06-17 00:00:00+00:00,170.16,174.86,170.05,174.46,102730000
2021-06-18 00:00:00+00:00,174.0,175.35,173.69,174.34,104954000
2021-06-21 00:00:00+00:00,173.82,174.1,171.7,172.7,65542000
2021-06-22 00:00:00+00:00,172.9,176.19,172.8,175.27,66902000
2021-06-23 00:00:00+00:00,175.25,176.05,174.16,175.19,56266000
2021-06-24 00:00:00+00:00,175.38,176.24,171.54,172.45,76640000
2021-06-25 00:00:00+00:00,173.2,173.24,169.71,170.07,78820000
2021-06-28 00:00:00+00:00,170.8,172.4,170.68,172.19,44856000
2021-06-29 00:00:00+00:00,171.94,172.8,171.15,172.41,41968000
2021-06-30 00:00:00+00:00,172.05,173.58,171.75,172.01,48080000
2021-07-01 00:00:00+00:00,171.73,172.85,170.47,171.65,40742000
2021-07-02 00:00:00+00:00,172.58,175.59,171.85,175.55,63388000
2021-07-06 00:00:00+00:00,176.51,184.27,176.45,183.79,134896000
2021-07-07 00:00:00+00:00,185.87,186.71,183.95,184.83,106562000
2021-07-08 00:00:00+00:00,182.18,188.0,181.06,186.57,103612000
2021-07-09 00:00:00+00:00,186.13,187.4,184.67,185.97,74964000
2021-07-12 00:00:00+00:00,187.2,187.86,184.84,185.93,51432000
2021-07-13 00:00:00+00:00,185.1,188.65,183.57,183.87,76918000
2021-07-14 00:00:00+00:00,185.44,185.88,183.04,184.08,65932000
2021-07-15 00:00:00+00:00,184.71,184.77,181.05,181.56,63706000
2021-07-16 00:00:00+00:00,181.67,182.3,178.52,178.68,80874000
2021-07-19 00:00:00+00:00,176.63,177.51,174.96,177.48,75692000
2021-07-20 00:00:00+00:00,178.37,179.6,175.9,178.66,65114000
2021-07-21 00:00:00+00:00,178.82,179.32,177.18,179.26,46380000
2021-07-22 00:00:00+00:00,179.36,182.0,179.11,181.9,65308000
2021-07-23 00:00:00+00:00,182.0,183.31,181.1,182.83,48726000
2021-07-26 00:00:00+00:00,183.66,185.6,182.36,184.99,58002000
2021-07-27 00:00:00+00:00,184.93,184.93,179.31,181.32,82638000
2021-07-28 00:00:00+00:00,181.69,182.92,180.05,181.52,59988000
2021-07-29 00:00:00+00:00,181.39,181.9,179.0,180.0,110400000
2021-07-30 00:00:00+00:00,167.4,168.41,165.35,166.38,199312000
2021-08-02 00:00:00+00:00,167.66,167.95,165.85,166.57,67078000
2021-08-03 00:00:00+00:00,167.04,169.55,164.99,168.31,83146000
2021-08-04 00:00:00+00:00,168.97,169.44,167.28,167.74,43678000
2021-08-05 00:00:00+00:00,167.81,169.45,167.05,168.8,48670000
2021-08-06 00:00:00+00:00,168.75,168.75,166.45,167.25,52752000
2021-08-09 00:00:00+00:00,167.18,167.74,166.43,167.09,42964000
2021-08-10 00:00:00+00:00,167.25,167.9,165.75,166.03,48252000
2021-08-11 00:00:00+00:00,166.57,166.88,163.89,164.61,58944000
2021-08-12 00:00:00+00:00,164.5,165.73,163.48,165.18,46282000
2021-08-13 00:00:00+00:00,165.28,165.3,164.15,164.7,41134000
2021-08-16 00:00:00+00:00,164.15,165.0,160.56,164.95,66394000
2021-08-17 00:00:00+00:00,163.88,164.02,161.28,162.1,67758000
2021-08-18 00:00:00+00:00,162.1,162.71,160.0,160.06,56086000
2021-08-19 00:00:00+00:00,159.7,161.65,159.12,159.39,75658000
2021-08-20 00:00:00+00:00,160.19,160.39,158.79,160.0,67168000
2021-08-23 00:00:00+00:00,160.59,164.04,160.5,163.29,65362000
2021-08-24 00:00:00+00:00,164.0,165.77,163.73,165.29,51036000
2021-08-25 00:00:00+00:00,165.49,166.05,164.31,164.96,33606000
2021-08-26 00:00:00+00:00,164.95,166.6,164.8,165.8,41976000
2021-08-27 00:00:00+00:00,166.66,167.62,165.69,167.48,48048000
2021-08-30 00:00:00+00:00,167.87,172.25,167.76,171.08,63844000
2021-08-31 00:00:00+00:00,171.24,173.63,169.78,173.54,87128000
2021-09-01 00:00:00+00:00,174.82,176.35,173.76,173.95,72598000
2021-09-02 00:00:00+00:00,174.74,175.6,172.75,173.16,58474000
2021-09-03 00:00:00+00:00,172.6,174.13,171.82,173.9,51514000
2021-09-07 00:00:00+00:00,173.9,176.4,173.85,175.46,54758000
2021-09-08 00:00:00+00:00,175.58,177.28,174.78,176.28,61068000
2021-09-09 00:00:00+00:00,176.3,177.5,174.02,174.21,54384000
2021-09-10 00:00:00+00:00,175.09,175.42,173.15,173.46,47946000
2021-09-13 00:00:00+00:00,174.14,174.9,171.9,172.86,51380000
2021-09-14 00:00:00+00:00,173.78,174.34,171.89,172.5,38738000
2021-09-15 00:00:00+00:00,172.13,174.27,170.1,173.79,59150000
2021-09-16 00:00:00+00:00,173.0,174.63,172.31,174.41,51672000
2021-09-17 00:00:00+00:00,174.42,174.87,172.61,173.13,92332000
2021-09-20 00:00:00+00:00,169.8,170.95,165.25,167.79,93382000
2021-09-21 00:00:00+00:00,168.75,168.99,166.62,167.18,55618000
2021-09-22 00:00:00+00:00,167.55,169.45,167.05,169.0,48228000
2021-09-23 00:00:00+00:00,169.0,171.45,169.0,170.8,47588000
2021-09-24 00:00:00+00:00,170.1,171.46,169.67,171.28,42324000
2021-09-27 00:00:00+00:00,168.57,170.78,166.98,170.29,72690000
2021-09-28 00:00:00+00:00,167.89,168.46,164.5,165.8,88616000
2021-09-29 00:00:00+00:00,166.11,167.56,164.89,165.06,51246000
2021-09-30 00:00:00+00:00,165.8,166.39,163.7,164.25,56848000
2021-10-01 00:00:00+00:00,164.45,165.46,162.8,164.16,56712000
2021-10-04 00:00:00+00:00,163.97,164.0,158.81,159.49,90462000
2021-10-05 00:00:00+00:00,160.22,163.04,160.12,161.05,65384000
2021-10-06 00:00:00+00:00,160.68,163.22,159.93,163.1,50660000
2021-10-07 00:00:00+00:00,164.58,166.29,164.15,165.12,48182000
2021-10-08 00:00:00+00:00,165.85,166.07,164.41,164.43,39964000
2021-10-11 00:00:00+00:00,163.75,164.63,161.91,162.31,40684000
2021-10-12 00:00:00+00:00,162.85,163.38,161.81,162.37,36392000
2021-10-13 00:00:00+00:00,163.49,164.42,163.05,164.21,48402000
2021-10-14 00:00:00+00:00,165.12,165.63,164.54,164.99,42190000
2021-10-15 00:00:00+00:00,165.57,170.52,165.2,170.45,103598000
2021-10-18 00:00:00+00:00,169.42,172.46,169.25,172.34,63482000
2021-10-19 00:00:00+00:00,171.71,172.73,171.1,172.21,47722000
2021-10-20 00:00:00+00:00,172.63,173.14,170.02,170.75,42796000
2021-10-21 00:00:00+00:00,170.71,172.01,170.15,171.75,37628000
2021-10-22 00:00:00+00:00,171.05,171.49,166.56,166.78,62782000
2021-10-25 00:00:00+00:00,166.75,167.39,164.88,166.02,44520000
2021-10-26 00:00:00+00:00,167.48,170.81,167.2,168.8,53966000
2021-10-27 00:00:00+00:00,169.4,171.85,168.57,169.62,54044000
2021-10-28 00:00:00+00:00,170.1,173.95,169.3,172.33,114174000
2021-10-29 00:00:00+00:00,165.0,168.74,163.67,168.62,129722000
2021-11-01 00:00:00+00:00,168.09,168.79,164.6,165.91,72178000
2021-11-02 00:00:00+00:00,165.75,166.56,164.18,165.64,52552000
2021-11-03 00:00:00+00:00,165.45,169.75,164.88,169.2,67944000
2021-11-04 00:00:00+00:00,168.5,174.93,168.25,173.85,107060000
2021-11-05 00:00:00+00:00,173.85,178.31,173.85,175.95,99940000
2021-11-08 00:00:00+00:00,176.16,178.95,174.39,174.45,61480000
2021-11-09 00:00:00+00:00,175.76,179.69,175.07,178.81,85898000
2021-11-10 00:00:00+00:00,178.19,180.27,173.15,174.1,80548000
2021-11-11 00:00:00+00:00,175.65,177.16,173.37,173.62,45288000
2021-11-12 00:00:00+00:00,174.25,177.04,172.35,176.26,53788000
2021-11-15 00:00:00+00:00,176.85,179.69,176.29,177.28,58594000
2021-11-16 00:00:00+00:00,176.95,178.82,176.26,177.03,44342000
2021-11-17 00:00:00+00:00,178.24,179.36,177.27,177.45,51206000
2021-11-18 00:00:00+00:00,178.32,185.21,178.05,184.8,114070000
2021-11-19 00:00:00+00:00,185.63,188.11,183.79,183.83,98734000
2021-11-22 00:00:00+00:00,183.82,185.67,178.38,178.63,96844000
2021-11-23 00:00:00+00:00,179.25,181.05,176.39,179.0,73804000
2021-11-24 00:00:00+00:00,178.13,180.68,176.84,179.02,46560000
2021-11-26 00:00:00+00:00,180.1,181.68,175.21,175.23,59826000
2021-11-29 00:00:00+00:00,177.38,179.8,176.57,178.08,65312000
2021-11-30 00:00:00+00:00,178.18,179.29,174.6,175.35,80022000
2021-12-01 00:00:00+00:00,177.25,177.99,172.08,172.19,74916000
2021-12-02 00:00:00+00:00,173.0,174.63,171.19,171.87,64726000
2021-12-03 00:00:00+00:00,172.75,173.49,166.93,169.49,80712000
2021-12-06 00:00:00+00:00,169.65,173.7,166.93,171.37,68860000
2021-12-07 00:00:00+00:00,174.6,177.5,173.33,176.16,66410000
2021-12-08 00:00:00+00:00,176.15,177.18,174.75,176.16,45254000
2021-12-09 00:00:00+00:00,175.75,176.97,174.14,174.17,46062000
2021-12-10 00:00:00+00:00,175.42,175.93,170.5,172.21,60690000
2021-12-13 00:00:00+00:00,172.0,172.1,169.13,169.57,62170000
2021-12-14 00:00:00+00:00,167.55,169.5,166.44,169.09,55976000
2021-12-15 00:00:00+00:00,168.6,173.6,165.19,173.31,75794000
2021-12-16 00:00:00+00:00,173.37,174.17,168.16,168.87,60876000
2021-12-17 00:00:00+00:00,167.71,170.9,165.61,170.02,85542000
2021-12-20 00:00:00+00:00,166.85,167.87,165.6,167.08,57372000
2021-12-21 00:00:00+00:00,167.85,170.72,165.65,170.42,55956000
2021-12-22 00:00:00+00:00,169.27,172.05,168.5,171.04,55036000
2021-12-23 00:00:00+00:00,170.43,171.97,170.15,171.07,36788000
2021-12-27 00:00:00+00:00,171.04,172.94,169.22,169.67,58688000
2021-12-28 00:00:00+00:00,170.18,172.18,169.14,170.66,54638000
2021-12-29 00:00:00+00:00,170.84,171.21,168.6,169.2,35754000
2021-12-30 00:00:00+00:00,169.7,170.89,168.52,168.64,37584000
2021-12-31 00:00:00+00:00,168.96,169.35,166.56,166.72,47830000
2022-01-03 00:00:00+00:00,167.55,170.7,166.16,170.4,63520000
2022-01-04 00:00:00+00:00,170.44,171.4,166.35,167.52,70726000
2022-01-05 00:00:00+00:00,166.88,167.13,164.36,164.36,64302000
2022-01-06 00:00:00+00:00,163.45,164.8,161.94,163.25,51958000
2022-01-07 00:00:00+00:00,163.84,165.24,162.03,162.55,46606000
2022-01-10 00:00:00+00:00,160.59,161.66,156.3,161.49,87798000
2022-01-11 00:00:00+00:00,161.5,166.35,160.7,165.36,62806000
2022-01-12 00:00:00+00:00,166.57,166.88,164.42,165.21,50030000
2022-01-13 00:00:00+00:00,165.25,166.22,161.09,161.21,52188000
2022-01-14 00:00:00+00:00,160.15,162.25,159.8,162.14,45974000
2022-01-18 00:00:00+00:00,159.1,159.73,157.66,158.92,67292000
2022-01-19 00:00:00+00:00,158.76,159.25,156.25,156.3,53242000
2022-01-20 00:00:00+00:00,156.77,158.0,151.35,151.67,71974000
2022-01-21 00:00:00+00:00,149.95,150.9,142.07,142.64,163972000
2022-01-24 00:00:00+00:00,139.0,144.94,135.35,144.54,155624000
2022-01-25 00:00:00+00:00,142.24,143.6,138.15,139.99,90824000
2022-01-26 00:00:00+00:00,144.75,145.19,137.32,138.87,95602000
2022-01-27 00:00:00+00:00,140.8,144.24,139.35,139.64,77516000
2022-01-28 00:00:00+00:00,140.86,144.0,137.93,143.98,74392000
2022-01-31 00:00:00+00:00,144.75,150.36,144.3,149.57,78308000
2022-02-01 00:00:00+00:00,150.0,151.71,147.63,151.19,59220000
2022-02-02 00:00:00+00:00,155.05,155.07,148.86,150.61,87330000
2022-02-03 00:00:00+00:00,141.74,144.25,138.33,138.85,225532000
2022-02-04 00:00:00+00:00,155.61,161.2,150.61,157.64,253456000
2022-02-07 00:00:00+00:00,158.52,162.69,157.25,157.94,102624000
2022-02-08 00:00:00+00:00,156.75,161.79,155.55,161.41,76040000
2022-02-09 00:00:00+00:00,162.87,163.83,160.25,161.19,68786000
2022-02-10 00:00:00+00:00,158.35,160.72,157.75,159.0,68268000
2022-02-11 00:00:00+00:00,158.13,159.0,152.73,153.29,77100000
2022-02-14 00:00:00+00:00,151.75,158.45,151.65,155.17,83230000
2022-02-15 00:00:00+00:00,157.61,158.01,154.64,156.51,56440000
2022-02-16 00:00:00+00:00,155.79,158.83,154.73,158.1,52704000
2022-02-17 00:00:00+00:00,158.15,160.35,154.5,154.65,64032000
2022-02-18 00:00:00+00:00,155.5,155.5,150.89,152.6,63604000
2022-02-22 00:00:00+00:00,150.48,152.98,148.49,150.2,66128000
2022-02-23 00:00:00+00:00,151.65,151.76,144.65,144.83,64244000
2022-02-24 00:00:00+00:00,139.84,151.75,139.5,151.36,100786000
2022-02-25 00:00:00+00:00,150.55,153.99,149.21,153.79,62396000
2022-02-28 00:00:00+00:00,152.43,154.45,150.85,153.56,57684000
2022-03-01 00:00:00+00:00,152.73,154.1,149.98,151.14,44874000
2022-03-02 00:00:00+00:00,150.85,153.0,148.75,152.05,47334000
2022-03-03 00:00:00+00:00,153.53,153.93,146.86,147.9,65198000
2022-03-04 00:00:00+00:00,147.16,147.85,143.81,145.64,60934000
2022-03-07 00:00:00+00:00,145.44,146.09,137.42,137.45,86934000
2022-03-08 00:00:00+00:00,136.68,140.7,133.57,136.01,91662000
2022-03-09 00:00:00+00:00,139.5,140.25,136.83,139.28,82656000
2022-03-10 00:00:00+00:00,145.69,148.67,143.98,146.82,135062000
2022-03-11 00:00:00+00:00,149.57,149.68,145.37,145.52,68900000
2022-03-14 00:00:00+00:00,145.98,147.45,140.88,141.85,74086000
2022-03-15 00:00:00+00:00,142.85,147.99,142.0,147.37,75584000
2022-03-16 00:00:00+00:00,148.5,153.15,147.35,153.1,84958000
2022-03-17 00:00:00+00:00,152.64,157.5,152.14,157.24,72934000
2022-03-18 00:00:00+00:00,156.81,161.59,156.01,161.25,102962000
2022-03-21 00:00:00+00:00,161.12,163.08,159.55,161.49,66538000
2022-03-22 00:00:00+00:00,161.81,166.17,161.7,164.89,64086000
2022-03-23 00:00:00+00:00,163.71,166.37,162.69,163.41,55812000
2022-03-24 00:00:00+00:00,163.75,164.12,160.05,163.65,56798000
2022-03-25 00:00:00+00:00,164.0,165.37,162.25,164.77,49032000
2022-03-28 00:00:00+00:00,164.97,169.04,164.9,168.99,59854000
2022-03-29 00:00:00+00:00,170.38,170.83,167.87,169.31,66154000
2022-03-30 00:00:00+00:00,168.51,168.95,165.5,166.3,56168000
2022-03-31 00:00:00+00:00,166.44,166.5,162.95,163.0,59966000
2022-04-01 00:00:00+00:00,164.15,165.83,162.32,163.56,57090000
2022-04-04 00:00:00+00:00,164.12,168.39,163.21,168.35,49882000
2022-04-05 00:00:00+00:00,167.74,168.11,163.27,164.06,53728000
2022-04-06 00:00:00+00:00,161.65,162.2,157.25,158.76,79056000
2022-04-07 00:00:00+00:00,158.4,160.08,154.51,157.78,68136000
2022-04-08 00:00:00+00:00,156.75,157.37,154.23,154.46,46002000
2022-04-11 00:00:00+00:00,152.71,154.14,150.53,151.12,52112000
2022-04-12 00:00:00+00:00,153.69,155.1,150.38,150.79,55178000
2022-04-13 00:00:00+00:00,150.02,156.03,149.6,155.54,53390000
2022-04-14 00:00:00+00:00,155.39,155.9,151.47,151.71,51598000
2022-04-18 00:00:00+00:00,151.52,154.04,150.25,152.78,46514000
2022-04-19 00:00:00+00:00,152.03,158.65,151.55,158.12,54926000
2022-04-20 00:00:00+00:00,157.6,157.6,153.6,154.0,59630000
2022-04-21 00:00:00+00:00,154.71,156.74,147.59,148.3,63970000
2022-04-22 00:00:00+00:00,148.25,149.62,143.7,144.35,73078000
2022-04-25 00:00:00+00:00,144.02,146.22,142.31,146.07,61874000
2022-04-26 00:00:00+00:00,144.8,144.86,138.93,139.39,77530000
2022-04-27 00:00:00+00:00,140.19,141.95,135.78,138.17,71336000
2022-04-28 00:00:00+00:00,142.18,145.94,140.3,144.6,117316000
2022-04-29 00:00:00+00:00,129.85,130.76,121.62,124.28,272662000
2022-05-02 00:00:00+00:00,122.4,124.67,118.38,124.5,148788000
2022-05-03 00:00:00+00:00,124.05,126.22,122.83,124.25,79134000
2022-05-04 00:00:00+00:00,123.6,126.0,119.18,125.93,110746000
2022-05-05 00:00:00+00:00,123.0,123.5,115.07,116.41,144392000
2022-05-06 00:00:00+00:00,114.85,119.05,113.08,114.77,124260000
2022-05-09 00:00:00+00:00,111.31,114.0,107.96,108.79,128124000
2022-05-10 00:00:00+00:00,111.25,112.64,107.17,108.86,105434000
2022-05-11 00:00:00+00:00,108.1,110.16,104.43,105.37,109704000
2022-05-12 00:00:00+00:00,102.75,110.78,102.41,106.93,132026000
2022-05-13 00:00:00+00:00,109.07,113.18,107.8,113.06,93684000
2022-05-16 00:00:00+00:00,113.1,113.99,110.35,110.81,74566000
2022-05-17 00:00:00+00:00,113.28,115.8,111.28,115.37,76448000
2022-05-18 00:00:00+00:00,111.44,112.85,106.25,107.11,108380000
2022-05-19 00:00:00+00:00,106.28,110.03,106.19,107.32,88142000
2022-05-20 00:00:00+00:00,109.57,109.9,105.01,107.59,99500000
2022-05-23 00:00:00+00:00,108.46,108.82,103.95,107.56,107798000
2022-05-24 00:00:00+00:00,104.03,105.4,101.26,104.1,102934000
2022-05-25 00:00:00+00:00,103.66,108.17,103.65,106.78,93120000
2022-05-26 00:00:00+00:00,107.97,112.67,107.45,111.08,93002000
2022-05-27 00:00:00+00:00,113.55,115.19,112.63,115.15,93660000
2022-05-31 00:00:00+00:00,116.28,121.99,115.67,120.21,144634000
2022-06-01 00:00:00+00:00,122.26,125.18,120.62,121.68,127528000
2022-06-02 00:00:00+00:00,121.68,125.61,120.05,125.51,100560000
2022-06-03 00:00:00+00:00,124.2,124.4,121.05,122.35,97604000
2022-06-06 00:00:00+00:00,125.25,128.99,123.81,124.79,135269000
2022-06-07 00:00:00+00:00,122.01,124.1,120.63,123.0,85156700
2022-06-08 00:00:00+00:00,122.61,123.75,120.75,121.18,64926600
2022-06-09 00:00:00+00:00,119.99,121.3,116.1,116.15,67029800
2022-06-10 00:00:00+00:00,113.42,114.5,109.05,109.65,87266000
2022-06-13 00:00:00+00:00,104.19,106.54,101.86,103.67,99277700
2022-06-14 00:00:00+00:00,104.19,104.88,101.43,102.31,69728800
2022-06-15 00:00:00+00:00,103.86,109.06,103.53,107.67,85011100
2022-06-16 00:00:00+00:00,104.47,104.58,102.01,103.66,82186300
2022-06-17 00:00:00+00:00,102.8,106.98,102.51,106.22,99772100
2022-06-21 00:00:00+00:00,108.2,111.63,103.56,108.68,70901200
2022-06-22 00:00:00+00:00,107.43,112.13,107.02,108.95,60040100
2022-06-23 00:00:00+00:00,110.39,113.0,107.93,112.44,64345300
2022-06-24 00:00:00+00:00,112.38,116.71,111.43,116.46,69867600
2022-06-27 00:00:00+00:00,117.09,117.98,112.7,113.22,62133200
2022-06-28 00:00:00+00:00,113.5,114.85,107.04,107.4,74942900
2022-06-29 00:00:00+00:00,107.38,110.99,106.91,108.92,66375300
2022-06-30 00:00:00+00:00,108.11,108.18,102.52,106.21,97679400
2022-07-01 00:00:00+00:00,106.29,109.75,105.85,109.56,73021200
2022-07-05 00:00:00+00:00,107.6,114.08,106.32,113.5,76583700
2022-07-06 00:00:00+00:00,113.21,115.48,112.01,114.33,66958900
2022-07-07 00:00:00+00:00,113.85,116.99,113.49,116.33,57872300
2022-07-08 00:00:00+00:00,114.6,116.58,113.69,115.54,45719700
2022-07-11 00:00:00+00:00,114.08,114.3,110.87,111.75,53487600
2022-07-12 00:00:00+00:00,112.16,113.23,108.34,109.22,54280300
2022-07-13 00:00:00+00:00,107.03,111.78,106.01,110.4,61353800
2022-07-14 00:00:00+00:00,110.24,111.18,107.58,110.63,51163100
2022-07-15 00:00:00+00:00,112.5,115.59,111.59,113.55,84317800
2022-07-18 00:00:00+00:00,115.0,117.24,113.15,113.76,59115400
2022-07-19 00:00:00+00:00,115.7,118.95,114.03,118.21,60990000
2022-07-20 00:00:00+00:00,118.62,123.48,118.32,122.77,71268300
2022-07-21 00:00:00+00:00,123.2,124.85,121.26,124.63,60239900
2022-07-22 00:00:00+00:00,125.01,125.5,121.35,122.42,51463800
2022-07-25 00:00:00+00:00,122.7,123.64,120.03,121.14,50221300
2022-07-26 00:00:00+00:00,115.79,118.15,114.53,114.81,67075100
2022-07-27 00:00:00+00:00,117.31,121.9,117.16,120.97,61582000
2022-07-28 00:00:00+00:00,121.57,122.84,118.08,122.28,82245500
2022-07-29 00:00:00+00:00,134.9,137.65,132.41,134.95,148892900
2022-08-01 00:00:00+00:00,134.96,138.83,133.51,135.39,76846900
2022-08-02 00:00:00+00:00,134.72,137.44,134.09,134.16,61922400
2022-08-03 00:00:00+00:00,136.21,140.49,136.05,139.52,71827800
2022-08-04 00:00:00+00:00,140.58,143.56,139.55,142.57,70585000
2022-08-05 00:00:00+00:00,140.1,142.86,139.6,140.8,50686900
2022-08-08 00:00:00+00:00,142.05,144.23,138.29,139.41,52229000
2022-08-09 00:00:00+00:00,138.05,138.95,136.21,137.83,40434700
2022-08-10 00:00:00+00:00,142.9,144.6,141.01,142.69,54773800
2022-08-11 00:00:00+00:00,143.86,144.49,139.76,140.64,44867300
2022-08-12 00:00:00+00:00,142.05,143.57,140.12,143.55,47643500
2022-08-15 00:00:00+00:00,142.8,143.76,141.49,143.18,39014600
2022-08-16 00:00:00+00:00,143.91,146.57,142.0,144.78,59102900
2022-08-17 00:00:00+00:00,142.69,143.38,140.78,142.1,48149800
2022-08-18 00:00:00+00:00,141.32,142.77,140.38,142.3,37458700
2022-08-19 00:00:00+00:00,140.47,141.11,137.91,138.23,47792800
2022-08-22 00:00:00+00:00,135.72,136.32,132.85,133.22,50461500
2022-08-23 00:00:00+00:00,133.41,134.99,132.95,133.62,36252100
2022-08-24 00:00:00+00:00,132.75,135.47,132.1,133.8,38627000
2022-08-25 00:00:00+00:00,135.26,137.42,134.28,137.28,37496300
2022-08-26 00:00:00+00:00,136.55,137.83,130.5,130.75,53322700
2022-08-29 00:00:00+00:00,129.9,131.95,128.77,129.79,48101600
2022-08-30 00:00:00+00:00,131.25,132.07,126.85,128.73,49203000
2022-08-31 00:00:00+00:00,129.45,130.59,126.74,126.77,53648700
2022-09-01 00:00:00+00:00,126.0,128.02,123.66,127.82,56636100
2022-09-02 00:00:00+00:00,129.5,131.38,126.39,127.51,57429800
2022-09-06 00:00:00+00:00,127.92,128.62,124.74,126.11,43888600
2022-09-07 00:00:00+00:00,126.12,129.82,125.4,129.48,47900300
2022-09-08 00:00:00+00:00,127.72,130.28,127.1,129.82,43988500
2022-09-09 00:00:00+00:00,130.91,133.69,130.76,133.27,49387600
2022-09-12 00:00:00+00:00,134.1,136.49,134.0,136.45,53826900
2022-09-13 00:00:00+00:00,131.01,131.4,126.27,126.82,72694000
2022-09-14 00:00:00+00:00,127.36,128.84,126.33,128.55,45316800
2022-09-15 00:00:00+00:00,127.38,130.37,125.5,126.28,52887200
2022-09-16 00:00:00+00:00,122.78,123.87,120.7,123.53,115667800
2022-09-19 00:00:00+00:00,122.16,124.71,121.8,124.66,47279700
2022-09-20 00:00:00+00:00,123.35,124.4,121.14,122.19,47698400
2022-09-21 00:00:00+00:00,122.49,123.76,118.45,118.54,58498900
2022-09-22 00:00:00+00:00,117.08,118.79,116.26,117.31,55229200
2022-09-23 00:00:00+00:00,116.0,116.05,112.06,113.78,65126700
2022-09-26 00:00:00+00:00,113.3,117.34,113.13,115.15,62723300
2022-09-27 00:00:00+00:00,117.2,118.32,113.05,114.41,60094700
2022-09-28 00:00:00+00:00,114.38,118.7,113.8,118.01,55763800
2022-09-29 00:00:00+00:00,115.6,116.07,113.06,114.8,58969700
2022-09-30 00:00:00+00:00,114.08,116.92,112.84,113.0,59479600
2022-10-03 00:00:00+00:00,113.58,116.91,112.45,115.88,50941900
2022-10-04 00:00:00+00:00,119.89,123.0,119.79,121.09,62812600
2022-10-05 00:00:00+00:00,118.58,121.75,117.69,120.95,48217500
2022-10-06 00:00:00+00:00,120.77,121.53,119.5,120.3,42253800
2022-10-07 00:00:00+00:00,118.0,118.17,113.88,114.56,54678000
2022-10-10 00:00:00+00:00,115.1,116.25,112.43,113.67,42339700
2022-10-11 00:00:00+00:00,112.71,115.48,110.39,112.21,56432200
2022-10-12 00:00:00+00:00,112.49,113.83,111.4,112.9,45728700
2022-10-13 00:00:00+00:00,107.88,113.44,105.35,112.53,86868100
2022-10-14 00:00:00+00:00,114.1,114.96,106.6,106.9,67737300
2022-10-17 00:00:00+00:00,110.11,114.19,110.09,113.79,62782000
2022-10-18 00:00:00+00:00,119.06,119.52,114.79,116.36,65607400
2022-10-19 00:00:00+00:00,114.71,116.59,113.22,115.07,47198100
2022-10-20 00:00:00+00:00,113.83,118.24,113.51,115.25,48795100
2022-10-21 00:00:00+00:00,114.79,119.59,114.5,119.32,55660500
2022-10-24 00:00:00+00:00,119.98,120.39,116.57,119.82,49531500
2022-10-25 00:00:00+00:00,119.65,121.32,118.95,120.6,50934600
2022-10-26 00:00:00+00:00,116.0,119.35,114.76,115.66,68802300
2022-10-27 00:00:00+00:00,113.92,114.12,109.77,110.96,129605400
2022-10-28 00:00:00+00:00,97.91,103.96,97.66,103.41,223133400
2022-10-31 00:00:00+00:00,103.56,104.87,100.74,102.44,99251400
2022-11-01 00:00:00+00:00,103.99,104.58,96.06,96.79,153370000
2022-11-02 00:00:00+00:00,97.32,97.74,92.01,92.12,135761800
2022-11-03 00:00:00+00:00,92.47,93.5,89.02,89.3,136683300
2022-11-04 00:00:00+00:00,91.49,92.44,88.04,90.98,129101300
2022-11-07 00:00:00+00:00,91.95,92.1,89.04,90.53,77495700
2022-11-08 00:00:00+00:00,90.79,91.72,88.23,89.98,88703400
2022-11-09 00:00:00+00:00,89.47,89.48,85.87,86.14,90796200
2022-11-10 00:00:00+00:00,92.94,98.69,91.65,96.63,173414900
2022-11-11 00:00:00+00:00,97.88,101.19,96.66,100.79,111590500
2022-11-14 00:00:00+00:00,98.77,100.12,97.29,98.49,99533100
2022-11-15 00:00:00+00:00,103.21,103.79,97.34,98.94,111336300
2022-11-16 00:00:00+00:00,96.85,98.49,95.54,97.12,87958800
2022-11-17 00:00:00+00:00,95.37,96.97,94.03,94.85,82617900
2022-11-18 00:00:00+00:00,95.95,95.99,92.48,94.14,72428200
2022-11-21 00:00:00+00:00,93.97,95.02,90.59,92.46,84330300
2022-11-22 00:00:00+00:00,92.62,93.35,90.87,93.2,62192000
2022-11-23 00:00:00+00:00,93.24,94.58,92.83,94.13,59414700
2022-11-25 00:00:00+00:00,93.79,94.43,93.07,93.41,35088600
2022-11-28 00:00:00+00:00,93.93,96.4,93.43,93.95,74943100
2022-11-29 00:00:00+00:00,94.04,94.41,91.44,92.42,65567300
2022-11-30 00:00:00+00:00,92.47,96.54,91.53,96.54,102805800
2022-12-01 00:00:00+00:00,96.99,97.23,94.92,95.5,68488000
2022-12-02 00:00:00+00:00,94.48,95.36,93.78,94.13,72496400
2022-12-05 00:00:00+00:00,93.05,94.06,90.82,91.01,71535500
2022-12-06 00:00:00+00:00,90.5,91.04,87.9,88.25,75503600
2022-12-07 00:00:00+00:00,88.34,89.89,87.48,88.46,68086900
2022-12-08 00:00:00+00:00,89.24,90.86,87.88,90.35,73305900
2022-12-09 00:00:00+00:00,88.9,90.3,88.63,89.09,67398500
2022-12-12 00:00:00+00:00,89.21,90.58,87.87,90.55,61999800
2022-12-13 00:00:00+00:00,95.23,96.25,90.52,92.49,100212000
2022-12-14 00:00:00+00:00,92.5,93.46,89.87,91.58,70298000
2022-12-15 00:00:00+00:00,89.89,89.97,87.47,88.45,84802900
2022-12-16 00:00:00+00:00,88.27,89.35,86.73,87.86,146144100
2022-12-19 00:00:00+00:00,87.51,87.63,84.51,84.92,83531500
2022-12-20 00:00:00+00:00,85.33,86.61,84.33,85.19,74348300
2022-12-21 00:00:00+00:00,86.18,87.23,85.21,86.77,59267200
2022-12-22 00:00:00+00:00,85.52,85.68,82.25,83.79,81431300
2022-12-23 00:00:00+00:00,83.25,85.78,82.93,85.25,57433700
2022-12-27 00:00:00+00:00,84.97,85.35,83.0,83.04,57284000
2022-12-28 00:00:00+00:00,82.8,83.48,81.69,81.82,58228600
2022-12-29 00:00:00+00:00,82.87,84.55,82.55,84.18,54995900
2022-12-30 00:00:00+00:00,83.12,84.05,82.47,84.0,62401200
2023-01-03 00:00:00+00:00,85.46,86.96,84.21,85.82,76706000
2023-01-04 00:00:00+00:00,86.55,86.98,83.36,85.14,68885100
2023-01-05 00:00:00+00:00,85.33,85.42,83.07,83.12,67930800
2023-01-06 00:00:00+00:00,83.03,86.4,81.43,86.08,83303400
2023-01-09 00:00:00+00:00,87.46,89.48,87.08,87.36,65266100
2023-01-10 00:00:00+00:00,87.57,90.19,87.29,89.87,67756600
2023-01-11 00:00:00+00:00,90.93,95.26,90.93,95.09,103126200
2023-01-12 00:00:00+00:00,96.93,97.19,93.5,95.27,85254800
2023-01-13 00:00:00+00:00,94.18,98.37,94.12,98.12,85549400
2023-01-17 00:00:00+00:00,98.68,98.89,95.73,96.05,72755000
2023-01-18 00:00:00+00:00,97.25,99.32,95.38,95.46,79570400
2023-01-19 00:00:00+00:00,94.74,95.44,92.86,93.68,69002700
2023-01-20 00:00:00+00:00,93.86,97.35,93.2,97.25,67481500
2023-01-23 00:00:00+00:00,97.56,97.78,95.86,97.52,76501100
2023-01-24 00:00:00+00:00,96.93,98.09,96.0,96.32,66929500
2023-01-25 00:00:00+00:00,92.56,97.24,91.52,97.18,94261600
2023-01-26 00:00:00+00:00,98.24,99.49,96.92,99.22,68523600
2023-01-27 00:00:00+00:00,99.53,103.49,99.53,102.24,87775600
2023-01-30 00:00:00+00:00,101.09,101.74,99.01,100.55,70691900
2023-01-31 00:00:00+00:00,101.16,103.35,101.14,103.13,66527300
2023-02-01 00:00:00+00:00,102.53,106.24,101.24,105.15,80450100
2023-02-02 00:00:00+00:00,110.25,114.0,108.88,112.91,158154200
2023-02-03 00:00:00+00:00,105.26,108.78,102.52,103.39,144374800
2023-02-06 00:00:00+00:00,102.93,103.95,100.65,102.18,81945200
2023-02-07 00:00:00+00:00,101.17,102.41,98.08,102.11,119501300
2023-02-08 00:00:00+00:00,102.04,102.67,98.78,100.05,75878300
2023-02-09 00:00:00+00:00,101.32,101.78,97.57,98.24,64622500
2023-02-10 00:00:00+00:00,97.56,98.82,96.23,97.61,52740100
2023-02-13 00:00:00+00:00,97.85,99.68,96.91,99.54,52841500
2023-02-14 00:00:00+00:00,98.41,100.92,97.52,99.7,56202900
2023-02-15 00:00:00+00:00,99.09,101.17,98.45,101.16,47957600
2023-02-16 00:00:00+00:00,99.21,100.63,98.1,98.15,56339200
2023-02-17 00:00:00+00:00,97.8,97.94,95.65,97.2,60029400
2023-02-21 00:00:00+00:00,95.34,95.61,94.27,94.58,56580400
2023-02-22 00:00:00+00:00,95.1,97.01,94.8,95.79,59534100
2023-02-23 00:00:00+00:00,96.12,96.43,93.67,95.82,48467000
2023-02-24 00:00:00+00:00,93.53,94.14,92.32,93.5,57053800
2023-02-27 00:00:00+00:00,94.28,94.78,93.14,93.76,47470300
2023-02-28 00:00:00+00:00,93.14,94.69,92.92,94.23,43959300
2023-03-01 00:00:00+00:00,93.87,94.68,91.59,92.17,52299500
2023-03-02 00:00:00+00:00,91.41,92.23,90.39,92.13,55509400
2023-03-03 00:00:00+00:00,92.74,94.94,92.66,94.9,55759600
2023-03-06 00:00:00+00:00,95.19,96.55,93.74,93.75,52112400
2023-03-07 00:00:00+00:00,94.06,95.09,92.78,93.55,49100700
2023-03-08 00:00:00+00:00,93.6,94.17,92.18,93.92,44899100
2023-03-09 00:00:00+00:00,93.68,96.21,92.18,92.25,56218700
2023-03-10 00:00:00+00:00,92.67,93.57,90.25,90.73,69827500
2023-03-13 00:00:00+00:00,89.97,94.02,88.12,92.43,72397100
2023-03-14 00:00:00+00:00,93.83,95.07,92.71,94.88,60912700
2023-03-15 00:00:00+00:00,93.22,96.67,93.07,96.2,70731800
2023-03-16 00:00:00+00:00,95.75,100.99,95.61,100.04,84446900
2023-03-17 00:00:00+00:00,99.79,100.66,97.46,98.95,87300200
2023-03-20 00:00:00+00:00,98.41,98.48,95.7,97.71,62388900
2023-03-21 00:00:00+00:00,98.14,100.85,98.0,100.61,58597300
2023-03-22 00:00:00+00:00,100.45,102.1,98.61,98.7,57475400
2023-03-23 00:00:00+00:00,100.43,101.06,97.62,98.71,57559300
2023-03-24 00:00:00+00:00,98.07,98.3,96.4,98.13,56095400
2023-03-27 00:00:00+00:00,99.07,99.34,97.08,98.04,46721300
2023-03-28 00:00:00+00:00,98.11,98.44,96.29,97.24,38720100
2023-03-29 00:00:00+00:00,98.69,100.42,98.56,100.25,49783300
2023-03-30 00:00:00+00:00,101.55,103.04,101.01,102.0,53633400
2023-03-31 00:00:00+00:00,102.16,103.49,101.95,103.29,56750300
2023-04-03 00:00:00+00:00,102.3,103.29,101.43,102.41,41135700
2023-04-04 00:00:00+00:00,102.75,104.2,102.11,103.95,48662500
2023-04-05 00:00:00+00:00,103.91,103.91,100.75,101.1,45175400
2023-04-06 00:00:00+00:00,100.75,102.38,99.8,102.06,43808000
2023-04-10 00:00:00+00:00,100.96,102.2,99.57,102.17,37261200
2023-04-11 00:00:00+00:00,100.8,101.0,99.01,99.92,60417800
2023-04-12 00:00:00+00:00,100.4,100.51,97.71,97.83,56735000
2023-04-13 00:00:00+00:00,98.95,102.57,98.71,102.4,67925100
2023-04-14 00:00:00+00:00,102.07,103.2,101.11,102.51,51450500
2023-04-17 00:00:00+00:00,103.16,103.73,101.59,102.74,39919500
2023-04-18 00:00:00+00:00,103.95,104.2,101.52,102.3,39790500
2023-04-19 00:00:00+00:00,101.58,105.12,101.39,104.3,58398900
2023-04-20 00:00:00+00:00,103.53,105.25,103.21,103.81,57696900
2023-04-21 00:00:00+00:00,106.1,108.15,105.08,106.96,86774200
2023-04-24 00:00:00+00:00,107.66,109.23,105.07,106.21,69575600
2023-04-25 00:00:00+00:00,104.91,105.45,102.45,102.57,65026800
2023-04-26 00:00:00+00:00,105.04,106.62,104.1,104.98,73803800
2023-04-27 00:00:00+00:00,108.16,110.86,106.8,109.82,149961200
2023-04-28 00:00:00+00:00,107.73,109.48,104.33,105.45,130715900
2023-05-01 00:00:00+00:00,104.95,105.23,101.82,102.05,74728100
2023-05-02 00:00:00+00:00,101.47,103.9,101.15,103.63,73469400
2023-05-03 00:00:00+00:00,103.74,105.96,103.28,103.65,65051900
2023-05-04 00:00:00+00:00,104.04,105.39,103.31,104.0,45345500
2023-05-05 00:00:00+00:00,104.27,105.76,103.55,105.66,56951700
2023-05-08 00:00:00+00:00,105.04,106.1,104.7,105.83,49430900
2023-05-09 00:00:00+00:00,105.48,106.79,105.16,106.62,44089400
2023-05-10 00:00:00+00:00,108.1,110.67,108.05,110.19,78627600
2023-05-11 00:00:00+00:00,111.03,113.28,110.49,112.18,74924800
2023-05-12 00:00:00+00:00,112.16,112.64,109.32,110.26,49852700
2023-05-15 00:00:00+00:00,111.15,112.29,109.25,111.2,53011100
2023-05-16 00:00:00+00:00,111.05,114.79,111.05,113.4,71472900
2023-05-17 00:00:00+00:00,114.89,115.83,114.22,115.5,65655200
2023-05-18 00:00:00+00:00,116.69,118.6,116.34,118.15,73174100
2023-05-19 00:00:00+00:00,118.16,118.31,115.7,116.25,55056300
2023-05-22 00:00:00+00:00,116.77,116.77,114.25,115.01,70741100
2023-05-23 00:00:00+00:00,114.27,117.14,113.78,114.99,67576300
2023-05-24 00:00:00+00:00,115.35,117.34,115.02,116.75,63487900
2023-05-25 00:00:00+00:00,116.63,116.87,114.31,115.0,66496700
2023-05-26 00:00:00+00:00,116.04,121.5,116.02,120.11,96779900
2023-05-30 00:00:00+00:00,122.37,122.92,119.86,121.66,64314800
2023-05-31 00:00:00+00:00,121.45,122.04,119.17,120.58,72800800
2023-06-01 00:00:00+00:00,120.69,123.49,119.93,122.77,54375100
2023-06-02 00:00:00+00:00,124.92,126.39,124.02,124.25,61264400
2023-06-05 00:00:00+00:00,123.36,125.8,123.03,125.3,47950100
2023-06-06 00:00:00+00:00,125.07,127.4,125.0,126.61,45695200
2023-06-07 00:00:00+00:00,127.01,127.37,120.63,121.23,95663300
2023-06-08 00:00:00+00:00,123.01,125.63,122.26,124.25,62159300
2023-06-09 00:00:00+00:00,124.08,125.8,123.19,123.43,51396000
2023-06-12 00:00:00+00:00,124.02,126.78,123.53,126.57,51338000
2023-06-13 00:00:00+00:00,128.12,128.41,125.18,126.66,50564800
2023-06-14 00:00:00+00:00,126.7,126.95,124.12,126.42,52422500
2023-06-15 00:00:00+00:00,125.21,127.69,124.32,127.11,60458500
2023-06-16 00:00:00+00:00,127.71,127.9,125.3,125.49,84247100
2023-06-20 00:00:00+00:00,124.97,127.25,124.5,125.78,56930100
2023-06-21 00:00:00+00:00,125.64,126.73,123.85,124.83,52137700
2023-06-22 00:00:00+00:00,125.31,130.33,125.14,130.15,90354600
2023-06-23 00:00:00+00:00,129.11,130.84,128.28,129.33,71927800
2023-06-26 00:00:00+00:00,129.33,131.49,127.1,127.33,59989300
2023-06-27 00:00:00+00:00,128.63,130.09,127.55,129.18,46801000
2023-06-28 00:00:00+00:00,128.94,131.48,128.44,129.04,52149500
2023-06-29 00:00:00+00:00,128.77,129.26,127.26,127.9,40761000
2023-06-30 00:00:00+00:00,129.47,131.25,128.95,130.36,54350700
2023-07-03 00:00:00+00:00,130.82,131.85,130.07,130.22,28264800
2023-07-05 00:00:00+00:00,130.24,131.4,129.64,130.38,35895400
2023-07-06 00:00:00+00:00,128.25,128.73,127.37,128.36,40639900
2023-07-07 00:00:00+00:00,128.59,130.97,128.13,129.78,41992300
2023-07-10 00:00:00+00:00,129.07,129.28,125.92,127.13,61889300
2023-07-11 00:00:00+00:00,127.75,129.77,127.35,128.78,49951500
2023-07-12 00:00:00+00:00,130.31,131.26,128.83,130.8,54022800
2023-07-13 00:00:00+00:00,134.04,134.67,132.71,134.3,61170900
2023-07-14 00:00:00+00:00,134.06,136.65,134.06,134.68,54487100
2023-07-17 00:00:00+00:00,134.56,135.62,133.21,133.56,48450200
2023-07-18 00:00:00+00:00,132.71,133.86,131.35,132.83,54882900
2023-07-19 00:00:00+00:00,133.39,135.99,132.53,135.36,54531000
2023-07-20 00:00:00+00:00,134.07,134.79,129.33,129.96,59820600
2023-07-21 00:00:00+00:00,131.34,131.37,128.42,130.0,133307300
2023-07-24 00:00:00+00:00,130.31,131.66,128.35,128.8,45591100
2023-07-25 00:00:00+00:00,129.31,129.58,128.53,129.13,39236700
2023-07-26 00:00:00+00:00,126.51,129.08,126.11,128.15,53910100
2023-07-27 00:00:00+00:00,131.0,132.63,127.79,128.25,52610700
2023-07-28 00:00:00+00:00,129.69,133.01,129.33,132.21,46317400
2023-07-31 00:00:00+00:00,133.2,133.87,132.38,133.68,41901500
2023-08-01 00:00:00+00:00,133.55,133.69,131.62,131.69,42098500
2023-08-02 00:00:00+00:00,130.15,130.23,126.82,128.21,51027600
2023-08-03 00:00:00+00:00,127.48,129.84,126.41,128.91,88585200
2023-08-04 00:00:00+00:00,141.06,143.63,139.32,139.57,153128500
2023-08-07 00:00:00+00:00,140.99,142.54,138.95,142.22,71213100
2023-08-08 00:00:00+00:00,140.62,140.84,138.42,139.94,51710500
2023-08-09 00:00:00+00:00,139.97,140.32,137.1,137.85,50017300
2023-08-10 00:00:00+00:00,139.07,140.41,137.49,138.56,58928400
2023-08-11 00:00:00+00:00,137.4,139.33,137.0,138.41,42905800
2023-08-14 00:00:00+00:00,138.3,140.59,137.75,140.57,47148700
2023-08-15 00:00:00+00:00,140.05,141.28,137.23,137.67,42781500
2023-08-16 00:00:00+00:00,137.19,137.27,135.01,135.07,41675900
2023-08-17 00:00:00+00:00,135.46,136.09,133.53,133.98,48354100
2023-08-18 00:00:00+00:00,131.62,134.07,131.15,133.22,48497700
2023-08-21 00:00:00+00:00,133.74,135.19,132.71,134.68,41442500
2023-08-22 00:00:00+00:00,135.08,135.65,133.73,134.25,32905400
2023-08-23 00:00:00+00:00,134.5,135.95,133.22,135.52,42801000
2023-08-24 00:00:00+00:00,136.4,136.78,131.83,131.84,43646300
2023-08-25 00:00:00+00:00,132.47,133.87,130.58,133.26,44147500
2023-08-28 00:00:00+00:00,133.78,133.95,131.85,133.14,34108400
2023-08-29 00:00:00+00:00,133.38,135.14,133.25,134.91,38646100
2023-08-30 00:00:00+00:00,134.93,135.68,133.92,135.07,36137000
2023-08-31 00:00:00+00:00,135.06,138.79,135.0,138.01,58781300
2023-09-01 00:00:00+00:00,139.46,139.96,136.88,138.12,40991500
2023-09-05 00:00:00+00:00,137.73,137.8,135.82,137.27,40636700
2023-09-06 00:00:00+00:00,136.32,137.45,134.61,135.36,41785500
2023-09-07 00:00:00+00:00,133.9,138.03,133.16,137.85,48498900
2023-09-08 00:00:00+00:00,136.86,138.85,136.75,138.23,38348200
2023-09-11 00:00:00+00:00,138.75,143.62,138.64,143.1,56764500
2023-09-12 00:00:00+00:00,142.32,143.0,140.61,141.23,42668500
2023-09-13 00:00:00+00:00,140.95,144.98,140.87,144.85,60465200
2023-09-14 00:00:00+00:00,145.08,145.86,142.95,144.72,64033600
2023-09-15 00:00:00+00:00,142.69,143.57,140.09,140.39,102909300
2023-09-18 00:00:00+00:00,140.48,141.75,139.22,139.98,42823500
2023-09-19 00:00:00+00:00,138.7,138.84,135.56,137.63,61482500
2023-09-20 00:00:00+00:00,138.55,139.37,135.2,135.29,46263700
2023-09-21 00:00:00+00:00,131.94,132.24,129.31,129.33,70343300
2023-09-22 00:00:00+00:00,131.11,132.03,128.52,129.12,59904300
2023-09-25 00:00:00+00:00,129.36,131.78,128.77,131.27,46017800
2023-09-26 00:00:00+00:00,130.12,130.39,125.28,125.98,73048200
2023-09-27 00:00:00+00:00,125.76,127.48,124.13,125.98,66553400
2023-09-28 00:00:00+00:00,124.04,126.58,123.04,125.98,54555000
2023-09-29 00:00:00+00:00,128.2,129.15,126.32,127.12,62411700
2023-10-02 00:00:00+00:00,127.28,130.47,126.54,129.46,48029700
2023-10-03 00:00:00+00:00,128.06,128.52,124.25,124.72,51565000
2023-10-04 00:00:00+00:00,126.06,127.36,125.68,127.0,44203900
2023-10-05 00:00:00+00:00,126.71,126.73,124.33,125.96,39660600
2023-10-06 00:00:00+00:00,124.16,128.45,124.13,127.96,46836700
2023-10-09 00:00:00+00:00,126.22,128.79,124.76,128.26,38773700
2023-10-10 00:00:00+00:00,128.82,130.74,128.05,129.48,42178600
2023-10-11 00:00:00+00:00,129.74,132.05,129.61,131.83,40741800
2023-10-12 00:00:00+00:00,132.17,134.48,131.23,132.33,55528600
2023-10-13 00:00:00+00:00,132.98,133.31,128.95,129.79,45786600
2023-10-16 00:00:00+00:00,130.69,133.07,130.43,132.55,42832900
2023-10-17 00:00:00+00:00,130.39,132.58,128.71,131.47,49344600
2023-10-18 00:00:00+00:00,129.9,130.67,127.51,128.13,42699500
2023-10-19 00:00:00+00:00,130.57,132.24,127.47,128.4,60961400
2023-10-20 00:00:00+00:00,128.05,128.17,124.97,125.17,56406400
2023-10-23 00:00:00+00:00,124.63,127.88,123.98,126.56,48260000
2023-10-24 00:00:00+00:00,127.74,128.8,126.34,128.56,46477400
2023-10-25 00:00:00+00:00,126.04,126.34,120.79,121.39,74577500
2023-10-26 00:00:00+00:00,120.63,121.64,118.35,119.57,100419500
2023-10-27 00:00:00+00:00,126.2,130.02,125.52,127.74,125309300
2023-10-30 00:00:00+00:00,129.72,133.0,128.56,132.71,72485500
2023-10-31 00:00:00+00:00,132.75,133.57,131.71,133.09,51589400
2023-11-01 00:00:00+00:00,133.96,137.35,133.71,137.0,61529400
2023-11-02 00:00:00+00:00,138.73,138.81,136.47,138.07,52236700
2023-11-03 00:00:00+00:00,138.99,139.49,137.45,138.6,44059800
2023-11-06 00:00:00+00:00,138.76,140.73,138.36,139.74,44970400
2023-11-07 00:00:00+00:00,140.55,143.37,140.5,142.71,53553500
2023-11-08 00:00:00+00:00,142.97,143.12,141.22,142.08,44521700
2023-11-09 00:00:00+00:00,142.02,142.65,139.84,140.6,36235400
2023-11-10 00:00:00+00:00,140.46,143.65,139.91,143.56,49287800
2023-11-13 00:00:00+00:00,142.08,143.23,140.67,142.59,35680600
2023-11-14 00:00:00+00:00,145.0,147.26,144.68,145.8,56674600
2023-11-15 00:00:00+00:00,147.06,147.29,142.59,143.2,63875700
2023-11-16 00:00:00+00:00,140.91,143.32,139.52,142.83,49653500
2023-11-17 00:00:00+00:00,142.66,145.23,142.54,145.18,49636700
2023-11-20 00:00:00+00:00,145.13,146.63,144.73,146.13,41951200
2023-11-21 00:00:00+00:00,143.91,144.05,141.5,143.9,71226000
2023-11-22 00:00:00+00:00,144.57,147.74,144.57,146.71,45669100
2023-11-24 00:00:00+00:00,146.7,147.2,145.32,146.74,22378400
2023-11-27 00:00:00+00:00,147.53,149.26,146.88,147.73,53762400
2023-11-28 00:00:00+00:00,146.98,147.6,145.53,147.03,42711700
2023-11-29 00:00:00+00:00,147.85,148.54,145.97,146.32,40610900
2023-11-30 00:00:00+00:00,144.76,146.93,144.33,146.09,65814000
2023-12-01 00:00:00+00:00,146.0,147.25,145.55,147.03,39951800
2023-12-04 00:00:00+00:00,145.25,145.35,142.81,144.84,48294200
2023-12-05 00:00:00+00:00,143.55,148.57,143.13,146.88,46822400
2023-12-06 00:00:00+00:00,147.58,147.85,144.28,144.52,39679000
2023-12-07 00:00:00+00:00,146.15,147.92,145.34,146.88,52352800
2023-12-08 00:00:00+00:00,145.48,147.84,145.4,147.42,41906000
2023-12-11 00:00:00+00:00,145.66,146.19,143.64,145.89,50907300
2023-12-12 00:00:00+00:00,145.52,147.5,145.3,147.48,44944300
2023-12-13 00:00:00+00:00,148.12,149.46,146.82,148.84,52766200
2023-12-14 00:00:00+00:00,149.93,150.54,145.52,147.42,58400800
2023-12-15 00:00:00+00:00,148.38,150.57,147.88,149.97,110089300
2023-12-18 00:00:00+00:00,150.56,154.85,150.05,154.07,62512800
2023-12-19 00:00:00+00:00,154.4,155.12,152.69,153.79,43171300
2023-12-20 00:00:00+00:00,152.9,155.63,151.56,152.12,50322100
2023-12-21 00:00:00+00:00,153.3,153.97,152.1,153.84,36305700
2023-12-22 00:00:00+00:00,153.77,154.35,152.71,153.42,29514100
2023-12-26 00:00:00+00:00,153.56,153.98,153.03,153.41,25067200
2023-12-27 00:00:00+00:00,153.56,154.78,153.12,153.34,31434700
2023-12-28 00:00:00+00:00,153.72,154.08,152.95,153.38,27057000
2023-12-29 00:00:00+00:00,153.1,153.89,151.03,151.94,39823200
2024-01-02 00:00:00+00:00,151.54,152.38,148.39,149.93,47339400
2024-01-03 00:00:00+00:00,149.2,151.05,148.33,148.47,49425500
2024-01-04 00:00:00+00:00,145.59,147.38,144.05,144.57,56039800
2024-01-05 00:00:00+00:00,144.69,146.59,144.53,145.24,45153100
2024-01-08 00:00:00+00:00,146.74,149.4,146.15,149.1,46757100
2024-01-09 00:00:00+00:00,148.33,151.71,148.21,151.37,43812600
2024-01-10 00:00:00+00:00,152.06,154.42,151.88,153.73,44421800
2024-01-11 00:00:00+00:00,155.04,157.17,153.12,155.18,49072700
2024-01-12 00:00:00+00:00,155.39,156.2,154.01,154.62,40484200
2024-01-16 00:00:00+00:00,153.53,154.99,152.15,153.16,41384600
2024-01-17 00:00:00+00:00,151.49,152.15,149.91,151.71,34953400
2024-01-18 00:00:00+00:00,152.77,153.78,151.82,153.5,37850200
2024-01-19 00:00:00+00:00,153.83,155.76,152.74,155.34,51651600
2024-01-22 00:00:00+00:00,156.89,157.05,153.9,154.78,43687500
2024-01-23 00:00:00+00:00,154.85,156.21,153.93,156.02,37986000
2024-01-24 00:00:00+00:00,157.8,158.51,156.48,156.87,48547300
2024-01-25 00:00:00+00:00,156.95,158.51,154.55,157.75,43638600
2024-01-26 00:00:00+00:00,158.42,160.72,157.91,159.12,51047400
2024-01-29 00:00:00+00:00,159.34,161.29,158.9,161.26,45270400
2024-01-30 00:00:00+00:00,160.7,161.73,158.49,159.0,45207400
2024-01-31 00:00:00+00:00,157.0,159.01,154.81,155.2,50284400
2024-02-01 00:00:00+00:00,155.87,159.76,155.62,159.28,76542400
2024-02-02 00:00:00+00:00,169.19,172.5,167.33,171.81,117218300
2024-02-05 00:00:00+00:00,170.2,170.55,167.7,170.31,55081300
2024-02-06 00:00:00+00:00,169.39,170.71,167.65,169.15,42505500
2024-02-07 00:00:00+00:00,169.48,170.88,168.94,170.53,47174100
2024-02-08 00:00:00+00:00,169.65,171.43,168.88,169.84,42316500
2024-02-09 00:00:00+00:00,170.9,175.0,170.58,174.45,56986000
2024-02-12 00:00:00+00:00,174.8,175.39,171.54,172.34,51050400
2024-02-13 00:00:00+00:00,167.73,170.95,165.75,168.64,56345100
2024-02-14 00:00:00+00:00,169.21,171.21,168.28,170.98,42815500
2024-02-15 00:00:00+00:00,170.58,171.17,167.59,169.8,49855200
2024-02-16 00:00:00+00:00,168.74,170.42,167.17,169.51,48107700
2024-02-20 00:00:00+00:00,167.83,168.71,165.74,167.08,41980300
2024-02-21 00:00:00+00:00,168.94,170.23,167.14,168.59,44420100
2024-02-22 00:00:00+00:00,173.1,174.8,171.77,174.58,55392400
2024-02-23 00:00:00+00:00,174.28,175.75,173.7,174.99,59715200
2024-02-26 00:00:00+00:00,175.7,176.37,174.26,174.73,44368600
2024-02-27 00:00:00+00:00,174.08,174.62,172.86,173.54,31141700
2024-02-28 00:00:00+00:00,172.44,174.05,172.27,173.16,28180500
2024-02-29 00:00:00+00:00,173.01,177.22,172.85,176.76,53805400
2024-03-01 00:00:00+00:00,176.75,178.73,176.07,178.22,31981200
2024-03-04 00:00:00+00:00,177.53,180.14,177.49,177.58,37381500
2024-03-05 00:00:00+00:00,176.93,176.93,173.3,174.12,37228300
2024-03-06 00:00:00+00:00,175.54,176.46,173.26,173.51,32090900
2024-03-07 00:00:00+00:00,174.83,177.99,173.72,176.82,34063300
2024-03-08 00:00:00+00:00,176.44,178.79,174.33,175.35,37893200
2024-03-11 00:00:00+00:00,174.31,174.47,171.47,171.96,28484800
2024-03-12 00:00:00+00:00,173.5,176.76,171.98,175.39,36610600
2024-03-13 00:00:00+00:00,175.9,177.62,175.55,176.56,30772600
2024-03-14 00:00:00+00:00,177.69,179.53,176.47,178.75,43705800
2024-03-15 00:00:00+00:00,176.64,177.93,173.9,174.42,72147400
2024-03-18 00:00:00+00:00,175.8,176.69,174.28,174.48,31250700
2024-03-19 00:00:00+00:00,174.22,176.09,173.52,175.9,26880900
2024-03-20 00:00:00+00:00,176.14,178.53,174.64,178.15,29947200
2024-03-21 00:00:00+00:00,179.99,181.42,178.15,178.15,32824300
2024-03-22 00:00:00+00:00,177.75,179.26,176.75,178.87,27995400
2024-03-25 00:00:00+00:00,178.01,180.99,177.24,179.71,29815500
2024-03-26 00:00:00+00:00,180.15,180.45,177.95,178.3,29659000
2024-03-27 00:00:00+00:00,179.88,180.0,177.31,179.83,33272600
2024-03-28 00:00:00+00:00,180.17,181.7,179.26,180.38,38051600
2024-04-01 00:00:00+00:00,180.79,183.0,179.95,180.97,29174500
2024-04-02 00:00:00+00:00,179.07,180.79,178.38,180.69,32611500
2024-04-03 00:00:00+00:00,179.9,182.87,179.8,182.41,31046600
2024-04-04 00:00:00+00:00,184.0,185.1,180.0,180.0,41624300
2024-04-05 00:00:00+00:00,182.38,186.27,181.97,185.07,42374000
2024-04-08 00:00:00+00:00,186.9,187.29,184.81,185.19,39221300
2024-04-09 00:00:00+00:00,187.24,187.34,184.2,185.67,36520100
2024-04-10 00:00:00+00:00,182.77,186.27,182.67,185.95,35879200
2024-04-11 00:00:00+00:00,186.74,189.77,185.51,189.05,40020700
2024-04-12 00:00:00+00:00,187.72,188.38,185.08,186.13,38608800
2024-04-15 00:00:00+00:00,187.43,188.69,183.0,183.62,48052400
2024-04-16 00:00:00+00:00,183.27,184.83,182.26,183.32,32891300
2024-04-17 00:00:00+00:00,184.31,184.57,179.82,181.28,31359700
2024-04-18 00:00:00+00:00,181.47,182.39,178.65,179.22,30723800
2024-04-19 00:00:00+00:00,178.74,179.0,173.44,174.63,56000700
2024-04-22 00:00:00+00:00,176.94,178.87,174.56,177.23,37924900
2024-04-23 00:00:00+00:00,178.08,179.93,175.98,179.54,37046500
2024-04-24 00:00:00+00:00,179.94,180.32,176.18,176.59,34185100
2024-04-25 00:00:00+00:00,169.68,173.92,166.32,173.67,49249400
2024-04-26 00:00:00+00:00,177.8,180.82,176.13,179.62,43919800
2024-04-29 00:00:00+00:00,182.75,183.53,179.39,180.96,54063900
2024-04-30 00:00:00+00:00,181.09,182.99,174.8,175.0,94639800
2024-05-01 00:00:00+00:00,181.64,185.15,176.56,179.0,94645100
2024-05-02 00:00:00+00:00,180.85,185.1,179.91,184.72,54303500
2024-05-03 00:00:00+00:00,186.99,187.87,185.42,186.21,39172000
2024-05-06 00:00:00+00:00,186.28,188.75,184.8,188.7,34725300
2024-05-07 00:00:00+00:00,188.92,189.94,187.31,188.76,34048900
2024-05-08 00:00:00+00:00,187.44,188.43,186.39,188.0,26136400
2024-05-09 00:00:00+00:00,188.88,191.7,187.44,189.5,43368400
2024-05-10 00:00:00+00:00,189.16,189.89,186.93,187.48,34141800
2024-05-13 00:00:00+00:00,188.0,188.31,185.36,186.57,24898600
2024-05-14 00:00:00+00:00,183.82,187.72,183.45,187.07,38698200
2024-05-15 00:00:00+00:00,185.97,186.72,182.73,185.99,75459900
2024-05-16 00:00:00+00:00,185.6,187.31,183.46,183.63,38834500
2024-05-17 00:00:00+00:00,183.76,185.3,183.35,184.7,33175700
2024-05-20 00:00:00+00:00,184.34,186.67,183.28,183.54,30511800
2024-05-21 00:00:00+00:00,182.3,183.26,180.75,183.15,50839100
2024-05-22 00:00:00+00:00,183.88,185.22,181.97,183.13,28148800
2024-05-23 00:00:00+00:00,183.66,184.76,180.08,181.05,33670200
2024-05-24 00:00:00+00:00,181.65,182.44,180.3,180.75,27471600
2024-05-28 00:00:00+00:00,179.93,182.24,179.49,182.15,29927000
2024-05-29 00:00:00+00:00,181.7,184.08,181.55,182.02,32009300
2024-05-30 00:00:00+00:00,181.31,181.34,178.36,179.32,29184700
2024-05-31 00:00:00+00:00,178.3,179.21,173.87,176.44,58903900
2024-06-03 00:00:00+00:00,177.7,178.7,175.92,178.34,30786600
2024-06-04 00:00:00+00:00,177.64,179.82,176.44,179.34,27198400
2024-06-05 00:00:00+00:00,180.1,181.5,178.75,181.28,32116400
2024-06-06 00:00:00+00:00,181.75,185.0,181.49,185.0,31371200
2024-06-07 00:00:00+00:00,184.9,186.29,183.36,184.3,28021500
2024-06-10 00:00:00+00:00,184.07,187.23,183.79,187.06,34445600
2024-06-11 00:00:00+00:00,187.06,187.77,184.54,187.23,27265100
2024-06-12 00:00:00+00:00,188.02,188.35,185.43,186.89,33984200
2024-06-13 00:00:00+00:00,186.09,187.67,182.67,183.83,39721500
2024-06-14 00:00:00+00:00,183.08,183.72,182.23,183.66,25456400
2024-06-17 00:00:00+00:00,182.52,185.0,181.22,184.06,35601900
2024-06-18 00:00:00+00:00,183.74,184.29,181.43,182.81,36659200
2024-06-20 00:00:00+00:00,182.91,186.51,182.72,186.1,44726800
2024-06-21 00:00:00+00:00,187.8,189.28,185.86,189.08,70792500
2024-06-24 00:00:00+00:00,189.33,191.0,185.33,185.57,50610400
2024-06-25 00:00:00+00:00,186.81,188.84,185.42,186.34,45366400
2024-06-26 00:00:00+00:00,186.92,194.8,186.26,193.61,65103900
2024-06-27 00:00:00+00:00,195.01,199.84,194.2,197.85,74397500
2024-06-28 00:00:00+00:00,197.73,198.85,192.5,193.25,76930200
2024-07-01 00:00:00+00:00,193.49,198.3,192.82,197.2,41192000
2024-07-02 00:00:00+00:00,197.28,200.43,195.93,200.0,45600000
2024-07-03 00:00:00+00:00,199.94,200.03,196.76,197.59,31597900
2024-07-05 00:00:00+00:00,198.65,200.55,198.17,200.0,39858900
2024-07-08 00:00:00+00:00,200.04,201.2,197.96,199.29,34767300
2024-07-09 00:00:00+00:00,199.4,200.57,199.05,199.34,32700100
2024-07-10 00:00:00+00:00,200.0,200.11,197.69,199.79,32883800
2024-07-11 00:00:00+00:00,200.09,200.27,192.86,195.05,44565000
2024-07-12 00:00:00+00:00,194.8,196.47,193.83,194.49,30598500
2024-07-15 00:00:00+00:00,194.56,196.19,190.83,192.72,40683200
2024-07-16 00:00:00+00:00,195.59,196.62,192.24,193.02,33994700
2024-07-17 00:00:00+00:00,191.35,191.58,185.99,187.93,48076100
2024-07-18 00:00:00+00:00,189.59,189.68,181.45,183.75,51043600
2024-07-19 00:00:00+00:00,181.14,184.93,180.11,183.13,43081800
2024-07-22 00:00:00+00:00,185.0,185.06,182.48,182.55,39931900
2024-07-23 00:00:00+00:00,184.1,189.39,183.56,186.41,47537700
2024-07-24 00:00:00+00:00,183.2,185.45,180.41,180.83,41532400
2024-07-25 00:00:00+00:00,182.91,183.9,176.8,179.85,44464200
2024-07-26 00:00:00+00:00,180.39,183.19,180.24,182.5,29506000
2024-07-29 00:00:00+00:00,183.84,184.75,182.38,183.2,33270100
2024-07-30 00:00:00+00:00,184.72,185.86,179.38,181.71,39508600
2024-07-31 00:00:00+00:00,185.05,187.94,184.46,186.98,41667300
2024-08-01 00:00:00+00:00,189.29,190.6,181.87,184.07,70435600
2024-08-02 00:00:00+00:00,166.75,168.77,160.55,167.9,141448400
2024-08-05 00:00:00+00:00,154.21,162.96,151.61,161.02,83149400
2024-08-06 00:00:00+00:00,161.71,165.08,158.54,161.93,59950800
2024-08-07 00:00:00+00:00,166.55,167.58,161.43,162.77,48408200
2024-08-08 00:00:00+00:00,165.17,166.69,162.55,165.8,44616200
2024-08-09 00:00:00+00:00,166.4,168.55,165.85,166.94,36401000
2024-08-12 00:00:00+00:00,168.14,168.55,166.11,166.8,30072800
2024-08-13 00:00:00+00:00,167.81,171.04,167.1,170.23,39237900
2024-08-14 00:00:00+00:00,172.11,172.28,168.86,170.1,28843800
2024-08-15 00:00:00+00:00,174.86,177.91,173.99,177.59,51698500
2024-08-16 00:00:00+00:00,177.04,178.34,176.26,177.06,31489200
2024-08-19 00:00:00+00:00,177.64,178.3,176.16,178.22,31129800
2024-08-20 00:00:00+00:00,177.92,179.01,177.43,178.88,26255200
2024-08-21 00:00:00+00:00,179.92,182.39,178.89,180.11,35599100
2024-08-22 00:00:00+00:00,181.38,181.47,175.68,176.13,32047500
2024-08-23 00:00:00+00:00,177.34,178.97,175.24,177.04,29150100
2024-08-26 00:00:00+00:00,176.7,177.47,174.3,175.5,22366200
2024-08-27 00:00:00+00:00,174.15,174.89,172.25,173.12,29842000
2024-08-28 00:00:00+00:00,173.69,173.69,168.92,170.8,29045000
2024-08-29 00:00:00+00:00,173.22,174.29,170.81,172.12,26407800
2024-08-30 00:00:00+00:00,172.78,178.9,172.6,178.5,43429400
2024-09-03 00:00:00+00:00,177.55,178.26,175.26,176.25,37817500
2024-09-04 00:00:00+00:00,174.48,175.98,172.54,173.33,30309200
2024-09-05 00:00:00+00:00,175.0,179.88,175.0,177.89,40170500
2024-09-06 00:00:00+00:00,177.24,178.38,171.16,171.39,41466500
2024-09-09 00:00:00+00:00,174.53,175.85,173.51,175.4,29037400
2024-09-10 00:00:00+00:00,177.49,180.5,176.79,179.55,36233800
2024-09-11 00:00:00+00:00,180.1,184.99,175.73,184.52,42564700
2024-09-12 00:00:00+00:00,184.8,187.41,183.54,187.0,33544200
2024-09-13 00:00:00+00:00,187.0,188.5,185.91,186.49,26495400
2024-09-16 00:00:00+00:00,185.29,185.81,183.36,184.89,26065500
2024-09-17 00:00:00+00:00,186.85,189.45,186.14,186.88,26091700
2024-09-18 00:00:00+00:00,186.45,188.8,185.06,186.43,34448100
2024-09-19 00:00:00+00:00,190.04,190.99,188.47,189.87,39543200
2024-09-20 00:00:00+00:00,190.23,191.84,187.41,191.6,100378600
2024-09-23 00:00:00+00:00,191.64,194.45,190.57,193.88,36993100
2024-09-24 00:00:00+00:00,194.27,195.37,190.13,193.96,43478900
2024-09-25 00:00:00+00:00,193.75,193.95,192.16,192.53,26391100
2024-09-26 00:00:00+00:00,194.31,194.53,189.54,191.16,36334900
2024-09-27 00:00:00+00:00,190.68,190.9,187.34,187.97,36002300
2024-09-30 00:00:00+00:00,187.14,188.49,184.65,186.33,41583900
2024-10-01 00:00:00+00:00,184.9,186.19,183.45,185.13,36044900
2024-10-02 00:00:00+00:00,184.44,186.6,184.04,184.76,23704100
2024-10-03 00:00:00+00:00,183.05,183.44,180.88,181.96,30204300
2024-10-04 00:00:00+00:00,185.75,187.6,183.6,186.51,40890300
2024-10-07 00:00:00+00:00,182.95,183.6,180.25,180.8,42364200
2024-10-08 00:00:00+00:00,181.92,183.09,180.92,182.72,26372100
2024-10-09 00:00:00+00:00,182.82,185.85,182.05,185.17,26343100
2024-10-10 00:00:00+00:00,187.13,188.13,185.83,186.65,27785000
2024-10-11 00:00:00+00:00,186.63,189.93,186.3,188.82,25751600
2024-10-14 00:00:00+00:00,189.78,189.83,187.36,187.54,22614400
2024-10-15 00:00:00+00:00,187.63,188.41,184.58,187.69,32178900
2024-10-16 00:00:00+00:00,187.05,187.78,185.61,186.89,23456800
2024-10-17 00:00:00+00:00,188.22,188.94,186.0,187.53,25039400
2024-10-18 00:00:00+00:00,187.15,190.74,186.28,188.99,37417700
2024-10-21 00:00:00+00:00,188.05,189.46,186.4,189.07,24639400
2024-10-22 00:00:00+00:00,188.35,191.52,186.98,189.7,29650600
2024-10-23 00:00:00+00:00,188.85,189.16,183.69,184.71,31937100
2024-10-24 00:00:00+00:00,185.25,187.11,183.86,186.38,21647400
2024-10-25 00:00:00+00:00,187.85,190.45,187.53,187.83,29362100
2024-10-28 00:00:00+00:00,189.57,190.21,188.21,188.39,27930800
2024-10-29 00:00:00+00:00,188.58,191.46,187.82,190.83,35690200
2024-10-30 00:00:00+00:00,194.7,195.61,192.42,192.73,37707600
2024-10-31 00:00:00+00:00,190.51,190.6,185.23,186.4,75146800
2024-11-01 00:00:00+00:00,199.0,200.5,197.02,197.93,99687800
2024-11-04 00:00:00+00:00,196.45,197.33,194.31,195.78,38492100
2024-11-05 00:00:00+00:00,196.04,199.82,195.99,199.5,30564800
2024-11-06 00:00:00+00:00,200.01,207.55,199.14,207.09,72292200
2024-11-07 00:00:00+00:00,207.44,212.25,207.19,210.05,52878400
2024-11-08 00:00:00+00:00,209.72,209.96,207.44,208.18,36075800
2024-11-11 00:00:00+00:00,208.5,209.65,205.59,206.84,35456000
2024-11-12 00:00:00+00:00,208.37,209.54,206.01,208.91,38942900
2024-11-13 00:00:00+00:00,209.4,215.09,209.14,214.1,46212900
2024-11-14 00:00:00+00:00,214.16,215.9,210.88,211.48,42620300
2024-11-15 00:00:00+00:00,206.76,207.34,199.61,202.61,86591100
2024-11-18 00:00:00+00:00,204.15,204.67,200.95,201.7,36409900
2024-11-19 00:00:00+00:00,199.33,205.3,198.78,204.61,31197900
2024-11-20 00:00:00+00:00,202.98,203.13,199.45,202.88,32769000
2024-11-21 00:00:00+00:00,203.49,203.49,195.75,198.38,58800000
2024-11-22 00:00:00+00:00,198.25,199.26,196.75,197.12,31530800
2024-11-25 00:00:00+00:00,199.28,201.95,199.0,201.45,40685700
2024-11-26 00:00:00+00:00,201.9,208.0,201.79,207.86,41673700
2024-11-27 00:00:00+00:00,206.98,207.64,205.05,205.74,28061600
2024-11-29 00:00:00+00:00,205.83,208.2,204.59,207.89,24892400
2024-12-02 00:00:00+00:00,209.96,212.99,209.51,210.71,39523200
2024-12-03 00:00:00+00:00,210.31,214.02,209.65,213.44,32214800
2024-12-04 00:00:00+00:00,215.96,220.0,215.75,218.16,48745700
2024-12-05 00:00:00+00:00,218.03,222.15,217.3,220.55,41140200
2024-12-06 00:00:00+00:00,220.75,227.15,220.6,227.03,44178100
2024-12-09 00:00:00+00:00,227.21,230.08,225.67,226.09,46819400
2024-12-10 00:00:00+00:00,226.09,229.06,224.2,225.04,31199900
2024-12-11 00:00:00+00:00,226.41,231.2,226.26,230.26,35385800
2024-12-12 00:00:00+00:00,229.83,231.09,227.63,228.97,28204100
2024-12-13 00:00:00+00:00,228.4,230.2,225.86,227.46,28768100
2024-12-16 00:00:00+00:00,230.23,233.0,228.01,232.93,37552100
2024-12-17 00:00:00+00:00,232.39,232.73,227.85,231.15,35948100
2024-12-18 00:00:00+00:00,230.77,231.4,220.11,220.52,43281400
2024-12-19 00:00:00+00:00,224.91,226.09,222.92,223.29,39918700
2024-12-20 00:00:00+00:00,219.84,226.21,218.73,224.92,88279200
2024-12-23 00:00:00+00:00,225.01,226.88,223.9,225.06,28070000
2024-12-24 00:00:00+00:00,226.94,229.14,226.13,229.05,15007500
2024-12-26 00:00:00+00:00,228.5,228.5,226.67,227.05,16146700
2024-12-27 00:00:00+00:00,225.6,226.03,220.9,223.75,27367100
2024-12-30 00:00:00+00:00,220.06,223.0,218.43,221.3,28321200
2024-12-31 00:00:00+00:00,222.97,223.23,218.94,219.39,24819700
2025-01-02 00:00:00+00:00,222.03,225.15,218.19,220.22,33956600
2025-01-03 00:00:00+00:00,222.51,225.36,221.62,224.19,27515600
2025-01-06 00:00:00+00:00,226.78,228.84,224.84,227.61,31849800
2025-01-07 00:00:00+00:00,227.9,228.38,221.46,222.11,28084200
2025-01-08 00:00:00+00:00,223.19,223.52,220.2,222.13,25033300
2025-01-10 00:00:00+00:00,221.46,221.71,216.5,218.94,36811500
2025-01-13 00:00:00+00:00,218.06,219.4,216.47,218.46,27262700
2025-01-14 00:00:00+00:00,220.44,221.82,216.2,217.76,24711700
2025-01-15 00:00:00+00:00,222.83,223.57,220.75,223.35,31291300
2025-01-16 00:00:00+00:00,224.42,224.65,220.31,220.66,24757300
2025-01-17 00:00:00+00:00,225.84,226.51,223.08,225.94,42370100
2025-01-21 00:00:00+00:00,228.9,231.78,226.94,230.71,39951500
2025-01-22 00:00:00+00:00,232.02,235.44,231.19,235.01,41448200
2025-01-23 00:00:00+00:00,234.1,235.52,231.51,235.42,26404400
2025-01-24 00:00:00+00:00,234.5,236.4,232.93,234.85,25890700
2025-01-27 00:00:00+00:00,226.21,235.61,225.86,235.42,49428300
2025-01-28 00:00:00+00:00,234.29,241.77,233.98,238.15,41587200
2025-01-29 00:00:00+00:00,239.02,240.39,236.15,237.07,26091700
2025-01-30 00:00:00+00:00,237.14,237.95,232.22,234.64,32020700
2025-01-31 00:00:00+00:00,236.5,240.29,236.41,237.68,36110200
2025-02-03 00:00:00+00:00,234.06,239.25,232.9,237.42,37285900
2025-02-04 00:00:00+00:00,239.01,242.52,238.03,242.06,29713800
2025-02-05 00:00:00+00:00,237.02,238.32,235.2,236.17,38727300
2025-02-06 00:00:00+00:00,238.01,239.66,236.01,238.83,60897100
2025-02-07 00:00:00+00:00,232.5,234.81,228.06,229.15,77539300
2025-02-10 00:00:00+00:00,230.55,233.92,229.2,233.14,35419900
2025-02-11 00:00:00+00:00,231.92,233.44,230.13,232.76,23713700
2025-02-12 00:00:00+00:00,230.46,231.18,228.16,228.93,32285200
2025-02-13 00:00:00+00:00,228.85,230.42,227.52,230.37,31346500
2025-02-14 00:00:00+00:00,229.2,229.89,227.23,228.68,27031100
2025-02-18 00:00:00+00:00,228.82,229.3,223.72,226.65,42975100
2025-02-19 00:00:00+00:00,225.52,226.83,223.71,226.63,28566700
2025-02-20 00:00:00+00:00,224.78,225.13,221.81,222.88,30001700
2025-02-21 00:00:00+00:00,223.28,223.31,214.74,216.58,55323900
2025-02-24 00:00:00+00:00,217.45,217.72,212.42,212.71,42387600
2025-02-25 00:00:00+00:00,211.63,213.34,204.16,212.8,58958000
2025-02-26 00:00:00+00:00,214.94,218.16,213.09,214.35,39120600
2025-02-27 00:00:00+00:00,218.35,219.97,208.37,208.74,40548600
2025-02-28 00:00:00+00:00,208.65,212.62,206.99,212.28,51771700
2025-03-03 00:00:00+00:00,213.35,214.01,202.55,205.02,42948400
2025-03-04 00:00:00+00:00,200.11,206.8,197.43,203.8,60853100
2025-03-05 00:00:00+00:00,204.8,209.98,203.26,208.36,38610100
2025-03-06 00:00:00+00:00,204.4,205.77,198.3,200.7,49863800
2025-03-07 00:00:00+00:00,199.49,202.27,192.53,199.25,59802800
2025-03-10 00:00:00+00:00,195.6,196.73,190.85,194.54,62350900
2025-03-11 00:00:00+00:00,193.9,200.18,193.4,196.59,54002900
2025-03-12 00:00:00+00:00,200.72,201.52,195.29,198.89,43679300
2025-03-13 00:00:00+00:00,198.17,198.88,191.82,193.89,41270800
2025-03-14 00:00:00+00:00,197.41,198.65,195.32,197.95,38096700
2025-03-17 00:00:00+00:00,198.77,199.0,194.32,195.74,47341800
2025-03-18 00:00:00+00:00,192.52,194.0,189.38,192.82,40414900
2025-03-19 00:00:00+00:00,193.38,195.97,191.96,195.54,39442900
2025-03-20 00:00:00+00:00,193.07,199.32,192.3,194.95,38921100
2025-03-21 00:00:00+00:00,192.9,196.99,192.52,196.21,60056900
2025-03-24 00:00:00+00:00,200.0,203.64,199.95,203.26,41625400
2025-03-25 00:00:00+00:00,203.6,206.21,203.22,205.71,31171200
2025-03-26 00:00:00+00:00,205.84,206.01,199.93,201.13,32855300
2025-03-27 00:00:00+00:00,200.89,203.79,199.28,201.36,27317700
2025-03-28 00:00:00+00:00,198.42,199.26,191.88,192.72,52548200
2025-03-31 00:00:00+00:00,188.19,191.33,184.4,190.26,63547600
2025-04-01 00:00:00+00:00,187.86,193.93,187.2,192.17,41267300
2025-04-02 00:00:00+00:00,187.66,198.34,187.66,196.01,53679200
2025-04-03 00:00:00+00:00,183.0,184.13,176.92,178.41,95553600
2025-04-04 00:00:00+00:00,167.15,178.14,166.0,171.0,123159400
2025-04-07 00:00:00+00:00,162.0,183.41,161.38,175.26,109327100
2025-04-08 00:00:00+00:00,185.23,185.9,168.57,170.66,87710400
2025-04-09 00:00:00+00:00,172.12,192.65,169.93,191.1,116804300
2025-04-10 00:00:00+00:00,185.44,186.87,175.85,181.22,68302000
2025-04-11 00:00:00+00:00,179.93,185.86,178.0,184.87,50594300
2025-04-14 00:00:00+00:00,186.84,187.44,179.23,182.12,48002500
2025-04-15 00:00:00+00:00,181.41,182.35,177.93,179.59,43642000
2025-04-16 00:00:00+00:00,176.29,179.1,171.41,174.33,51875300
2025-04-17 00:00:00+00:00,176.0,176.21,172.0,172.61,44726500
2025-04-21 00:00:00+00:00,169.6,169.6,165.29,167.32,48126100
2025-04-22 00:00:00+00:00,169.85,176.78,169.35,173.18,56607200
2025-04-23 00:00:00+00:00,183.45,187.38,180.19,180.6,63470100
2025-04-24 00:00:00+00:00,180.92,186.74,180.18,186.54,43763200
2025-04-25 00:00:00+00:00,187.62,189.94,185.49,188.99,36414300
2025-04-28 00:00:00+00:00,190.11,190.22,184.89,187.7,33224700
2025-04-29 00:00:00+00:00,183.99,188.02,183.68,187.39,41667300
2025-04-30 00:00:00+00:00,182.17,185.05,178.85,184.42,55176500
2025-05-01 00:00:00+00:00,190.63,191.81,187.5,190.2,74266000
2025-05-02 00:00:00+00:00,191.44,192.88,186.4,189.98,77903500
2025-05-05 00:00:00+00:00,186.51,188.18,185.53,186.35,35217500
2025-05-06 00:00:00+00:00,184.57,187.93,183.85,185.01,29314100
2025-05-07 00:00:00+00:00,185.56,190.99,185.01,188.71,43948600
2025-05-08 00:00:00+00:00,191.43,194.33,188.82,192.08,41043600
2025-05-09 00:00:00+00:00,193.38,194.69,191.16,193.06,29663100
2025-05-12 00:00:00+00:00,210.71,211.66,205.75,208.64,75205000
2025-05-13 00:00:00+00:00,211.08,214.84,210.1,211.37,56193700
2025-05-14 00:00:00+00:00,211.45,211.93,208.85,210.25,38492100
2025-05-15 00:00:00+00:00,206.45,206.88,202.67,205.17,64347300
2025-05-16 00:00:00+00:00,206.85,206.85,204.37,205.59,43318500
2025-05-19 00:00:00+00:00,201.65,206.62,201.26,206.16,34314800
2025-05-20 00:00:00+00:00,204.63,205.59,202.65,204.07,29470400
2025-05-21 00:00:00+00:00,201.61,203.46,200.06,201.12,42460900
2025-05-22 00:00:00+00:00,201.38,205.76,200.16,203.1,38938900
2025-05-23 00:00:00+00:00,198.9,202.37,197.85,200.99,33393500
2025-05-27 00:00:00+00:00,203.09,206.69,202.19,206.02,34892000
2025-05-28 00:00:00+00:00,205.92,207.66,204.41,204.72,28549800
2025-05-29 00:00:00+00:00,208.03,208.81,204.23,205.7,34650000
2025-05-30 00:00:00+00:00,204.84,205.99,201.7,205.01,51679400
2025-06-02 00:00:00+00:00,204.98,207.0,202.68,206.65,29113300
2025-06-03 00:00:00+00:00,207.11,208.95,205.03,205.71,33139100
2025-06-04 00:00:00+00:00,206.55,208.18,205.18,207.23,29915600
2025-06-05 00:00:00+00:00,209.55,212.81,207.56,207.91,51864200
2025-06-06 00:00:00+00:00,212.4,213.87,210.5,213.57,39832500
2025-06-09 00:00:00+00:00,214.75,217.85,212.88,216.98,38102500
2025-06-10 00:00:00+00:00,216.78,217.69,214.15,217.61,31303300
2025-06-11 00:00:00+00:00,217.41,218.4,212.89,213.2,39326000
2025-06-12 00:00:00+00:00,211.78,213.58,211.33,213.24,27640000
2025-06-13 00:00:00+00:00,209.96,214.05,209.62,212.1,29337800
2025-06-16 00:00:00+00:00,212.31,217.06,211.6,216.1,33284200
2025-06-17 00:00:00+00:00,215.2,217.41,214.56,214.82,32086300
2025-06-18 00:00:00+00:00,215.09,217.96,212.34,212.52,44360500
2025-06-20 00:00:00+00:00,214.68,214.89,208.27,209.69,75350700
2025-06-23 00:00:00+00:00,209.79,210.39,207.31,208.47,37311700
2025-06-24 00:00:00+00:00,212.14,214.34,211.05,212.77,38378800
2025-06-25 00:00:00+00:00,214.62,216.03,211.11,211.99,31755700
2025-06-26 00:00:00+00:00,213.12,218.04,212.01,217.12,50480800
2025-06-27 00:00:00+00:00,219.92,223.3,216.74,223.3,119217100
2025-06-30 00:00:00+00:00,223.52,223.82,219.12,219.39,58887800
2025-07-01 00:00:00+00:00,219.5,221.88,217.93,220.46,39256800
2025-07-02 00:00:00+00:00,219.73,221.6,219.06,219.92,30894200
2025-07-03 00:00:00+00:00,221.82,224.01,221.36,223.41,29632400
2025-07-07 00:00:00+00:00,223.0,224.29,222.37,223.47,36604100
2025-07-08 00:00:00+00:00,223.92,224.0,218.43,219.36,45692000
2025-07-09 00:00:00+00:00,221.07,224.29,220.47,222.54,38155100
2025-07-10 00:00:00+00:00,221.55,222.79,219.7,222.26,30370600
2025-07-11 00:00:00+00:00,223.58,226.68,222.37,225.02,50518300
2025-07-14 00:00:00+00:00,225.07,226.66,224.24,225.69,35702600
2025-07-15 00:00:00+00:00,226.2,227.27,225.46,226.35,34907300
2025-07-16 00:00:00+00:00,225.88,226.1,222.18,223.19,39535900
2025-07-17 00:00:00+00:00,223.32,224.5,222.51,223.88,31855800
2025-07-18 00:00:00+00:00,225.14,226.4,222.98,226.13,37833800
2025-07-21 00:00:00+00:00,225.84,229.69,225.65,229.3,40297600
2025-07-22 00:00:00+00:00,229.68,230.0,226.35,227.47,37483700
2025-07-23 00:00:00+00:00,228.47,228.79,227.09,228.29,28294900
2025-07-24 00:00:00+00:00,229.17,236.0,228.64,232.23,42902300
2025-07-25 00:00:00+00:00,232.22,232.48,231.18,231.44,28712100
2025-07-28 00:00:00+00:00,233.35,234.29,232.25,232.79,26300100
2025-07-29 00:00:00+00:00,234.15,234.72,230.31,231.01,33716200
2025-07-30 00:00:00+00:00,231.64,231.8,229.29,230.19,32993300
2025-07-31 00:00:00+00:00,235.77,236.53,231.4,234.11,104357300
2025-08-01 00:00:00+00:00,217.21,220.44,212.8,214.75,122258800
2025-08-04 00:00:00+00:00,217.4,217.44,211.42,211.65,77890100
2025-08-05 00:00:00+00:00,213.05,216.3,212.87,213.75,51505100
2025-08-06 00:00:00+00:00,214.7,222.65,213.74,222.31,54823000
2025-08-07 00:00:00+00:00,221.0,226.22,220.82,223.13,40603500
2025-08-08 00:00:00+00:00,223.14,223.8,221.88,222.69,32970500
2025-08-11 00:00:00+00:00,221.78,223.05,220.4,221.3,31646200
2025-08-12 00:00:00+00:00,222.23,223.5,219.05,221.47,37185800
2025-08-13 00:00:00+00:00,222.0,224.92,222.0,224.56,36508300
2025-08-14 00:00:00+00:00,227.4,233.11,227.02,230.98,61545800
2025-08-15 00:00:00+00:00,232.58,234.08,229.81,231.03,39649200
2025-08-18 00:00:00+00:00,230.23,231.91,228.33,231.49,25248900
2025-08-19 00:00:00+00:00,230.09,230.53,227.12,228.01,29891000
2025-08-20 00:00:00+00:00,227.12,227.27,220.92,223.81,36604300
2025-08-21 00:00:00+00:00,222.65,222.78,220.5,221.95,32140500
2025-08-22 00:00:00+00:00,222.79,229.14,220.82,228.84,37315300
2025-08-25 00:00:00+00:00,227.35,229.6,227.31,227.94,22633700
2025-08-26 00:00:00+00:00,227.11,229.0,226.02,228.71,26105400
2025-08-27 00:00:00+00:00,228.57,229.87,227.81,229.12,21254500
2025-08-28 00:00:00+00:00,229.01,232.71,228.02,231.6,33679600
2025-08-29 00:00:00+00:00,231.32,231.81,228.16,229.0,26199200
2025-09-02 00:00:00+00:00,223.52,226.17,221.83,225.34,38843900
2025-09-03 00:00:00+00:00,225.21,227.17,224.36,225.99,29223100
2025-09-04 00:00:00+00:00,231.19,235.77,230.78,235.68,59391800
2025-09-05 00:00:00+00:00,235.19,236.0,231.93,232.33,36721800
2025-09-08 00:00:00+00:00,234.94,237.6,233.75,235.84,33947100
2025-09-09 00:00:00+00:00,236.36,238.85,235.08,238.24,27033800
2025-09-10 00:00:00+00:00,237.52,237.68,229.1,230.33,60907700
2025-09-11 00:00:00+00:00,231.49,231.53,229.34,229.95,37485600
2025-09-12 00:00:00+00:00,230.35,230.79,226.29,228.15,38496200
2025-09-15 00:00:00+00:00,230.63,233.73,230.32,231.43,33243300
2025-09-16 00:00:00+00:00,232.94,235.9,232.23,234.05,38203900
2025-09-17 00:00:00+00:00,233.77,234.3,228.71,231.62,42815200
2025-09-18 00:00:00+00:00,232.5,233.48,228.79,231.23,37931700
2025-09-19 00:00:00+00:00,232.37,234.16,229.7,231.48,97943200
2025-09-22 00:00:00+00:00,230.56,230.57,227.51,227.63,45914500
2025-09-23 00:00:00+00:00,227.83,227.86,220.07,220.71,70956200
2025-09-24 00:00:00+00:00,224.15,224.56,219.45,220.21,49509000
2025-09-25 00:00:00+00:00,220.06,220.67,216.47,218.15,52226300
2025-09-26 00:00:00+00:00,219.08,221.05,218.02,219.78,41650100
2025-09-29 00:00:00+00:00,220.08,222.6,219.3,222.17,44259200
2025-09-30 00:00:00+00:00,222.03,222.24,217.89,219.57,48396400
2025-10-01 00:00:00+00:00,217.36,222.15,216.61,220.63,43933800
2025-10-02 00:00:00+00:00,221.01,222.81,218.95,222.41,41258600
2025-10-03 00:00:00+00:00,223.44,224.2,219.34,219.51,43639000
2025-10-06 00:00:00+00:00,221.0,221.73,216.03,220.9,43690900
2025-10-07 00:00:00+00:00,220.88,222.89,220.17,221.78,31194700
2025-10-08 00:00:00+00:00,222.92,226.73,221.19,225.22,46686000
2025-10-09 00:00:00+00:00,225.0,228.21,221.75,227.74,46412100
2025-10-10 00:00:00+00:00,226.21,228.25,216.0,216.37,72367500
2025-10-13 00:00:00+00:00,217.7,220.68,217.04,220.07,37809700
2025-10-14 00:00:00+00:00,215.56,219.32,212.6,216.39,45665600
2025-10-15 00:00:00+00:00,216.62,217.71,212.66,215.57,45909500
2025-10-16 00:00:00+00:00,215.67,218.59,212.81,214.47,42414600
2025-10-17 00:00:00+00:00,214.56,214.8,211.03,213.04,45986900
2025-10-20 00:00:00+00:00,213.88,216.69,213.59,216.48,38882800
2025-10-21 00:00:00+00:00,218.43,223.32,217.99,222.03,50494600
2025-10-22 00:00:00+00:00,219.3,220.01,216.52,217.95,44308500
2025-10-23 00:00:00+00:00,219.0,221.3,218.18,221.09,31540000
2025-10-24 00:00:00+00:00,221.97,225.4,221.9,224.21,38685100
2025-10-27 00:00:00+00:00,227.66,228.4,225.54,226.97,38267000
2025-10-28 00:00:00+00:00,228.22,231.49,226.21,229.25,47100000
2025-10-29 00:00:00+00:00,231.67,232.82,227.76,230.3,52036200
2025-10-30 00:00:00+00:00,227.06,228.44,222.75,222.86,102252900
2025-10-31 00:00:00+00:00,250.1,250.5,243.98,244.22,166340800
2025-11-03 00:00:00+00:00,255.36,258.6,252.9,254.0,95997800
2025-11-04 00:00:00+00:00,250.38,257.01,248.66,249.32,51546300
2025-11-05 00:00:00+00:00,249.03,251.0,246.16,250.2,40610700
2025-11-06 00:00:00+00:00,249.16,250.38,242.17,243.04,46004200
2025-11-07 00:00:00+00:00,242.9,244.9,238.49,244.41,46374300
2025-11-10 00:00:00+00:00,248.34,251.75,245.59,248.4,36476500
2025-11-11 00:00:00+00:00,248.41,249.75,247.23,249.1,23564100
2025-11-12 00:00:00+00:00,250.24,250.37,243.75,244.2,31190100
2025-11-13 00:00:00+00:00,243.05,243.75,236.5,237.58,41401700
2025-11-14 00:00:00+00:00,235.06,238.73,232.89,234.69,38956700
2025-11-17 00:00:00+00:00,233.25,234.6,229.19,232.87,59919000
2025-11-18 00:00:00+00:00,228.1,230.2,222.42,222.55,60608400
2025-11-19 00:00:00+00:00,223.74,223.74,218.52,222.69,58335600
2025-11-20 00:00:00+00:00,227.05,227.41,216.74,217.14,50309000
2025-11-21 00:00:00+00:00,216.35,222.21,215.18,220.69,68490500
2025-11-24 00:00:00+00:00,222.56,227.33,222.27,226.28,54318400
2025-11-25 00:00:00+00:00,226.38,230.52,223.8,229.67,39379300
2025-11-26 00:00:00+00:00,230.74,231.75,228.77,229.16,38497900
2025-11-28 00:00:00+00:00,231.24,233.29,230.22,233.22,20292300
2025-12-01 00:00:00+00:00,233.22,235.8,232.25,233.88,42904000
2025-12-02 00:00:00+00:00,235.01,238.97,233.55,234.42,45785400
2025-12-03 00:00:00+00:00,233.35,233.38,230.61,232.38,35495100
2025-12-04 00:00:00+00:00,232.77,233.5,226.8,229.11,45683200
2025-12-05 00:00:00+00:00,230.32,231.24,228.55,229.53,33117400
2025-12-08 00:00:00+00:00,229.59,230.83,226.27,226.89,35019200
2025-12-09 00:00:00+00:00,226.84,228.57,225.11,227.92,25841700
2025-12-10 00:00:00+00:00,228.81,232.42,228.46,231.78,38790700
2025-12-11 00:00:00+00:00,230.71,232.11,228.69,230.28,28249600
2025-12-12 00:00:00+00:00,229.87,230.08,225.12,226.19,35639100
2025-12-15 00:00:00+00:00,227.93,227.93,221.5,222.54,47286100
2025-12-16 00:00:00+00:00,223.04,223.66,221.13,222.56,39298900
2025-12-17 00:00:00+00:00,224.66,225.19,220.99,221.27,44034400
2025-12-18 00:00:00+00:00,225.71,229.23,224.41,226.76,50272400
2025-12-19 00:00:00+00:00,226.76,229.13,225.58,227.35,85544400
2025-12-22 00:00:00+00:00,228.61,229.48,226.71,228.43,32261300
2025-12-23 00:00:00+00:00,229.06,232.45,228.73,232.14,29230200
2025-12-24 00:00:00+00:00,232.13,232.95,231.33,232.38,11420500
2025-12-26 00:00:00+00:00,232.04,232.99,231.18,232.52,15994700
2025-12-29 00:00:00+00:00,231.94,232.6,230.77,232.07,19797900
2025-12-30 00:00:00+00:00,231.21,232.77,230.2,232.53,21910500
2025-12-31 00:00:00+00:00,232.91,232.99,230.12,230.82,24383700
2026-01-02 00:00:00+00:00,231.34,235.46,224.7,226.5,51456200
2026-01-05 00:00:00+00:00,228.84,234.0,227.18,233.06,49733300
2026-01-06 00:00:00+00:00,232.1,243.18,232.07,240.93,53764700
2026-01-07 00:00:00+00:00,239.61,245.29,239.52,241.56,42236500
2026-01-08 00:00:00+00:00,243.06,246.41,241.88,246.29,39509800
2026-01-09 00:00:00+00:00,244.57,247.86,242.24,247.38,34560000
2026-01-12 00:00:00+00:00,246.73,248.94,245.96,246.47,35867800
2026-01-13 00:00:00+00:00,246.53,247.66,240.25,242.6,38371800
2026-01-14 00:00:00+00:00,241.15,241.28,236.22,236.65,41410600
2026-01-15 00:00:00+00:00,239.31,240.65,236.63,238.18,43003600
2026-01-16 00:00:00+00:00,239.09,239.57,236.41,239.12,45888300
2026-01-20 00:00:00+00:00,233.76,235.09,229.34,231.0,47737900
2026-01-21 00:00:00+00:00,231.09,232.3,226.88,231.31,47276100
2026-01-22 00:00:00+00:00,234.05,235.72,230.9,234.34,31913300
2026-01-23 00:00:00+00:00,234.96,240.45,234.57,239.16,33778500
2026-01-26 00:00:00+00:00,239.98,240.95,237.54,238.42,32825500
2026-01-27 00:00:00+00:00,239.69,244.88,238.08,244.68,38029200
2026-01-28 00:00:00+00:00,246.37,247.78,241.53,243.01,40882700
2026-01-29 00:00:00+00:00,242.82,243.0,236.74,241.73,47229600
2026-01-30 00:00:00+00:00,239.89,243.32,237.64,239.3,46585000
2026-02-02 00:00:00+00:00,238.31,245.63,238.17,242.96,37546100
2026-02-03 00:00:00+00:00,244.98,246.35,235.45,238.62,53831300
2026-02-04 00:00:00+00:00,238.86,238.86,231.82,232.99,51299900
2026-02-05 00:00:00+00:00,224.91,226.31,220.38,222.69,103509200
2026-02-06 00:00:00+00:00,202.7,211.44,200.31,210.32,179210900
2026-02-09 00:00:00+00:00,208.97,212.81,203.35,208.72,91178400
2026-02-10 00:00:00+00:00,208.8,212.65,206.41,206.96,67175000
2026-02-11 00:00:00+00:00,208.06,208.57,202.49,204.08,65545500
2026-02-12 00:00:00+00:00,203.96,203.96,197.56,199.6,83975400
2026-02-13 00:00:00+00:00,198.88,201.16,197.28,198.79,66321600
2026-02-17 00:00:00+00:00,198.13,201.74,196.0,201.15,69879200
2026-02-18 00:00:00+00:00,202.07,206.86,201.51,204.79,51003300
2026-02-19 00:00:00+00:00,203.8,205.64,202.81,204.86,35669600
2026-02-20 00:00:00+00:00,204.76,211.17,203.75,210.11,65881600
2026-02-23 00:00:00+00:00,208.1,208.43,203.11,205.27,53581500
2026-02-24 00:00:00+00:00,205.47,210.36,203.25,208.56,41137200
2026-02-25 00:00:00+00:00,210.46,211.59,208.93,210.64,41346400
2026-02-26 00:00:00+00:00,210.73,211.05,205.35,207.92,47756800
2026-02-27 00:00:00+00:00,206.83,210.33,205.2,210.0,57422800
2026-03-02 00:00:00+00:00,204.55,209.73,203.46,208.39,46001000
2026-03-03 00:00:00+00:00,203.1,209.18,202.48,208.73,43184900
2026-03-04 00:00:00+00:00,210.47,217.54,210.15,216.82,54731100
2026-03-05 00:00:00+00:00,215.98,220.47,215.59,218.94,60943400
2026-03-06 00:00:00+00:00,214.99,217.32,212.53,213.21,51152700
2026-03-09 00:00:00+00:00,210.45,213.82,207.11,213.49,54642900
2026-03-10 00:00:00+00:00,214.19,215.65,212.43,214.33,35678800
2026-03-11 00:00:00+00:00,215.71,217.0,211.35,212.65,34199300
2026-03-12 00:00:00+00:00,210.39,211.71,208.15,209.53,44349500
2026-03-13 00:00:00+00:00,209.61,210.56,206.22,207.67,35662100
2026-03-16 00:00:00+00:00,208.35,212.72,207.45,211.74,42209300
2026-03-17 00:00:00+00:00,212.82,215.7,212.43,215.2,44969900
2026-03-18 00:00:00+00:00,213.93,215.14,208.83,209.87,37846600
2026-03-19 00:00:00+00:00,207.06,209.12,206.05,208.76,36440600
2026-03-20 00:00:00+00:00,207.4,207.54,204.32,205.37,63694600
2026-03-23 00:00:00+00:00,209.79,212.8,209.51,210.14,44277400
2026-03-24 00:00:00+00:00,207.95,209.35,206.64,207.24,35351400
2026-03-25 00:00:00+00:00,211.56,213.07,209.9,211.71,36388800
2026-03-26 00:00:00+00:00,210.61,212.89,207.12,207.54,46746000
2026-03-27 00:00:00+00:00,206.46,206.6,199.14,199.34,56009800
2026-03-30 00:00:00+00:00,201.48,203.8,199.98,200.95,46373800
2026-03-31 00:00:00+00:00,204.85,210.28,204.14,208.27,58470100
2026-04-01 00:00:00+00:00,210.44,213.58,208.19,210.57,45955400
2026-04-02 00:00:00+00:00,206.54,212.21,204.9,209.77,31453000
2026-04-06 00:00:00+00:00,209.8,212.95,209.59,212.79,25385500
2026-04-07 00:00:00+00:00,211.24,213.97,209.08,213.77,28154600
2026-04-08 00:00:00+00:00,223.79,226.1,219.62,221.25,51092700
2026-04-09 00:00:00+00:00,225.23,233.8,223.27,233.65,65964200
2026-04-10 00:00:00+00:00,235.3,240.43,235.21,238.38,56912800
2026-04-13 00:00:00+00:00,237.45,240.0,235.75,239.89,42166200
2026-04-14 00:00:00+00:00,241.78,252.18,241.78,249.02,72685000
2026-04-15 00:00:00+00:00,249.25,250.44,247.2,248.5,43045200
2026-04-16 00:00:00+00:00,248.51,250.0,244.2,249.7,41895700
2026-04-17 00:00:00+00:00,254.99,256.18,250.11,250.56,52029300
2026-04-20 00:00:00+00:00,249.19,250.18,245.37,248.28,39463100
2026-04-21 00:00:00+00:00,255.09,255.09,249.1,249.91,42922400
2026-04-22 00:00:00+00:00,252.44,255.94,250.33,255.36,36065100
2026-04-23 00:00:00+00:00,255.39,258.79,253.07,255.08,39091400
2026-04-24 00:00:00+00:00,259.98,264.5,257.69,263.99,53777400
2026-04-27 00:00:00+00:00,263.46,264.15,260.34,261.12,44906800
2026-04-28 00:00:00+00:00,258.39,261.03,256.63,259.7,42204400
2026-04-29 00:00:00+00:00,257.99,265.91,257.7,263.04,72367900
2026-04-30 00:00:00+00:00,273.17,273.88,256.16,265.06,100974900
2026-05-01 00:00:00+00:00,265.58,273.32,262.74,268.26,50825200
2026-05-04 00:00:00+00:00,268.8,276.1,268.8,272.05,49083700
2026-05-05 00:00:00+00:00,276.08,278.56,272.38,273.55,41908500
2026-05-06 00:00:00+00:00,272.89,277.8,272.21,274.99,44552000
2026-05-07 00:00:00+00:00,275.02,276.63,270.49,271.17,35892900
2026-05-08 00:00:00+00:00,271.63,274.0,269.95,272.68,34732700
2026-05-11 00:00:00+00:00,269.84,273.63,268.48,268.99,38176700
2026-05-12 00:00:00+00:00,266.71,267.65,262.63,265.82,36776200
2026-05-13 00:00:00+00:00,264.43,270.72,263.2,270.13,39670900
2026-05-14 00:00:00+00:00,269.15,270.78,266.63,267.22,31338400
2026-05-15 00:00:00+00:00,262.5,264.36,260.89,264.14,40770300
2026-05-18 00:00:00+00:00,263.87,268.85,262.53,264.86,33690800
2026-05-19 00:00:00+00:00,262.04,262.25,255.19,259.34,40340700
2026-05-20 00:00:00+00:00,260.05,265.58,259.53,265.01,34933200
2026-05-21 00:00:00+00:00,263.5,269.49,261.37,268.46,36591700
2026-05-22 00:00:00+00:00,268.66,269.79,266.24,266.32,27535500
2026-05-26 00:00:00+00:00,267.94,269.3,262.07,265.29,38028100
2026-05-27 00:00:00+00:00,266.15,272.41,265.7,271.85,40061900
2026-05-28 00:00:00+00:00,272.27,274.5,267.44,274.0,40630400
2026-05-29 00:00:00+00:00,271.29,274.75,269.64,270.64,54749600
2026-06-01 00:00:00+00:00,266.29,266.63,260.7,261.26,53604400
2026-06-02 00:00:00+00:00,257.16,261.2,254.37,256.52,41811000
2026-06-03 00:00:00+00:00,254.7,257.09,247.71,250.02,51394200
2026-06-04 00:00:00+00:00,253.12,255.83,251.75,253.79,35609800
2026-06-05 00:00:00+00:00,254.26,256.38,245.78,246.03,55607800
2026-06-08 00:00:00+00:00,246.68,249.42,243.36,245.22,33899500
2026-06-09 00:00:00+00:00,247.73,250.43,240.4,244.19,44425400
2026-06-10 00:00:00+00:00,243.61,244.07,237.45,238.0,38590200
2026-06-11 00:00:00+00:00,237.93,242.14,235.18,241.51,41335400
2026-06-12 00:00:00+00:00,243.21,243.36,233.59,238.55,51186600
2026-06-15 00:00:00+00:00,245.02,247.81,244.73,246.02,41711600
2026-06-16 00:00:00+00:00,248.0,249.51,245.45,246.0,35187400
2026-06-17 00:00:00+00:00,244.9,245.91,236.0,237.5,44780800
2026-06-18 00:00:00+00:00,240.12,245.73,236.02,244.39,75624400
2026-06-22 00:00:00+00:00,240.08,242.0,232.24,232.79,68388500
2026-06-23 00:00:00+00:00,232.55,236.87,232.0,234.11,60492600
2026-06-24 00:00:00+00:00,233.85,242.42,232.95,234.27,70282600
2026-06-25 00:00:00+00:00,232.02,232.32,225.55,227.01,77674100
2026-06-26 00:00:00+00:00,227.21,233.9,226.13,232.69,248372100
2026-06-29 00:00:00+00:00,234.22,249.71,233.8,240.14,77619200
2026-06-30 00:00:00+00:00,237.35,241.54,237.17,238.34,66228300
2026-07-01 00:00:00+00:00,239.75,244.9,234.9,241.7,53829900
2026-07-02 00:00:00+00:00,241.61,246.72,241.08,242.67,48246400
2026-07-06 00:00:00+00:00,243.8,246.04,240.88,244.16,40044000
2026-07-07 00:00:00+00:00,246.98,248.93,242.7,245.98,40579600
2026-07-08 00:00:00+00:00,244.27,244.8,240.52,243.62,29653000
2026-07-09 00:00:00+00:00,239.82,247.5,238.25,247.04,38091700
2026-07-10 00:00:00+00:00,249.55,251.03,244.41,245.34,31654000
2026-07-13 00:00:00+00:00,244.68,249.65,244.18,247.31,34636100
2026-07-14 00:00:00+00:00,245.55,248.56,243.8,247.49,30108100
2026-07-15 00:00:00+00:00,249.75,256.48,249.75,254.96,45240600
2026-07-16 00:00:00+00:00,255.12,258.08,248.0,249.89,45343700
2026-07-17 00:00:00+00:00,244.46,250.24,243.59,247.23,43572400
2026-07-20 00:00:00+00:00,248.76,252.89,248.0,249.99,32406500
2026-07-21 00:00:00+00:00,249.11,249.34,246.42,247.55,27732100
2026-07-22 00:00:00+00:00,248.27,248.45,242.45,244.85,34112700
2026-07-23 00:00:00+00:00,236.26,238.35,232.05,233.66,47465300
2026-07-24 00:00:00+00:00,234.38,234.95,231.34,232.11,35017400
2026-07-27 00:00:00+00:00,235.67,235.89,230.99,231.39,34999500
2026-07-28 00:00:00+00:00,232.85,233.11,228.1,230.86,44521600
2026-07-29 00:00:00+00:00,229.32,232.82,226.16,226.65,44957500
2026-07-30 00:00:00+00:00,233.35,239.82,231.06,235.5,101839800
2026-07-31 00:00:00+00:00,265.0,273.23,262.01,271.58,129054800
2026-08-03 00:00:00+00:00,278.29,287.2,278.0,284.02,90830200
2026-08-04 00:00:00+00:00,276.06,281.07,275.82,277.42,69748100
2026-08-05 00:00:00+00:00,281.59,282.79,270.73,272.65,45119800
2026-08-06 00:00:00+00:00,272.77,275.48,271.06,272.26,30672900
2026-08-07 00:00:00+00:00,272.87,278.31,272.75,274.48,33861400
2026-08-10 00:00:00+00:00,274.01,280.14,273.6,278.09,35731900
2026-08-11 00:00:00+00:00,278.69,278.84,271.36,272.27,31895700
2026-08-12 00:00:00+00:00,273.18,273.46,267.1,267.28,29941100
2026-08-13 00:00:00+00:00,267.24,269.58,264.71,265.13,32170200
2026-08-14 00:00:00+00:00,264.88,265.81,262.42,262.65,27251700
2026-08-17 00:00:00+00:00,265.44,265.75,258.34,261.31,43896500
2026-08-18 00:00:00+00:00,260.63,262.18,257.73,259.45,33171300
2026-08-19 00:00:00+00:00,260.85,266.4,258.58,265.84,35762400
2026-08-20 00:00:00+00:00,263.16,263.84,259.52,260.11,28374100
2026-08-21 00:00:00+00:00,260.74,261.09,257.04,258.63,35723000
2026-08-24 00:00:00+00:00,259.6,263.32,259.05,262.07,28070500
2026-08-25 00:00:00+00:00,262.51,263.89,259.83,261.06,25550200
2026-08-26 00:00:00+00:00,261.28,262.05,258.24,260.28,21528400
2026-08-27 00:00:00+00:00,259.23,259.66,255.02,256.26,35927800
2026-08-28 00:00:00+00:00,258.32,267.56,257.78,266.43,49475500
