timestamp,open,high,low,close,volume
2021-08-31 00:00:00+00:00,143.8712474507567,143.89552255155283,143.01286173699748,143.42568969726562,22448000
2021-09-01 00:00:00+00:00,143.72555741436526,144.96853350536102,143.61008051608152,143.9391632080078,21936000
2021-09-02 00:00:00+00:00,143.93964934296417,144.24047911372418,141.92649470207718,142.02760314941406,32342000
2021-09-03 00:00:00+00:00,141.82293077721366,142.88798016222196,141.14889962263817,142.47613525390625,19850000
2021-09-07 00:00:00+00:00,142.57032618467832,143.29440501526614,142.35672035845968,143.0124053955078,20124000
2021-09-08 00:00:00+00:00,142.83348703566523,143.13083818572056,141.74314906987232,142.42807006835938,18344000
2021-09-09 00:00:00+00:00,142.5762555754694,143.04212585693128,141.91908838731538,142.27938842773438,15314000
2021-09-10 00:00:00+00:00,142.94497909491773,143.44654360921768,139.50102981067184,139.6378173828125,36840000
2021-09-13 00:00:00+00:00,140.7018527362788,141.6935625224341,140.00850740514775,141.0814971923828,22094000
2021-09-14 00:00:00+00:00,141.73866598781828,142.10294377890315,140.50411441226078,141.2916259765625,19674000
2021-09-15 00:00:00+00:00,141.51663270038054,143.18087624925593,140.10515271027106,143.16006469726562,27408000
2021-09-16 00:00:00+00:00,142.68528546421356,143.03171616692714,141.14990398479992,142.3477783203125,26190000
2021-09-17 00:00:00+00:00,141.7733332201377,142.18914069367366,139.235337690649,139.56243896484375,53384000
2021-09-20 00:00:00+00:00,136.9471499261735,137.77828102826925,135.1238250653687,137.500244140625,46518000
2021-09-21 00:00:00+00:00,138.5211988911411,138.78090469038185,137.06263570579478,137.81100463867188,25332000
2021-09-22 00:00:00+00:00,138.07960825207437,139.6486873190185,137.33371982330883,139.0504913330078,25056000
2021-09-23 00:00:00+00:00,139.74830050669846,140.45106842397635,139.16745257610253,139.97479248046875,20952000
2021-09-24 00:00:00+00:00,139.30326368063228,141.07952064576384,139.00837789075337,140.96502685546875,22984000
2021-09-27 00:00:00+00:00,139.5669415885207,140.69097726660868,138.83641973309338,139.83209228515625,21882000
2021-09-28 00:00:00+00:00,137.43633701546565,137.8739544208415,134.1702991315136,134.63616943359375,45772000
2021-09-29 00:00:00+00:00,135.77604845611555,135.94555070244238,132.68843655514806,133.17263793945312,30848000
2021-09-30 00:00:00+00:00,133.08143210735338,134.35116361737062,132.3821276786133,132.50106811523438,37996000
2021-10-01 00:00:00+00:00,133.2657785087536,135.7071427418452,132.89457365686306,135.34286499023438,35360000
2021-10-04 00:00:00+00:00,134.7654966784679,134.7654966784679,129.89816454860028,132.48472595214844,51202000
2021-10-05 00:00:00+00:00,132.86287924921712,136.01840082000018,132.86287924921712,134.82745361328125,32404000
2021-10-06 00:00:00+00:00,133.56565053252967,136.53928282638935,133.3674114045409,136.3559112548828,24364000
2021-10-07 00:00:00+00:00,137.67121613500888,138.81111735985235,137.4323370507256,138.0012969970703,25110000
2021-10-08 00:00:00+00:00,138.35019085435826,139.0975614312724,137.99385356549078,138.55686950683594,26526000
2021-10-11 00:00:00+00:00,138.0677377987258,139.47525527556462,137.63852974209917,137.69305419921875,17954000
2021-10-12 00:00:00+00:00,138.25406031342655,138.28083098740217,134.5667554031385,135.2497100830078,36332000
2021-10-13 00:00:00+00:00,136.19484551288934,136.78709762710315,135.3191115718021,136.37277221679688,19654000
2021-10-14 00:00:00+00:00,138.24810774301423,140.09522363408612,137.6048099997412,139.91036987304688,31894000
2021-10-15 00:00:00+00:00,140.3698121513104,140.47240282360914,139.51786944318084,140.12547302246094,30274000
2021-10-18 00:00:00+00:00,139.83656417789942,141.54094892572442,139.82962195106938,141.52310180664062,20396000
2021-10-19 00:00:00+00:00,142.12720199297283,142.39979397339894,141.34663274713077,141.97802734375,20164000
2021-10-20 00:00:00+00:00,142.0781590742051,142.28433864697428,140.1338971977449,140.52294921875,23288000
2021-10-21 00:00:00+00:00,140.52295525974566,140.90656241415812,139.26511158996246,140.63893127441406,26292000
2021-10-22 00:00:00+00:00,137.926969706927,139.34737337961698,134.86016945665278,136.35739135742188,50588000
2021-10-25 00:00:00+00:00,136.34104419991752,136.787086020702,134.23372308873442,136.23895263671875,34412000
2021-10-26 00:00:00+00:00,138.03948851571823,138.85177438830706,137.08891772648917,138.08409118652344,49236000
2021-10-27 00:00:00+00:00,138.17973449966777,147.34347311686153,138.17973449966777,144.93235778808594,85782000
2021-10-28 00:00:00+00:00,145.84128603540435,145.8645780331488,143.35581813063857,144.56707763671875,36206000
2021-10-29 00:00:00+00:00,143.80286589775253,146.93905794038585,143.37813478343114,146.74478149414062,43320000
2021-11-01 00:00:00+00:00,146.7448081412298,146.7448081412298,141.9666654231716,142.23577880859375,46924000
2021-11-02 00:00:00+00:00,143.3087514833836,145.3204089612238,143.0668927959046,144.1542510986328,33482000
2021-11-03 00:00:00+00:00,144.61813015361963,145.3798843880956,143.3201457071093,145.30950927734375,27494000
2021-11-04 00:00:00+00:00,145.83139615139723,148.41747395240975,145.02207467610023,146.96435546875,38412000
2021-11-05 00:00:00+00:00,147.85843086935037,149.00625782477803,146.89448975182302,147.54373168945312,38354000
2021-11-08 00:00:00+00:00,148.50815818871942,149.29122320690345,147.12591397324758,147.7211456298828,23052000
2021-11-09 00:00:00+00:00,147.92135382889896,148.5175685400609,145.9508203469495,147.609619140625,19530000
2021-11-10 00:00:00+00:00,146.20359249121142,146.76858990508995,143.2671365563009,144.6112060546875,29970000
2021-11-11 00:00:00+00:00,145.20195824365717,146.2387698135398,144.32076445094071,144.4853057861328,16518000
2021-11-12 00:00:00+00:00,145.32685883285086,147.5417315550425,144.1329471350042,147.37123107910156,22360000
2021-11-15 00:00:00+00:00,147.59177639922785,148.2350742445268,146.2779260424359,147.147216796875,23508000
2021-11-16 00:00:00+00:00,146.84737335766715,147.45497691847146,146.01772444610071,146.57627868652344,18904000
2021-11-17 00:00:00+00:00,146.72642872326313,147.2537504824228,145.9458594225756,146.74575805664062,19594000
2021-11-18 00:00:00+00:00,146.9385815884133,149.25702820435575,146.58472464481926,148.52154541015625,35608000
2021-11-19 00:00:00+00:00,148.65732984777023,149.63963221382073,147.59029904384553,147.6175537109375,33682000
2021-11-22 00:00:00+00:00,148.0199796793374,148.51260548030166,144.86297594328792,145.01611328125,30594000
2021-11-23 00:00:00+00:00,144.86841272271184,145.3709602825968,142.84833094604366,144.50067138671875,27218000
2021-11-24 00:00:00+00:00,144.1949064284518,144.9640870123925,143.1040844590682,144.83572387695312,18040000
2021-11-26 00:00:00+00:00,143.07976736967893,143.28693003446975,140.59579672453097,140.9333038330078,30470000
2021-11-29 00:00:00+00:00,142.73432320274722,145.01163011022243,142.62875298434784,144.25137329101562,32596000
2021-11-30 00:00:00+00:00,143.73397863340372,144.71676490782465,140.3569260142656,140.65032958984375,42068000
2021-12-01 00:00:00+00:00,142.73436975163543,144.66772709812903,139.6735130301296,139.81178283691406,34020000
2021-12-02 00:00:00+00:00,140.0085210717419,142.60004356233455,138.98211518195825,141.70944213867188,29194000
2021-12-03 00:00:00+00:00,142.4181454494306,143.13082014038355,139.06784841754663,140.75340270996094,41230000
2021-12-06 00:00:00+00:00,141.78326347810582,142.5881230149532,138.9181661975633,141.89675903320312,30618000
2021-12-07 00:00:00+00:00,144.31681320908484,146.23431960919498,143.95105317379645,145.97511291503906,32240000
2021-12-08 00:00:00+00:00,146.2992377347049,147.0887458286458,145.11921050310966,146.88404846191406,24270000
2021-12-09 00:00:00+00:00,146.29379822913546,147.78953800523445,145.8219839399429,146.34088134765625,23270000
2021-12-10 00:00:00+00:00,147.39303059375538,147.66808793780228,145.41457182465953,146.70066833496094,24458000
2021-12-13 00:00:00+00:00,146.48260348264037,146.66945372410888,144.23851000057718,144.5447998046875,27070000
2021-12-14 00:00:00+00:00,142.7026040621189,143.2100973344862,139.97379546422343,142.6421356201172,38446000
2021-12-15 00:00:00+00:00,142.14852130912658,145.43140739427682,140.432732932182,145.15386962890625,36370000
2021-12-16 00:00:00+00:00,145.87695382502804,146.37900221019268,142.34476801510507,143.1754150390625,33650000
2021-12-17 00:00:00+00:00,141.24755251079608,142.5703265958565,140.05810246195654,140.4793701171875,50416000
2021-12-20 00:00:00+00:00,138.7694954805613,140.52840440165772,138.0964625804988,140.36236572265625,27192000
2021-12-21 00:00:00+00:00,140.80496758946774,142.6045168135887,139.26760464551032,142.2115020751953,28756000
2021-12-22 00:00:00+00:00,141.81003144963466,145.2123570924687,141.81003144963466,145.1280975341797,26322000
2021-12-23 00:00:00+00:00,145.2123704862323,146.94054613463166,145.16478825775857,145.62521362304688,26384000
2021-12-27 00:00:00+00:00,145.96174149021903,147.04017635281392,145.87599969483807,146.6065216064453,15976000
2021-12-28 00:00:00+00:00,146.93310171719045,146.9955515001699,144.77078743444807,145.39772033691406,18200000
2021-12-29 00:00:00+00:00,145.35562205393356,146.1213391000838,144.36739075288057,145.36602783203125,17788000
2021-12-30 00:00:00+00:00,145.4046743627597,146.00535087821257,144.71132895620318,144.91551208496094,15688000
2021-12-31 00:00:00+00:00,144.76632590571236,145.40912459334086,143.578857421875,143.578857421875,18136000
2022-01-03 00:00:00+00:00,143.78005107792654,144.5690599445065,142.44985112763527,143.7171173095703,28646000
2022-01-04 00:00:00+00:00,144.1180880032146,145.19752108924183,142.45336015947626,143.13035583496094,28400000
2022-01-05 00:00:00+00:00,143.15062414151706,143.22942368535695,136.47780012085803,136.56402587890625,54618000
2022-01-06 00:00:00+00:00,135.79436399283284,138.71000766618633,135.3582289281207,136.53677368164062,37348000
2022-01-07 00:00:00+00:00,136.93128920152486,137.23163499485634,134.57320114440378,135.81271362304688,29760000
2022-01-10 00:00:00+00:00,133.8907438130021,137.59935899474792,131.99406445085538,137.45066833496094,44408000
2022-01-11 00:00:00+00:00,136.7940204323314,138.9836045313537,135.49107504085617,138.5078125,28730000
2022-01-12 00:00:00+00:00,139.9093868006954,141.35457977142335,139.45790011942026,140.1874237060547,26108000
2022-01-13 00:00:00+00:00,140.29594448293275,141.59444309970127,137.19246729901857,137.36891174316406,31436000
2022-01-14 00:00:00+00:00,135.8741504250452,139.5049643525977,135.79436777383097,138.25454711914062,29662000
2022-01-18 00:00:00+00:00,134.97813484766374,135.92622520287958,134.24811208025204,134.8026885986328,34872000
2022-01-19 00:00:00+00:00,135.32354033179294,136.74692336638395,133.82879908705206,133.9289093017578,28648000
2022-01-20 00:00:00+00:00,135.05246087078947,136.41637384209355,131.79583090485298,132.1358184814453,29908000
2022-01-21 00:00:00+00:00,131.4281249429967,133.68014407192317,128.94315552881451,129.20582580566406,55652000
2022-01-24 00:00:00+00:00,124.87075517822278,130.04983783070446,123.40574871292904,129.6543426513672,76622000
2022-01-25 00:00:00+00:00,127.6084637559973,128.26166818247938,125.38864558275658,125.81932067871094,46960000
2022-01-26 00:00:00+00:00,129.96656245343323,131.8310265621683,126.02451243511304,128.09713745117188,49130000
2022-01-27 00:00:00+00:00,130.1499289030449,131.48657203766555,127.79926707176216,127.8711395263672,31950000
2022-01-28 00:00:00+00:00,128.51937364185733,132.18438456774498,127.35569637367117,132.17892456054688,34362000
2022-01-31 00:00:00+00:00,132.9828112703711,134.28229308420728,131.04747300112987,134.11427307128906,39986000
2022-02-01 00:00:00+00:00,136.38512440213515,136.5818812789118,133.1874810681943,136.43418884277344,68644000
2022-02-02 00:00:00+00:00,149.92063870301118,150.21452630254774,144.24348530384265,146.69920349121094,123200000
2022-02-03 00:00:00+00:00,144.4248414458833,148.3594496248234,141.41155275115443,141.8323211669922,71518000
2022-02-04 00:00:00+00:00,142.18371170014618,143.60163470292892,139.27995591119637,142.03353881835938,57998000
2022-02-07 00:00:00+00:00,142.98212679238782,142.98212679238782,137.67914411624972,137.97750854492188,54974000
2022-02-08 00:00:00+00:00,137.80457400105325,138.7695132466174,135.80976527306845,138.17379760742188,54284000
2022-02-09 00:00:00+00:00,139.72453341095786,141.2718179440444,138.95485380934457,140.34750366210938,40144000
2022-02-10 00:00:00+00:00,138.475614665895,140.24095165966446,136.744459438641,137.40162658691406,39330000
2022-02-11 00:00:00+00:00,137.38183758861442,137.93343459992383,132.22752877890463,133.10227966308594,39958000
2022-02-14 00:00:00+00:00,132.08527017678978,135.10202275464846,132.08527017678978,134.33482360839844,34302000
2022-02-15 00:00:00+00:00,136.36135685706915,136.8946378100411,134.62773623845976,135.40782165527344,26680000
2022-02-16 00:00:00+00:00,135.44549125984014,136.87233817056384,133.73812696337785,136.52740478515625,25022000
2022-02-17 00:00:00+00:00,135.04550824241358,135.90835577846806,131.3140998808297,131.3740692138672,38950000
2022-02-18 00:00:00+00:00,132.293916239701,132.89162828166567,129.05216896587058,129.25685119628906,45620000
2022-02-22 00:00:00+00:00,128.6968214918031,131.01873151195204,127.096509766716,128.67254638671875,44990000
2022-02-23 00:00:00+00:00,130.49140310139634,130.89036178652327,126.4066215437736,126.46659088134766,32786000
2022-02-24 00:00:00+00:00,123.85524617381692,131.8310242930199,123.85524617381692,131.5247344970703,54456000
2022-02-25 00:00:00+00:00,132.37818496175834,134.0825696110589,130.5935034058996,133.2777099609375,36406000
2022-02-28 00:00:00+00:00,131.88058572904305,134.5583337933557,131.427102602085,133.8699493408203,38864000
2022-03-01 00:00:00+00:00,133.69299913792386,135.0578951055112,132.04760096390638,132.8831787109375,26496000
2022-03-02 00:00:00+00:00,133.44469379425,134.07360790585835,131.9018713763087,133.38868713378906,23520000
2022-03-03 00:00:00+00:00,134.81456495195397,135.24029431326773,131.8562994539406,132.72262573242188,24604000
2022-03-04 00:00:00+00:00,131.75918412489344,132.67505894637247,129.19193655948962,130.7471466064453,30430000
2022-03-07 00:00:00+00:00,130.33232674161766,130.57714987008313,125.18496092413872,125.26773071289062,45112000
2022-03-08 00:00:00+00:00,125.1403534553541,130.09640705754634,124.56991120175218,125.98734283447266,40428000
2022-03-09 00:00:00+00:00,130.09637428773922,132.56003202673313,128.75873321649877,132.24729919433594,37026000
2022-03-10 00:00:00+00:00,130.1122619277312,132.10062719921083,129.76186860445603,131.26553344726562,27102000
2022-03-11 00:00:00+00:00,132.31521548383986,132.6195239239846,128.49212139674947,128.72901916503906,31526000
2022-03-14 00:00:00+00:00,129.1051815929941,129.26278069161833,124.17391033444304,124.84396362304688,38812000
2022-03-15 00:00:00+00:00,125.85998364963604,128.71319344700177,124.61551767245044,128.0624542236328,30920000
2022-03-16 00:00:00+00:00,129.58394480607387,132.16108344524727,127.6030057057171,132.1090545654297,35576000
2022-03-17 00:00:00+00:00,131.9787056808196,132.90202164574634,131.02317416057818,132.6626434326172,28264000
2022-03-18 00:00:00+00:00,132.25176776021434,135.04648957688957,131.09601592899304,134.9290313720703,44566000
2022-03-21 00:00:00+00:00,134.96670973028958,135.84542305630865,132.9139133143383,134.90525817871094,26832000
2022-03-22 00:00:00+00:00,134.905281506743,139.81028984562343,134.905281506743,138.638671875,35496000
2022-03-23 00:00:00+00:00,137.48339904374487,138.3616132811459,136.6235310367747,137.06015014648438,25154000
2022-03-24 00:00:00+00:00,137.97652160094876,140.37426649245424,136.53976827528788,140.3276824951172,26396000
2022-03-25 00:00:00+00:00,140.6686711405159,140.7866284917108,138.50932109177913,140.4278106689453,24126000
2022-03-28 00:00:00+00:00,139.66205900281545,140.7543779854555,138.58262624126357,140.21218872070312,35050000
2022-03-29 00:00:00+00:00,141.39372554579415,142.52964906026023,140.79006955797232,141.25296020507812,34318000
2022-03-30 00:00:00+00:00,141.20787975036384,141.46608819585558,140.3554379628545,140.6909637451172,19884000
2022-03-31 00:00:00+00:00,140.80446372092825,140.85898818058075,137.80259350469294,137.84521484375,37524000
2022-04-01 00:00:00+00:00,138.27387545627863,139.23633402944955,137.09185200361182,138.9186553955078,25942000
2022-04-04 00:00:00+00:00,139.12484935301754,142.4488747295106,139.07726712649293,141.71487426757812,25942000
2022-04-05 00:00:00+00:00,141.61327865957014,141.73370131663094,139.14863735319742,139.3553009033203,21418000
2022-04-06 00:00:00+00:00,137.53049665262756,138.13563495181108,134.3259104853093,135.3478546142578,32468000
2022-04-07 00:00:00+00:00,134.81456023404073,135.9589233791473,133.04772597265375,134.6941375732422,26234000
2022-04-08 00:00:00+00:00,134.39182259689332,134.4775643861143,131.79683653197742,132.1160125732422,25142000
2022-04-11 00:00:00+00:00,130.66485501072566,130.9314878851211,127.5375867080851,127.69122314453124,36884000
2022-04-12 00:00:00+00:00,130.4433348003117,130.4433348003117,125.67461550166296,126.59197998046876,32710000
2022-04-13 00:00:00+00:00,126.87495402475328,129.18843915155622,126.61822782302634,128.75230407714844,27928000
2022-04-14 00:00:00+00:00,129.33268319605867,129.33268319605867,125.48826307957772,125.61613464355467,31598000
2022-04-18 00:00:00+00:00,125.88375359295895,127.0855904661716,125.07294248805825,126.55430603027344,20808000
2022-04-19 00:00:00+00:00,126.56918205499946,129.18745998099084,125.88326290264445,128.86631774902344,26490000
2022-04-20 00:00:00+00:00,129.74154190423886,130.24408945160312,126.37935709417536,126.91460418701172,31696000
2022-04-21 00:00:00+00:00,128.11398446155997,128.95502227336507,123.43199758034922,123.71746826171876,36446000
2022-04-22 00:00:00+00:00,123.90133604882998,124.2998031690539,117.8797341417918,118.583984375,56884000
2022-04-25 00:00:00+00:00,118.05418408752932,122.19397402288332,117.46937340165849,121.99226379394533,46128000
2022-04-26 00:00:00+00:00,121.21962308439458,121.43322887611036,117.46937661496328,117.6071548461914,73054000
2022-04-27 00:00:00+00:00,113.46339722510037,116.2115281359682,111.74563485499026,113.2899398803711,91820000
2022-04-28 00:00:00+00:00,115.39179161420871,118.59785963790864,113.11200403723606,117.48076629638672,48884000
2022-04-29 00:00:00+00:00,115.7084801576087,116.88356150708636,112.8141467885434,113.10655212402344,42676000
2022-05-02 00:00:00+00:00,112.4082426232708,115.71938168066022,111.61031774703048,115.55831146240234,35534000
2022-05-03 00:00:00+00:00,115.40715683615127,117.4009822960436,115.01464126005,116.30271911621094,24968000
2022-05-04 00:00:00+00:00,116.00287299219872,121.77469077330238,114.10420454212864,121.18640899658205,49916000
2022-05-05 00:00:00+00:00,119.14750092797412,119.975161007688,113.9946902029956,115.48150634765624,45840000
2022-05-06 00:00:00+00:00,114.17213001207917,116.5381513856536,113.01340577630252,114.72918701171876,39710000
2022-05-09 00:00:00+00:00,112.2546054490114,114.0655507442834,111.01609125808116,111.52210235595705,40802000
2022-05-10 00:00:00+00:00,114.49228193195776,115.22825625829458,111.90819312090024,113.38955688476562,39900000
2022-05-11 00:00:00+00:00,112.24123109079024,115.34173644656327,112.24123109079024,112.60401153564452,37534000
2022-05-12 00:00:00+00:00,110.39857820468676,113.29043134538728,108.85922651182088,111.85218811035156,53836000
2022-05-13 00:00:00+00:00,113.52633818857002,116.83896736441086,112.60650078179894,115.03050231933594,35038000
2022-05-16 00:00:00+00:00,113.94512093552152,115.14894677053942,112.88849600182488,113.4391098022461,25990000
2022-05-17 00:00:00+00:00,115.8135500083754,115.87252867662438,113.8603722292567,115.44927978515624,23054000
2022-05-18 00:00:00+00:00,113.9892360282762,114.38572183997256,110.57500685562272,110.91598510742188,35126000
2022-05-19 00:00:00+00:00,110.45209689987172,112.01672181932308,109.03317553495752,109.41380310058594,34144000
2022-05-20 00:00:00+00:00,110.96702082393216,111.19748304933412,104.86661954709218,107.95076751708984,48962000
2022-05-23 00:00:00+00:00,108.62430893865206,111.16180602376645,107.7852448693059,110.5081024169922,37184000
2022-05-24 00:00:00+00:00,104.8423469431348,105.5228136697581,100.98901060230938,105.03860473632812,76780000
2022-05-25 00:00:00+00:00,104.0627448772428,105.56393689303482,102.94367020306228,104.8750457763672,40258000
2022-05-26 00:00:00+00:00,104.74817746889774,107.69454740943144,104.3001467738534,106.84508514404295,37948000
2022-05-27 00:00:00+00:00,108.5207160824911,111.33079733654694,108.17923875397253,111.32930755615234,37914000
2022-05-31 00:00:00+00:00,111.755545645054,114.71778157634024,111.09341756221777,112.76212310791016,50012000
2022-06-01 00:00:00+00:00,113.84550925646737,116.07226223773644,112.25461274183664,112.8909683227539,36606000
2022-06-02 00:00:00+00:00,112.9980255582533,116.86324988341372,111.95378769453288,116.58868408203124,37992000
2022-06-03 00:00:00+00:00,115.0423903074298,115.2991165371884,112.52075159132542,113.53426361083984,26136000
2022-06-06 00:00:00+00:00,115.6787463489471,118.29802241385896,115.14300011660193,115.79373168945312,33542000
2022-06-07 00:00:00+00:00,114.46550552636866,116.6565793612316,114.0407744070312,116.11983489990234,31590000
2022-06-08 00:00:00+00:00,115.73523910380932,117.52834484529312,115.57515955281724,116.1639404296875,26108000
2022-06-09 00:00:00+00:00,115.3050626696795,117.25923874880716,113.76720083398786,113.82617950439452,25798000
2022-06-10 00:00:00+00:00,111.45669849147993,112.28336793856523,109.3959688716571,110.18447875976562,41452000
2022-06-13 00:00:00+00:00,105.84792407779678,107.83529887701552,105.18629514776411,105.45738983154295,47252000
2022-06-14 00:00:00+00:00,105.59863233927445,106.97591545107888,104.87009189196922,105.7775421142578,33706000
2022-06-15 00:00:00+00:00,107.59096455911155,110.44416645951732,106.7231636370719,108.79975128173828,39698000
2022-06-16 00:00:00+00:00,106.27860230897124,107.69355345483342,104.213910255329,105.1015396118164,51684000
2022-06-17 00:00:00+00:00,105.1015528730424,107.74412127524248,104.12272916591732,106.20179748535156,51376000
2022-06-21 00:00:00+00:00,107.97208392269314,111.50079919576064,107.64548168742688,110.56360626220705,47416000
2022-06-22 00:00:00+00:00,109.58479714760662,112.35026855081978,109.4123229035937,110.5076141357422,30774000
2022-06-23 00:00:00+00:00,111.2450721279725,111.7515824129012,109.5292910357325,111.25547790527344,28362000
2022-06-24 00:00:00+00:00,112.00185482451673,117.0411696178319,111.95972504269348,116.93807983398438,41164000
2022-06-27 00:00:00+00:00,117.23347976134312,117.53728158186594,114.1671632858242,114.81542205810548,36420000
2022-06-28 00:00:00+00:00,114.78467596630205,116.27843425509606,110.86493491306922,111.02303314208984,35792000
2022-06-29 00:00:00+00:00,110.57154255312793,112.1659026711125,109.89801049848562,110.7197265625,24716000
2022-06-30 00:00:00+00:00,109.03316748819036,109.91336299699368,105.81173299422112,108.00527954101562,43170000
2022-07-01 00:00:00+00:00,106.9843506377648,108.28977655197616,105.7924202926031,107.7817840576172,35476000
2022-07-05 00:00:00+00:00,106.15917441051404,112.3805059188198,104.80220355673936,112.26750946044922,39342000
2022-07-06 00:00:00+00:00,112.3061605073974,114.57355354870796,110.49620571439615,113.56499481201172,37432000
2022-07-07 00:00:00+00:00,114.06852703009028,118.14190442135236,113.82419547258564,117.73897552490234,40936000
2022-07-08 00:00:00+00:00,116.21946167906192,118.633057461148,115.87402164356276,118.30447387695312,38238000
2022-07-11 00:00:00+00:00,116.9608884830124,116.9608884830124,114.31683045021929,114.6597900390625,31196000
2022-07-12 00:00:00+00:00,115.19355693473877,115.9458885771798,112.69075577017246,113.01834869384766,29960000
2022-07-13 00:00:00+00:00,110.71921287301892,113.1922860695284,110.22410668182415,110.37477111816406,43722000
2022-07-14 00:00:00+00:00,109.241827899975,110.11657102778943,107.42047675216378,109.39744567871094,37004000
2022-07-15 00:00:00+00:00,111.01609870201855,112.14607830712104,109.92526931854086,110.79505157470705,46770000
2022-07-18 00:00:00+00:00,111.6499722698316,112.68083230186652,107.4175059224068,108.07170104980467,43164600
2022-07-19 00:00:00+00:00,109.87568719441973,113.0178228012076,108.59702468629088,112.8096694946289,36530900
2022-07-20 00:00:00+00:00,112.17532331814633,114.38572670784276,111.49139301526064,112.89891052246094,35600400
2022-07-21 00:00:00+00:00,113.27555937905744,113.54319050720274,110.13342322528176,113.33502960205078,32676200
2022-07-22 00:00:00+00:00,110.02438896081073,111.35260768410927,105.56394075969678,106.9516372680664,48901200
2022-07-25 00:00:00+00:00,107.457162303939,108.90432910851514,105.36570699180156,106.56507110595705,34690900
2022-07-26 00:00:00+00:00,105.66306147231997,106.25778639316266,103.1552995551691,104.0969467163086,47991000
2022-07-27 00:00:00+00:00,108.29968052085547,112.90881167432435,107.06066717650027,112.06627655029295,59858500
2022-07-28 00:00:00+00:00,111.3823490591432,113.3350277853888,110.4803436924018,113.2160873413086,32816600
2022-07-29 00:00:00+00:00,112.0861097041236,115.68420188473884,112.06628125487264,115.2976303100586,37223400
2022-08-01 00:00:00+00:00,114.2865913451728,115.6941086578332,113.33502246319186,113.85045623779295,26034300
2022-08-02 00:00:00+00:00,112.99801481996504,115.327358349839,112.72047704617064,114.11808013916016,20236000
2022-08-03 00:00:00+00:00,114.6929805012981,117.57740704971904,114.4650062924766,117.04215240478516,28499000
2022-08-04 00:00:00+00:00,116.4474406255424,117.73601004530308,115.86262235872188,117.15119934082033,21602900
2022-08-05 00:00:00+00:00,115.20843882744884,117.07191247720034,114.98045700767706,116.43753814697266,19159500
2022-08-08 00:00:00+00:00,117.34943613172396,119.09396911037126,115.85270583222336,116.2690200805664,19138300
2022-08-09 00:00:00+00:00,116.1104160994298,116.28883432071105,114.6929845532338,115.60489654541016,19086500
2022-08-10 00:00:00+00:00,117.73600666493807,119.85719697468684,117.36926354294056,118.64791870117188,30930400
2022-08-11 00:00:00+00:00,120.2140198354458,120.42217315306054,117.51792580519208,117.79546356201172,24293700
2022-08-12 00:00:00+00:00,119.2030095573056,120.61052703857422,118.41003791477615,120.61052703857422,19096300
2022-08-15 00:00:00+00:00,120.06534908400889,121.22507134763688,119.54992284865892,121.00700378417967,19494800
2022-08-16 00:00:00+00:00,120.45192996370156,121.3539353982233,119.57966720477232,120.6303482055664,19041200
2022-08-17 00:00:00+00:00,119.06423449827228,120.2239492265823,118.33073312003822,118.4992446899414,22847000
2022-08-18 00:00:00+00:00,118.38029100928512,119.758073240122,117.67653233875488,119.11378479003906,17987700
2022-08-19 00:00:00+00:00,118.0135401713866,118.10275306426914,115.73376016351708,116.17980194091795,21809500
2022-08-22 00:00:00+00:00,114.18747756849332,114.61369850167412,112.84934454275668,113.23591613769533,21456600
2022-08-23 00:00:00+00:00,112.48259557937844,113.99914676758456,112.43303201855512,112.8592529296875,15870400
2022-08-24 00:00:00+00:00,112.5024176637424,113.77116618601146,111.8779576273456,112.69075012207033,17734600
2022-08-25 00:00:00+00:00,113.23591148601406,115.69411741968042,113.10705681377382,115.6247329711914,16956800
2022-08-26 00:00:00+00:00,113.71169359144874,114.10817938697578,109.2215102957735,109.37018585205078,37245700
2022-08-29 00:00:00+00:00,109.0232646475162,109.97482602837437,107.8437290366526,108.4582748413086,21191200
2022-08-30 00:00:00+00:00,109.2016908341797,109.5287922095858,106.8525261036081,107.98250579833984,27513300
2022-08-31 00:00:00+00:00,109.6774717880028,109.875710914492,107.17961644514644,107.26882934570312,28627000
2022-09-01 00:00:00+00:00,107.32830011371269,109.47922565257868,106.41638802751208,108.77546691894533,28360900
2022-09-02 00:00:00+00:00,109.61799985264688,109.76668298662088,106.31727360258344,106.90208435058594,24160700
2022-09-06 00:00:00+00:00,106.35690685927536,107.08048640627771,104.85026242093508,105.87120819091795,25068300
2022-09-07 00:00:00+00:00,106.11901365650074,109.01335460790509,105.96042387910644,108.48800659179688,23167000
2022-09-08 00:00:00+00:00,107.09040592922442,108.63669221562516,106.21814322757176,107.42741394042967,24238300
2022-09-09 00:00:00+00:00,108.11135259840358,110.0144753600422,108.0617890376196,109.6774673461914,23197700
2022-09-12 00:00:00+00:00,110.01447478728238,110.6389423756241,108.96379385270278,109.8856201171875,22966800
2022-09-13 00:00:00+00:00,106.85252347865308,107.34812886109148,103.17512488610276,103.40310668945312,38172900
2022-09-14 00:00:00+00:00,103.65090463743046,104.35466334080722,102.74890681508528,104.0771255493164,26395100
2022-09-15 00:00:00+00:00,103.1156519813828,104.3447511804454,101.45041763715636,102.00550079345705,34188300
2022-09-16 00:00:00+00:00,101.17288193424302,102.2235629195162,100.05281649828837,101.89646911621094,42797200
2022-09-19 00:00:00+00:00,100.85569511319773,102.4218099333564,100.65745598557626,102.16409301757812,23036800
2022-09-20 00:00:00+00:00,101.18279336472388,101.4702453845617,99.6364994799985,100.25105285644533,26517100
2022-09-21 00:00:00+00:00,100.7763951258115,101.9757592256914,98.39748781362076,98.40740203857422,31487300
2022-09-22 00:00:00+00:00,97.95144405755237,100.35017220971648,97.92170894561988,99.25984191894533,34298600
2022-09-23 00:00:00+00:00,98.75431586420588,98.78405853652902,96.61330475951236,97.87213897705078,31625400
2022-09-26 00:00:00+00:00,97.2377749724588,99.00212893213988,96.94041627902088,97.30715942382812,27072700
2022-09-27 00:00:00+00:00,98.5560726964488,99.12106244991988,96.01857591767867,96.64303588867188,30072800
2022-09-28 00:00:00+00:00,96.79173171420844,99.8149199788058,96.25647699916068,99.17063903808594,32466300
2022-09-29 00:00:00+00:00,97.77302184291314,97.77302184291314,95.11657689159186,96.5637435913086,31047200
2022-09-30 00:00:00+00:00,96.19700749257774,98.03074589010642,94.72009801207578,94.80931091308594,32941500
2022-10-03 00:00:00+00:00,95.90953710028576,98.41729863841614,95.6716411180339,97.77301025390624,27982000
2022-10-04 00:00:00+00:00,99.55720093087984,100.94488980250854,99.49772314899776,100.74665069580078,28850800
2022-10-05 00:00:00+00:00,98.95256988434666,101.03411092367423,97.93162403320214,100.53850555419922,22176900
2022-10-06 00:00:00+00:00,99.79509354103838,102.02531761520132,99.70588064565636,100.5285873413086,22324000
2022-10-07 00:00:00+00:00,98.97239021921096,99.64641382042797,97.4360181198174,97.81267547607422,27502800
2022-10-10 00:00:00+00:00,98.12986522026776,98.22898478378026,96.15735792571904,96.99988555908205,18225100
2022-10-11 00:00:00+00:00,96.57364645434794,98.37764939517147,95.46348788986556,96.32584381103516,26507100
2022-10-12 00:00:00+00:00,96.44481291724787,97.88206553818982,95.88972973231223,96.70252227783205,21876400
2022-10-13 00:00:00+00:00,94.31369376135358,98.90299629495368,93.55045733483536,98.18932342529295,34574500
2022-10-14 00:00:00+00:00,99.11115674778203,99.80500878199092,95.5229788184796,95.7113037109375,25410700
2022-10-17 00:00:00+00:00,97.99109458245891,100.04290051639435,97.96135947016587,99.09133911132812,28419200
2022-10-18 00:00:00+00:00,102.22356592791552,102.56058152852805,99.09134376768009,99.88430786132812,24060700
2022-10-19 00:00:00+00:00,99.13099079757087,100.13210822606936,98.05056713051532,98.75432586669922,23811100
2022-10-20 00:00:00+00:00,99.12107422362116,101.42068284311566,98.51643506587006,99.09133911132812,25323200
2022-10-21 00:00:00+00:00,96.98995739909644,100.41954522778374,96.86110274127708,100.24112701416016,32458700
2022-10-24 00:00:00+00:00,100.90526158454394,101.84690881139284,99.10125824677728,101.61892700195312,27176400
2022-10-25 00:00:00+00:00,101.99556913962124,103.89869161857824,101.817150934573,103.56168365478516,40611400
2022-10-26 00:00:00+00:00,95.58244279853432,97.44591608866746,93.85773839371232,94.09562683105467,88114100
2022-10-27 00:00:00+00:00,93.68924229737569,94.59124776308492,90.99315525046492,91.40946197509766,60710900
2022-10-28 00:00:00+00:00,91.45900853564996,95.70139671064248,91.32023964176592,95.44367980957033,43697300
2022-10-31 00:00:00+00:00,94.5813267571652,95.18596591202645,93.15398843755676,93.67932891845705,31675000
2022-11-01 00:00:00+00:00,94.61105231503412,95.18595629968785,89.57570802441086,89.6748275756836,47161400
2022-11-02 00:00:00+00:00,90.14069668694522,90.37858511956873,86.1163764057392,86.2055892944336,57038300
2022-11-03 00:00:00+00:00,85.56130698597873,85.75954610026633,82.60749578413358,82.69670867919922,61288000
2022-11-04 00:00:00+00:00,84.64939421866777,85.87849335362182,82.97424573696946,85.81902313232422,51124900
2022-11-07 00:00:00+00:00,86.51287043332725,88.11863452220038,86.08664952122535,87.71223449707031,34078900
2022-11-08 00:00:00+00:00,88.1186294555664,89.5261467821038,86.82013834461175,88.1186294555664,30429000
2022-11-09 00:00:00+00:00,87.67258615584599,88.6538902246859,86.51287141522182,86.55252075195312,31769100
2022-11-10 00:00:00+00:00,91.43918562996998,93.56037588946144,90.80481139698212,93.11433410644533,51620100
2022-11-11 00:00:00+00:00,93.85774604143894,96.07805594966968,93.09450954770053,95.56262969970705,33090500
2022-11-14 00:00:00+00:00,94.25421709955036,95.93927974232756,93.67932066979866,94.85885620117188,30179500
2022-11-15 00:00:00+00:00,97.39636509743826,99.25983848330505,95.85998549384487,97.57478332519533,41640800
2022-11-16 00:00:00+00:00,97.03953112343324,98.7642356609642,96.78181421845213,97.9811782836914,29105200
2022-11-17 00:00:00+00:00,96.11770115386273,98.40739541196346,95.93928292840438,97.4954833984375,26052600
2022-11-18 00:00:00+00:00,97.90187281922236,98.0307350439421,95.52297330311087,96.57365417480467,28342300
2022-11-21 00:00:00+00:00,96.43488349899744,97.5351279078346,94.5218466726924,94.75973510742188,21647400
2022-11-22 00:00:00+00:00,95.10666835170002,96.36551023797271,93.22337397827062,96.19700622558594,23438500
2022-11-23 00:00:00+00:00,96.23664311244816,97.89197072674976,96.23664311244816,97.5946044921875,18868100
2022-11-25 00:00:00+00:00,97.37655206874297,97.7730379223597,96.54393858225258,96.60340881347656,9701400
2022-11-28 00:00:00+00:00,96.18709181030358,96.72234652124172,94.7696601393946,95.20579528808594,26237500
2022-11-29 00:00:00+00:00,94.8886024571373,95.27517402033776,93.28283842068636,94.35334777832033,20061700
2022-11-30 00:00:00+00:00,93.98660272217356,100.15193477810236,93.59011691093076,100.10237121582033,43647500
2022-12-01 00:00:00+00:00,100.1321063282544,101.35129887441688,99.36887738054077,100.10237121582033,28687100
2022-12-02 00:00:00+00:00,98.17942293118249,99.8842989840562,98.03073981360708,99.55720520019533,21480700
2022-12-05 00:00:00+00:00,98.52634555474116,100.48893851504042,98.1298597604134,98.60564422607422,24405100
2022-12-06 00:00:00+00:00,98.42723321260276,98.90301015080604,95.57254133403084,96.12762451171876,24910700
2022-12-07 00:00:00+00:00,95.56263371133674,96.02849641963316,93.88748509454602,94.10555267333984,31045400
2022-12-08 00:00:00+00:00,94.54168033617457,94.73992702719156,92.62864325130391,92.88636016845705,32213300
2022-12-09 00:00:00+00:00,92.94582441131696,93.43152310128887,91.93479282039716,92.01409149169922,28225400
2022-12-12 00:00:00+00:00,91.89515083579238,92.73767848934548,90.80482048635082,92.48987579345705,29420000
2022-12-13 00:00:00+00:00,96.90076587228482,98.6552055874712,94.19475717404306,94.78948211669922,40593700
2022-12-14 00:00:00+00:00,94.3632525525602,96.018580115214,92.77731699649831,94.2343978881836,28733600
2022-12-15 00:00:00+00:00,92.31145406282408,92.816973660795,89.21888137485573,90.06140899658203,40107000
2022-12-16 00:00:00+00:00,89.96228779812273,90.52727761063562,88.73318105041864,89.46668243408203,58011800
2022-12-19 00:00:00+00:00,89.46667706453866,89.7640357277138,87.43469216899084,87.66267395019531,29493000
2022-12-20 00:00:00+00:00,87.33558147815765,88.39617669869548,86.6714720777627,88.23757934570312,23453800
2022-12-21 00:00:00+00:00,88.29705059692365,89.42703018514993,87.54372835066033,88.79265594482422,24745600
2022-12-22 00:00:00+00:00,87.38512556330872,87.76178284920121,85.56129422212078,86.98863983154297,27658300
2022-12-23 00:00:00+00:00,86.3443553089749,88.7629115743793,86.30470597779849,88.44572448730469,23003000
2022-12-27 00:00:00+00:00,88.01950543021509,88.15827431100223,86.24523752605165,86.62189483642578,20097300
2022-12-28 00:00:00+00:00,86.21551552084601,87.26619651001516,85.18465541951453,85.26394653320312,19523200
2022-12-29 00:00:00+00:00,85.85867467640674,88.06907033133078,85.84876045182291,87.6725845336914,23333500
2022-12-30 00:00:00+00:00,86.21550783549851,87.52390562395297,85.80910782884277,87.45452117919922,23986300
2023-01-03 00:00:00+00:00,88.80257078642089,90.24974519044537,87.74197554671677,88.33670806884766,28131200
2023-01-04 00:00:00+00:00,89.55587665525148,89.85324286170601,86.50294617668717,87.30583190917969,34854800
2023-01-05 00:00:00+00:00,86.70120949900179,86.80032906609173,85.14500885244108,85.44236755371094,27194400
2023-01-06 00:00:00+00:00,86.02718055238785,86.91927172588105,84.11414353236154,86.57234191894531,41381500
2023-01-09 00:00:00+00:00,87.58338400149272,89.2585326181373,87.08777861785474,87.24636840820312,29003900
2023-01-10 00:00:00+00:00,85.22430369329793,87.89065547093827,85.07562056818927,87.64285278320312,30467800
2023-01-11 00:00:00+00:00,88.3961696743914,90.7948977302534,88.22766567198052,90.7155990600586,26862000
2023-01-12 00:00:00+00:00,90.6759550515184,91.06252660626464,88.96115727194007,90.32902526855467,30258100
2023-01-13 00:00:00+00:00,90.05149141638756,91.37971769910212,89.33781849580512,91.31033325195312,26329200
2023-01-17 00:00:00+00:00,91.2508540286788,91.43918648040211,89.25852597951722,90.48762512207033,32602400
2023-01-18 00:00:00+00:00,91.33016162262862,91.9843643742161,89.84334543702602,90.31912994384766,29116700
2023-01-19 00:00:00+00:00,89.92263963407981,92.78723807060146,89.83342673497357,92.23216247558594,37000400
2023-01-20 00:00:00+00:00,94.26414410700896,97.436023155267,94.18484542927642,97.15847778320312,63191100
2023-01-23 00:00:00+00:00,97.08908644403112,99.1607207694037,96.64304464751608,98.91291809082033,40005100
2023-01-24 00:00:00+00:00,97.23777917234118,98.73450961634089,96.34568792882024,96.84129333496094,33078500
2023-01-25 00:00:00+00:00,94.73000940210903,95.31482766669704,92.9359203962401,94.38308715820312,42330000
2023-01-26 00:00:00+00:00,95.65184064234624,96.7124358785813,94.54168184198296,96.66287231445312,30114000
2023-01-27 00:00:00+00:00,96.45470583998284,99.4382520111048,96.45470583998284,98.4966049194336,33879800
2023-01-30 00:00:00+00:00,96.6232216001978,97.42609984090784,95.5527122376928,96.08796691894533,27226200
2023-01-31 00:00:00+00:00,96.01858885911189,98.01091703799966,95.96902529627194,97.97126770019533,29870700
2023-02-01 00:00:00+00:00,97.8424034404008,100.3006092071235,96.72233811590564,99.54728698730467,35531100
2023-02-02 00:00:00+00:00,104.87010131411388,106.9020788324088,104.68176884997912,106.79304504394533,69883800
2023-02-03 00:00:00+00:00,102.0253238017862,106.8624295868404,101.67840154834732,103.85906219482422,65309300
2023-02-06 00:00:00+00:00,101.49997723038128,103.44274929562648,100.98454343127976,101.9955825805664,31999600
2023-02-07 00:00:00+00:00,102.31276695764969,107.229170992123,102.21364740273904,106.69391632080078,49010200
2023-02-08 00:00:00+00:00,101.1530497614052,102.23346573895768,97.17829294122424,98.4966049194336,94743500
2023-02-09 00:00:00+00:00,99.12107385512309,99.15080896730558,92.80705872811016,94.17493438720705,119455000
2023-02-10 00:00:00+00:00,94.61105508342864,95.89963197469012,93.42160530867748,93.7387924194336,54980700
2023-02-13 00:00:00+00:00,93.90730468774592,94.36326072696572,93.01521349695156,93.77845001220705,50076100
2023-02-14 00:00:00+00:00,93.60002143562618,94.01632809123518,91.44909615264258,93.84782409667967,54726100
2023-02-15 00:00:00+00:00,93.6594961857254,96.26638514602948,93.32248818030943,96.08796691894533,50169000
2023-02-16 00:00:00+00:00,94.53177095740106,96.8214653459122,93.90730335156144,94.67053985595705,42462600
2023-02-17 00:00:00+00:00,94.01633442041258,94.72009311770113,92.39074945945416,93.5207290649414,34284100
2023-02-21 00:00:00+00:00,92.18259462414863,92.28171418116946,90.91384614467198,90.98323059082033,33629300
2023-02-22 00:00:00+00:00,90.89401552985218,91.30041553499176,89.81359952809775,90.8444595336914,30884000
2023-02-23 00:00:00+00:00,91.11209428334512,91.13192273411576,88.97108290274596,90.09114837646484,41206400
2023-02-24 00:00:00+00:00,88.65388384050988,89.09992561252551,87.8014420680175,88.34660339355469,36585100
2023-02-27 00:00:00+00:00,89.08010864257812,89.36756065406263,88.55476061737971,89.08010864257812,27502300
2023-02-28 00:00:00+00:00,88.54485304599933,90.42815487570596,88.534938821612,89.2684326171875,30142000
2023-03-01 00:00:00+00:00,89.18914616715412,90.22991291205538,88.88186569379845,89.56580352783203,31111200
2023-03-02 00:00:00+00:00,88.87195398014434,91.46892114468274,88.80256197209034,91.1913833618164,32204400
2023-03-03 00:00:00+00:00,91.667181799779,92.90619534963233,91.63743912221813,92.82689666748048,35160100
2023-03-06 00:00:00+00:00,93.19363964240016,95.12650531351063,93.17381875307316,94.29388427734376,32639300
2023-03-07 00:00:00+00:00,94.14519285358496,94.82912307414622,92.7079328433154,93.0350341796875,27835500
2023-03-08 00:00:00+00:00,93.2927685410707,95.11659288720293,93.17382051584258,93.42162322998048,34103300
2023-03-09 00:00:00+00:00,93.2233655789375,94.69035312052974,91.09226114790437,91.5085678100586,28813500
2023-03-10 00:00:00+00:00,91.35989288962612,91.97444627624094,89.60545319191515,89.83342742919922,35941000
2023-03-13 00:00:00+00:00,89.29816499049838,91.75637076191212,88.6340556613181,90.3092041015625,37335600
2023-03-14 00:00:00+00:00,91.74647024234908,93.53065272700933,91.62752978493064,93.14408111572266,36050200
2023-03-15 00:00:00+00:00,92.40066793697098,96.07805893634688,91.82576388320211,95.26526641845705,50622100
2023-03-16 00:00:00+00:00,95.35447189407668,100.30061902134946,94.66062738841612,99.43826293945312,65492000
2023-03-17 00:00:00+00:00,99.3787824324158,101.93610017608884,99.2201850976227,100.7268295288086,61028500
2023-03-20 00:00:00+00:00,99.24002247655834,100.85569326789228,98.99221979039643,100.33035278320312,32960400
2023-03-21 00:00:00+00:00,100.36009150328888,104.17625149489692,100.3303563898546,103.99783325195312,42110300
2023-03-22 00:00:00+00:00,103.35353990958237,105.65314851003184,102.4218069619865,102.46145629882812,43427400
2023-03-23 00:00:00+00:00,104.136589817013,105.36569648380548,103.5418649317822,104.67184448242188,40797800
2023-03-24 00:00:00+00:00,104.06721052991638,104.56281588589016,102.9273166987092,104.51325988769533,30393300
2023-03-27 00:00:00+00:00,103.70047479179102,103.8392436963596,101.03411536680986,101.55945587158205,31120900
2023-03-28 00:00:00+00:00,101.539631971041,101.54953863368904,98.86335840017524,100.14202117919922,32057900
2023-03-29 00:00:00+00:00,101.38103253800084,101.58918588440255,99.7653617660232,100.49885559082033,28779600
2023-03-30 00:00:00+00:00,100.0230785716146,100.27088125455408,98.903005604832,100.00325012207033,33086200
2023-03-31 00:00:00+00:00,100.40964837247186,102.9768804923042,100.1519314693277,102.81829071044922,36863400
2023-04-03 00:00:00+00:00,101.49005525349756,103.61124538527356,101.03409927363644,103.44274139404295,25035400
2023-04-04 00:00:00+00:00,103.4130042745517,104.65201753128024,103.12555229151026,103.79957580566406,24420100
2023-04-05 00:00:00+00:00,104.85027199347772,105.16745913119128,102.74891004200208,103.55178833007812,28290500
2023-04-06 00:00:00+00:00,104.33484938389788,108.2104796222192,103.4130230510244,107.46707153320312,48711500
2023-04-10 00:00:00+00:00,106.03972551827178,106.6443570965018,104.19607298512094,105.50447082519533,27067400
2023-04-11 00:00:00+00:00,105.6134990800635,105.79191730174914,103.75993241934816,104.42404174804688,26311800
2023-04-12 00:00:00+00:00,105.643234620716,105.8117386190125,103.4229172834998,103.72028350830078,24370300
2023-04-13 00:00:00+00:00,104.90972712126796,106.54522613694265,104.90972712126796,106.48575592041016,24843600
2023-04-14 00:00:00+00:00,105.95051585392284,107.98250090468606,105.90095229177238,107.91311645507812,26578000
2023-04-17 00:00:00+00:00,103.74012106946373,105.22693719940172,103.60134460665196,105.03860473632812,37571200
2023-04-18 00:00:00+00:00,105.55402729287576,105.60359085373452,103.15529916912894,103.5815200805664,26596400
2023-04-19 00:00:00+00:00,102.66961069827713,104.05730725261223,102.16409110128504,103.26433563232422,20905700
2023-04-20 00:00:00+00:00,102.99670263824548,105.31613193758432,102.9570533046238,104.36457061767578,27820800
2023-04-21 00:00:00+00:00,104.54299072815176,105.06833117404804,103.85905294490108,104.4835205078125,25800100
2023-04-24 00:00:00+00:00,104.56282024731928,105.69279990108514,103.77976284473804,105.03860473632812,23542800
2023-04-25 00:00:00+00:00,104.89984132217796,105.75228321957934,102.92732637507989,102.93724060058594,46664100
2023-04-26 00:00:00+00:00,103.99783368510997,105.4152654093067,101.7279600813354,102.79846954345705,53347600
2023-04-27 00:00:00+00:00,103.5319621820746,107.41751415837903,102.62996431134653,106.64436340332033,50089200
2023-04-28 00:00:00+00:00,106.09917915044228,106.40645200380662,104.16631402285192,106.39653778076172,36139800
2023-05-01 00:00:00+00:00,105.90094553226092,107.040839327923,105.8811246460686,106.25778198242188,26681700
2023-05-02 00:00:00+00:00,106.1983209195184,106.2577911455612,102.7984676878756,104.39431762695312,30997200
2023-05-03 00:00:00+00:00,104.60246094849104,106.545232957059,104.03747116825616,104.4835205078125,21795400
2023-05-04 00:00:00+00:00,104.5628157154331,104.67184949855658,103.05617876315748,103.76985168457033,23419500
2023-05-05 00:00:00+00:00,103.89871986133068,104.949400930923,103.19496107298689,104.64212799072266,26639300
2023-05-08 00:00:00+00:00,104.25554463966958,107.0111092526405,104.2357237525446,106.8227767944336,26511400
2023-05-09 00:00:00+00:00,107.43733132783537,109.18186434483572,106.24788146671654,106.4064712524414,36360100
2023-05-10 00:00:00+00:00,107.0210387605228,111.94735799056022,106.981389418273,110.76781463623048,63153400
2023-05-11 00:00:00+00:00,114.3857183198398,116.88356600068316,113.4044218269018,115.5454330444336,78900000
2023-05-12 00:00:00+00:00,115.65447372138092,116.99260675738344,115.08948388118702,116.47718048095705,41102300
2023-05-15 00:00:00+00:00,115.08947611768252,117.43864822230547,114.9903565591719,115.4859619140625,36266800
2023-05-16 00:00:00+00:00,115.46612669425036,119.68868618777016,115.40665647509871,118.45958709716795,45035600
2023-05-17 00:00:00+00:00,118.55871573573606,120.60060741468727,117.8450428018749,119.77790069580078,33323600
2023-05-18 00:00:00+00:00,119.8869385456927,122.2261965471798,119.76799809424152,121.75041961669922,35234200
2023-05-19 00:00:00+00:00,122.46409532929638,124.86282361046274,121.07639871989548,121.68103790283205,41353400
2023-05-22 00:00:00+00:00,121.85944960031794,125.3187729315334,121.66120291685972,123.9509048461914,35253000
2023-05-23 00:00:00+00:00,123.0687158906877,123.5345785360901,121.1358506178756,121.48277282714844,34046300
2023-05-24 00:00:00+00:00,120.05544702738894,120.83850441605266,118.80651938298396,119.8373794555664,34182600
2023-05-25 00:00:00+00:00,123.42554386381715,124.21851538982,120.88804708034714,122.39469146728516,42317000
2023-05-26 00:00:00+00:00,122.08742462698592,124.1590589991488,121.37375168657265,123.5147705078125,35635900
2023-05-30 00:00:00+00:00,124.53571707323404,124.5555455229917,120.92771057579569,122.5830307006836,35076700
2023-05-31 00:00:00+00:00,121.6711063217918,122.9695898430378,121.4233036612586,121.79005432128906,37325800
2023-06-01 00:00:00+00:00,121.7404925149484,123.32642805270004,121.54225340860587,122.63258361816406,30772700
2023-06-02 00:00:00+00:00,122.90021802977736,125.0412368667164,122.672243793569,123.5742416381836,26980100
2023-06-05 00:00:00+00:00,122.92003685811164,126.30997552224952,122.7515252974468,124.90245819091795,32305500
2023-06-06 00:00:00+00:00,124.90246303081489,127.16241466547471,124.25817456021956,126.19103240966795,26638300
2023-06-07 00:00:00+00:00,125.85400649761137,127.90580449987924,121.04663677557409,121.4232940673828,52539000
2023-06-08 00:00:00+00:00,121.15568017540772,122.1468908180321,120.1743761943269,121.06646728515624,29389200
2023-06-09 00:00:00+00:00,121.17550631108766,122.67223656375477,120.83849830791536,121.15568542480467,23778300
2023-06-12 00:00:00+00:00,121.71077130849028,122.95969899565966,120.59070586126715,122.55329895019533,28306400
2023-06-13 00:00:00+00:00,123.881524443717,124.05994268348792,122.0973420460076,122.74163055419922,22278300
2023-06-14 00:00:00+00:00,122.01804087999513,122.95969562270112,120.38254164252704,122.5830307006836,30592300
2023-06-15 00:00:00+00:00,122.05769678280674,124.357305526437,121.32420291141162,123.99055480957033,35246300
2023-06-16 00:00:00+00:00,124.82316689591109,125.00158512889624,122.19645696231628,122.44425964355467,45535600
2023-06-20 00:00:00+00:00,121.84953188431368,123.47511683040602,121.06647452234982,122.01803588867188,26097500
2023-06-21 00:00:00+00:00,121.3241939516776,121.58191085699325,119.04440626489465,119.4904556274414,30306300
2023-06-22 00:00:00+00:00,118.94528872348243,122.15680940156189,117.78557397338956,122.0676040649414,26952200
2023-06-23 00:00:00+00:00,120.31314813901793,121.71075881058304,119.99596102780514,121.26470947265624,34913600
2023-06-26 00:00:00+00:00,119.69861683495304,120.92771609419344,117.23049652880282,117.29988098144533,33969900
2023-06-27 00:00:00+00:00,116.0509569547925,118.03337846384323,115.07956708792896,117.28997039794922,39535900
2023-06-28 00:00:00+00:00,116.06085055437067,119.3318487010765,115.82296211751444,119.12369537353516,27091400
2023-06-29 00:00:00+00:00,118.19196103083988,119.00475349739703,117.26022812090297,118.05319213867188,24090900
2023-06-30 00:00:00+00:00,119.1137889438215,120.01579431786011,118.63801203897673,118.64791870117188,29532200
2023-07-03 00:00:00+00:00,118.19197339110744,119.1336281862522,117.77566667106696,118.84617614746094,14467900
2023-07-05 00:00:00+00:00,118.1919601816183,121.5323429187182,118.1820535196328,120.67990112304688,27584800
2023-07-06 00:00:00+00:00,118.747033163552,119.24263846463136,117.3593368080624,119.05430603027344,24745200
2023-07-07 00:00:00+00:00,119.04440879722722,119.98606354107628,118.35056430162292,118.42986297607422,21709500
2023-07-10 00:00:00+00:00,117.2602367523764,117.27014341516232,115.11921786589224,115.4264907836914,35315200
2023-07-11 00:00:00+00:00,115.26789264862504,116.67541002080333,114.33615217521869,116.11042022705078,23078800
2023-07-12 00:00:00+00:00,117.75584990408451,119.27240126755396,117.36927828446832,117.88470458984376,30404400
2023-07-13 00:00:00+00:00,119.86710994186647,123.73283317428395,119.3913254796749,123.44538116455078,44297900
2023-07-14 00:00:00+00:00,123.70308883585447,125.665681635446,122.40459777670011,124.31763458251952,33283100
2023-07-17 00:00:00+00:00,124.83308323552517,125.98288376353564,123.10837110000271,123.5544204711914,25716200
2023-07-18 00:00:00+00:00,123.50486226961478,123.58416094735736,121.87927718758245,122.67224884033205,26193600
2023-07-19 00:00:00+00:00,123.50485449122768,124.07975852514652,120.72946900607532,120.95744323730467,37224000
2023-07-20 00:00:00+00:00,120.35280221161848,122.9993329839657,117.18093097461104,118.15231323242188,37906800
2023-07-21 00:00:00+00:00,119.55984327813516,119.92658641540363,117.68645556733492,118.9651107788086,72937900
2023-07-24 00:00:00+00:00,120.59068472712814,121.91890329571264,119.9166612194226,120.46182250976562,29686100
2023-07-25 00:00:00+00:00,120.293336636899,122.06760477820552,119.95632105113091,121.1358642578125,52509600
2023-07-26 00:00:00+00:00,128.92679121548855,129.82878151515044,127.19217238007396,128.13381958007812,61682100
2023-07-27 00:00:00+00:00,130.5127174287312,132.0689255635858,127.6580256334022,128.26266479492188,44952100
2023-07-28 00:00:00+00:00,129.6305212614067,132.5645112968662,129.42237550489725,131.41470336914062,36591200
2023-07-31 00:00:00+00:00,131.56340397747385,132.35637563474472,130.62175675151056,131.55349731445312,28055500
2023-08-01 00:00:00+00:00,129.6305621890459,131.46430843075223,129.53143504772405,130.393798828125,23166800
2023-08-02 00:00:00+00:00,128.31223564543208,128.94660995546266,126.43884782950762,127.25164794921876,26273300
2023-08-03 00:00:00+00:00,126.845245092827,128.2527625895299,126.30007613731765,127.3210220336914,20089500
2023-08-04 00:00:00+00:00,128.1437081443391,130.35410359894246,126.78575443058828,126.98399353027344,26147200
2023-08-07 00:00:00+00:00,128.0247675508261,130.4532305494762,127.88599866875109,130.37393188476562,22746300
2023-08-08 00:00:00+00:00,129.47194349388803,130.35412045755103,128.4014340675314,130.24508666992188,23535200
2023-08-09 00:00:00+00:00,130.50280718461022,130.87945697389134,127.86618303626592,128.5203857421875,24912900
2023-08-10 00:00:00+00:00,130.16580349118593,130.889383106786,128.31222909619763,128.5501251220703,20857800
2023-08-11 00:00:00+00:00,127.52918100734196,128.78800779260496,127.04348228626604,128.4212646484375,19591100
2023-08-14 00:00:00+00:00,128.25273871650413,130.21533146634363,127.8265254190536,130.17568969726562,24695600
2023-08-15 00:00:00+00:00,129.9477334332242,130.26491300365356,128.14372263533488,128.6393280029297,19770700
2023-08-16 00:00:00+00:00,127.56880950927734,129.13492417430865,126.7461104050344,127.56880950927734,25216100
2023-08-17 00:00:00+00:00,128.6591509873898,130.82990482519432,128.15362385412445,128.77809143066406,33446300
2023-08-18 00:00:00+00:00,127.3804884330154,128.11398983517552,125.26921225140346,126.3397216796875,30504800
2023-08-21 00:00:00+00:00,126.0621637532883,127.59853563787662,125.44761046205096,127.24169921875,25248700
2023-08-22 00:00:00+00:00,127.38049057746434,129.13493787485558,127.19217323593708,127.94548797607422,22054900
2023-08-23 00:00:00+00:00,129.03581933612045,132.23744122531156,128.72854639699096,131.20657348632812,27819700
2023-08-24 00:00:00+00:00,132.77267495370916,133.07004119920114,128.43118221835817,128.6393280029297,28500700
2023-08-25 00:00:00+00:00,128.40144118659,129.61071958018746,126.13157509513832,128.73846435546875,26762900
2023-08-28 00:00:00+00:00,130.15585618309913,131.37504093670455,128.99614164313212,129.85848999023438,20543300
2023-08-29 00:00:00+00:00,131.0776996976363,135.36964355822954,131.0776996976363,133.38722229003906,43075600
2023-08-30 00:00:00+00:00,133.5953920373494,135.08220825541576,132.89164083061692,134.68572998046875,28315800
2023-08-31 00:00:00+00:00,134.8145624474285,136.78707719387538,134.59649488250773,134.97315979003906,30053800
2023-09-01 00:00:00+00:00,136.25181824627185,136.25181824627185,133.66475792752385,134.46763610839844,21543700
2023-09-05 00:00:00+00:00,134.24957408258942,135.22095629355618,133.39713231081367,134.57667541503906,19403100
2023-09-06 00:00:00+00:00,134.8244999600997,135.33001203337403,132.49514848342264,133.27821350097656,18684500
2023-09-07 00:00:00+00:00,132.41583170533318,134.38834641226532,131.78145747227418,134.07115173339844,18844300
2023-09-08 00:00:00+00:00,133.7242241562256,135.4588426865127,133.66475394084918,135.18130493164062,23558300
2023-09-11 00:00:00+00:00,135.33991830158746,136.27165888953823,134.59651018881954,135.71658325195312,20763400
2023-09-12 00:00:00+00:00,135.0623483209179,135.6669873803092,134.00176086408786,134.1504364013672,18405500
2023-09-13 00:00:00+00:00,133.90263613822427,135.69672490178635,132.97089575556973,135.50840759277344,20749500
2023-09-14 00:00:00+00:00,136.3905946148167,137.48091727999335,135.04254749494362,136.88619995117188,24751000
2023-09-15 00:00:00+00:00,136.76724102714817,137.30250324708538,135.28042505459356,136.1923370361328,38919600
2023-09-18 00:00:00+00:00,135.40929606761446,137.9368864099472,135.40929606761446,136.9952392578125,21861300
2023-09-19 00:00:00+00:00,136.21216019438876,137.19346414304988,135.41918868155213,136.8267059326172,20353700
2023-09-20 00:00:00+00:00,136.86638038785247,136.86638038785247,132.44557384571905,132.5645294189453,29927500
2023-09-21 00:00:00+00:00,130.28472870460357,131.06777845392287,128.92677497016894,129.29351806640625,31503900
2023-09-22 00:00:00+00:00,129.61070610554586,130.86954793351885,128.4609131845869,129.10519409179688,26397300
2023-09-25 00:00:00+00:00,128.6889081656132,130.01712709218657,127.82655955465064,129.95765686035156,20094600
2023-09-26 00:00:00+00:00,128.62940638402773,129.2142170198684,126.10181627825573,127.43995666503906,25718700
2023-09-27 00:00:00+00:00,127.43999803724336,129.749506221742,127.43999803724336,129.39266967773438,22746500
2023-09-28 00:00:00+00:00,128.69880291155567,132.12839883500152,128.64923934805705,131.1470947265625,22513100
2023-09-29 00:00:00+00:00,132.10856705829798,132.87180356786632,129.2142334940322,129.7098388671875,30859800
2023-10-02 00:00:00+00:00,130.05674778825096,133.238525303025,130.01709089494992,132.99072265625,22288000
2023-10-03 00:00:00+00:00,132.76275951955418,133.0799390690274,130.68121106331455,131.26602172851562,22989400
2023-10-04 00:00:00+00:00,131.6228823965777,134.37846248014134,131.3651730199134,134.05136108398438,26752300
2023-10-05 00:00:00+00:00,133.88284301757812,134.29914971685594,132.2770713207343,133.88284301757812,19832600
2023-10-06 00:00:00+00:00,132.832143768504,136.9456773507009,132.832143768504,136.3707733154297,27597600
2023-10-09 00:00:00+00:00,135.73641188198502,137.71883351864395,134.41809967864563,137.20339965820312,19278100
2023-10-10 00:00:00+00:00,137.2826774721206,138.49195569665042,136.1229628059091,136.84654235839844,27786600
2023-10-11 00:00:00+00:00,137.36199550625815,139.86975763903897,137.36199550625815,139.31468200683594,25884300
2023-10-12 00:00:00+00:00,139.8102859466206,139.97878996715525,137.04479935307614,137.74856567382812,24765500
2023-10-13 00:00:00+00:00,138.15494443848604,138.76949019803877,135.41919338050468,136.15269470214844,23420500
2023-10-16 00:00:00+00:00,136.9555770964501,138.4027513362433,136.7771664348634,137.87741088867188,28501900
2023-10-17 00:00:00+00:00,137.41152745778462,138.67035400381826,135.97426001796143,138.491943359375,23515800
2023-10-18 00:00:00+00:00,138.2243153813824,139.48315708044316,136.17251730070473,136.74742126464844,23375000
2023-10-19 00:00:00+00:00,137.28268416001447,138.4324922204464,136.17253299803895,136.53927612304688,26066000
2023-10-20 00:00:00+00:00,136.12297828131832,136.6582254478533,133.8927540255162,134.40818786621094,26335700
2023-10-23 00:00:00+00:00,133.8530881539799,136.4500705092504,132.77267210572043,135.30026245117188,26317900
2023-10-24 00:00:00+00:00,136.6185834917505,138.13513477372655,136.21218344241674,137.5899658203125,44814300
2023-10-25 00:00:00+00:00,127.03355628440552,127.18223182706237,123.97071154594828,124.50596618652344,84366200
2023-10-26 00:00:00+00:00,122.18655016094156,123.23723873561568,120.20412859059402,121.20525360107422,57061100
2023-10-27 00:00:00+00:00,121.79997301237394,122.22619393308013,119.15344215145646,121.0962142944336,44566500
2023-10-30 00:00:00+00:00,122.12706032585908,124.29781401681586,121.67110434536504,123.36607360839844,28940100
2023-10-31 00:00:00+00:00,123.96080022210504,124.26808066290327,121.61163584513152,122.98941802978516,26292300
2023-11-01 00:00:00+00:00,122.97951373794584,125.37824186558063,122.63259149838504,125.33859252929688,30082400
2023-11-02 00:00:00+00:00,127.29126433840776,127.8463398583906,125.8143626514039,126.36943817138672,27124600
2023-11-03 00:00:00+00:00,126.8947921921199,128.39151483515613,126.73619485751792,127.96530151367188,26393100
2023-11-06 00:00:00+00:00,127.91574427289191,129.19439942516289,127.53907936577993,129.10519409179688,19052700
2023-11-07 00:00:00+00:00,129.5611688137135,130.75061873492334,128.7384620443353,129.81887817382812,29757300
2023-11-08 00:00:00+00:00,129.81888007898115,131.04798691958564,129.63054760646278,130.6812286376953,26425800
2023-11-09 00:00:00+00:00,130.80015934584054,131.38496997848085,128.92677188940007,129.09527587890625,23747800
2023-11-10 00:00:00+00:00,128.95651664701234,131.63278248151076,128.27257885187583,131.42462158203125,26913300
2023-11-13 00:00:00+00:00,130.62172799705198,131.42460614060172,130.09638760374972,130.9290008544922,18324800
2023-11-14 00:00:00+00:00,133.01055394719708,134.50727652084166,132.14820555787506,132.445556640625,32395200
2023-11-15 00:00:00+00:00,133.68458551793623,133.84318286371249,132.3960236763613,133.43678283691406,23861500
2023-11-16 00:00:00+00:00,134.0017891113594,136.0139458049548,133.13944056401175,135.7264862060547,28013200
2023-11-17 00:00:00+00:00,134.80466539372887,134.86413562027792,132.4753140227168,134.1207275390625,37240600
2023-11-20 00:00:00+00:00,132.5149477380473,135.45884443455537,132.44555573609716,135.0524444580078,27815500
2023-11-21 00:00:00+00:00,135.09209741037324,135.97427431377318,134.76501119450535,135.76612854003906,22635300
2023-11-22 00:00:00+00:00,136.26174217835015,138.1946001040831,136.26174217835015,137.2727813720703,17813900
2023-11-24 00:00:00+00:00,136.8168358861295,136.91596302351493,134.79477235569422,135.48861694335938,12514300
2023-11-27 00:00:00+00:00,134.83439465228903,137.2033876965765,134.80465954030564,135.2110595703125,23436500
2023-11-28 00:00:00+00:00,134.88394378751974,136.0436584048626,134.22974114450358,135.9940948486328,18730000
2023-11-29 00:00:00+00:00,136.36086861217828,137.07452642949448,133.65485240517793,133.8035430908203,23967200
2023-11-30 00:00:00+00:00,133.86299783029165,134.3586031424181,130.12612954194947,131.36514282226562,38988300
2023-12-01 00:00:00+00:00,130.70103454589844,130.94883720390865,129.52149147382195,130.70103454589844,31442300
2023-12-04 00:00:00+00:00,128.73845875055255,128.88713431514626,126.7758581121976,128.13381958007812,36669900
2023-12-05 00:00:00+00:00,127.8166359971415,130.97860102647664,127.12279142754068,129.83871459960938,27384800
2023-12-06 00:00:00+00:00,130.28472982782802,130.68120803665548,128.73844363885704,128.87721252441406,23576200
2023-12-07 00:00:00+00:00,133.8530984180632,137.34216463354636,133.5160903794074,135.7264862060547,56767100
2023-12-08 00:00:00+00:00,133.0204781372603,135.20113873793494,132.85197412660608,133.8035430908203,32260100
2023-12-11 00:00:00+00:00,131.21649413911075,132.1680480633636,130.20545486049974,132.1184844970703,31138000
2023-12-12 00:00:00+00:00,130.6515040042986,131.8310473744394,130.10633499398003,131.3552703857422,29032800
2023-12-13 00:00:00+00:00,132.20767860500078,132.3266190406473,130.4135897855211,131.40480041503906,30104800
2023-12-14 00:00:00+00:00,132.2076647911836,132.54467274008545,128.5500955304784,130.7803192138672,38722400
2023-12-15 00:00:00+00:00,130.46317274869438,132.33656072935105,130.02703753632088,131.4345703125,50847100
2023-12-18 00:00:00+00:00,131.46427872099582,135.94454015229283,131.26602448315583,134.60641479492188,32258000
2023-12-19 00:00:00+00:00,135.63727655584978,136.26174417356714,134.883961824314,135.44894409179688,25476800
2023-12-20 00:00:00+00:00,137.74855205293554,140.45455302635412,136.85646847368653,137.12408447265625,49107200
2023-12-21 00:00:00+00:00,138.26398757269197,139.4534374013907,137.9566995474428,139.18580627441406,27488300
2023-12-22 00:00:00+00:00,139.53274123600997,140.74201955858857,139.4732710110759,140.2464141845703,26532200
2023-12-26 00:00:00+00:00,140.3455151877592,141.42593118854057,139.94903696948103,140.27613830566406,16780300
2023-12-27 00:00:00+00:00,140.3455086401583,140.8312072908629,138.66045360407793,139.13623046875,19628600
2023-12-28 00:00:00+00:00,139.5426512492503,139.8994877320987,138.5217053642322,138.9974822998047,16045700
2023-12-29 00:00:00+00:00,138.40276427098348,139.12634389616656,137.56022906895078,138.4622344970703,18733000
2024-01-02 00:00:00+00:00,137.3322465738531,138.2243301608941,135.28043314911363,136.95558166503906,23711200
2024-01-03 00:00:00+00:00,136.04366979922918,138.4027561263541,135.87516579367383,137.69898986816406,24212100
2024-01-04 00:00:00+00:00,137.20336411572862,137.93686537616287,135.15156611813595,135.1912078857422,27137700
2024-01-05 00:00:00+00:00,135.54805692417742,135.9544569222083,133.9621138280285,134.53701782226562,22513900
2024-01-08 00:00:00+00:00,135.09208465323874,137.78817866795262,135.06234954551326,137.6196746826172,21404000
2024-01-09 00:00:00+00:00,137.2826878289855,140.24641339378692,136.9357580192586,139.71115112304688,24759600
2024-01-10 00:00:00+00:00,139.7607161678604,141.74313767378752,139.67151083001588,141.0294647216797,21320200
2024-01-11 00:00:00+00:00,142.2288487056122,143.94363922184246,139.4038917651352,140.83123779296875,24008700
2024-01-12 00:00:00+00:00,141.4160381670257,141.9413786630196,140.57351809075055,141.39620971679688,18785500
2024-01-16 00:00:00+00:00,140.75191120368166,143.08126226290798,140.20674232549314,141.23760986328125,22670500
2024-01-17 00:00:00+00:00,140.1076373156861,140.5933208748065,137.67915902138483,140.22657775878906,20968600
2024-01-18 00:00:00+00:00,140.80146348400635,142.94248192977855,140.74199327018036,142.21888732910156,25746400
2024-01-19 00:00:00+00:00,143.4678445948608,145.16280645077472,143.11100813182492,145.0934295654297,34271900
2024-01-22 00:00:00+00:00,145.80709257030463,147.0857476531187,144.55815747232313,144.70684814453125,32200400
2024-01-23 00:00:00+00:00,144.60773333501743,145.88638852663772,144.22116175386006,145.74761962890625,21636100
2024-01-24 00:00:00+00:00,147.23443853833157,148.5329373289827,146.79831851190932,147.39303588867188,25233500
2024-01-25 00:00:00+00:00,148.7509891835985,151.7047926793007,148.22563362553456,150.53515625,29149100
2024-01-26 00:00:00+00:00,149.77193994469403,151.19927062056652,149.68271948865382,150.85235595703125,26115500
2024-01-29 00:00:00+00:00,150.72351394629885,152.42839775623318,150.0990462936262,152.1607666015625,27784300
2024-01-30 00:00:00+00:00,151.4570029311418,152.26978786685433,149.86115304703833,150.1287841796875,36331800
2024-01-31 00:00:00+00:00,142.35768815981584,142.73435309816574,138.6406477145511,138.86863708496094,71910000
2024-02-01 00:00:00+00:00,140.8708500003378,141.8025904131777,139.55253804649774,139.91929626464844,40466500
2024-02-02 00:00:00+00:00,138.03599811357188,141.3664667061821,135.30026199719302,141.1285858154297,62499600
2024-02-05 00:00:00+00:00,141.5647181011037,144.19142038150497,141.52506120365902,142.41714477539062,38505400
2024-02-06 00:00:00+00:00,143.37861935248668,144.08238559279584,141.93146022405054,142.83346557617188,29128200
2024-02-07 00:00:00+00:00,143.4876448849679,144.3400866289689,142.66493824979582,144.2607879638672,25208900
2024-02-08 00:00:00+00:00,144.54826480197747,145.0438701746272,143.82468519281807,144.6275634765625,22563800
2024-02-09 00:00:00+00:00,145.39075296784708,148.12650370455327,144.89514770391304,147.69036865234375,26829500
2024-02-12 00:00:00+00:00,147.1154837637095,148.0273957523625,146.07470954986746,146.23330688476562,21564100
2024-02-13 00:00:00+00:00,143.6462512860247,145.3808699923918,142.42706637302987,143.86431884765625,27837700
2024-02-14 00:00:00+00:00,144.796071759894,145.23220692064015,142.82355687367422,144.6573028564453,22704200
2024-02-15 00:00:00+00:00,141.88187978821253,142.25854464312405,139.22544273162563,141.51513671875,37590700
2024-02-16 00:00:00+00:00,141.7332189292563,141.9314580380152,138.90826247425002,139.28492736816406,31468900
2024-02-20 00:00:00+00:00,138.43249472896153,140.83122289008293,138.26399071915645,139.87965393066406,25144700
2024-02-21 00:00:00+00:00,140.20675080076072,141.43585751636738,139.44351432516038,141.29708862304688,23223300
2024-02-22 00:00:00+00:00,143.65616072853092,143.7255527379726,141.5448922041246,142.82354736328125,27191900
2024-02-23 00:00:00+00:00,142.40722734128093,143.40834461824574,142.1693313486327,142.69468688964844,19493800
2024-02-26 00:00:00+00:00,140.8907113971141,141.188077680813,136.18245980002686,136.3608856201172,53641800
2024-02-27 00:00:00+00:00,136.80692088729302,138.02610595453126,135.88508696473966,137.65936279296875,33099200
2024-02-28 00:00:00+00:00,136.6879341367538,136.7969679065016,134.21982945059332,135.18130493164062,37328600
2024-02-29 00:00:00+00:00,136.07342061463353,137.6395355304316,135.20115025022022,137.24305725097656,42133000
2024-03-01 00:00:00+00:00,137.21330186571015,137.64943703156058,135.7165790235201,135.9346466064453,31151100
2024-03-04 00:00:00+00:00,134.46765773338635,134.46765773338635,130.7506173169925,132.17796325683594,55999400
2024-03-05 00:00:00+00:00,130.72087171210643,132.06891886657937,129.5215001124862,131.50392150878906,40194800
2024-03-06 00:00:00+00:00,131.94997037211849,132.4059339725702,129.6999328564518,130.24508666992188,35318600
2024-03-07 00:00:00+00:00,131.62286181229678,133.75397388585452,130.45324044956945,133.1988983154297,37738200
2024-03-08 00:00:00+00:00,133.0304139048391,136.8763016912152,132.822252972934,134.21986389160156,39370400
2024-03-11 00:00:00+00:00,134.93350327450352,137.877399954622,134.93350327450352,136.4599609375,32437800
2024-03-12 00:00:00+00:00,135.82560336197784,138.15495459716567,135.82560336197784,137.28268432617188,27563400
2024-03-13 00:00:00+00:00,137.7782905156126,139.84991729704038,137.7683838532644,138.56134033203125,23347200
2024-03-14 00:00:00+00:00,139.9490235510771,142.32792288200474,139.22544406599317,141.8422393798828,42753400
2024-03-15 00:00:00+00:00,141.24752279739727,141.9215388042357,138.7992311922684,139.93911743164062,49475400
2024-03-18 00:00:00+00:00,147.30385304852197,150.81273299382585,145.87650692681254,146.38201904296875,69273700
2024-03-19 00:00:00+00:00,146.8577742962254,147.4822267241883,144.7960543185626,145.73770141601562,24070400
2024-03-20 00:00:00+00:00,146.6991920761811,147.55163393242162,145.4502719669023,147.4326934814453,21311500
2024-03-21 00:00:00+00:00,148.15627845947205,149.04836212342065,145.60885946127715,146.30271911621094,24755600
2024-03-22 00:00:00+00:00,147.8093478613808,150.24773305463123,147.6705789560528,149.44485473632812,29211800
2024-03-25 00:00:00+00:00,148.62214484045748,149.05827999793414,146.5207828540801,148.75100708007812,19229300
2024-03-26 00:00:00+00:00,148.8996613684721,150.92172438957977,148.66176537347607,149.345703125,22149100
2024-03-27 00:00:00+00:00,149.85123348293416,150.3071970814459,147.59127418957752,149.54396057128906,22879200
2024-03-28 00:00:00+00:00,149.52414052577765,150.09902942352818,148.85010938322958,149.60342407226562,24485400
2024-04-01 00:00:00+00:00,149.36553782442945,154.3711547175217,149.28623915611158,154.12335205078125,31730800
2024-04-02 00:00:00+00:00,152.15084190883346,153.34029171966787,150.81270141872292,153.20152282714844,24586000
2024-04-03 00:00:00+00:00,152.2499594372824,153.716946940742,151.3875959008957,153.558349609375,24705000
2024-04-04 00:00:00+00:00,152.1508521323684,153.40969403638587,149.1276562800474,149.2069549560547,34724700
2024-04-05 00:00:00+00:00,148.71136073150413,152.07156486544667,148.2851473312489,151.15965270996094,23459200
2024-04-08 00:00:00+00:00,151.43715468784103,153.90527453372857,151.26865070032358,153.4889678955078,20702000
2024-04-09 00:00:00+00:00,154.71809036518897,157.16638225469364,153.82600669377314,155.22361755371094,31079500
2024-04-10 00:00:00+00:00,154.8370311694787,155.23350940234246,153.3204648733208,154.76763916015625,22838600
2024-04-11 00:00:00+00:00,155.53089924835962,158.27654243330397,155.08485738751153,158.00892639160156,27166400
2024-04-12 00:00:00+00:00,156.57163251549102,158.81176301923506,155.75883256632315,156.34364318847656,25353700
2024-04-15 00:00:00+00:00,157.46372881803066,157.8403937153416,153.23125499058935,153.49888610839844,27136500
2024-04-16 00:00:00+00:00,152.83479243864417,154.28195170620987,152.0814625667883,153.04293823242188,20779500
2024-04-17 00:00:00+00:00,154.25220644098837,155.69938073798713,153.22135395349792,154.10353088378906,21763100
2024-04-18 00:00:00+00:00,153.97466932035476,155.5606125191913,153.26099639334586,154.63877868652344,19883000
2024-04-19 00:00:00+00:00,154.82711196963538,154.98570931530094,150.96139619825826,152.73565673828125,32615600
2024-04-22 00:00:00+00:00,152.95373142080075,156.2544650981797,152.70592872842704,154.9064178466797,26446200
2024-04-23 00:00:00+00:00,155.58042632459905,157.572754235579,154.90639523489975,156.86898803710938,21151600
2024-04-24 00:00:00+00:00,156.10578401898567,158.16750416167633,155.7885893241061,157.7313690185547,22779100
2024-04-25 00:00:00+00:00,149.99992338282905,155.11457444082362,149.5439597867095,154.62887573242188,57109700
2024-04-26 00:00:00+00:00,172.83740297886922,173.17442610783888,168.1588873174152,170.4386749267578,64665300
2024-04-29 00:00:00+00:00,167.57410930359592,168.05980808069648,163.75795648241507,164.68968200683594,45610000
2024-04-30 00:00:00+00:00,164.15440172797688,166.62252177219705,161.17086301864083,161.34927368164062,33562900
2024-05-01 00:00:00+00:00,162.85595026971654,165.6511570806619,161.65657845255657,162.41981506347656,33493200
2024-05-02 00:00:00+00:00,163.34161532186556,165.26456662605938,162.44953168316837,165.15553283691406,24294500
2024-05-03 00:00:00+00:00,166.08726012108556,166.4837534702782,161.61690537224646,165.77008056640625,34662400
2024-05-06 00:00:00+00:00,165.98815382038055,166.6621698501134,164.5707146259979,166.62252807617188,21871300
2024-05-07 00:00:00+00:00,167.01901294123516,170.2503545716541,166.90997915272567,169.74484252929688,28039700
2024-05-08 00:00:00+00:00,167.51461620426056,168.65450251317668,167.2569068549834,167.8912811279297,19569100
2024-05-09 00:00:00+00:00,167.90120434102943,169.1897814637854,166.70183256435388,168.46620178222656,15346700
2024-05-10 00:00:00+00:00,166.55313303769844,168.35714377508077,164.72930897604326,167.1676788330078,29799900
2024-05-13 00:00:00+00:00,162.81626817189104,167.7921502441081,162.5585588283877,167.65338134765625,31327600
2024-05-14 00:00:00+00:00,168.2778370057792,169.74482453915033,167.31636146118933,168.8428192138672,25127100
2024-05-15 00:00:00+00:00,169.13027815806552,171.13251278258656,169.01132259521063,170.99374389648438,26948400
2024-05-16 00:00:00+00:00,171.7668862401435,173.5808035378088,171.17216892717605,172.64906311035156,27867900
2024-05-17 00:00:00+00:00,172.64909207464802,174.7207341676862,172.16340845627886,174.5125732421875,24479300
2024-05-20 00:00:00+00:00,174.64144107055114,177.19876686370955,174.53240727269517,175.36502075195312,22554400
2024-05-21 00:00:00+00:00,175.34515724447746,176.58417055209722,174.26474127015484,176.2868194580078,16989400
2024-05-22 00:00:00+00:00,175.08746704167487,175.5929790815051,173.67004292281268,174.8297576904297,17880000
2024-05-23 00:00:00+00:00,175.5136937401354,176.68331515847908,171.42989518914035,172.02462768554688,21024900
2024-05-24 00:00:00+00:00,173.44204354526818,174.22510846580246,172.12373150315187,173.45196533203125,16579400
2024-05-28 00:00:00+00:00,172.9167057345963,175.7119272031069,172.83740706265183,174.8495635986328,20572200
2024-05-29 00:00:00+00:00,173.8881183214677,175.28572929944744,173.184367062833,174.35398864746094,23388700
2024-05-30 00:00:00+00:00,173.66011222409284,173.67994067307137,170.28008009531703,170.59727478027344,22931500
2024-05-31 00:00:00+00:00,170.34949712156035,171.53894711547682,167.95076868183696,170.98387145996094,37638900
2024-06-03 00:00:00+00:00,171.02348165926512,172.99599632951654,169.6556212249439,171.64794921875,27459100
2024-06-04 00:00:00+00:00,171.7570001617278,172.3219975576634,170.37921780326457,172.26251220703125,26879600
2024-06-05 00:00:00+00:00,173.6601252146541,175.09737781727256,172.40128329216327,173.8682861328125,22068500
2024-06-06 00:00:00+00:00,174.35395954744376,175.59297294708358,174.2052839893571,175.17666625976562,23251000
2024-06-07 00:00:00+00:00,175.4938524938292,176.3066373799981,172.7680231459644,172.92662048339844,19661400
2024-06-10 00:00:00+00:00,173.63118065101344,175.70518493273318,171.43808427850212,173.67086791992188,23726700
2024-06-11 00:00:00+00:00,174.8716214180017,175.48687252833415,172.440371072749,175.2685546875,21540600
2024-06-12 00:00:00+00:00,176.8860828234983,179.0295587655737,174.76245808700693,176.42959594726562,27864700
2024-06-13 00:00:00+00:00,174.76246052696914,175.38764480431132,173.5418763520932,173.81973266601562,20913300
2024-06-14 00:00:00+00:00,172.8869134698266,175.7051788680774,172.8174418240933,175.43724060058594,18063600
2024-06-17 00:00:00+00:00,174.1174408030097,176.99524483970762,173.47240531751984,175.88381958007812,19618500
2024-06-18 00:00:00+00:00,175.78457643329608,176.03266350713454,172.7678442779151,173.75025939941406,21869900
2024-06-20 00:00:00+00:00,174.02812743639052,175.93343447480137,173.65104535533175,174.95101928710938,20160100
2024-06-21 00:00:00+00:00,175.645657934706,179.466205138687,175.2586426839211,178.2555389404297,57759000
2024-06-24 00:00:00+00:00,178.7814884925371,179.50589857307529,177.3028839492694,177.8486785888672,18298000
2024-06-25 00:00:00+00:00,178.24561193946573,182.87987707702328,178.04714529101605,182.6218719482422,23130200
2024-06-26 00:00:00+00:00,181.23255669280255,183.0981610130584,181.08369537751665,182.47299194335935,19839000
2024-06-27 00:00:00+00:00,182.7707183328629,184.62642010992184,182.6119540991644,183.99131774902344,18848900
2024-06-28 00:00:00+00:00,182.9096345884708,183.7134342389305,180.5676921399298,180.7562255859375,29156600
2024-07-01 00:00:00+00:00,181.6295157623823,182.4730179096056,179.91275737108273,181.5898284912109,16006100
2024-07-02 00:00:00+00:00,180.65699287814883,184.15006278268615,180.1707368089104,183.8225860595703,17372500
2024-07-03 00:00:00+00:00,183.43559898745036,184.666101253454,182.59209683114491,184.39817810058597,10242100
2024-07-05 00:00:00+00:00,184.4378798117953,189.39962196196515,184.37834132871893,189.14161682128903,20967500
2024-07-08 00:00:00+00:00,188.4469257746695,188.7148640407393,186.3431523395368,187.5835876464844,21035900
2024-07-09 00:00:00+00:00,188.853806406234,189.89577517091524,187.27597621110635,187.5339813232422,15121400
2024-07-10 00:00:00+00:00,187.70266681734012,190.28277834321372,187.5835898719109,189.71713256835935,15952500
2024-07-11 00:00:00+00:00,188.39733505757292,189.39960141202815,183.6638293201284,184.15008544921875,25625800
2024-07-12 00:00:00+00:00,183.66383343758727,185.67829936578423,183.0783515483552,183.65391540527344,22898400
2024-07-15 00:00:00+00:00,183.5050710967849,186.7996751747927,183.5050710967849,185.10275268554688,16474000
2024-07-16 00:00:00+00:00,185.92637584595624,187.2362677122632,181.9669007256916,182.5126953125,18290700
2024-07-17 00:00:00+00:00,181.569963789314,182.14552760174087,178.52344733868037,179.6348876953125,20734100
2024-07-18 00:00:00+00:00,180.53793067512183,181.10357651103143,175.11971708479683,176.33038330078125,25315700
2024-07-19 00:00:00+00:00,177.51126425121495,178.91046381081307,175.77465477022162,176.30059814453125,18881900
2024-07-22 00:00:00+00:00,179.20816928485797,181.30202472668176,178.85092330428975,180.2799072265625,24100300
2024-07-23 00:00:00+00:00,180.65700705961785,182.2050679507552,180.15089974687697,180.39898681640625,36352700
2024-07-24 00:00:00+00:00,172.2716763828317,174.84185492699467,170.5052975643539,171.30909729003906,49585200
2024-07-25 00:00:00+00:00,171.19994131459546,172.09304877138803,165.9107228003057,166.00003051757812,44852000
2024-07-26 00:00:00+00:00,165.8710141586151,166.80382399385917,162.8046615111257,165.72216796875,41336900
2024-07-29 00:00:00+00:00,167.5381929660285,169.12594142294034,166.70462389049712,168.2328338623047,20293800
2024-07-30 00:00:00+00:00,168.9373636975669,169.9197787286118,167.1511339019872,168.98696899414062,18959700
2024-07-31 00:00:00+00:00,171.91443658888358,172.91670298864665,168.7091404604878,170.22743225097656,25729100
2024-08-01 00:00:00+00:00,168.94730744825696,172.718234225876,167.58779504728142,169.45339965820312,24531400
2024-08-02 00:00:00+00:00,165.1664630337912,167.22061625981866,163.41000220136607,165.38478088378906,29130100
2024-08-05 00:00:00+00:00,154.3101724717456,163.17183620146417,153.7445266292353,158.03147888183594,53630700
2024-08-06 00:00:00+00:00,158.11087775486118,159.3413952637539,155.2132221455675,157.07882690429688,49004600
2024-08-07 00:00:00+00:00,160.01616866155442,161.7329270375027,157.2574415077753,157.72384643554688,25138600
2024-08-08 00:00:00+00:00,159.28181801513983,162.4374934400702,158.9841256428161,160.79019165039062,25578800
2024-08-09 00:00:00+00:00,158.78564981676743,162.53672526881738,157.84292193770273,162.4176483154297,28602300
2024-08-12 00:00:00+00:00,163.09243732479868,163.63821673656008,160.60163358167628,161.04818725585938,15895300
2024-08-13 00:00:00+00:00,162.1596085452311,163.4695001786435,161.7229729534168,162.90386962890625,18551700
2024-08-14 00:00:00+00:00,161.15734902797854,161.9710818575429,156.5032484754406,159.14288330078125,40591100
2024-08-15 00:00:00+00:00,159.27191417011724,160.4031907118124,158.388724722145,160.0657958984375,31524300
2024-08-16 00:00:00+00:00,160.23448454041534,163.79701137732062,159.8970897454957,161.7130889892578,24208600
2024-08-19 00:00:00+00:00,164.01533548402497,165.4145503036196,163.0031359185699,165.3946990966797,22416200
2024-08-20 00:00:00+00:00,165.62293103111787,167.34962258490438,165.54355648931903,165.90078735351562,18341500
2024-08-21 00:00:00+00:00,163.8863376356894,165.57334208523812,163.41001462767,164.58099365234375,22902000
2024-08-22 00:00:00+00:00,165.9801625781286,166.30763931714822,162.06039002531082,162.54664611816406,22493300
2024-08-23 00:00:00+00:00,163.45959957039315,164.9084194881608,162.5764102626484,164.3527069091797,13955700
2024-08-26 00:00:00+00:00,165.1069286953162,166.26797448558267,163.20162161831217,164.88861083984375,14190400
2024-08-27 00:00:00+00:00,164.5710342489987,165.16644927065664,163.20160392643822,163.41990661621094,11821900
2024-08-28 00:00:00+00:00,163.77715768210635,164.33288545251102,160.2940205808296,161.6039276123047,16407400
2024-08-29 00:00:00+00:00,163.0527698600771,164.70007190564058,159.02383761377362,160.54212951660156,19699800
2024-08-30 00:00:00+00:00,161.37567316665184,162.4077238619854,160.45279653031872,162.12986755371094,22123800
2024-09-03 00:00:00+00:00,160.48256877218185,160.61157889702227,155.28265821334085,156.1559295654297,38945300
2024-09-04 00:00:00+00:00,155.4612989897302,157.78339053713182,154.76665816042646,155.25289916992188,19353800
2024-09-05 00:00:00+00:00,155.1040553313884,158.22994668183233,154.78649658056972,156.036865234375,18688700
2024-09-06 00:00:00+00:00,156.09640040925774,156.62234382988387,149.39804896411633,149.7652130126953,37912100
2024-09-09 00:00:00+00:00,151.54384395398554,152.42820519903154,146.28736276622044,147.76792907714844,39260500
2024-09-10 00:00:00+00:00,149.4969156283568,150.31172831197244,147.40028159964342,147.71826171875,31118800
2024-09-11 00:00:00+00:00,148.97027288921362,150.54026559740743,146.5854826673726,150.20242309570312,29607700
2024-09-12 00:00:00+00:00,152.8256911821986,153.839233801539,151.68296725155358,153.71005249023438,29621500
2024-09-13 00:00:00+00:00,154.44535510677574,157.37667920350046,154.2267627397466,156.46250915527344,29591200
2024-09-16 00:00:00+00:00,156.31346693580858,157.2475146303272,155.60797314926953,157.0587158203125,18379800
2024-09-17 00:00:00+00:00,158.01264265003823,159.53294917671778,157.37669753536267,158.3107452392578,20715600
2024-09-18 00:00:00+00:00,158.84729370623916,159.4832387245749,157.59528121573842,158.797607421875,23677300
2024-09-19 00:00:00+00:00,162.67290003664115,162.75237989212232,160.31790373118696,161.1128387451172,26587700
2024-09-20 00:00:00+00:00,162.46425419413836,162.69279293629415,161.03337393309369,162.55368041992188,40896400
2024-09-23 00:00:00+00:00,163.3088698512438,164.4416474906759,160.64583942390462,160.82470703125,24150900
2024-09-24 00:00:00+00:00,161.9972041569506,162.18600293337994,159.67203168983335,161.2618865966797,23332100
2024-09-25 00:00:00+00:00,160.44710243338025,161.77861000791742,160.27818118844277,160.46697998046875,18869200
2024-09-26 00:00:00+00:00,162.60335078741144,163.0405658423745,161.25196569121914,161.69911193847656,20319300
2024-09-27 00:00:00+00:00,161.7786145898017,164.65030615932238,161.59976214731748,162.91139221191406,21101300
2024-09-30 00:00:00+00:00,162.28540572954867,165.09746486800793,162.22577308210086,164.79937744140625,20413900
2024-10-01 00:00:00+00:00,166.62770671794624,168.08839566011457,163.53740758234116,165.93214416503906,28338100
2024-10-02 00:00:00+00:00,165.36573037932214,166.4587679633324,163.686434073945,164.8092803955078,17760200
2024-10-03 00:00:00+00:00,163.36846915267606,165.5843378961242,162.88156783577605,164.8092803955078,15073100
2024-10-04 00:00:00+00:00,166.99534350266865,167.16426473931182,164.43168589066445,166.00167846679688,19047400
2024-10-07 00:00:00+00:00,166.65751850550026,167.4126985535878,161.71900154638254,161.94754028320312,22463100
2024-10-08 00:00:00+00:00,162.901468985077,163.68645779124333,161.8382399845631,163.33868408203125,23072700
2024-10-09 00:00:00+00:00,162.41456443992033,163.7957583809211,158.72807525360884,160.8346405029297,31181800
2024-10-10 00:00:00+00:00,159.8509116423071,162.03698715416354,159.38388779769477,161.05325317382812,14144100
2024-10-11 00:00:00+00:00,161.1029483482804,162.86172488598982,160.2185869014022,162.20591735839844,15344300
2024-10-14 00:00:00+00:00,162.60336327926677,165.17695235890986,162.36487818674945,163.91500854492188,19016100
2024-10-15 00:00:00+00:00,164.7397308583214,166.61775729768382,163.58709086133464,164.41183471679688,20247200
2024-10-16 00:00:00+00:00,163.48770991975573,164.74966878217245,162.70272119940034,164.1137237548828,16406000
2024-10-17 00:00:00+00:00,164.68012315374543,165.3160682513299,161.7289364078274,161.89785766601562,21453400
2024-10-18 00:00:00+00:00,162.1562116364337,163.66658684818702,162.0469078679096,162.38475036621094,19757700
2024-10-21 00:00:00+00:00,161.91770927556843,163.45789306330104,161.58979800498344,163.03062438964844,20946500
2024-10-22 00:00:00+00:00,161.9475365199372,164.71987068710104,161.9475365199372,164.09385681152344,16568100
2024-10-23 00:00:00+00:00,163.71624709624942,164.7695447784646,160.90417320390316,161.74879455566406,18280500
2024-10-24 00:00:00+00:00,161.79849749810091,162.29533007096418,159.9900196550578,161.68919372558594,22412500
2024-10-25 00:00:00+00:00,162.63316747166715,164.54100267206263,162.38475119304076,164.22303771972656,19828900
2024-10-28 00:00:00+00:00,167.68098784367282,167.68098784367282,162.91139226813863,165.66384887695312,32138600
2024-10-29 00:00:00+00:00,166.6674584466476,169.30068030332265,166.03151333010814,168.6051025390625,42169000
2024-10-30 00:00:00+00:00,179.53541113405987,180.8669339516748,172.95735272555387,173.35482788085938,68890800
2024-10-31 00:00:00+00:00,172.03325462883092,175.69988150851668,169.91674297844676,170.0260467529297,44769000
2024-11-01 00:00:00+00:00,168.9926374988831,171.22838406204764,167.8101735573136,170.20489501953125,31796500
2024-11-04 00:00:00+00:00,168.85349334018605,169.6484284063568,166.94565827865142,168.16787719726562,21492700
2024-11-05 00:00:00+00:00,168.35668494331605,169.4497227111904,167.77042612333224,168.66473388671875,18242100
2024-11-06 00:00:00+00:00,172.69900637438644,175.81911434381482,172.4009037964916,175.39183044433594,33695500
2024-11-07 00:00:00+00:00,176.28614242154367,179.93289179611503,176.067534869967,179.60498046875,25352900
2024-11-08 00:00:00+00:00,179.50558656989898,179.75400283427035,176.9518752564666,177.2201690673828,22006200
2024-11-11 00:00:00+00:00,177.44872793439595,179.40624953288767,177.33942415917616,179.20751953125,17450400
2024-11-12 00:00:00+00:00,178.6808819487348,181.33396618962504,178.25359803223796,180.46946716308597,25134900
2024-11-13 00:00:00+00:00,179.31681892204128,179.8136514950511,177.4089684990119,177.746826171875,23184000
2024-11-14 00:00:00+00:00,177.15062051532624,177.68720818344102,173.21571503907634,174.4677276611328,31007500
2024-11-15 00:00:00+00:00,172.62944344024277,173.03684979342893,170.135349355116,171.39730834960938,32504600
2024-11-18 00:00:00+00:00,172.3213885251699,174.32859614097288,171.80467846165004,174.18948364257812,20135300
2024-11-19 00:00:00+00:00,172.61951742744716,177.7368870735365,172.4605273586821,176.99163818359375,23434900
2024-11-20 00:00:00+00:00,176.2165738071629,176.55441631876369,172.67912830422068,174.8651885986328,18997100
2024-11-21 00:00:00+00:00,172.79836977486937,173.02692368437366,162.662987910428,166.56809997558594,59734400
2024-11-22 00:00:00+00:00,164.79936934193785,165.40550568311707,162.8617101914929,163.7162628173828,38604600
2024-11-25 00:00:00+00:00,165.0378213787698,167.56173904858872,164.5608664092302,166.5879364013672,33135300
2024-11-26 00:00:00+00:00,166.56807852805025,168.74420743105776,166.51839224272408,168.0486297607422,20486700
2024-11-27 00:00:00+00:00,167.92938975571963,168.40634472383195,166.9556022735371,168.15792846679688,19266500
2024-11-29 00:00:00+00:00,167.43253826867337,168.3566393623074,166.10103092075792,167.8796844482422,14257200
2024-12-02 00:00:00+00:00,167.70084031293914,170.98986891966845,167.50211035245346,170.4036102294922,23789100
2024-12-03 00:00:00+00:00,170.40362122950918,171.58606987747282,169.7676762176285,170.2545623779297,22248700
2024-12-04 00:00:00+00:00,170.0657630063179,173.8019532050098,169.9763367929556,173.26536560058594,31615100
2024-12-05 00:00:00+00:00,174.24911120663256,174.9446737388749,171.2383071896845,171.5463409423828,21356200
2024-12-06 00:00:00+00:00,170.9402105427862,173.97089221181594,170.77128929069295,173.60324096679688,21462400
2024-12-09 00:00:00+00:00,173.05609352730906,175.3441303590525,172.7476915668061,174.45875549316406,25389600
2024-12-10 00:00:00+00:00,181.89990276575224,185.3916590588329,180.10925267461994,184.2078399658203,54813000
2024-12-11 00:00:00+00:00,184.3471064632806,194.59358956818767,183.8895051743125,194.3846740722656,67894100
2024-12-12 00:00:00+00:00,193.9867519757691,194.16580938373951,190.71385396756912,190.96255493164065,34817500
2024-12-13 00:00:00+00:00,190.01749841639383,191.72856243728444,188.65462185235452,188.8336944580078,25143500
2024-12-16 00:00:00+00:00,191.86780758654945,197.9659598504381,191.61910663196343,195.63812255859372,44934900
2024-12-17 00:00:00+00:00,196.2250798486302,200.37341051362355,193.9668706236853,194.4045867919922,43504000
2024-12-18 00:00:00+00:00,194.2056368053088,195.976386699195,186.764507184961,187.4210662841797,34166100
2024-12-19 00:00:00+00:00,190.6342857051308,192.02700516266597,187.40117286917092,187.53048706054688,32265200
2024-12-20 00:00:00+00:00,184.81468445746083,191.88774144921763,184.2575966505468,190.4154357910156,63462900
2024-12-23 00:00:00+00:00,191.6191324608379,194.08625719212253,189.16196548396,193.6186981201172,25675000
2024-12-24 00:00:00+00:00,193.82759815006608,195.09100341796875,192.7731083908338,195.09100341796875,10403300
2024-12-26 00:00:00+00:00,194.13597478356783,195.72766709348628,193.36998671071595,194.58364868164065,12046600
2024-12-27 00:00:00+00:00,193.937030713524,194.30511850410315,189.6593706110804,191.75840759277344,18891400
2024-12-30 00:00:00+00:00,188.8137872976618,191.5494980812226,188.13731273783964,190.24630737304688,14264700
2024-12-31 00:00:00+00:00,190.08714080992223,190.9625731443876,187.53048736926948,188.3163909912109,17466900
2025-01-02 00:00:00+00:00,189.65935593229025,191.0023472582509,186.52572974438567,188.44569396972656,20370800
2025-01-03 00:00:00+00:00,190.37561071207796,192.20606135937345,188.99283394745663,190.79342651367188,18596200
2025-01-06 00:00:00+00:00,192.9720631324044,197.19003728298551,192.8427489428689,195.8470458984375,29563600
2025-01-07 00:00:00+00:00,196.08579004713675,199.95557646710608,193.58883781557628,194.4742126464844,26487200
2025-01-08 00:00:00+00:00,191.5693958945213,195.270052468004,191.3803807232366,192.9422149658203,24864800
2025-01-10 00:00:00+00:00,193.29041142782185,195.49887742154428,189.32113818407663,191.04214477539065,26665200
2025-01-13 00:00:00+00:00,189.08236847778903,190.1865861405531,186.38644345909503,190.01747131347656,21823700
2025-01-14 00:00:00+00:00,190.24630678281764,190.98245196740996,187.33152340912503,188.6745147705078,17174900
2025-01-15 00:00:00+00:00,192.08668076451275,195.33969375687732,190.8630762218721,194.53390502929688,21776000
2025-01-16 00:00:00+00:00,193.1312278332848,194.4642614113344,191.8081368295779,191.9076232910156,17815400
2025-01-17 00:00:00+00:00,195.508827543568,196.2051873028157,192.74327365719543,194.9815826416016,27735100
2025-01-21 00:00:00+00:00,198.0356240505664,201.23887871445532,196.84184720049228,197.0209197998047,29971300
2025-01-22 00:00:00+00:00,198.02566579041408,199.43828553458843,196.5036170079127,197.33924865722656,26200600
2025-01-23 00:00:00+00:00,197.1104509591117,199.25923110054316,194.1857249631917,196.95127868652344,26951400
2025-01-24 00:00:00+00:00,197.0706712813597,199.85611023612492,196.97118481318788,199.16970825195312,23877500
2025-01-27 00:00:00+00:00,191.4102123562064,195.85698677854776,189.73893399543607,190.81332397460935,41728900
2025-01-28 00:00:00+00:00,191.7484641400102,194.46427471258815,189.68921264751984,194.28521728515625,24157900
2025-01-29 00:00:00+00:00,194.5438525780378,195.7674571519655,192.4249153665142,194.39463806152344,18218300
2025-01-30 00:00:00+00:00,196.97118096512543,200.3535083038363,196.6428938419765,199.8262634277344,24354700
2025-01-31 00:00:00+00:00,200.95040684244717,204.41232049224396,200.75144907949408,202.9599151611328,32001100
2025-02-03 00:00:00+00:00,199.6472149907164,202.69131276848185,199.0602842802592,200.1844024658203,27838300
2025-02-04 00:00:00+00:00,202.33317837712485,205.97416454187623,201.75619025433605,205.30764770507807,43856400
2025-02-05 00:00:00+00:00,190.0771871408914,191.74845039513903,187.0529748053441,190.33583068847656,70373900
2025-02-06 00:00:00+00:00,188.51533691421105,191.1018330967084,187.7393910953624,190.60443115234372,29297400
2025-02-07 00:00:00+00:00,190.05729013281345,190.1866043191136,182.28787402069705,184.376953125,49315000
2025-02-10 00:00:00+00:00,186.37653098919856,187.2221052611588,184.8942676002274,185.5010986328125,23105600
2025-02-11 00:00:00+00:00,184.0685692836796,185.96864842614565,183.3224663388948,184.3570709228516,21239500
2025-02-12 00:00:00+00:00,182.26798713648407,184.148166058792,180.88521020610415,182.6559600830078,22072600
2025-02-13 00:00:00+00:00,183.36227049888035,185.3120777313061,182.18839394998832,185.1728057861328,21402500
2025-02-14 00:00:00+00:00,184.09843274259524,185.43146650970297,183.36228746976207,184.26754760742188,20448400
2025-02-18 00:00:00+00:00,184.63561754552703,184.993747571514,180.7956737255852,182.81512451171875,29916700
2025-02-19 00:00:00+00:00,183.11356559747395,184.4963424448096,182.63604878465785,184.3073272705078,19549400
2025-02-20 00:00:00+00:00,183.83977159439488,184.34711614040583,181.77057757262895,183.60101318359372,20441500
2025-02-21 00:00:00+00:00,184.18793460152543,184.3769497697972,178.14948286814752,178.72647094726562,35199200
2025-02-24 00:00:00+00:00,181.0443872261592,182.16850543528213,177.9604887236702,178.31861877441406,29854200
2025-02-25 00:00:00+00:00,177.11489600513676,177.81127094293743,173.7823117406095,174.50851440429688,41913400
2025-02-26 00:00:00+00:00,174.16032642215686,175.16507289862997,170.68845533929954,171.8324737548828,35431300
2025-02-27 00:00:00+00:00,173.0859293485287,173.65295965631302,167.06736294980485,167.62445068359375,39991000
2025-02-28 00:00:00+00:00,167.80349524935414,169.72347444867967,165.9034315554997,169.3951873779297,48130600
2025-03-03 00:00:00+00:00,171.0366301036563,172.46915017235435,165.06780660374991,166.14219665527344,40770500
2025-03-04 00:00:00+00:00,165.37621562667857,172.38957139478455,164.93849945595062,170.03189086914062,45388000
2025-03-05 00:00:00+00:00,169.6339770163835,172.87703249017144,168.18155654289944,172.12098693847656,30954900
2025-03-06 00:00:00+00:00,169.6439021909127,173.9016615264532,169.6140592892689,171.45445251464844,28302000
2025-03-07 00:00:00+00:00,170.37010783184354,174.06083692312112,169.38526170085638,172.95660400390625,27385800
2025-03-10 00:00:00+00:00,167.57848498247546,167.77768707285077,163.02700292073365,165.1981658935547,43604000
2025-03-11 00:00:00+00:00,164.24205105519363,166.0745946593306,160.71638098509786,163.3755645751953,39587400
2025-03-12 00:00:00+00:00,165.9052839213103,166.96098805134596,162.86763464348198,166.43313598632812,28372400
2025-03-13 00:00:00+00:00,165.36746730396223,165.4571143189754,161.4533926135524,162.1007537841797,31756200
2025-03-14 00:00:00+00:00,162.60870791000892,165.81566708355933,161.79202188086273,164.81971740722656,31995900
2025-03-17 00:00:00+00:00,164.36158101735924,165.62644141646544,163.0070887907617,163.62457275390625,31184300
2025-03-18 00:00:00+00:00,163.01701346080097,163.58471199332098,156.08521317066442,160.0192108154297,42074800
2025-03-19 00:00:00+00:00,161.10480349722013,165.19815700358515,160.3478872642785,163.22618103027344,34275600
2025-03-20 00:00:00+00:00,160.91558075554488,164.22212545502225,160.3080509045436,162.14059448242188,28138500
2025-03-21 00:00:00+00:00,160.55705156299513,163.57477782056455,160.2383403768693,163.32579040527344,36625800
2025-03-24 00:00:00+00:00,166.3933245024789,167.63826163368083,164.47113366947016,167.00083923339844,30879100
2025-03-25 00:00:00+00:00,168.2955839776117,169.93891017820465,167.63826869436164,169.8691864013672,24174400
2025-03-26 00:00:00+00:00,168.31549307909538,168.92302298152063,164.17233883294872,164.39144897460938,28901600
2025-03-27 00:00:00+00:00,163.96318944763345,164.74998295425303,161.3438371056606,161.58287048339844,24508300
2025-03-28 00:00:00+00:00,159.8399637284922,161.1645785777556,153.0077485673884,153.7049102783203,48669300
2025-03-31 00:00:00+00:00,152.489854834344,154.91000524190235,150.04978117819655,154.01365661621094,54603500
2025-04-01 00:00:00+00:00,152.99778409802235,157.45964958057314,152.99778409802235,156.43382263183594,30672900
2025-04-02 00:00:00+00:00,154.52155623121885,157.7683612723421,154.07338200320004,156.40390014648438,25041700
2025-04-03 00:00:00+00:00,150.49796262916686,152.16119683607278,149.78087761580798,150.1095428466797,46883400
2025-04-04 00:00:00+00:00,147.41051168463707,150.4581305746649,144.7911742710094,145.01028442382812,62259500
2025-04-07 00:00:00+00:00,140.97668877946376,152.23092388429916,139.96081578919706,146.15562438964844,76794100
2025-04-08 00:00:00+00:00,150.60750263275938,151.62337549950988,142.45067281990836,144.11390686035156,52200200
2025-04-09 00:00:00+00:00,143.8350407612742,158.90376321404577,143.32711193141117,158.06716918945312,70406200
2025-04-10 00:00:00+00:00,155.9059376747643,157.081166059798,149.32271046519142,152.20101928710938,48022000
2025-04-11 00:00:00+00:00,152.28070771093053,157.03139218045564,152.2010451058409,156.5035400390625,33636200
2025-04-14 00:00:00+00:00,159.35194610703772,161.06498074344722,156.92182649738766,158.42572021484375,30333000
2025-04-15 00:00:00+00:00,158.4854650554691,159.0033479067655,154.5813444386225,155.6768798828125,27551500
2025-04-16 00:00:00+00:00,152.47990494067977,155.2585979132132,150.8963333701315,152.70896911621094,28187400
2025-04-17 00:00:00+00:00,153.66505665607545,154.0534763910807,147.8985151753075,150.54774475097656,33046600
2025-04-21 00:00:00+00:00,148.27697454416065,148.34668311054725,145.50823599827558,147.07186889648438,26049100
2025-04-22 00:00:00+00:00,148.2869392297591,151.5735760354548,147.93835078181212,150.8564910888672,26971800
2025-04-23 00:00:00+00:00,154.97972084901838,156.89194229421238,153.1870084950911,154.7207794189453,31128800
2025-04-24 00:00:00+00:00,155.51754490565963,158.94361442258594,155.1590023934932,158.63487243652344,45894000
2025-04-25 00:00:00+00:00,164.4014202116321,165.42724716152773,160.38772903857225,161.30401611328125,56034000
2025-04-28 00:00:00+00:00,161.7721085344851,162.4891935610974,157.9576344139888,159.95948791503906,29745800
2025-04-29 00:00:00+00:00,159.6706470871033,160.088944095257,156.88198516909392,159.51129150390625,26809000
2025-04-30 00:00:00+00:00,157.34012853089786,158.62491214751483,154.7705764946502,158.1568145751953,34981100
2025-05-01 00:00:00+00:00,159.80011945187778,161.29404393761732,158.26636366652554,160.6466827392578,30203200
2025-05-02 00:00:00+00:00,162.7481471411051,164.3018262703875,161.21437606436152,163.36563110351562,25715000
2025-05-05 00:00:00+00:00,162.3397856484502,164.72010459701127,162.06092097475153,163.54489135742188,21341800
2025-05-06 00:00:00+00:00,161.51314352018753,164.13249581033162,160.53711717512775,162.56884765625,21277200
2025-05-07 00:00:00+00:00,163.41541831659652,164.33169015930102,147.24119073545722,150.76686096191406,127490100
2025-05-08 00:00:00+00:00,154.37219053033292,155.29841637896206,152.28069025725696,153.6551055908203,57498700
2025-05-09 00:00:00+00:00,153.5455484927057,154.42198900650553,151.58352655875794,152.1313018798828,32435300
2025-05-12 00:00:00+00:00,156.85211913184455,158.45559870977985,155.61713606908535,157.8181915283203,44138800
2025-05-13 00:00:00+00:00,158.14684186881533,159.9196462677562,155.52750456311006,158.88385009765625,42382100
2025-05-14 00:00:00+00:00,159.31213380087087,166.3236135788371,158.96354529840758,164.70021057128906,48755900
2025-05-15 00:00:00+00:00,165.1682887318073,165.53680044166376,161.71234217984835,163.29591369628906,33146700
2025-05-16 00:00:00+00:00,167.0506320085185,168.66408078965867,164.94917762065725,165.51687622070312,42846900
2025-05-19 00:00:00+00:00,163.84367142462605,165.96504904182535,163.55485271284547,165.86544799804688,30426100
2025-05-20 00:00:00+00:00,165.75590012466307,167.817523283891,162.24019892385144,163.31582641601562,46607700
2025-05-21 00:00:00+00:00,163.02698872286769,172.4387091879809,162.89751041479707,167.87725830078125,73416000
2025-05-22 00:00:00+00:00,171.15395911169207,176.05402972868134,170.01857708088951,170.17791748046875,74864400
2025-05-23 00:00:00+00:00,168.3752347830085,169.2715985296926,167.2099755896054,167.78762817382812,35211400
2025-05-27 00:00:00+00:00,169.4707843872067,172.4685871557562,169.31142880693562,172.19967651367188,37995700
2025-05-28 00:00:00+00:00,172.4586279146467,174.5600820753336,171.2136909757797,171.661865234375,34784000
2025-05-29 00:00:00+00:00,173.29525703459385,173.71355410724578,169.93891122977584,171.16392517089844,29317300
2025-05-30 00:00:00+00:00,170.65598330984582,171.51250064033223,166.76181642373982,171.04440307617188,52639900
2025-06-02 00:00:00+00:00,167.16018492149544,169.18196148692468,166.7120106202351,168.34536743164062,38612300
2025-06-03 00:00:00+00:00,166.8116037120677,167.79758408844376,164.61054841286258,165.50689697265625,45084900
2025-06-04 00:00:00+00:00,166.0646474005772,167.5386486033552,165.68618167672102,167.3693389892578,26900800
2025-06-05 00:00:00+00:00,169.6500488073603,170.23765541573877,166.9111874462575,167.5286865234375,36379100
2025-06-06 00:00:00+00:00,170.13806952300837,173.79320267833577,170.13806952300837,172.9765167236328,35731800
2025-06-09 00:00:00+00:00,174.04348698482235,175.96800471005412,173.87397240224888,175.58908081054688,28935900
2025-06-10 00:00:00+00:00,175.6987675223273,180.5948038838724,174.41244383100403,178.09194946289062,61766100
2025-06-11 00:00:00+00:00,179.2586188457646,179.8569029175766,176.24720547354727,176.8455047607422,31646800
2025-06-12 00:00:00+00:00,175.6788256293735,176.2172980493167,174.25290075490625,175.2001953125,20941900
2025-06-13 00:00:00+00:00,171.9494740114175,176.6261351195968,171.8996131999643,174.17312622070312,27663100
2025-06-16 00:00:00+00:00,174.23294549738824,176.43666545813562,174.15317124562452,176.26715087890625,27389200
2025-06-17 00:00:00+00:00,175.20018931566514,176.85547082344988,174.08338020939252,175.44947814941406,24973000
2025-06-18 00:00:00+00:00,175.50930033034524,176.057738792968,172.70729634857923,172.82696533203125,28707500
2025-06-20 00:00:00+00:00,173.45517315134433,173.8440631360939,164.98933381824614,166.1659698486328,75659900
2025-06-23 00:00:00+00:00,165.7970377232315,166.86398612208345,161.53917977382372,164.72010803222656,57671000
2025-06-24 00:00:00+00:00,166.44516047022438,167.7414654003419,165.65741447979076,166.29559326171875,40524300
2025-06-25 00:00:00+00:00,167.15316152434053,171.86970222006798,167.07338726794845,170.19447326660156,35479000
2025-06-26 00:00:00+00:00,171.93948268163984,173.19590810922037,169.45657569929264,173.04632568359375,31796700
2025-06-27 00:00:00+00:00,173.046329910377,178.17170771682706,171.241481190895,178.0221405029297,108140200
2025-06-30 00:00:00+00:00,180.2657433676221,180.7144602330707,174.08338322657394,175.7286834716797,63378900
2025-07-01 00:00:00+00:00,175.24009156508697,175.5890868180728,173.0363714854685,175.3397979736328,35904500
2025-07-02 00:00:00+00:00,175.04063318866915,178.35119606008848,174.5719841997796,178.13182067871094,29128900
2025-07-03 00:00:00+00:00,177.9922335542414,179.15890351135596,176.54636131074304,179.01930236816406,21689700
2025-07-07 00:00:00+00:00,178.5506411042797,178.78996387462078,175.18025102838192,176.28709411621094,34175600
2025-07-08 00:00:00+00:00,177.3440914457585,177.44379785510552,172.3184197808512,173.864013671875,40442500
2025-07-09 00:00:00+00:00,174.75145590035325,178.9295387925745,172.27851516418144,176.1175537109375,43025600
2025-07-10 00:00:00+00:00,175.1303863111691,177.92240891673904,173.8839422139032,177.11471557617188,29252400
2025-07-11 00:00:00+00:00,176.2870917998284,180.91389212460825,175.97797606848104,179.67742919921875,34282900
2025-07-14 00:00:00+00:00,180.49507959550704,183.14751640721383,179.16886118965368,181.04351806640625,32536600
2025-07-15 00:00:00+00:00,182.28996266650836,183.6959553275124,181.08341324296117,181.48226928710935,33448300
2025-07-16 00:00:00+00:00,182.71876014286477,183.80565587223137,181.5121954195811,182.44952392578125,33104200
2025-07-17 00:00:00+00:00,181.62187886390836,183.53641535247564,179.96659729454643,183.0577850341797,31992600
2025-07-18 00:00:00+00:00,184.87259850820493,185.88970124039065,183.1874187229756,184.5335693359375,34014500
2025-07-21 00:00:00+00:00,185.720180506412,189.74868135121883,185.62045888710105,189.55923461914065,45803100
2025-07-22 00:00:00+00:00,190.9552485801447,191.10481579575136,186.9267476808465,190.7957000732422,44660200
2025-07-23 00:00:00+00:00,190.95523422678892,191.9823029377756,188.64182669674165,189.6888427734375,58681900
2025-07-24 00:00:00+00:00,196.46952792005337,197.3869090653604,190.45668205461732,191.62335205078125,74881700
2025-07-25 00:00:00+00:00,191.43387927305903,193.77720042486192,190.71592620592727,192.6304626464844,39785900
2025-07-28 00:00:00+00:00,193.0991291078416,193.49800038051387,190.2971249846209,192.0321807861328,38139500
2025-07-29 00:00:00+00:00,191.88258292419437,195.3626603234397,191.5335877059744,195.19314575195312,41389200
2025-07-30 00:00:00+00:00,195.04360005779435,197.0379108346005,194.13618500265545,195.970947265625,32445400
2025-07-31 00:00:00+00:00,195.1532699224849,195.43247218848848,190.54640210266095,191.3540954589844,51329200
2025-08-01 00:00:00+00:00,188.4922583678995,190.28714088647305,187.28570901887355,188.59197998046875,34832200
2025-08-04 00:00:00+00:00,189.7486955367273,194.7145404143055,189.57918094353212,194.4851837158203,31547400
2025-08-05 00:00:00+00:00,194.1561209300893,197.2971541323202,193.33844625639605,194.11622619628903,31602300
2025-08-06 00:00:00+00:00,193.94670749735775,196.07065317332064,193.119066765482,195.5321807861328,21562900
2025-08-07 00:00:00+00:00,196.49944049707085,196.97807082829456,193.77721051804477,195.9609832763672,26321800
2025-08-08 00:00:00+00:00,196.65898117376332,202.03364795164893,196.60912036272285,200.84703063964844,39161800
2025-08-11 00:00:00+00:00,200.36839577051535,200.90685295750995,198.5037201599992,200.42822265625,25832400
2025-08-12 00:00:00+00:00,200.79715378526663,203.91825467935456,200.0193738844048,202.7615509033203,30397900
2025-08-13 00:00:00+00:00,203.5493232968563,203.94817934449617,196.94814463612107,201.385498046875,28342900
2025-08-14 00:00:00+00:00,200.9268104830451,203.85844975532365,200.65757426824428,202.3627166748047,25230400
2025-08-15 00:00:00+00:00,203.2701312097242,205.8527600038013,200.7074345682602,203.31997680664065,34931400
2025-08-18 00:00:00+00:00,203.61911775674488,204.68608127587703,201.91399064284568,202.92111206054688,18526600
2025-08-19 00:00:00+00:00,202.4524508489624,202.86128819689205,199.39119181596237,200.99661254882807,24240200
2025-08-20 00:00:00+00:00,200.158983421046,200.70742189093835,196.04074228978,198.7530059814453,28955500
2025-08-21 00:00:00+00:00,199.18179321289065,201.9040232227768,198.8626961782015,199.18179321289065,19774600
2025-08-22 00:00:00+00:00,202.1533108943676,207.9467813600623,200.72738596931413,205.50375366210935,42827000
2025-08-25 00:00:00+00:00,205.84277405344864,209.92115104730732,204.69605147341804,207.8969268798828,29928900
2025-08-26 00:00:00+00:00,206.9196933289633,207.258737698756,205.11484464858785,206.55075073242188,28464100
2025-08-27 00:00:00+00:00,205.11485047791405,208.31572581537765,205.0649896678173,206.8897857666016,23022900
2025-08-28 00:00:00+00:00,206.66043741838072,211.61630051242363,206.3114269747057,211.03794860839844,32339300
2025-08-29 00:00:00+00:00,209.91116980825524,214.03939239893296,209.60205408045064,212.30435180664065,39728400
2025-09-02 00:00:00+00:00,207.84706876322787,211.0778424398192,205.6134352460792,210.7487945556641,47523000
2025-09-03 00:00:00+00:00,225.5665221360729,230.65200537566236,224.15054812619755,230.0038604736328,103336100
2025-09-04 00:00:00+00:00,228.996719869086,231.7089836362764,225.46679662750995,231.63919067382807,51684200
2025-09-05 00:00:00+00:00,231.5394894431058,235.08936036459093,231.2403397689098,234.3315277099609,46588900
2025-09-08 00:00:00+00:00,235.01017746372744,237.66498669397225,233.21368944217105,233.5829620361328,32474700
2025-09-09 00:00:00+00:00,233.71270408816557,240.00040430810463,232.7745373112583,239.16204833984372,38061000
2025-09-10 00:00:00+00:00,238.43344965061024,241.18806943420256,237.3855123631901,238.7029266357422,35141100
2025-09-11 00:00:00+00:00,239.41155563146188,241.77692250779663,235.78863959738683,239.9005889892578,30599300
2025-09-12 00:00:00+00:00,239.90060472674395,241.60727216892425,237.53523769524105,240.32977294921875,26771600
2025-09-15 00:00:00+00:00,244.18222746714693,251.91709313601172,244.18222746714693,251.11865234375,58383800
2025-09-16 00:00:00+00:00,251.58772669443232,252.5458434275124,248.98282303107263,250.6695251464844,34109700
2025-09-17 00:00:00+00:00,250.7294115061419,251.1086743043828,245.7990560449756,249.04270935058597,34108000
2025-09-18 00:00:00+00:00,251.188503937682,253.4940056881638,249.312185617516,251.53782653808597,31239500
2025-09-19 00:00:00+00:00,252.7554493770865,255.5000791334024,251.3182589953225,254.2225799560547,55571400
2025-09-22 00:00:00+00:00,253.93314887572123,255.28051872493555,249.81122418035432,252.036865234375,32290500
2025-09-23 00:00:00+00:00,252.54585863312587,253.8632882566711,249.9908602190898,251.16856384277344,26628000
2025-09-24 00:00:00+00:00,251.1685566625181,251.8572116525034,245.95874917105465,246.65737915039065,28201000
2025-09-25 00:00:00+00:00,243.9227126560544,246.00864273328932,240.2698717316568,245.30999755859372,31020400
2025-09-26 00:00:00+00:00,246.58752699597628,248.93292875938772,245.4896689933639,246.0585479736328,18503200
2025-09-29 00:00:00+00:00,247.36600774683612,250.6595513653868,242.2959260790964,243.57342529296875,32505800
2025-09-30 00:00:00+00:00,242.33583244883133,242.8148908293537,238.7827869377237,242.62527465820312,34724300
2025-10-01 00:00:00+00:00,240.2798481454496,245.8190127995852,238.14402788220525,244.42173767089844,31658200
2025-10-02 00:00:00+00:00,244.6712510924991,246.32801300536264,241.8268258714409,245.210205078125,25483300
2025-10-03 00:00:00+00:00,244.0125741538274,245.8190372139174,241.18809864914255,244.8708953857422,30249600
2025-10-06 00:00:00+00:00,244.30200291397747,250.82924041118625,244.1023965111835,249.9409637451172,28894700
2025-10-07 00:00:00+00:00,247.78518329877943,249.9509439013372,245.0405534911293,245.2800750732422,23181300
2025-10-08 00:00:00+00:00,244.48163581199609,245.52957313307672,243.3438626736589,244.1422882080078,21307100
2025-10-09 00:00:00+00:00,243.99259549865823,244.2820224803224,238.68297718710045,241.05833435058597,27892100
2025-10-10 00:00:00+00:00,240.958526974338,243.61333616794536,235.37944680935243,236.1080322265625,33180300
2025-10-13 00:00:00+00:00,239.74092459803205,244.02254038501275,239.2419009980627,243.6732177734375,24995000
2025-10-14 00:00:00+00:00,240.75892736637323,246.63742490132327,240.04033214741565,244.9706878662109,22111600
2025-10-15 00:00:00+00:00,246.76716258187247,251.61767243328853,245.5096286311317,250.53977966308597,27007700
2025-10-16 00:00:00+00:00,251.27834055068328,256.4581925767255,249.61160360230107,250.9689483642578,27997200
2025-10-17 00:00:00+00:00,250.27031046967195,253.72356048353365,247.32607427452788,252.80535888671875,29671600
2025-10-20 00:00:00+00:00,254.19265795496185,256.82748687148535,253.733549516648,256.04901123046875,22350200
2025-10-21 00:00:00+00:00,254.24254216862596,254.38226816359625,243.6732110393333,249.9709014892578,47312100
2025-10-22 00:00:00+00:00,253.873276187685,255.8593804848901,248.8031942886971,251.19851684570312,35029400
2025-10-23 00:00:00+00:00,252.4859741014181,254.5419488781284,251.35819113136333,252.58578491210935,19901400
2025-10-24 00:00:00+00:00,256.07894057309267,261.16898745224296,254.82142179583195,259.4124450683594,28655100
2025-10-27 00:00:00+00:00,264.30287916974333,269.61249783187736,263.76392512831256,268.7441711425781,35235200
2025-10-28 00:00:00+00:00,269.1633281612099,270.2013056862688,265.9795554362353,266.9476623535156,29738600
2025-10-29 00:00:00+00:00,267.22712459889897,274.80229881772505,267.1472942283553,274.0338134765625,43580300
2025-10-30 00:00:00+00:00,291.02060225143094,291.02060225143094,279.51311834988803,280.93035888671875,74876000
2025-10-31 00:00:00+00:00,282.6569440736325,285.44150434001006,276.48901957648127,280.6408996582031,39267900
2025-11-03 00:00:00+00:00,281.62895336390585,284.97241759660864,279.25359613963377,283.1659545898437,29786000
2025-11-04 00:00:00+00:00,276.2095505755116,280.7207127582489,275.72051721535576,276.9980163574219,30078400
2025-11-05 00:00:00+00:00,278.32541216487215,285.86068664735006,276.79840119805726,283.7547912597656,31010300
2025-11-06 00:00:00+00:00,284.77279318145315,287.78691520805194,280.59100344938025,284.1939392089844,37173600
2025-11-07 00:00:00+00:00,282.6569436244069,283.225837847663,274.65261591386644,278.2854919433594,34479600
2025-11-10 00:00:00+00:00,283.8645774088431,290.2320924976737,282.30759586857965,289.5334777832031,29557300
2025-11-11 00:00:00+00:00,287.18807388729897,291.34994399814246,286.7589209130392,290.7411193847656,19842100
2025-11-12 00:00:00+00:00,291.1104119733703,291.43978461940384,283.13602426355726,286.1501159667969,24829900
2025-11-13 00:00:00+00:00,281.7886586854728,282.2876823136169,276.69861158680555,278.0260314941406,29494000
2025-11-14 00:00:00+00:00,270.8799731285475,278.0160039616636,270.1713681999226,275.8702087402344,31647200
2025-11-17 00:00:00+00:00,285.2219350622342,293.3759943011471,283.0162592207448,284.4634094238281,52670200
2025-11-18 00:00:00+00:00,287.3577599014325,288.236015842567,277.65674001133203,283.724853515625,49158700
2025-11-19 00:00:00+00:00,286.5992292728396,303.21670857801746,286.07026549054086,292.2381896972656,68198900
2025-11-20 00:00:00+00:00,303.94529376978943,305.8216273232207,288.1062900504894,288.884765625,62025200
2025-11-21 00:00:00+00:00,295.8411659039572,303.3265199413647,293.27617727722287,299.0748291015625,74137700
2025-11-24 00:00:00+00:00,310.52242205466104,318.8561220474068,308.9954110970811,317.9578552246094,85165100
2025-11-25 00:00:00+00:00,325.5729598317621,328.187838552192,317.0296784660599,322.8083801269531,88632100
2025-11-26 00:00:00+00:00,320.053780820363,323.86632857763385,316.1713929045335,319.3252258300781,51373400
2025-11-28 00:00:00+00:00,322.73852157316225,326.2117368304371,316.1713843298485,319.55474853515625,26018600
2025-12-01 00:00:00+00:00,317.0796263275952,319.2254218425781,313.27706870792247,314.2751159667969,41183000
2025-12-02 00:00:00+00:00,316.1214749687581,317.75828707212025,313.2970146639371,315.1932983398437,35854700
2025-12-03 00:00:00+00:00,315.2731421058358,320.9520026070636,313.4866291038915,319.0058288574219,41838300
2025-12-04 00:00:00+00:00,321.6007384606332,321.7304590031499,314.0854447714545,316.9997253417969,31240900
2025-12-05 00:00:00+00:00,318.86608586892413,322.52893244489843,318.5467339173106,320.6426086425781,28851700
2025-12-08 00:00:00+00:00,319.63392187795114,320.02342950621124,310.8154143139121,313.3121643066406,33909400
2025-12-09 00:00:00+00:00,311.96391713296777,317.57660631064704,311.4945269093235,316.66778564453125,30194000
2025-12-10 00:00:00+00:00,315.4194206321133,320.8923078304596,314.27092168020465,319.7937316894531,33428900
2025-12-11 00:00:00+00:00,319.66391441105065,320.70257104825845,308.19885677560706,312.0238647460937,42353700
2025-12-12 00:00:00+00:00,313.2922102233909,314.46067218572114,305.1627773855729,308.887939453125,35940200
2025-12-15 00:00:00+00:00,310.91531224146183,311.0151883437652,304.4836813703359,307.8193359375,29151900
2025-12-16 00:00:00+00:00,304.55358908476643,310.3660001485481,302.1966411442108,306.1714782714844,30585000
2025-12-17 00:00:00+00:00,307.60959033164653,307.6894729197007,295.7350329501308,296.3342590332031,43930400
2025-12-18 00:00:00+00:00,301.32777470817274,303.56485302569047,298.8410213827925,302.0668029785156,33518000
2025-12-19 00:00:00+00:00,301.337777701548,306.85059101726483,300.5787559089981,306.7607116699219,59943200
2025-12-22 00:00:00+00:00,309.4771954426739,309.7268704705607,304.90313186415943,309.3773193359375,26429900
2025-12-23 00:00:00+00:00,309.2274800840275,314.5305745464577,308.91788552805923,313.9413452148437,25478700
2025-12-24 00:00:00+00:00,314.360779810128,314.67037436380235,311.5145092668577,313.6816711425781,10097400
2025-12-26 00:00:00+00:00,314.0712183432231,314.6804107746781,311.8740659325972,313.1024780273437,10899000
2025-12-29 00:00:00+00:00,310.9652491009125,313.6117983030154,310.2162240166622,313.15240478515625,19621800
2025-12-30 00:00:00+00:00,312.09376543928346,316.5379928503015,312.0538089034933,313.4420166015625,17380900
2025-12-31 00:00:00+00:00,312.4433102220648,314.17104176667254,311.03513952358344,312.5931091308594,16377700
2026-01-02 00:00:00+00:00,316.4880203907529,322.0807464242433,309.9265541489014,314.74029541015625,32009400
2026-01-05 00:00:00+00:00,317.2470486555906,318.6052660390324,314.2209888461081,316.1285095214844,30195600
2026-01-06 00:00:00+00:00,315.9886856047422,320.5227923064431,311.3746963103618,313.9313659667969,31212100
2026-01-07 00:00:00+00:00,313.9513421990662,325.72602466406613,313.78158025326775,321.5614624023437,35104400
2026-01-08 00:00:00+00:00,328.54234711069296,329.8905982345552,321.08205673508803,325.0169372558594,31896100
2026-01-09 00:00:00+00:00,326.6647962522232,330.3999246926398,325.37646465172014,328.14288330078125,26214200
2026-01-12 00:00:00+00:00,325.3764689128772,333.6057781716088,324.5775210522192,331.4285888671875,33923900
2026-01-13 00:00:00+00:00,334.5145706345901,340.04734658205444,333.18628259299794,335.5332336425781,33517600
2026-01-14 00:00:00+00:00,334.62442706687915,336.08252056576845,330.0503943745689,335.4034118652344,28525600
2026-01-15 00:00:00+00:00,337.2110766328429,337.25103316994193,330.3100554080323,332.347412109375,28442400
2026-01-16 00:00:00+00:00,333.97528525413946,334.2149635116852,327.27401649506595,329.5710144042969,40341600
2026-01-20 00:00:00+00:00,320.4528849486331,327.30398324237245,320.01345448184367,321.5814208984375,35361000
2026-01-21 00:00:00+00:00,320.50283121296127,332.0478012719212,318.9348648307384,327.953125,35386600
2026-01-22 00:00:00+00:00,334.0152109953496,334.7142826747097,328.3226090802118,330.1102905273437,26253600
2026-01-23 00:00:00+00:00,332.05776231305794,333.2562145369407,327.0243361197249,327.5036926269531,27280000
2026-01-26 00:00:00+00:00,327.3838548641184,335.4034148973675,326.5749102768944,332.8267822265625,26042100
2026-01-27 00:00:00+00:00,334.93402312381306,337.4707297257924,333.04649592160257,334.1150817871094,21636200
2026-01-28 00:00:00+00:00,335.6231039588608,337.10119086219134,331.5084650266126,335.5731811523437,27434400
2026-01-29 00:00:00+00:00,339.857625711299,341.8450595994438,326.1155333080428,337.810302734375,39785600
2026-01-30 00:00:00+00:00,339.5580079569619,339.5580079569619,331.8580393103398,337.56060791015625,31024000
2026-02-02 00:00:00+00:00,335.7829045969607,344.381696695552,335.193675272949,343.2431945800781,32006100
2026-02-03 00:00:00+00:00,346.8884575284791,348.5463032010534,337.0312933144156,339.26837158203125,36506700
2026-02-04 00:00:00+00:00,342.51417399710857,342.8637251238478,328.0929422734009,332.6070861816406,70618400
2026-02-05 00:00:00+00:00,311.81413592946416,332.2575275064077,306.0616137944584,330.81939697265625,88205800
2026-02-06 00:00:00+00:00,326.75466854448496,329.95052083207565,319.50412705068965,322.4402770996094,56380500
2026-02-09 00:00:00+00:00,320.5127991892576,327.2740180221729,316.84758707958963,323.8984069824219,39640100
2026-02-10 00:00:00+00:00,320.5527401483992,321.25184233940706,314.2009923012897,318.16583251953125,39170000
2026-02-11 00:00:00+00:00,318.5553213774315,320.6426005966259,309.25742736560915,310.55572509765625,45406400
2026-02-12 00:00:00+00:00,311.684307255737,315.82890653132813,306.80067966689137,308.59832763671875,47761300
2026-02-13 00:00:00+00:00,307.32996759040856,308.2287915112591,303.31517401115394,305.32257080078125,38499700
2026-02-17 00:00:00+00:00,299.6499434457439,304.0442171582303,295.86486207725466,301.6273498535156,39247600
2026-02-18 00:00:00+00:00,301.6972906518214,304.983022308801,300.8583862777236,302.9356689453125,28482100
2026-02-19 00:00:00+00:00,301.42763905495286,305.0728879320441,299.64995428739604,302.456298828125,25834400
2026-02-20 00:00:00+00:00,303.9244103176242,316.0885697634931,303.5049428811186,314.570556640625,53210800
2026-02-23 00:00:00+00:00,318.6352220336332,319.1046122516075,309.4671633706354,311.0850524902344,31423000
2026-02-24 00:00:00+00:00,310.11633870149166,311.8640638461802,305.5323089793432,310.495849609375,25615600
2026-02-25 00:00:00+00:00,311.65435118745364,313.23231441520727,309.03776179839537,312.4932556152344,29963600
2026-02-26 00:00:00+00:00,312.2335794136705,312.73292940852764,301.95694798569707,306.9804077148437,36431200
2026-02-27 00:00:00+00:00,303.7446468483449,311.9639287272481,303.4050620118916,311.354736328125,44640600
2026-03-02 00:00:00+00:00,302.83581985466094,308.0889612664211,300.908305641281,306.1215209960937,34790200
2026-03-03 00:00:00+00:00,298.2018299939976,303.5448811012492,296.3242691134317,303.1853332519531,35497000
2026-03-04 00:00:00+00:00,302.49628364637806,305.07291645770977,300.3590508331652,302.7359619140625,29536200
2026-03-05 00:00:00+00:00,302.6460874794852,302.90572878105803,297.60263367704704,300.4888916015625,35752300
2026-03-06 00:00:00+00:00,295.7050936872067,300.1393243405422,294.7962729857715,298.1319274902344,25576900
2026-03-09 00:00:00+00:00,294.1842573074437,306.6168332730834,293.9044256827884,306.1770935058594,29312100
2026-03-10 00:00:00+00:00,305.98724420005084,309.3252467158022,305.3875962722132,306.8567199707031,23239700
2026-03-11 00:00:00+00:00,306.56689883882945,311.2341247037885,305.7374076911934,308.5157470703125,24125700
2026-03-12 00:00:00+00:00,306.636841807898,308.7555713296518,300.8502897843219,303.3687744140625,24928300
2026-03-13 00:00:00+00:00,306.8267356773544,307.50632242162294,300.26065041451466,302.0995483398437,23693100
2026-03-16 00:00:00+00:00,304.16832484157635,306.3070315122431,302.8391017033621,305.3775939941406,23519700
2026-03-17 00:00:00+00:00,305.6773980936512,311.2341070358109,305.3176276402165,310.7344055175781,21955200
2026-03-18 00:00:00+00:00,309.0853604878573,312.2834623461404,306.74676108497374,307.5063171386719,20009800
2026-03-19 00:00:00+00:00,303.8285227221892,307.8760927647981,302.16951004441273,306.9466552734375,25075800
2026-03-20 00:00:00+00:00,305.2776414809433,305.8173276578073,298.0919312440676,300.8203125,44364100
2026-03-23 00:00:00+00:00,301.92965766257777,305.7973733016039,300.75036931754545,301.87969970703125,29326900
2026-03-24 00:00:00+00:00,299.02141279307426,299.7409842283802,290.1566818819568,290.2666320800781,36864300
2026-03-25 00:00:00+00:00,293.2648285118823,295.8232978370104,289.0673235725591,290.7563171386719,29460700
2026-03-26 00:00:00+00:00,287.7381369232671,287.7781215852462,278.33375052565475,280.7523193359375,39080600
2026-03-27 00:00:00+00:00,277.1144865271076,279.203235317384,273.7864876697142,274.1762390136719,35890600
2026-03-30 00:00:00+00:00,276.2550012483934,276.9245842043685,271.9475460941929,273.33673095703125,35141200
2026-03-31 00:00:00+00:00,277.87403020607053,287.9080147834651,276.9245851168754,287.3883361816406,43875400
2026-04-01 00:00:00+00:00,290.6663854824321,300.34059988895723,290.2366494817892,297.2124938964844,37684500
2026-04-02 00:00:00+00:00,290.5164904801884,297.9020635524316,289.2772403921399,295.59344482421875,21666500
2026-04-06 00:00:00+00:00,295.69337737406744,300.4405418912755,295.0037868253031,299.8109130859375,16945500
2026-04-07 00:00:00+00:00,302.5492981026724,305.4475608650088,297.5422790326475,305.27764892578125,23205400
2026-04-08 00:00:00+00:00,320.25872115869026,321.88772251879675,314.8319393907938,317.1305847167969,33547100
2026-04-09 00:00:00+00:00,315.72141928886384,319.3492572184689,310.8743084256086,318.29986572265625,23739200
2026-04-10 00:00:00+00:00,319.8289680511782,321.6378852163977,316.1311948927162,317.0506286621094,19152600
2026-04-13 00:00:00+00:00,316.9507009019676,321.4380108789369,315.28168437302884,321.1181945800781,18866400
2026-04-14 00:00:00+00:00,324.59612530340485,333.09105123243734,323.5567375910905,332.7112731933594,27721400
2026-04-15 00:00:00+00:00,332.69130668872015,337.278563176308,330.70247381548376,336.91876220703125,24918800
2026-04-16 00:00:00+00:00,338.5477782390461,339.6771085489368,334.3202924195682,335.81939697265625,20541500
2026-04-17 00:00:00+00:00,337.4484504303517,342.1156763245155,336.0392884001999,341.4760437011719,25581900
2026-04-20 00:00:00+00:00,340.55660000710446,341.1962021124509,336.40905286572576,337.2185974121094,18784200
2026-04-21 00:00:00+00:00,337.4884145965044,339.13742351057505,331.1522029907326,332.0916442871094,23123800
2026-04-22 00:00:00+00:00,336.818816762841,339.6171637007564,334.96994545488326,339.1174621582031,20293000
2026-04-23 00:00:00+00:00,340.9763246437424,341.7558578013153,335.97930940305434,338.6877136230469,18650300
2026-04-24 00:00:00+00:00,338.5277988797623,345.063872727698,335.1897964239415,344.19439697265625,26426100
2026-04-27 00:00:00+00:00,345.77347673538645,352.9691603649003,342.5254168368208,350.130859375,28576900
2026-04-28 00:00:00+00:00,348.34192077884484,352.20963620070955,345.91337868788094,349.5711975097656,27824100
2026-04-29 00:00:00+00:00,347.36252924438134,355.5776236260777,344.0045190996302,349.7311096191406,35376300
2026-04-30 00:00:00+00:00,373.8467067603946,385.6096696957082,365.60163158627074,384.5702819824219,72040000
2026-05-01 00:00:00+00:00,381.4022037517389,386.5291464515476,378.823726715884,385.4597778320313,30105200
2026-05-04 00:00:00+00:00,385.3997937985888,387.1487490940992,379.5632837866369,383.0212097167969,26298600
2026-05-05 00:00:00+00:00,385.9994517026946,392.58551415458055,383.79074899852696,388.1981201171875,23878600
2026-05-06 00:00:00+00:00,394.0146525811788,399.61131576273664,392.5255517960256,397.8023986816406,31308500
2026-05-07 00:00:00+00:00,399.6812819584635,399.8611671879692,392.4455831227277,397.7524108886719,24433500
2026-05-08 00:00:00+00:00,396.7630105926761,401.7600258394352,396.1233780013978,400.5607299804688,21461800
2026-05-11 00:00:00+00:00,393.415008612389,397.2027547509894,388.23810807955056,388.4080200195313,30753700
2026-05-12 00:00:00+00:00,387.1087706238473,388.28805889354703,382.541491402114,387.1187744140625,26017500
2026-05-13 00:00:00+00:00,385.3698394939953,403.4590416115898,384.77019153718186,402.3796691894531,28144600
2026-05-14 00:00:00+00:00,397.0428507456917,402.6894719958145,395.6037078837972,400.8305969238281,21136700
2026-05-15 00:00:00+00:00,396.0834349796574,399.30151410906007,392.9452946767326,396.5431518554688,20309700
2026-05-18 00:00:00+00:00,395.4538101055549,408.36608091552193,394.29449886421145,396.70306396484375,26837200
2026-05-19 00:00:00+00:00,396.723025004717,396.91291402359946,385.8794958446922,387.4285888671875,39545700
2026-05-20 00:00:00+00:00,387.4685872554011,393.6248834036927,382.6714341601505,388.6778564453125,31744400
2026-05-21 00:00:00+00:00,385.4697674348519,392.2656959548347,382.7913440893277,387.4285888671875,24852800
2026-05-22 00:00:00+00:00,387.1187843592316,388.5079387636157,381.5420981620284,382.7413940429688,20442100
2026-05-26 00:00:00+00:00,384.2804712769477,389.0276356997364,382.3716078175452,388.6478576660156,27747400
2026-05-27 00:00:00+00:00,386.4391861502527,393.64487351491664,385.66962629134815,388.5978698730469,23087300
2026-05-28 00:00:00+00:00,387.7683918215113,391.6360768291116,384.9300907577927,389.8971252441406,24357500
2026-05-29 00:00:00+00:00,385.0100143138995,385.0100143138995,378.2340629764561,380.1129455566406,44415800
2026-06-01 00:00:00+00:00,376.2952290661171,378.3340198477676,373.2970198869562,376.1453247070313,28672100
2026-06-02 00:00:00+00:00,366.371163421305,373.31702687507857,358.2260345973877,361.6340026855469,50412300
2026-06-03 00:00:00+00:00,361.81388965190393,366.2312646097652,357.8662353535933,358.77569580078125,55441600
2026-06-04 00:00:00+00:00,358.68575901079333,373.0271992966173,357.9961684462237,371.96783447265625,44055500
2026-06-05 00:00:00+00:00,366.1213024821565,371.8578661166277,363.9026265347829,368.30999755859375,37471200
2026-06-08 00:00:00+00:00,365.1799926757813,366.2000122070313,360.5299987792969,363.30999755859375,27942500
2026-06-09 00:00:00+00:00,367.0899963378906,372.0799865722656,357.29998779296875,364.260009765625,29535100
2026-06-10 00:00:00+00:00,363.1900024414063,368.55999755859375,355.20001220703125,356.3800048828125,32357100
2026-06-11 00:00:00+00:00,355.92999267578125,358.79998779296875,346.3599853515625,357.7699890136719,35538200
2026-06-12 00:00:00+00:00,362.6199951171875,366.5700073242188,354.94000244140625,359.67999267578125,24704600
2026-06-15 00:00:00+00:00,367.9299926757813,372.989990234375,366.5499877929688,369.3500061035156,27727500
2026-06-16 00:00:00+00:00,369.6000061035156,376.0,367.05999755859375,373.25,24876100
2026-06-17 00:00:00+00:00,369.1300048828125,372.3299865722656,362.0199890136719,363.7900085449219,24543600
2026-06-18 00:00:00+00:00,365.75,369.4800109863281,358.6700134277344,368.0299987792969,44470100
2026-06-22 00:00:00+00:00,357.95001220703125,358.9200134277344,341.7200012207031,349.67999267578125,52814800
2026-06-23 00:00:00+00:00,340.69000244140625,349.2900085449219,340.20001220703125,346.1300048828125,34007700
2026-06-24 00:00:00+00:00,349.0400085449219,353.4800109863281,341.92999267578125,345.2900085449219,44997300
2026-06-25 00:00:00+00:00,336.7300109863281,345.57000732421875,335.8399963378906,343.7099914550781,44491400
2026-06-26 00:00:00+00:00,342.54998779296875,346.3599853515625,330.20001220703125,337.3900146484375,114706300
2026-06-29 00:00:00+00:00,341.8299865722656,354.3500061035156,340.6700134277344,353.6499938964844,34213900
2026-06-30 00:00:00+00:00,353.8699951171875,358.6199951171875,350.3999938964844,357.3699951171875,35237200
2026-07-01 00:00:00+00:00,358.3699951171875,362.9700012207031,356.42999267578125,361.2099914550781,26736400
2026-07-02 00:00:00+00:00,359.4800109863281,364.2099914550781,353.4200134277344,359.9100036621094,25974800
2026-07-06 00:00:00+00:00,361.5499877929688,367.9299926757813,357.3800048828125,366.4599914550781,26915800
2026-07-07 00:00:00+00:00,369.0700073242188,373.1600036621094,365.5,367.0299987792969,24045600
2026-07-08 00:00:00+00:00,364.760009765625,367.8399963378906,358.0199890136719,361.9200134277344,22094800
2026-07-09 00:00:00+00:00,354.3099975585937,359.6499938964844,351.0799865722656,358.8900146484375,24729100
2026-07-10 00:00:00+00:00,357.5299987792969,357.82000732421875,352.75,357.17999267578125,18146100
2026-07-13 00:00:00+00:00,356.19000244140625,358.1300048828125,351.75,352.510009765625,15901700
2026-07-14 00:00:00+00:00,351.20001220703125,360.1600036621094,351.0899963378906,359.510009765625,18259400
2026-07-15 00:00:00+00:00,357.9700012207031,373.6499938964844,357.760009765625,370.9200134277344,28284600
2026-07-16 00:00:00+00:00,373.05999755859375,375.2699890136719,352.29998779296875,354.4599914550781,41158500
2026-07-17 00:00:00+00:00,346.0,348.5199890136719,341.3599853515625,346.7699890136719,29959300
2026-07-20 00:00:00+00:00,350.8800048828125,359.67999267578125,350.5199890136719,351.989990234375,24736600
2026-07-21 00:00:00+00:00,351.32000732421875,351.32000732421875,347.0,347.1499938964844,23369800
2026-07-22 00:00:00+00:00,348.1600036621094,349.94000244140625,341.7300109863281,342.0899963378906,39334100
2026-07-23 00:00:00+00:00,321.1300048828125,324.489990234375,314.8999938964844,317.69000244140625,69419700
2026-07-24 00:00:00+00:00,318.4200134277344,324.17999267578125,317.32000732421875,319.739990234375,31806600
2026-07-27 00:00:00+00:00,325.0400085449219,330.4200134277344,324.45001220703125,326.5599975585937,28471600
2026-07-28 00:00:00+00:00,327.8999938964844,335.8800048828125,324.44000244140625,333.7099914550781,29511900
2026-07-29 00:00:00+00:00,334.6700134277344,342.5,331.6199951171875,336.7099914550781,27501600
2026-07-30 00:00:00+00:00,334.20001220703125,336.510009765625,330.3399963378906,333.6600036621094,30168000
2026-07-31 00:00:00+00:00,340.8299865722656,358.5799865722656,340.0,356.1300048828125,46498000
2026-08-03 00:00:00+00:00,365.4500122070313,376.6900024414063,363.3500061035156,373.510009765625,38669700
2026-08-04 00:00:00+00:00,368.2200012207031,380.5199890136719,367.5,377.6499938964844,35705700
2026-08-05 00:00:00+00:00,383.3399963378906,384.4800109863281,356.7699890136719,362.4299926757813,46926300
2026-08-06 00:00:00+00:00,360.7699890136719,364.1300048828125,356.8800048828125,357.75,25235900
2026-08-07 00:00:00+00:00,356.7200012207031,358.8999938964844,353.7799987792969,354.29998779296875,19859900
2026-08-10 00:00:00+00:00,355.17999267578125,357.6099853515625,352.7099914550781,357.5199890136719,18991400
2026-08-11 00:00:00+00:00,355.8900146484375,356.8099975585937,343.3900146484375,343.79998779296875,29081800
2026-08-12 00:00:00+00:00,346.3099975585937,346.4800109863281,340.8800048828125,343.5400085449219,25012000
2026-08-13 00:00:00+00:00,345.7699890136719,347.92999267578125,343.760009765625,346.3599853515625,17866100
2026-08-14 00:00:00+00:00,346.79998779296875,350.45001220703125,344.5,345.8999938964844,17808600
2026-08-17 00:00:00+00:00,346.2699890136719,347.25,341.92999267578125,344.0,18291300
2026-08-18 00:00:00+00:00,342.4100036621094,344.8699951171875,340.19000244140625,344.20001220703125,19248800
2026-08-19 00:00:00+00:00,342.4599914550781,346.7300109863281,340.6600036621094,344.7200012207031,19733800
2026-08-20 00:00:00+00:00,343.0599975585937,343.8999938964844,338.57000732421875,340.6700134277344,18570400
2026-08-21 00:00:00+00:00,342.5799865722656,346.20001220703125,340.3999938964844,344.82000732421875,20849800
2026-08-24 00:00:00+00:00,343.6199951171875,351.6000061035156,342.489990234375,348.0599975585937,26338200
2026-08-25 00:00:00+00:00,349.6400146484375,350.1600036621094,345.6000061035156,346.9599914550781,20649700
2026-08-26 00:00:00+00:00,346.6199951171875,346.8800048828125,340.17999267578125,342.0,20420300
2026-08-27 00:00:00+00:00,339.6700134277344,341.69000244140625,338.5199890136719,340.6499938964844,23391400
2026-08-28 00:00:00+00:00,340.7099914550781,349.1400146484375,340.2699890136719,346.5899963378906,25317400
2026-08-31 00:00:00+00:00,343.697998046875,344.5899963378906,337.156005859375,338.19000244140625,12899238
