timestamp,open,high,low,close,volume
2016-08-29 00:00:00+00:00,58.18,58.6,58.1,58.1,16417200
2016-08-30 00:00:00+00:00,57.98,58.19,57.61,57.89,16930200
2016-08-31 00:00:00+00:00,57.65,57.8,57.3,57.46,20860300
2016-09-01 00:00:00+00:00,57.01,57.82,57.01,57.59,26075400
2016-09-02 00:00:00+00:00,57.67,58.19,57.42,57.67,18900500
2016-09-06 00:00:00+00:00,57.78,57.8,57.21,57.61,16278400
2016-09-07 00:00:00+00:00,57.47,57.84,57.41,57.66,17493400
2016-09-08 00:00:00+00:00,57.63,57.79,57.18,57.43,20146100
2016-09-09 00:00:00+00:00,56.79,57.52,56.21,56.21,35113900
2016-09-12 00:00:00+00:00,56.0,57.21,55.61,57.05,29303000
2016-09-13 00:00:00+00:00,56.5,56.65,56.05,56.53,30130200
2016-09-14 00:00:00+00:00,56.39,56.63,56.03,56.26,24062500
2016-09-15 00:00:00+00:00,56.15,57.35,55.98,57.19,26847000
2016-09-16 00:00:00+00:00,57.63,57.63,56.75,57.25,44607000
2016-09-19 00:00:00+00:00,57.27,57.75,56.85,56.93,20937100
2016-09-20 00:00:00+00:00,57.35,57.35,56.75,56.81,17384000
2016-09-21 00:00:00+00:00,57.51,57.85,57.08,57.76,33707300
2016-09-22 00:00:00+00:00,57.92,58.0,57.63,57.82,19822200
2016-09-23 00:00:00+00:00,57.87,57.91,57.38,57.43,19955300
2016-09-26 00:00:00+00:00,57.08,57.14,56.83,56.9,21688700
2016-09-27 00:00:00+00:00,56.93,58.06,56.68,57.95,28065100
2016-09-28 00:00:00+00:00,57.88,58.06,57.67,58.03,20536400
2016-09-29 00:00:00+00:00,57.81,58.17,57.21,57.4,25463500
2016-09-30 00:00:00+00:00,57.57,57.77,57.34,57.6,29910800
2016-10-03 00:00:00+00:00,57.41,57.55,57.06,57.42,19189500
2016-10-04 00:00:00+00:00,57.27,57.6,56.97,57.24,20085900
2016-10-05 00:00:00+00:00,57.29,57.96,57.26,57.64,16726400
2016-10-06 00:00:00+00:00,57.74,57.86,57.28,57.74,16212600
2016-10-07 00:00:00+00:00,57.85,57.98,57.42,57.8,20089000
2016-10-10 00:00:00+00:00,57.91,58.39,57.87,58.04,18196500
2016-10-11 00:00:00+00:00,57.89,58.02,56.89,57.19,26497400
2016-10-12 00:00:00+00:00,57.11,57.27,56.4,57.11,22177500
2016-10-13 00:00:00+00:00,56.7,57.3,56.32,56.92,25313700
2016-10-14 00:00:00+00:00,57.12,57.74,57.12,57.42,27402500
2016-10-17 00:00:00+00:00,57.36,57.46,56.87,57.22,23830000
2016-10-18 00:00:00+00:00,57.53,57.95,57.41,57.66,19149500
2016-10-19 00:00:00+00:00,57.47,57.84,57.4,57.53,22878400
2016-10-20 00:00:00+00:00,57.5,57.52,56.66,57.25,49455600
2016-10-21 00:00:00+00:00,60.28,60.45,59.49,59.66,80032200
2016-10-24 00:00:00+00:00,59.94,61.0,59.93,61.0,54067000
2016-10-25 00:00:00+00:00,60.85,61.37,60.8,60.99,35137200
2016-10-26 00:00:00+00:00,60.81,61.2,60.47,60.63,29911600
2016-10-27 00:00:00+00:00,60.61,60.83,60.09,60.1,28479900
2016-10-28 00:00:00+00:00,60.01,60.52,59.58,59.87,33574700
2016-10-31 00:00:00+00:00,60.16,60.42,59.92,59.92,26434700
2016-11-01 00:00:00+00:00,59.97,60.02,59.25,59.8,24533000
2016-11-02 00:00:00+00:00,59.82,59.93,59.3,59.43,22147000
2016-11-03 00:00:00+00:00,59.53,59.64,59.11,59.21,21600400
2016-11-04 00:00:00+00:00,58.65,59.28,58.52,58.71,28697000
2016-11-07 00:00:00+00:00,59.78,60.52,59.78,60.42,31664800
2016-11-08 00:00:00+00:00,60.55,60.78,60.15,60.47,22935400
2016-11-09 00:00:00+00:00,60.0,60.59,59.2,60.17,49632500
2016-11-10 00:00:00+00:00,60.48,60.49,57.63,58.7,57822400
2016-11-11 00:00:00+00:00,58.23,59.12,58.01,59.02,38767800
2016-11-14 00:00:00+00:00,59.02,59.08,57.28,58.12,41328400
2016-11-15 00:00:00+00:00,58.33,59.49,58.32,58.87,35904100
2016-11-16 00:00:00+00:00,58.94,59.66,58.81,59.65,27332500
2016-11-17 00:00:00+00:00,60.41,60.95,59.97,60.64,32132700
2016-11-18 00:00:00+00:00,60.78,61.14,60.3,60.35,27686300
2016-11-21 00:00:00+00:00,60.5,60.97,60.42,60.86,19652600
2016-11-22 00:00:00+00:00,60.98,61.26,60.81,61.12,23206700
2016-11-23 00:00:00+00:00,61.01,61.1,60.25,60.4,21848900
2016-11-25 00:00:00+00:00,60.3,60.53,60.13,60.53,8409600
2016-11-28 00:00:00+00:00,60.34,61.02,60.21,60.61,20732600
2016-11-29 00:00:00+00:00,60.65,61.41,60.52,61.09,22366700
2016-11-30 00:00:00+00:00,60.86,61.18,60.22,60.26,34655400
2016-12-01 00:00:00+00:00,60.11,60.15,58.94,59.2,34542100
2016-12-02 00:00:00+00:00,59.08,59.47,58.8,59.25,25515700
2016-12-05 00:00:00+00:00,59.7,60.59,59.56,60.22,23552700
2016-12-06 00:00:00+00:00,60.43,60.46,59.8,59.95,19907000
2016-12-07 00:00:00+00:00,60.01,61.38,59.8,61.37,30809000
2016-12-08 00:00:00+00:00,61.3,61.58,60.84,61.01,21220800
2016-12-09 00:00:00+00:00,61.18,61.99,61.13,61.97,27349400
2016-12-12 00:00:00+00:00,61.82,62.3,61.72,62.17,20198100
2016-12-13 00:00:00+00:00,62.5,63.42,62.24,62.98,35718900
2016-12-14 00:00:00+00:00,63.0,63.45,62.53,62.68,30352700
2016-12-15 00:00:00+00:00,62.7,63.15,62.3,62.58,27669900
2016-12-16 00:00:00+00:00,62.95,62.95,62.12,62.3,42453100
2016-12-19 00:00:00+00:00,62.56,63.77,62.42,63.62,34338200
2016-12-20 00:00:00+00:00,63.69,63.8,63.03,63.54,26028400
2016-12-21 00:00:00+00:00,63.43,63.7,63.12,63.54,17096300
2016-12-22 00:00:00+00:00,63.84,64.1,63.41,63.55,22176600
2016-12-23 00:00:00+00:00,63.45,63.54,62.8,63.24,12403800
2016-12-27 00:00:00+00:00,63.21,64.07,63.21,63.28,11763200
2016-12-28 00:00:00+00:00,63.4,63.4,62.83,62.99,14653300
2016-12-29 00:00:00+00:00,62.86,63.2,62.73,62.9,10250600
2016-12-30 00:00:00+00:00,62.96,62.99,62.03,62.14,25579900
2017-01-03 00:00:00+00:00,62.79,62.84,62.13,62.58,20694100
2017-01-04 00:00:00+00:00,62.48,62.75,62.12,62.3,21340000
2017-01-05 00:00:00+00:00,62.19,62.66,62.03,62.3,24876000
2017-01-06 00:00:00+00:00,62.3,63.15,62.04,62.84,19922900
2017-01-09 00:00:00+00:00,62.76,63.08,62.54,62.64,20382700
2017-01-10 00:00:00+00:00,62.73,63.07,62.28,62.62,18593000
2017-01-11 00:00:00+00:00,62.61,63.23,62.43,63.19,21517300
2017-01-12 00:00:00+00:00,63.06,63.4,61.95,62.61,20968200
2017-01-13 00:00:00+00:00,62.62,62.87,62.35,62.7,19422300
2017-01-17 00:00:00+00:00,62.68,62.7,62.03,62.53,20664000
2017-01-18 00:00:00+00:00,62.67,62.7,62.12,62.5,19670100
2017-01-19 00:00:00+00:00,62.24,62.98,62.2,62.3,18451700
2017-01-20 00:00:00+00:00,62.67,62.82,62.37,62.74,30213500
2017-01-23 00:00:00+00:00,62.7,63.12,62.57,62.96,23097600
2017-01-24 00:00:00+00:00,63.2,63.74,62.94,63.52,24672900
2017-01-25 00:00:00+00:00,63.95,64.1,63.45,63.68,23672700
2017-01-26 00:00:00+00:00,64.12,64.54,63.55,64.27,43554600
2017-01-27 00:00:00+00:00,65.39,65.91,64.89,65.78,44818000
2017-01-30 00:00:00+00:00,65.69,65.79,64.8,65.13,31651400
2017-01-31 00:00:00+00:00,64.86,65.15,64.26,64.65,25270500
2017-02-01 00:00:00+00:00,64.36,64.62,63.47,63.58,39671500
2017-02-02 00:00:00+00:00,63.25,63.41,62.75,63.17,45827000
2017-02-03 00:00:00+00:00,63.5,63.7,63.07,63.68,30301800
2017-02-06 00:00:00+00:00,63.5,63.65,63.14,63.64,19796400
2017-02-07 00:00:00+00:00,63.74,63.78,63.23,63.43,20277200
2017-02-08 00:00:00+00:00,63.57,63.81,63.22,63.34,18096400
2017-02-09 00:00:00+00:00,63.52,64.44,63.32,64.06,22644400
2017-02-10 00:00:00+00:00,64.25,64.3,63.98,64.0,18170700
2017-02-13 00:00:00+00:00,64.24,64.86,64.13,64.72,22920100
2017-02-14 00:00:00+00:00,64.41,64.72,64.02,64.57,23108400
2017-02-15 00:00:00+00:00,64.5,64.57,64.16,64.53,17005200
2017-02-16 00:00:00+00:00,64.74,65.24,64.44,64.52,20546300
2017-02-17 00:00:00+00:00,64.47,64.69,64.3,64.62,21248800
2017-02-21 00:00:00+00:00,64.61,64.95,64.45,64.49,20655900
2017-02-22 00:00:00+00:00,64.33,64.39,64.05,64.36,19292700
2017-02-23 00:00:00+00:00,64.42,64.73,64.19,64.62,20273100
2017-02-24 00:00:00+00:00,64.53,64.8,64.14,64.62,21796800
2017-02-27 00:00:00+00:00,64.54,64.54,64.05,64.23,15871500
2017-02-28 00:00:00+00:00,64.08,64.2,63.76,63.98,23239800
2017-03-01 00:00:00+00:00,64.13,64.99,64.02,64.94,26937500
2017-03-02 00:00:00+00:00,64.69,64.75,63.88,64.01,24539600
2017-03-03 00:00:00+00:00,63.99,64.28,63.62,64.25,18135900
2017-03-06 00:00:00+00:00,63.97,64.56,63.81,64.27,18750300
2017-03-07 00:00:00+00:00,64.19,64.78,64.19,64.4,18521000
2017-03-08 00:00:00+00:00,64.26,65.08,64.25,64.99,21510900
2017-03-09 00:00:00+00:00,65.19,65.2,64.48,64.73,19846800
2017-03-10 00:00:00+00:00,65.11,65.26,64.75,64.93,19538200
2017-03-13 00:00:00+00:00,65.01,65.19,64.57,64.71,20100000
2017-03-14 00:00:00+00:00,64.53,64.55,64.15,64.41,14280200
2017-03-15 00:00:00+00:00,64.55,64.92,64.25,64.75,24833800
2017-03-16 00:00:00+00:00,64.75,64.76,64.3,64.64,20674300
2017-03-17 00:00:00+00:00,64.91,65.24,64.68,64.87,49219700
2017-03-20 00:00:00+00:00,64.91,65.18,64.72,64.93,14598100
2017-03-21 00:00:00+00:00,65.19,65.5,64.13,64.21,26640500
2017-03-22 00:00:00+00:00,64.12,65.14,64.12,65.03,20680000
2017-03-23 00:00:00+00:00,64.94,65.24,64.77,64.87,19269200
2017-03-24 00:00:00+00:00,65.36,65.45,64.76,64.98,22617100
2017-03-27 00:00:00+00:00,64.63,65.22,64.35,65.1,18614700
2017-03-28 00:00:00+00:00,64.96,65.47,64.65,65.29,20080400
2017-03-29 00:00:00+00:00,65.12,65.5,64.95,65.47,13618400
2017-03-30 00:00:00+00:00,65.42,65.98,65.36,65.71,15122800
2017-03-31 00:00:00+00:00,65.65,66.19,65.45,65.86,21040300
2017-04-03 00:00:00+00:00,65.81,65.94,65.19,65.55,20400900
2017-04-04 00:00:00+00:00,65.39,65.81,65.28,65.73,12997400
2017-04-05 00:00:00+00:00,66.3,66.35,65.44,65.56,21448600
2017-04-06 00:00:00+00:00,65.6,66.06,65.48,65.73,18103500
2017-04-07 00:00:00+00:00,65.85,65.96,65.44,65.68,14108500
2017-04-10 00:00:00+00:00,65.61,65.82,65.36,65.53,17952700
2017-04-11 00:00:00+00:00,65.6,65.61,64.85,65.48,18791500
2017-04-12 00:00:00+00:00,65.42,65.51,65.11,65.23,17108500
2017-04-13 00:00:00+00:00,65.29,65.86,64.95,64.95,17896500
2017-04-17 00:00:00+00:00,65.04,65.49,65.01,65.48,16689300
2017-04-18 00:00:00+00:00,65.33,65.71,65.16,65.39,15155600
2017-04-19 00:00:00+00:00,65.65,65.75,64.89,65.04,26992800
2017-04-20 00:00:00+00:00,65.46,65.75,65.14,65.5,22299500
2017-04-21 00:00:00+00:00,65.67,66.7,65.45,66.4,32522600
2017-04-24 00:00:00+00:00,67.48,67.66,67.1,67.53,29770000
2017-04-25 00:00:00+00:00,67.9,68.04,67.6,67.92,30242700
2017-04-26 00:00:00+00:00,68.08,68.31,67.62,67.83,26190800
2017-04-27 00:00:00+00:00,68.15,68.38,67.58,68.27,34971000
2017-04-28 00:00:00+00:00,68.91,69.14,67.69,68.46,39548800
2017-05-01 00:00:00+00:00,68.68,69.55,68.5,69.41,31954400
2017-05-02 00:00:00+00:00,69.71,69.71,69.13,69.3,23906100
2017-05-03 00:00:00+00:00,69.38,69.38,68.71,69.08,28928000
2017-05-04 00:00:00+00:00,69.03,69.08,68.64,68.81,21749400
2017-05-05 00:00:00+00:00,68.9,69.03,68.49,69.0,19128800
2017-05-08 00:00:00+00:00,68.97,69.05,68.42,68.94,18566100
2017-05-09 00:00:00+00:00,68.86,69.28,68.68,69.04,22858400
2017-05-10 00:00:00+00:00,68.99,69.56,68.92,69.31,17977800
2017-05-11 00:00:00+00:00,68.36,68.73,68.12,68.46,28789400
2017-05-12 00:00:00+00:00,68.61,68.61,68.04,68.38,18714100
2017-05-15 00:00:00+00:00,68.14,68.48,67.57,68.43,31530300
2017-05-16 00:00:00+00:00,68.23,69.44,68.16,69.41,34956000
2017-05-17 00:00:00+00:00,68.89,69.1,67.43,67.48,30548800
2017-05-18 00:00:00+00:00,67.4,68.13,67.14,67.71,25201300
2017-05-19 00:00:00+00:00,67.5,68.1,67.43,67.69,26961100
2017-05-22 00:00:00+00:00,67.89,68.5,67.5,68.45,16237600
2017-05-23 00:00:00+00:00,68.72,68.75,68.38,68.68,15425800
2017-05-24 00:00:00+00:00,68.87,68.88,68.45,68.77,14593900
2017-05-25 00:00:00+00:00,68.97,69.88,68.91,69.62,21854100
2017-05-26 00:00:00+00:00,69.8,70.22,69.52,69.96,19827900
2017-05-30 00:00:00+00:00,69.79,70.41,69.77,70.41,17072800
2017-05-31 00:00:00+00:00,70.53,70.74,69.81,69.84,30436400
2017-06-01 00:00:00+00:00,70.24,70.61,69.45,70.1,21603600
2017-06-02 00:00:00+00:00,70.44,71.86,70.24,71.76,34770300
2017-06-05 00:00:00+00:00,71.97,72.89,71.81,72.28,33316800
2017-06-06 00:00:00+00:00,72.3,72.62,72.27,72.52,31511100
2017-06-07 00:00:00+00:00,72.64,72.77,71.95,72.39,22301800
2017-06-08 00:00:00+00:00,72.51,72.52,71.5,71.95,24588300
2017-06-09 00:00:00+00:00,72.04,72.08,68.59,70.32,49187400
2017-06-12 00:00:00+00:00,69.25,69.94,68.13,69.78,47761700
2017-06-13 00:00:00+00:00,70.02,70.82,69.96,70.65,25258600
2017-06-14 00:00:00+00:00,70.91,71.1,69.43,70.27,25510700
2017-06-15 00:00:00+00:00,69.27,70.21,68.8,69.9,26068700
2017-06-16 00:00:00+00:00,69.73,70.03,69.22,70.0,48345100
2017-06-19 00:00:00+00:00,70.5,70.94,70.35,70.87,23798300
2017-06-20 00:00:00+00:00,70.82,70.87,69.87,69.91,21512200
2017-06-21 00:00:00+00:00,70.21,70.62,69.94,70.27,19891100
2017-06-22 00:00:00+00:00,70.54,70.59,69.71,70.26,22965700
2017-06-23 00:00:00+00:00,70.09,71.25,69.92,71.21,27617300
2017-06-26 00:00:00+00:00,71.4,71.71,70.44,70.53,19607000
2017-06-27 00:00:00+00:00,70.11,70.18,69.18,69.21,25215100
2017-06-28 00:00:00+00:00,69.21,69.84,68.79,69.8,25806200
2017-06-29 00:00:00+00:00,69.38,69.49,68.09,68.49,28918700
2017-06-30 00:00:00+00:00,68.78,69.38,68.74,68.93,24161100
2017-07-03 00:00:00+00:00,69.33,69.6,68.02,68.17,16165500
2017-07-05 00:00:00+00:00,68.26,69.44,68.22,69.08,21176300
2017-07-06 00:00:00+00:00,68.27,68.78,68.12,68.57,21117600
2017-07-07 00:00:00+00:00,68.7,69.84,68.7,69.46,16878300
2017-07-10 00:00:00+00:00,69.46,70.25,69.2,69.98,15014500
2017-07-11 00:00:00+00:00,70.0,70.68,69.75,69.99,17460000
2017-07-12 00:00:00+00:00,70.69,71.28,70.55,71.15,17750900
2017-07-13 00:00:00+00:00,71.5,72.04,71.31,71.77,20269800
2017-07-14 00:00:00+00:00,72.24,73.27,71.96,72.78,25868100
2017-07-17 00:00:00+00:00,72.8,73.45,72.72,73.35,21803900
2017-07-18 00:00:00+00:00,73.09,73.39,72.66,73.3,26435300
2017-07-19 00:00:00+00:00,73.5,74.04,73.45,73.86,22416200
2017-07-20 00:00:00+00:00,74.18,74.3,73.28,74.22,42361000
2017-07-21 00:00:00+00:00,73.45,74.29,73.17,73.79,46717100
2017-07-24 00:00:00+00:00,73.53,73.75,73.13,73.6,21394800
2017-07-25 00:00:00+00:00,73.8,74.31,73.5,74.19,22018700
2017-07-26 00:00:00+00:00,74.34,74.38,73.81,74.05,16252200
2017-07-27 00:00:00+00:00,73.76,74.42,72.32,73.16,36844200
2017-07-28 00:00:00+00:00,72.67,73.31,72.54,73.04,18306700
2017-07-31 00:00:00+00:00,73.3,73.44,72.41,72.7,23600100
2017-08-01 00:00:00+00:00,73.1,73.42,72.49,72.58,22132300
2017-08-02 00:00:00+00:00,72.55,72.56,71.44,72.26,26499200
2017-08-03 00:00:00+00:00,72.19,72.44,71.85,72.15,18214400
2017-08-04 00:00:00+00:00,72.4,73.04,72.24,72.68,22579000
2017-08-07 00:00:00+00:00,72.8,72.9,72.26,72.4,18705700
2017-08-08 00:00:00+00:00,72.09,73.13,71.75,72.79,22044600
2017-08-09 00:00:00+00:00,72.25,72.51,72.05,72.47,22213400
2017-08-10 00:00:00+00:00,71.9,72.19,71.35,71.41,24734500
2017-08-11 00:00:00+00:00,71.61,72.7,71.28,72.5,21443700
2017-08-14 00:00:00+00:00,73.06,73.72,72.95,73.59,20096600
2017-08-15 00:00:00+00:00,73.59,73.59,73.04,73.22,19181400
2017-08-16 00:00:00+00:00,73.34,74.1,73.17,73.65,18150400
2017-08-17 00:00:00+00:00,73.58,73.87,72.4,72.4,22977500
2017-08-18 00:00:00+00:00,72.27,72.84,71.93,72.49,18761500
2017-08-21 00:00:00+00:00,72.47,72.48,71.7,72.15,17734800
2017-08-22 00:00:00+00:00,72.35,73.24,72.35,73.16,14343700
2017-08-23 00:00:00+00:00,72.96,73.15,72.53,72.72,13766500
2017-08-24 00:00:00+00:00,72.74,72.86,72.07,72.69,17098300
2017-08-25 00:00:00+00:00,72.86,73.35,72.48,72.82,12794300
2017-08-28 00:00:00+00:00,73.06,73.09,72.55,72.83,14569700
2017-08-29 00:00:00+00:00,72.25,73.16,72.05,73.05,11478400
2017-08-30 00:00:00+00:00,73.01,74.21,72.83,74.01,16897800
2017-08-31 00:00:00+00:00,74.03,74.96,73.8,74.77,27652800
2017-09-01 00:00:00+00:00,74.71,74.74,73.64,73.94,21736200
2017-09-05 00:00:00+00:00,73.34,73.89,72.98,73.61,21556000
2017-09-06 00:00:00+00:00,73.74,74.04,73.35,73.4,16535800
2017-09-07 00:00:00+00:00,73.68,74.6,73.6,74.34,17471200
2017-09-08 00:00:00+00:00,74.33,74.44,73.84,73.98,14703800
2017-09-11 00:00:00+00:00,74.31,74.94,74.31,74.76,17910400
2017-09-12 00:00:00+00:00,74.76,75.24,74.37,74.68,14394900
2017-09-13 00:00:00+00:00,74.93,75.23,74.55,75.21,13380800
2017-09-14 00:00:00+00:00,75.0,75.49,74.52,74.77,15733900
2017-09-15 00:00:00+00:00,74.83,75.39,74.07,75.31,38578400
2017-09-18 00:00:00+00:00,75.23,75.97,75.04,75.16,23307000
2017-09-19 00:00:00+00:00,75.21,75.71,75.01,75.44,16093300
2017-09-20 00:00:00+00:00,75.35,75.55,74.31,74.94,21587900
2017-09-21 00:00:00+00:00,75.11,75.24,74.11,74.21,19186100
2017-09-22 00:00:00+00:00,73.99,74.51,73.85,74.41,14111400
2017-09-25 00:00:00+00:00,74.09,74.25,72.92,73.26,24149200
2017-09-26 00:00:00+00:00,73.67,73.81,72.99,73.26,18019600
2017-09-27 00:00:00+00:00,73.55,74.17,73.17,73.85,19565100
2017-09-28 00:00:00+00:00,73.54,73.97,73.31,73.87,10883800
2017-09-29 00:00:00+00:00,73.94,74.54,73.88,74.49,17079100
2017-10-02 00:00:00+00:00,74.71,75.01,74.3,74.61,15304800
2017-10-03 00:00:00+00:00,74.67,74.88,74.19,74.26,12190400
2017-10-04 00:00:00+00:00,74.09,74.72,73.71,74.69,13317700
2017-10-05 00:00:00+00:00,75.22,76.12,74.96,75.97,21195300
2017-10-06 00:00:00+00:00,75.67,76.03,75.54,76.0,13959800
2017-10-09 00:00:00+00:00,75.97,76.55,75.86,76.29,11386500
2017-10-10 00:00:00+00:00,76.33,76.63,76.14,76.29,13944500
2017-10-11 00:00:00+00:00,76.36,76.46,75.95,76.42,15388900
2017-10-12 00:00:00+00:00,76.49,77.29,76.37,77.12,16876500
2017-10-13 00:00:00+00:00,77.59,77.87,77.29,77.49,15335700
2017-10-16 00:00:00+00:00,77.42,77.81,77.35,77.65,12380100
2017-10-17 00:00:00+00:00,77.47,77.62,77.25,77.59,16824000
2017-10-18 00:00:00+00:00,77.67,77.85,77.37,77.61,13300700
2017-10-19 00:00:00+00:00,77.57,77.93,77.35,77.91,15092800
2017-10-20 00:00:00+00:00,78.32,78.97,78.22,78.81,22866400
2017-10-23 00:00:00+00:00,78.99,79.34,78.76,78.83,20627200
2017-10-24 00:00:00+00:00,78.9,79.2,78.46,78.86,17517200
2017-10-25 00:00:00+00:00,78.58,79.1,78.01,78.63,20410800
2017-10-26 00:00:00+00:00,79.2,79.42,78.75,78.76,32120700
2017-10-27 00:00:00+00:00,84.37,86.2,83.61,83.81,71066700
2017-10-30 00:00:00+00:00,83.7,84.33,83.11,83.89,31756700
2017-10-31 00:00:00+00:00,84.36,84.36,83.11,83.18,27086600
2017-11-01 00:00:00+00:00,83.68,83.76,82.88,83.18,22307400
2017-11-02 00:00:00+00:00,83.35,84.46,83.12,84.05,23992900
2017-11-03 00:00:00+00:00,84.08,84.54,83.4,84.14,17633500
2017-11-06 00:00:00+00:00,84.2,84.7,84.08,84.47,19860900
2017-11-07 00:00:00+00:00,84.77,84.9,83.93,84.27,17939700
2017-11-08 00:00:00+00:00,84.14,84.61,83.83,84.56,18034200
2017-11-09 00:00:00+00:00,84.11,84.27,82.9,84.09,21178400
2017-11-10 00:00:00+00:00,83.79,84.1,83.23,83.87,19397800
2017-11-13 00:00:00+00:00,83.66,83.94,83.46,83.93,14196900
2017-11-14 00:00:00+00:00,83.5,84.1,82.98,84.05,18801300
2017-11-15 00:00:00+00:00,83.47,83.69,82.69,82.98,19383100
2017-11-16 00:00:00+00:00,83.1,83.42,82.94,83.2,20962800
2017-11-17 00:00:00+00:00,83.12,83.12,82.24,82.4,22079000
2017-11-20 00:00:00+00:00,82.4,82.59,82.25,82.53,16315000
2017-11-21 00:00:00+00:00,82.74,83.84,82.74,83.72,21237500
2017-11-22 00:00:00+00:00,83.83,83.9,83.04,83.11,20553100
2017-11-24 00:00:00+00:00,83.01,83.43,82.78,83.26,7425600
2017-11-27 00:00:00+00:00,83.31,83.98,83.3,83.87,18265200
2017-11-28 00:00:00+00:00,84.07,85.06,84.02,84.88,21926000
2017-11-29 00:00:00+00:00,84.71,84.92,83.18,83.34,27381100
2017-11-30 00:00:00+00:00,83.51,84.52,83.34,84.17,33054600
2017-12-01 00:00:00+00:00,83.6,84.81,83.22,84.26,29532100
2017-12-04 00:00:00+00:00,84.42,84.43,80.7,81.08,39094900
2017-12-05 00:00:00+00:00,81.34,82.68,80.98,81.59,26152300
2017-12-06 00:00:00+00:00,81.55,83.14,81.43,82.78,26162100
2017-12-07 00:00:00+00:00,82.54,82.8,82.0,82.49,23184500
2017-12-08 00:00:00+00:00,83.63,84.58,83.33,84.16,24489100
2017-12-11 00:00:00+00:00,84.29,85.37,84.12,85.23,22857900
2017-12-12 00:00:00+00:00,85.31,86.05,85.08,85.58,23924100
2017-12-13 00:00:00+00:00,85.74,86.0,85.17,85.35,22062700
2017-12-14 00:00:00+00:00,85.43,85.87,84.53,84.69,19306000
2017-12-15 00:00:00+00:00,85.26,87.09,84.88,86.85,53936700
2017-12-18 00:00:00+00:00,87.12,87.5,86.23,86.38,22283800
2017-12-19 00:00:00+00:00,86.35,86.35,85.27,85.83,23524800
2017-12-20 00:00:00+00:00,86.2,86.3,84.71,85.52,23674900
2017-12-21 00:00:00+00:00,86.05,86.1,85.4,85.5,17990700
2017-12-22 00:00:00+00:00,85.4,85.63,84.92,85.51,14145800
2017-12-26 00:00:00+00:00,85.31,85.53,85.03,85.4,9891200
2017-12-27 00:00:00+00:00,85.65,85.98,85.22,85.71,14678000
2017-12-28 00:00:00+00:00,85.9,85.93,85.55,85.72,10594300
2017-12-29 00:00:00+00:00,85.63,86.05,85.5,85.54,18717400
2018-01-02 00:00:00+00:00,86.13,86.31,85.5,85.95,22483800
2018-01-03 00:00:00+00:00,86.06,86.51,85.97,86.35,26061400
2018-01-04 00:00:00+00:00,86.59,87.66,86.57,87.11,21912000
2018-01-05 00:00:00+00:00,87.66,88.41,87.43,88.19,23407100
2018-01-08 00:00:00+00:00,88.2,88.58,87.6,88.28,22113000
2018-01-09 00:00:00+00:00,88.65,88.73,87.86,88.22,19484300
2018-01-10 00:00:00+00:00,87.86,88.19,87.41,87.82,18652200
2018-01-11 00:00:00+00:00,88.13,88.13,87.24,88.08,17808900
2018-01-12 00:00:00+00:00,88.67,89.78,88.45,89.6,24271500
2018-01-16 00:00:00+00:00,90.1,90.79,88.01,88.35,36599700
2018-01-17 00:00:00+00:00,89.08,90.28,88.75,90.14,25621200
2018-01-18 00:00:00+00:00,89.8,90.67,89.66,90.1,24159700
2018-01-19 00:00:00+00:00,90.14,90.61,89.66,90.0,36875000
2018-01-22 00:00:00+00:00,90.0,91.62,89.74,91.61,23601600
2018-01-23 00:00:00+00:00,91.9,92.3,91.54,91.9,23412800
2018-01-24 00:00:00+00:00,92.55,93.43,91.58,91.82,33277500
2018-01-25 00:00:00+00:00,92.47,93.24,91.93,92.33,26383200
2018-01-26 00:00:00+00:00,93.12,94.06,92.58,94.06,29172200
2018-01-29 00:00:00+00:00,95.14,95.45,93.72,93.92,31569900
2018-01-30 00:00:00+00:00,93.3,93.66,92.1,92.74,38635100
2018-01-31 00:00:00+00:00,93.75,95.4,93.51,95.01,48756300
2018-02-01 00:00:00+00:00,94.79,96.07,93.58,94.26,47227900
2018-02-02 00:00:00+00:00,93.64,93.97,91.5,91.78,47867800
2018-02-05 00:00:00+00:00,90.56,93.24,88.0,88.0,51031500
2018-02-06 00:00:00+00:00,86.89,91.48,85.25,91.33,67998600
2018-02-07 00:00:00+00:00,90.49,91.77,89.2,89.61,41107600
2018-02-08 00:00:00+00:00,89.71,89.88,84.76,85.01,55628700
2018-02-09 00:00:00+00:00,86.3,88.93,83.83,88.18,63499100
2018-02-12 00:00:00+00:00,88.74,89.78,87.93,89.13,35720300
2018-02-13 00:00:00+00:00,88.93,90.0,87.8,89.83,26407700
2018-02-14 00:00:00+00:00,88.51,90.99,88.41,90.81,34960900
2018-02-15 00:00:00+00:00,91.21,92.72,90.62,92.66,27823900
2018-02-16 00:00:00+00:00,92.45,93.5,91.8,92.0,30596900
2018-02-20 00:00:00+00:00,91.48,93.06,91.01,92.72,30911700
2018-02-21 00:00:00+00:00,92.98,93.36,91.49,91.49,26922500
2018-02-22 00:00:00+00:00,92.05,92.73,91.36,91.73,24392800
2018-02-23 00:00:00+00:00,93.6,94.07,92.36,94.06,26329200
2018-02-26 00:00:00+00:00,94.4,95.45,94.25,95.42,30199800
2018-02-27 00:00:00+00:00,95.74,95.84,94.2,94.2,25869100
2018-02-28 00:00:00+00:00,94.84,95.71,93.63,93.77,31167300
2018-03-01 00:00:00+00:00,93.99,94.57,91.84,92.85,37135600
2018-03-02 00:00:00+00:00,91.58,93.15,90.86,93.05,32830400
2018-03-05 00:00:00+00:00,92.34,94.27,92.26,93.64,23901600
2018-03-06 00:00:00+00:00,94.34,94.49,92.94,93.32,22175800
2018-03-07 00:00:00+00:00,93.16,93.94,92.43,93.86,26716100
2018-03-08 00:00:00+00:00,94.27,95.1,93.77,94.43,25887800
2018-03-09 00:00:00+00:00,95.29,96.54,95.0,96.54,36937300
2018-03-12 00:00:00+00:00,96.5,97.21,96.04,96.77,26073700
2018-03-13 00:00:00+00:00,97.0,97.24,93.97,94.41,35387800
2018-03-14 00:00:00+00:00,95.12,95.41,93.5,93.85,32132000
2018-03-15 00:00:00+00:00,93.53,94.58,92.83,94.18,27611000
2018-03-16 00:00:00+00:00,94.68,95.38,93.92,94.6,49081300
2018-03-19 00:00:00+00:00,93.74,93.9,92.11,92.89,33344100
2018-03-20 00:00:00+00:00,93.05,93.77,93.0,93.13,23075200
2018-03-21 00:00:00+00:00,92.93,94.05,92.21,92.48,24457100
2018-03-22 00:00:00+00:00,91.27,91.75,89.66,89.79,38604700
2018-03-23 00:00:00+00:00,89.5,90.46,87.08,87.18,44068900
2018-03-26 00:00:00+00:00,90.61,94.0,90.4,93.78,56396800
2018-03-27 00:00:00+00:00,94.94,95.14,88.51,89.47,56569000
2018-03-28 00:00:00+00:00,89.82,91.23,88.87,89.39,52501100
2018-03-29 00:00:00+00:00,90.18,92.29,88.4,91.27,45867500
2018-04-02 00:00:00+00:00,90.47,90.88,87.51,88.52,48515400
2018-04-03 00:00:00+00:00,89.58,90.05,87.89,89.71,37213800
2018-04-04 00:00:00+00:00,87.85,92.76,87.73,92.33,35560000
2018-04-05 00:00:00+00:00,92.44,93.07,91.4,92.38,29771900
2018-04-06 00:00:00+00:00,91.49,92.46,89.48,90.23,38026000
2018-04-09 00:00:00+00:00,91.04,93.17,90.62,90.77,31533900
2018-04-10 00:00:00+00:00,92.39,93.28,91.64,92.88,26812000
2018-04-11 00:00:00+00:00,92.01,93.29,91.48,91.86,24872100
2018-04-12 00:00:00+00:00,92.43,94.16,92.43,93.58,26758900
2018-04-13 00:00:00+00:00,94.05,94.18,92.44,93.08,23346100
2018-04-16 00:00:00+00:00,94.07,94.66,93.42,94.17,20288100
2018-04-17 00:00:00+00:00,95.0,96.54,94.88,96.07,26771000
2018-04-18 00:00:00+00:00,96.22,96.72,95.52,96.44,21043300
2018-04-19 00:00:00+00:00,96.44,97.07,95.34,96.11,23552500
2018-04-20 00:00:00+00:00,95.91,96.11,94.05,95.0,31154400
2018-04-23 00:00:00+00:00,95.74,96.29,94.63,95.35,22331800
2018-04-24 00:00:00+00:00,96.24,96.47,92.41,93.12,34524800
2018-04-25 00:00:00+00:00,93.3,93.3,90.28,92.31,33729300
2018-04-26 00:00:00+00:00,93.55,95.15,93.1,94.26,42529000
2018-04-27 00:00:00+00:00,97.6,97.9,93.91,95.82,48272800
2018-04-30 00:00:00+00:00,96.33,96.4,93.15,93.52,41523600
2018-05-01 00:00:00+00:00,93.21,95.29,92.79,95.0,31408900
2018-05-02 00:00:00+00:00,94.99,95.17,93.19,93.51,27471000
2018-05-03 00:00:00+00:00,92.96,94.93,92.45,94.07,31142500
2018-05-04 00:00:00+00:00,93.32,95.37,92.92,95.16,22531300
2018-05-07 00:00:00+00:00,95.17,96.71,95.1,96.22,24242000
2018-05-08 00:00:00+00:00,95.85,96.16,95.06,95.81,23484600
2018-05-09 00:00:00+00:00,96.01,96.97,95.05,96.94,27327400
2018-05-10 00:00:00+00:00,97.46,97.95,97.05,97.91,22388100
2018-05-11 00:00:00+00:00,97.8,97.87,97.04,97.7,16778300
2018-05-14 00:00:00+00:00,97.92,98.69,97.31,98.03,19454100
2018-05-15 00:00:00+00:00,97.24,97.85,96.34,97.32,24594000
2018-05-16 00:00:00+00:00,97.36,97.4,96.62,97.15,17384700
2018-05-17 00:00:00+00:00,96.76,97.54,95.83,96.18,17246700
2018-05-18 00:00:00+00:00,96.01,96.93,96.01,96.36,17865800
2018-05-21 00:00:00+00:00,97.0,98.01,96.8,97.6,19422500
2018-05-22 00:00:00+00:00,97.68,98.17,97.2,97.5,15441200
2018-05-23 00:00:00+00:00,96.71,98.73,96.32,98.66,21251200
2018-05-24 00:00:00+00:00,98.73,98.94,96.81,98.31,26649300
2018-05-25 00:00:00+00:00,98.3,98.98,97.86,98.36,18363900
2018-05-29 00:00:00+00:00,97.84,98.88,97.23,98.01,28671000
2018-05-30 00:00:00+00:00,98.31,99.25,97.91,98.95,22158500
2018-05-31 00:00:00+00:00,99.29,99.99,98.61,98.84,34140900
2018-06-01 00:00:00+00:00,99.28,100.86,99.17,100.79,28655600
2018-06-04 00:00:00+00:00,101.26,101.86,100.85,101.67,27281600
2018-06-05 00:00:00+00:00,102.0,102.33,101.53,102.19,23514400
2018-06-06 00:00:00+00:00,102.48,102.6,101.9,102.49,21122900
2018-06-07 00:00:00+00:00,102.65,102.69,100.38,100.88,28232200
2018-06-08 00:00:00+00:00,101.09,101.95,100.54,101.63,22165100
2018-06-11 00:00:00+00:00,101.01,101.59,100.67,101.05,23490900
2018-06-12 00:00:00+00:00,101.1,101.45,100.75,101.31,18325200
2018-06-13 00:00:00+00:00,101.72,102.01,100.56,100.85,29492900
2018-06-14 00:00:00+00:00,101.65,102.03,101.0,101.42,25691800
2018-06-15 00:00:00+00:00,101.51,101.53,100.07,100.13,65738600
2018-06-18 00:00:00+00:00,100.01,101.11,99.42,100.86,23586000
2018-06-19 00:00:00+00:00,99.65,101.0,99.5,100.86,28653100
2018-06-20 00:00:00+00:00,101.37,102.52,101.12,101.87,26180800
2018-06-21 00:00:00+00:00,102.08,102.46,100.88,101.14,23198200
2018-06-22 00:00:00+00:00,100.41,100.77,99.63,100.41,38923100
2018-06-25 00:00:00+00:00,100.0,100.11,97.3,98.39,35433300
2018-06-26 00:00:00+00:00,98.82,100.08,98.75,99.08,26897200
2018-06-27 00:00:00+00:00,99.58,100.02,97.4,97.54,31298400
2018-06-28 00:00:00+00:00,97.38,99.11,97.26,98.63,26650700
2018-06-29 00:00:00+00:00,98.93,99.91,98.33,98.61,28053200
2018-07-02 00:00:00+00:00,98.1,100.06,98.0,100.01,19564500
2018-07-03 00:00:00+00:00,100.48,100.63,98.94,99.05,14670300
2018-07-05 00:00:00+00:00,99.5,99.92,99.03,99.76,18977400
2018-07-06 00:00:00+00:00,99.89,101.43,99.67,101.16,19234600
2018-07-09 00:00:00+00:00,101.65,102.25,101.25,101.85,18212000
2018-07-10 00:00:00+00:00,102.0,102.51,101.86,102.12,19293100
2018-07-11 00:00:00+00:00,101.15,102.34,101.1,101.98,19644600
2018-07-12 00:00:00+00:00,102.77,104.41,102.73,104.19,24335900
2018-07-13 00:00:00+00:00,104.37,105.6,104.09,105.43,24635200
2018-07-16 00:00:00+00:00,105.4,105.82,104.52,104.91,21786900
2018-07-17 00:00:00+00:00,104.61,106.5,104.32,105.95,25901700
2018-07-18 00:00:00+00:00,105.94,106.05,104.72,105.12,29493900
2018-07-19 00:00:00+00:00,104.93,105.31,103.89,104.4,40171600
2018-07-20 00:00:00+00:00,108.08,108.2,106.08,106.27,56004000
2018-07-23 00:00:00+00:00,106.3,108.14,106.13,107.97,29707000
2018-07-24 00:00:00+00:00,108.57,108.82,107.26,107.66,26316600
2018-07-25 00:00:00+00:00,107.96,111.15,107.6,110.83,30702100
2018-07-26 00:00:00+00:00,110.74,111.0,109.5,109.62,31372100
2018-07-27 00:00:00+00:00,110.18,110.18,106.14,107.68,37005300
2018-07-30 00:00:00+00:00,107.19,107.53,104.76,105.37,34668300
2018-07-31 00:00:00+00:00,106.49,106.72,105.38,106.08,27655200
2018-08-01 00:00:00+00:00,106.03,106.45,105.42,106.28,23628700
2018-08-02 00:00:00+00:00,105.4,108.09,104.84,107.57,26104300
2018-08-03 00:00:00+00:00,107.8,108.05,106.82,108.04,18659600
2018-08-06 00:00:00+00:00,108.12,108.42,107.56,108.13,20265900
2018-08-07 00:00:00+00:00,108.56,109.1,108.17,108.88,16080200
2018-08-08 00:00:00+00:00,109.33,109.75,108.76,109.49,15487500
2018-08-09 00:00:00+00:00,109.71,110.16,109.6,109.67,13677200
2018-08-10 00:00:00+00:00,109.42,109.69,108.38,109.0,18183700
2018-08-13 00:00:00+00:00,109.24,109.58,108.1,108.21,18472500
2018-08-14 00:00:00+00:00,108.56,109.75,108.04,109.56,16788300
2018-08-15 00:00:00+00:00,108.49,108.99,106.82,107.66,29982800
2018-08-16 00:00:00+00:00,108.3,108.86,107.3,107.64,21384300
2018-08-17 00:00:00+00:00,107.36,107.9,106.69,107.58,18061500
2018-08-20 00:00:00+00:00,107.51,107.9,106.48,106.87,17914200
2018-08-21 00:00:00+00:00,106.92,107.35,105.85,105.98,22881900
2018-08-22 00:00:00+00:00,105.85,107.34,105.78,107.06,18000600
2018-08-23 00:00:00+00:00,107.15,108.18,106.87,107.56,18167700
2018-08-24 00:00:00+00:00,107.67,108.56,107.56,108.4,17234000
2018-08-27 00:00:00+00:00,109.27,109.64,108.51,109.6,19662300
2018-08-28 00:00:00+00:00,109.94,110.5,109.79,110.26,19151500
2018-08-29 00:00:00+00:00,110.45,112.03,110.27,112.02,20818000
2018-08-30 00:00:00+00:00,111.67,112.61,111.44,111.95,22798700
2018-08-31 00:00:00+00:00,111.69,112.78,111.52,112.33,23222700
2018-09-04 00:00:00+00:00,110.85,111.96,110.22,111.71,22634600
2018-09-05 00:00:00+00:00,111.01,111.42,108.1,108.49,32872400
2018-09-06 00:00:00+00:00,108.25,108.99,107.51,108.74,23477600
2018-09-07 00:00:00+00:00,108.23,108.72,107.23,108.21,22498600
2018-09-10 00:00:00+00:00,108.84,109.64,108.36,109.38,20727900
2018-09-11 00:00:00+00:00,108.9,111.59,108.89,111.24,24301800
2018-09-12 00:00:00+00:00,111.43,111.85,110.51,111.71,18891100
2018-09-13 00:00:00+00:00,112.12,113.73,112.12,112.91,26055600
2018-09-14 00:00:00+00:00,113.36,113.73,112.44,113.37,19122300
2018-09-17 00:00:00+00:00,113.69,113.7,111.86,112.14,20736500
2018-09-18 00:00:00+00:00,112.19,113.7,111.72,113.21,22170900
2018-09-19 00:00:00+00:00,113.05,113.32,111.04,111.7,21728400
2018-09-20 00:00:00+00:00,112.28,113.8,111.93,113.57,23714500
2018-09-21 00:00:00+00:00,114.0,115.29,113.51,114.26,71229700
2018-09-24 00:00:00+00:00,113.03,114.9,112.22,114.67,27334500
2018-09-25 00:00:00+00:00,114.8,115.1,113.75,114.45,22668000
2018-09-26 00:00:00+00:00,114.47,115.06,113.74,113.98,19352000
2018-09-27 00:00:00+00:00,114.78,114.91,114.2,114.41,19091300
2018-09-28 00:00:00+00:00,114.19,114.57,113.68,114.37,21647800
2018-10-01 00:00:00+00:00,114.75,115.68,114.73,115.61,18883100
2018-10-02 00:00:00+00:00,115.3,115.84,114.44,115.15,20787200
2018-10-03 00:00:00+00:00,115.42,116.18,114.93,115.17,16648000
2018-10-04 00:00:00+00:00,114.61,114.76,111.63,112.79,34821700
2018-10-05 00:00:00+00:00,112.63,113.17,110.64,112.13,29068900
2018-10-08 00:00:00+00:00,111.66,112.03,109.34,110.85,29640600
2018-10-09 00:00:00+00:00,111.14,113.08,110.8,112.26,26198600
2018-10-10 00:00:00+00:00,111.24,111.5,105.79,106.16,61376300
2018-10-11 00:00:00+00:00,105.35,108.93,104.2,105.91,63904300
2018-10-12 00:00:00+00:00,109.01,111.24,107.12,109.57,47742100
2018-10-15 00:00:00+00:00,108.91,109.48,106.95,107.6,32068100
2018-10-16 00:00:00+00:00,109.54,111.41,108.95,111.0,31610200
2018-10-17 00:00:00+00:00,111.68,111.81,109.55,110.71,26548200
2018-10-18 00:00:00+00:00,110.1,110.53,107.83,108.5,32506200
2018-10-19 00:00:00+00:00,108.93,110.86,108.21,108.66,32785500
2018-10-22 00:00:00+00:00,109.32,110.54,108.24,109.63,26545600
2018-10-23 00:00:00+00:00,107.77,108.97,105.11,108.1,43770400
2018-10-24 00:00:00+00:00,108.41,108.49,101.59,102.32,63897800
2018-10-25 00:00:00+00:00,106.55,109.27,106.15,108.3,61646800
2018-10-26 00:00:00+00:00,105.69,108.75,104.76,106.96,55523100
2018-10-29 00:00:00+00:00,108.11,108.7,101.63,103.85,55162000
2018-10-30 00:00:00+00:00,103.66,104.38,100.11,103.73,65350900
2018-10-31 00:00:00+00:00,105.44,108.14,105.39,106.81,51062400
2018-11-01 00:00:00+00:00,107.05,107.32,105.53,105.92,33384200
2018-11-02 00:00:00+00:00,106.48,107.32,104.98,106.16,37680200
2018-11-05 00:00:00+00:00,106.37,107.74,105.9,107.51,27922100
2018-11-06 00:00:00+00:00,107.38,108.84,106.28,107.72,24340200
2018-11-07 00:00:00+00:00,109.44,112.24,109.4,111.96,37901700
2018-11-08 00:00:00+00:00,111.8,112.21,110.91,111.75,25644100
2018-11-09 00:00:00+00:00,110.85,111.45,108.76,109.57,32039200
2018-11-12 00:00:00+00:00,109.42,109.96,106.1,106.87,33621800
2018-11-13 00:00:00+00:00,107.55,108.74,106.64,106.94,35374600
2018-11-14 00:00:00+00:00,108.1,108.26,104.47,104.97,39495100
2018-11-15 00:00:00+00:00,104.99,107.8,103.91,107.28,38505200
2018-11-16 00:00:00+00:00,107.08,108.88,106.8,108.29,33502100
2018-11-19 00:00:00+00:00,108.27,108.56,103.55,104.62,44773900
2018-11-20 00:00:00+00:00,101.8,102.97,99.35,101.71,64052500
2018-11-21 00:00:00+00:00,103.6,104.43,102.24,103.11,28130600
2018-11-23 00:00:00+00:00,102.17,103.81,102.0,103.07,13823100
2018-11-26 00:00:00+00:00,104.79,106.63,104.58,106.47,32336200
2018-11-27 00:00:00+00:00,106.27,107.33,105.36,107.14,29124500
2018-11-28 00:00:00+00:00,107.89,111.33,107.86,111.12,46788500
2018-11-29 00:00:00+00:00,110.33,111.12,109.03,110.19,28123200
2018-11-30 00:00:00+00:00,110.7,110.97,109.36,110.89,33665600
2018-12-03 00:00:00+00:00,113.0,113.42,110.73,112.09,34732800
2018-12-04 00:00:00+00:00,111.94,112.64,108.21,108.52,45197000
2018-12-06 00:00:00+00:00,105.82,109.24,105.0,109.19,49107400
2018-12-07 00:00:00+00:00,108.38,109.45,104.3,104.82,45044900
2018-12-10 00:00:00+00:00,104.8,107.98,103.89,107.59,40801500
2018-12-11 00:00:00+00:00,109.8,110.95,107.44,108.59,42381900
2018-12-12 00:00:00+00:00,110.89,111.27,109.04,109.08,36183000
2018-12-13 00:00:00+00:00,109.58,110.87,108.63,109.45,31333400
2018-12-14 00:00:00+00:00,108.25,109.26,105.5,106.03,47043100
2018-12-17 00:00:00+00:00,105.41,105.8,101.71,102.89,56957300
2018-12-18 00:00:00+00:00,103.75,104.51,102.52,103.97,49319200
2018-12-19 00:00:00+00:00,103.65,106.88,101.35,103.69,68198200
2018-12-20 00:00:00+00:00,103.05,104.31,98.78,101.51,70334200
2018-12-21 00:00:00+00:00,101.63,103.0,97.46,98.23,111242100
2018-12-24 00:00:00+00:00,97.68,97.97,93.98,94.13,43935200
2018-12-26 00:00:00+00:00,95.14,100.69,93.96,100.56,51634800
2018-12-27 00:00:00+00:00,99.3,101.19,96.4,101.18,49498500
2018-12-28 00:00:00+00:00,102.09,102.41,99.52,100.39,38196300
2018-12-31 00:00:00+00:00,101.29,102.4,100.44,101.57,33173800
2019-01-02 00:00:00+00:00,99.55,101.75,98.94,101.12,35329300
2019-01-03 00:00:00+00:00,100.1,100.19,97.2,97.4,42579100
2019-01-04 00:00:00+00:00,99.72,102.51,98.93,101.93,44060600
2019-01-07 00:00:00+00:00,101.64,103.27,100.98,102.06,35656100
2019-01-08 00:00:00+00:00,103.04,103.97,101.71,102.8,31514400
2019-01-09 00:00:00+00:00,103.86,104.88,103.24,104.27,32280800
2019-01-10 00:00:00+00:00,103.22,103.75,102.38,103.6,30067600
2019-01-11 00:00:00+00:00,103.19,103.44,101.64,102.8,28314200
2019-01-14 00:00:00+00:00,101.9,102.87,101.26,102.05,28437100
2019-01-15 00:00:00+00:00,102.51,105.05,101.88,105.01,31587600
2019-01-16 00:00:00+00:00,105.26,106.26,104.96,105.38,29853900
2019-01-17 00:00:00+00:00,105.0,106.63,104.76,106.12,28393000
2019-01-18 00:00:00+00:00,107.46,107.9,105.91,107.71,37427600
2019-01-22 00:00:00+00:00,106.75,107.1,104.86,105.68,32371300
2019-01-23 00:00:00+00:00,106.12,107.04,105.34,106.71,25874300
2019-01-24 00:00:00+00:00,106.86,107.0,105.34,106.2,23164800
2019-01-25 00:00:00+00:00,107.24,107.88,106.2,107.17,31225600
2019-01-28 00:00:00+00:00,106.26,106.48,104.66,105.08,29476700
2019-01-29 00:00:00+00:00,104.88,104.97,102.17,102.94,31490500
2019-01-30 00:00:00+00:00,104.62,106.38,104.33,106.38,49471900
2019-01-31 00:00:00+00:00,103.8,105.22,103.18,104.43,55636400
2019-02-01 00:00:00+00:00,103.78,104.1,102.35,102.78,35535700
2019-02-04 00:00:00+00:00,102.87,105.8,102.77,105.74,31315100
2019-02-05 00:00:00+00:00,106.06,107.27,105.96,107.22,27325400
2019-02-06 00:00:00+00:00,107.0,107.0,105.53,106.03,20609800
2019-02-07 00:00:00+00:00,105.19,105.59,104.29,105.27,29760700
2019-02-08 00:00:00+00:00,104.39,105.78,104.26,105.67,21461100
2019-02-11 00:00:00+00:00,106.2,106.58,104.97,105.25,18914100
2019-02-12 00:00:00+00:00,106.14,107.14,105.48,106.89,25056600
2019-02-13 00:00:00+00:00,107.5,107.78,106.71,106.81,18394900
2019-02-14 00:00:00+00:00,106.31,107.29,105.66,106.9,21784700
2019-02-15 00:00:00+00:00,107.91,108.3,107.36,108.22,26606900
2019-02-19 00:00:00+00:00,107.79,108.66,107.78,108.17,18038500
2019-02-20 00:00:00+00:00,107.86,107.94,106.29,107.15,21607700
2019-02-21 00:00:00+00:00,106.9,109.48,106.87,109.41,29063200
2019-02-22 00:00:00+00:00,110.05,111.2,109.82,110.97,27763200
2019-02-25 00:00:00+00:00,111.76,112.18,111.26,111.59,23750600
2019-02-26 00:00:00+00:00,111.26,113.24,111.17,112.36,21536700
2019-02-27 00:00:00+00:00,111.69,112.36,110.88,112.17,21487100
2019-02-28 00:00:00+00:00,112.04,112.88,111.73,112.03,29083900
2019-03-01 00:00:00+00:00,112.89,113.02,111.67,112.53,23501200
2019-03-04 00:00:00+00:00,113.02,113.25,110.8,112.26,26608000
2019-03-05 00:00:00+00:00,112.25,112.39,111.23,111.7,19538300
2019-03-06 00:00:00+00:00,111.87,112.66,111.43,111.75,17687000
2019-03-07 00:00:00+00:00,111.4,111.55,109.87,110.39,25339000
2019-03-08 00:00:00+00:00,109.16,110.71,108.8,110.51,22818400
2019-03-11 00:00:00+00:00,110.99,112.95,110.98,112.83,26491600
2019-03-12 00:00:00+00:00,112.82,113.99,112.65,113.62,26132700
2019-03-13 00:00:00+00:00,114.13,115.0,113.78,114.5,35513800
2019-03-14 00:00:00+00:00,114.54,115.2,114.33,114.59,30763400
2019-03-15 00:00:00+00:00,115.34,117.25,114.59,115.91,54681100
2019-03-18 00:00:00+00:00,116.17,117.61,116.05,117.57,31207600
2019-03-19 00:00:00+00:00,118.09,118.44,116.99,117.65,37588700
2019-03-20 00:00:00+00:00,117.39,118.75,116.71,117.52,28113300
2019-03-21 00:00:00+00:00,117.14,120.82,117.09,120.22,29854400
2019-03-22 00:00:00+00:00,119.5,119.59,117.04,117.05,33624500
2019-03-25 00:00:00+00:00,116.56,118.01,116.32,117.66,27067100
2019-03-26 00:00:00+00:00,118.62,118.71,116.85,117.91,26097700
2019-03-27 00:00:00+00:00,117.88,118.21,115.52,116.77,22733400
2019-03-28 00:00:00+00:00,117.44,117.58,116.13,116.93,18334800
2019-03-29 00:00:00+00:00,118.07,118.32,116.96,117.94,25399800
2019-04-01 00:00:00+00:00,118.95,119.11,118.1,119.02,22789100
2019-04-02 00:00:00+00:00,119.06,119.48,118.52,119.19,18142300
2019-04-03 00:00:00+00:00,119.86,120.43,119.15,119.97,22860700
2019-04-04 00:00:00+00:00,120.1,120.23,118.38,119.36,20112800
2019-04-05 00:00:00+00:00,119.39,120.23,119.37,119.89,15826200
2019-04-08 00:00:00+00:00,119.81,120.02,118.64,119.93,15116200
2019-04-09 00:00:00+00:00,118.63,119.54,118.58,119.28,17612000
2019-04-10 00:00:00+00:00,119.76,120.35,119.54,120.19,16477200
2019-04-11 00:00:00+00:00,120.54,120.85,119.92,120.33,14209100
2019-04-12 00:00:00+00:00,120.64,120.98,120.37,120.95,19745100
2019-04-15 00:00:00+00:00,120.94,121.58,120.57,121.05,15792600
2019-04-16 00:00:00+00:00,121.64,121.65,120.1,120.77,14071800
2019-04-17 00:00:00+00:00,121.24,121.85,120.54,121.77,19300900
2019-04-18 00:00:00+00:00,122.19,123.52,121.3,123.37,27991000
2019-04-22 00:00:00+00:00,122.62,124.0,122.57,123.76,15648700
2019-04-23 00:00:00+00:00,124.1,125.58,123.83,125.44,24025500
2019-04-24 00:00:00+00:00,125.79,125.85,124.52,125.01,31257000
2019-04-25 00:00:00+00:00,130.06,131.37,128.83,129.15,38033900
2019-04-26 00:00:00+00:00,129.7,130.52,129.02,129.89,23654900
2019-04-29 00:00:00+00:00,129.9,130.18,129.35,129.77,16324200
2019-04-30 00:00:00+00:00,129.81,130.7,129.39,130.6,24166500
2019-05-01 00:00:00+00:00,130.53,130.65,127.7,127.88,26821700
2019-05-02 00:00:00+00:00,127.98,128.0,125.52,126.21,27350200
2019-05-03 00:00:00+00:00,127.36,129.43,127.25,128.9,24911100
2019-05-06 00:00:00+00:00,126.39,128.56,126.11,128.15,24239800
2019-05-07 00:00:00+00:00,126.46,127.18,124.22,125.52,36017700
2019-05-08 00:00:00+00:00,125.44,126.37,124.75,125.51,28419000
2019-05-09 00:00:00+00:00,124.29,125.79,123.57,125.5,27235800
2019-05-10 00:00:00+00:00,124.91,127.93,123.82,127.13,30915100
2019-05-13 00:00:00+00:00,124.11,125.55,123.04,123.35,33944900
2019-05-14 00:00:00+00:00,123.87,125.88,123.7,124.73,25266300
2019-05-15 00:00:00+00:00,124.26,126.71,123.7,126.02,24722700
2019-05-16 00:00:00+00:00,126.75,129.38,126.46,128.93,30112200
2019-05-17 00:00:00+00:00,128.31,130.46,127.92,128.07,25770500
2019-05-20 00:00:00+00:00,126.52,127.59,125.76,126.22,23706900
2019-05-21 00:00:00+00:00,127.43,127.53,126.58,126.9,15293300
2019-05-22 00:00:00+00:00,126.62,128.24,126.52,127.67,15396500
2019-05-23 00:00:00+00:00,126.2,126.29,124.74,126.18,23603800
2019-05-24 00:00:00+00:00,126.91,127.42,125.97,126.24,14123400
2019-05-28 00:00:00+00:00,126.98,128.0,126.05,126.16,23128400
2019-05-29 00:00:00+00:00,125.38,125.39,124.04,124.94,22763100
2019-05-30 00:00:00+00:00,125.26,125.76,124.78,125.73,16829600
2019-05-31 00:00:00+00:00,124.23,124.62,123.32,123.68,26646800
2019-06-03 00:00:00+00:00,123.85,124.37,119.01,119.84,37983600
2019-06-04 00:00:00+00:00,121.28,123.28,120.65,123.16,29382600
2019-06-05 00:00:00+00:00,124.95,125.87,124.21,125.83,24926100
2019-06-06 00:00:00+00:00,126.44,127.97,125.6,127.82,21459000
2019-06-07 00:00:00+00:00,129.19,132.25,128.26,131.4,33885600
2019-06-10 00:00:00+00:00,132.4,134.08,132.0,132.6,26477100
2019-06-11 00:00:00+00:00,133.88,134.24,131.28,132.1,23913700
2019-06-12 00:00:00+00:00,131.4,131.97,130.71,131.49,17092500
2019-06-13 00:00:00+00:00,131.98,133.0,131.56,132.32,17200800
2019-06-14 00:00:00+00:00,132.26,133.79,131.64,132.45,17821700
2019-06-17 00:00:00+00:00,132.63,133.73,132.53,132.85,14517800
2019-06-18 00:00:00+00:00,134.19,135.24,133.57,135.16,25934500
2019-06-19 00:00:00+00:00,135.0,135.93,133.81,135.69,23744400
2019-06-20 00:00:00+00:00,137.45,137.66,135.72,136.95,33042600
2019-06-21 00:00:00+00:00,136.58,137.73,136.46,136.97,36727900
2019-06-24 00:00:00+00:00,137.0,138.4,137.0,137.78,20628800
2019-06-25 00:00:00+00:00,137.25,137.59,132.73,133.43,33327400
2019-06-26 00:00:00+00:00,134.35,135.74,133.6,133.93,23657700
2019-06-27 00:00:00+00:00,134.14,134.71,133.51,134.15,16557500
2019-06-28 00:00:00+00:00,134.57,134.6,133.16,133.96,30043000
2019-07-01 00:00:00+00:00,136.63,136.7,134.97,135.68,22613500
2019-07-02 00:00:00+00:00,136.12,136.59,135.34,136.58,15237800
2019-07-03 00:00:00+00:00,136.8,137.74,136.29,137.46,13629300
2019-07-05 00:00:00+00:00,135.94,137.33,135.72,137.06,18141100
2019-07-08 00:00:00+00:00,136.4,137.1,135.37,136.96,16779700
2019-07-09 00:00:00+00:00,136.0,136.97,135.8,136.46,19953100
2019-07-10 00:00:00+00:00,137.13,138.58,137.02,137.85,24204400
2019-07-11 00:00:00+00:00,138.2,139.22,137.87,138.4,22327900
2019-07-12 00:00:00+00:00,138.85,139.13,138.01,138.9,18936800
2019-07-15 00:00:00+00:00,139.44,139.54,138.46,138.9,16651500
2019-07-16 00:00:00+00:00,138.96,139.05,136.52,137.08,22726100
2019-07-17 00:00:00+00:00,137.7,137.93,136.22,136.27,20211000
2019-07-18 00:00:00+00:00,135.55,136.62,134.67,136.42,30381800
2019-07-19 00:00:00+00:00,140.22,140.67,136.45,136.62,48992400
2019-07-22 00:00:00+00:00,137.41,139.19,137.33,138.43,25074900
2019-07-23 00:00:00+00:00,139.76,139.99,138.03,139.29,18034600
2019-07-24 00:00:00+00:00,138.9,140.74,138.85,140.72,20738300
2019-07-25 00:00:00+00:00,140.43,140.61,139.32,140.19,18356900
2019-07-26 00:00:00+00:00,140.37,141.68,140.3,141.34,19037600
2019-07-29 00:00:00+00:00,141.5,141.51,139.37,141.03,16605900
2019-07-30 00:00:00+00:00,140.14,141.22,139.8,140.35,16846500
2019-07-31 00:00:00+00:00,140.33,140.49,135.08,136.27,38598800
2019-08-01 00:00:00+00:00,137.0,140.94,136.93,138.06,40557500
2019-08-02 00:00:00+00:00,138.09,138.32,135.26,136.9,30791600
2019-08-05 00:00:00+00:00,133.3,133.93,130.78,132.21,42749600
2019-08-06 00:00:00+00:00,133.8,135.68,133.21,134.69,32696700
2019-08-07 00:00:00+00:00,133.79,135.65,131.83,135.28,33414500
2019-08-08 00:00:00+00:00,136.6,138.99,135.93,138.89,27496500
2019-08-09 00:00:00+00:00,138.61,139.38,136.46,137.71,23466700
2019-08-12 00:00:00+00:00,137.07,137.86,135.24,135.79,20484300
2019-08-13 00:00:00+00:00,136.05,138.8,135.0,138.6,25154600
2019-08-14 00:00:00+00:00,136.36,136.92,133.67,133.98,32527300
2019-08-15 00:00:00+00:00,134.39,134.58,132.25,133.68,28074400
2019-08-16 00:00:00+00:00,134.88,136.46,134.72,136.13,24449100
2019-08-19 00:00:00+00:00,137.85,138.55,136.89,138.41,24355700
2019-08-20 00:00:00+00:00,138.21,138.71,137.24,137.26,21170800
2019-08-21 00:00:00+00:00,138.55,139.49,138.0,138.79,14970300
2019-08-22 00:00:00+00:00,138.66,139.2,136.29,137.78,18697000
2019-08-23 00:00:00+00:00,137.19,138.35,132.8,133.39,38508600
2019-08-26 00:00:00+00:00,134.99,135.56,133.9,135.45,20312600
2019-08-27 00:00:00+00:00,136.39,136.72,134.66,135.74,23102100
2019-08-28 00:00:00+00:00,134.88,135.76,133.55,135.56,17393300
2019-08-29 00:00:00+00:00,137.25,138.44,136.91,138.12,20168700
2019-08-30 00:00:00+00:00,139.15,139.18,136.27,137.86,23940100
2019-09-03 00:00:00+00:00,136.61,137.2,135.7,136.04,18869300
2019-09-04 00:00:00+00:00,137.3,137.69,136.48,137.63,17995900
2019-09-05 00:00:00+00:00,139.11,140.38,138.76,140.05,26101800
2019-09-06 00:00:00+00:00,140.03,140.18,138.2,139.1,20824500
2019-09-09 00:00:00+00:00,139.59,139.75,136.46,137.52,25773900
2019-09-10 00:00:00+00:00,136.8,136.89,134.51,136.08,28903400
2019-09-11 00:00:00+00:00,135.91,136.27,135.09,136.12,24726100
2019-09-12 00:00:00+00:00,137.85,138.42,136.87,137.52,27010000
2019-09-13 00:00:00+00:00,137.78,138.06,136.57,137.32,23363100
2019-09-16 00:00:00+00:00,135.83,136.7,135.66,136.33,16731400
2019-09-17 00:00:00+00:00,136.96,137.52,136.43,137.39,17814200
2019-09-18 00:00:00+00:00,137.36,138.67,136.53,138.52,23982100
2019-09-19 00:00:00+00:00,140.3,142.37,140.07,141.07,35772100
2019-09-20 00:00:00+00:00,141.01,141.65,138.25,139.44,39167300
2019-09-23 00:00:00+00:00,139.23,139.63,138.44,139.14,17139300
2019-09-24 00:00:00+00:00,140.36,140.69,136.88,137.38,29773200
2019-09-25 00:00:00+00:00,137.5,139.96,136.03,139.36,21382000
2019-09-26 00:00:00+00:00,139.44,140.18,138.44,139.54,17456600
2019-09-27 00:00:00+00:00,140.15,140.36,136.65,137.73,22477700
2019-09-30 00:00:00+00:00,138.05,139.22,137.78,139.03,17280900
2019-10-01 00:00:00+00:00,139.66,140.25,137.0,137.07,21466600
2019-10-02 00:00:00+00:00,136.25,136.37,133.58,134.65,30521700
2019-10-03 00:00:00+00:00,134.95,136.75,133.22,136.28,24132900
2019-10-04 00:00:00+00:00,136.75,138.25,136.42,138.12,22897700
2019-10-07 00:00:00+00:00,137.14,138.18,137.02,137.12,15303700
2019-10-08 00:00:00+00:00,137.08,137.76,135.62,135.67,25550500
2019-10-09 00:00:00+00:00,137.46,138.7,136.97,138.24,19749900
2019-10-10 00:00:00+00:00,138.49,139.67,138.25,139.1,17654600
2019-10-11 00:00:00+00:00,140.12,141.03,139.5,139.68,25446000
2019-10-14 00:00:00+00:00,139.69,140.29,139.52,139.55,13304300
2019-10-15 00:00:00+00:00,140.06,141.79,139.81,141.57,19695700
2019-10-16 00:00:00+00:00,140.79,140.99,139.53,140.41,20751600
2019-10-17 00:00:00+00:00,140.95,141.42,139.02,139.69,21460600
2019-10-18 00:00:00+00:00,139.76,140.0,136.56,137.41,32273500
2019-10-21 00:00:00+00:00,138.45,138.5,137.01,138.43,20078200
2019-10-22 00:00:00+00:00,138.97,140.01,136.26,136.37,27431000
2019-10-23 00:00:00+00:00,136.88,137.45,135.61,137.24,29844600
2019-10-24 00:00:00+00:00,139.39,140.42,138.67,139.94,37029300
2019-10-25 00:00:00+00:00,139.34,141.14,139.2,140.73,25959700
2019-10-28 00:00:00+00:00,144.4,145.67,143.51,144.19,35280100
2019-10-29 00:00:00+00:00,144.08,144.5,142.65,142.83,20589500
2019-10-30 00:00:00+00:00,143.52,145.0,142.79,144.61,18496600
2019-10-31 00:00:00+00:00,144.9,144.93,142.99,143.37,24605100
2019-11-01 00:00:00+00:00,144.26,144.42,142.97,143.72,33128400
2019-11-04 00:00:00+00:00,144.83,145.0,144.16,144.55,16912000
2019-11-05 00:00:00+00:00,144.97,145.02,143.91,144.46,18250200
2019-11-06 00:00:00+00:00,144.37,144.52,143.2,144.06,16575800
2019-11-07 00:00:00+00:00,143.84,144.88,143.77,144.26,17786700
2019-11-08 00:00:00+00:00,143.98,145.99,143.76,145.96,16732700
2019-11-11 00:00:00+00:00,145.34,146.42,144.73,146.11,14362600
2019-11-12 00:00:00+00:00,146.28,147.57,146.06,147.07,18641600
2019-11-13 00:00:00+00:00,146.74,147.46,146.28,147.31,16919200
2019-11-14 00:00:00+00:00,147.02,148.41,147.0,148.06,19729800
2019-11-15 00:00:00+00:00,148.93,149.99,148.27,149.97,23485700
2019-11-18 00:00:00+00:00,150.07,150.55,148.98,150.34,21534000
2019-11-19 00:00:00+00:00,150.88,151.33,150.2,150.39,23935700
2019-11-20 00:00:00+00:00,150.31,150.84,148.46,149.62,25696800
2019-11-21 00:00:00+00:00,149.4,149.8,148.5,149.48,18576100
2019-11-22 00:00:00+00:00,150.07,150.3,148.82,149.59,15901800
2019-11-25 00:00:00+00:00,150.0,151.35,149.92,151.23,22420900
2019-11-26 00:00:00+00:00,151.36,152.42,151.32,152.03,24620100
2019-11-27 00:00:00+00:00,152.33,152.5,151.52,152.32,15184400
2019-11-29 00:00:00+00:00,152.1,152.3,151.28,151.38,11977300
2019-12-02 00:00:00+00:00,151.81,151.83,148.32,149.55,27418400
2019-12-03 00:00:00+00:00,147.49,149.43,146.65,149.31,24066000
2019-12-04 00:00:00+00:00,150.14,150.18,149.2,149.85,17574700
2019-12-05 00:00:00+00:00,150.05,150.32,149.48,149.93,17869100
2019-12-06 00:00:00+00:00,150.99,151.87,150.27,151.75,16403500
2019-12-09 00:00:00+00:00,151.07,152.21,150.91,151.36,16687400
2019-12-10 00:00:00+00:00,151.29,151.89,150.76,151.13,16476100
2019-12-11 00:00:00+00:00,151.54,151.87,150.33,151.7,18856600
2019-12-12 00:00:00+00:00,151.65,153.44,151.02,153.24,24612100
2019-12-13 00:00:00+00:00,153.0,154.89,152.83,154.53,23845400
2019-12-16 00:00:00+00:00,155.11,155.9,154.82,155.53,24144200
2019-12-17 00:00:00+00:00,155.45,155.71,154.45,154.69,25425600
2019-12-18 00:00:00+00:00,154.3,155.48,154.18,154.37,24129200
2019-12-19 00:00:00+00:00,154.0,155.77,153.75,155.71,24958900
2019-12-20 00:00:00+00:00,157.35,158.49,156.29,157.41,53477500
2019-12-23 00:00:00+00:00,158.12,158.12,157.27,157.41,17718200
2019-12-24 00:00:00+00:00,157.48,157.71,157.12,157.38,8989200
2019-12-26 00:00:00+00:00,157.56,158.73,157.4,158.67,14520600
2019-12-27 00:00:00+00:00,159.45,159.55,158.22,158.96,18412800
2019-12-30 00:00:00+00:00,158.99,159.02,156.73,157.59,16348400
2019-12-31 00:00:00+00:00,156.77,157.77,156.45,157.7,18369400
2020-01-02 00:00:00+00:00,158.78,160.73,158.33,160.62,22622100
2020-01-03 00:00:00+00:00,158.32,159.95,158.06,158.62,21116200
2020-01-06 00:00:00+00:00,157.08,159.1,156.51,159.03,20813700
2020-01-07 00:00:00+00:00,159.32,159.67,157.32,157.58,21634100
2020-01-08 00:00:00+00:00,158.93,160.8,157.95,160.09,27746500
2020-01-09 00:00:00+00:00,161.84,162.22,161.03,162.09,21385000
2020-01-10 00:00:00+00:00,162.82,163.22,161.18,161.34,20725900
2020-01-13 00:00:00+00:00,161.76,163.31,161.26,163.28,21626500
2020-01-14 00:00:00+00:00,163.39,163.6,161.72,162.13,23477400
2020-01-15 00:00:00+00:00,162.62,163.94,162.57,163.18,21417900
2020-01-16 00:00:00+00:00,164.35,166.24,164.03,166.17,23865400
2020-01-17 00:00:00+00:00,167.42,167.47,165.43,167.1,34371700
2020-01-21 00:00:00+00:00,166.68,168.19,166.43,166.5,29517200
2020-01-22 00:00:00+00:00,167.4,167.49,165.68,165.7,24138800
2020-01-23 00:00:00+00:00,166.19,166.8,165.27,166.72,19680800
2020-01-24 00:00:00+00:00,167.51,167.53,164.45,165.04,24918100
2020-01-27 00:00:00+00:00,161.15,163.38,160.2,162.28,32078100
2020-01-28 00:00:00+00:00,163.78,165.76,163.07,165.46,24899900
2020-01-29 00:00:00+00:00,167.84,168.75,165.69,168.04,34754500
2020-01-30 00:00:00+00:00,174.05,174.05,170.79,172.78,51597500
2020-01-31 00:00:00+00:00,172.21,172.4,169.58,170.23,36142700
2020-02-03 00:00:00+00:00,170.43,174.5,170.4,174.38,30107000
2020-02-04 00:00:00+00:00,177.14,180.64,176.31,180.12,36433300
2020-02-05 00:00:00+00:00,184.03,184.2,178.41,179.9,39186300
2020-02-06 00:00:00+00:00,180.97,183.82,180.06,183.63,27751400
2020-02-07 00:00:00+00:00,182.85,185.63,182.48,183.89,33529100
2020-02-10 00:00:00+00:00,183.58,188.84,183.25,188.7,35844300
2020-02-11 00:00:00+00:00,190.65,190.7,183.5,184.44,53159900
2020-02-12 00:00:00+00:00,185.58,185.85,181.85,184.71,47062900
2020-02-13 00:00:00+00:00,183.08,186.23,182.87,183.71,35295800
2020-02-14 00:00:00+00:00,183.25,185.41,182.65,185.35,23149500
2020-02-18 00:00:00+00:00,185.61,187.7,185.5,187.23,27792200
2020-02-19 00:00:00+00:00,188.06,188.18,186.47,187.28,29997500
2020-02-20 00:00:00+00:00,186.95,187.25,181.1,184.42,36862400
2020-02-21 00:00:00+00:00,183.17,183.5,177.25,178.59,48572600
2020-02-24 00:00:00+00:00,167.77,174.55,163.23,170.89,68311100
2020-02-25 00:00:00+00:00,174.2,174.84,167.65,168.07,68073300
2020-02-26 00:00:00+00:00,169.71,173.26,168.21,170.17,56206100
2020-02-27 00:00:00+00:00,163.32,167.03,157.98,158.18,93174900
2020-02-28 00:00:00+00:00,152.41,163.71,152.0,162.01,97012700
2020-03-02 00:00:00+00:00,165.31,172.92,162.31,172.79,71030800
2020-03-03 00:00:00+00:00,173.8,175.0,162.26,164.51,71677000
2020-03-04 00:00:00+00:00,168.49,170.7,165.62,170.55,49814400
2020-03-05 00:00:00+00:00,166.05,170.87,165.69,166.27,47817300
2020-03-06 00:00:00+00:00,162.61,163.11,156.0,161.57,72821100
2020-03-09 00:00:00+00:00,151.0,157.75,150.0,150.62,70419300
2020-03-10 00:00:00+00:00,158.16,161.03,152.58,160.92,65354400
2020-03-11 00:00:00+00:00,157.13,157.7,151.15,153.63,56371600
2020-03-12 00:00:00+00:00,145.3,153.47,138.58,139.06,93226400
2020-03-13 00:00:00+00:00,147.5,161.91,140.73,158.83,92727400
2020-03-16 00:00:00+00:00,140.0,149.35,135.0,135.42,87905900
2020-03-17 00:00:00+00:00,140.0,147.5,135.0,146.57,81059800
2020-03-18 00:00:00+00:00,138.0,146.0,135.02,140.4,81593200
2020-03-19 00:00:00+00:00,142.77,150.15,139.0,142.71,85922700
2020-03-20 00:00:00+00:00,146.0,147.1,135.86,137.35,84866200
2020-03-23 00:00:00+00:00,137.01,140.57,132.52,135.98,78975200
2020-03-24 00:00:00+00:00,143.75,149.6,141.27,148.34,82516700
2020-03-25 00:00:00+00:00,148.91,154.33,144.44,146.92,75638200
2020-03-26 00:00:00+00:00,148.4,156.66,148.37,156.11,64568100
2020-03-27 00:00:00+00:00,151.75,154.89,149.2,149.7,57042300
2020-03-30 00:00:00+00:00,152.44,160.6,150.01,160.23,63420300
2020-03-31 00:00:00+00:00,159.4,164.78,156.56,157.71,77927200
2020-04-01 00:00:00+00:00,153.0,157.75,150.82,152.11,57969900
2020-04-02 00:00:00+00:00,151.86,155.48,150.36,155.26,49630700
2020-04-03 00:00:00+00:00,155.1,157.38,152.19,153.83,41243300
2020-04-06 00:00:00+00:00,160.32,166.5,157.58,165.27,67111700
2020-04-07 00:00:00+00:00,169.59,170.0,163.26,163.49,62769000
2020-04-08 00:00:00+00:00,165.67,166.67,163.5,165.13,48318200
2020-04-09 00:00:00+00:00,166.36,167.37,163.33,165.14,51385100
2020-04-13 00:00:00+00:00,164.35,165.57,162.3,165.51,41905300
2020-04-14 00:00:00+00:00,169.0,173.75,168.0,173.7,52874300
2020-04-15 00:00:00+00:00,171.2,173.57,169.24,171.88,40940800
2020-04-16 00:00:00+00:00,174.3,177.28,172.9,177.04,50479600
2020-04-17 00:00:00+00:00,179.5,180.0,175.87,178.6,52765600
2020-04-20 00:00:00+00:00,176.63,178.75,174.99,175.06,36669600
2020-04-21 00:00:00+00:00,173.5,173.67,166.11,167.82,56203700
2020-04-22 00:00:00+00:00,171.39,174.0,170.82,173.52,34620200
2020-04-23 00:00:00+00:00,174.11,175.06,170.91,171.42,32790800
2020-04-24 00:00:00+00:00,172.06,174.56,170.71,174.55,34277600
2020-04-27 00:00:00+00:00,176.59,176.9,173.3,174.05,33194400
2020-04-28 00:00:00+00:00,175.59,175.67,169.39,169.81,34392700
2020-04-29 00:00:00+00:00,173.22,177.68,171.88,177.43,51286600
2020-04-30 00:00:00+00:00,180.0,180.4,176.23,179.21,53875900
2020-05-01 00:00:00+00:00,175.8,178.64,174.01,174.57,39370500
2020-05-04 00:00:00+00:00,174.49,179.0,173.8,178.84,30372900
2020-05-05 00:00:00+00:00,180.62,183.65,179.9,180.76,36839200
2020-05-06 00:00:00+00:00,182.08,184.2,181.63,182.54,32139300
2020-05-07 00:00:00+00:00,184.17,184.55,182.58,183.6,28316000
2020-05-08 00:00:00+00:00,184.98,185.0,183.36,184.68,30877800
2020-05-11 00:00:00+00:00,183.15,187.51,182.85,186.74,30892700
2020-05-12 00:00:00+00:00,186.8,187.04,182.3,182.51,32038200
2020-05-13 00:00:00+00:00,182.55,184.05,176.54,179.75,44711500
2020-05-14 00:00:00+00:00,177.54,180.69,175.68,180.53,41873900
2020-05-15 00:00:00+00:00,179.06,187.06,177.0,183.16,46610400
2020-05-18 00:00:00+00:00,185.75,186.2,183.96,184.91,35264500
2020-05-19 00:00:00+00:00,185.03,186.6,183.49,183.63,26799100
2020-05-20 00:00:00+00:00,184.81,185.85,183.94,185.66,31261300
2020-05-21 00:00:00+00:00,185.4,186.67,183.29,183.43,29119500
2020-05-22 00:00:00+00:00,183.19,184.46,182.54,183.51,20826900
2020-05-26 00:00:00+00:00,186.34,186.5,181.1,181.57,36073600
2020-05-27 00:00:00+00:00,180.2,181.99,176.6,181.81,39517100
2020-05-28 00:00:00+00:00,180.74,184.15,180.38,181.4,33810200
2020-05-29 00:00:00+00:00,182.73,184.27,180.41,183.25,42130400
2020-06-01 00:00:00+00:00,182.54,183.0,181.46,182.83,22622400
2020-06-02 00:00:00+00:00,184.25,185.0,181.35,184.91,30794600
2020-06-03 00:00:00+00:00,184.82,185.94,183.58,185.36,27311000
2020-06-04 00:00:00+00:00,184.3,185.84,182.3,182.92,28761800
2020-06-05 00:00:00+00:00,182.62,187.73,182.01,187.2,39893600
2020-06-08 00:00:00+00:00,185.94,188.55,184.44,188.36,33211600
2020-06-09 00:00:00+00:00,188.0,190.7,187.26,189.8,29783900
2020-06-10 00:00:00+00:00,191.13,198.52,191.01,196.84,43872300
2020-06-11 00:00:00+00:00,193.13,195.76,186.07,186.27,52854700
2020-06-12 00:00:00+00:00,190.54,191.72,185.18,187.74,43373600
2020-06-15 00:00:00+00:00,184.58,190.82,184.01,188.94,32770200
2020-06-16 00:00:00+00:00,192.89,195.58,191.46,193.57,42556700
2020-06-17 00:00:00+00:00,195.03,196.32,193.69,194.24,25687800
2020-06-18 00:00:00+00:00,194.0,196.49,194.0,196.32,23061600
2020-06-19 00:00:00+00:00,198.59,199.29,194.37,195.15,44441100
2020-06-22 00:00:00+00:00,195.79,200.76,195.23,200.57,32818900
2020-06-23 00:00:00+00:00,202.09,203.95,201.43,201.91,30917400
2020-06-24 00:00:00+00:00,201.6,203.25,196.56,197.84,36740600
2020-06-25 00:00:00+00:00,197.8,200.61,195.47,200.34,27803900
2020-06-26 00:00:00+00:00,199.73,199.89,194.88,196.33,54675800
2020-06-29 00:00:00+00:00,195.78,198.53,193.55,198.44,26701600
2020-06-30 00:00:00+00:00,197.88,204.4,197.74,203.51,34310300
2020-07-01 00:00:00+00:00,203.14,206.35,201.77,204.7,32061200
2020-07-02 00:00:00+00:00,205.68,208.02,205.0,206.26,29315800
2020-07-06 00:00:00+00:00,208.83,211.13,208.09,210.7,31897600
2020-07-07 00:00:00+00:00,210.45,214.67,207.99,208.25,33600700
2020-07-08 00:00:00+00:00,210.07,213.26,208.69,212.83,33600000
2020-07-09 00:00:00+00:00,216.33,216.38,211.47,214.32,33121700
2020-07-10 00:00:00+00:00,213.62,214.08,211.08,213.67,26177600
2020-07-13 00:00:00+00:00,214.48,215.8,206.5,207.07,38135600
2020-07-14 00:00:00+00:00,206.13,208.85,202.03,208.35,37591800
2020-07-15 00:00:00+00:00,209.56,211.33,205.03,208.04,32179400
2020-07-16 00:00:00+00:00,205.4,205.7,202.31,203.92,29940700
2020-07-17 00:00:00+00:00,204.47,205.04,201.39,202.88,31635300
2020-07-20 00:00:00+00:00,205.0,212.3,203.01,211.6,36884800
2020-07-21 00:00:00+00:00,213.66,213.94,208.03,208.75,37990400
2020-07-22 00:00:00+00:00,209.2,212.3,208.39,211.75,49605700
2020-07-23 00:00:00+00:00,207.19,210.92,202.15,202.54,67457000
2020-07-24 00:00:00+00:00,200.42,202.86,197.51,201.3,39827000
2020-07-27 00:00:00+00:00,201.47,203.97,200.86,203.85,30160900
2020-07-28 00:00:00+00:00,203.61,204.7,201.74,202.02,23251400
2020-07-29 00:00:00+00:00,202.5,204.65,202.01,204.06,19632600
2020-07-30 00:00:00+00:00,201.0,204.46,199.57,203.9,25079600
2020-07-31 00:00:00+00:00,204.4,205.1,199.01,205.01,51044000
2020-08-03 00:00:00+00:00,211.52,217.64,210.44,216.54,78983000
2020-08-04 00:00:00+00:00,214.17,214.77,210.31,213.29,49280100
2020-08-05 00:00:00+00:00,214.9,215.0,211.57,212.94,28806400
2020-08-06 00:00:00+00:00,212.34,216.37,211.55,216.35,32656800
2020-08-07 00:00:00+00:00,214.85,215.7,210.93,212.48,27820400
2020-08-10 00:00:00+00:00,211.67,211.88,206.35,208.25,36716500
2020-08-11 00:00:00+00:00,207.16,207.65,203.14,203.38,36446500
2020-08-12 00:00:00+00:00,205.29,210.28,204.75,209.19,28013100
2020-08-13 00:00:00+00:00,209.44,211.35,208.15,208.7,22588900
2020-08-14 00:00:00+00:00,208.76,209.59,207.51,208.9,17958900
2020-08-17 00:00:00+00:00,209.6,211.19,208.92,210.28,20184800
2020-08-18 00:00:00+00:00,210.53,212.36,209.21,211.49,21336200
2020-08-19 00:00:00+00:00,211.49,212.1,209.25,209.7,27627600
2020-08-20 00:00:00+00:00,209.54,215.0,208.91,214.58,26981500
2020-08-21 00:00:00+00:00,213.86,216.25,212.85,213.02,36249300
2020-08-24 00:00:00+00:00,214.79,215.52,212.43,213.69,25460100
2020-08-25 00:00:00+00:00,213.1,216.61,213.1,216.47,23043700
2020-08-26 00:00:00+00:00,217.88,222.09,217.36,221.15,39600800
2020-08-27 00:00:00+00:00,222.89,231.15,219.4,226.58,57602200
2020-08-28 00:00:00+00:00,228.18,230.64,226.58,228.91,26292900
2020-08-31 00:00:00+00:00,227.0,228.7,224.31,225.53,28774200
2020-09-01 00:00:00+00:00,225.51,227.45,224.43,227.27,25725500
2020-09-02 00:00:00+00:00,227.97,232.86,227.35,231.65,34080800
2020-09-03 00:00:00+00:00,229.27,229.31,214.96,217.3,58400300
2020-09-04 00:00:00+00:00,215.1,218.36,205.19,214.25,59664100
2020-09-08 00:00:00+00:00,206.5,210.03,202.2,202.66,52924300
2020-09-09 00:00:00+00:00,207.6,214.84,206.7,211.29,45679000
2020-09-10 00:00:00+00:00,213.4,214.74,204.11,205.37,35461500
2020-09-11 00:00:00+00:00,207.2,208.63,201.24,204.03,33620100
2020-09-14 00:00:00+00:00,204.24,209.2,204.03,205.41,30375800
2020-09-15 00:00:00+00:00,208.42,209.78,206.93,208.78,21823900
2020-09-16 00:00:00+00:00,210.62,210.65,204.64,205.05,26328100
2020-09-17 00:00:00+00:00,200.05,204.33,199.96,202.91,34011300
2020-09-18 00:00:00+00:00,202.8,203.65,196.25,200.39,55225300
2020-09-21 00:00:00+00:00,197.19,202.71,196.38,202.54,39839700
2020-09-22 00:00:00+00:00,205.06,208.1,202.08,207.42,33517100
2020-09-23 00:00:00+00:00,207.9,208.1,200.03,200.59,30803800
2020-09-24 00:00:00+00:00,199.85,205.57,199.2,203.19,31202500
2020-09-25 00:00:00+00:00,203.55,209.04,202.54,207.82,29437300
2020-09-28 00:00:00+00:00,210.88,212.57,208.06,209.44,32004900
2020-09-29 00:00:00+00:00,209.35,210.07,206.81,207.26,24221900
2020-09-30 00:00:00+00:00,207.73,211.98,206.54,210.33,33829100
2020-10-01 00:00:00+00:00,213.49,213.99,211.32,212.46,27158400
2020-10-02 00:00:00+00:00,208.0,210.99,205.54,206.19,33154800
2020-10-05 00:00:00+00:00,207.22,210.41,206.98,210.38,21331600
2020-10-06 00:00:00+00:00,208.82,210.18,204.82,205.91,28554300
2020-10-07 00:00:00+00:00,207.06,210.11,206.72,209.83,25681100
2020-10-08 00:00:00+00:00,210.51,211.19,208.32,210.58,19925800
2020-10-09 00:00:00+00:00,211.23,215.86,211.23,215.81,26458000
2020-10-12 00:00:00+00:00,218.79,223.86,216.81,221.4,40461400
2020-10-13 00:00:00+00:00,222.72,225.21,220.43,222.86,28950800
2020-10-14 00:00:00+00:00,223.0,224.22,219.13,220.86,23421700
2020-10-15 00:00:00+00:00,217.1,220.36,216.01,219.66,22733100
2020-10-16 00:00:00+00:00,220.15,222.29,219.32,219.66,26057900
2020-10-19 00:00:00+00:00,220.42,222.3,213.72,214.22,27625800
2020-10-20 00:00:00+00:00,215.8,217.37,213.09,214.65,22753500
2020-10-21 00:00:00+00:00,213.12,216.92,213.12,214.8,22724900
2020-10-22 00:00:00+00:00,213.93,216.06,211.7,214.89,22351500
2020-10-23 00:00:00+00:00,215.03,216.28,213.16,216.23,18879600
2020-10-26 00:00:00+00:00,213.85,216.34,208.1,210.08,37111600
2020-10-27 00:00:00+00:00,211.59,214.67,210.33,213.25,36700300
2020-10-28 00:00:00+00:00,207.67,208.84,202.1,202.68,51195600
2020-10-29 00:00:00+00:00,204.07,207.36,203.37,204.72,31432600
2020-10-30 00:00:00+00:00,203.5,204.29,199.62,202.47,36953700
2020-11-02 00:00:00+00:00,204.29,205.28,200.12,202.33,30842200
2020-11-03 00:00:00+00:00,203.89,208.12,203.12,206.43,27512000
2020-11-04 00:00:00+00:00,214.02,218.32,212.42,216.39,42311800
2020-11-05 00:00:00+00:00,222.04,224.12,221.15,223.29,36080100
2020-11-06 00:00:00+00:00,222.26,224.36,218.03,223.72,25231900
2020-11-09 00:00:00+00:00,224.44,228.12,217.88,218.39,44395000
2020-11-10 00:00:00+00:00,214.5,216.5,209.72,211.01,44045100
2020-11-11 00:00:00+00:00,212.39,218.04,212.2,216.55,29440800
2020-11-12 00:00:00+00:00,217.21,219.11,214.46,215.44,21593900
2020-11-13 00:00:00+00:00,216.36,217.42,214.16,216.51,18621100
2020-11-16 00:00:00+00:00,214.87,217.74,214.52,217.23,24953300
2020-11-17 00:00:00+00:00,216.1,217.68,214.08,214.46,24154100
2020-11-18 00:00:00+00:00,213.65,215.17,210.93,211.08,28372800
2020-11-19 00:00:00+00:00,211.38,213.03,209.93,212.42,24792700
2020-11-20 00:00:00+00:00,212.2,213.29,210.0,210.39,22843100
2020-11-23 00:00:00+00:00,210.95,212.29,208.16,210.11,25683500
2020-11-24 00:00:00+00:00,209.59,214.25,208.86,213.86,33979700
2020-11-25 00:00:00+00:00,215.11,215.29,212.46,213.87,21012900
2020-11-27 00:00:00+00:00,214.85,216.27,214.04,215.23,14512200
2020-11-30 00:00:00+00:00,214.1,214.76,210.84,214.07,33064800
2020-12-01 00:00:00+00:00,214.51,217.32,213.35,216.21,30904500
2020-12-02 00:00:00+00:00,214.88,215.47,212.8,215.37,23724500
2020-12-03 00:00:00+00:00,214.61,216.38,213.65,214.24,25120900
2020-12-04 00:00:00+00:00,214.22,215.38,213.18,214.36,24666000
2020-12-07 00:00:00+00:00,214.37,215.54,212.99,214.29,24620000
2020-12-08 00:00:00+00:00,213.97,216.95,212.89,216.01,23284100
2020-12-09 00:00:00+00:00,215.16,215.23,211.21,211.8,32440600
2020-12-10 00:00:00+00:00,211.77,213.08,210.36,210.52,26733300
2020-12-11 00:00:00+00:00,210.05,213.32,209.11,213.26,30979400
2020-12-14 00:00:00+00:00,213.1,216.21,212.88,214.2,28798400
2020-12-15 00:00:00+00:00,215.17,215.42,212.24,214.13,27000600
2020-12-16 00:00:00+00:00,214.75,220.11,214.72,219.28,35023300
2020-12-17 00:00:00+00:00,219.87,220.89,217.92,219.42,32515800
2020-12-18 00:00:00+00:00,218.59,219.69,216.02,218.59,63354900
2020-12-21 00:00:00+00:00,217.55,224.0,217.28,222.59,37181900
2020-12-22 00:00:00+00:00,222.69,225.63,221.85,223.94,22612200
2020-12-23 00:00:00+00:00,223.11,223.56,220.8,221.02,18699600
2020-12-24 00:00:00+00:00,221.42,223.61,221.2,222.75,10550600
2020-12-28 00:00:00+00:00,224.45,226.03,223.02,224.96,17933500
2020-12-29 00:00:00+00:00,226.31,227.18,223.58,224.15,17403200
2020-12-30 00:00:00+00:00,225.23,225.63,221.47,221.68,20272300
2020-12-31 00:00:00+00:00,221.7,223.0,219.68,222.42,20942100
2021-01-04 00:00:00+00:00,222.53,223.0,214.81,217.69,37130100
2021-01-05 00:00:00+00:00,217.26,218.52,215.7,217.9,23823000
2021-01-06 00:00:00+00:00,212.17,216.49,211.94,212.25,35930700
2021-01-07 00:00:00+00:00,214.04,219.34,213.71,218.29,27694500
2021-01-08 00:00:00+00:00,218.68,220.58,217.03,219.62,22956200
2021-01-11 00:00:00+00:00,218.47,218.91,216.73,217.49,23031300
2021-01-12 00:00:00+00:00,216.5,217.1,213.32,214.93,23249300
2021-01-13 00:00:00+00:00,214.02,216.76,213.93,216.34,20087100
2021-01-14 00:00:00+00:00,215.91,217.46,212.74,213.02,29480800
2021-01-15 00:00:00+00:00,213.52,214.51,212.03,212.65,31746500
2021-01-19 00:00:00+00:00,213.75,216.98,212.63,216.44,30480900
2021-01-20 00:00:00+00:00,217.7,225.79,217.29,224.34,37777300
2021-01-21 00:00:00+00:00,224.7,226.3,222.42,224.97,30709400
2021-01-22 00:00:00+00:00,227.08,230.07,225.8,225.95,30172700
2021-01-25 00:00:00+00:00,229.12,229.78,224.22,229.53,33152100
2021-01-26 00:00:00+00:00,231.86,234.18,230.08,232.33,49169600
2021-01-27 00:00:00+00:00,238.0,240.44,230.14,232.9,69870600
2021-01-28 00:00:00+00:00,235.61,242.64,235.09,238.93,49111200
2021-01-29 00:00:00+00:00,235.99,238.02,231.35,231.96,42503100
2021-02-01 00:00:00+00:00,235.06,242.5,232.43,239.65,33314200
2021-02-02 00:00:00+00:00,241.3,242.31,238.69,239.51,25916300
2021-02-03 00:00:00+00:00,239.57,245.09,239.26,243.0,27158100
2021-02-04 00:00:00+00:00,242.66,243.24,240.37,242.01,25296100
2021-02-05 00:00:00+00:00,242.23,243.28,240.42,242.2,18054800
2021-02-08 00:00:00+00:00,243.15,243.68,240.81,242.47,22211900
2021-02-09 00:00:00+00:00,241.87,244.76,241.38,243.77,23565000
2021-02-10 00:00:00+00:00,245.0,245.92,240.89,242.82,22186700
2021-02-11 00:00:00+00:00,244.78,245.15,242.15,244.49,15751100
2021-02-12 00:00:00+00:00,243.93,245.3,242.73,244.99,16561100
2021-02-16 00:00:00+00:00,245.03,246.13,242.92,243.7,26728500
2021-02-17 00:00:00+00:00,241.32,244.31,240.94,244.2,21653500
2021-02-18 00:00:00+00:00,241.8,243.93,240.86,243.79,16925600
2021-02-19 00:00:00+00:00,243.75,243.86,240.18,240.97,25262600
2021-02-22 00:00:00+00:00,237.42,237.93,232.4,234.51,36446900
2021-02-23 00:00:00+00:00,230.33,234.83,228.73,233.27,30228700
2021-02-24 00:00:00+00:00,230.01,235.2,229.0,234.55,26339700
2021-02-25 00:00:00+00:00,232.08,234.59,227.88,228.99,39542200
2021-02-26 00:00:00+00:00,231.53,235.37,229.54,232.38,37819200
2021-03-01 00:00:00+00:00,235.9,237.47,233.15,236.94,25324000
2021-03-02 00:00:00+00:00,237.01,237.3,233.45,233.87,22812500
2021-03-03 00:00:00+00:00,232.16,233.58,227.26,227.56,34029500
2021-03-04 00:00:00+00:00,226.74,232.49,224.26,226.73,44727800
2021-03-05 00:00:00+00:00,229.52,233.27,226.46,231.6,41872800
2021-03-08 00:00:00+00:00,231.37,233.37,227.13,227.39,35267400
2021-03-09 00:00:00+00:00,232.88,235.38,231.67,233.78,33080500
2021-03-10 00:00:00+00:00,237.0,237.0,232.04,232.42,29746800
2021-03-11 00:00:00+00:00,234.96,239.17,234.31,237.13,29907600
2021-03-12 00:00:00+00:00,234.01,235.82,233.23,235.75,22653700
2021-03-15 00:00:00+00:00,234.96,235.19,231.81,234.81,26034900
2021-03-16 00:00:00+00:00,236.28,240.06,235.94,237.71,28092200
2021-03-17 00:00:00+00:00,236.15,238.55,233.23,237.04,29562100
2021-03-18 00:00:00+00:00,232.56,234.19,230.33,230.72,34833000
2021-03-19 00:00:00+00:00,231.02,232.47,229.35,230.35,46430700
2021-03-22 00:00:00+00:00,230.27,236.9,230.14,235.99,30127000
2021-03-23 00:00:00+00:00,237.49,241.05,237.07,237.58,31638400
2021-03-24 00:00:00+00:00,237.85,238.0,235.32,235.46,25620100
2021-03-25 00:00:00+00:00,235.3,236.94,231.57,232.34,34061900
2021-03-26 00:00:00+00:00,231.55,236.71,231.55,236.48,25479900
2021-03-29 00:00:00+00:00,236.59,236.8,231.88,235.24,25227500
2021-03-30 00:00:00+00:00,233.53,233.85,231.1,231.85,24792000
2021-03-31 00:00:00+00:00,232.91,239.1,232.39,235.77,43623500
2021-04-01 00:00:00+00:00,238.47,242.84,238.05,242.35,30338000
2021-04-05 00:00:00+00:00,242.76,249.96,242.7,249.07,36910600
2021-04-06 00:00:00+00:00,247.61,249.4,246.88,247.86,22931900
2021-04-07 00:00:00+00:00,247.81,250.93,247.19,249.9,22719800
2021-04-08 00:00:00+00:00,252.77,254.14,252.0,253.25,23625200
2021-04-09 00:00:00+00:00,252.87,255.99,252.44,255.85,24326800
2021-04-12 00:00:00+00:00,254.71,257.67,254.62,255.91,27148700
2021-04-13 00:00:00+00:00,257.26,259.19,256.83,258.49,23837500
2021-04-14 00:00:00+00:00,257.48,258.83,255.16,255.59,23070900
2021-04-15 00:00:00+00:00,257.93,259.93,257.73,259.5,25627500
2021-04-16 00:00:00+00:00,259.47,261.0,257.6,260.74,24878600
2021-04-19 00:00:00+00:00,260.19,261.48,257.82,258.74,23209300
2021-04-20 00:00:00+00:00,257.82,260.2,256.84,258.26,19722900
2021-04-21 00:00:00+00:00,258.94,260.68,257.25,260.58,24030400
2021-04-22 00:00:00+00:00,260.21,261.78,255.64,257.17,25606200
2021-04-23 00:00:00+00:00,257.88,261.51,257.27,261.15,21462600
2021-04-26 00:00:00+00:00,261.66,262.44,260.17,261.55,19763300
2021-04-27 00:00:00+00:00,261.58,263.19,260.12,261.97,31014200
2021-04-28 00:00:00+00:00,256.08,256.54,252.95,254.56,46903100
2021-04-29 00:00:00+00:00,255.46,256.1,249.0,252.51,40589000
2021-04-30 00:00:00+00:00,249.74,253.08,249.6,252.18,30945100
2021-05-03 00:00:00+00:00,253.4,254.35,251.12,251.86,19626600
2021-05-04 00:00:00+00:00,250.97,251.21,245.76,247.79,32756100
2021-05-05 00:00:00+00:00,249.06,249.5,245.82,246.47,21901300
2021-05-06 00:00:00+00:00,246.45,249.86,244.69,249.73,26491100
2021-05-07 00:00:00+00:00,252.15,254.3,251.17,252.46,27032900
2021-05-10 00:00:00+00:00,250.87,251.73,247.12,247.18,29299900
2021-05-11 00:00:00+00:00,244.55,246.6,242.57,246.23,33641600
2021-05-12 00:00:00+00:00,242.17,244.38,238.07,239.0,36684400
2021-05-13 00:00:00+00:00,241.8,245.6,241.42,243.03,29624300
2021-05-14 00:00:00+00:00,245.58,249.18,245.49,248.15,23901100
2021-05-17 00:00:00+00:00,246.55,246.59,243.52,245.18,24970200
2021-05-18 00:00:00+00:00,246.27,246.41,242.9,243.08,20168000
2021-05-19 00:00:00+00:00,239.31,243.23,238.6,243.12,25739800
2021-05-20 00:00:00+00:00,243.96,247.95,243.86,246.48,21800700
2021-05-21 00:00:00+00:00,247.57,248.33,244.74,245.17,21863100
2021-05-24 00:00:00+00:00,247.79,251.16,247.51,250.78,21411500
2021-05-25 00:00:00+00:00,251.77,252.75,250.82,251.72,17704300
2021-05-26 00:00:00+00:00,251.43,252.94,250.75,251.49,17771600
2021-05-27 00:00:00+00:00,251.17,251.48,249.25,249.31,24426200
2021-05-28 00:00:00+00:00,251.0,252.08,249.56,249.68,18270200
2021-06-01 00:00:00+00:00,251.23,251.29,246.96,247.4,23213300
2021-06-02 00:00:00+00:00,248.13,249.27,245.84,247.3,19406700
2021-06-03 00:00:00+00:00,245.22,246.34,243.0,245.71,25307700
2021-06-04 00:00:00+00:00,247.76,251.65,247.51,250.79,25281100
2021-06-07 00:00:00+00:00,249.98,254.09,249.81,253.81,23079200
2021-06-08 00:00:00+00:00,255.16,256.01,252.51,252.57,22455000
2021-06-09 00:00:00+00:00,253.81,255.53,253.21,253.59,17937600
2021-06-10 00:00:00+00:00,254.29,257.46,253.67,257.24,24563600
2021-06-11 00:00:00+00:00,257.99,258.49,256.61,257.89,18999700
2021-06-14 00:00:00+00:00,257.9,259.95,256.8,259.89,19150500
2021-06-15 00:00:00+00:00,259.77,259.99,257.68,258.36,18038900
2021-06-16 00:00:00+00:00,259.4,260.58,254.42,257.38,27220000
2021-06-17 00:00:00+00:00,256.07,261.75,256.01,260.9,27565500
2021-06-18 00:00:00+00:00,259.63,262.3,258.75,259.43,37202200
2021-06-21 00:00:00+00:00,259.82,263.52,257.92,262.63,26696100
2021-06-22 00:00:00+00:00,262.72,265.79,262.4,265.51,24694100
2021-06-23 00:00:00+00:00,265.99,266.83,264.43,265.27,19518700
2021-06-24 00:00:00+00:00,266.16,267.85,265.47,266.69,21446900
2021-06-25 00:00:00+00:00,266.23,267.25,264.76,265.02,25611100
2021-06-28 00:00:00+00:00,266.19,268.9,265.91,268.72,19590000
2021-06-29 00:00:00+00:00,268.87,271.65,267.98,271.4,19937800
2021-06-30 00:00:00+00:00,270.69,271.36,269.6,270.9,21656500
2021-07-01 00:00:00+00:00,269.61,271.84,269.6,271.6,16725300
2021-07-02 00:00:00+00:00,272.82,278.0,272.5,277.65,26458000
2021-07-06 00:00:00+00:00,278.03,279.37,274.3,277.66,31565600
2021-07-07 00:00:00+00:00,279.4,280.69,277.15,279.93,23260000
2021-07-08 00:00:00+00:00,276.9,278.73,274.87,277.42,24618600
2021-07-09 00:00:00+00:00,275.72,278.05,275.32,277.94,23916700
2021-07-12 00:00:00+00:00,279.16,279.77,276.58,277.32,18931700
2021-07-13 00:00:00+00:00,277.52,282.85,277.39,280.98,26120100
2021-07-14 00:00:00+00:00,282.35,283.66,280.55,282.51,23113700
2021-07-15 00:00:00+00:00,282.0,282.51,279.83,281.03,22604200
2021-07-16 00:00:00+00:00,282.07,284.1,279.46,280.75,26186800
2021-07-19 00:00:00+00:00,278.93,280.37,274.45,277.01,32935600
2021-07-20 00:00:00+00:00,278.03,280.97,276.26,279.32,26259700
2021-07-21 00:00:00+00:00,278.9,281.52,277.29,281.4,24364300
2021-07-22 00:00:00+00:00,283.84,286.42,283.42,286.14,23384100
2021-07-23 00:00:00+00:00,287.37,289.99,286.5,289.67,22768100
2021-07-26 00:00:00+00:00,289.0,289.69,286.64,289.05,23176100
2021-07-27 00:00:00+00:00,289.43,289.58,282.95,286.54,33604100
2021-07-28 00:00:00+00:00,288.99,290.15,283.83,286.22,33566900
2021-07-29 00:00:00+00:00,286.24,288.62,286.08,286.5,18168300
2021-07-30 00:00:00+00:00,285.17,286.66,283.91,284.91,20944800
2021-08-02 00:00:00+00:00,286.36,286.77,283.74,284.82,16267400
2021-08-03 00:00:00+00:00,285.42,287.23,284.0,287.12,17879000
2021-08-04 00:00:00+00:00,286.22,287.59,284.65,286.51,16191300
2021-08-05 00:00:00+00:00,286.88,289.63,286.1,289.52,13900200
2021-08-06 00:00:00+00:00,288.51,289.5,287.62,289.46,16589300
2021-08-09 00:00:00+00:00,289.75,291.55,287.81,288.33,16117600
2021-08-10 00:00:00+00:00,288.8,289.25,285.2,286.44,18616600
2021-08-11 00:00:00+00:00,287.21,288.66,285.86,286.95,13955900
2021-08-12 00:00:00+00:00,286.63,289.97,286.34,289.81,14561300
2021-08-13 00:00:00+00:00,289.48,292.9,289.3,292.85,18249000
2021-08-16 00:00:00+00:00,293.19,294.82,290.02,294.6,22507600
2021-08-17 00:00:00+00:00,292.39,293.43,291.08,293.08,20075300
2021-08-18 00:00:00+00:00,292.04,294.82,290.27,290.73,21813000
2021-08-19 00:00:00+00:00,288.69,297.47,288.64,296.77,29850500
2021-08-20 00:00:00+00:00,299.72,305.84,298.06,304.36,40817600
2021-08-23 00:00:00+00:00,303.25,305.4,301.85,304.65,22830200
2021-08-24 00:00:00+00:00,305.02,305.65,302.0,302.62,18175800
2021-08-25 00:00:00+00:00,304.3,304.59,300.42,302.01,20006100
2021-08-26 00:00:00+00:00,300.99,302.43,298.95,299.09,17666100
2021-08-27 00:00:00+00:00,298.99,300.87,296.83,299.72,22605700
2021-08-30 00:00:00+00:00,301.12,304.22,301.06,303.59,16348100
2021-08-31 00:00:00+00:00,304.42,304.5,301.5,301.88,26285300
2021-09-01 00:00:00+00:00,302.87,305.19,301.49,301.83,18983800
2021-09-02 00:00:00+00:00,302.2,303.36,300.18,301.15,16285600
2021-09-03 00:00:00+00:00,300.99,302.6,300.26,301.14,14747900
2021-09-07 00:00:00+00:00,301.01,301.09,298.2,300.18,17180400
2021-09-08 00:00:00+00:00,299.78,300.61,297.47,300.21,15046800
2021-09-09 00:00:00+00:00,300.82,302.14,297.0,297.25,19927000
2021-09-10 00:00:00+00:00,298.42,299.92,295.38,295.71,19633400
2021-09-13 00:00:00+00:00,297.55,298.54,294.08,296.99,23652900
2021-09-14 00:00:00+00:00,299.56,301.39,298.1,299.79,21853400
2021-09-15 00:00:00+00:00,303.26,305.32,301.82,304.82,28356300
2021-09-16 00:00:00+00:00,303.76,305.31,300.76,305.22,19550800
2021-09-17 00:00:00+00:00,304.17,304.5,299.53,299.87,41372500
2021-09-20 00:00:00+00:00,296.33,298.72,289.52,294.3,38278700
2021-09-21 00:00:00+00:00,295.69,297.54,294.07,294.8,22364100
2021-09-22 00:00:00+00:00,296.73,300.22,294.51,298.58,26626300
2021-09-23 00:00:00+00:00,298.85,300.9,297.53,299.56,18604600
2021-09-24 00:00:00+00:00,298.23,299.8,296.93,299.35,14999000
2021-09-27 00:00:00+00:00,296.14,296.47,292.94,294.17,23571700
2021-09-28 00:00:00+00:00,289.8,290.78,282.75,283.52,43186200
2021-09-29 00:00:00+00:00,285.1,286.77,283.01,284.0,26353700
2021-09-30 00:00:00+00:00,285.71,287.83,281.62,281.92,32343600
2021-10-01 00:00:00+00:00,282.12,289.98,281.29,289.1,30086300
2021-10-04 00:00:00+00:00,287.4,287.75,280.25,283.11,31350700
2021-10-05 00:00:00+00:00,284.05,290.4,284.05,288.76,24993000
2021-10-06 00:00:00+00:00,285.78,293.63,285.51,293.11,28002600
2021-10-07 00:00:00+00:00,295.18,296.64,293.92,294.85,20430500
2021-10-08 00:00:00+00:00,296.22,296.64,293.76,294.85,17685700
2021-10-11 00:00:00+00:00,292.92,297.97,292.75,294.23,19298600
2021-10-12 00:00:00+00:00,295.34,295.44,292.35,292.88,17974100
2021-10-13 00:00:00+00:00,294.91,297.28,293.49,296.31,23416300
2021-10-14 00:00:00+00:00,299.21,303.27,297.83,302.75,27262900
2021-10-15 00:00:00+00:00,302.34,304.45,300.52,304.21,25384800
2021-10-18 00:00:00+00:00,303.57,308.21,302.69,307.29,22729300
2021-10-19 00:00:00+00:00,308.35,309.3,307.22,308.23,17682100
2021-10-20 00:00:00+00:00,309.21,309.7,306.11,307.41,16537100
2021-10-21 00:00:00+00:00,307.17,311.02,306.36,310.76,16918100
2021-10-22 00:00:00+00:00,310.4,311.09,307.8,309.16,17449300
2021-10-25 00:00:00+00:00,309.36,309.4,306.46,308.13,17554500
2021-10-26 00:00:00+00:00,311.0,312.4,308.6,310.11,28107300
2021-10-27 00:00:00+00:00,316.0,326.1,316.0,323.17,52588700
2021-10-28 00:00:00+00:00,324.33,324.87,321.36,324.35,26297900
2021-10-29 00:00:00+00:00,324.13,332.0,323.9,331.62,34766000
2021-11-01 00:00:00+00:00,331.36,331.49,326.37,329.37,27073200
2021-11-02 00:00:00+00:00,330.31,333.45,330.0,333.13,26487100
2021-11-03 00:00:00+00:00,333.9,334.9,330.65,334.0,21500100
2021-11-04 00:00:00+00:00,332.89,336.54,329.51,336.44,23992200
2021-11-05 00:00:00+00:00,338.51,338.79,334.42,336.06,22570100
2021-11-08 00:00:00+00:00,337.3,337.65,334.44,336.99,20897000
2021-11-09 00:00:00+00:00,337.11,338.72,334.53,335.95,21307400
2021-11-10 00:00:00+00:00,334.57,334.63,329.92,330.8,25500900
2021-11-11 00:00:00+00:00,331.25,333.77,330.51,332.43,16849800
2021-11-12 00:00:00+00:00,333.92,337.23,333.79,336.72,23831000
2021-11-15 00:00:00+00:00,337.54,337.88,334.03,336.07,16723000
2021-11-16 00:00:00+00:00,335.68,340.67,335.51,339.51,20886800
2021-11-17 00:00:00+00:00,338.94,342.19,338.0,339.12,19053400
2021-11-18 00:00:00+00:00,338.18,342.45,337.12,341.27,22463500
2021-11-19 00:00:00+00:00,342.64,345.1,342.2,343.11,21963400
2021-11-22 00:00:00+00:00,344.62,349.67,339.55,339.83,31031100
2021-11-23 00:00:00+00:00,337.05,339.45,333.56,337.68,30427600
2021-11-24 00:00:00+00:00,336.28,338.16,333.91,337.91,21661300
2021-11-26 00:00:00+00:00,334.35,337.93,328.12,329.68,24217200
2021-11-29 00:00:00+00:00,334.94,339.03,334.74,336.63,28563500
2021-11-30 00:00:00+00:00,335.32,337.78,328.99,330.59,42885600
2021-12-01 00:00:00+00:00,335.13,339.28,329.39,330.08,33337600
2021-12-02 00:00:00+00:00,330.3,333.49,327.8,329.49,30766000
2021-12-03 00:00:00+00:00,331.99,332.7,318.03,323.01,41779300
2021-12-06 00:00:00+00:00,323.95,327.45,319.23,326.19,30032600
2021-12-07 00:00:00+00:00,331.64,335.8,330.1,334.92,31021900
2021-12-08 00:00:00+00:00,335.31,335.5,330.8,334.97,24761000
2021-12-09 00:00:00+00:00,334.41,336.49,332.12,333.1,22214200
2021-12-10 00:00:00+00:00,334.98,343.0,334.79,342.54,38095700
2021-12-13 00:00:00+00:00,340.68,343.79,339.08,339.4,28899400
2021-12-14 00:00:00+00:00,333.22,334.64,324.11,328.34,44438700
2021-12-15 00:00:00+00:00,328.61,335.19,324.5,334.65,35381100
2021-12-16 00:00:00+00:00,335.71,336.76,323.02,324.9,35034800
2021-12-17 00:00:00+00:00,320.88,324.92,317.25,323.8,47750300
2021-12-20 00:00:00+00:00,320.05,322.8,317.57,319.91,28326500
2021-12-21 00:00:00+00:00,323.29,327.73,319.8,327.29,24740600
2021-12-22 00:00:00+00:00,328.3,333.61,325.75,333.2,24831500
2021-12-23 00:00:00+00:00,332.75,336.39,332.73,334.69,19617800
2021-12-27 00:00:00+00:00,335.46,342.48,335.43,342.45,19947000
2021-12-28 00:00:00+00:00,343.15,343.81,340.32,341.25,15661500
2021-12-29 00:00:00+00:00,341.3,344.3,339.68,341.95,15042000
2021-12-30 00:00:00+00:00,341.91,343.13,338.82,339.32,15994500
2021-12-31 00:00:00+00:00,338.51,339.36,335.85,336.32,18000800
2022-01-03 00:00:00+00:00,335.35,338.0,329.78,334.75,28865100
2022-01-04 00:00:00+00:00,334.83,335.2,326.12,329.01,32674300
2022-01-05 00:00:00+00:00,325.86,326.07,315.98,316.38,40054300
2022-01-06 00:00:00+00:00,313.15,318.7,311.49,313.88,39646100
2022-01-07 00:00:00+00:00,314.15,316.5,310.09,314.04,32720000
2022-01-10 00:00:00+00:00,309.49,314.72,304.69,314.27,44289500
2022-01-11 00:00:00+00:00,313.38,316.61,309.89,314.98,29386800
2022-01-12 00:00:00+00:00,319.67,323.41,317.08,318.27,34372200
2022-01-13 00:00:00+00:00,320.47,320.88,304.0,304.8,45366000
2022-01-14 00:00:00+00:00,304.25,310.82,303.75,310.2,39846400
2022-01-18 00:00:00+00:00,304.07,309.8,301.74,302.65,42333200
2022-01-19 00:00:00+00:00,306.29,313.91,302.7,303.33,45933900
2022-01-20 00:00:00+00:00,309.07,311.65,301.14,301.6,35380700
2022-01-21 00:00:00+00:00,302.69,304.11,295.61,296.03,57984400
2022-01-24 00:00:00+00:00,292.2,297.11,276.05,296.37,85731500
2022-01-25 00:00:00+00:00,291.52,294.99,285.17,288.49,72848600
2022-01-26 00:00:00+00:00,307.99,308.5,293.03,296.71,90428900
2022-01-27 00:00:00+00:00,302.66,307.3,297.93,299.84,53481300
2022-01-28 00:00:00+00:00,300.23,308.48,294.45,308.26,49743700
2022-01-31 00:00:00+00:00,308.95,312.38,306.37,310.98,46444500
2022-02-01 00:00:00+00:00,310.41,310.63,305.13,308.76,40950400
2022-02-02 00:00:00+00:00,309.63,315.12,308.88,313.46,36636000
2022-02-03 00:00:00+00:00,309.49,311.23,299.96,301.25,43730000
2022-02-04 00:00:00+00:00,300.21,308.8,299.97,305.94,35096500
2022-02-07 00:00:00+00:00,306.17,307.84,299.9,300.95,28533300
2022-02-08 00:00:00+00:00,301.25,305.56,299.95,304.56,32421200
2022-02-09 00:00:00+00:00,309.87,311.93,307.39,311.21,31284700
2022-02-10 00:00:00+00:00,304.04,309.12,300.7,302.38,45386200
2022-02-11 00:00:00+00:00,303.19,304.29,294.22,295.04,39175600
2022-02-14 00:00:00+00:00,293.77,296.76,291.35,295.0,36359500
2022-02-15 00:00:00+00:00,300.01,300.8,297.02,300.47,27058300
2022-02-16 00:00:00+00:00,298.37,300.87,293.68,299.5,29982100
2022-02-17 00:00:00+00:00,296.36,296.8,290.0,290.73,32461600
2022-02-18 00:00:00+00:00,293.05,293.86,286.31,287.93,34264000
2022-02-22 00:00:00+00:00,285.0,291.54,284.5,287.72,41736100
2022-02-23 00:00:00+00:00,290.18,291.7,280.1,280.27,37811200
2022-02-24 00:00:00+00:00,272.51,295.16,271.52,294.59,56989700
2022-02-25 00:00:00+00:00,295.14,297.63,291.65,297.31,32546700
2022-02-28 00:00:00+00:00,294.31,299.14,293.0,298.79,34627500
2022-03-01 00:00:00+00:00,296.4,299.97,292.15,294.95,31217800
2022-03-02 00:00:00+00:00,295.36,301.47,293.7,300.19,31873000
2022-03-03 00:00:00+00:00,302.89,303.13,294.05,295.92,27314500
2022-03-04 00:00:00+00:00,294.29,295.66,287.17,289.86,32356500
2022-03-07 00:00:00+00:00,288.53,289.69,278.53,278.91,43157200
2022-03-08 00:00:00+00:00,277.8,283.96,270.0,275.85,48159500
2022-03-09 00:00:00+00:00,283.44,289.6,280.78,288.5,35204500
2022-03-10 00:00:00+00:00,283.02,286.6,280.58,285.59,30628000
2022-03-11 00:00:00+00:00,287.96,289.51,279.43,280.07,27209300
2022-03-14 00:00:00+00:00,280.34,285.4,275.82,276.44,30660700
2022-03-15 00:00:00+00:00,280.35,287.82,278.73,287.15,34245100
2022-03-16 00:00:00+00:00,289.11,294.57,283.2,294.39,37826300
2022-03-17 00:00:00+00:00,293.29,295.61,289.37,295.22,30816600
2022-03-18 00:00:00+00:00,295.37,301.0,292.73,300.43,43390600
2022-03-21 00:00:00+00:00,298.89,300.14,294.9,299.16,28351200
2022-03-22 00:00:00+00:00,299.8,305.0,298.77,304.06,27599700
2022-03-23 00:00:00+00:00,300.51,303.23,297.72,299.49,25715400
2022-03-24 00:00:00+00:00,299.14,304.2,298.32,304.1,24484500
2022-03-25 00:00:00+00:00,305.23,305.5,299.29,303.68,22566500
2022-03-28 00:00:00+00:00,304.33,310.8,304.33,310.7,29578200
2022-03-29 00:00:00+00:00,313.91,315.82,309.05,315.41,30393400
2022-03-30 00:00:00+00:00,313.76,315.95,311.58,313.86,28163600
2022-03-31 00:00:00+00:00,313.9,315.14,307.89,308.31,33422100
2022-04-01 00:00:00+00:00,309.37,310.13,305.54,309.42,27110500
2022-04-04 00:00:00+00:00,310.09,315.11,309.71,314.97,24289600
2022-04-05 00:00:00+00:00,313.27,314.87,309.87,310.88,23156700
2022-04-06 00:00:00+00:00,305.19,307.0,296.71,299.5,40110400
2022-04-07 00:00:00+00:00,296.66,303.65,296.35,301.37,31411200
2022-04-08 00:00:00+00:00,300.44,301.12,296.28,296.97,24361900
2022-04-11 00:00:00+00:00,291.79,292.61,285.0,285.26,34569300
2022-04-12 00:00:00+00:00,289.24,290.74,280.49,282.06,30966700
2022-04-13 00:00:00+00:00,282.73,288.58,281.3,287.62,21907200
2022-04-14 00:00:00+00:00,288.09,288.31,279.32,279.83,28221600
2022-04-18 00:00:00+00:00,278.91,282.46,278.34,280.52,20778000
2022-04-19 00:00:00+00:00,279.38,286.17,278.41,285.3,22297700
2022-04-20 00:00:00+00:00,289.4,289.7,285.37,286.36,22906700
2022-04-21 00:00:00+00:00,288.58,293.3,280.06,280.81,29454600
2022-04-22 00:00:00+00:00,281.68,283.2,273.38,274.03,29405800
2022-04-25 00:00:00+00:00,273.29,281.11,270.77,280.72,35678900
2022-04-26 00:00:00+00:00,277.5,278.36,270.0,270.22,46518400
2022-04-27 00:00:00+00:00,282.1,290.97,279.16,283.22,63477700
2022-04-28 00:00:00+00:00,285.19,290.98,281.46,289.63,33646600
2022-04-29 00:00:00+00:00,288.61,289.88,276.5,277.52,37073900
2022-05-02 00:00:00+00:00,277.71,284.94,276.22,284.47,35151100
2022-05-03 00:00:00+00:00,283.96,284.13,280.15,281.78,25978600
2022-05-04 00:00:00+00:00,282.59,290.88,276.73,289.98,33599300
2022-05-05 00:00:00+00:00,285.54,286.35,274.34,277.35,43260400
2022-05-06 00:00:00+00:00,274.81,279.25,271.27,274.73,37780300
2022-05-09 00:00:00+00:00,270.06,272.36,263.32,264.58,47726000
2022-05-10 00:00:00+00:00,271.69,273.75,265.07,269.5,39336400
2022-05-11 00:00:00+00:00,265.68,271.36,259.3,260.55,48975900
2022-05-12 00:00:00+00:00,257.69,259.88,250.02,255.35,51033800
2022-05-13 00:00:00+00:00,257.35,263.04,255.35,261.12,34925100
2022-05-16 00:00:00+00:00,259.96,265.82,255.78,261.5,32550900
2022-05-17 00:00:00+00:00,266.11,268.33,262.46,266.82,28828800
2022-05-18 00:00:00+00:00,263.0,263.6,252.77,254.08,31356000
2022-05-19 00:00:00+00:00,253.9,257.67,251.88,253.14,32692300
2022-05-20 00:00:00+00:00,257.24,258.54,246.44,252.56,39199300
2022-05-23 00:00:00+00:00,255.49,261.5,253.43,260.65,33175400
2022-05-24 00:00:00+00:00,257.89,261.33,253.5,259.62,29043900
2022-05-25 00:00:00+00:00,258.14,264.58,257.13,262.52,28547900
2022-05-26 00:00:00+00:00,262.27,267.11,261.43,265.9,25002100
2022-05-27 00:00:00+00:00,268.48,273.34,267.56,273.24,26910800
2022-05-31 00:00:00+00:00,272.53,274.77,268.93,271.87,37827700
2022-06-01 00:00:00+00:00,275.2,277.69,270.04,272.42,25292200
2022-06-02 00:00:00+00:00,264.45,274.65,261.6,274.58,44008200
2022-06-03 00:00:00+00:00,270.31,273.45,268.41,270.02,28059000
2022-06-06 00:00:00+00:00,272.06,274.18,267.22,268.75,22400300
2022-06-07 00:00:00+00:00,266.64,273.13,265.94,272.5,22860700
2022-06-08 00:00:00+00:00,271.71,273.0,269.61,270.41,17372300
2022-06-09 00:00:00+00:00,267.78,272.71,264.63,264.79,26439700
2022-06-10 00:00:00+00:00,260.58,260.58,252.53,252.99,31422800
2022-06-13 00:00:00+00:00,245.11,249.02,241.53,242.26,46135800
2022-06-14 00:00:00+00:00,243.86,245.74,241.51,244.49,28651500
2022-06-15 00:00:00+00:00,248.31,255.3,246.42,251.76,33111700
2022-06-16 00:00:00+00:00,245.98,247.42,243.02,244.97,33169200
2022-06-17 00:00:00+00:00,244.7,250.5,244.03,247.65,43084800
2022-06-21 00:00:00+00:00,250.26,254.75,249.51,253.74,29928300
2022-06-22 00:00:00+00:00,251.89,257.17,250.37,253.13,25939900
2022-06-23 00:00:00+00:00,255.57,259.37,253.63,258.86,25861400
2022-06-24 00:00:00+00:00,261.81,267.98,261.72,267.7,33923200
2022-06-27 00:00:00+00:00,268.21,268.3,263.28,264.89,24615100
2022-06-28 00:00:00+00:00,263.98,266.91,256.32,256.48,27295500
2022-06-29 00:00:00+00:00,257.59,261.97,255.76,260.26,20069800
2022-06-30 00:00:00+00:00,257.05,259.53,252.9,256.83,31730900
2022-07-01 00:00:00+00:00,256.39,259.77,254.61,259.58,22837700
2022-07-05 00:00:00+00:00,256.16,262.98,254.74,262.85,22941000
2022-07-06 00:00:00+00:00,263.75,267.99,262.4,266.21,23824400
2022-07-07 00:00:00+00:00,265.12,269.06,265.02,268.4,20859900
2022-07-08 00:00:00+00:00,264.79,268.1,263.29,267.66,19658800
2022-07-11 00:00:00+00:00,265.65,266.53,262.18,264.51,19455200
2022-07-12 00:00:00+00:00,265.88,265.94,252.04,253.67,35868500
2022-07-13 00:00:00+00:00,250.19,253.55,248.11,252.72,29497400
2022-07-14 00:00:00+00:00,250.57,255.14,245.94,254.08,25102800
2022-07-15 00:00:00+00:00,255.72,260.37,254.77,256.72,29774100
2022-07-18 00:00:00+00:00,259.75,260.84,253.3,254.25,20975000
2022-07-19 00:00:00+00:00,257.58,259.72,253.68,259.53,25012600
2022-07-20 00:00:00+00:00,259.9,264.87,258.91,262.27,22788300
2022-07-21 00:00:00+00:00,259.79,264.89,257.03,264.84,22404700
2022-07-22 00:00:00+00:00,265.24,265.33,259.07,260.36,21881300
2022-07-25 00:00:00+00:00,261.0,261.5,256.81,258.83,21056000
2022-07-26 00:00:00+00:00,259.86,259.88,249.57,251.9,39348000
2022-07-27 00:00:00+00:00,261.16,270.05,258.85,268.74,45994000
2022-07-28 00:00:00+00:00,269.75,277.84,267.87,276.41,33459300
2022-07-29 00:00:00+00:00,277.7,282.0,276.63,280.74,32152800
2022-08-01 00:00:00+00:00,277.82,281.28,275.84,278.01,21539600
2022-08-02 00:00:00+00:00,276.0,277.89,272.38,274.82,22754200
2022-08-03 00:00:00+00:00,276.76,283.5,276.61,282.47,23518900
2022-08-04 00:00:00+00:00,281.8,283.8,280.17,283.65,18098700
2022-08-05 00:00:00+00:00,279.15,283.65,278.68,282.91,16774600
2022-08-08 00:00:00+00:00,284.05,285.92,279.32,280.32,18739200
2022-08-09 00:00:00+00:00,279.64,283.08,277.61,282.3,23405200
2022-08-10 00:00:00+00:00,288.17,289.81,286.94,289.16,24687800
2022-08-11 00:00:00+00:00,290.85,291.21,286.51,287.02,20065900
2022-08-12 00:00:00+00:00,288.48,291.91,286.94,291.91,22619700
2022-08-15 00:00:00+00:00,291.0,294.18,290.11,293.47,18085700
2022-08-16 00:00:00+00:00,291.99,294.04,290.42,292.71,18102900
2022-08-17 00:00:00+00:00,289.74,293.35,289.47,291.32,18253400
2022-08-18 00:00:00+00:00,290.19,291.91,289.08,290.17,17186200
2022-08-19 00:00:00+00:00,288.9,289.25,285.56,286.15,20570000
2022-08-22 00:00:00+00:00,282.08,282.46,277.22,277.75,25061100
2022-08-23 00:00:00+00:00,276.44,278.86,275.4,276.44,17527400
2022-08-24 00:00:00+00:00,275.41,277.23,275.11,275.79,18137000
2022-08-25 00:00:00+00:00,277.33,279.02,274.52,278.85,16583400
2022-08-26 00:00:00+00:00,279.08,280.34,267.98,268.09,27549300
2022-08-29 00:00:00+00:00,265.85,267.4,263.85,265.23,20338500
2022-08-30 00:00:00+00:00,266.67,267.05,260.66,262.97,22767100
2022-08-31 00:00:00+00:00,265.39,267.11,261.33,261.47,24791800
2022-09-01 00:00:00+00:00,258.87,260.89,255.41,260.4,23263400
2022-09-02 00:00:00+00:00,261.7,264.74,254.47,256.06,22855400
2022-09-06 00:00:00+00:00,256.2,257.83,251.94,253.25,21328200
2022-09-07 00:00:00+00:00,254.7,258.83,253.22,258.09,24126700
2022-09-08 00:00:00+00:00,257.51,260.43,254.79,258.52,20319900
2022-09-09 00:00:00+00:00,260.5,265.23,260.29,264.46,22084700
2022-09-12 00:00:00+00:00,265.78,267.45,265.16,266.65,18747700
2022-09-13 00:00:00+00:00,258.84,260.4,251.59,251.99,33353300
2022-09-14 00:00:00+00:00,253.53,254.23,249.86,252.22,23913000
2022-09-15 00:00:00+00:00,249.77,251.4,244.02,245.38,31530900
2022-09-16 00:00:00+00:00,244.26,245.3,242.06,244.74,39791800
2022-09-19 00:00:00+00:00,242.47,245.14,240.85,244.52,26826900
2022-09-20 00:00:00+00:00,242.07,243.51,239.64,242.45,26660300
2022-09-21 00:00:00+00:00,244.27,247.66,238.9,238.95,28625600
2022-09-22 00:00:00+00:00,237.87,243.86,237.57,240.98,31061200
2022-09-23 00:00:00+00:00,239.54,241.13,235.2,237.92,34176000
2022-09-26 00:00:00+00:00,237.05,241.45,236.9,237.45,27694200
2022-09-27 00:00:00+00:00,239.98,241.8,234.5,236.41,27018700
2022-09-28 00:00:00+00:00,236.81,242.33,234.73,241.07,29029700
2022-09-29 00:00:00+00:00,238.89,239.95,234.41,237.5,27484200
2022-09-30 00:00:00+00:00,238.29,240.54,232.73,232.9,35694800
2022-10-03 00:00:00+00:00,235.41,241.61,234.66,240.74,28880400
2022-10-04 00:00:00+00:00,245.09,250.36,244.98,248.88,34888400
2022-10-05 00:00:00+00:00,245.99,250.58,244.1,249.2,20347100
2022-10-06 00:00:00+00:00,247.93,250.34,246.08,246.79,20239900
2022-10-07 00:00:00+00:00,240.9,241.32,233.17,234.24,37769600
2022-10-10 00:00:00+00:00,233.05,234.56,226.73,229.25,29743600
2022-10-11 00:00:00+00:00,227.62,229.06,224.11,225.41,30474000
2022-10-12 00:00:00+00:00,225.4,227.86,223.96,225.75,21903900
2022-10-13 00:00:00+00:00,219.85,236.1,219.13,234.24,42551800
2022-10-14 00:00:00+00:00,235.54,237.24,228.34,228.56,30198600
2022-10-17 00:00:00+00:00,235.82,238.96,235.14,237.53,28142300
2022-10-18 00:00:00+00:00,243.24,243.93,235.37,238.5,26329600
2022-10-19 00:00:00+00:00,237.04,239.61,234.29,236.48,19985700
2022-10-20 00:00:00+00:00,235.77,241.31,234.87,236.15,21811000
2022-10-21 00:00:00+00:00,234.74,243.0,234.5,242.12,26299700
2022-10-24 00:00:00+00:00,243.76,247.84,241.3,247.25,24911200
2022-10-25 00:00:00+00:00,247.26,251.04,245.83,250.66,34775500
2022-10-26 00:00:00+00:00,231.17,238.3,230.06,231.32,82543200
2022-10-27 00:00:00+00:00,231.04,233.69,225.78,226.75,40424600
2022-10-28 00:00:00+00:00,226.24,236.6,226.05,235.87,40647700
2022-10-31 00:00:00+00:00,233.76,234.92,231.15,232.13,28357300
2022-11-01 00:00:00+00:00,234.6,235.74,227.33,228.17,30592300
2022-11-02 00:00:00+00:00,229.46,231.3,220.04,220.1,38407000
2022-11-03 00:00:00+00:00,220.09,220.41,213.98,214.25,36633900
2022-11-04 00:00:00+00:00,217.55,221.59,213.43,221.39,36789100
2022-11-07 00:00:00+00:00,221.99,228.41,221.28,227.87,33498000
2022-11-08 00:00:00+00:00,228.7,231.65,225.84,228.87,28192500
2022-11-09 00:00:00+00:00,227.37,228.63,224.33,224.51,27852900
2022-11-10 00:00:00+00:00,235.43,243.33,235.0,242.98,46268000
2022-11-11 00:00:00+00:00,242.99,247.99,241.93,247.11,34620200
2022-11-14 00:00:00+00:00,241.99,243.91,239.21,241.55,31123300
2022-11-15 00:00:00+00:00,245.66,247.0,240.03,241.97,31390100
2022-11-16 00:00:00+00:00,242.79,243.8,240.42,241.73,24093300
2022-11-17 00:00:00+00:00,237.78,243.25,237.63,241.68,23123500
2022-11-18 00:00:00+00:00,243.51,243.74,239.03,241.22,27613500
2022-11-21 00:00:00+00:00,241.43,244.67,241.19,242.05,26394700
2022-11-22 00:00:00+00:00,243.59,245.31,240.71,245.03,19665700
2022-11-23 00:00:00+00:00,245.11,248.28,244.27,247.58,19508500
2022-11-25 00:00:00+00:00,247.31,248.7,246.73,247.49,9200800
2022-11-28 00:00:00+00:00,246.08,246.65,240.8,241.76,24778200
2022-11-29 00:00:00+00:00,241.4,242.79,238.21,240.33,17956300
2022-11-30 00:00:00+00:00,240.57,255.33,239.86,255.14,47594200
2022-12-01 00:00:00+00:00,253.87,256.12,250.92,254.69,26041500
2022-12-02 00:00:00+00:00,249.82,256.06,249.69,255.02,21528500
2022-12-05 00:00:00+00:00,252.01,253.82,248.06,250.2,23435300
2022-12-06 00:00:00+00:00,250.82,251.86,243.78,245.12,22463700
2022-12-07 00:00:00+00:00,244.83,246.16,242.21,244.37,20481500
2022-12-08 00:00:00+00:00,244.84,248.74,243.06,247.4,22611800
2022-12-09 00:00:00+00:00,244.7,248.31,244.16,245.42,20609700
2022-12-12 00:00:00+00:00,247.45,252.54,247.17,252.51,30665100
2022-12-13 00:00:00+00:00,261.69,263.92,253.07,256.92,42196900
2022-12-14 00:00:00+00:00,257.13,262.59,254.31,257.22,35410900
2022-12-15 00:00:00+00:00,253.72,254.2,247.34,249.01,35560400
2022-12-16 00:00:00+00:00,248.55,249.84,243.51,244.69,86102000
2022-12-19 00:00:00+00:00,244.86,245.21,238.71,240.45,29696400
2022-12-20 00:00:00+00:00,239.4,242.91,238.42,241.8,25150800
2022-12-21 00:00:00+00:00,241.69,245.62,240.11,244.43,23690600
2022-12-22 00:00:00+00:00,241.26,241.99,233.87,238.19,28651700
2022-12-23 00:00:00+00:00,236.11,238.87,233.94,238.73,21207000
2022-12-27 00:00:00+00:00,238.7,238.93,235.83,236.96,16688600
2022-12-28 00:00:00+00:00,236.89,239.72,234.17,234.53,17457100
2022-12-29 00:00:00+00:00,235.65,241.92,235.65,241.01,19770700
2022-12-30 00:00:00+00:00,238.21,239.96,236.66,239.82,21938500
2023-01-03 00:00:00+00:00,243.08,245.75,237.4,239.58,25740000
2023-01-04 00:00:00+00:00,232.28,232.87,225.96,229.1,50623400
2023-01-05 00:00:00+00:00,227.2,227.55,221.76,222.31,39585600
2023-01-06 00:00:00+00:00,223.0,225.76,219.35,224.93,43613600
2023-01-09 00:00:00+00:00,226.45,231.24,226.41,227.12,27369800
2023-01-10 00:00:00+00:00,227.76,231.31,227.33,228.85,27033900
2023-01-11 00:00:00+00:00,231.29,235.95,231.11,235.77,28669300
2023-01-12 00:00:00+00:00,235.26,239.9,233.56,238.51,27269500
2023-01-13 00:00:00+00:00,237.0,239.37,234.92,239.23,21333300
2023-01-17 00:00:00+00:00,237.97,240.91,237.09,240.35,29831300
2023-01-18 00:00:00+00:00,241.57,242.38,235.52,235.81,30028700
2023-01-19 00:00:00+00:00,233.78,235.52,230.68,231.93,28623000
2023-01-20 00:00:00+00:00,234.86,240.74,234.51,240.22,35389800
2023-01-23 00:00:00+00:00,241.1,245.17,239.65,242.58,31934000
2023-01-24 00:00:00+00:00,242.5,243.95,240.44,242.04,40234400
2023-01-25 00:00:00+00:00,234.48,243.3,230.9,240.61,66526600
2023-01-26 00:00:00+00:00,243.65,248.31,242.0,248.0,33454500
2023-01-27 00:00:00+00:00,248.99,249.83,246.83,248.16,26498900
2023-01-30 00:00:00+00:00,244.51,245.6,242.2,242.71,25867400
2023-01-31 00:00:00+00:00,243.45,247.95,242.95,247.81,26541100
2023-02-01 00:00:00+00:00,248.0,255.18,245.47,252.75,31259900
2023-02-02 00:00:00+00:00,258.82,264.69,257.25,264.6,39940400
2023-02-03 00:00:00+00:00,259.54,264.2,257.1,258.35,29077300
2023-02-06 00:00:00+00:00,257.44,258.3,254.78,256.77,22518000
2023-02-07 00:00:00+00:00,260.53,268.77,260.08,267.56,50841400
2023-02-08 00:00:00+00:00,273.2,276.76,266.21,266.73,54686000
2023-02-09 00:00:00+00:00,273.8,273.98,262.8,263.62,42375100
2023-02-10 00:00:00+00:00,261.53,264.09,260.66,263.1,25818500
2023-02-13 00:00:00+00:00,267.64,274.6,267.15,271.32,44630900
2023-02-14 00:00:00+00:00,272.67,274.97,269.28,272.17,37047900
2023-02-15 00:00:00+00:00,268.32,270.73,266.18,269.32,28922400
2023-02-16 00:00:00+00:00,264.02,266.74,261.9,262.15,29603600
2023-02-17 00:00:00+00:00,259.39,260.09,256.0,258.06,30000100
2023-02-21 00:00:00+00:00,254.48,255.49,251.59,252.67,28397400
2023-02-22 00:00:00+00:00,254.09,254.34,250.34,251.51,22491100
2023-02-23 00:00:00+00:00,255.56,256.84,250.48,254.77,29219100
2023-02-24 00:00:00+00:00,249.96,251.0,248.1,249.22,24990900
2023-02-27 00:00:00+00:00,252.46,252.82,249.39,250.16,21190000
2023-02-28 00:00:00+00:00,249.07,251.49,248.73,249.42,22491000
2023-03-01 00:00:00+00:00,250.76,250.93,245.79,246.27,27565300
2023-03-02 00:00:00+00:00,246.55,251.4,245.61,251.11,24808200
2023-03-03 00:00:00+00:00,252.19,255.62,251.39,255.29,30760100
2023-03-06 00:00:00+00:00,256.43,260.12,255.98,256.87,24109800
2023-03-07 00:00:00+00:00,256.3,257.69,253.39,254.15,21473200
2023-03-08 00:00:00+00:00,254.04,254.54,250.81,253.7,17340200
2023-03-09 00:00:00+00:00,255.82,259.56,251.58,252.32,26653400
2023-03-10 00:00:00+00:00,251.08,252.79,247.6,248.59,28333900
2023-03-13 00:00:00+00:00,247.4,257.91,245.73,253.92,33339700
2023-03-14 00:00:00+00:00,256.75,261.07,255.86,260.79,33620300
2023-03-15 00:00:00+00:00,259.98,266.48,259.21,265.44,46028000
2023-03-16 00:00:00+00:00,265.21,276.56,263.28,276.2,54768800
2023-03-17 00:00:00+00:00,278.26,283.33,276.32,279.43,69527400
2023-03-20 00:00:00+00:00,276.98,277.48,269.85,272.23,43466600
2023-03-21 00:00:00+00:00,274.88,275.0,269.52,273.78,34558700
2023-03-22 00:00:00+00:00,273.4,281.04,272.18,272.29,34873300
2023-03-23 00:00:00+00:00,277.94,281.06,275.2,277.66,36610900
2023-03-24 00:00:00+00:00,277.24,280.63,275.28,280.57,28172000
2023-03-27 00:00:00+00:00,280.5,281.46,275.52,276.38,26840200
2023-03-28 00:00:00+00:00,275.79,276.14,272.05,275.23,21878600
2023-03-29 00:00:00+00:00,278.96,281.14,278.41,280.51,25087000
2023-03-30 00:00:00+00:00,284.23,284.46,281.48,284.05,25053400
2023-03-31 00:00:00+00:00,283.73,289.27,283.0,288.3,32766000
2023-04-03 00:00:00+00:00,286.52,288.27,283.95,287.23,24883300
2023-04-04 00:00:00+00:00,287.23,290.45,285.67,287.18,25824300
2023-04-05 00:00:00+00:00,285.85,287.15,282.92,284.34,22064800
2023-04-06 00:00:00+00:00,283.21,292.08,282.03,291.6,29770300
2023-04-10 00:00:00+00:00,289.21,289.6,284.71,289.39,23103000
2023-04-11 00:00:00+00:00,285.75,285.98,281.64,282.83,27276600
2023-04-12 00:00:00+00:00,284.79,287.01,281.96,283.49,27403400
2023-04-13 00:00:00+00:00,283.59,289.9,283.17,289.84,24222700
2023-04-14 00:00:00+00:00,287.0,288.48,283.69,286.14,20987900
2023-04-17 00:00:00+00:00,289.93,291.6,286.16,288.8,23836200
2023-04-18 00:00:00+00:00,291.57,291.76,287.01,288.37,20161800
2023-04-19 00:00:00+00:00,285.99,289.05,284.54,288.45,17150300
2023-04-20 00:00:00+00:00,285.25,289.03,285.08,286.11,23244400
2023-04-21 00:00:00+00:00,285.01,286.27,283.06,285.76,21676400
2023-04-24 00:00:00+00:00,282.09,284.95,278.72,281.77,26611000
2023-04-25 00:00:00+00:00,279.51,281.6,275.37,275.42,45772200
2023-04-26 00:00:00+00:00,296.7,299.57,292.73,295.37,64599200
2023-04-27 00:00:00+00:00,295.97,305.2,295.25,304.83,46462600
2023-04-28 00:00:00+00:00,304.01,308.93,303.31,307.26,36469600
2023-05-01 00:00:00+00:00,306.97,308.6,305.15,305.56,21294100
2023-05-02 00:00:00+00:00,307.76,309.18,303.91,305.41,26404400
2023-05-03 00:00:00+00:00,306.62,308.61,304.09,304.4,22360800
2023-05-04 00:00:00+00:00,306.24,307.76,303.4,305.41,22519900
2023-05-05 00:00:00+00:00,305.72,311.97,304.27,310.65,28197100
2023-05-08 00:00:00+00:00,310.13,310.2,306.09,308.65,21318600
2023-05-09 00:00:00+00:00,308.0,310.04,306.31,307.0,21340800
2023-05-10 00:00:00+00:00,308.62,313.0,307.67,312.31,30078000
2023-05-11 00:00:00+00:00,310.1,311.12,306.26,310.11,31680200
2023-05-12 00:00:00+00:00,310.55,310.65,306.6,308.97,19774700
2023-05-15 00:00:00+00:00,309.1,309.9,307.59,309.46,16336500
2023-05-16 00:00:00+00:00,309.83,313.71,309.83,311.74,26730300
2023-05-17 00:00:00+00:00,312.29,314.43,310.74,314.0,24315000
2023-05-18 00:00:00+00:00,314.53,319.04,313.72,318.52,27276000
2023-05-19 00:00:00+00:00,316.74,318.75,316.37,318.34,27546700
2023-05-22 00:00:00+00:00,318.6,322.59,318.01,321.18,24115700
2023-05-23 00:00:00+00:00,320.03,322.72,315.25,315.26,30797200
2023-05-24 00:00:00+00:00,314.73,316.5,312.61,313.85,23384900
2023-05-25 00:00:00+00:00,323.24,326.9,320.0,325.92,43301700
2023-05-26 00:00:00+00:00,324.02,333.4,323.88,332.89,36630600
2023-05-30 00:00:00+00:00,335.23,335.74,330.52,331.21,29503100
2023-05-31 00:00:00+00:00,332.29,335.94,327.33,328.39,45950600
2023-06-01 00:00:00+00:00,325.93,333.53,324.72,332.58,26773900
2023-06-02 00:00:00+00:00,334.25,337.5,332.55,335.4,25873800
2023-06-05 00:00:00+00:00,335.22,338.56,334.66,335.94,21307100
2023-06-06 00:00:00+00:00,335.33,335.37,332.17,333.68,20396200
2023-06-07 00:00:00+00:00,331.65,334.49,322.5,323.38,40717100
2023-06-08 00:00:00+00:00,323.94,326.64,323.35,325.26,23277700
2023-06-09 00:00:00+00:00,324.99,329.99,324.41,326.79,22529000
2023-06-12 00:00:00+00:00,328.58,332.1,325.16,331.85,24260300
2023-06-13 00:00:00+00:00,334.47,336.98,330.39,334.29,22951300
2023-06-14 00:00:00+00:00,334.34,339.04,332.81,337.34,26003800
2023-06-15 00:00:00+00:00,337.48,349.84,337.2,348.1,38899100
2023-06-16 00:00:00+00:00,351.32,351.47,341.95,342.33,46552000
2023-06-20 00:00:00+00:00,339.31,342.08,335.86,338.05,26375400
2023-06-21 00:00:00+00:00,336.37,337.73,332.07,333.56,25117800
2023-06-22 00:00:00+00:00,334.12,340.12,333.34,339.71,23556800
2023-06-23 00:00:00+00:00,334.36,337.96,333.45,335.02,23146900
2023-06-26 00:00:00+00:00,333.72,336.11,328.49,328.6,21520600
2023-06-27 00:00:00+00:00,331.86,336.15,329.3,334.57,24354100
2023-06-28 00:00:00+00:00,334.66,337.98,333.81,335.85,20259500
2023-06-29 00:00:00+00:00,334.71,336.11,332.62,335.05,16997000
2023-06-30 00:00:00+00:00,337.75,342.73,337.2,340.54,26832800
2023-07-03 00:00:00+00:00,339.19,340.9,336.57,337.99,12508700
2023-07-05 00:00:00+00:00,335.09,341.65,334.73,338.15,18172400
2023-07-06 00:00:00+00:00,337.3,342.99,335.5,341.27,28161200
2023-07-07 00:00:00+00:00,339.32,341.79,337.0,337.22,21214800
2023-07-10 00:00:00+00:00,334.6,335.23,327.59,331.83,32791400
2023-07-11 00:00:00+00:00,331.06,332.86,327.0,332.47,26698200
2023-07-12 00:00:00+00:00,336.6,341.65,335.67,337.2,29995300
2023-07-13 00:00:00+00:00,339.56,343.74,339.02,342.66,20567200
2023-07-14 00:00:00+00:00,347.59,351.43,344.31,345.24,28352700
2023-07-17 00:00:00+00:00,345.68,346.99,342.2,345.73,20363900
2023-07-18 00:00:00+00:00,345.83,366.78,342.17,359.49,64738600
2023-07-19 00:00:00+00:00,361.75,362.46,352.44,355.08,39732900
2023-07-20 00:00:00+00:00,353.57,357.97,345.37,346.87,33778400
2023-07-21 00:00:00+00:00,349.15,350.3,339.83,343.77,69405400
2023-07-24 00:00:00+00:00,345.85,346.92,342.31,345.11,26678100
2023-07-25 00:00:00+00:00,347.11,351.89,345.07,350.98,41637700
2023-07-26 00:00:00+00:00,341.44,344.67,333.11,337.77,58383700
2023-07-27 00:00:00+00:00,340.48,341.33,329.05,330.72,39635300
2023-07-28 00:00:00+00:00,333.67,340.01,333.17,338.37,28484900
2023-07-31 00:00:00+00:00,336.92,337.7,333.36,335.92,25446000
2023-08-01 00:00:00+00:00,335.19,338.54,333.7,336.34,18311900
2023-08-02 00:00:00+00:00,333.63,333.63,326.36,327.5,27761300
2023-08-03 00:00:00+00:00,326.0,329.88,325.95,326.66,18253700
2023-08-04 00:00:00+00:00,331.88,335.14,327.24,327.78,23741500
2023-08-07 00:00:00+00:00,328.37,331.11,327.52,330.11,17741500
2023-08-08 00:00:00+00:00,326.96,328.75,323.0,326.05,22327600
2023-08-09 00:00:00+00:00,326.47,327.11,321.05,322.23,22373300
2023-08-10 00:00:00+00:00,326.02,328.26,321.18,322.93,20113700
2023-08-11 00:00:00+00:00,320.26,322.41,319.21,321.01,24355500
2023-08-14 00:00:00+00:00,321.39,324.06,320.08,324.04,18836100
2023-08-15 00:00:00+00:00,323.0,325.09,320.9,321.86,16966300
2023-08-16 00:00:00+00:00,320.8,324.42,319.8,320.4,20698900
2023-08-17 00:00:00+00:00,320.54,321.87,316.21,316.88,21257200
2023-08-18 00:00:00+00:00,314.49,318.38,311.55,316.48,24755000
2023-08-21 00:00:00+00:00,317.93,322.77,317.04,321.88,24040000
2023-08-22 00:00:00+00:00,325.5,326.08,321.46,322.46,16084600
2023-08-23 00:00:00+00:00,323.82,329.2,323.46,327.0,21166400
2023-08-24 00:00:00+00:00,332.85,332.98,319.96,319.97,23281400
2023-08-25 00:00:00+00:00,321.47,325.36,318.8,322.98,21684100
2023-08-28 00:00:00+00:00,325.66,326.15,321.72,323.7,14808500
2023-08-29 00:00:00+00:00,321.88,328.98,321.88,328.41,19284600
2023-08-30 00:00:00+00:00,328.67,329.81,326.45,328.79,15222100
2023-08-31 00:00:00+00:00,329.2,330.91,326.78,327.76,26411000
2023-09-01 00:00:00+00:00,331.31,331.99,326.78,328.66,14942000
2023-09-05 00:00:00+00:00,329.0,334.85,328.66,333.55,18553900
2023-09-06 00:00:00+00:00,333.38,334.46,330.18,332.88,17535800
2023-09-07 00:00:00+00:00,331.29,333.08,329.03,329.91,18381000
2023-09-08 00:00:00+00:00,330.09,336.16,329.46,334.27,19530100
2023-09-11 00:00:00+00:00,337.24,338.42,335.43,337.94,16583300
2023-09-12 00:00:00+00:00,335.82,336.79,331.48,331.77,17565500
2023-09-13 00:00:00+00:00,331.31,336.85,331.17,336.06,16544400
2023-09-14 00:00:00+00:00,339.15,340.86,336.57,338.7,20267000
2023-09-15 00:00:00+00:00,336.92,337.4,329.65,330.22,37679800
2023-09-18 00:00:00+00:00,327.8,330.4,326.36,329.06,16834200
2023-09-19 00:00:00+00:00,326.17,329.39,324.51,328.65,16505900
2023-09-20 00:00:00+00:00,329.51,329.59,320.51,320.77,21436500
2023-09-21 00:00:00+00:00,319.26,325.35,315.0,319.53,35560400
2023-09-22 00:00:00+00:00,321.32,321.45,316.15,317.01,21447900
2023-09-25 00:00:00+00:00,316.59,317.67,315.0,317.54,17836000
2023-09-26 00:00:00+00:00,315.13,315.88,310.02,312.14,26297600
2023-09-27 00:00:00+00:00,312.3,314.3,309.69,312.79,19410100
2023-09-28 00:00:00+00:00,310.99,315.48,309.45,313.64,19683600
2023-09-29 00:00:00+00:00,317.75,319.47,314.98,315.75,24147300
2023-10-02 00:00:00+00:00,316.28,321.89,315.18,321.8,20570000
2023-10-03 00:00:00+00:00,320.83,321.39,311.21,313.39,21033500
2023-10-04 00:00:00+00:00,314.03,320.04,314.0,318.96,20720100
2023-10-05 00:00:00+00:00,319.09,319.98,314.9,319.36,16965600
2023-10-06 00:00:00+00:00,316.55,329.19,316.3,327.26,25673600
2023-10-09 00:00:00+00:00,324.75,330.3,323.18,329.82,19891200
2023-10-10 00:00:00+00:00,330.96,331.1,327.67,328.39,20557100
2023-10-11 00:00:00+00:00,331.21,332.82,329.14,332.42,20063200
2023-10-12 00:00:00+00:00,330.57,333.63,328.72,331.16,19313100
2023-10-13 00:00:00+00:00,332.38,333.83,326.36,327.73,21072400
2023-10-16 00:00:00+00:00,331.05,336.14,330.6,332.64,22158000
2023-10-17 00:00:00+00:00,329.59,333.46,327.41,332.06,18338500
2023-10-18 00:00:00+00:00,332.49,335.59,328.3,330.11,23153600
2023-10-19 00:00:00+00:00,332.15,336.88,330.91,331.32,25052100
2023-10-20 00:00:00+00:00,331.72,331.92,325.45,326.67,25027700
2023-10-23 00:00:00+00:00,325.47,332.73,324.39,329.32,24374700
2023-10-24 00:00:00+00:00,331.3,331.84,327.6,330.53,31153600
2023-10-25 00:00:00+00:00,345.02,346.2,337.62,340.67,55053800
2023-10-26 00:00:00+00:00,340.54,341.63,326.94,327.89,37828500
2023-10-27 00:00:00+00:00,330.43,336.72,328.4,329.81,29856500
2023-10-30 00:00:00+00:00,333.41,339.45,331.83,337.31,22828100
2023-10-31 00:00:00+00:00,338.85,339.0,334.69,338.11,20265300
2023-11-01 00:00:00+00:00,339.79,347.42,339.65,346.07,28158800
2023-11-02 00:00:00+00:00,347.24,348.83,344.77,348.32,24348100
2023-11-03 00:00:00+00:00,349.63,354.39,347.33,352.8,23637700
2023-11-06 00:00:00+00:00,353.45,357.54,353.35,356.53,23828300
2023-11-07 00:00:00+00:00,359.4,362.46,357.63,360.53,25833900
2023-11-08 00:00:00+00:00,361.68,363.87,360.55,363.2,26767800
2023-11-09 00:00:00+00:00,362.3,364.79,360.36,360.69,24847300
2023-11-10 00:00:00+00:00,361.49,370.1,361.07,369.67,28042100
2023-11-13 00:00:00+00:00,368.22,368.47,365.9,366.68,19986500
2023-11-14 00:00:00+00:00,371.01,371.95,367.35,370.27,27683900
2023-11-15 00:00:00+00:00,371.28,373.13,367.11,369.67,26860100
2023-11-16 00:00:00+00:00,370.96,376.35,370.18,376.17,27182300
2023-11-17 00:00:00+00:00,373.61,374.37,367.0,369.85,40157000
2023-11-20 00:00:00+00:00,371.22,378.87,371.0,377.44,52465100
2023-11-21 00:00:00+00:00,375.67,376.22,371.12,373.07,28423100
2023-11-22 00:00:00+00:00,378.0,379.79,374.97,377.85,23345300
2023-11-24 00:00:00+00:00,377.33,377.97,375.14,377.43,10176600
2023-11-27 00:00:00+00:00,376.78,380.64,376.2,378.61,22179200
2023-11-28 00:00:00+00:00,378.35,383.0,378.16,382.7,20453100
2023-11-29 00:00:00+00:00,383.76,384.3,377.44,378.85,28963400
2023-11-30 00:00:00+00:00,378.49,380.09,375.47,378.91,30554400
2023-12-01 00:00:00+00:00,376.76,378.16,371.31,374.51,33040500
2023-12-04 00:00:00+00:00,369.1,369.52,362.9,369.14,32063300
2023-12-05 00:00:00+00:00,366.45,373.08,365.62,372.52,23065000
2023-12-06 00:00:00+00:00,373.54,374.18,368.03,368.8,21182100
2023-12-07 00:00:00+00:00,368.23,371.45,366.32,370.95,23118900
2023-12-08 00:00:00+00:00,369.2,374.46,368.23,374.23,20154400
2023-12-11 00:00:00+00:00,368.48,371.6,366.1,371.3,27708800
2023-12-12 00:00:00+00:00,370.85,374.42,370.46,374.38,24838300
2023-12-13 00:00:00+00:00,376.02,377.64,370.77,374.37,30955500
2023-12-14 00:00:00+00:00,373.31,373.76,364.13,365.93,43277500
2023-12-15 00:00:00+00:00,366.85,372.4,366.28,370.73,78502300
2023-12-18 00:00:00+00:00,369.45,373.0,368.68,372.65,21802900
2023-12-19 00:00:00+00:00,371.49,373.26,369.84,373.26,20603700
2023-12-20 00:00:00+00:00,375.0,376.03,370.53,370.62,26316700
2023-12-21 00:00:00+00:00,372.56,374.41,370.04,373.54,17708000
2023-12-22 00:00:00+00:00,373.68,375.18,372.71,374.58,17107500
2023-12-26 00:00:00+00:00,375.0,376.94,373.5,374.66,12673100
2023-12-27 00:00:00+00:00,373.69,375.06,372.81,374.07,14905400
2023-12-28 00:00:00+00:00,375.37,376.46,374.16,375.28,14327000
2023-12-29 00:00:00+00:00,376.0,377.16,373.48,376.04,18730800
2024-01-02 00:00:00+00:00,373.86,375.9,366.77,370.87,25258600
2024-01-03 00:00:00+00:00,369.01,373.26,368.51,370.6,23083500
2024-01-04 00:00:00+00:00,370.67,373.1,367.17,367.94,20901500
2024-01-05 00:00:00+00:00,368.97,372.06,366.5,367.75,21004600
2024-01-08 00:00:00+00:00,369.3,375.2,369.01,374.69,23134000
2024-01-09 00:00:00+00:00,372.01,375.99,371.19,375.79,20830000
2024-01-10 00:00:00+00:00,376.37,384.17,376.32,382.77,25514200
2024-01-11 00:00:00+00:00,386.0,390.68,380.38,384.63,27850800
2024-01-12 00:00:00+00:00,385.49,388.68,384.65,388.47,21661200
2024-01-16 00:00:00+00:00,393.66,394.03,387.62,390.27,27202300
2024-01-17 00:00:00+00:00,387.98,390.11,384.81,389.47,22234100
2024-01-18 00:00:00+00:00,391.72,393.99,390.12,393.87,23392100
2024-01-19 00:00:00+00:00,395.76,398.67,393.5,398.67,29331100
2024-01-22 00:00:00+00:00,400.02,400.62,393.59,396.51,27016900
2024-01-23 00:00:00+00:00,395.75,399.38,393.93,398.9,20525900
2024-01-24 00:00:00+00:00,401.54,405.63,400.45,402.56,24867000
2024-01-25 00:00:00+00:00,404.32,407.01,402.53,404.87,21021200
2024-01-26 00:00:00+00:00,404.37,406.17,402.43,403.93,17803300
2024-01-29 00:00:00+00:00,406.06,409.98,404.33,409.72,24510200
2024-01-30 00:00:00+00:00,412.26,413.05,406.45,408.59,33477600
2024-01-31 00:00:00+00:00,406.96,415.32,397.21,397.58,47871100
2024-02-01 00:00:00+00:00,401.83,408.0,401.8,403.78,30657700
2024-02-02 00:00:00+00:00,403.81,412.65,403.56,411.22,28256700
2024-02-05 00:00:00+00:00,409.9,411.16,403.99,405.65,25352300
2024-02-06 00:00:00+00:00,405.88,407.97,402.91,405.49,18382600
2024-02-07 00:00:00+00:00,407.44,414.3,407.4,414.05,22340500
2024-02-08 00:00:00+00:00,414.05,415.56,412.53,414.11,21225300
2024-02-09 00:00:00+00:00,415.25,420.82,415.09,420.55,22032800
2024-02-12 00:00:00+00:00,420.56,420.74,414.75,415.26,21202900
2024-02-13 00:00:00+00:00,404.94,410.07,403.39,406.32,27824900
2024-02-14 00:00:00+00:00,408.07,409.84,404.57,409.49,20401200
2024-02-15 00:00:00+00:00,408.14,409.13,404.29,406.56,21825500
2024-02-16 00:00:00+00:00,407.96,408.29,403.44,404.06,22296500
2024-02-20 00:00:00+00:00,403.24,404.49,398.01,402.79,24307900
2024-02-21 00:00:00+00:00,400.17,402.29,397.22,402.18,18518900
2024-02-22 00:00:00+00:00,410.19,412.83,408.57,411.65,27009900
2024-02-23 00:00:00+00:00,415.67,415.86,408.97,410.34,16295900
2024-02-26 00:00:00+00:00,411.46,412.16,407.36,407.54,16193500
2024-02-27 00:00:00+00:00,407.99,408.32,403.85,407.48,14835800
2024-02-28 00:00:00+00:00,408.18,409.3,405.32,407.72,13183100
2024-02-29 00:00:00+00:00,408.64,414.2,405.92,413.64,31947300
2024-03-01 00:00:00+00:00,411.27,415.87,410.88,415.5,17823400
2024-03-04 00:00:00+00:00,413.44,417.35,412.32,414.92,17596000
2024-03-05 00:00:00+00:00,413.96,414.25,400.64,402.65,26919200
2024-03-06 00:00:00+00:00,402.97,405.16,398.39,402.09,22344100
2024-03-07 00:00:00+00:00,406.12,409.78,402.24,409.14,18718500
2024-03-08 00:00:00+00:00,407.96,410.42,404.33,406.22,18002200
2024-03-11 00:00:00+00:00,403.76,405.68,401.26,404.52,16120800
2024-03-12 00:00:00+00:00,407.62,415.57,406.79,415.28,22457000
2024-03-13 00:00:00+00:00,418.1,418.18,411.45,415.1,17115900
2024-03-14 00:00:00+00:00,420.24,427.82,417.99,425.22,34157300
2024-03-15 00:00:00+00:00,419.29,422.6,412.79,416.42,45079900
2024-03-18 00:00:00+00:00,414.25,420.73,413.78,417.32,20106000
2024-03-19 00:00:00+00:00,417.83,421.67,415.55,421.41,19837900
2024-03-20 00:00:00+00:00,422.0,425.96,420.66,425.23,17860100
2024-03-21 00:00:00+00:00,429.83,430.82,427.16,429.37,21296200
2024-03-22 00:00:00+00:00,429.7,429.86,426.07,428.74,17648500
2024-03-25 00:00:00+00:00,425.24,427.41,421.61,422.86,18060500
2024-03-26 00:00:00+00:00,425.61,425.99,421.35,421.65,16725600
2024-03-27 00:00:00+00:00,424.44,424.45,419.01,421.43,16705000
2024-03-28 00:00:00+00:00,420.96,421.87,419.12,420.72,21871200
2024-04-01 00:00:00+00:00,423.95,427.89,422.22,424.57,16316000
2024-04-02 00:00:00+00:00,420.11,422.38,417.84,421.44,17912000
2024-04-03 00:00:00+00:00,419.73,423.26,419.09,420.45,16502300
2024-04-04 00:00:00+00:00,424.99,428.67,417.57,417.88,19370900
2024-04-05 00:00:00+00:00,420.01,426.51,418.32,425.52,16554800
2024-04-08 00:00:00+00:00,425.17,427.28,423.3,424.59,14272400
2024-04-09 00:00:00+00:00,426.44,427.74,421.62,426.28,12496900
2024-04-10 00:00:00+00:00,422.19,424.03,419.7,423.26,16216600
2024-04-11 00:00:00+00:00,425.82,429.37,422.36,427.93,17966400
2024-04-12 00:00:00+00:00,424.05,425.18,419.77,421.9,19253800
2024-04-15 00:00:00+00:00,426.6,426.82,413.43,413.64,20273500
2024-04-16 00:00:00+00:00,414.57,418.4,413.73,414.58,16765600
2024-04-17 00:00:00+00:00,417.25,418.88,410.33,411.84,15855500
2024-04-18 00:00:00+00:00,410.63,411.89,403.95,404.27,21029900
2024-04-19 00:00:00+00:00,404.03,405.48,397.77,399.12,30565800
2024-04-22 00:00:00+00:00,400.08,402.85,395.75,400.96,20286900
2024-04-23 00:00:00+00:00,404.24,408.2,403.06,407.57,15734500
2024-04-24 00:00:00+00:00,409.56,412.47,406.78,409.06,15065300
2024-04-25 00:00:00+00:00,394.03,399.89,388.03,399.04,40586500
2024-04-26 00:00:00+00:00,412.17,413.0,405.76,406.32,29694700
2024-04-29 00:00:00+00:00,405.25,406.32,399.19,402.25,19582100
2024-04-30 00:00:00+00:00,401.49,402.16,389.17,389.33,28781400
2024-05-01 00:00:00+00:00,392.61,401.72,390.31,394.94,23562500
2024-05-02 00:00:00+00:00,397.66,399.93,394.65,397.84,17709400
2024-05-03 00:00:00+00:00,402.28,407.15,401.86,406.66,17446700
2024-05-06 00:00:00+00:00,408.76,413.93,406.37,413.54,16996600
2024-05-07 00:00:00+00:00,414.66,414.67,409.09,409.34,20018200
2024-05-08 00:00:00+00:00,408.17,412.23,406.71,410.54,11792300
2024-05-09 00:00:00+00:00,410.57,412.72,409.1,412.32,14689700
2024-05-10 00:00:00+00:00,412.94,415.38,411.8,414.74,13402300
2024-05-13 00:00:00+00:00,418.01,418.35,410.82,413.72,15440200
2024-05-14 00:00:00+00:00,412.02,417.49,411.55,416.56,15109300
2024-05-15 00:00:00+00:00,417.9,423.81,417.27,423.08,22239500
2024-05-16 00:00:00+00:00,421.8,425.42,420.35,420.99,17530100
2024-05-17 00:00:00+00:00,422.54,422.92,418.03,420.21,15352200
2024-05-20 00:00:00+00:00,420.21,426.77,419.99,425.34,16272100
2024-05-21 00:00:00+00:00,426.83,432.97,424.85,429.04,21453300
2024-05-22 00:00:00+00:00,430.09,432.41,427.13,430.52,18073700
2024-05-23 00:00:00+00:00,432.97,433.6,425.42,427.0,17211700
2024-05-24 00:00:00+00:00,427.19,431.06,424.41,430.16,11855300
2024-05-28 00:00:00+00:00,429.63,430.82,426.6,430.32,15718000
2024-05-29 00:00:00+00:00,425.69,430.94,425.69,429.17,15517100
2024-05-30 00:00:00+00:00,424.3,424.3,414.24,414.67,28394500
2024-05-31 00:00:00+00:00,416.75,416.75,404.51,415.13,47995300
2024-06-03 00:00:00+00:00,415.53,416.43,408.92,413.52,17484700
2024-06-04 00:00:00+00:00,412.43,416.44,409.68,416.07,14348900
2024-06-05 00:00:00+00:00,417.81,424.08,416.3,424.01,16988000
2024-06-06 00:00:00+00:00,424.01,425.31,420.58,424.52,14861300
2024-06-07 00:00:00+00:00,426.2,426.28,423.0,423.85,13621700
2024-06-10 00:00:00+00:00,424.7,428.08,423.89,427.87,13982900
2024-06-11 00:00:00+00:00,425.48,432.82,425.25,432.68,14551100
2024-06-12 00:00:00+00:00,435.32,443.4,433.25,441.06,22366200
2024-06-13 00:00:00+00:00,440.85,443.39,439.37,441.58,15960600
2024-06-14 00:00:00+00:00,438.28,443.14,436.72,442.57,13582000
2024-06-17 00:00:00+00:00,442.59,450.94,440.72,448.37,20790000
2024-06-18 00:00:00+00:00,449.71,450.14,444.89,446.34,17112500
2024-06-20 00:00:00+00:00,446.3,446.53,441.27,445.7,19877400
2024-06-21 00:00:00+00:00,447.38,450.58,446.51,449.78,34187100
2024-06-24 00:00:00+00:00,449.8,452.75,446.41,447.67,15913700
2024-06-25 00:00:00+00:00,448.25,451.42,446.75,450.95,16413400
2024-06-26 00:00:00+00:00,449.0,453.6,448.19,452.16,16507000
2024-06-27 00:00:00+00:00,452.18,456.17,451.77,452.85,14806300
2024-06-28 00:00:00+00:00,453.07,455.38,446.41,446.95,28362300
2024-07-01 00:00:00+00:00,448.66,457.37,445.66,456.73,17662800
2024-07-02 00:00:00+00:00,453.2,459.59,453.11,459.28,13979800
2024-07-03 00:00:00+00:00,458.19,461.02,457.88,460.77,9932800
2024-07-05 00:00:00+00:00,459.61,468.35,458.97,467.56,16000300
2024-07-08 00:00:00+00:00,466.55,467.7,464.46,466.24,12962300
2024-07-09 00:00:00+00:00,467.0,467.33,458.0,459.54,17207200
2024-07-10 00:00:00+00:00,461.22,466.46,458.86,466.25,18196100
2024-07-11 00:00:00+00:00,462.98,464.78,451.55,454.7,23111200
2024-07-12 00:00:00+00:00,454.33,456.36,450.65,453.55,16324300
2024-07-15 00:00:00+00:00,453.3,457.26,451.43,453.96,14429400
2024-07-16 00:00:00+00:00,454.22,454.3,446.66,449.52,17175700
2024-07-17 00:00:00+00:00,442.59,444.85,439.18,443.52,21778000
2024-07-18 00:00:00+00:00,444.34,444.65,434.4,440.37,20794800
2024-07-19 00:00:00+00:00,433.1,441.14,432.0,437.11,20940400
2024-07-22 00:00:00+00:00,441.79,444.6,438.91,442.94,15808800
2024-07-23 00:00:00+00:00,443.9,448.39,443.1,444.85,13107100
2024-07-24 00:00:00+00:00,440.45,441.48,427.59,428.9,26805800
2024-07-25 00:00:00+00:00,428.8,429.8,417.51,418.4,29943800
2024-07-26 00:00:00+00:00,418.2,428.92,417.27,425.27,23583800
2024-07-29 00:00:00+00:00,431.58,432.15,424.7,426.73,15125800
2024-07-30 00:00:00+00:00,427.72,429.05,417.36,422.92,32687600
2024-07-31 00:00:00+00:00,420.5,421.78,412.21,418.35,42891400
2024-08-01 00:00:00+00:00,420.79,427.46,413.09,417.11,30296400
2024-08-02 00:00:00+00:00,412.49,415.0,404.34,408.49,29437900
2024-08-05 00:00:00+00:00,389.17,401.04,385.58,395.15,40709200
2024-08-06 00:00:00+00:00,400.0,405.67,398.5,399.61,24946500
2024-08-07 00:00:00+00:00,408.64,410.08,397.47,398.43,20650900
2024-08-08 00:00:00+00:00,402.44,405.86,399.94,402.69,20203000
2024-08-09 00:00:00+00:00,404.03,408.05,402.26,406.02,19276700
2024-08-12 00:00:00+00:00,407.06,408.76,404.24,406.81,16762900
2024-08-13 00:00:00+00:00,409.59,414.95,409.57,414.01,19414300
2024-08-14 00:00:00+00:00,414.8,417.72,412.45,416.86,18267000
2024-08-15 00:00:00+00:00,419.8,421.11,417.66,421.03,20752100
2024-08-16 00:00:00+00:00,420.6,421.34,417.3,418.47,22775600
2024-08-19 00:00:00+00:00,418.96,421.75,416.46,421.53,15234000
2024-08-20 00:00:00+00:00,421.7,425.86,421.64,424.8,16387600
2024-08-21 00:00:00+00:00,424.08,426.4,421.72,424.14,16067300
2024-08-22 00:00:00+00:00,424.36,426.79,414.61,415.55,19361900
2024-08-23 00:00:00+00:00,416.98,419.26,412.09,416.79,18493800
2024-08-26 00:00:00+00:00,416.37,417.28,411.34,413.49,13152800
2024-08-27 00:00:00+00:00,412.86,414.36,410.25,413.84,13492900
2024-08-28 00:00:00+00:00,414.88,415.0,407.31,410.6,14882700
2024-08-29 00:00:00+00:00,414.94,422.05,410.6,413.12,17045200
2024-08-30 00:00:00+00:00,415.6,417.49,412.13,417.14,24308300
2024-09-03 00:00:00+00:00,417.91,419.88,407.03,409.44,20313600
2024-09-04 00:00:00+00:00,405.91,411.24,404.37,408.9,15135800
2024-09-05 00:00:00+00:00,407.62,413.1,406.13,408.39,14195500
2024-09-06 00:00:00+00:00,409.06,410.65,400.8,401.7,19609500
2024-09-09 00:00:00+00:00,407.24,408.65,402.15,405.72,15295100
2024-09-10 00:00:00+00:00,408.2,416.33,407.7,414.2,19594300
2024-09-11 00:00:00+00:00,415.5,423.99,409.58,423.04,19266900
2024-09-12 00:00:00+00:00,423.31,427.37,419.75,427.0,17395700
2024-09-13 00:00:00+00:00,425.83,431.83,425.46,430.59,15874600
2024-09-16 00:00:00+00:00,430.6,433.53,428.22,431.34,13834700
2024-09-17 00:00:00+00:00,440.23,441.85,432.27,435.15,18874200
2024-09-18 00:00:00+00:00,435.0,436.03,430.41,430.81,18898000
2024-09-19 00:00:00+00:00,441.23,441.5,436.9,438.69,21706600
2024-09-20 00:00:00+00:00,437.22,439.24,434.22,435.27,55167100
2024-09-23 00:00:00+00:00,434.28,436.46,430.39,433.51,15128900
2024-09-24 00:00:00+00:00,433.0,433.35,426.1,429.17,17015800
2024-09-25 00:00:00+00:00,429.83,433.12,428.57,432.11,13396400
2024-09-26 00:00:00+00:00,435.09,435.3,429.13,431.31,14492000
2024-09-27 00:00:00+00:00,431.52,431.85,427.47,428.02,14896100
2024-09-30 00:00:00+00:00,428.21,430.42,425.37,430.3,16807300
2024-10-01 00:00:00+00:00,428.45,428.48,418.81,420.69,19092900
2024-10-02 00:00:00+00:00,422.58,422.82,416.71,417.13,16582300
2024-10-03 00:00:00+00:00,417.63,419.55,414.29,416.54,13686400
2024-10-04 00:00:00+00:00,418.24,419.75,414.97,416.06,19169700
2024-10-07 00:00:00+00:00,416.0,417.11,409.0,409.54,20919800
2024-10-08 00:00:00+00:00,410.9,415.66,408.17,414.71,19229300
2024-10-09 00:00:00+00:00,415.86,420.38,414.3,417.46,14974300
2024-10-10 00:00:00+00:00,415.23,417.35,413.15,415.84,13848400
2024-10-11 00:00:00+00:00,416.14,417.13,413.25,416.32,14144900
2024-10-14 00:00:00+00:00,417.77,424.04,417.52,419.14,16653100
2024-10-15 00:00:00+00:00,422.18,422.48,415.26,418.74,18900200
2024-10-16 00:00:00+00:00,415.17,416.36,410.48,416.12,15508900
2024-10-17 00:00:00+00:00,422.36,422.5,415.59,416.72,14820000
2024-10-18 00:00:00+00:00,417.14,419.65,416.26,418.16,17145300
2024-10-21 00:00:00+00:00,416.12,418.96,413.75,418.78,14206100
2024-10-22 00:00:00+00:00,418.49,430.58,418.04,427.51,25482200
2024-10-23 00:00:00+00:00,430.86,431.08,422.53,424.6,19654400
2024-10-24 00:00:00+00:00,425.33,425.98,422.4,424.73,13581600
2024-10-25 00:00:00+00:00,426.76,432.52,426.57,428.15,16899100
2024-10-28 00:00:00+00:00,431.66,431.94,426.3,426.59,14882400
2024-10-29 00:00:00+00:00,428.0,433.17,425.8,431.95,17644100
2024-10-30 00:00:00+00:00,437.44,438.5,432.1,432.53,29749100
2024-10-31 00:00:00+00:00,415.36,416.16,406.3,406.35,53971000
2024-11-01 00:00:00+00:00,409.01,415.5,407.5,410.37,24230400
2024-11-04 00:00:00+00:00,409.8,410.42,405.57,408.46,19672300
2024-11-05 00:00:00+00:00,408.37,414.9,408.08,411.46,17626000
2024-11-06 00:00:00+00:00,412.42,420.45,410.52,420.18,26681800
2024-11-07 00:00:00+00:00,421.28,426.85,419.88,425.43,19901800
2024-11-08 00:00:00+00:00,425.32,426.5,421.78,422.54,16891400
2024-11-11 00:00:00+00:00,422.52,424.81,416.0,418.01,24503300
2024-11-12 00:00:00+00:00,418.25,424.44,417.2,423.03,19401200
2024-11-13 00:00:00+00:00,421.64,429.33,418.21,425.2,21502200
2024-11-14 00:00:00+00:00,425.0,428.17,420.0,426.89,30246900
2024-11-15 00:00:00+00:00,419.82,422.8,413.64,415.0,28247600
2024-11-18 00:00:00+00:00,414.87,418.4,412.1,415.76,24727000
2024-11-19 00:00:00+00:00,413.11,417.94,411.55,417.79,18133500
2024-11-20 00:00:00+00:00,416.87,417.29,410.58,415.49,19191700
2024-11-21 00:00:00+00:00,419.5,419.78,410.29,412.87,20780200
2024-11-22 00:00:00+00:00,411.37,417.4,411.06,417.0,24814600
2024-11-25 00:00:00+00:00,418.38,421.08,414.85,418.79,27691100
2024-11-26 00:00:00+00:00,419.59,429.04,418.85,427.99,23458900
2024-11-27 00:00:00+00:00,425.11,427.23,422.02,422.99,18332400
2024-11-29 00:00:00+00:00,420.09,424.88,417.8,423.46,16271900
2024-12-02 00:00:00+00:00,421.57,433.0,421.31,430.98,20207200
2024-12-03 00:00:00+00:00,429.84,432.47,427.74,431.2,18302000
2024-12-04 00:00:00+00:00,433.03,439.67,432.63,437.42,26009400
2024-12-05 00:00:00+00:00,437.92,444.66,436.17,442.62,21697800
2024-12-06 00:00:00+00:00,442.3,446.1,441.77,443.57,18821000
2024-12-09 00:00:00+00:00,442.6,448.33,440.5,446.02,19144400
2024-12-10 00:00:00+00:00,444.39,449.62,441.6,443.33,18469500
2024-12-11 00:00:00+00:00,444.05,450.35,444.05,448.99,19200200
2024-12-12 00:00:00+00:00,449.11,456.16,449.11,449.56,20834800
2024-12-13 00:00:00+00:00,448.44,451.43,445.58,447.27,20177800
2024-12-16 00:00:00+00:00,447.27,452.18,445.28,451.59,23598800
2024-12-17 00:00:00+00:00,451.01,455.29,449.57,454.46,22733500
2024-12-18 00:00:00+00:00,451.32,452.65,437.02,437.39,24444500
2024-12-19 00:00:00+00:00,441.62,443.18,436.32,437.03,22963700
2024-12-20 00:00:00+00:00,433.11,443.74,428.63,436.6,64263700
2024-12-23 00:00:00+00:00,436.74,437.65,432.83,435.25,19152500
2024-12-24 00:00:00+00:00,434.65,439.6,434.19,439.33,7164500
2024-12-26 00:00:00+00:00,439.08,440.94,436.63,438.11,8194200
2024-12-27 00:00:00+00:00,434.6,435.22,426.35,430.53,18117700
2024-12-30 00:00:00+00:00,426.06,427.55,421.9,424.83,13158700
2024-12-31 00:00:00+00:00,426.1,426.73,420.66,421.5,13246500
2025-01-02 00:00:00+00:00,425.53,426.07,414.85,418.58,16896500
2025-01-03 00:00:00+00:00,421.08,424.03,419.54,423.35,16662900
2025-01-06 00:00:00+00:00,428.0,434.32,425.48,427.85,20573600
2025-01-07 00:00:00+00:00,429.0,430.65,420.8,422.37,18139100
2025-01-08 00:00:00+00:00,423.46,426.97,421.54,424.56,15054600
2025-01-10 00:00:00+00:00,424.63,424.71,415.02,418.95,20201100
2025-01-13 00:00:00+00:00,415.24,418.5,412.29,417.19,17604800
2025-01-14 00:00:00+00:00,417.81,419.74,410.72,415.67,16935900
2025-01-15 00:00:00+00:00,419.13,428.15,418.27,426.31,19637800
2025-01-16 00:00:00+00:00,428.7,429.49,424.39,424.58,15300000
2025-01-17 00:00:00+00:00,434.09,434.48,428.17,429.03,26197500
2025-01-21 00:00:00+00:00,430.2,430.9,425.6,428.5,26085700
2025-01-22 00:00:00+00:00,437.56,447.27,436.0,446.2,27803800
2025-01-23 00:00:00+00:00,442.0,446.75,441.5,446.71,18389300
2025-01-24 00:00:00+00:00,445.16,446.65,441.4,444.06,15549500
2025-01-27 00:00:00+00:00,424.01,435.2,423.5,434.56,35647800
2025-01-28 00:00:00+00:00,434.6,448.38,431.38,447.2,23491700
2025-01-29 00:00:00+00:00,446.69,446.88,440.4,442.33,23581400
2025-01-30 00:00:00+00:00,418.77,422.86,413.16,414.99,54586300
2025-01-31 00:00:00+00:00,418.98,420.69,414.91,415.06,34161900
2025-02-03 00:00:00+00:00,411.6,415.41,408.66,410.92,25679100
2025-02-04 00:00:00+00:00,412.69,413.92,409.74,412.37,20532100
2025-02-05 00:00:00+00:00,412.35,413.83,410.4,413.29,16316700
2025-02-06 00:00:00+00:00,414.0,418.2,414.0,415.82,16309800
2025-02-07 00:00:00+00:00,416.48,418.65,408.1,409.75,22886800
2025-02-10 00:00:00+00:00,413.71,415.46,410.92,412.22,20817900
2025-02-11 00:00:00+00:00,409.64,412.49,409.3,411.44,18140600
2025-02-12 00:00:00+00:00,407.21,410.75,404.37,409.04,19121700
2025-02-13 00:00:00+00:00,407.0,411.0,406.36,410.54,23891700
2025-02-14 00:00:00+00:00,407.79,408.91,405.88,408.43,22758500
2025-02-18 00:00:00+00:00,408.0,410.6,406.5,409.64,21423100
2025-02-19 00:00:00+00:00,407.88,415.49,407.65,414.77,24114200
2025-02-20 00:00:00+00:00,415.29,419.31,412.54,416.13,23508700
2025-02-21 00:00:00+00:00,417.34,418.05,407.89,408.21,27524800
2025-02-24 00:00:00+00:00,408.51,409.37,399.32,404.0,26443700
2025-02-25 00:00:00+00:00,401.1,401.92,396.7,397.9,29387400
2025-02-26 00:00:00+00:00,398.01,403.6,394.25,399.73,19619000
2025-02-27 00:00:00+00:00,401.27,405.74,392.17,392.53,21127400
2025-02-28 00:00:00+00:00,392.66,397.63,386.57,396.99,32845700
2025-03-03 00:00:00+00:00,398.82,398.82,386.16,388.49,23007700
2025-03-04 00:00:00+00:00,383.4,392.58,381.0,388.61,29342900
2025-03-05 00:00:00+00:00,389.34,401.67,388.81,401.02,23433100
2025-03-06 00:00:00+00:00,394.28,402.15,392.68,396.89,23304600
2025-03-07 00:00:00+00:00,392.32,394.8,385.54,393.31,22034100
2025-03-10 00:00:00+00:00,385.84,386.4,377.22,380.16,32840100
2025-03-11 00:00:00+00:00,379.0,386.0,376.91,380.45,30380200
2025-03-12 00:00:00+00:00,382.95,385.22,378.95,383.27,24253600
2025-03-13 00:00:00+00:00,383.16,385.32,377.45,378.77,20473000
2025-03-14 00:00:00+00:00,379.78,390.23,379.51,388.56,19952800
2025-03-17 00:00:00+00:00,386.7,392.71,385.57,388.7,22474300
2025-03-18 00:00:00+00:00,387.07,387.37,381.1,383.52,19486900
2025-03-19 00:00:00+00:00,385.53,389.68,384.0,387.82,19185500
2025-03-20 00:00:00+00:00,385.74,391.79,383.28,386.84,18470500
2025-03-21 00:00:00+00:00,383.22,391.74,382.8,391.26,39675900
2025-03-24 00:00:00+00:00,395.4,395.4,389.81,393.08,21004500
2025-03-25 00:00:00+00:00,393.92,396.36,392.64,395.16,15775000
2025-03-26 00:00:00+00:00,395.0,395.31,388.57,389.97,16108400
2025-03-27 00:00:00+00:00,390.13,392.24,387.4,390.58,13766800
2025-03-28 00:00:00+00:00,388.08,389.13,376.93,378.8,21632000
2025-03-31 00:00:00+00:00,372.54,377.07,367.24,375.39,35184700
2025-04-01 00:00:00+00:00,374.65,382.85,373.23,382.19,19689500
2025-04-02 00:00:00+00:00,377.97,385.08,376.62,382.14,16092600
2025-04-03 00:00:00+00:00,374.79,377.48,369.35,373.11,30198000
2025-04-04 00:00:00+00:00,364.13,374.59,359.48,359.84,49209900
2025-04-07 00:00:00+00:00,350.88,371.0,344.79,357.86,50425000
2025-04-08 00:00:00+00:00,368.26,373.65,350.25,354.56,35868900
2025-04-09 00:00:00+00:00,353.54,393.23,353.1,390.49,50199700
2025-04-10 00:00:00+00:00,382.06,383.9,367.8,381.35,38024400
2025-04-11 00:00:00+00:00,380.64,390.05,378.89,388.45,23839200
2025-04-14 00:00:00+00:00,393.22,394.65,384.21,387.81,19251200
2025-04-15 00:00:00+00:00,388.51,391.89,384.16,385.73,17199900
2025-04-16 00:00:00+00:00,380.67,381.61,368.0,371.61,21967800
2025-04-17 00:00:00+00:00,373.75,374.32,366.89,367.78,21120200
2025-04-21 00:00:00+00:00,362.82,364.48,355.67,359.12,20807300
2025-04-22 00:00:00+00:00,363.38,367.77,359.86,366.82,19485000
2025-04-23 00:00:00+00:00,376.06,380.39,373.02,374.39,20545500
2025-04-24 00:00:00+00:00,375.7,388.45,375.19,387.3,22232300
2025-04-25 00:00:00+00:00,387.0,392.16,384.6,391.85,18973200
2025-04-28 00:00:00+00:00,391.96,392.74,386.64,391.16,16579400
2025-04-29 00:00:00+00:00,391.3,395.1,390.38,394.04,14974000
2025-04-30 00:00:00+00:00,390.3,396.66,384.44,395.26,36461100
2025-05-01 00:00:00+00:00,431.11,436.99,424.9,425.4,58938100
2025-05-02 00:00:00+00:00,431.74,439.44,429.99,435.28,30757400
2025-05-05 00:00:00+00:00,432.87,439.5,432.11,436.17,20136100
2025-05-06 00:00:00+00:00,432.2,437.73,431.17,433.31,15104200
2025-05-07 00:00:00+00:00,433.84,438.12,431.11,433.35,23295300
2025-05-08 00:00:00+00:00,437.93,443.67,435.66,438.17,23491300
2025-05-09 00:00:00+00:00,440.0,440.74,435.88,438.73,15324200
2025-05-12 00:00:00+00:00,445.94,449.37,439.78,449.26,22821900
2025-05-13 00:00:00+00:00,447.78,450.67,445.36,449.14,23618800
2025-05-14 00:00:00+00:00,448.14,453.9,448.14,452.94,19902800
2025-05-15 00:00:00+00:00,450.77,456.19,450.43,453.13,21992300
2025-05-16 00:00:00+00:00,452.05,454.36,448.73,454.27,23849800
2025-05-19 00:00:00+00:00,450.88,459.59,450.8,458.87,21336500
2025-05-20 00:00:00+00:00,455.59,458.34,454.32,458.17,15441800
2025-05-21 00:00:00+00:00,454.57,457.78,451.81,452.57,19216900
2025-05-22 00:00:00+00:00,454.95,460.25,453.9,454.86,18025600
2025-05-23 00:00:00+00:00,449.98,453.69,448.91,450.18,16883500
2025-05-27 00:00:00+00:00,456.48,460.95,456.12,460.69,20974300
2025-05-28 00:00:00+00:00,461.22,462.52,456.93,457.36,17086300
2025-05-29 00:00:00+00:00,461.55,461.72,455.31,458.68,13974800
2025-05-30 00:00:00+00:00,459.72,461.68,455.54,460.36,34770500
2025-06-02 00:00:00+00:00,457.14,462.11,456.89,461.97,16626500
2025-06-03 00:00:00+00:00,461.47,464.14,460.86,462.97,15743800
2025-06-04 00:00:00+00:00,464.0,465.69,463.02,463.87,14162700
2025-06-05 00:00:00+00:00,464.96,469.65,464.03,467.68,20131700
2025-06-06 00:00:00+00:00,470.09,473.34,468.78,470.38,15285600
2025-06-09 00:00:00+00:00,469.7,473.43,468.62,472.75,16469900
2025-06-10 00:00:00+00:00,471.19,472.8,466.96,470.92,15375900
2025-06-11 00:00:00+00:00,470.02,475.47,469.66,472.62,16399200
2025-06-12 00:00:00+00:00,475.02,480.42,473.52,478.87,18950600
2025-06-13 00:00:00+00:00,476.41,479.18,472.76,474.96,16814500
2025-06-16 00:00:00+00:00,475.21,480.69,475.0,479.14,15626100
2025-06-17 00:00:00+00:00,475.4,478.74,474.08,478.04,15414100
2025-06-18 00:00:00+00:00,478.0,481.0,474.46,480.24,17526500
2025-06-20 00:00:00+00:00,482.23,483.46,476.87,477.4,37576200
2025-06-23 00:00:00+00:00,478.21,487.75,472.51,486.0,24864000
2025-06-24 00:00:00+00:00,488.95,491.85,486.8,490.11,22305600
2025-06-25 00:00:00+00:00,492.04,494.56,489.39,492.27,17495100
2025-06-26 00:00:00+00:00,492.98,498.04,492.81,497.45,21578900
2025-06-27 00:00:00+00:00,497.55,499.3,493.03,495.94,34539200
2025-06-30 00:00:00+00:00,497.04,500.76,495.33,497.41,28369000
2025-07-01 00:00:00+00:00,496.47,498.05,490.98,492.05,19945400
2025-07-02 00:00:00+00:00,489.99,493.5,488.7,491.09,16319600
2025-07-03 00:00:00+00:00,493.81,500.13,493.44,498.84,13984800
2025-07-07 00:00:00+00:00,497.38,498.75,495.23,497.72,13981600
2025-07-08 00:00:00+00:00,497.24,498.2,494.11,496.62,11846600
2025-07-09 00:00:00+00:00,500.3,506.78,499.74,503.51,18659500
2025-07-10 00:00:00+00:00,503.05,504.44,497.75,501.48,16492100
2025-07-11 00:00:00+00:00,498.47,505.03,497.8,503.32,16459500
2025-07-14 00:00:00+00:00,501.52,503.97,501.03,503.02,12058800
2025-07-15 00:00:00+00:00,503.02,508.3,502.79,505.82,14927200
2025-07-16 00:00:00+00:00,505.18,506.72,501.89,505.62,15154400
2025-07-17 00:00:00+00:00,505.68,513.37,505.62,511.7,17503100
2025-07-18 00:00:00+00:00,514.48,514.64,507.43,510.05,21209700
2025-07-21 00:00:00+00:00,506.71,512.09,505.55,510.06,14066800
2025-07-22 00:00:00+00:00,510.97,511.2,505.27,505.27,13868600
2025-07-23 00:00:00+00:00,506.75,506.79,500.7,505.87,16396600
2025-07-24 00:00:00+00:00,508.77,513.67,507.3,510.88,16107000
2025-07-25 00:00:00+00:00,512.47,518.29,510.36,513.71,19125700
2025-07-28 00:00:00+00:00,514.08,515.0,510.12,512.5,14308000
2025-07-29 00:00:00+00:00,515.53,517.62,511.56,512.57,16469200
2025-07-30 00:00:00+00:00,515.17,515.95,509.44,513.24,26380400
2025-07-31 00:00:00+00:00,555.23,555.45,531.9,533.5,51617300
2025-08-01 00:00:00+00:00,535.0,535.8,520.86,524.11,28977600
2025-08-04 00:00:00+00:00,528.27,538.25,528.13,535.64,25349000
2025-08-05 00:00:00+00:00,537.18,537.3,527.24,527.75,19171600
2025-08-06 00:00:00+00:00,530.9,531.7,524.03,524.94,21355700
2025-08-07 00:00:00+00:00,526.8,528.09,517.55,520.84,16079100
2025-08-08 00:00:00+00:00,522.6,524.66,519.41,522.04,15531000
2025-08-11 00:00:00+00:00,522.3,527.59,519.72,521.77,20194400
2025-08-12 00:00:00+00:00,523.75,530.98,522.7,529.24,18667000
2025-08-13 00:00:00+00:00,532.11,532.7,519.37,520.58,19619200
2025-08-14 00:00:00+00:00,522.56,525.95,520.14,522.48,20269100
2025-08-15 00:00:00+00:00,522.77,526.1,519.08,520.17,25213300
2025-08-18 00:00:00+00:00,521.59,522.82,514.02,517.1,23760600
2025-08-19 00:00:00+00:00,515.0,515.16,508.55,509.77,21481000
2025-08-20 00:00:00+00:00,509.87,511.0,504.44,505.72,27723000
2025-08-21 00:00:00+00:00,503.69,507.63,502.72,504.24,18443300
2025-08-22 00:00:00+00:00,504.25,510.73,502.41,507.23,24324200
2025-08-25 00:00:00+00:00,506.63,508.19,504.12,504.26,21638600
2025-08-26 00:00:00+00:00,504.36,504.98,498.51,502.04,30835700
2025-08-27 00:00:00+00:00,502.0,507.29,499.9,506.74,17277900
2025-08-28 00:00:00+00:00,507.09,511.09,505.5,509.64,18015600
2025-08-29 00:00:00+00:00,508.66,509.6,504.49,506.69,20961600
2025-09-02 00:00:00+00:00,500.47,506.0,496.81,505.12,18128000
2025-09-03 00:00:00+00:00,503.79,507.79,502.32,505.35,16345100
2025-09-04 00:00:00+00:00,504.3,508.15,503.15,507.97,15509500
2025-09-05 00:00:00+00:00,509.07,511.97,492.37,495.0,31994800
2025-09-08 00:00:00+00:00,498.11,501.2,495.03,498.2,16771000
2025-09-09 00:00:00+00:00,501.43,502.25,497.7,498.41,14410500
2025-09-10 00:00:00+00:00,502.98,503.23,496.72,500.37,21611800
2025-09-11 00:00:00+00:00,502.25,503.17,497.88,501.01,18881600
2025-09-12 00:00:00+00:00,506.65,512.55,503.85,509.9,23624900
2025-09-15 00:00:00+00:00,508.79,515.47,507.0,515.36,17143800
2025-09-16 00:00:00+00:00,516.88,517.23,508.6,509.04,19711900
2025-09-17 00:00:00+00:00,510.62,511.29,505.93,510.02,15816600
2025-09-18 00:00:00+00:00,511.49,513.07,507.66,508.45,18913700
2025-09-19 00:00:00+00:00,510.56,519.3,510.31,517.93,52474100
2025-09-22 00:00:00+00:00,515.59,517.74,512.54,514.45,20009300
2025-09-23 00:00:00+00:00,513.8,514.59,507.31,509.23,19799600
2025-09-24 00:00:00+00:00,510.38,512.48,506.92,510.15,13533700
2025-09-25 00:00:00+00:00,508.3,510.01,505.04,507.03,15786500
2025-09-26 00:00:00+00:00,510.06,513.94,506.62,511.46,16213100
2025-09-29 00:00:00+00:00,511.5,516.85,508.88,514.6,17617800
2025-09-30 00:00:00+00:00,513.24,518.16,509.66,517.95,19728200
2025-10-01 00:00:00+00:00,514.8,520.51,511.69,519.71,22632300
2025-10-02 00:00:00+00:00,517.64,521.6,510.68,515.74,21222900
2025-10-03 00:00:00+00:00,517.1,520.49,515.0,517.35,15112300
2025-10-06 00:00:00+00:00,518.61,531.03,518.2,528.57,21388600
2025-10-07 00:00:00+00:00,528.29,529.8,521.44,523.98,14615200
2025-10-08 00:00:00+00:00,523.28,526.95,523.09,524.85,13363400
2025-10-09 00:00:00+00:00,522.34,524.33,517.4,522.4,18343600
2025-10-10 00:00:00+00:00,519.64,523.58,509.63,510.96,24133800
2025-10-13 00:00:00+00:00,516.41,516.41,511.68,514.05,14284200
2025-10-14 00:00:00+00:00,510.23,515.28,506.0,513.57,14684300
2025-10-15 00:00:00+00:00,514.96,517.19,510.0,513.43,14694700
2025-10-16 00:00:00+00:00,512.58,516.85,508.13,511.61,15559600
2025-10-17 00:00:00+00:00,509.04,515.48,507.31,513.58,19867800
2025-10-20 00:00:00+00:00,514.61,518.7,513.43,516.79,14665600
2025-10-21 00:00:00+00:00,517.5,518.69,513.04,517.66,15586200
2025-10-22 00:00:00+00:00,521.15,525.23,517.71,520.54,18962700
2025-10-23 00:00:00+00:00,522.46,523.95,518.61,520.56,14023500
2025-10-24 00:00:00+00:00,522.79,525.35,520.71,523.61,15532400
2025-10-27 00:00:00+00:00,531.78,534.58,529.01,531.52,18734700
2025-10-28 00:00:00+00:00,550.0,553.72,540.77,542.07,29986700
2025-10-29 00:00:00+00:00,544.94,546.27,536.73,541.55,36023000
2025-10-30 00:00:00+00:00,530.48,534.97,522.12,525.76,41023100
2025-10-31 00:00:00+00:00,528.88,529.32,515.1,517.81,34006400
2025-11-03 00:00:00+00:00,519.81,524.96,514.59,517.03,22374700
2025-11-04 00:00:00+00:00,511.76,515.55,507.84,514.33,20958700
2025-11-05 00:00:00+00:00,513.3,514.83,506.58,507.16,23024300
2025-11-06 00:00:00+00:00,505.66,505.7,495.81,497.1,27406500
2025-11-07 00:00:00+00:00,496.95,499.38,493.25,496.82,24019800
2025-11-10 00:00:00+00:00,500.04,506.85,498.8,506.0,26101500
2025-11-11 00:00:00+00:00,504.8,509.6,502.35,508.68,17980000
2025-11-12 00:00:00+00:00,509.36,511.67,499.12,511.14,26574900
2025-11-13 00:00:00+00:00,510.31,513.5,501.29,503.29,25273100
2025-11-14 00:00:00+00:00,498.23,511.6,497.44,510.18,28505700
2025-11-17 00:00:00+00:00,508.45,512.12,504.91,507.49,19092800
2025-11-18 00:00:00+00:00,495.37,502.98,486.78,493.79,33815100
2025-11-19 00:00:00+00:00,490.1,495.19,482.83,487.12,23245300
2025-11-20 00:00:00+00:00,492.71,493.57,475.5,478.43,26802500
2025-11-21 00:00:00+00:00,478.5,478.92,468.27,472.12,31769200
2025-11-24 00:00:00+00:00,475.0,476.9,468.02,474.0,34421000
2025-11-25 00:00:00+00:00,474.07,479.15,464.89,476.99,28019800
2025-11-26 00:00:00+00:00,486.31,488.31,481.2,485.5,25709100
2025-11-28 00:00:00+00:00,487.6,492.63,486.65,492.01,14386700
2025-12-01 00:00:00+00:00,488.44,489.86,484.65,486.74,23964000
2025-12-02 00:00:00+00:00,486.72,493.5,486.32,490.0,19562700
2025-12-03 00:00:00+00:00,476.32,484.24,475.2,477.73,34615100
2025-12-04 00:00:00+00:00,479.76,481.32,476.49,480.84,22318200
2025-12-05 00:00:00+00:00,482.52,483.4,478.88,483.16,22608700
2025-12-08 00:00:00+00:00,484.89,492.3,484.38,491.02,21965900
2025-12-09 00:00:00+00:00,489.1,492.12,488.5,492.02,14696100
2025-12-10 00:00:00+00:00,484.03,484.25,475.08,478.56,35756200
2025-12-11 00:00:00+00:00,476.63,486.03,475.86,483.47,24669200
2025-12-12 00:00:00+00:00,479.82,482.45,476.34,478.53,21248100
2025-12-15 00:00:00+00:00,480.1,480.72,472.52,474.82,23727700
2025-12-16 00:00:00+00:00,471.91,477.89,470.88,476.39,20705600
2025-12-17 00:00:00+00:00,476.91,480.0,475.0,476.12,24527200
2025-12-18 00:00:00+00:00,478.19,489.6,477.89,483.98,28573500
2025-12-19 00:00:00+00:00,487.36,487.85,482.49,485.92,70836100
2025-12-22 00:00:00+00:00,486.12,488.73,482.69,484.92,16963000
2025-12-23 00:00:00+00:00,484.98,487.83,484.74,486.85,14683600
2025-12-24 00:00:00+00:00,485.68,489.16,484.83,488.02,5855900
2025-12-26 00:00:00+00:00,486.71,488.12,485.96,487.71,8842200
2025-12-29 00:00:00+00:00,484.86,488.35,484.18,487.1,10893400
2025-12-30 00:00:00+00:00,485.93,489.68,485.5,487.48,13944500
2025-12-31 00:00:00+00:00,487.84,488.14,483.3,483.62,15601600
2026-01-02 00:00:00+00:00,484.39,484.66,470.16,472.94,25571600
2026-01-05 00:00:00+00:00,474.06,476.07,469.5,472.85,25250300
2026-01-06 00:00:00+00:00,473.8,478.74,469.75,478.51,23037700
2026-01-07 00:00:00+00:00,479.76,489.7,477.95,483.47,25564200
2026-01-08 00:00:00+00:00,481.24,482.66,475.86,478.11,18162600
2026-01-09 00:00:00+00:00,474.06,479.82,472.2,479.28,18491000
2026-01-12 00:00:00+00:00,476.67,480.99,475.68,477.18,23519900
2026-01-13 00:00:00+00:00,474.68,475.78,465.95,470.67,28545800
2026-01-14 00:00:00+00:00,466.46,468.2,457.17,459.38,28184300
2026-01-15 00:00:00+00:00,464.12,464.25,455.9,456.66,23225800
2026-01-16 00:00:00+00:00,457.83,463.19,456.48,459.86,34246700
2026-01-20 00:00:00+00:00,451.22,456.8,449.28,454.52,26130000
2026-01-21 00:00:00+00:00,452.6,452.69,438.68,444.11,37980500
2026-01-22 00:00:00+00:00,447.62,452.84,444.7,451.14,25349400
2026-01-23 00:00:00+00:00,451.87,471.1,450.53,465.95,38000200
2026-01-26 00:00:00+00:00,465.31,474.25,462.0,470.28,29291200
2026-01-27 00:00:00+00:00,473.7,482.87,473.16,480.58,29213900
2026-01-28 00:00:00+00:00,483.21,483.74,478.0,481.63,36875400
2026-01-29 00:00:00+00:00,439.99,442.5,421.02,433.5,128855300
2026-01-30 00:00:00+00:00,439.17,439.6,426.45,430.29,58566800
2026-02-02 00:00:00+00:00,430.24,430.74,422.25,423.37,42219900
2026-02-03 00:00:00+00:00,422.01,422.05,408.56,411.21,61424100
2026-02-04 00:00:00+00:00,411.0,419.8,409.24,414.19,45012400
2026-02-05 00:00:00+00:00,407.44,408.3,392.32,393.67,66289200
2026-02-06 00:00:00+00:00,399.17,401.79,392.92,401.14,53515300
2026-02-09 00:00:00+00:00,404.85,414.89,400.87,413.6,45480500
2026-02-10 00:00:00+00:00,419.62,423.68,412.7,413.27,44857900
2026-02-11 00:00:00+00:00,416.18,416.46,401.01,404.37,42491000
2026-02-12 00:00:00+00:00,405.0,406.2,398.01,401.84,40802400
2026-02-13 00:00:00+00:00,404.45,405.54,398.05,401.32,34091600
2026-02-17 00:00:00+00:00,399.22,400.52,394.53,396.86,32078800
2026-02-18 00:00:00+00:00,398.13,402.56,396.32,399.6,23223400
2026-02-19 00:00:00+00:00,400.69,404.43,396.67,398.46,28234000
2026-02-20 00:00:00+00:00,396.11,400.12,395.16,397.23,34015200
2026-02-23 00:00:00+00:00,395.0,395.36,383.1,384.47,43238300
2026-02-24 00:00:00+00:00,384.14,389.36,381.71,389.0,33884700
2026-02-25 00:00:00+00:00,390.53,401.47,390.16,400.6,43625500
2026-02-26 00:00:00+00:00,404.71,407.49,398.74,401.72,34405900
2026-02-27 00:00:00+00:00,390.88,396.82,389.88,392.74,51367200
2026-03-02 00:00:00+00:00,392.86,401.19,390.63,398.55,35474900
2026-03-03 00:00:00+00:00,393.14,406.7,392.67,403.93,38199200
2026-03-04 00:00:00+00:00,401.27,411.03,400.31,405.2,35808000
2026-03-05 00:00:00+00:00,404.42,411.61,404.4,410.68,39001300
2026-03-06 00:00:00+00:00,409.2,413.05,408.51,408.96,31123900
2026-03-09 00:00:00+00:00,404.92,410.21,403.5,409.41,30131900
2026-03-10 00:00:00+00:00,410.03,410.2,402.93,405.76,31706400
2026-03-11 00:00:00+00:00,405.57,409.01,401.59,404.88,25512100
2026-03-12 00:00:00+00:00,404.63,406.12,401.71,401.86,27263900
2026-03-13 00:00:00+00:00,401.0,404.8,394.25,395.55,26848000
2026-03-16 00:00:00+00:00,398.07,400.63,394.79,399.95,27733700
2026-03-17 00:00:00+00:00,400.27,404.4,397.75,399.41,26228300
2026-03-18 00:00:00+00:00,397.13,398.0,391.0,391.79,25908500
2026-03-19 00:00:00+00:00,390.1,392.49,387.06,389.02,25138800
2026-03-20 00:00:00+00:00,386.79,387.0,380.12,381.87,50853200
2026-03-23 00:00:00+00:00,383.9,387.21,381.68,383.0,29680100
2026-03-24 00:00:00+00:00,382.36,382.47,371.85,372.74,42733600
2026-03-25 00:00:00+00:00,376.92,377.06,369.63,371.04,31181200
2026-03-26 00:00:00+00:00,370.82,374.72,365.19,365.97,36836600
2026-03-27 00:00:00+00:00,361.9,362.45,356.51,356.77,37883400
2026-03-30 00:00:00+00:00,361.9,365.36,356.28,358.96,44797000
2026-03-31 00:00:00+00:00,364.55,372.9,363.07,370.17,45244400
2026-04-01 00:00:00+00:00,373.49,373.99,368.2,369.37,29417200
2026-04-02 00:00:00+00:00,367.21,373.64,364.15,373.46,24099100
2026-04-06 00:00:00+00:00,373.49,373.73,369.5,372.88,16146600
2026-04-07 00:00:00+00:00,370.34,372.45,366.56,372.29,21443300
2026-04-08 00:00:00+00:00,384.98,385.0,371.41,374.33,33064800
2026-04-09 00:00:00+00:00,372.5,373.5,367.05,373.07,30435300
2026-04-10 00:00:00+00:00,372.98,375.64,370.03,370.87,28111100
2026-04-13 00:00:00+00:00,373.61,384.54,371.02,384.37,35745800
2026-04-14 00:00:00+00:00,387.92,394.69,386.52,393.11,37504500
2026-04-15 00:00:00+00:00,398.0,414.37,396.73,411.22,45063400
2026-04-16 00:00:00+00:00,419.86,420.82,412.14,420.26,41642400
2026-04-17 00:00:00+00:00,424.82,431.58,420.69,422.79,48568200
2026-04-20 00:00:00+00:00,421.15,423.33,416.3,418.07,27582200
2026-04-21 00:00:00+00:00,420.24,427.18,417.2,424.16,32048500
2026-04-22 00:00:00+00:00,426.19,433.7,423.67,432.92,29378200
2026-04-23 00:00:00+00:00,419.89,423.66,411.41,415.75,38308000
2026-04-24 00:00:00+00:00,416.97,424.95,415.8,424.62,27457400
2026-04-27 00:00:00+00:00,422.38,427.11,417.07,424.82,30867300
2026-04-28 00:00:00+00:00,424.57,429.92,421.9,429.25,30438100
2026-04-29 00:00:00+00:00,424.58,426.82,420.29,424.46,38288300
2026-04-30 00:00:00+00:00,410.81,414.42,398.01,407.78,70909400
2026-05-01 00:00:00+00:00,412.8,417.11,410.44,414.44,31372400
2026-05-04 00:00:00+00:00,411.54,420.78,410.8,413.62,28066500
2026-05-05 00:00:00+00:00,415.32,416.78,408.8,411.38,25700900
2026-05-06 00:00:00+00:00,408.0,418.42,405.11,413.96,30285900
2026-05-07 00:00:00+00:00,420.11,427.98,418.76,420.77,34942400
2026-05-08 00:00:00+00:00,417.39,418.63,414.0,415.12,33383800
2026-05-11 00:00:00+00:00,407.87,412.69,405.5,412.66,35657900
2026-05-12 00:00:00+00:00,414.48,415.5,406.64,407.77,38594200
2026-05-13 00:00:00+00:00,403.2,406.31,401.03,405.21,29667100
2026-05-14 00:00:00+00:00,404.48,411.84,400.88,409.43,27077500
2026-05-15 00:00:00+00:00,414.27,428.17,412.91,421.92,50771200
2026-05-18 00:00:00+00:00,416.62,425.12,415.61,423.54,32564100
2026-05-19 00:00:00+00:00,429.9,432.7,416.49,417.42,33018700
2026-05-20 00:00:00+00:00,414.17,422.1,411.3,421.06,27864000
2026-05-21 00:00:00+00:00,424.75,426.34,415.71,419.09,31393500
2026-05-22 00:00:00+00:00,419.54,424.4,416.33,418.57,22390300
2026-05-26 00:00:00+00:00,416.43,419.77,413.02,416.03,30398000
2026-05-27 00:00:00+00:00,411.01,415.94,409.58,412.67,28901500
2026-05-28 00:00:00+00:00,412.98,429.49,412.67,426.99,47250500
2026-05-29 00:00:00+00:00,432.55,450.33,432.36,450.24,79654400
2026-06-01 00:00:00+00:00,464.84,466.32,458.27,460.52,53628900
2026-06-02 00:00:00+00:00,446.88,453.5,440.43,441.31,37036800
2026-06-03 00:00:00+00:00,438.45,440.39,424.25,427.34,39037000
2026-06-04 00:00:00+00:00,435.81,436.15,426.41,428.05,26899500
2026-06-05 00:00:00+00:00,428.34,429.47,414.4,416.67,34782200
2026-06-08 00:00:00+00:00,414.14,417.16,408.56,411.74,32086700
2026-06-09 00:00:00+00:00,409.03,411.98,398.48,403.41,35317300
2026-06-10 00:00:00+00:00,398.55,405.04,397.16,397.36,32576000
2026-06-11 00:00:00+00:00,395.21,396.85,384.0,390.34,47224100
2026-06-12 00:00:00+00:00,391.43,391.74,382.27,390.74,34865800
2026-06-15 00:00:00+00:00,396.8,401.75,392.85,399.76,32266400
2026-06-16 00:00:00+00:00,395.79,396.84,390.69,393.83,31506800
2026-06-17 00:00:00+00:00,390.25,390.37,377.32,378.91,41987800
2026-06-18 00:00:00+00:00,377.82,381.37,373.28,379.4,59714200
2026-06-22 00:00:00+00:00,375.74,381.63,367.07,367.34,45171100
2026-06-23 00:00:00+00:00,372.38,377.22,370.67,373.94,40647600
2026-06-24 00:00:00+00:00,371.57,378.88,364.78,365.46,44509900
2026-06-25 00:00:00+00:00,362.77,364.23,349.2,352.83,66179000
2026-06-26 00:00:00+00:00,357.15,376.61,355.43,372.97,186201600
2026-06-29 00:00:00+00:00,377.5,380.5,359.9,368.57,51229900
2026-06-30 00:00:00+00:00,371.03,374.15,367.45,373.02,44945700
2026-07-01 00:00:00+00:00,380.83,388.83,374.89,384.28,48065800
2026-07-02 00:00:00+00:00,384.48,392.2,383.7,390.49,42128900
2026-07-06 00:00:00+00:00,387.04,389.15,381.22,386.74,34224500
2026-07-07 00:00:00+00:00,392.49,395.57,388.22,388.84,29297500
2026-07-08 00:00:00+00:00,384.03,385.31,381.33,383.34,25908300
2026-07-09 00:00:00+00:00,374.45,384.65,373.35,384.36,31083200
2026-07-10 00:00:00+00:00,387.8,391.91,381.5,385.1,24644600
2026-07-13 00:00:00+00:00,387.75,393.65,384.15,390.99,28914900
2026-07-14 00:00:00+00:00,382.82,388.19,378.65,384.93,27863900
2026-07-15 00:00:00+00:00,387.8,398.96,386.4,395.63,36253700
2026-07-16 00:00:00+00:00,398.31,405.99,392.05,401.1,37047400
2026-07-17 00:00:00+00:00,394.86,398.39,389.39,393.82,33049800
2026-07-20 00:00:00+00:00,391.41,403.18,389.65,402.29,27915800
2026-07-21 00:00:00+00:00,398.81,401.47,396.32,397.75,24126600
2026-07-22 00:00:00+00:00,399.58,401.0,386.96,390.34,28142500
2026-07-23 00:00:00+00:00,389.97,391.78,377.39,381.58,30351800
2026-07-24 00:00:00+00:00,387.05,389.03,380.65,381.7,27659400
2026-07-27 00:00:00+00:00,390.08,394.2,387.99,389.1,27856200
2026-07-28 00:00:00+00:00,393.16,400.32,391.3,393.35,32367500
2026-07-29 00:00:00+00:00,393.4,401.25,388.74,390.54,47209000
2026-07-30 00:00:00+00:00,437.9,458.69,432.44,451.1,110160700
2026-07-31 00:00:00+00:00,450.0,466.84,449.33,464.72,60846000
2026-08-03 00:00:00+00:00,476.13,491.65,475.0,487.65,66762100
2026-08-04 00:00:00+00:00,480.9,499.44,479.17,492.81,50455500
2026-08-05 00:00:00+00:00,496.36,498.24,485.68,487.46,33388900
2026-08-06 00:00:00+00:00,488.55,501.56,488.52,499.86,36441500
2026-08-07 00:00:00+00:00,499.21,505.18,498.73,499.99,28846200
2026-08-10 00:00:00+00:00,503.44,513.73,502.27,506.06,31206100
2026-08-11 00:00:00+00:00,504.33,505.33,499.55,503.81,23049800
2026-08-12 00:00:00+00:00,499.99,501.5,491.52,492.43,29001500
2026-08-13 00:00:00+00:00,493.27,501.34,493.01,496.88,23039000
2026-08-14 00:00:00+00:00,496.36,500.01,493.92,495.4,16217600
2026-08-17 00:00:00+00:00,490.14,492.66,478.41,480.35,29635800
2026-08-18 00:00:00+00:00,481.54,484.27,477.15,481.63,24087600
2026-08-19 00:00:00+00:00,480.07,489.3,479.36,484.31,19961900
2026-08-20 00:00:00+00:00,483.3,484.16,479.5,481.15,20020800
2026-08-21 00:00:00+00:00,479.88,486.36,478.53,483.24,22510800
2026-08-24 00:00:00+00:00,483.21,490.61,481.86,487.31,17230800
2026-08-25 00:00:00+00:00,485.44,492.44,484.3,491.71,19519000
2026-08-26 00:00:00+00:00,487.85,497.4,487.31,496.37,20758900
2026-08-27 00:00:00+00:00,494.88,506.48,490.08,505.06,28688800
2026-08-28 00:00:00+00:00,505.33,517.78,504.87,513.53,29178300
