timestamp,pc_1,pc_2,pc_3,pc_4,pc_5,pc_6,target_return_1d,target_direction_1d
2021-09-29 00:00:00+00:00,-2.497078959472975,0.3358290943022444,-0.9484339995247685,0.03933612291931996,-0.035519789624169115,0.6104784904496803,-0.009311642713315,0
2021-09-30 00:00:00+00:00,-2.527884409123812,-1.3534125940518908,-0.44651678201491457,0.4059005681631655,-0.06464983567069846,0.7996812891124314,0.0081267420626729,1
2021-10-01 00:00:00+00:00,-2.667642071075298,0.5514262419202638,-0.10627252782219193,0.5482099695482338,0.22190047162350118,0.7134670101298356,-0.0246053636913868,0
2021-10-04 00:00:00+00:00,-2.6877049138317233,-2.51193388088423,0.14732385923309566,0.5017407575800189,0.17381912377426845,0.6895031198817179,0.0141582685862622,1
2021-10-05 00:00:00+00:00,-2.7326279984574513,1.1748097710379035,-0.6502592980598267,0.06022395686495318,0.0924525051208219,0.6407619787582883,0.006306969795303,1
2021-10-06 00:00:00+00:00,-2.8033220196188244,0.8855730295036097,-0.18412091336708844,0.1596178833180823,0.495389868332649,0.3683217914265722,0.0090848096984545,1
2021-10-07 00:00:00+00:00,-2.653735097371104,0.4678223683919706,-1.4712310563723854,-0.5365598453551181,-0.25857844244053874,0.7006465481369033,-0.0027220206800204,0
2021-10-08 00:00:00+00:00,-2.5080994297919763,-0.6700937419627325,-1.580240026277827,-0.29506931107079654,-0.08508143642994925,0.6888162094966512,-0.0006294857703372,0
2021-10-11 00:00:00+00:00,-2.5673198698981934,-0.10826132553916439,-0.9082706771443118,0.030175613390296174,0.48097196731603903,0.45280397224260643,-0.0091030585987693,0
2021-10-12 00:00:00+00:00,-2.462634987661836,-1.2403741352897277,-1.1181478120888606,0.22542856633865732,-0.093194508924216,0.5584337897223762,-0.0042398556379567,0
2021-10-13 00:00:00+00:00,-2.491368818336577,-0.5601283590756483,-1.0404094121266136,0.3873825714063978,-0.13908017253669555,0.3985834800838842,0.0202253987043088,1
2021-10-14 00:00:00+00:00,-2.573054138604713,1.5750404886348706,-1.113047315989061,0.1076731077196606,0.051929934030381486,0.48993910986365324,0.0075124485630966,1
2021-10-15 00:00:00+00:00,-2.408525366648797,0.5803923884170741,-1.5345583072040105,0.13347716331990658,-0.2997021129383769,0.17818339951395862,0.0118068371927091,1
2021-10-18 00:00:00+00:00,-2.4945021163172165,1.3855386699994394,-0.36082999280166966,0.9039161195624197,0.4021486471228895,0.02403792132409236,0.0150796956626353,1
2021-10-19 00:00:00+00:00,-2.3958009829448788,1.25149128487519,-0.9593047139913492,0.538372066813575,0.02911514199069487,0.26182517597452115,0.0033612278861396,1
2021-10-20 00:00:00+00:00,-2.2441146823942915,0.16496996971196698,-1.635282752586251,0.07756258389429617,-0.015759452556002036,0.1854312448194428,0.0014735372765941,1
2021-10-21 00:00:00+00:00,-2.222561282481105,0.0677978997236789,-1.5215069329736974,0.17158087799011712,-0.008836379689163381,0.13678646294081132,-0.0052846422717378,0
2021-10-22 00:00:00+00:00,-2.176117491630564,-0.7909552595886115,-1.644702329409222,0.06439413245092215,-0.11130441189694874,0.28616685475570675,-0.0003363651791652,0
2021-10-25 00:00:00+00:00,-2.1625518582810535,-0.23332907489680027,-1.711725392242023,-0.053879236609581216,0.1844270462569609,0.21969900869877215,0.0045748216517351,1
2021-10-26 00:00:00+00:00,-2.085463330796745,0.10813469719686776,-1.6499440310735534,0.4411819175487424,0.05607341315577107,0.33703242738194866,-0.0031476755823917,0
2021-10-27 00:00:00+00:00,-2.0123587068496893,-0.5318251481081051,-1.9326333039692536,0.29842257306609243,-0.08104630509129136,0.18850135581002306,0.0249919677571004,1
2021-10-28 00:00:00+00:00,-2.2223792506833586,2.1637981827572377,-0.35150210782999086,1.5454319644746812,-0.13475922666441337,0.278280679834858,-0.0181558296941216,0
2021-10-29 00:00:00+00:00,-2.21694202250154,-0.7353427023256097,0.3617661857982129,2.0267629350897187,-0.48283729842196127,-0.6334739237867985,-0.005607537733784,0
2021-11-01 00:00:00+00:00,-2.038389323683665,-0.567243796686509,-1.3232977975643647,0.7828442229806134,-0.184262740630864,0.11218588759698747,0.0071159797471258,1
2021-11-02 00:00:00+00:00,-2.097904384621925,0.6166272580075154,-1.0591867245675184,0.7739124618470683,0.37210263372466573,0.20580195879897722,0.0097986707636195,1
2021-11-03 00:00:00+00:00,-2.0061393454853564,0.7221130066660397,-1.6214807995674823,0.3677617800806261,0.33590717229438427,0.21081288211941204,-0.0034983106885287,0
2021-11-04 00:00:00+00:00,-1.9462353242068031,-0.5746352861343639,-1.632440946644165,0.4930260016700257,0.025679480996599623,0.2010872863193671,0.0035820969765241,1
2021-11-05 00:00:00+00:00,-1.9699330179907704,-0.09402073578045517,-1.4459738786362941,0.6470580749381767,0.03318854490268312,0.38931466996243547,-0.0055522276907972,0
2021-11-08 00:00:00+00:00,-1.8952298350400683,-0.7986905823237896,-1.8581141606538858,0.3108895869320582,-0.022381874587679606,0.19193263074923358,0.0024590746104129,1
2021-11-09 00:00:00+00:00,-1.8880520466763315,0.11890617586319756,-1.8721801968072604,0.42397484627591414,-0.014301882626183366,0.0753963593101318,-0.0191628788247604,0
2021-11-10 00:00:00+00:00,-1.9069765923957918,-1.9832417032096308,-1.2299375430699295,0.662377811582714,0.06727183897501102,0.04515217554952322,-0.0003383625512494,0
2021-11-11 00:00:00+00:00,-1.870146583149494,-0.49315090151961954,-1.9906214953301629,0.07598759389159841,0.4193704666964629,0.2521664662562539,0.0143369974568792,1
2021-11-12 00:00:00+00:00,-1.9901873302907136,1.149414895619173,-1.1184776860486885,0.803251722534368,0.42201612315637604,0.1131844182118613,6.665526583882198e-05,1
2021-11-15 00:00:00+00:00,-1.886485808682497,-0.2752728342750503,-1.3740834030010811,0.7093836378930604,0.2947830102115937,0.09740000161128953,0.0066666444497256,1
2021-11-16 00:00:00+00:00,-1.8598246980178987,0.5120434073228569,-1.5223594366281916,0.7622592193001709,0.228557250100641,-0.04052630979484621,0.0164901823314553,1
2021-11-17 00:00:00+00:00,-2.0145978384829837,1.5292103698483148,-0.2578563657579243,1.632540772473389,0.2751722870971996,0.033062064703167464,0.0285357902381673,1
2021-11-18 00:00:00+00:00,-2.2048186047748954,2.748106763185766,1.2034932741874833,2.719558546870422,-0.21767290003074333,0.10335842204554099,0.0169761173471811,1
2021-11-19 00:00:00+00:00,-2.108382183486797,1.6536857267658729,0.41263217996846674,1.8508432304468523,-0.20937565996510002,0.14540102830876492,0.0029275197559908,1
2021-11-22 00:00:00+00:00,-2.0760802611917835,-0.0993751607339199,0.4480366044049486,1.6543483636671763,-0.20136543611347343,0.6089440086448172,0.0024220657700579,1
2021-11-23 00:00:00+00:00,-1.9650218284308691,0.06898035362091605,-0.590816924995786,0.8757361661691437,-0.4494098474743938,0.4114202182335899,0.0032833637997284,1
2021-11-24 00:00:00+00:00,-1.9230507354151916,0.3112920859640274,-1.0739367545261913,0.18849578564618566,0.02429391471699541,0.3309269523843064,-0.0316782072308607,0
2021-11-26 00:00:00+00:00,-1.9406111263853048,-2.9382511019407045,-0.13407795271371953,0.40957916619059836,0.38303522856321487,0.19116468801761025,0.0218734864108458,1
2021-11-29 00:00:00+00:00,-1.9186034193149606,1.5009145293749373,-0.7796467552275692,0.6637688846452403,-0.5511071621346543,0.5318254362793952,0.0315775404796956,1
2021-11-30 00:00:00+00:00,-2.2382065829042572,3.1981087150852647,1.7146499635440895,2.5682055164302895,-0.8854485915322472,0.24446504204982417,-0.0032060971602613,0
2021-12-01 00:00:00+00:00,-2.1637921870076213,-0.9236053645617184,1.416810091029452,1.7742969932406725,-0.5703859256239537,1.024857420148352,-0.0061300062278466,0
2021-12-02 00:00:00+00:00,-2.3204521124451136,0.5930480454187461,1.5835591741136785,1.2665871503381652,0.36344519763399635,-0.0979121629553005,-0.0117243620678521,0
2021-12-03 00:00:00+00:00,-2.232816957398172,-1.4179714058702997,0.8324442956807139,0.6002967796624934,-0.026263734724592838,1.0159965967986928,0.0215029196770994,1
2021-12-06 00:00:00+00:00,-2.243595273935136,1.5117474531132513,0.015772917537627953,0.12023641456746134,-0.4783594651030968,1.1439181925533126,0.0354462006789004,1
2021-12-07 00:00:00+00:00,-2.289054392846637,2.6683586231756307,0.05580864615344237,0.08799603177440474,-0.9085665688829019,1.2850790811484303,0.0227830988938524,1
2021-12-08 00:00:00+00:00,-2.3604808080963813,1.9962830616940657,0.7812231230771789,-0.010756125991234378,-0.11618793948100639,1.1251320217944172,-0.002969989693769,0
2021-12-09 00:00:00+00:00,-2.1373051369539335,-0.41483734273065903,-0.13213656386490108,-0.3600651258563733,-0.8387739488633837,1.1231178040727967,0.0280132544680313,1
2021-12-10 00:00:00+00:00,-2.3101439097654017,2.5984221980987527,0.6062993503665864,-0.2906266639378512,-0.18649238141263388,1.326536981803613,-0.0206741571077507,0
2021-12-13 00:00:00+00:00,-2.316225220949115,-2.592921107874111,1.7692726362243554,0.16620656067202583,-0.4027273645807126,1.9087916136618786,-0.0080233528162356,0
2021-12-14 00:00:00+00:00,-2.379703328918878,-0.8596123566929081,1.315845602482326,-0.32274326110573687,-0.4316685112970556,1.6158834663258532,0.028509094988679,1
2021-12-15 00:00:00+00:00,-2.579339399230874,2.62670874712415,1.7067750804771817,-0.5374558515756734,0.24738900702138023,1.809721133812313,-0.0392635360026248,0
2021-12-16 00:00:00+00:00,-2.6763378238137707,-4.207310253455901,3.409529956383329,-0.3667539574423222,0.8618017298441047,2.1716160872794843,-0.0065019760569781,0
2021-12-17 00:00:00+00:00,-2.557104994569821,-0.2770080139392663,1.5352348091816326,-0.19466355857498857,-1.7575601711175686,1.3550846138172876,-0.0081220829890638,0
2021-12-20 00:00:00+00:00,-2.511769381102454,-0.36693493939155347,0.4717692857650204,-1.5550593204936358,-0.8646283583837772,1.26821204039614,0.0190871425808041,1
2021-12-21 00:00:00+00:00,-2.5627363683964806,1.4304537961699963,0.514636933935303,-1.7275000137893304,-0.4506336183003432,1.8446222351113533,0.0153186826722138,1
2021-12-22 00:00:00+00:00,-2.530813413416138,1.4244258572471828,0.43061401211348893,-1.7512609057563955,-0.5567944642461774,1.5452417495765955,0.0036437510900613,1
2021-12-23 00:00:00+00:00,-2.3596552433565487,0.18563759533028434,-0.5019571148301356,-2.2809735589693196,-1.0479328101796659,1.523922900665683,0.0229750238422232,1
2021-12-27 00:00:00+00:00,-2.4030592496539986,2.0436825190002015,0.004797820765418425,-1.939306343422816,-0.434619409233114,1.7183136922343663,-0.0057674785899282,0
2021-12-28 00:00:00+00:00,-2.246994066490268,-0.7074017090098672,-0.07113148795419905,-1.906435691392125,-0.735486029227009,1.695171543064992,0.0005019478906469,1
2021-12-29 00:00:00+00:00,-2.0841825514181864,-0.10849784836388342,-0.4473935527637776,-1.9621582368193242,-0.5275023923471178,1.53904867117959,-0.0065782186053737,0
2021-12-30 00:00:00+00:00,-1.9562882064400118,-0.8491521568682583,-0.4833467938832789,-1.888031892421065,-0.49152438360750833,1.4054420627816295,-0.003535214959268,0
2021-12-31 00:00:00+00:00,-1.8609125712473518,-0.4893971598245338,-0.6283086657482931,-1.7383258385787212,-0.6758690466312012,1.192360449567187,0.0250041742975524,1
2022-01-03 00:00:00+00:00,-2.052891943350252,2.385735332241274,0.8175104595795933,-0.7969022088020553,-0.11913934894194692,1.2149273904024975,-0.0126915980719585,0
2022-01-04 00:00:00+00:00,-1.8571560087602026,-1.5636363794217558,0.3919210586176118,-0.9891435286905665,-0.6442676323804983,1.3833925158542433,-0.0265999996175088,0
2022-01-05 00:00:00+00:00,-1.8938247982153644,-2.877903675788861,0.9614353524833597,-0.8803896709521444,0.04094834987050478,1.4277711281175756,-0.0166934880339788,0
2022-01-06 00:00:00+00:00,-1.8654579125410202,-1.404299632882827,0.368086574965104,-0.8870194943368319,-0.47120095648093413,0.915842772823499,0.0009885915535681,1
2022-01-07 00:00:00+00:00,-1.866501264260848,-0.2222501218217192,-0.03032670033911126,-1.0672133117129534,-0.5715530345766507,1.2176098714627486,0.0001162273843149,1
2022-01-10 00:00:00+00:00,-1.9576505873803318,0.538529973548998,0.6025172984525187,-0.4744992172947846,-0.2118919317668833,0.7239108467111401,0.0167836970346864,1
2022-01-11 00:00:00+00:00,-1.8947860717642648,1.550367205124602,0.12626278070525593,-0.9021659076436342,0.17633431031670088,1.0128031342382477,0.0025703566887402,1
2022-01-12 00:00:00+00:00,-1.6785850810525222,-0.09266938058514541,-0.5790510657979073,-0.9614687982528826,-0.5792896613716988,0.991809472651402,-0.0190281020284532,0
2022-01-13 00:00:00+00:00,-1.69199918256463,-2.166755919111556,0.3923848440180245,-0.44009100469487,0.13505328220857732,1.0980834390991225,0.0051105075126238,1
2022-01-14 00:00:00+00:00,-1.5468121291771983,0.5594105872869792,-0.602279693189978,-0.31345610910592736,-0.2906313647430398,0.7182379170009241,-0.0188939330155701,0
2022-01-18 00:00:00+00:00,-1.4389854190964566,-1.77191577178511,-0.19695446729033322,0.10862230541107173,-0.40650501604420797,0.5135997099559966,-0.0210245208184449,0
2022-01-19 00:00:00+00:00,-1.5663097136174542,-2.3600500249279524,0.6063540365551793,0.3278320380914818,0.16676064115076167,0.8400117852491304,-0.0103471847109719,0
2022-01-20 00:00:00+00:00,-1.6491665278354117,-1.3782758394816623,0.624069912466259,0.34997510377278623,0.4336831632308199,0.9343161377719866,-0.0127653735657423,0
2022-01-21 00:00:00+00:00,-1.6612704815090102,-1.4282752936613998,0.5223016022454259,0.9222311203590638,-0.5927535531333626,0.7794445994921897,-0.0048642306206261,0
2022-01-24 00:00:00+00:00,-2.040187116983534,-0.08417661426364735,2.342115697920693,1.8232797812050174,0.271363487863844,0.7419370348075571,-0.0113849233999272,0
2022-01-25 00:00:00+00:00,-1.9775368355490939,-0.7348867922145348,0.9572301046655041,0.7520268074884544,0.4681985223798581,0.8288321623184473,-0.0005630429700824,0
2022-01-26 00:00:00+00:00,-2.062827921853082,-1.0407869499737765,1.0196935633098334,0.5922696157926827,0.6704075084320723,1.9176227411343607,-0.0029432854100575,0
2022-01-27 00:00:00+00:00,-2.11036811816329,-1.069730345322793,0.8218427109169201,0.6727161843254871,0.12688177793894034,1.8148829289383541,0.0697776659744584,1
2022-01-28 00:00:00+00:00,-2.6387556071091547,5.504446279343909,2.448270373437269,0.9223862962941629,-0.4300106033318706,1.7738448796371789,0.0261258758600626,1
2022-01-31 00:00:00+00:00,-2.456888341018015,2.5908896037748033,1.206450856112768,-0.6201471518802442,-0.15033496118278958,0.8479799398001355,-0.0009727776000171,0
2022-02-01 00:00:00+00:00,-2.1467646459479965,-0.08055285001860074,-0.13141832799613296,-1.275621336337229,-0.7911794357894718,0.7891565424427726,0.0070443855334767,1
2022-02-02 00:00:00+00:00,-2.095105640295226,0.5586888886005106,-0.16773148199410284,-1.279526693964784,-0.7794258880686896,0.8741662922028894,-0.0167199458158869,0
2022-02-03 00:00:00+00:00,-2.0658920473240663,-1.5940797878875521,0.4654604076347938,-1.0394688325790458,-0.2901010763744038,0.9108085555451065,-0.0016790400704574,0
2022-02-04 00:00:00+00:00,-2.0438445162755703,-0.10603554000965071,0.0949351020336671,-1.1565979194521772,-0.36408041826415094,0.8412341898850442,-0.0042350681854484,0
2022-02-07 00:00:00+00:00,-1.9996317854460055,-0.6800333611462713,-0.13019255666049695,-1.2716831738617398,-0.5006949236740564,1.0391288689423548,0.0184669443341447,1
2022-02-08 00:00:00+00:00,-2.0736746668020305,1.739936082100939,0.137784303830025,-1.230773229583267,-0.0738071162816916,0.8157846390283499,0.0082938323071901,1
2022-02-09 00:00:00+00:00,-1.9027454518720806,0.4603360960303607,-0.6662654222588786,-1.4336433007010272,-0.853445563751434,0.9319734141182562,-0.0235985924037914,0
2022-02-10 00:00:00+00:00,-1.984779650008255,-2.1471803674826146,0.4880978701920069,-0.998844498742836,-0.39194950962684766,0.6997621503122096,-0.0202186499163957,0
2022-02-11 00:00:00+00:00,-2.076115451945619,-2.272842287190475,0.9500814641590981,-0.7950849092253097,-0.1682439169143154,1.1198918923444199,0.0014231290150685,1
2022-02-14 00:00:00+00:00,-2.075574958200029,0.28346425362444594,0.08196042146083839,-1.1651117803176139,-0.5520893241768752,0.6605023491194963,0.023152314302995,1
2022-02-15 00:00:00+00:00,-2.0570951101714106,1.7799689651425221,-0.41280975545384185,-1.6056953739730992,-0.3970295881324461,0.9960345826041093,-0.0013886783348753,0
2022-02-16 00:00:00+00:00,-1.98921708960676,-0.09817242280146442,-0.18786275715494702,-1.4842852515475855,-0.09296890661944474,0.6743117543201127,-0.0212692719888309,0
2022-02-17 00:00:00+00:00,-1.951879373282964,-2.0355825673148606,0.058202151080291246,-1.318391397008224,-0.217201995405109,0.62030924513113,-0.0093557647014045,0
2022-02-18 00:00:00+00:00,-1.9894759535415854,-1.3071007302121969,0.47545921476964237,-0.9097993783188079,-0.13281364041111823,0.9108857709130291,-0.0178122776472738,0
2022-02-22 00:00:00+00:00,-1.977196870612355,-1.4798839193182962,0.7722344643026179,-0.6108820954082536,-0.07988778859149895,0.27694030558428084,-0.0258641397549006,0
2022-02-23 00:00:00+00:00,-2.069042801835345,-3.0817889891032553,1.4719404673060978,-0.4895630531225091,0.47113476970946766,0.8948704510401037,0.0166802615718895,1
2022-02-24 00:00:00+00:00,-2.5841947656195825,3.398998467484703,3.844282095695501,0.8432996138459755,1.8187318980014004,-0.5783089792220486,0.0129655424973949,1
2022-02-25 00:00:00+00:00,-2.1208935048201223,0.9561565413741956,0.6232946185727503,-0.6426119565429482,-0.28187547446695055,0.48745212174289376,0.0016377454666249,1
2022-02-28 00:00:00+00:00,-1.8374908613966972,0.423883194838393,-0.15705090310674477,0.04176656278050879,-0.43105172647796924,0.2786669708929185,-0.0116280190406721,0
2022-03-01 00:00:00+00:00,-1.8228060915045032,-1.2692238377409955,0.1953299150955712,0.08064339100276254,0.3350904192471017,0.7162358967103166,0.0205884121483361,1
2022-03-02 00:00:00+00:00,-1.8876932963452704,1.6951645499838344,0.02295802272336847,-0.08524408179855299,0.2959841771534925,0.70838479975562,-0.0019811801467971,0
2022-03-03 00:00:00+00:00,-1.7457524501398827,-0.7688492073442366,-0.38139602524736155,-0.21428643518920779,-0.14103039411572788,0.8721656723083218,-0.0184085890230411,0
2022-03-04 00:00:00+00:00,-1.7527545812003928,-1.6816536119951142,-0.1322426039382662,-0.03474049648820327,-0.12048435778241762,0.3655883972980273,-0.0237173582986516,0
2022-03-07 00:00:00+00:00,-1.9271384309922788,-2.6490171822742243,1.0270745771786578,0.36430074268627816,0.5096516266209173,0.8310791150345244,-0.0116762777411002,0
2022-03-08 00:00:00+00:00,-2.1384412912450608,-1.233992198846772,1.9228048843099406,1.095336605018968,0.44105443458925203,0.7983546252900738,0.0349976390776498,1
2022-03-09 00:00:00+00:00,-2.114007526928919,2.508821960677339,0.11856277703487145,-0.16519500059405898,-0.19339636915550187,1.0428908119992786,-0.0271863753127222,0
2022-03-10 00:00:00+00:00,-2.1047030400472715,-2.356526886617389,0.7458654013225119,0.049092663400422155,-0.18035275351480254,0.2959636359189197,-0.0239086788010968,0
2022-03-11 00:00:00+00:00,-2.16573723682099,-2.7189089104270368,0.7394573480991332,-0.09736202256786024,0.02469925080965395,0.8288597582067601,-0.0265624273709621,0
2022-03-14 00:00:00+00:00,-2.240287761789588,-2.134412477699544,0.7306291748058786,0.06774378307793254,-0.2719937290756906,0.14272942082573045,0.0296775877579367,1
2022-03-15 00:00:00+00:00,-2.4860946881371406,2.827783712944137,0.874926414472875,-0.29930613619003443,0.3877920815903623,0.4270538042934627,0.0290153579652281,1
2022-03-16 00:00:00+00:00,-2.5319397470064904,2.3699360623664996,1.0636379828688722,-0.21624258902137602,0.20892467259868344,0.7744074873355267,0.0064537762221013,1
2022-03-17 00:00:00+00:00,-2.38012843704143,0.7337064849216091,0.012421212103066159,-0.9671630069863372,-0.13927767180621817,0.2915425597708804,0.0209188301136196,1
2022-03-18 00:00:00+00:00,-2.5165145082501077,2.0460726422784976,1.0586771525162333,-0.05306473503502571,-0.43293803468389513,0.5024258158203758,0.0085378683928756,1
2022-03-21 00:00:00+00:00,-2.371371461395226,0.842628269145429,0.24538482678796994,-0.7429328415361587,-0.5510093687898334,0.4777806119739026,0.0208006849601956,1
2022-03-22 00:00:00+00:00,-2.388782012823968,1.960189086218,0.44665962672382625,-0.9380299835806473,0.08089991686326191,0.5737415326969317,0.0082334810547595,1
2022-03-23 00:00:00+00:00,-2.322104621775192,0.8855042807482331,0.7826081480889704,-0.5299692148098633,0.009909360491958499,0.6050293948027797,0.0226780035144191,1
2022-03-24 00:00:00+00:00,-2.184555869333494,2.008417666507807,0.26591059648071025,-0.7048955012087407,-0.3090766438082817,0.6226083875089691,0.0037339591941654,1
2022-03-25 00:00:00+00:00,-2.001843096727021,0.2843970238193805,-0.28511571314764217,-0.9829125069456447,-0.6724666432722497,0.4848269504725557,0.0050369734334008,1
2022-03-28 00:00:00+00:00,-2.0317767279447394,0.9221347167882159,0.2938011372180213,-0.6977052201416931,-0.32217954502431906,0.17609760371424013,0.0191342001649696,1
2022-03-29 00:00:00+00:00,-1.9530611571664016,1.6167328699936554,-0.025247367629189423,-0.6200483996967621,-0.9759841892304323,0.6339974894051863,-0.00664969074845,0
2022-03-30 00:00:00+00:00,-1.8672506615805469,-0.7347230685245175,0.01936186922017317,-0.7843757521973918,-0.7914498626419348,0.619219103260424,-0.0177757093301828,0
2022-03-31 00:00:00+00:00,-1.8992452164104698,-1.979355080666041,0.4578336007118418,-0.6294220138194981,-0.777664370575791,0.8036757628692164,-0.0017182012371942,0
2022-04-01 00:00:00+00:00,-1.890059759949138,-0.19595077777054726,-0.12493286949068957,-1.0875603661939033,-0.5106465841856083,0.6264253251117489,0.0236938102825035,1
2022-04-04 00:00:00+00:00,-1.9400387320691654,2.2387228752868134,0.10449827902115029,-0.9715510923319616,-0.028860681422629268,0.6879827909149089,-0.0189421033447109,0
2022-04-05 00:00:00+00:00,-1.7670194812452449,-1.915304548735594,0.14014974776904798,-0.9893637179097401,-0.14417644439672894,0.5982780450406548,-0.0184508530688859,0
2022-04-06 00:00:00+00:00,-1.7773209387628603,-1.4880768046135704,0.2231839565277103,-0.6315551281674158,-0.4070238030383426,0.3248682519882183,0.0018040178689382,1
2022-04-07 00:00:00+00:00,-1.765179788268585,0.18408712806279248,-0.08740684588942697,-0.6940290803102647,-0.15444109412093496,0.57113768795983,-0.011908514505396,0
2022-04-08 00:00:00+00:00,-1.6525903468782086,-1.3013422571682778,-0.4586422467533567,-0.6758175195199853,-0.47977611075234333,0.6571908682906027,-0.0255162616361579,0
2022-04-11 00:00:00+00:00,-1.6725480723534427,-2.5078675605271514,-0.133802984333371,-0.6088346385254353,-0.03292175794904192,0.565996555161547,0.0115233941137269,1
2022-04-12 00:00:00+00:00,-1.7230129819726216,0.5447681937502156,-0.34985367070002915,-0.36897731357744573,-0.2480382883244063,0.9481852635842501,0.0163425833518278,1
2022-04-13 00:00:00+00:00,-1.7502500209037197,1.584227136296917,-0.1382413079699928,-0.35099966084132794,0.4239051629420684,0.57698498909766,-0.0299883996561097,0
2022-04-14 00:00:00+00:00,-1.7773560871456653,-3.312836699803143,0.8489171987996148,-0.2517035427593171,0.8224654170708641,0.903208112689225,-0.0013308724463531,0
2022-04-18 00:00:00+00:00,-1.6742540761104068,0.011287944537563538,-0.44731843477132954,-0.4541930995436555,-0.020278184725014466,0.2278211498096204,0.0141148952587479,1
2022-04-19 00:00:00+00:00,-1.7228617492286669,1.3101232772807523,-0.20346975366427014,-0.3814343370292735,0.29815726404734905,0.34190494395754367,-0.0010152103544186,0
2022-04-20 00:00:00+00:00,-1.5853557192167829,-0.5490836867586029,-0.6534747042370037,-0.3858701962108665,-0.20356889172660722,0.5992261049627461,-0.0048435926698842,0
2022-04-21 00:00:00+00:00,-1.7189937562671171,-1.0060094257567342,0.6364093807384361,0.3094647749391129,0.44304533073524605,0.8173100348201051,-0.0278212634591686,0
2022-04-22 00:00:00+00:00,-1.7398624495673485,-3.0464140519929725,0.9962288378256432,0.3302863052758581,0.8064858636558336,0.7193541527557546,0.0067373717191618,1
2022-04-25 00:00:00+00:00,-1.8080740558139101,0.704589366686663,0.5022655848328779,0.4407024560150291,0.13281347823511874,0.3150882814723132,-0.0373282437191118,0
2022-04-26 00:00:00+00:00,-1.8330755964878227,-3.885200221150796,1.0670945810231136,0.3622978274994212,0.31651314788730356,0.5157682229218615,-0.0014668110858362,0
2022-04-27 00:00:00+00:00,-1.901912775740379,-0.09439371962320242,0.3763515060436255,0.22846049544754252,0.19606915225034424,0.2296737569252104,0.0451555019155744,1
2022-04-28 00:00:00+00:00,-2.188040317934597,3.877584094106439,1.4431981030749765,0.89484432709516,-0.3671998697540643,0.430750334510461,-0.0366046779821058,0
2022-04-29 00:00:00+00:00,-2.2554160620366037,-3.53754538011195,3.0676615994456067,1.0187358299245743,0.8289807898019461,0.3356594253603717,0.0019661831928943,1
2022-05-02 00:00:00+00:00,-2.228493887275471,0.2992694168390026,1.3475251978762746,0.41274420795884553,-0.4054180935793544,0.0731638635321695,0.0096226811098572,1
2022-05-03 00:00:00+00:00,-2.20071379406356,0.8035871646133946,0.5561288767089978,-0.3403564298310917,-0.017002782741897822,0.28755215386691135,0.0410086838857415,1
2022-05-04 00:00:00+00:00,-2.4761124012762843,4.028007629309662,1.8744554931666189,0.022027439847302,0.6404083392531715,0.1848304977173465,-0.0557165261659964,0
2022-05-05 00:00:00+00:00,-2.478076745060966,-5.474256044757454,3.4133836025234103,0.30063196679388465,0.7556459492300668,0.3434903861225529,0.0047272962496702,1
2022-05-06 00:00:00+00:00,-2.499312764706025,0.4900831953175255,1.6255690015371624,-0.3708830538906823,-0.32002420326991454,0.08760657396068361,-0.0331891435300009,0
2022-05-09 00:00:00+00:00,-2.4867696890308486,-3.026192284166327,1.6539711707908284,-0.31528579219277403,-0.9487455848296334,-0.03221466473711153,0.0161118735654464,1
2022-05-10 00:00:00+00:00,-2.611809804982429,0.7194295554061167,1.0170752918950048,-0.7609625454260791,-0.9902202031915238,0.7460099010374995,-0.0518413630294867,0
2022-05-11 00:00:00+00:00,-2.9855662036973944,-5.297764484848323,4.0834447622269705,-0.03562905999342039,0.9564213302568463,0.7156000120781913,-0.0268938486843643,0
2022-05-12 00:00:00+00:00,-3.1782699608659395,-1.9752043390967944,3.675751066240655,0.30567351232312967,-0.17388533943774126,0.12000694562809759,0.0319161828521998,1
2022-05-13 00:00:00+00:00,-3.232007760614414,2.6193940403209637,1.6831447916547442,-1.2660566981652301,-0.36829684800733514,0.7140350602331342,-0.010672202966601,0
2022-05-16 00:00:00+00:00,-3.1023957947662253,-0.8661404126121997,0.8634818869069791,-1.9076020111755225,-0.6260242897865341,0.2120022147367182,0.0254225087453896,1
2022-05-17 00:00:00+00:00,-3.181612807355966,1.6381176893199183,0.5163792994950284,-2.133405136831338,-0.7741683278184752,0.8635257649300955,-0.0564191093875409,0
2022-05-18 00:00:00+00:00,-3.410441881707083,-5.468315127334898,3.1567325142693754,-1.4625192066184558,0.5995837364734549,0.5118845988411164,-0.0246412084027979,0
2022-05-19 00:00:00+00:00,-3.4855198121313133,-2.443994944021127,2.401640310283371,-1.3060718960993638,-0.6809207083818128,0.46677235403683864,0.0017470395998289,1
2022-05-20 00:00:00+00:00,-3.8213775641454046,-0.4133329784089306,3.5871086383073187,-1.0775380753137578,0.6119031877328275,1.1704205812156652,0.0401194198571743,1
2022-05-23 00:00:00+00:00,-3.858990455369122,3.922741790128185,2.318375322098088,-1.7894262139730739,-0.15611912732727107,0.38574094331492453,-0.0192161907731107,0
2022-05-24 00:00:00+00:00,-3.6838320304651377,-1.5556227492411763,1.899226296373277,-2.050159317229258,-0.4219748977577659,0.25268301439512836,0.0011398647323521,1
2022-05-25 00:00:00+00:00,-3.6929868890842044,0.4749555888935127,1.2390665025090957,-2.3384468059010928,-0.7209326646289999,0.11802541234419885,0.0231994927778604,1
2022-05-26 00:00:00+00:00,-3.9038619810810413,3.0665232165058782,2.625046011544967,-1.8589121724602091,1.0782197752260536,0.041153965093028634,0.0407568314770678,1
2022-05-27 00:00:00+00:00,-3.670104978973487,3.6152097170089528,1.3329164154058728,-2.1229660992499024,-0.3894079254999216,0.5266720583476499,-0.0053460854280548,0
2022-05-31 00:00:00+00:00,-3.486538441348728,-0.5536305071274376,1.349625165700072,-1.945544022418084,-0.8652337529519544,0.3005358117184058,-0.0008732302643209,0
2022-06-01 00:00:00+00:00,-3.4527396749612302,-0.49911699534223364,1.087883592888475,-2.3884806381033936,-0.42225170119619154,0.586655902629538,0.0168110961028251,1
2022-06-02 00:00:00+00:00,-3.4468015967717793,1.7925544256360242,1.099518106121769,-2.227051116484246,-0.04817298139956304,0.19040104963013388,-0.0385558307715987,0
2022-06-03 00:00:00+00:00,-3.217686648060084,-3.1356767361044144,1.016186135950246,-1.8362882233585005,-0.5558638875610535,-0.1477387109596411,0.0052279883185728,1
2022-06-06 00:00:00+00:00,-3.2687124503633065,-0.027689178337052277,0.683447378728058,-2.043594208906547,-0.3649119479394758,0.6010738472282611,0.0175859011752326,1
2022-06-07 00:00:00+00:00,-3.324793154865155,2.1019618655618744,1.1102917785106963,-1.854313247051841,0.43182780688506917,-0.10345657340940206,-0.0050434545400833,0
2022-06-08 00:00:00+00:00,-3.0363298626500472,-0.6540758705678638,-0.08102464368732266,-2.2152148798521862,-0.5133455380575651,0.06887582593353811,-0.0359556751354591,0
2022-06-09 00:00:00+00:00,-3.0675774127723616,-3.6944097406640246,1.3308275705512393,-1.4203440438784718,0.5605547323045242,0.26767891041657377,-0.0386286971950584,0
2022-06-10 00:00:00+00:00,-2.9736230068938685,-3.5771546183950833,1.0240217503131603,-1.0000961363774752,-0.4221033691330761,-0.37259877461792695,-0.0382848929611635,0
2022-06-13 00:00:00+00:00,-3.1082944928276963,-2.9964138595133005,1.5369408647286384,-0.3469423206593165,-0.7217095058718805,-0.7751285355647126,0.0066726100032095,1
2022-06-14 00:00:00+00:00,-3.155769374058881,0.1918370234107352,0.2384368596228583,-1.2244932878912225,-0.8462420960260221,-0.049512140580889576,0.0201114997788074,1
2022-06-15 00:00:00+00:00,-3.4084687122284936,1.4871745235145089,1.4603475742509553,-0.825679848530219,0.3134642419942077,0.17547438716143132,-0.0396512633751199,0
2022-06-16 00:00:00+00:00,-3.209096657588486,-3.392340405269344,1.0081832528970005,-0.5066789491327263,-0.6057728110112326,-0.5090747936752559,0.0115329058444173,1
2022-06-17 00:00:00+00:00,-3.352315270412855,1.0472620436812976,1.113411767384143,0.06332691153852321,-1.0609719163261804,-0.1514423604837096,0.0327607196765029,1
2022-06-21 00:00:00+00:00,-3.3594916630412595,2.6768043717793852,0.5907451594232236,-0.9773356203003749,-0.0901482297362365,-0.012718588283205977,-0.003827154208895,0
2022-06-22 00:00:00+00:00,-3.2067785067290497,-0.28206836024566084,0.5426409974335342,-0.9053534905697962,0.19580492197390792,-0.34932770006594055,0.0215736319590436,1
2022-06-23 00:00:00+00:00,-3.157479176621858,1.6517834443209714,0.03485309911548626,-0.9743953863474845,-0.2651740919767247,-0.1354104948592978,0.0245172145644694,1
2022-06-24 00:00:00+00:00,-3.0876605317868986,1.9358788717078215,-0.062130976956971215,-0.7419239064111528,-0.9730808334088382,-0.24711330406919071,0.0,0
2022-06-27 00:00:00+00:00,-2.973006322997207,-0.43025768131933556,-0.14769554927120915,-1.0537187390651583,-0.5146664938384551,-0.18206944074311165,-0.0297893314509194,0
2022-06-28 00:00:00+00:00,-3.0675221705879676,-3.3897189632674523,1.3595938494115145,-0.6648615337500846,1.1171833934579891,0.18198929478232642,0.0130237715199232,1
2022-06-29 00:00:00+00:00,-3.038850277488496,1.1613910179441764,0.3875957879685918,-0.8142500041931476,0.3616098278193239,-0.38933447756209505,-0.0180276899965504,0
2022-06-30 00:00:00+00:00,-3.064646120036215,-1.5099253907662396,1.2477726441155963,-0.08133596307652434,0.03088626281613861,-0.5465249498841618,0.0161639654939023,1
2022-07-01 00:00:00+00:00,-3.075151216764557,1.6771970470768762,0.21477489092535315,-0.8101826955026752,0.05157771929672276,-0.5699355038260305,0.0189307164372105,1
2022-07-05 00:00:00+00:00,-3.115119804805352,2.083753457843675,0.7081713724736899,-0.5392904540291793,0.6163582540877647,-0.5479444098186987,0.009607157403247,1
2022-07-06 00:00:00+00:00,-2.962758841863874,0.8765480455167189,0.02163829679925979,-0.6936784227354984,-0.20630787722971225,-0.4276038121477069,0.0239993372697475,1
2022-07-07 00:00:00+00:00,-2.975057194614633,2.2009124527110906,-0.03093646852939411,-0.8842248744095897,0.01249911211786581,-0.3970655552271234,0.0047147517697883,1
2022-07-08 00:00:00+00:00,-2.8628741071763666,0.5898367108042437,-0.2822743049851425,-1.0186952059580343,-0.2649049985680972,-0.5813848955131505,-0.0147577467761231,0
2022-07-11 00:00:00+00:00,-2.7738535863633205,-1.3658388445341512,-0.21161284703648436,-0.9143835078364564,-0.10028779640476636,-0.4122032371545618,0.006833493505939,1
2022-07-12 00:00:00+00:00,-2.7717495281469104,0.31252437608385353,-0.008350790707139644,-0.34380501601139585,-0.0908284522715295,0.0285751510285176,-0.0025365031523386,0
2022-07-13 00:00:00+00:00,-2.7132404975972033,0.28045629629839436,0.21346103336949046,-0.10248643443084743,0.6823183906316399,-0.46665235939535704,0.0204822906089543,1
2022-07-14 00:00:00+00:00,-2.8134061133429062,2.2902582821676796,0.7947964340681949,0.15689085285628626,1.0686423574863797,-0.27283818475658134,0.0114503776745389,1
2022-07-15 00:00:00+00:00,-2.5374608997443744,0.6906602382748722,-0.5130061635816063,-0.11068148769181287,-0.3166270876814153,0.057580074433943626,-0.0206430691043311,0
2022-07-18 00:00:00+00:00,-2.4893954085646053,-2.4488914044632084,0.39976753120604397,0.4283245655786022,0.5162232385725354,0.35629552135578835,0.0267217057453659,1
2022-07-19 00:00:00+00:00,-2.518649665010757,2.3648318489143034,0.14468270677884318,0.4934624301105127,0.33427580831457393,-0.03132517253260821,0.013509878897119,1
2022-07-20 00:00:00+00:00,-2.3439533612288512,1.1827183460636592,-0.5651532775764437,0.053179237277335784,0.32511881306888785,-0.09794476589702973,0.0150942885336828,1
2022-07-21 00:00:00+00:00,-2.2911378440597807,1.0292597981462523,-0.4940506735135015,0.0863064625553079,0.34628626466527695,0.14032742871782491,-0.0081106571206666,0
2022-07-22 00:00:00+00:00,-2.161869758926352,-1.0213772556054028,-0.6814761920389851,0.0713888983093829,0.0012245240317501152,-0.03347614207510886,-0.0073986079524344,0
2022-07-25 00:00:00+00:00,-2.0891005811435615,-0.9288599048072319,-0.9492098238808527,-0.17502983492275495,0.2635194632559648,-0.08801549140408639,-0.0088263357806739,0
2022-07-26 00:00:00+00:00,-2.051835228436934,-0.9290869813935766,-1.0644897666332165,-0.16158322761172875,0.06385119282852864,-0.2642642856952824,0.0342349317108925,1
2022-07-27 00:00:00+00:00,-2.278056544462449,3.105328940605237,0.2516836330726322,0.7249220986657526,0.7572701064905131,0.036936412427193165,0.0035717624891213,1
2022-07-28 00:00:00+00:00,-2.0764355818783495,0.16334458919974945,-0.3812231972336512,0.5931208155987633,-0.13059714334296682,-0.026114788710270048,0.0327929051060809,1
2022-07-29 00:00:00+00:00,-2.116127333817143,2.3212539113016653,0.14126721345396218,1.1748375720440962,-0.3316063014546795,0.49444549448259245,-0.0061535688916539,0
2022-08-01 00:00:00+00:00,-1.9184346027369674,-0.4665845661504772,-0.743212323905889,0.1511019062672951,-0.052319345406228915,-0.2682295853528654,-0.0092872152706762,0
2022-08-02 00:00:00+00:00,-1.8663495056830064,-0.8144892934778717,-0.8083576858799811,-0.047298464033536436,0.12551475248022287,-0.2557210621875228,0.0382477478516858,1
2022-08-03 00:00:00+00:00,-2.121924531135576,3.576846743381403,0.6311059522646583,0.6248365955360226,0.7260726301113967,-0.0612711929795388,-0.0019263800793001,0
2022-08-04 00:00:00+00:00,-1.782155262041768,-0.33836863850427285,-0.8498176443170965,-0.29436652971004973,0.07982662268952039,-0.15141068744934236,-0.0013891107248555,0
2022-08-05 00:00:00+00:00,-1.7715584332502425,0.2177272155586105,-0.7367938665959689,-0.24694204692137792,0.18531276521714046,-0.5310302676353434,-0.0029027968103387,0
2022-08-08 00:00:00+00:00,-1.7324884327373113,-0.6837455977798743,-0.49585005419719397,-0.05475194744915046,0.2547336905242458,0.11336510824489238,0.0003034574332068,1
2022-08-09 00:00:00+00:00,-1.6669445342066214,0.06264293318837523,-0.7767303713752877,-0.03060231693969795,-0.10228197143762144,-0.3012159679522915,0.0261946002095259,1
2022-08-10 00:00:00+00:00,-1.6706371770071597,1.934890724196583,-0.7900932130612263,0.10347192097365787,-0.41263747071547985,0.09778660876161564,-0.0044317514233457,0
2022-08-11 00:00:00+00:00,-1.5552321045452864,-0.7882822781738763,-0.7953646361868016,-0.1867911127061564,-0.028183537583116983,-0.045577308591449914,0.0214254908588726,1
2022-08-12 00:00:00+00:00,-1.5763864892849024,1.7702216632724361,-0.6483825558301288,0.0981799239553788,-0.24639058450569995,-0.14787638302409573,0.0063335884570427,1
2022-08-15 00:00:00+00:00,-1.3981360811227992,0.621266311232526,-1.1653689046752984,-0.18778908358764154,-0.11874081120146178,-0.34668839796175105,-0.0009236775390779,0
2022-08-16 00:00:00+00:00,-1.2953319688706157,-0.16136964552706345,-1.1318323641244257,-0.03808684714879827,-0.19196821787466084,-0.2890181594785311,0.0087846227294672,1
2022-08-17 00:00:00+00:00,-1.3757300155126684,0.8253155219736944,-0.21580110017978743,0.6958181726048971,-0.16899253991556462,-0.20996248951081864,-0.0022916916218899,0
2022-08-18 00:00:00+00:00,-1.2180247287165915,-0.21446378049260198,-1.1003911856962798,0.07381779359466607,-0.4171646702833665,-0.31894550547162,-0.0151021275580798,0
2022-08-19 00:00:00+00:00,-1.2216537706853234,-1.4699276982777907,-0.666396023953723,0.30096481295796873,-0.4206456036435182,-0.2852859429412914,-0.0230291644943948,0
2022-08-22 00:00:00+00:00,-1.274982077068923,-2.143611376132837,-0.4765359561862331,0.16481593179412038,-0.3054536787739102,-0.38109361781053264,-0.0020292589092245,0
2022-08-23 00:00:00+00:00,-1.2959444561728877,-0.2539770861784729,-1.0453047931959596,-0.2711020390565467,-0.1632676511919346,-0.3068999318222312,0.0017939335574788,1
2022-08-24 00:00:00+00:00,-1.2492964222762224,0.012030173668575587,-1.2411598874765593,-0.1169365130022267,-0.17555665300761086,-0.1965226241689397,0.0149227688834996,1
2022-08-25 00:00:00+00:00,-1.2425077788654728,1.111226653099852,-1.343202195490607,-0.15229242578816074,-0.16464745639546075,-0.16150191279333712,-0.0376993666800645,0
2022-08-26 00:00:00+00:00,-1.4297549876858064,-4.1680770246026615,1.4407753636679264,1.0431411200322187,1.0618678604733087,0.20256493978401713,-0.013690027392415,0
2022-08-29 00:00:00+00:00,-1.35420723960143,-1.005745720722441,-0.21933738652636595,0.5340548823478052,-0.1921015714499833,-0.6973213460295488,-0.0153053084655409,0
2022-08-30 00:00:00+00:00,-1.4798573358009557,-1.887670342402285,0.477887388790409,0.7428073314227388,0.2399783523884562,-0.04060837326617767,-0.0106351057856992,0
2022-08-31 00:00:00+00:00,-1.4241066302291066,-1.5473843063848456,-0.04874845218459312,1.1300749356552764,-0.4086521042737464,0.11419707053940222,0.0047066529983812,1
2022-09-01 00:00:00+00:00,-1.5594451732853443,0.46968343505543325,-0.18661718774578864,0.7170403640399635,0.19452105031931013,-0.2437374283273023,-0.0136110177131733,0
2022-09-02 00:00:00+00:00,-1.636118666482431,-1.9626045896679836,0.4823663616799425,0.8536116209010324,0.6124501984796955,0.3771718558040042,-0.0082150797704834,0
2022-09-06 00:00:00+00:00,-1.6106434950659931,-1.1543200607948068,-0.3190114207964889,0.5818084365290564,0.006123811461257867,0.05020939477830461,0.0092537092254001,1
2022-09-07 00:00:00+00:00,-1.7015104339627634,0.7428038509787497,-0.2352802585172482,0.862641220707465,-0.357671085751161,-0.11958463173314958,-0.0096175359409483,0
2022-09-08 00:00:00+00:00,-1.6997723260200008,-0.8412404343934139,-0.09145222255844548,0.9374840555126696,0.038911062582701265,-0.11059402528676508,0.0188398127933664,1
2022-09-09 00:00:00+00:00,-1.7577424399002064,1.537244279767394,-0.6625064979333032,0.32565888537885174,0.11294771876422054,0.055942136418485604,0.0385078219013237,1
2022-09-12 00:00:00+00:00,-1.9507117025548697,3.2954709164357836,0.6723526467529974,1.1915812173353015,-0.08127758766685321,0.17863821182389392,-0.0586794340646563,0
2022-09-13 00:00:00+00:00,-2.0426226681346393,-5.486258663291523,2.430452082837848,1.2579326661115935,0.27018421636944584,-0.26331086582630414,0.009555101126986,1
2022-09-14 00:00:00+00:00,-2.0551582251839275,0.6238908031382725,0.2664301138159566,0.011662329361253831,-0.41017168700105255,-0.08538348486860753,-0.0189298314201966,0
2022-09-15 00:00:00+00:00,-2.05204499844482,-1.9470761783098713,0.5324856797085988,0.08763338647870812,-0.3119268435215007,-0.15960368769707484,-0.0109599810503187,0
2022-09-16 00:00:00+00:00,-2.2035276893055995,-0.951342086122918,1.2079525249420797,1.4511659702047663,-1.8948563365968,-0.22389632410912796,0.0250827551193795,1
2022-09-19 00:00:00+00:00,-2.4726324507269415,2.770877107058661,0.9831369108256989,-0.3026079612213223,0.6706077865376795,-0.30647299932027916,0.0156654724057654,1
2022-09-20 00:00:00+00:00,-2.451346459328341,1.736829787229869,1.152986573128177,0.14810901968536547,-0.06845422007746733,-0.17118466328265958,-0.0202677117527265,0
2022-09-21 00:00:00+00:00,-2.4095700035710177,-2.3393538314597913,1.19139610251549,-0.11792953633246571,-0.07843595974211394,0.3768979990396615,-0.0063750754214747,0
2022-09-22 00:00:00+00:00,-2.427859474015914,-0.4909966099937143,0.39211622427857273,-0.6180935649226298,-0.2787498013818517,-0.03418232753156567,-0.0151240381966246,0
2022-09-23 00:00:00+00:00,-2.4363409841976136,-1.3440349508964542,0.26311542631813023,-0.5273447286397657,-0.6777987391448672,0.036711679110677,0.0022602667830444,1
2022-09-26 00:00:00+00:00,-2.555455555995141,0.2654213187022344,0.5643043655967694,-0.39007920775213656,-0.04744073689375199,0.2783820590336094,0.0065663651416172,1
2022-09-27 00:00:00+00:00,-2.6013429250038516,0.045142568774031624,0.6197714597714049,-0.5456839269718207,0.23141900831360546,0.804738881869203,-0.0126515750810162,0
2022-09-28 00:00:00+00:00,-2.7706338701499402,-0.444446428432048,1.9743879107286124,0.6646204245887364,-0.099565665955694,-0.0027523516702606127,-0.0491192081672546,0
2022-09-29 00:00:00+00:00,-2.8394400977843564,-4.37394159848598,2.1631394611964585,0.03417099782199311,0.15572138104036512,0.20344236018747072,-0.0300391062940867,0
2022-09-30 00:00:00+00:00,-2.9673032697216453,-2.9629914725404474,1.7317386264389918,-0.23480196068148626,-0.17700457936239725,0.5214129822482545,0.0307528183395056,1
2022-10-03 00:00:00+00:00,-3.2459547528050936,3.00639741382209,1.6255213079177193,-0.5800510866191809,0.1633184400259617,0.39374000257194597,0.0256228660443758,1
2022-10-04 00:00:00+00:00,-3.0433531241909204,1.8223759082823492,-0.1189003427978443,-1.4762645775649885,-1.106458277934902,0.6315419671155835,0.0020531714108498,1
2022-10-05 00:00:00+00:00,-3.151083521038793,0.5579900456246389,0.8799342659028865,-1.3961799862602564,0.16710458268751888,0.07381866187791822,-0.0066256087412852,0
2022-10-06 00:00:00+00:00,-2.979588350143586,-0.7035146112546857,-0.0988924368794333,-1.75148710816227,-0.6114476608477746,0.22094968832606787,-0.0367186136109237,0
2022-10-07 00:00:00+00:00,-3.058763210246364,-3.2663773510383276,0.8338094863796474,-1.3796965074036667,-0.29425583237134806,0.04887915674663279,0.0023558020704272,1
2022-10-10 00:00:00+00:00,-3.080558283246961,-0.012079687588190741,0.2809424726509745,-1.3792784184032139,-0.18143716538502538,0.4842158855125676,-0.0102551290878846,0
2022-10-11 00:00:00+00:00,-2.9624082027675507,-1.10545600771442,0.018225112273112385,-0.9801559765387674,-0.11585671683353267,0.527752430417188,-0.0046050606415071,0
2022-10-12 00:00:00+00:00,-2.9334240702194525,-0.695304628758326,-0.5104940368403871,-1.125908722330723,-0.4058612454510907,0.5357972510904815,0.0336127819929357,1
2022-10-13 00:00:00+00:00,-3.554978218154963,4.204362863973899,3.0222321063922877,0.159568221810351,2.1448742431709507,0.028366967865926143,-0.0322400954282106,0
2022-10-14 00:00:00+00:00,-3.1191034078377546,-3.842371589178213,1.655634943381563,-0.5233905202812051,0.8378560184154431,0.9127772254919152,0.029123065784681,1
2022-10-17 00:00:00+00:00,-3.0724787974097447,2.1174144753359463,-0.10481811334074906,-0.9369823679008874,-0.6099999754235474,0.5657791722756396,0.0094090843348118,1
2022-10-18 00:00:00+00:00,-3.1864143060606573,0.029481954118186667,1.4920944449976627,-0.34046212978806734,0.529363004038888,0.970275334685669,0.0007653460983365,1
2022-10-19 00:00:00+00:00,-2.9953950655506243,0.4238816182787115,0.032675827560270106,-1.212516620686416,0.2740606390982615,-0.1587098514193977,-0.0032672112271037,0
2022-10-20 00:00:00+00:00,-2.9404751530790736,-0.30422186081286745,-0.041040862526967765,-1.1405170289496542,0.06812240100008096,0.03577228230817167,0.0270594197343356,1
2022-10-21 00:00:00+00:00,-3.115332621255813,2.7494478090906784,1.009385727637555,-0.5704898891611431,0.5340079366268211,-0.026116181484978566,0.0148024625277278,1
2022-10-24 00:00:00+00:00,-2.969672792277931,1.376510584260759,0.48812946378029604,-0.8799046790132251,0.19991189076750265,0.018092907442333557,0.0193377282699993,1
2022-10-25 00:00:00+00:00,-2.8688149079681082,1.670645651629238,0.02540180407675349,-1.0249690770106612,-0.2881253694487943,0.006555443664462317,-0.0196269935803485,0
2022-10-26 00:00:00+00:00,-2.755440643009556,-1.8616290627862135,0.6761493825332328,-0.5881052568932335,-0.23764708055634134,-0.21053809466895387,-0.0304655010564323,0
2022-10-27 00:00:00+00:00,-2.7415440674150773,-3.0051606886543003,1.2992795528669663,0.1536008529068939,-0.1205817457433491,0.014409711564506746,0.0755525497004649,1
2022-10-28 00:00:00+00:00,-3.32588940109021,6.702948182745388,3.7553027450897285,1.2836005148445022,0.6157927744462063,0.34726657420581103,-0.0154101719261391,0
2022-10-31 00:00:00+00:00,-2.6600287918735823,-1.1287066642571841,0.31241935722335973,-0.7039882065431772,-1.119715502859026,-0.6766102502966752,-0.0175427632373222,0
2022-11-01 00:00:00+00:00,-2.815994307040725,-2.371767744636561,1.571074987372422,-0.7393525749844545,0.6047342696725333,0.3597897575564755,-0.0373051901113199,0
2022-11-02 00:00:00+00:00,-2.929961348796688,-3.62713932314484,2.3897454796713054,-0.506165579219352,0.8474778817444278,-0.13981545018506106,-0.0424047341584014,0
2022-11-03 00:00:00+00:00,-2.8818254891453634,-3.8211135983250903,1.3806370622715574,-0.8517156616391149,-0.47159177232537874,-0.6430836609675319,-0.0019477499388387,0
2022-11-04 00:00:00+00:00,-3.2924401545514033,-1.2063538986196665,3.4539413848910763,0.41102353977361455,0.5758557390091913,0.7930377456620568,0.0039026532025954,1
2022-11-07 00:00:00+00:00,-3.11122964021257,0.5854934886320922,0.730615106147163,-1.19060650060651,-0.2964667110996308,-0.4503728987524349,0.0041748056482744,1
2022-11-08 00:00:00+00:00,-3.153410206357363,-0.10719441934697363,0.9272173671192092,-1.036659283787975,-0.3503245940047116,0.1319669770253999,-0.0331898975166862,0
2022-11-09 00:00:00+00:00,-3.1454008961801936,-3.354004519617534,0.9725290971071274,-1.4193409172305733,-0.09351429891191697,-0.19064195752577864,0.088974578066846,1
2022-11-10 00:00:00+00:00,-3.6866516488096845,7.155293003448225,2.8002864035865804,-0.703416993021367,0.2680485503395971,0.43217917282878054,0.0192687956545356,1
2022-11-11 00:00:00+00:00,-3.384027021677666,2.110708351803859,1.9696108102874788,-1.3254409925094812,0.0866583372466259,-0.6830148919219989,-0.0094856192165413,0
2022-11-14 00:00:00+00:00,-3.0804901934999416,-0.9464161265492441,0.6262735761783387,-1.9365545693532789,-0.8087421303529332,-0.6227867532598846,0.0118693653377452,1
2022-11-15 00:00:00+00:00,-3.1714395457658977,0.14025822555890818,1.5687932933193283,-1.4226661664038753,-0.367519774932675,0.21407905136833572,-0.0083311707663312,0
2022-11-16 00:00:00+00:00,-2.9856522409490633,-0.7849578127790082,0.42596548276230267,-2.160779756323047,-0.7712138824880981,-0.677557936487735,0.0129712592860431,1
2022-11-17 00:00:00+00:00,-3.2091750714446774,1.7864678035487789,1.7157458332359463,-1.6350401501355198,0.20575543264625445,-0.8588913508272452,0.0037819048307004,1
2022-11-18 00:00:00+00:00,-2.959234313456509,-0.12477741373043941,0.5157561758058017,-1.9192345747628512,-0.9639025992302702,-0.25621750485784206,-0.0216802671575093,0
2022-11-21 00:00:00+00:00,-2.8955159464157503,-2.124768787604865,0.4071000831433907,-2.243240811286058,-0.6815085353802345,-0.6356343989923814,0.0146611484445609,1
2022-11-22 00:00:00+00:00,-3.0027573757595634,1.3289030641418405,0.5420677242336779,-2.260942869737615,-0.14877655022623076,-0.5886404128842998,0.0059266153718871,1
2022-11-23 00:00:00+00:00,-2.8823706298347913,0.6450649689133309,0.23436754841812601,-2.140951441015586,-0.6419589471772466,-0.8027118384375362,-0.0195936879427666,0
2022-11-25 00:00:00+00:00,-2.7047119792762175,-1.5263842934483536,-0.32810141398008935,-2.544180022389947,-0.47288003507983467,-1.1607256532445864,-0.02626421381325,0
2022-11-28 00:00:00+00:00,-2.6350825433734,-2.152288554673687,0.4788941284943145,-1.1088272059839028,-0.24367352445540955,-0.9692920814875652,-0.0211485034554695,0
2022-11-29 00:00:00+00:00,-2.732793774663983,-2.352303056771996,1.155539386351529,-0.6386608453910156,-0.11247995450008486,-0.41993013217447567,0.0485942203929028,1
2022-11-30 00:00:00+00:00,-3.2142454820331836,4.785144096216349,2.997035685417881,0.07728575638194682,0.9752969300167121,-0.6419866184532955,0.0018912679364091,1
2022-12-01 00:00:00+00:00,-2.694413841293651,0.006715082336588614,0.12337377935349166,-1.1864038967150001,-0.7065889989018226,-0.7032143715473045,-0.0033711731603009,0
2022-12-02 00:00:00+00:00,-2.6109185250336955,0.07981456266533003,-0.1017407854398002,-1.1032007366113505,-0.46532578552562953,-1.0614628062933316,-0.0079833930965264,0
2022-12-05 00:00:00+00:00,-2.657531259949018,-0.970914879345768,1.058349236847618,-0.6546996951502633,0.4819413129643097,-0.5630129739573624,-0.0253698008310111,0
2022-12-06 00:00:00+00:00,-2.6291408664379405,-2.892794432204638,1.2107338175870783,-0.7578963563504171,0.5895112733679678,-0.4489852041228968,-0.0137851272470358,0
2022-12-07 00:00:00+00:00,-2.5829389996656147,-1.3932107919939742,0.4935437847653958,-0.7599008843542201,-0.2512393596700982,-0.932504219254375,0.012132676604001,1
2022-12-08 00:00:00+00:00,-2.5563119896327975,0.731436779687599,-0.20728518070504004,-0.9109801975193265,-0.4698201793898173,-0.6873037390269977,-0.0034349265474018,0
2022-12-09 00:00:00+00:00,-2.455595520767604,-0.44824114189559755,0.4319771869805281,0.46671411227205045,0.6088740738582245,-0.25326872086942076,0.0163903012033581,1
2022-12-12 00:00:00+00:00,-2.4068831704980234,1.376514092131326,-0.25236049865462096,0.2791848942300863,0.2172417376074919,-0.3289481325650346,0.0067824743245419,1
2022-12-13 00:00:00+00:00,-2.4813533630326545,-0.6811410763710142,0.9819953856426834,1.0308699809883353,0.3976502647345503,0.7057845694506946,-0.0155359494171737,0
2022-12-14 00:00:00+00:00,-2.4493089422623804,-1.747576446479053,0.8728212878225837,0.7322154980362106,0.7530149736793096,-0.10895997723978533,-0.0468541538469546,0
2022-12-15 00:00:00+00:00,-2.553080862103995,-4.51577787993817,1.6321787428106882,0.9045183842875576,0.5058178363434086,-0.4141525354766284,-0.0145791367004702,0
2022-12-16 00:00:00+00:00,-2.667823394964942,-1.6677035874474728,1.6455521716429309,2.0914906617832045,-1.4455305143571147,-0.19339454873401576,-0.0159092974333708,0
2022-12-19 00:00:00+00:00,-2.696252130910449,-1.9768022114659365,0.3689675046634836,0.09742307567221571,0.17477582028794977,-0.03592793193730977,-0.000528812229302,0
2022-12-20 00:00:00+00:00,-2.7944241334219577,0.03937228089182509,0.08129650040969022,0.0025155060922642104,0.15378803217719145,-0.4287736296519615,0.0238094930636352,1
2022-12-21 00:00:00+00:00,-2.961417874182995,2.0870168343340927,0.4350411427390037,0.15187836229563093,0.25218893807897047,-0.16630107765112995,-0.0237726868539079,0
2022-12-22 00:00:00+00:00,-2.9117252195883334,-2.3548689837507917,0.5617436127496369,-0.0830360266910793,0.4511814506696151,-0.21234705333344056,-0.0027980261359743,0
2022-12-23 00:00:00+00:00,-2.9328272093965393,-0.11583843116718848,-0.35359127886414826,-0.5720121068713807,0.1579926182727429,-0.4172084374339877,-0.0138785025318499,0
2022-12-27 00:00:00+00:00,-2.9080094681880975,-1.4919709957507516,-0.34684243807971876,-0.41592314688282767,-0.029415657992020183,-0.16820026412362463,-0.0306852147008291,0
2022-12-28 00:00:00+00:00,-3.0895877966711573,-3.270868364649754,1.1404752019072035,0.1719194374502431,0.793897676739696,0.09890626961365358,0.028324382139673,1
2022-12-29 00:00:00+00:00,-3.018689755671155,2.155677835541761,-0.4807510559426768,-0.00499045100447452,-0.01335483677684824,0.1537880490295686,0.0024690341690027,1
2022-12-30 00:00:00+00:00,-2.9888375973579033,0.40600092503187096,-0.45858488181664653,-0.0061741931123964755,-0.06504502224227224,-0.3802846608077291,-0.0374048630667073,0
2023-01-03 00:00:00+00:00,-3.26587436107262,-4.157472521465629,2.183970620382635,1.0097729706184042,1.069574852811528,0.47333622501803374,0.0103142986644479,1
2023-01-04 00:00:00+00:00,-3.2360219068404863,0.3552128394375133,0.2528212035025986,0.10713933349435247,0.044777327528864576,0.2872409602951393,-0.0106047762699424,0
2023-01-05 00:00:00+00:00,-3.180884660486054,-1.5034520294878708,-0.09870377269753512,-0.12599966434286744,-0.05637166755465696,0.1959921852600885,0.0367942377475734,1
2023-01-06 00:00:00+00:00,-3.529270822193874,3.2933444503801974,1.1125463399923081,0.04804057922117229,0.960651459532752,0.050630342353420905,0.0040889380419637,1
2023-01-09 00:00:00+00:00,-3.3122614609956402,-0.008447265898041033,0.04158394107415923,-0.5198248329870222,0.27558687485792244,0.08907202894023306,0.004456418548806,1
2023-01-10 00:00:00+00:00,-3.2745314472335862,0.23314010699027754,-0.20894219690090637,-0.6956796935564733,0.2548391897678059,-0.11863358510920767,0.0211122833029198,1
2023-01-11 00:00:00+00:00,-3.2946382831731156,1.835764255051203,-0.21061858268519215,-0.6052962771439064,0.11072315184650898,-0.15889968777902905,-0.0005994191033192,0
2023-01-12 00:00:00+00:00,-3.1738172889150627,-0.3539324372325304,-0.2559801423466604,-0.5434686402817287,-0.10300798832817583,-0.11669997970318201,0.0101191687478083,1
2023-01-13 00:00:00+00:00,-3.2057340478037957,1.2288295763232413,-0.236190516483203,-0.7670209882740849,0.47102659263938,-0.5388109532243202,0.0087564963780251,1
2023-01-17 00:00:00+00:00,-3.063825065652538,0.6870577182499951,-0.42206455490199474,-0.3675999009445631,0.3378304253790347,-0.1253813134983164,-0.0053703207774117,0
2023-01-18 00:00:00+00:00,-2.9320821902693965,-0.9770684959024317,-0.14910924181853383,0.007307176203437577,0.31728017958892923,-0.017340917872771585,0.0004439604210146,1
2023-01-19 00:00:00+00:00,-2.8614382567132615,0.15489188680648341,-0.7969833000110257,-0.29524746100626525,0.20369845217518182,-0.5311114276938019,0.0192205241207514,1
2023-01-20 00:00:00+00:00,-2.9760257141462994,1.7939133208673719,0.08028537460459599,0.32766771151356383,0.30269291924873337,-0.3516575022270586,0.0235003969246814,1
2023-01-23 00:00:00+00:00,-3.0329073538085165,2.166393929667152,0.7450235778281159,0.5046319927400017,0.9268203304263762,-0.21387455431005012,0.0100633837324333,1
2023-01-24 00:00:00+00:00,-2.776001731000735,1.057891424342656,-0.599581614582916,-0.01516900377335364,0.17252648215768626,-0.46405286940760954,-0.0047008601026649,0
2023-01-25 00:00:00+00:00,-2.755876726819856,-0.25589894087449144,-0.23656636717101867,0.01757916814200632,0.49541116531184154,-0.47145166475846334,0.0148030896755648,1
2023-01-26 00:00:00+00:00,-2.640057836354443,0.9958286541753189,-1.0756570035965327,-0.34545950768998046,0.11429928707273877,-0.10571183577892268,0.013684371559137,1
2023-01-27 00:00:00+00:00,-2.6561478558532228,1.4251438854134393,-0.17825558200355834,0.4325754118861015,0.7011864037495728,-0.25160410484371104,-0.0200778930850676,0
2023-01-30 00:00:00+00:00,-2.4568731652407414,-2.0304333833783486,-0.768483357403997,0.12055331281738366,0.11302746064652058,-0.23199946333980162,0.0090210979217044,1
2023-01-31 00:00:00+00:00,-2.4707761660024286,0.8231761921045384,-1.0590885221480923,0.1412411425046836,-0.12820845637572217,-0.34150784485657104,0.0079005507318603,1
2023-02-01 00:00:00+00:00,-2.5100855382954426,0.7040800628363701,0.20788994457656232,1.1103758822654433,1.106821332546254,0.08445727355501916,0.0370625530502477,1
2023-02-02 00:00:00+00:00,-2.448757885226273,2.7826479311744907,-0.09555218644430082,1.7630241285897268,-0.9053135367315092,0.3646887867082951,0.0244000268154795,1
2023-02-03 00:00:00+00:00,-2.824073828126471,3.0654009125098387,3.047937841727572,2.99366926835872,1.244180486881608,-0.12000095618896554,-0.0179287724574584,0
2023-02-06 00:00:00+00:00,-2.213709847240738,-1.5890803880305684,-0.990704319325082,0.30214956138113064,-0.07437500841711135,-0.14510576440036496,0.0192445760753832,1
2023-02-07 00:00:00+00:00,-2.400833997849792,2.0709038010370966,0.03281807150518954,0.7779894413539818,0.6183552159906942,-0.05251270161967918,-0.0176527832036643,0
2023-02-08 00:00:00+00:00,-2.2155683522156915,-1.83299306934645,-0.5632380818828814,0.07943136152347235,0.35106735966006947,0.07830739765878642,-0.0069116264215161,0
2023-02-09 00:00:00+00:00,-2.2230753569789816,-1.3387618159453207,-0.5535986571553752,-0.05924059832770795,0.6439431636857044,0.49229772697308216,0.0024562418860889,1
2023-02-10 00:00:00+00:00,-2.1621702490578465,0.35634451720063615,-1.186319121595114,-0.12706626141044317,0.08127480052197396,-0.2387686117439732,0.0188066466575347,1
2023-02-13 00:00:00+00:00,-2.2445305557989204,1.7686780141276122,-0.6775853161010642,0.05834659622667664,0.4426454355215271,-0.05615312084051496,-0.0042247655080766,0
2023-02-14 00:00:00+00:00,-2.155429410762922,-0.2064661229166084,-0.7617175401720313,-0.008665117368487702,0.2678998121286526,-0.260747927365974,0.0139031754884801,1
2023-02-15 00:00:00+00:00,-2.1379479979060334,1.2788548752707942,-0.8867378865168656,0.08144016413369694,0.054278753473561044,-0.09185109752170745,-0.0104292324404797,0
2023-02-16 00:00:00+00:00,-2.101144895459761,-0.8265080770305641,-0.590165785356154,0.11021792171181259,0.11852056667392792,-0.23776315814940818,-0.0075466124535752,0
2023-02-17 00:00:00+00:00,-2.027618254081366,-0.6354701248218464,-1.0580103873319413,-0.1459943759138338,-0.02760182343719086,-0.2641667457542301,-0.0266798614849049,0
2023-02-21 00:00:00+00:00,-2.042678204358388,-2.391634037969404,-0.6325785978126656,-0.12140314080654308,0.23077239720110104,-0.39377903744736,0.0028961621934382,1
2023-02-22 00:00:00+00:00,-2.0924713413897114,0.021601484255689533,-0.9153178880985897,-0.2908506931004731,0.3445171366233609,-0.10439516093385,0.0032905075464959,1
2023-02-23 00:00:00+00:00,-2.093272840498129,-0.13107877087198275,-0.8658282400691653,-0.29514436354283247,0.49087245869924157,0.026205338389917288,-0.0180056875253202,0
2023-02-24 00:00:00+00:00,-2.012931529041042,-1.4863451291027365,-1.2570505219450065,-0.26674546853075937,-0.24013563558893383,-0.625964697937374,0.0082478921260693,1
2023-02-27 00:00:00+00:00,-2.0511945637934055,0.4192125504262946,-1.4634043884903651,-0.46122459472011357,0.03619505630936706,-0.1935461745996764,-0.0034477701145521,0
2023-02-28 00:00:00+00:00,-2.042818831583598,-0.32598535930670497,-1.1463273206001456,-0.17640924881149472,0.21339648751627258,-0.4113129082979716,-0.0142461261835215,0
2023-03-01 00:00:00+00:00,-2.023807257923886,-1.5118270058660044,-1.0335821656146318,-0.04382651090318895,0.032965520812777406,-0.34951367540241657,0.0041292070859464,1
2023-03-02 00:00:00+00:00,-2.1000852488393336,0.476971237141802,-0.8791920696182762,-0.014292069665264898,0.4397829106559054,-0.5206579429318995,0.0350902868249531,1
2023-03-03 00:00:00+00:00,-2.1414965773594696,2.8965861005938516,-0.3089754476403485,0.7190412954157859,0.30955845447312846,-0.15942147858775052,0.0185393450515696,1
2023-03-06 00:00:00+00:00,-1.9348822535027532,1.1024663954580494,-0.3470451368281431,1.3548931799015655,-0.6322915830131146,-0.1573389863035669,-0.014496553688873,0
2023-03-07 00:00:00+00:00,-1.821174168776623,-1.6433295364969835,-0.8199130360926234,0.43076392522273405,0.21259069427333852,-0.45070090541902597,0.0083771015253273,1
2023-03-08 00:00:00+00:00,-1.7336116406550632,0.39764263492799645,-1.580698015056242,0.17084896694117774,-0.030428140385739752,-0.4473111811267113,-0.0149146429705769,0
2023-03-09 00:00:00+00:00,-1.7975414063424997,-1.8819780117599234,-0.3466288037476782,0.6354667916321509,0.8140169993690288,-0.24077001635826964,-0.0138785639045504,0
2023-03-10 00:00:00+00:00,-1.8002114714261674,-1.5077686663184569,-0.38354490027267935,0.988242864290239,0.10309699006218173,-0.5100191487230019,0.0132660389257301,1
2023-03-13 00:00:00+00:00,-2.0426196359829096,1.3835314526770615,0.7202067993061364,1.5711288454260286,0.656610114696934,-0.5618930390558756,0.0140889473400522,1
2023-03-14 00:00:00+00:00,-1.9004321305090435,1.0961143834078566,-0.4110233360628818,1.0349304336062874,0.0027030241180686235,-0.39219857199956526,0.0026217068218952,1
2023-03-15 00:00:00+00:00,-1.8961158211193512,0.4501686461957476,-0.28001476644950524,1.0999734417770997,-0.0008061479756511739,-0.6885479260042129,0.0186939021262835,1
2023-03-16 00:00:00+00:00,-2.0009578845310725,1.9650530421267156,0.22833284890549246,1.1290294656747766,0.6081514653810836,-0.5731238120031095,-0.0054540320215052,0
2023-03-17 00:00:00+00:00,-1.8099903734180423,-0.7505355706995589,-0.24399805836189117,1.5283634788407792,-0.9771117971874984,-0.35863137603962825,0.0154838585746754,1
2023-03-20 00:00:00+00:00,-1.9099291272153398,1.4189381707991333,-0.2882611244594781,0.8105562336073512,0.17408487764695124,-0.37594906865707817,0.0119442988224469,1
2023-03-21 00:00:00+00:00,-1.802549302182295,1.0897371886991918,-0.6898615833597258,0.8235519534426464,-0.0921601909221215,-0.29801148425636254,-0.0091036269344294,0
2023-03-22 00:00:00+00:00,-1.8239282344945966,-1.1074889517884612,-0.05244002578246683,0.8886725407719839,0.3512354540783865,-0.03327986396021754,0.0069693710037537,1
2023-03-23 00:00:00+00:00,-1.8315721404636736,0.32201267495465585,-0.42171784929126527,0.5702045775239377,0.3752987602017133,0.0605407009740239,0.0083056157480119,1
2023-03-24 00:00:00+00:00,-1.723600580473612,0.7002803159397032,-1.129191906367497,0.28620308383597853,0.13027280135973168,-0.13458936705563276,-0.0122932389653338,0
2023-03-27 00:00:00+00:00,-1.6914114317671793,-1.3799728457913352,-1.0148852166114395,0.0632857195429362,0.36218007845525046,-0.04243064412478551,-0.0039804269629323,0
2023-03-28 00:00:00+00:00,-1.687694883168072,-0.5221987636215543,-1.2801753406744718,-0.13453575929392567,0.3949979676832777,-0.11720728675463171,0.0197909378326937,1
2023-03-29 00:00:00+00:00,-1.6638118262344388,1.4642055415705484,-1.5848519467160653,-0.026846220197333463,-0.04515218857354981,0.04549208326293936,0.0098896883391499,1
2023-03-30 00:00:00+00:00,-1.583930837071418,0.6743968864744632,-1.7610897011469948,-0.12366061193501794,-0.19476422306159202,-0.09833182320050397,0.0156444368713342,1
2023-03-31 00:00:00+00:00,-1.6341808427311473,1.4281915632630091,-0.8403778018732173,0.6923036073691364,0.17243443187548496,-0.027224568251559934,0.0077016351774461,1
2023-04-03 00:00:00+00:00,-1.4785674383902905,0.763658393555977,-1.4115684105628483,0.37327666609682575,0.0710372318440892,-0.1733407900293306,-0.0032499704632978,0
2023-04-04 00:00:00+00:00,-1.3539875095697975,-0.6074308484836535,-1.7695035161910297,0.10135223749644573,0.13764005026138051,0.08656237624277995,-0.0112902230639931,0
2023-04-05 00:00:00+00:00,-1.420931460637685,-1.1511854585122587,-1.040866527328882,0.3155613940628872,0.5855062853703398,-0.011314838339376463,0.0054960809918873,1
2023-04-06 00:00:00+00:00,-1.4124955529278465,0.6819119124724057,-1.3334989665675228,0.20776604536572466,0.7421680768030539,-0.14530062775070993,-0.0159723355637053,0
2023-04-10 00:00:00+00:00,-1.3048756197162854,-1.1158399781749821,-1.5598237614273864,0.22412803712775234,0.31595650389630575,-0.4571586871027725,-0.007591128038985,0
2023-04-11 00:00:00+00:00,-1.2727503608267254,-1.0309862152773157,-1.6646749518501998,0.2815669303265562,0.14762760477974501,-0.013015218610943657,-0.0043532782721747,0
2023-04-12 00:00:00+00:00,-1.2925765422509001,-0.7182346415464894,-1.4723106241478112,0.46322458507620473,0.2624451380292079,-0.025216616142326596,0.0341036474323999,1
2023-04-13 00:00:00+00:00,-1.516145149385971,2.9914721518725416,-0.30903795181386845,1.043881115224317,0.531674321185769,-0.10200090151559861,-0.0021141526271889,0
2023-04-14 00:00:00+00:00,-1.2773457281005207,-0.1738786913744202,-1.2766930311734743,0.38795070127436365,0.3142377981031545,-0.43139570559595264,0.0001210861256513,1
2023-04-17 00:00:00+00:00,-1.1379723122296603,-0.13144984107268068,-1.8615534363536852,0.17947930232724588,0.06428724565418843,-0.4689952745487399,0.0075047414964657,1
2023-04-18 00:00:00+00:00,-1.1191141088001277,0.42149034684766423,-1.5783909965913,0.570434862647714,-0.04184314685972797,-0.3560174510687979,0.0069684408485055,1
2023-04-19 00:00:00+00:00,-1.1111851177106966,0.7016888704440936,-1.2896048255266805,0.6318306195925906,0.3831669465876002,-0.5799372801109072,-0.0058464530380362,0
2023-04-20 00:00:00+00:00,-1.0302124295972523,-0.4276387868848828,-1.2496853941910693,0.8467967239960265,0.11675981270184674,-0.704232621513915,-0.0097808268101611,0
2023-04-21 00:00:00+00:00,-1.0021547056117852,-0.812468805212962,-1.2000051350816963,1.0367641426394671,-0.2104075750084203,-0.7603860581388237,0.0018787135886473,1
2023-04-24 00:00:00+00:00,-0.9792298939642138,0.033399293191377445,-1.7144917285777976,0.4721069232329536,0.15491555313489264,-0.5927966163933394,-0.0094357019339826,0
2023-04-25 00:00:00+00:00,-0.9948237639413494,-1.1055385472692334,-1.2282904103601362,0.8104816880912565,0.24498686477045858,-0.49990329079064094,-6.145414909719538e-05,0
2023-04-26 00:00:00+00:00,-1.0271441100076653,-0.013060360169517645,-1.348536091683735,0.6979604145612297,0.37247815934951123,-0.644899361969867,0.0283954557119412,1
2023-04-27 00:00:00+00:00,-1.151021596255114,2.4534620757097017,-0.636006972411138,1.3690447108038613,0.07042398656595372,-0.45229680214370915,0.0075412102179683,1
2023-04-28 00:00:00+00:00,-1.001757506954978,0.6114318828280532,-1.3019377469283473,0.8878062633452025,-0.16622318361512697,-0.6110608799154664,-0.0005306244616414,0
2023-05-01 00:00:00+00:00,-0.9255483223785477,-0.12008420097032806,-1.4144822365144398,0.8460051459279633,-0.14737413372230135,-0.6471400295100268,-0.0061911926085717,0
2023-05-02 00:00:00+00:00,-0.9242700511295966,-0.9022167867311062,-1.152722581674074,0.784118451033768,0.26795341254914185,-0.42159788555004046,-0.0064674256683098,0
2023-05-03 00:00:00+00:00,-0.9885404253137349,-1.0133960116845138,-0.43290180101384684,1.4079858761575008,0.1056424237615312,-0.2758593205574593,-0.0099133896930382,0
2023-05-04 00:00:00+00:00,-1.0064687157662937,-0.5935984563629636,-0.38485661279034394,1.8274746157497668,-0.5457553720492413,-0.8387661555444936,0.0469269553194249,1
2023-05-05 00:00:00+00:00,-1.2637440103482442,3.5718346765491233,0.5039793677971426,2.399536186007557,-1.3956066609156188,-0.024470645647036448,-0.0004034782757861,0
2023-05-08 00:00:00+00:00,-1.025770206998376,0.0453306307288324,-1.1800819606981114,0.3621281129775745,-0.32936206512237504,-0.73882775347537,-0.0099710801315248,0
2023-05-09 00:00:00+00:00,-0.9773022122451699,-1.089468779683046,-1.3139534265880772,0.010697087719850066,-0.037141680225620824,-0.5686040176689326,0.0104207085966285,1
2023-05-10 00:00:00+00:00,-1.0081207427938568,0.6671976906511998,-1.1353627884722346,0.2943482690892895,-0.19822832649352193,-0.4014012842562118,0.0010947081600254,1
2023-05-11 00:00:00+00:00,-0.9146165745910225,-0.0977784242050007,-1.1999498920712817,0.355078805755443,0.08774160050361116,-0.3864765131413402,-0.0054173960013123,0
2023-05-12 00:00:00+00:00,-0.9164494831528597,-0.7380099914114222,-1.0383414652609015,0.26618771616596715,0.4039766155465375,-0.34540842850039033,-0.0028972741071134,0
2023-05-15 00:00:00+00:00,-0.8469853579076914,-0.5822299283930259,-1.6748156011705466,-0.10401622783891451,0.15797380076900658,-0.3666806349266306,0.0,0
2023-05-16 00:00:00+00:00,-0.830372464192877,-0.13700818433044826,-1.7008672915268488,0.055768356905029605,-0.07756231908963686,-0.5265244978939256,0.0036030913416729,1
2023-05-17 00:00:00+00:00,-0.9100844325721661,0.306767908632937,-0.9649125273775827,0.6593569314094383,-0.07641488423628079,-0.513837146677963,0.0136659072054832,1
2023-05-18 00:00:00+00:00,-0.9392660296872427,1.2086427109599893,-0.7837991000357728,0.8721153238318047,-0.23145838876645838,-0.44757640539859084,0.0006286426061508,1
2023-05-19 00:00:00+00:00,-0.8008190367059792,-0.3498951169131665,-1.4138653858345387,0.48045090555732106,-0.46896133437418935,-0.26091372921161415,-0.0054807668334744,0
2023-05-22 00:00:00+00:00,-0.7806264117779129,-0.4734504912676318,-1.6692970844902897,0.041187406071417194,-0.12134022796221167,-0.6094377383150676,-0.0151551707492527,0
2023-05-23 00:00:00+00:00,-0.8085882863668908,-1.493764863905675,-1.1861469244126939,0.3076903758859905,-0.0716617748460438,-0.5169425445550487,0.0016322819017551,1
2023-05-24 00:00:00+00:00,-0.8421658235117496,0.11718132735279697,-1.4106016091740015,0.11314576661466391,0.0521770260716008,-0.5253891307948886,0.0066923271510797,1
2023-05-25 00:00:00+00:00,-0.8297872785470487,0.42607935201649977,-1.192210272165158,0.6347863951643333,-0.11116662728888332,-0.3098126110255283,0.0141046666726347,1
2023-05-26 00:00:00+00:00,-0.8627090594316495,1.2382290085229848,-1.0612516329412207,0.6036169311033687,0.09340127360986855,-0.37734288763424184,0.010659537356976,1
2023-05-30 00:00:00+00:00,-0.8111484753978332,0.6408930102745898,-1.128735509634878,0.5917637598340657,-0.10043829263144816,-0.19127584558218083,-0.0002817710137983,0
2023-05-31 00:00:00+00:00,-0.8406609054501891,-0.13698017450777822,-0.16303590725420908,1.8842401822962527,-1.1370816936351724,-0.2826387985791947,0.0160223145861442,1
2023-06-01 00:00:00+00:00,-0.8605905603045636,1.4255507461534047,-0.6174093716680934,0.9058420126613017,-0.10271945646215437,-0.23398520556237923,0.0047753172516538,1
2023-06-02 00:00:00+00:00,-0.7202084166195104,0.16925690119447467,-0.9839060816938596,0.707741912625316,-0.2131846734051618,-0.1320561621995658,-0.0075710064812916,0
2023-06-05 00:00:00+00:00,-0.8013835158423814,-1.2116139341353453,1.3994050108764522,3.2906610181207605,-0.18318295129896592,0.5616803050789815,-0.0020601499985813,0
2023-06-06 00:00:00+00:00,-0.6052743971302322,-0.4350393970436919,-1.1466279626550846,1.1225665008249601,-0.015982001571080286,0.18386740394300552,-0.0077564173854703,0
2023-06-07 00:00:00+00:00,-0.6617552906613522,-0.798083056113248,-0.7873673687614869,1.0829305662729427,0.5185277647308413,0.16357423620251035,0.0154648867202731,1
2023-06-08 00:00:00+00:00,-0.6818204826705344,1.4166441521855737,-1.2286175844889407,0.6551093494298406,0.6691250710742169,0.11282023003822332,0.002159831288909,1
2023-06-09 00:00:00+00:00,-0.5396029161902735,-0.118406516708067,-1.8327645338322887,0.48131481044716584,0.016688658690870554,0.21085786759375055,0.0156390640797019,1
2023-06-12 00:00:00+00:00,-0.6281258466196693,1.395594556809972,-1.2879660317093904,0.6928897803075578,0.36824036560560697,0.1153058753147743,-0.002611706572795,0
2023-06-13 00:00:00+00:00,-0.5221734583325194,-0.22266388656342798,-1.6144052214601892,0.5798186236839299,-0.05965637066606756,-0.002020875657288598,0.0034913939268599,1
2023-06-14 00:00:00+00:00,-0.5472143584196224,0.20112285736083707,-1.3800827441183867,0.6620575441895892,0.07828641085394485,0.19069199632694753,0.0111985300419232,1
2023-06-15 00:00:00+00:00,-0.5664444335926168,1.0126324711342751,-1.107894994574057,0.892025315757895,0.015451523190334956,0.16087208115517257,-0.0058599062311767,0
2023-06-16 00:00:00+00:00,-0.5380234951807061,-0.8526306464223627,-0.4368701941932384,1.8581010698579339,-0.9290508351594962,0.39710811056678674,0.0004867235923349,1
2023-06-20 00:00:00+00:00,-0.476805912481215,-0.0009241684429699299,-1.7172310546869067,0.27401131714955823,0.05231673738372014,0.17479187295796256,-0.0056753725093601,0
2023-06-21 00:00:00+00:00,-0.5034478551036361,-0.7192006834593422,-1.351233973286873,0.32361212540793505,0.39397341831920074,0.34463087654804936,0.0165253565975405,1
2023-06-22 00:00:00+00:00,-0.5545936490838228,1.5908969618749937,-1.2191118845585036,0.46066721125076054,0.635301142133792,0.2799180508885185,-0.0017111671148513,0
2023-06-23 00:00:00+00:00,-0.466095121292211,-0.04485246706399818,-1.389067910604339,0.4269862783777466,0.29541410299223125,0.17055819836643632,-0.0075531403837552,0
2023-06-26 00:00:00+00:00,-0.43808666594869317,-0.9633087131759412,-1.3796672430862376,0.2749289665379207,0.40493882905545414,0.41242681515627844,0.0150592585719935,1
2023-06-27 00:00:00+00:00,-0.46960112469406395,1.2784565001517634,-1.4038927512277724,0.35090412351076455,0.359139562851321,0.3380277741216938,0.006327655664595,1
2023-06-28 00:00:00+00:00,-0.39272586022580896,0.5302249950899082,-1.5072607097424848,0.3491150874212096,0.20485366436519162,0.2603047557365873,0.0017966272896852,1
2023-06-29 00:00:00+00:00,-0.25045450062494123,0.07160254783198244,-1.9496163964990583,0.23456501281967046,-0.07888065206784532,0.12258941100408674,0.0231024668551664,1
2023-06-30 00:00:00+00:00,-0.38495353482090433,1.8700219886407874,-0.5737119741776051,1.468804824058636,-0.4461502651021535,0.3813631895896929,-0.0077846997640886,0
2023-07-03 00:00:00+00:00,-0.18234983457539053,-0.9258682315218175,-1.840859773793563,-0.2489560529950912,0.5150288134882075,0.162482718374547,-0.0058714382730552,0
2023-07-05 00:00:00+00:00,-0.11846726359297219,-0.5785369568394588,-1.4303349321451782,0.4341825432607867,0.20780518329508846,-0.08629884404758285,0.0025087839002699,1
2023-07-06 00:00:00+00:00,-0.12742888577549769,0.4028913986528319,-1.3262818890325545,0.45590250814997546,0.45276981496920116,-0.22110749582953304,-0.0058912548423675,0
2023-07-07 00:00:00+00:00,-0.051557439914760965,-0.670770913130292,-1.41117566621515,0.5285045785181887,0.20730060672802608,-0.06396216390606195,-0.0108557472145132,0
2023-07-10 00:00:00+00:00,-0.09900663155694159,-0.979898493452468,-0.929077056623626,0.988158536722089,0.03604310676222984,-0.15610737519786327,-0.0028101663881895,0
2023-07-11 00:00:00+00:00,-0.10033357683192543,-0.534054621617667,-1.3359987838093996,0.5155467605485444,0.2847128919915706,0.06614731641852249,0.0089856637116261,1
2023-07-12 00:00:00+00:00,-0.15162292853452702,0.4915662110152175,-0.9347056244952439,1.0531108179676676,0.07683002290609084,0.20190179068183528,0.0040574474696792,1
2023-07-13 00:00:00+00:00,-0.03393265721003059,0.13751639052505898,-1.9025954783496735,0.29924455240778497,0.05037735848563285,0.00536671192223815,0.0007871438641342,1
2023-07-14 00:00:00+00:00,-0.014489430299093846,-0.0007896206267405823,-1.8257551500424922,0.35395432309476765,0.1079830416003146,-0.1443871419930758,0.0173055748972157,1
2023-07-17 00:00:00+00:00,-0.06005487515680587,1.418927486941375,-1.3468347617951302,0.7292486504751251,0.11633861373771928,-0.03588165992470023,-0.0013402511120795,0
2023-07-18 00:00:00+00:00,0.08887291563119125,-0.14706048768669058,-1.5015410234662971,0.755911420678747,-0.038216610472441744,-0.3087464074908212,0.0070717207270234,1
2023-07-19 00:00:00+00:00,-0.10919698576407356,0.7463019649080522,0.33701485459825875,2.0766099260397892,0.18440189038406124,-0.13579372911787949,-0.0100972065181113,0
2023-07-20 00:00:00+00:00,0.021683595730287736,-1.1627977390107114,-0.5943745933239795,1.1469375234623682,0.22640272949668552,-0.008377085543521654,-0.0061618641182509,0
2023-07-21 00:00:00+00:00,0.010728924511760865,-0.9256205638556584,-0.4434308712989451,1.5447208717092638,-0.1803873043986701,0.14758599817944784,0.0042202191638467,1
2023-07-24 00:00:00+00:00,0.05514992923014301,0.024685608520274214,-1.396895698358776,0.5528319467779579,0.262952303372951,0.12163592742277932,0.0045134902163124,1
2023-07-25 00:00:00+00:00,0.1256774127181697,0.21601227279476348,-1.9306557892799756,0.23388399865524453,0.18162099396529505,-0.05736627400444037,0.0045451182588949,1
2023-07-26 00:00:00+00:00,0.10628744435407915,0.3272906096475147,-1.4781080369546766,0.7016986889623803,0.1686147458881476,-0.0705937743109337,-0.0065810531022576,0
2023-07-27 00:00:00+00:00,0.05583682548400439,-1.095609970138518,-0.7557265497353148,0.8430018071728033,0.7964123572904346,0.3014290588674607,0.013507855551591,1
2023-07-28 00:00:00+00:00,0.09764106798660833,0.9892974847714538,-1.4020419909858843,0.6943680716626537,0.14403224272369933,0.04249910856908959,0.0031660879925259,1
2023-07-31 00:00:00+00:00,0.2741177711895471,0.14631544254822063,-2.0533979591043527,0.4995482405748715,0.08766479143351909,-0.10596589349956136,-0.0042758681469894,0
2023-08-01 00:00:00+00:00,0.2963897942604721,-0.5458849665138216,-2.065040196420903,0.3759968634547123,0.26579259530834154,-0.08594580758691886,-0.0154900866248152,0
2023-08-02 00:00:00+00:00,0.20728593221218408,-1.6275283074990246,-1.04579153719503,1.0006213039462308,0.33246847390383893,-0.039611274509627904,-0.0073217383360878,0
2023-08-03 00:00:00+00:00,0.20798792689154436,-0.6812260182842748,-1.3012412261101494,1.246992598027415,-0.45408734173314635,-0.23369848779320088,-0.0480198842300764,0
2023-08-04 00:00:00+00:00,-0.16755553791550679,-4.0072105773718,1.6131794016002379,2.749727877007227,-0.8861493314848244,-0.772608371170262,-0.0172537676563419,0
2023-08-07 00:00:00+00:00,-0.349865464588341,-1.8981089918677847,1.1574027208319921,1.9842951776145428,-0.2644770135029648,-0.05403075553278931,0.0053115808810795,1
2023-08-08 00:00:00+00:00,-0.33970723221218213,0.26762115774864015,-0.5692050911966535,0.7185262515532695,-0.4188797777032362,-0.19863652004635185,-0.0089541764452155,0
2023-08-09 00:00:00+00:00,-0.40431937064018547,-1.2612165559113588,-0.318133649361412,0.5834469479293416,0.15730275410470818,-0.007511027747325362,-0.0012347818439095,0
2023-08-10 00:00:00+00:00,-0.4508521475864329,-0.5171423791625357,-0.7316181957372441,0.3312080942901925,0.08824328798800053,-0.031729074043432906,0.0003375309925499,1
2023-08-11 00:00:00+00:00,-0.45866216810848565,-0.013098676757975046,-1.1288154226373062,0.15631965625214164,-0.12340026149924245,-0.33927025771632,0.009393051956406,1
2023-08-14 00:00:00+00:00,-0.4833525480565144,0.7893280573162054,-1.2656841262861942,-0.030517775474821724,0.22945143119635272,-0.2522550775031696,-0.0112001396742765,0
2023-08-15 00:00:00+00:00,-0.45370618079445596,-1.1850155849250754,-1.198035849418998,-0.02574697505143087,0.20385432383135038,-0.26778537951866827,-0.0049589630555508,0
2023-08-16 00:00:00+00:00,-0.4417938779157037,-0.585971655449525,-1.2871389030148714,0.16589471626715666,0.001824276293795692,-0.34261380585369744,-0.014555226979332,0
2023-08-17 00:00:00+00:00,-0.5570397767714665,-1.746739585619252,-0.19952020281220853,0.9243839004494815,0.10892023999618013,-0.06415555425254191,0.002815993327581,1
2023-08-18 00:00:00+00:00,-0.6050285858203996,0.5196282133332317,-0.5865710808507153,0.7366689278591348,0.08408907134673084,-0.5909982963393499,0.007737103682383,1
2023-08-21 00:00:00+00:00,-0.5814583243102052,0.5348533891651874,-1.208900456311713,0.1668335299965393,0.14373603246992123,-0.30694292043999727,0.0079045240790491,1
2023-08-22 00:00:00+00:00,-0.5449972024332523,0.41988034816814723,-1.6323661067825697,-0.068118887455996,-0.1038250679719042,-0.26681757645129967,0.0219493180857919,1
2023-08-23 00:00:00+00:00,-0.6832339609534658,1.8568346143761556,-0.7725010969833895,0.3077483582843653,0.19297167516699218,-0.30868118776520687,-0.0261706372992526,0
2023-08-24 00:00:00+00:00,-0.6834041127757546,-2.7606252930936357,0.08626180603731635,0.4120224441248447,0.6497155788746587,-0.24235060101281045,0.0126430657045026,1
2023-08-25 00:00:00+00:00,-0.7037941427905645,0.9618714953234331,-0.679171695777935,0.17876929176828918,0.22218717590961248,-0.3292166226865764,0.0088462549855266,1
2023-08-28 00:00:00+00:00,-0.626512998318729,0.47435040546120644,-1.2610932930227603,-0.19757013220723865,-0.05831102402217043,-0.3093081134949015,0.021810180246955,1
2023-08-29 00:00:00+00:00,-0.8451562171966527,2.210840913847579,0.08758315083292911,0.20146359570597783,0.8748405794863178,-0.5306152425569449,0.0191722020792803,1
2023-08-30 00:00:00+00:00,-0.7069662893897644,1.6916718901192807,-0.49383339178931285,0.22134672639239042,-0.18582221638525673,-0.4645846648661424,0.0011723527491982,1
2023-08-31 00:00:00+00:00,-0.5510484672284323,-0.028586079185813133,-0.9162639640435128,0.1130231185554997,-0.7082687951180245,-0.5268836709403762,0.0084634067737383,1
2023-09-01 00:00:00+00:00,-0.3451867417381472,0.4261977931308485,-1.5351725981125637,0.1411582361082021,-0.17462810926985967,-0.1678340412074032,0.0012666971300876,1
2023-09-05 00:00:00+00:00,-0.2669855760572453,0.22250725873468002,-1.2937349080630975,0.3647810526154432,0.163624915216029,-0.517232442705473,-0.0357933410270566,0
2023-09-06 00:00:00+00:00,-0.49463516401376867,-3.5785289661396984,1.4248552989847802,1.7143686119552604,0.5257387404875633,-0.26640619008052796,-0.0292492955870882,0
2023-09-07 00:00:00+00:00,-0.6000282829170744,-1.5522567016406312,1.3862836519681874,2.306438597175856,-0.866384916571332,-1.4567929262237775,0.0034917688234776,1
2023-09-08 00:00:00+00:00,-0.5502103193059781,0.08824926939712059,-0.5725828022668362,0.5323388678735546,-0.5393980670481384,-0.4362135159847493,0.0066224722964971,1
2023-09-11 00:00:00+00:00,-0.6050819643371264,0.1805082110484862,-0.578243735368354,0.32635029871653687,-0.22043909878762316,-0.25094870937393227,-0.0170607441472977,0
2023-09-12 00:00:00+00:00,-0.7728528741172787,-1.8913939273409244,0.9198781983207418,1.3552527993440593,-0.21710991939667765,-0.2182018102739611,-0.0118547569030085,0
2023-09-13 00:00:00+00:00,-0.7743544231819621,-1.3733947831202544,0.09216443996595075,0.9032492469479787,-0.6638320934952678,-0.272935589435243,0.0087825919445487,1
2023-09-14 00:00:00+00:00,-0.8201914531149931,0.8240743758745459,-0.6670677523319134,0.09145058667206697,-0.2571428272030217,-0.4565352551048825,-0.0041541401965555,0
2023-09-15 00:00:00+00:00,-0.8551852095186357,-0.6664010872202262,0.25560850961546255,1.4505759277611743,-1.418678783041571,-0.17914763412805698,0.0169134221784548,1
2023-09-18 00:00:00+00:00,-0.9271214696837433,1.3111266600973315,-0.3835550995327177,0.2005533526803171,-0.20612919222665976,-0.12441944049092994,0.0061811140899612,1
2023-09-19 00:00:00+00:00,-0.8625013598070346,0.5943070367550596,-0.8615605532490149,-0.3163455129972021,-0.042779573826533794,-0.3678916957343295,-0.0199921806226086,0
2023-09-20 00:00:00+00:00,-0.9041935119431205,-2.2418777747496605,-0.05465883629421254,-0.08711880870459329,0.2880057670628808,-0.03531975275779229,-0.0088895829270375,0
2023-09-21 00:00:00+00:00,-0.8788222197107151,-0.8542738349898341,-0.6448501198675798,-0.03136752499749026,-0.3258222312012892,-0.3116753411789374,0.0049446208686829,1
2023-09-22 00:00:00+00:00,-0.9187087545317587,0.21768281358122135,-0.6873364375316822,-0.09136953178842606,0.055603548483450414,-0.017807853946644445,0.0073801724004449,1
2023-09-25 00:00:00+00:00,-0.9176378273193503,0.7369571205063105,-0.9501971337547557,-0.37846297769792825,0.29747043425466857,-0.23644811886263697,-0.0233983544282785,0
2023-09-26 00:00:00+00:00,-0.9445894771122529,-2.304146901226148,-0.257225410227597,0.10054417077175742,0.029612091549704983,-0.1505053988020503,-0.0088976860979803,0
2023-09-27 00:00:00+00:00,-1.0236551008038224,-1.1946854529834376,-0.18481635895811047,0.2606197271383657,0.17831738302054123,0.17759215073118223,0.0015258277309184,1
2023-09-28 00:00:00+00:00,-1.087986662349849,0.23935933195788264,-0.28297861788269957,0.0948443668385807,0.7293364789293353,-0.0644449034803004,0.0030465532361281,1
2023-09-29 00:00:00+00:00,-1.0040121714977701,-0.11695288251466653,-0.9968083695355628,-0.13852901637627085,0.13177371038818608,0.17972987215527697,0.0148354826728023,1
2023-10-02 00:00:00+00:00,-1.1013667016872177,1.3741230778437759,-0.7561615801356937,-0.12134531525365276,0.42159671411581323,-0.07041404309642324,-0.0077697879122846,0
2023-10-03 00:00:00+00:00,-1.033804136672503,-0.6456487415832497,-0.9321338185668527,-0.24134607836102737,0.27079580529930203,-0.19582188846071016,0.0073086360747043,1
2023-10-04 00:00:00+00:00,-1.0265182237798567,0.8775710780491783,-0.8817956300119061,0.10476083960554929,0.46805056271788387,-0.1575793767303208,0.0071979003140765,1
2023-10-05 00:00:00+00:00,-0.8796370234550712,0.5559762539160763,-1.2573454325935678,0.1976609316201854,0.3992447268794504,0.03203355258710708,0.0147505723729246,1
2023-10-06 00:00:00+00:00,-0.9857077205726998,1.6000721531950817,-0.3686779502878534,0.5799436660589425,0.9205115476353994,-0.1387476454743502,0.0084511641872506,1
2023-10-09 00:00:00+00:00,-0.8424015052845593,0.8503446721655097,-1.1719076952529734,0.03556778236363704,0.6953197478482879,-0.14277098321567602,-0.003352412708962,0
2023-10-10 00:00:00+00:00,-0.6605446623570366,-0.32171857964298695,-1.6512071298367128,0.1184765776760785,0.14543363340601084,-0.23403430927900676,0.0079042361157226,1
2023-10-11 00:00:00+00:00,-0.6430635890921695,0.7024632905354767,-1.4541981969683873,0.3802299239155254,0.2156289415591368,-0.21451361152541845,0.0050612718988409,1
2023-10-12 00:00:00+00:00,-0.6502640144071381,0.32372974402543453,-0.9247743487952423,0.7657157870735992,0.2849204286875613,-0.0756218885953538,-0.0102927075905702,0
2023-10-13 00:00:00+00:00,-0.5649001108503473,-1.351002946588066,-0.8065281602806231,0.7421598031637996,0.4837223910845373,-0.02254699237922863,-0.0007269534485194,0
2023-10-16 00:00:00+00:00,-0.5327530516313461,0.21083888366573547,-1.187598885623909,0.7992571601966926,0.21468409063465316,-0.550929841273146,-0.0087848224712159,0
2023-10-17 00:00:00+00:00,-0.5760332869369388,-0.629368031663695,-0.7046929777367108,1.0268654918626132,0.4037729378015492,-0.4396131398303397,-0.007394645464446,0
2023-10-18 00:00:00+00:00,-0.515020517573349,-0.5875743707497639,-1.2215476494578696,0.9395230963201777,0.1239766516082382,-0.38404171997676906,-0.0021612002246951,0
2023-10-19 00:00:00+00:00,-0.5353668335115477,-0.40508306785163833,-1.1137917373207382,1.1444099666740546,0.012720732019637832,-0.13683677954000578,-0.0147041584247777,0
2023-10-20 00:00:00+00:00,-0.5577640393738293,-1.6273330597667783,-0.896019925675583,1.2657328100486105,-0.11958249503430786,-0.14688138535290404,0.0006940001459923,1
2023-10-23 00:00:00+00:00,-0.7052715857690243,0.338471541307081,-0.6464558601680411,1.071784547063827,0.7292332306280375,-0.3989607337450727,0.0025432600034147,1
2023-10-24 00:00:00+00:00,-0.5563205076359933,0.08990696068176109,-1.7020359792604751,0.6965143249363758,0.4088588265787053,-0.1226881694640717,-0.0134916289786426,0
2023-10-25 00:00:00+00:00,-0.5602741581062372,-1.219845403391683,-1.2498483439899735,1.1883744138321355,0.08388121559732946,-0.33432027067141085,-0.024605432621089,0
2023-10-26 00:00:00+00:00,-0.7869026637931245,-2.539726846875146,0.34331168250291894,1.7359992246701388,0.7733724099534386,-0.054958288881829756,0.0079693465571357,1
2023-10-27 00:00:00+00:00,-0.7312345713617804,0.6725257050763952,-1.2645458806130048,1.024521401471908,-0.08406002628935923,-0.332856994778197,0.0123053880132006,1
2023-10-30 00:00:00+00:00,-0.7447110545248028,0.9408638203962717,-1.4141740340945288,0.7963453272153552,0.16995328010461727,-0.20517193650606247,0.0028184941530891,1
2023-10-31 00:00:00+00:00,-0.7609187604253159,0.32977925694789834,-1.2742667964001073,0.6469610346240935,0.6381419394781543,-0.38082771480401867,0.0187387805764667,1
2023-11-01 00:00:00+00:00,-0.8575314140829933,1.7293762921924711,-0.635028683573564,1.0754867325187982,0.6341062321373716,-0.2789147796733627,0.0206932931477856,1
2023-11-02 00:00:00+00:00,-0.7796639545333853,1.6816230905873697,-0.7909879079922622,1.4807343182975676,-0.6474812441179064,-0.21635791391445167,-0.0051812699846558,0
2023-11-03 00:00:00+00:00,-0.783255632883438,0.02855868696688377,-0.26509678062637215,1.5999111957366143,-0.1703473279493119,-0.6704449814874082,0.0146052818998527,1
2023-11-06 00:00:00+00:00,-0.7867778759425855,1.4223626030761523,-0.7679017554435759,0.9462041397930738,0.11318365663758834,-0.28558846536004534,0.014450779518401,1
2023-11-07 00:00:00+00:00,-0.7850314511981386,1.3679527669976865,-0.5436832160789675,1.056835109268645,-0.0093463900513827,-0.21125696867670368,0.005884877149245,1
2023-11-08 00:00:00+00:00,-0.6315860692385685,0.35547846225431373,-1.4958993080042973,0.24887981126998263,-0.05095083904670114,-0.13032216329116536,-0.0026244865943758,0
2023-11-09 00:00:00+00:00,-0.60473830673684,-0.42637023777879945,-1.2323212235416194,0.4228635364694674,-0.03417792186233849,-0.1289361468947107,0.0232201304038739,1
2023-11-10 00:00:00+00:00,-0.6836955085215627,1.8979881245287127,-0.7752534370651655,0.7617172867376448,-0.13622090469798784,-0.004596815863136002,-0.0085838047841482,0
2023-11-13 00:00:00+00:00,-0.5113656601832504,-0.9201692846434959,-1.5013231853361617,-0.05018414351553458,0.013366924288360955,-0.24492171402071328,0.0142857047341879,1
2023-11-14 00:00:00+00:00,-0.5246643095459745,0.7772988082805645,-1.2591659601232046,0.46073488285195474,-0.48227108327379364,0.11781996954694131,0.0030409252257042,1
2023-11-15 00:00:00+00:00,-0.4625477001809519,0.10209358029212036,-1.3659102955038642,0.2667887482019726,-0.2858823247701875,-0.1538285620950483,0.0090421320471663,1
2023-11-16 00:00:00+00:00,-0.44913150380561573,0.5003082035981504,-1.1902128686956113,0.32788849985753526,-0.14645743446145554,0.007475306950896899,-0.0001052667229176,0
2023-11-17 00:00:00+00:00,-0.34643438914530156,-0.24753290257073018,-1.4282380609815548,0.2692684939104774,-0.18334344548386167,-0.07693608987771901,0.0092781256414475,1
2023-11-20 00:00:00+00:00,-0.33320729805810745,0.7809713545264217,-1.4512318257843677,0.1556279136449797,0.04118900186820429,-0.1696425640466865,-0.0042307266292951,0
2023-11-21 00:00:00+00:00,-0.2516791124226518,-0.5725224945857533,-1.6569428653809177,-0.14940218777018005,0.13317066413990863,-0.1502938588337183,0.0035143762202975,1
2023-11-22 00:00:00+00:00,-0.21922426893857147,0.05868526942225541,-1.6011557304530404,0.019610136812846346,0.2196700718976965,-0.024564775134115417,-0.0070042987309185,0
2023-11-24 00:00:00+00:00,-0.06399215747807573,-0.8025200006527239,-2.175471191908578,-0.28447040152703007,0.6149685068178219,-0.09340143685991231,-0.0009477298183835,0
2023-11-27 00:00:00+00:00,-0.06499382645198014,-0.23116598527554005,-1.769964400758763,0.32848424074019344,0.17830219260182384,-0.12992521808035004,0.003214368313436,1
2023-11-28 00:00:00+00:00,-0.04374261752302303,0.18934780918598712,-1.854423759444886,0.2818201446561587,0.22415063967481189,-0.16563178491129454,-0.0054098225947113,0
2023-11-29 00:00:00+00:00,-0.0763031429567984,-0.7946511665160176,-1.267639882438949,0.5140490114406576,0.48297002295290875,0.002456843950704887,0.0030627017054791,1
2023-11-30 00:00:00+00:00,-0.034059103591383096,0.09254599268969022,-1.4900180438993893,0.7246357275409311,0.04774962142455045,-0.0876953091745731,0.006791329955502,1
2023-12-01 00:00:00+00:00,0.013429487134804623,0.4902141368831625,-1.5448005175113448,0.771701326202469,0.23257695487489782,-0.10902359395696098,-0.0094646759939671,0
2023-12-04 00:00:00+00:00,0.07226001918693335,-0.8788535016921128,-1.4193662862818082,0.7705686513669401,0.3591012165552951,-0.3216715008853974,0.0210631871153519,1
2023-12-05 00:00:00+00:00,-0.06917762793980263,1.9034934121014881,-0.40506024646861843,1.7219981469578456,0.13041021840650946,-0.17857455873515246,-0.0056868433635496,0
2023-12-06 00:00:00+00:00,0.1431550508746704,-0.9143251635001731,-1.4620013138317651,0.7034519332368185,0.3213430705914119,-0.09567425265293372,0.0101393550985962,1
2023-12-07 00:00:00+00:00,0.1737858578092842,0.6736034813934721,-1.6977805201334335,0.8729497380187482,-0.2406165122649304,-0.22609866996960878,0.007412430743986,1
2023-12-08 00:00:00+00:00,0.1630527796375166,0.6592586061650515,-1.2445192249978319,1.1679465484778624,-0.11447812239478083,-0.35249809460445264,-0.0129275260847789,0
2023-12-11 00:00:00+00:00,0.23805666558159091,-0.9658661164573551,-1.07710503492073,1.5092044832304548,-0.3995646932372908,-0.5811146903904053,0.0079202069372321,1
2023-12-12 00:00:00+00:00,0.17385307508781275,0.7134719906290439,-1.1008224359118814,1.2289438429143358,0.16378735171851821,-0.25316962231473406,0.0166912856202097,1
2023-12-13 00:00:00+00:00,0.15754223116393043,1.546757066400556,-0.6354540464281606,1.88021715211955,-0.36068392562766766,-0.24117185882347397,0.0007577293149341,1
2023-12-14 00:00:00+00:00,0.20734683469751636,-0.03773224139293793,-0.6112029265239637,1.697065797972028,-0.18672094876921314,-0.14350102389321823,-0.0027257445532277,0
2023-12-15 00:00:00+00:00,0.21003393913770585,-0.21422389778584713,0.12865866685244878,3.545111026253974,-2.527869277191607,-0.24477389184658108,-0.008503289284678,0
2023-12-18 00:00:00+00:00,0.22416047811322065,-0.7270997387644,-1.2323314284964766,0.9232089418284226,-0.11856335300785642,-0.20354571857174472,0.0053603119776313,1
2023-12-19 00:00:00+00:00,0.27443600580621114,0.3708970451827282,-1.98568127144565,0.33142123673545454,-0.05145040418671403,-0.0866250832206116,-0.010713969497623,0
2023-12-20 00:00:00+00:00,0.20982734332702305,-1.2243636548480887,-1.1307571736757305,0.7912502155762404,0.1113240108841392,0.04294298545402708,-0.0007698230627763,0
2023-12-21 00:00:00+00:00,0.14832826822617867,-0.4457201121046475,-1.078205013680232,0.619035369463423,0.5017743467626403,0.22605048434558425,-0.005547694400167,0
2023-12-22 00:00:00+00:00,0.18638500845170458,-0.8060667838148513,-1.6200654659031035,0.19476801953896858,0.439727287603018,0.12597118203059335,-0.0028408574171985,0
2023-12-26 00:00:00+00:00,0.23796851018612825,-0.44148169815358784,-2.2200722709912126,-0.15790854113128389,0.27308122896494075,-0.0473410933479588,0.0005179474304957,1
2023-12-27 00:00:00+00:00,0.1374143112659035,0.0288460260658966,-1.3794414599058717,0.589953445734628,0.1845501435590038,-0.07774084239946093,0.0022261649223576,1
2023-12-28 00:00:00+00:00,0.20096919247014258,-0.0976536628377165,-2.0093059323586937,0.06351528968428406,0.24868557632790864,0.08417104146574378,-0.0054239578376675,0
2023-12-29 00:00:00+00:00,0.15996235328614805,-0.7556788307103806,-1.4213902264863738,0.45112597946808675,0.3620414916196123,0.06628711655652278,-0.0357866845504495,0
2024-01-02 00:00:00+00:00,-0.053176384923835134,-2.8084276283545653,0.41328306105792406,1.6121077304471017,-0.14068696414801404,-0.657791710739918,-0.0074876253841135,0
2024-01-03 00:00:00+00:00,-0.06478867894334597,-0.6144587258727894,-0.9041424264067356,0.622302783803522,-0.16199991127655503,-0.33698826662103004,-0.0127000418372266,0
2024-01-04 00:00:00+00:00,-0.09266357599481068,-1.010227196974365,-0.7479381942471883,1.1460999469068809,-0.5430621401123702,-0.3698358807865572,-0.0040130544407945,0
2024-01-05 00:00:00+00:00,-0.18748820231724123,-0.552407946168802,-0.9019248566198471,0.800429830861152,-0.17874654319898234,-0.03628362888451178,0.0241749173862471,1
2024-01-08 00:00:00+00:00,-0.3837084923256398,2.1742716803551416,-0.4851344880736586,0.6690906570212936,0.409830822904848,-0.05289962337743725,-0.0022635363971159,0
2024-01-09 00:00:00+00:00,-0.23733513510976678,-0.051078611945756476,-1.2927445825525294,0.05929691509030892,0.306730823724172,-0.36036453119384476,0.005671470488791,1
2024-01-10 00:00:00+00:00,-0.24091797257050065,0.6059479582146126,-1.225474683997784,0.23723305287234622,0.21180292983305352,-0.30325160583309446,-0.0032225162038281,0
2024-01-11 00:00:00+00:00,-0.23980810146876563,-0.5356092637077436,-0.8917263197862341,0.4004851110306929,0.38772194251276243,-0.028533489028015287,0.0017780806249629,1
2024-01-12 00:00:00+00:00,-0.11705860622544988,-0.04834486573473161,-1.7391670307832139,0.1208018309634905,0.055783785960688725,-0.1333066954927237,-0.0123172262062813,0
2024-01-16 00:00:00+00:00,-0.22485772410802912,-0.6557987398382774,-0.5110078454118587,1.1106273498548151,0.048027387360934475,-0.6127755822283257,-0.0051732535716833,0
2024-01-17 00:00:00+00:00,-0.13986898207390885,-0.19915586034073504,-1.1393426051601172,0.6463388346179776,0.2659179217703559,-0.635758965858229,0.0325704883260922,1
2024-01-18 00:00:00+00:00,-0.31120873007353905,2.566522725287707,-0.22233349213754738,1.5314210420595218,-0.6525869317572854,-0.14412519864918708,0.0155332482829788,1
2024-01-19 00:00:00+00:00,-0.27392904286338854,1.3606798140604033,-0.41792177586405477,1.0414610255486951,-0.401724689830157,-0.41988755910262165,0.0121630748761554,1
2024-01-22 00:00:00+00:00,-0.22545859793698686,1.0015957602139367,-0.6276112766715395,0.6779611375179664,-0.19554087663924055,-0.37504069221606096,0.0066534042010164,1
2024-01-23 00:00:00+00:00,-0.10006047817241222,0.3504690636281564,-1.3606011850726898,-0.03603144338301273,-0.09285847111449574,-0.3363541976899744,-0.0034840652423638,0
2024-01-24 00:00:00+00:00,-0.06635258031852968,-0.5167114858365491,-1.041852892871112,0.31952611097305966,-0.37688277294913586,-0.36690672684681236,-0.0016967066405574,0
2024-01-25 00:00:00+00:00,-0.1204986834668588,-0.42293557674585475,-0.6911492177475952,0.3592038051661002,-0.0560658017915853,-0.19476929191433706,-0.009012672992597,0
2024-01-26 00:00:00+00:00,-0.0830104590250896,-1.073950004712558,-0.9749586686147976,-0.017159603474281814,0.11668339086827728,-0.2614469919499643,-0.0035859719435978,0
2024-01-29 00:00:00+00:00,-0.11649939147747163,-0.4150196083082871,-0.9829738645518797,0.03085368384987941,0.03272041136472942,-0.35130196300189015,-0.0192457292330493,0
2024-01-30 00:00:00+00:00,-0.2102252550172199,-1.9634924012134245,-0.18477293955628213,0.3585383693959632,0.29580877677748585,-0.2540230589630035,-0.0193577685736384,0
2024-01-31 00:00:00+00:00,-0.12633138574051064,-1.9342214377731108,-0.7912305733483592,0.4739747624018134,-0.10669952583840661,-0.30975708626623794,0.0133408413256514,1
2024-02-01 00:00:00+00:00,-0.2725240467754006,1.3449312205100858,-0.5285714566448443,0.7996333225612376,-0.15375644581261694,-0.40962032997024767,-0.0054051074024777,0
2024-02-02 00:00:00+00:00,-0.5510941441577389,0.7523991834653554,1.9416697974488613,2.3286057472868813,0.682809208588343,-0.9626907901576683,0.0098466213746126,1
2024-02-05 00:00:00+00:00,-0.31196190205035634,0.4578446617816459,-0.42972753154813526,0.8815311081181462,-0.2737233647804534,0.09251073092675346,0.0086316680147691,1
2024-02-06 00:00:00+00:00,-0.23451475000903788,0.9138960274746165,-1.2628551836444686,0.07902405947269693,0.29998479439061115,-0.32639720116269566,0.0005811592147799,1
2024-02-07 00:00:00+00:00,-0.18810550473845175,-0.32003936178945286,-1.1110259362613333,0.3678543884862098,-0.11521794647898193,0.03205572473363848,-0.0057546437397445,0
2024-02-08 00:00:00+00:00,-0.15563893009735247,-0.7279364749942344,-1.4099378102137536,-0.052225016502016774,0.16974441183872557,-0.1355609126627157,0.0040937947794681,1
2024-02-09 00:00:00+00:00,-0.16000198650870276,0.18065847561886558,-1.4079467104214727,0.08448262151163846,0.0036304454669639882,-0.12752401320743387,-0.009001794004151,0
2024-02-12 00:00:00+00:00,-0.13348217822627925,-0.9836984193963447,-1.4601356776845775,-0.056262229239692506,0.04479257288501113,-0.21085549756500788,-0.0112744013230257,0
2024-02-13 00:00:00+00:00,-0.18811322976551811,-1.0230095275815951,-0.8652290833392348,0.5261703466415335,-0.0532509927253872,-0.32252501552970103,-0.0048097679185695,0
2024-02-14 00:00:00+00:00,-0.2395311104366377,-0.677997844877709,-0.8219536963915984,0.47532008594209113,0.09837025388401568,-0.08635579819946587,-0.0015748464166652,0
2024-02-15 00:00:00+00:00,-0.2182974468436738,-0.16748598793665861,-0.7382399904559167,1.0945730349000822,-0.021901844891275935,-0.09237248209863168,-0.0084302990409166,0
2024-02-16 00:00:00+00:00,-0.18782918892193756,-0.9265185420203449,-1.0939569704234837,0.6793796280588368,0.42447480111934377,-0.003219288193574898,-0.0041137925044721,0
2024-02-20 00:00:00+00:00,-0.1798081918863433,-0.45972754502613244,-1.304687319880568,0.8442963259751263,0.11906725550810625,-0.05981149553257042,0.004185839053898,1
2024-02-21 00:00:00+00:00,-0.19579492034873375,0.20499529824262744,-1.6827717468871053,0.4240525866894846,0.3995275566940337,0.03323260091303765,0.0112439696915369,1
2024-02-22 00:00:00+00:00,-0.24097667278753127,0.7889209672741493,-1.34681146031195,0.772741407680224,0.13903375264332316,0.06265742181324681,-0.0100340771929452,0
2024-02-23 00:00:00+00:00,-0.20024967187256615,-1.307741040537264,-1.345558302718327,0.5529277556838615,0.380555525399291,0.09660274494877391,-0.0074513405127983,0
2024-02-26 00:00:00+00:00,-0.19543114893947364,-0.8648129353260223,-1.6568415282019728,0.3775354473392039,0.32430134759313506,-0.0910114868626026,0.0081144593449835,1
2024-02-27 00:00:00+00:00,-0.36566757348380624,0.7078623433246349,-0.6425257622805675,0.9614740954741122,0.7224038803939727,-0.04264198222607125,-0.0066255526819066,0
2024-02-28 00:00:00+00:00,-0.24545547889067723,-0.806437489125164,-1.2341701588016356,0.7653152724445749,0.4068016075862649,0.0012019790150780813,-0.0036929522038423,0
2024-02-29 00:00:00+00:00,-0.3744002851811258,-0.41860286846464667,0.48558616062243937,3.5249995559257914,-1.8034453267825494,0.11164317606072902,-0.0060306089288445,0
2024-03-01 00:00:00+00:00,-0.3616031273538399,-0.5151350150842645,-0.810302941929879,1.514090694552199,-0.00552604127299789,0.11535629728401645,-0.0253810737015229,0
2024-03-04 00:00:00+00:00,-0.38968572611848956,-2.048704190563785,-0.43286574373161907,1.698560177077084,-0.28570887602027023,-0.30882476044882157,-0.0284409171110018,0
2024-03-05 00:00:00+00:00,-0.48892318462281986,-2.1631817521914405,-0.2958932619063918,1.924078693000266,-0.851916680192329,-0.540262831916947,-0.0058783617694584,0
2024-03-06 00:00:00+00:00,-0.5852202605080281,-0.9426496717787293,-0.977853554640921,1.0647987704635857,-0.18311672258058137,0.2561249071781138,-0.0007094176700637,0
2024-03-07 00:00:00+00:00,-0.6685400920026343,-0.2167971697913668,-1.0443366437532076,1.1106915543179028,-0.297191269763137,0.09022146809369126,0.0102368132437835,1
2024-03-08 00:00:00+00:00,-0.9086613106799759,0.9139072624370903,-0.08900039309183129,1.2901890330194243,0.5206517039196308,0.19001001181165622,0.0118314465636095,1
2024-03-11 00:00:00+00:00,-0.8089352698706397,0.6024995488025957,-1.2661715123136417,0.5446042526451714,-0.05812114466671094,0.3825475565127731,0.0027784886386181,1
2024-03-12 00:00:00+00:00,-0.8497160702045241,0.051328946881841975,-0.9933401095970447,0.5372368538183591,0.234892462703756,0.22405419900633036,-0.0121225736887944,0
2024-03-13 00:00:00+00:00,-0.7919901145018379,-1.3156211201494343,-1.2849320911099331,0.28532771430740855,0.191466265897596,0.13460285949682718,0.0109273919866452,1
2024-03-14 00:00:00+00:00,-0.8693269183153125,0.612036946027163,-1.0181807568804448,0.7885091980385931,-0.38736371383257684,0.3224150910802758,-0.0021965213913186,0
2024-03-15 00:00:00+00:00,-0.9449204191535353,0.05903348481503693,-0.06885026093022582,2.0186881856675414,-1.3379136888975771,-0.10007983608494472,0.0063721837869696,1
2024-03-18 00:00:00+00:00,-1.0245929269173133,-0.09839976251289104,-0.35345143859929895,0.7800137626240736,0.19221421849210715,0.7890655027853993,0.0135851671476885,1
2024-03-19 00:00:00+00:00,-1.0266355064091828,1.1118269099727713,-0.8580707456139554,0.13157520132662198,0.5187306477425221,0.34236098330748194,0.0147093323652618,1
2024-03-20 00:00:00+00:00,-1.0280931835084355,1.4336729918896591,-0.8491838777114452,0.009250775068705622,0.5622759642501809,0.17900856577907912,-0.0408574845142162,0
2024-03-21 00:00:00+00:00,-1.1828694435958564,-4.047902601401044,1.4166015788302004,1.2724827747893808,0.2878490169931092,0.35398072415951,0.0053102718692497,1
2024-03-22 00:00:00+00:00,-1.1577585321715964,0.327051198586651,-0.5405616373535809,0.04847118418315325,-0.15881354671720277,0.2551197031886706,-0.0083005447772519,0
2024-03-25 00:00:00+00:00,-1.1415728900984172,-0.6495962923102315,-0.9250819586695642,-0.44141999467054077,0.06446689404502828,0.010875782415353688,-0.0066724882219139,0
2024-03-26 00:00:00+00:00,-1.1403653167194026,-0.6588589628761636,-1.1374600399913306,-0.39125495741875,-0.24269188296239988,0.10621906732294967,0.0212127186147681,1
2024-03-27 00:00:00+00:00,-1.3298624121563236,1.8818330304502524,-0.5428562089154314,-0.2970651988557236,0.25926912894190546,0.24000084535024047,-0.0105593322059008,0
2024-03-28 00:00:00+00:00,-1.1158678891221536,-0.9045553681701972,-0.9558514564894851,-0.15165826079213293,-0.5107007454109592,-0.1953528492198628,-0.0084556701366628,0
2024-04-01 00:00:00+00:00,-1.0990765770223503,-0.9663537826480045,-1.2878951281516928,-0.6114061320321502,-0.1139881180070265,-0.04940540633780861,-0.0069989634323688,0
2024-04-02 00:00:00+00:00,-1.04682462828636,-0.6726016733164423,-1.5211891135186548,-0.43034549010831347,-0.3367289539220433,-0.20680986640612486,0.0047974701457704,1
2024-04-03 00:00:00+00:00,-1.0506836510819462,0.34810001508300203,-1.3378163621608805,-0.18929979174502362,0.12071819152700747,-0.06296629329181562,-0.0048921281425706,0
2024-04-04 00:00:00+00:00,-1.0687408761541077,-0.795802948471372,-0.8773064288838209,0.08808728168367884,0.2742404269263791,0.12321039258331584,0.0045016316907269,1
2024-04-05 00:00:00+00:00,-0.988366146559416,0.13942887172234086,-1.689404888051184,-0.3105074859865559,-0.02115394252882589,-0.06080582422621961,-0.0066635169965755,0
2024-04-08 00:00:00+00:00,-0.9117541630457143,-0.7343477291307297,-1.9158709275256416,-0.39917780615624865,-0.056146133876400085,-0.30040308062541415,0.0072425341470576,1
2024-04-09 00:00:00+00:00,-0.9649450957802714,0.5327858503029249,-1.6014236723618558,-0.13669877779117634,0.11946708906332583,-0.2306613822799078,-0.0111392445110853,0
2024-04-10 00:00:00+00:00,-0.9444607622031854,-1.1213103344425075,-1.3061652258747132,0.1167212355128719,-0.0013690384657218235,-0.33164072711679227,0.0432709156856103,1
2024-04-11 00:00:00+00:00,-1.4248687851748119,4.1894191457917405,1.3639507629680265,1.4139026302135236,0.8101620189469848,-0.2706924234693723,0.0086267610598507,1
2024-04-12 00:00:00+00:00,-1.179063944176932,0.9481129865433696,0.5392146944418323,1.3963838714112975,-0.5982531622955063,-0.4162972370434849,-0.0218634994075456,0
2024-04-15 00:00:00+00:00,-1.0434509367465006,-2.1494714150061838,0.17165387024367718,0.6197812580369887,-0.07245665891645005,-0.4238729176959315,-0.0191672178620349,0
2024-04-16 00:00:00+00:00,-1.1431289859540896,-1.918065409149645,0.7002441257418658,0.7012433179980269,0.41704300942694833,-0.3553018200129926,-0.0081475989731513,0
2024-04-17 00:00:00+00:00,-1.0275456480045462,-1.0331405570500016,-0.7906156362985582,-0.16570925038249146,-0.010299841979967384,-0.37700823268519423,-0.0057142783689828,0
2024-04-18 00:00:00+00:00,-1.0212288847406281,-0.7471489589364949,-1.1758557082771297,-0.3763267639761572,0.02998856285448879,-0.4420415217958055,-0.0122124893735182,0
2024-04-19 00:00:00+00:00,-0.9875041817599156,-1.2187067054800866,-0.7291553594706044,0.7416864449870036,-0.4076151172585341,-0.4659464344977793,0.005090854971212,1
2024-04-22 00:00:00+00:00,-1.029297338179153,0.257306886051455,-1.1312864287752078,0.17413952826742057,0.17804187998079066,-0.36246352130914494,0.0063916086673927,1
2024-04-23 00:00:00+00:00,-1.0309933651308196,0.6156858282701196,-1.2170554342712652,0.20698058079720894,0.052031042022763895,-0.5724604184884834,0.012702308188113,1
2024-04-24 00:00:00+00:00,-1.0829303192227302,1.2341342222510898,-0.906071667256216,0.23394447852842942,0.4232357939990485,-0.5615266720368839,0.0051472784567125,1
2024-04-25 00:00:00+00:00,-0.9851274816672426,0.27069160077549315,-1.1398561107921692,0.3467926447503593,0.09382683655187636,-0.38221536763075215,-0.0034729933478253,0
2024-04-26 00:00:00+00:00,-0.913427611254127,-0.5116559880193456,-1.345567139506669,0.1921879362670596,0.13345274417741224,-0.4544498161129031,0.0248082312833997,1
2024-04-29 00:00:00+00:00,-1.0167909519245926,1.550378373257506,-0.6535010640651654,0.8850370326260808,-0.35924216543588505,0.026252240637041725,-0.0182709162156481,0
2024-04-30 00:00:00+00:00,-1.044634626513842,-1.994395421093652,0.20528876851359426,0.860397844011664,0.4545511826866596,-0.27201427888276414,-0.0060472541801952,0
2024-05-01 00:00:00+00:00,-1.0198852123831728,-0.6153476880169623,-0.600657315928647,0.2473589178062064,0.4594718080967757,-0.49289344669152046,0.0220321620949615,1
2024-05-02 00:00:00+00:00,-1.0723751418714946,1.4748997970139066,-0.18444473570984735,1.397583946564952,-1.158053916636487,-0.11417873391292249,0.0598159628156489,1
2024-05-03 00:00:00+00:00,-1.335320294807072,3.2796438971705335,1.6109867093158505,2.697794021479716,-2.5954458430372025,1.1768041231847284,-0.0091066180803165,0
2024-05-06 00:00:00+00:00,-1.1794949402738049,-0.8518448584744558,0.25712490266908744,0.1017123130470416,-0.42574671385370444,-0.48747933565551926,0.0037972435604243,1
2024-05-07 00:00:00+00:00,-1.1658880181530777,-0.06554754330987982,0.09837865659175346,-0.04775720349586945,-0.5155498121182517,-0.08420596244518891,0.0018640396128291,1
2024-05-08 00:00:00+00:00,-1.0055056754173066,-0.030125805930334794,-1.0768917355473282,-1.0357209122450097,-0.39808719771983486,-0.3190194969317312,0.0100142670258494,1
2024-05-09 00:00:00+00:00,-0.9422231402828882,0.9333264632922527,-0.8472844110399413,-0.6180001704084,-0.04093327681235284,-0.3329848647418476,-0.0068902889097488,0
2024-05-10 00:00:00+00:00,-0.8417014001062775,-0.9564858069326423,-0.6520490676357547,-0.45123741675933493,-0.049449820364874324,-0.2086623192093845,0.0176453262577325,1
2024-05-13 00:00:00+00:00,-0.8338476913254899,1.2301556954149175,-0.5261868311607097,0.18968708034059115,-0.6837378607683787,-0.08267947365815682,0.00617368839615,1
2024-05-14 00:00:00+00:00,-0.6980502958263717,0.269870624222852,-1.0547927517317066,-0.30984370220806867,-0.33652388206428974,-0.16815193811507123,0.0122177834132242,1
2024-05-15 00:00:00+00:00,-0.7473218545639482,1.05051977013421,-0.33435092816981776,0.2708715571936199,-0.30560530715989703,-0.19253429885779225,0.0006325872819834,1
2024-05-16 00:00:00+00:00,-0.5868377211986117,-0.20238477517984435,-1.2259939632305428,-0.3857912944001026,-0.5218248876633277,-0.13440489561088065,0.0001580671278955,1
2024-05-17 00:00:00+00:00,-0.5177549238854019,-0.05566867013194527,-1.3879275834768232,-0.6213031650876691,-0.12658161483463767,-0.2661714703682506,0.0061620211091737,1
2024-05-20 00:00:00+00:00,-0.5505532944973438,0.6055346887632356,-0.9311827482099377,-0.4446874381772489,0.2294074017386424,-0.26140542579272025,0.0068574038335471,1
2024-05-21 00:00:00+00:00,-0.4517789636499911,0.5663171585772035,-1.3149844093066017,-0.5740603357843507,-0.09788960098029857,-0.24660204375403916,-0.0075383472271809,0
2024-05-22 00:00:00+00:00,-0.40876799932764724,-0.9022491288900609,-1.1791233808290627,-0.7648348600234185,0.26264049481047663,-0.17755308975712372,-0.0210581365211045,0
2024-05-23 00:00:00+00:00,-0.4874747003239586,-2.321069932053855,-0.17457416744750154,-0.24642377437440113,0.35351665817759537,-0.07888745959818289,0.0165881603811495,1
2024-05-24 00:00:00+00:00,-0.47277082421058975,1.1973640102858283,-1.1255845442610448,-0.7976425703534903,0.18032205536981646,-0.1256975815521034,5.262318040566427e-05,1
2024-05-28 00:00:00+00:00,-0.4530060009945071,-0.4052221620699852,-0.39361906049006934,-0.14896812197345968,0.18795017463217248,-0.031234931118410296,0.0015789366574296,1
2024-05-29 00:00:00+00:00,-0.37843690403527236,0.11576087220902255,-0.7672862299508287,-0.09408360511154179,-0.08701484931431734,-0.331412532155873,0.0052551219771634,1
2024-05-30 00:00:00+00:00,-0.3032983670633347,0.3325990879426049,-1.2335889702474832,-0.25514924147798806,-0.3963234133028473,-0.2748467566790457,0.0050186793244135,1
2024-05-31 00:00:00+00:00,-0.30532595517800754,0.3915027173620807,-0.3999183570915925,0.693360505661121,-0.6811542715926776,-0.286568529454953,0.0092586494107127,1
2024-06-03 00:00:00+00:00,-0.015209111646613743,0.6992531290662861,-1.38462069804114,0.6871321439086321,0.1390466224293281,0.01318866937054329,0.0016491899216892,1
2024-06-04 00:00:00+00:00,0.08440719328820517,-0.07640327395078868,-1.4992118083185795,0.6916754895765597,0.12891335180509625,0.018573150929893676,0.0078209325547011,1
2024-06-05 00:00:00+00:00,0.13184305291193954,0.4880614348627674,-1.4202939130314476,0.9718293574454415,-0.17151299243645957,-0.021620757634926505,-0.0070963957831052,0
2024-06-06 00:00:00+00:00,0.17733935738263296,-0.8362064215404535,-1.5569339579091308,0.4860695931715969,0.28640525485316803,-0.10049075561078116,0.012391906753969,1
2024-06-07 00:00:00+00:00,0.12032431977213556,1.1223017659468648,-1.1651134653647974,0.9361325379636446,0.12038560302685347,-0.14591596370518314,-0.0191478431713727,0
2024-06-10 00:00:00+00:00,0.019396080780405594,-2.0656805687996793,0.6544060274409502,2.4070480659166,-0.5268611611747923,0.09121190699301433,0.0726492116611849,1
2024-06-11 00:00:00+00:00,-0.7838391943410722,7.29987718052533,4.805550798736995,4.282440977730359,-0.04340870936249389,-0.38815682295064174,0.0285785695195734,1
2024-06-12 00:00:00+00:00,-0.6856057943734643,2.8992646484138316,4.943822228582848,4.124532665927834,-0.6372882826135637,0.0457527701022612,0.0054909276067285,1
2024-06-13 00:00:00+00:00,-0.1725893000103051,0.2181962342646685,0.8612304280174901,0.6485070062325872,-0.7329223636385926,0.1374261794464142,-0.0081684043774682,0
2024-06-14 00:00:00+00:00,-0.035714761138246356,-0.8626421280946385,0.10255249977596717,-0.2858049597927218,-0.4421917936005192,-0.044131015466098655,0.0196715994459142,1
2024-06-17 00:00:00+00:00,-0.16281736402663874,1.8046521934493478,1.0935849513262175,0.3244816377307587,-0.2533525683826612,0.16070934825219713,-0.0109845952613349,0
2024-06-18 00:00:00+00:00,-0.04121950873356428,-1.3635242954919495,0.7869359077986968,-0.22123095747665744,-0.23076709251610236,0.3683139173245241,-0.0215128894892727,0
2024-06-20 00:00:00+00:00,-0.07785946596000476,-2.2398728607417664,0.9436145225157463,-0.25701639618178107,-0.41822171039147227,0.2748358914778021,-0.0104442942809909,0
2024-06-21 00:00:00+00:00,-0.35245826776064065,-1.175122019228882,2.9072264283027045,2.7056874158812647,-3.3369297411617884,0.5904546612180765,0.0031325939139703,1
2024-06-24 00:00:00+00:00,-0.39985131420406134,0.19469528309380052,0.9396087895678347,-0.7794624214753655,0.08637880049859999,0.7770698587057485,0.0044680737215883,1
2024-06-25 00:00:00+00:00,-0.2741218609761923,0.18680226594291713,-0.38492578671058536,-1.54825527856756,-0.45566003346330314,0.7682117918170047,0.0199933909190344,1
2024-06-26 00:00:00+00:00,-0.35625102778238166,1.5402731878321183,0.1320959873258186,-1.2849224470126956,-0.25249214253703894,0.939788494030914,0.0039858880536045,1
2024-06-27 00:00:00+00:00,-0.2347048891268459,0.0670759002332393,-0.27896540496238864,-1.6940283376993266,-0.2328242951871543,0.8716872193427753,-0.0162541013524292,0
2024-06-28 00:00:00+00:00,-0.30718055782419457,-2.0411487763029776,0.9266578194019593,-0.9755279137090287,-0.2226277075035133,1.123314542229324,0.0291045243872589,1
2024-07-01 00:00:00+00:00,-0.3699464694181407,2.6400623984459153,0.534124005962457,-1.4893138239863393,0.20895962051875938,0.7910762963083959,0.0162400870057197,1
2024-07-02 00:00:00+00:00,-0.2728229311846298,1.6835532249180674,0.47039323498403607,-1.6018008072237593,0.1482969429445445,0.6049539488595767,0.0058109097571839,1
2024-07-03 00:00:00+00:00,-0.05943690690484553,0.5481927710760658,-0.5333382188975433,-2.1986472644657025,-0.31072150216695793,0.5842547995742258,0.0216203802396848,1
2024-07-05 00:00:00+00:00,-0.12364857550503491,2.1256717175260604,0.37222557155636404,-1.6299637257738875,-0.08742151665976583,0.6371224249279538,0.0065388742053806,1
2024-07-08 00:00:00+00:00,0.009330927195832612,0.47395522518489214,0.3123823410524074,-1.7052615870424594,-0.20648211192239568,0.8623849282058047,0.0037749249751495,1
2024-07-09 00:00:00+00:00,0.14900667213021238,0.29058045357106577,-0.2161306640875886,-2.0305990493679755,-0.4330004625110219,0.7433486084864004,0.0188035751743549,1
2024-07-10 00:00:00+00:00,0.21459054519031237,1.7636735152726606,0.09498503177776907,-1.5657517272703545,-0.4113613939394656,0.755225749540368,-0.0232208788893921,0
2024-07-11 00:00:00+00:00,0.459582152907243,-2.24819228296625,0.6451825497254576,-0.8095037491098861,0.43547735853560277,0.9854367686915829,0.0130508588387461,1
2024-07-12 00:00:00+00:00,0.669251923942473,1.043827216526964,-0.38788913790926716,-0.8926333149043792,0.02941798131982628,0.7959141686495643,0.0167433437656416,1
2024-07-15 00:00:00+00:00,0.7626822959052743,0.7267447465284025,-0.23887176650197586,-0.6159116190056975,-0.2904535856464936,1.2158572506973517,0.0017917945862764,1
2024-07-16 00:00:00+00:00,0.870657480366279,0.00603476062155069,-0.5231213353726276,-1.063199459858821,0.18476374405186471,0.6748121612624572,-0.0252959012396667,0
2024-07-17 00:00:00+00:00,0.881676735920559,-1.870668422152187,0.16133006031658023,-0.6576272369262629,0.16962470278440397,0.025765856261712197,-0.0205347252966467,0
2024-07-18 00:00:00+00:00,0.7605347487327248,-2.41431041815143,1.161692851821794,-0.256523275541493,0.6874796767415391,0.845934435611901,0.0005798063042907,1
2024-07-19 00:00:00+00:00,0.910140354060417,-0.12202697198166375,-0.4513826718252798,-0.8017841415687157,-0.042299894886582666,0.44092901686012564,-0.0015602708882982,0
2024-07-22 00:00:00+00:00,1.062295984677809,-0.6671241854497743,-0.18591875122081547,-0.32713694342216576,0.19889096070011675,0.3848339466373282,0.0046883337572549,1
2024-07-23 00:00:00+00:00,1.0774287377723915,0.3344572939229571,-0.4489928446336773,-0.5235598438234034,0.3883621512793124,-0.012012936934713083,-0.0287543308808364,0
2024-07-24 00:00:00+00:00,0.9409607929222756,-2.8893741097058636,1.1490667673845896,0.2474091140847778,0.6117711488898995,0.025299842695469504,-0.004804609176766,0
2024-07-25 00:00:00+00:00,0.9268829581661501,-0.6352832749673073,0.45706069257480686,-0.0887575725571875,0.5712415868112044,0.002080373583186065,0.002160942553421,1
2024-07-26 00:00:00+00:00,1.003830368895229,-0.057316499203660345,-0.5312167180361546,-0.5519606574231855,0.07548322411490081,-0.0785556184222153,0.0012847234173105,1
2024-07-29 00:00:00+00:00,1.0318697460363802,0.2137188110168614,-0.6287150053279411,-0.5790244360216191,0.3289336273987179,-0.39241655436413475,0.0025660088736729,1
2024-07-30 00:00:00+00:00,1.0456941706313736,0.022962226647646078,-0.45317236087324875,-0.1956275766848966,0.34790836684712567,-0.08279852761325976,0.0149908324351633,1
2024-07-31 00:00:00+00:00,1.0811019866251776,1.0337803554638372,-0.5882066015146645,0.07445436934680466,-0.20837136682199656,-0.015503355023156102,-0.0167507941597895,0
2024-08-01 00:00:00+00:00,0.9630267568414171,-2.165170370545361,0.9352548933066814,0.6496725647727395,0.513779079751646,0.31337747183761294,0.0068694764899772,1
2024-08-02 00:00:00+00:00,0.8197251162645346,0.5472244629094141,1.8695655716366204,2.0930202536200437,-0.3665618446839848,0.1263011298213036,-0.0481670838152267,0
2024-08-05 00:00:00+00:00,0.23665141615783097,-1.4584272741023832,5.536887749701862,2.63666017692453,2.6530019380005334,-1.9775060674554774,-0.0097480946019345,0
2024-08-06 00:00:00+00:00,0.5037332750172414,-0.3867710441401574,1.7618912013131312,0.45408301350404595,1.1037301897207557,-0.3800680696074939,0.0124981518702178,1
2024-08-07 00:00:00+00:00,0.4900921740879202,1.269574605814233,1.0064967942199454,0.19755760518816612,0.7322797343219194,-0.10026515747979643,0.0166332328115186,1
2024-08-08 00:00:00+00:00,0.5865170473005368,1.0575702920065524,0.06632814032277522,-0.4103542014746667,0.46987127547284524,0.21289153722558246,0.0137360693104973,1
2024-08-09 00:00:00+00:00,0.5970231012353315,1.5336514293387473,-0.13416366406248556,-0.5785794696673394,0.5666539658560669,-0.39170804022167705,0.0071298747500836,1
2024-08-12 00:00:00+00:00,0.7180497153870946,0.6297746514643456,-0.5086707269920391,-0.689606265773711,0.36180884045697037,-0.24100797259050663,0.0171930092848375,1
2024-08-13 00:00:00+00:00,0.765131182667859,1.441233999419032,-0.6554850715911841,-0.6081655597533815,-0.1466016768599626,-0.21467005893840177,0.002033815520805,1
2024-08-14 00:00:00+00:00,0.8520617507219691,0.24151935314001602,-0.5762312216592549,-0.5640693854395529,0.07802890626316886,-0.335337778997493,0.0135304404549587,1
2024-08-15 00:00:00+00:00,0.9416078907645143,0.8483584579999317,-0.761291853696521,-0.39500256099241066,-0.32886391966472156,-0.015106865588147621,0.0059184221922856,1
2024-08-16 00:00:00+00:00,0.9678194049397351,0.6637113037711535,-0.5770990457971575,-0.43412164748744714,-0.033549175103389506,-0.3876486950690805,-0.0007077555111066,0
2024-08-19 00:00:00+00:00,1.0422295324137565,-0.09860029193289847,-0.7043497363142769,-0.5670673434246476,-0.03965792959526313,-0.3069130721344941,0.0027447504671991,1
2024-08-20 00:00:00+00:00,1.1193317549520438,0.21696498097036365,-1.2594411245839763,-0.9807018672750647,-0.07141379792043183,-0.35728073312877096,-0.0004856871066446,0
2024-08-21 00:00:00+00:00,1.1682347990036417,-0.13734308767899328,-0.9410411958285324,-0.575490327054987,0.17212161832921943,-0.20933468448223685,-0.0082596735058813,0
2024-08-22 00:00:00+00:00,1.149267862276884,-1.1508676814615515,-0.32955038815554566,-0.16563092579052122,0.23953180585057499,0.03149358831754792,0.010288138741991,1
2024-08-23 00:00:00+00:00,1.1331603441705727,0.7958732989788357,-0.6097105348157383,-0.37911855785023857,0.30131530252570615,-0.12946130502366612,0.0014988273305738,1
2024-08-26 00:00:00+00:00,1.1966046672161776,0.07898761956623924,-0.8929568907146843,-0.6941399529795999,0.4089345098201945,-0.24511132470707966,0.0037416298429879,1
2024-08-27 00:00:00+00:00,1.1836734288497968,0.4927214447199658,-0.6064435103750135,-0.45741083474380684,0.4391587075369743,-0.3766140619157075,-0.0067534846524686,0
2024-08-28 00:00:00+00:00,1.2328042166637008,-0.7613786702302981,-0.5015349566606622,-0.32959917045991305,0.3688086927659049,-0.19277286070567953,0.0145702006499539,1
2024-08-29 00:00:00+00:00,1.240830004067304,0.8608880574687676,-0.3197195779164775,0.23018523386634698,-0.13728066537955305,0.10804258792961763,-0.0034380593559055,0
2024-08-30 00:00:00+00:00,1.3799909610321965,-0.4743367564319651,-0.4665965274495602,0.3637382245136517,-0.48290563915179147,-0.3252938804181958,-0.0272051613485826,0
2024-09-03 00:00:00+00:00,1.3940238664408284,-2.828065870472791,0.6253791271290818,1.0652902610147765,0.9983804544183386,0.06902848517558217,-0.008618805151778,0
2024-09-04 00:00:00+00:00,1.4645354899303242,-0.7885696725231884,-0.4845369031269937,0.7019996742461084,0.34631207736978026,-0.32010139210485405,0.0069278307708435,1
2024-09-05 00:00:00+00:00,1.4689868276235762,0.5009503724263308,-0.8316350324654566,0.4618874999986247,0.49087306020428306,-0.2282882660384552,-0.0070150862859277,0
2024-09-06 00:00:00+00:00,1.4305086700907363,-1.0508115020879323,-0.09728126029336602,1.1027904921828173,0.4119383670987347,0.009712533615074754,0.0004076895929061,1
2024-09-09 00:00:00+00:00,1.382026516974622,-0.009217005598338936,0.1349083211099225,1.8340935691525013,-0.37732176583672866,-0.21743662418304446,-0.0036213936507974,0
2024-09-10 00:00:00+00:00,1.3591003862336393,-0.12065822433298652,-0.2301734861041046,1.11904097759052,0.3139864781722263,-0.37355175860366374,0.0115850854729475,1
2024-09-11 00:00:00+00:00,1.3423479787670403,0.8858142289955451,-0.41469992480164447,0.8693180371377713,0.635908157412374,0.009944968429760193,0.0004940159732522,1
2024-09-12 00:00:00+00:00,1.4327035984001202,-0.013803771070620223,-0.9615359154341272,0.4883703985092153,0.4915340729114459,-0.17761084892317483,-0.0012120863847591,0
2024-09-13 00:00:00+00:00,1.5266606397091573,-0.3452582338969036,-1.4474059642029273,0.4375246504213527,0.05962398844939741,-0.10830082899246589,-0.0277752421859052,0
2024-09-16 00:00:00+00:00,1.4088259713676892,-1.9727137008452182,-0.2491262194073427,1.3039479785539785,-0.3422759810159988,-0.8580588270998643,0.0021726791254654,1
2024-09-17 00:00:00+00:00,1.3654582663285784,0.24263899231079514,-1.0039055199363494,0.6421768873377883,-0.16096859485609696,-0.3979526335690647,0.0179898260330289,1
2024-09-18 00:00:00+00:00,1.1673698487347879,1.6586294284145193,0.10222143559117806,1.2354525797915705,0.10546007240792969,-0.2152417140853828,0.0370655497949301,1
2024-09-19 00:00:00+00:00,1.0931507776724039,3.0382119797580467,0.32768877136198404,1.1448620645436605,-0.29905882401657385,-0.03287266489613005,-0.0029274354992747,0
2024-09-20 00:00:00+00:00,0.8308506296191485,-0.30636945873895116,5.252425970841769,8.128578130334027,-6.375131916745685,0.08768954351405395,-0.0075811551677139,0
2024-09-23 00:00:00+00:00,1.0410577722034264,-0.7230350005036466,-0.3928728681147703,-0.250862305376486,-0.07904080212636824,0.14638758496506968,0.0039740981795337,1
2024-09-24 00:00:00+00:00,1.0496539720233868,-0.020320364330455785,-0.6581066665245123,-0.6148906840268545,0.12168979038533387,0.4790700612691638,-0.0043980279218708,0
2024-09-25 00:00:00+00:00,1.0649511696417633,-0.1481741426904011,-0.6897647411964007,-0.6826805268926944,0.17985262703243016,-0.016208573762718854,0.0050800982088883,1
2024-09-26 00:00:00+00:00,1.0761357106416236,0.28635312743021,-0.91117283269232,-0.8631563651734213,0.19591628057474705,0.3267870660362323,0.0011866461027327,1
2024-09-27 00:00:00+00:00,1.152081665007525,-0.11645190298517898,-1.2112615361302692,-0.9268490096597622,0.0319710567461818,0.3058913624865893,0.0228719436612983,1
2024-09-30 00:00:00+00:00,1.067279816922715,1.9216054890442427,-0.5130018279570191,-0.3207372697015004,-0.20651895103805504,0.3133174886479358,-0.0291414416665001,0
2024-10-01 00:00:00+00:00,1.0617594055270978,-2.557176132592526,0.5140862886302561,0.03240605710750989,0.2614096891386114,0.06211121442430832,0.0025197396040084,1
2024-10-02 00:00:00+00:00,1.0721357844760582,0.21982503016429364,-0.5825026260084818,-0.9369244334856113,0.6297952237315672,0.19756455041150697,-0.0048947140846634,0
2024-10-03 00:00:00+00:00,1.1101308344618355,-0.33265879400793685,-0.7530109005314732,-0.9417604602864293,0.39070689700345107,0.035308378905569676,0.0050074256051997,1
2024-10-04 00:00:00+00:00,1.1053761529555253,0.0741739137202433,-0.6702199811882767,-0.7977373544432453,0.32378161917428194,0.4337015193460966,-0.0225308764885509,0
2024-10-07 00:00:00+00:00,1.101604109558712,-2.056192391282866,-0.30915466736193353,-0.7166810668388649,0.41907083937038175,-0.055017530188260805,0.0184039588705007,1
2024-10-08 00:00:00+00:00,1.0890305680067682,1.3800079178777225,-1.0056461096556355,-1.0503535362115184,0.13620241086851076,0.15937133444687027,0.0166984056842769,1
2024-10-09 00:00:00+00:00,1.0275796873575436,1.7210041498761344,-0.3484395466214745,-0.8755906656832053,0.7420640686410166,-0.14554821756043923,-0.0021782587309656,0
2024-10-10 00:00:00+00:00,1.199161440618045,-0.031633617875226304,-1.0784364014824945,-1.1875576739645306,0.1660814920320379,-0.3082887571489351,-0.0065053760479252,0
2024-10-11 00:00:00+00:00,1.2403360988188068,-0.7938982547600191,-1.0821450159628205,-1.0883415869175097,-0.0819458553417277,-0.08014399834835596,0.0164799468578138,1
2024-10-14 00:00:00+00:00,1.2242141800926791,1.4359305257789374,-0.7684362851238553,-0.6214265340597608,0.07805649435336788,-0.005791549292815948,0.0110246804205706,1
2024-10-15 00:00:00+00:00,1.1916207694022944,0.7207741557202874,0.2534775684916127,0.23950072085364263,-0.14800037626639517,0.2548891080737962,-0.0088519512211008,0
2024-10-16 00:00:00+00:00,1.382309197999046,-0.6445632255712047,-1.0138551852859414,-0.8653329274328023,0.016345814114894917,-0.2862681242378988,0.0015963307295623,1
2024-10-17 00:00:00+00:00,1.437978399434779,-0.17664856284783192,-0.9945240521207904,-0.5907288714160129,0.3392004624903004,0.25259521510643157,0.0122765371718709,1
2024-10-18 00:00:00+00:00,1.7472509346390088,0.5897948163431301,-0.8516722370521329,0.5906983794271454,-0.638447087407836,-0.15757524698324646,0.0062979614744682,1
2024-10-21 00:00:00+00:00,1.7903083511457576,0.6718874658917673,-1.0141010954677112,0.19445549037850532,-0.09078376432317802,-0.638109471764947,-0.0026218353810624,0
2024-10-22 00:00:00+00:00,1.783576472617425,0.06820781249611144,-0.5764428780173053,0.3898079451053032,0.14345318373179017,-0.7774695314768296,-0.0216230056709169,0
2024-10-23 00:00:00+00:00,1.6581256820388957,-2.0183660588708294,0.8854277768253027,1.105866439441976,0.49816303643223847,-0.4814363482078617,-0.000823263463845,0
2024-10-24 00:00:00+00:00,1.7888358393642607,-0.030349695252178465,-1.0656691461458623,-0.13246405980634576,0.05980898505631539,-0.6877384889143127,0.0036431079508549,1
2024-10-25 00:00:00+00:00,1.7140454149167539,0.4470730249093837,-0.5296552601315343,0.2857129689665086,0.10908059146497424,-0.6692997446047987,0.0085994065775147,1
2024-10-28 00:00:00+00:00,1.8084938577410214,0.5261100487933901,-1.0805725618303794,0.20293372376053667,-0.22417624073952638,-0.42066758788101893,0.0011568829989752,1
2024-10-29 00:00:00+00:00,1.9002288482460457,0.10016276442630162,-1.2219318435788942,0.42163915546463043,-0.138045572713157,-0.5498661708806317,-0.0152779809884373,0
2024-10-30 00:00:00+00:00,1.8306868329090165,-1.4709288988847695,-0.2958037007813642,0.9959542041361374,-0.14806560326725754,-0.4968575792867984,-0.0182094834846623,0
2024-10-31 00:00:00+00:00,1.7299935356372997,-1.7985826514465255,0.3874691483384416,1.6766317759262401,-0.6525143713195383,-0.44677670816627596,-0.0132796255548389,0
2024-11-01 00:00:00+00:00,1.5826171023107711,-0.6113941760055139,0.6075551472824469,1.621910788027819,-0.2882686411714845,-0.9173578235207424,-0.0040375663333204,0
2024-11-04 00:00:00+00:00,1.634061538682152,-0.16840069517278627,-0.6543919824129792,0.6614165773180146,-0.07117144733910008,-0.5943996842035801,0.0064861286472346,1
2024-11-05 00:00:00+00:00,1.6226372480532618,0.6138213859226809,-1.3087623114687728,-0.04265955010559764,0.4922882906948909,-0.398576414732482,-0.003266785259377,0
2024-11-06 00:00:00+00:00,1.520051689604792,-0.26389983733257405,-0.056776886758986525,1.2654342305886233,0.12867074643622906,-0.2750390429771287,0.0213720230586444,1
2024-11-07 00:00:00+00:00,1.5058071202505783,1.8116988607360336,-0.8406559322356748,0.48051408742744883,0.09717959205519418,-0.1930083138221458,-0.0011881399204868,0
2024-11-08 00:00:00+00:00,1.6096958170814724,-0.1890900536626495,-1.1679632210853583,0.23553502842032387,-0.06289206530001833,-0.32473179589990186,-0.0120286684642018,0
2024-11-11 00:00:00+00:00,1.5560363193738629,-1.009516374863175,-0.5334129630707132,0.5315064400969103,0.3803724911490788,-0.36944069845820604,0.0,0
2024-11-12 00:00:00+00:00,1.6308961539441442,-0.12608767676592197,-1.1601769335312433,0.4624065750538399,-0.12550412672437586,-0.2802092611114365,0.0039691521065285,1
2024-11-13 00:00:00+00:00,1.5381396274892194,0.3770223628239793,-0.5109531488380163,0.873816566689254,0.07584360122691516,-0.2690448575078627,0.0137704426022531,1
2024-11-14 00:00:00+00:00,1.5035278042743505,1.3630305745020361,-0.616916250121046,0.629474307123987,0.2088968430984886,-0.31754005239012556,-0.0141091572845257,0
2024-11-15 00:00:00+00:00,1.6030489533979966,-1.2394085307132907,-0.78713633019668,0.6885627739562532,-0.25950987844269147,-0.4184600140273927,0.0134222379363257,1
2024-11-18 00:00:00+00:00,1.4634645051474782,1.2688210794867416,-0.43137852005411775,0.5953120669927415,0.38709232085764483,-0.24467368630064695,0.0011401432542978,1
2024-11-19 00:00:00+00:00,1.5492823160523899,0.20243533837593433,-0.8976128335501697,0.1768818355004155,0.3850861994656459,-0.3683745934491738,0.0031540917956718,1
2024-11-20 00:00:00+00:00,1.5838319723685697,0.2756381065924553,-0.8633784257320599,0.28951014207314985,0.5768414397925503,-0.21431319926661122,-0.002096027032104,0
2024-11-21 00:00:00+00:00,1.5733157984885224,-0.2745555456480536,-0.5635361901367801,0.5780130417532738,0.4261727471145685,-0.14302653088977857,0.0059075002554076,1
2024-11-22 00:00:00+00:00,1.6302431127889128,0.6048476687625328,-1.1373789415813247,0.30694492684430885,0.12430143009481186,-0.30602689159799357,0.0130510231795168,1
2024-11-25 00:00:00+00:00,1.5299155770979969,1.075707433110009,0.36476801564630346,2.290891143299456,-1.4033569237297083,-0.05069829474575469,0.0094042695415399,1
2024-11-26 00:00:00+00:00,1.6280485499887776,0.8301848242065426,-1.0621890317863751,0.36800731170265044,-0.25494707261512817,-0.14063806316815228,-0.0005530961878666,0
2024-11-27 00:00:00+00:00,1.7283934802834615,-0.0477643906711544,-1.4758307056369968,-0.07533414929892496,0.07724564213999811,-0.17685041076830307,0.0102158622140211,1
2024-11-29 00:00:00+00:00,1.734149352412744,0.9807305010083193,-1.187889518531477,-0.02629059780611449,0.7932080505592637,-0.08506767655179276,0.0095225889494994,1
2024-12-02 00:00:00+00:00,1.8146601510305143,0.9267983200188737,-0.7407685715142353,0.8972365311066034,0.05133019702326041,-0.09020929373189848,0.0127717338834432,1
2024-12-03 00:00:00+00:00,1.8718157726123452,1.2084832745100467,-0.937521646440147,0.5079050861470902,0.41635554632481125,-0.05478207435096407,0.001483683190314,1
2024-12-04 00:00:00+00:00,1.9690339653695843,0.056542857773926335,-1.0135540149513549,0.6288589741427983,-0.06372009367250935,-0.0023739991206439643,0.0001235203411058,1
2024-12-05 00:00:00+00:00,2.056544159740767,-0.1988954642531779,-1.2369727007303546,0.46074050881524875,-0.06378235496920366,0.06458986091552124,-0.0008229878061967,0
2024-12-06 00:00:00+00:00,2.1066059290960637,-0.1374262036941584,-1.3250789792484727,0.41478116064382625,0.14834796971284764,0.02010754294000936,0.0161011639166841,1
2024-12-09 00:00:00+00:00,1.984094380274956,1.7469934830214249,-0.3890460060120291,0.8437498753396848,0.6587107978586985,-0.06762898508878107,0.0041337942632904,1
2024-12-10 00:00:00+00:00,2.1908237852334715,0.33563819083574153,-1.2843087379561964,0.45241915763466173,0.240437884820492,0.09549963962653209,-0.005166099637575,0
2024-12-11 00:00:00+00:00,2.178061662292476,-0.6221830606853321,-0.6136733199186656,0.8498064486389811,0.3099055996317619,0.20687631596111083,0.005963741171987,1
2024-12-12 00:00:00+00:00,2.256522606020429,0.4838714118349551,-1.3170652477877347,0.2714381100482455,0.4068899761903142,0.1006792633825973,0.0006856036498088,1
2024-12-13 00:00:00+00:00,2.319905300802132,0.020640621219081168,-1.2978539925035246,0.3314573511443638,0.3859961887559463,0.0719359843517621,0.0117276765796252,1
2024-12-16 00:00:00+00:00,2.3204603891279167,1.1801062235713864,-0.7163376043387177,1.2828432930609257,-0.03363613335156825,0.11381008183361369,0.0097195209097502,1
2024-12-17 00:00:00+00:00,2.3614704391629253,1.0928603907905448,-0.6544438796940611,1.2628893857426995,0.07704358367426187,0.08826647452352251,-0.0214216517823171,0
2024-12-18 00:00:00+00:00,2.301376183068725,-2.074947079950698,0.31977893386531075,1.3224684655979544,0.30969576080780936,0.18638959973476013,0.0070145240575907,1
2024-12-19 00:00:00+00:00,2.2682663092533133,0.7699269827242864,-0.04027722020113595,1.3218514882885035,-0.11088271981769535,0.08648174472727033,0.0188159295429883,1
2024-12-20 00:00:00+00:00,1.9764445066522836,2.2472199038872778,2.961834130115762,4.383088760102909,-1.547050102606959,0.13944726288982745,0.0030649661087218,1
2024-12-23 00:00:00+00:00,2.3670229612696447,0.22067965910468343,-1.225582874462991,-0.008874301647441726,-0.09163943070248437,0.313799111087168,0.0114780407668324,1
2024-12-24 00:00:00+00:00,2.4472407083731786,1.0781272571660403,-1.4891446513113054,-0.5126523667754864,0.6429122023413537,0.19800397759417174,0.0031758122065905,1
2024-12-26 00:00:00+00:00,2.559834999981402,0.26432977705627553,-1.4638698374535968,-0.34554900662338456,0.3699893577283411,0.1747297440422363,-0.0132422238301286,0
2024-12-27 00:00:00+00:00,2.490205633109,-1.254298428245601,-0.22909341750258855,0.32235324965894785,0.5556418580648971,0.21550615005971077,-0.0132634662213577,0
2024-12-30 00:00:00+00:00,2.546313491916097,-0.9481056831693041,-0.99480147995747,-0.16120602472379006,0.14297406964679676,-0.15630036697854358,-0.0070578529057478,0
2024-12-31 00:00:00+00:00,2.4993362027046397,-0.8119873368639667,-0.6741548221857911,0.06605103756279897,0.19539055855898133,0.19658700155273398,-0.0262359616246815,0
2025-01-02 00:00:00+00:00,2.308350874407961,-2.543811379838806,0.7307695908707693,0.7296048590035425,0.46236976100456295,0.15575672438830684,-0.0020094776095649,0
2025-01-03 00:00:00+00:00,2.365911442878374,-0.18077102234744835,-0.9308797926837667,-0.11194447336202586,-0.19905243725720936,-0.08733766671335616,0.0067390079268365,1
2025-01-06 00:00:00+00:00,2.246984435327898,0.5086694673947207,-0.4026003018639376,0.15957378575977446,0.08856349707929273,0.08951953367303672,-0.0113876245103865,0
2025-01-07 00:00:00+00:00,2.2331986065798533,-0.9313865443421603,-0.40601834634810063,-0.031334329412928054,0.2659950997845681,-0.1454041895154109,0.0020229566234442,1
2025-01-08 00:00:00+00:00,2.214427920201239,0.19614551599400012,-0.7084797287284168,-0.11060178143181346,0.2618158101809074,-0.029129690364500988,-0.024103932165883,0
2025-01-10 00:00:00+00:00,2.0417403618032894,-2.1375073201605255,0.9060964506712451,0.8696784941912669,0.34944371139074815,-0.061686357321417494,-0.0103440106260933,0
2025-01-13 00:00:00+00:00,2.013729499345416,-0.6080271759399409,0.04873597226173938,0.28180862792363326,0.26453540399725384,-0.3096673975478489,-0.0047781903856293,0
2025-01-14 00:00:00+00:00,2.0087551033091606,-0.6068599707566382,-0.6109965841389752,-0.17756909551975208,0.18052193581671805,0.041757806235031586,0.0196759934879815,1
2025-01-15 00:00:00+00:00,1.8694827551640703,1.7521590027220424,-0.3876525137201686,-0.20562983762875786,0.3979411963473279,-0.0009731407183313133,-0.0404002549891986,0
2025-01-16 00:00:00+00:00,1.6709163981427433,-4.154475204364342,2.0723622580185936,1.0628750402947673,0.6522699709074381,0.1912089079315072,0.0075352136859179,1
2025-01-17 00:00:00+00:00,1.7140987349382444,0.14421298682471834,0.21903448081508944,0.575494214106192,-0.8105601297643344,0.18686320210091859,-0.0319157190364556,0
2025-01-21 00:00:00+00:00,1.564705582476638,-2.3796812040792044,1.432938972135453,1.517412767733737,-1.11855079835588,-0.7019153734086392,0.0053449540833472,1
2025-01-22 00:00:00+00:00,1.4534340751547166,0.9831458013776361,0.35779732962536925,0.2902558125465779,-0.2700184062078093,-0.5535388262205195,-0.0007595151572747,0
2025-01-23 00:00:00+00:00,1.522906809511791,-0.2683086427258263,0.3132171952426034,0.5359346321919097,-0.237578063334009,-0.16047640732424323,-0.0039346003006973,0
2025-01-24 00:00:00+00:00,1.4961062217333965,-0.6379621344373603,0.015652349806132643,0.2740285460194657,-0.19084387301138306,-0.10593777393692631,0.0317803754694745,1
2025-01-27 00:00:00+00:00,1.1201991369735251,3.0415876947745657,1.9292847534979527,1.5598272988395652,-0.2360870074253749,-0.15151461335226035,0.0365438330885863,1
2025-01-28 00:00:00+00:00,1.045036399529731,3.557117945807286,1.85892495541325,0.5541303087539721,0.5203646840145607,-0.20403157474998454,0.0046168559785551,1
2025-01-29 00:00:00+00:00,1.2966430250400962,1.063844628990875,0.44964223340783915,-0.6792837811041189,0.48633659734042023,-0.711358787802892,-0.0073947202841412,0
2025-01-30 00:00:00+00:00,1.4431052911736877,-0.7007184743206072,0.07297520820361525,-0.5135815352560811,-0.5060854132727856,-0.30334437344135445,-0.0066922982775319,0
2025-01-31 00:00:00+00:00,1.0900608669236354,-2.105207439413911,3.386291168920978,1.275907842298935,0.6677125768799046,1.3282923086970033,-0.0338559340329636,0
2025-02-03 00:00:00+00:00,1.2776984799835636,-2.633890240611237,1.2337344736473304,-0.06903746930421546,-0.15666543518705467,-0.5438478345968334,0.0210080037327429,1
2025-02-04 00:00:00+00:00,1.1124803909595837,2.227289670872272,0.6380474955834002,-0.9814706168766013,0.6339822135391334,-0.26551146755557725,-0.0014176534662858,0
2025-02-05 00:00:00+00:00,1.218299577371561,0.46885191495727996,0.07025777767187896,-1.2396302642220336,0.26300071389147484,-0.6414590321732502,0.003226363515435,1
2025-02-06 00:00:00+00:00,1.2658524816195482,0.4511721270246697,-0.4445608611600766,-1.5729229311804565,0.16186145064010793,-0.36153836762486585,-0.0239687949035558,0
2025-02-07 00:00:00+00:00,1.162932365832459,-2.4545090357490156,0.7090971482972127,-1.1335769671113485,0.6810858527693204,-0.04707326933039894,0.0011873348340269,1
2025-02-10 00:00:00+00:00,1.2494336798014354,-0.288583424236786,-0.41768626752438043,-1.409153944295196,-0.0017886709801167163,-0.023915278830517143,0.0218317075200504,1
2025-02-11 00:00:00+00:00,1.0311506782615096,2.1055496170508023,0.9596316299900144,-0.60016279094686,0.5140689917059311,-0.21773090627489083,0.0182701869904728,1
2025-02-12 00:00:00+00:00,1.0856703250992805,2.0512835955038735,0.6166106580216487,-0.9708446147835583,0.5231043893813417,-0.46930919036611607,0.0196732512719548,1
2025-02-13 00:00:00+00:00,1.114072135418161,1.9717567752543028,0.8617810179994397,-0.7326268438852478,0.3553451512966981,-0.2602861229122343,0.0127107269860529,1
2025-02-14 00:00:00+00:00,1.3755646085455806,1.2952629589794036,-0.07749958066617882,-1.0071214328906601,0.19252945305820215,-0.21464642685924457,-0.0005315679427811,0
2025-02-18 00:00:00+00:00,1.53570212628817,-0.03172523370462262,-0.16905403252817733,-0.7871219566860395,-0.3798586423626782,-0.24410655756092664,0.0016361833783888,1
2025-02-19 00:00:00+00:00,1.7209182324462922,0.08048395372657431,-0.7691296946332303,-1.0776635790460847,0.014121440815515971,-0.16366296659411234,0.0039204506518213,1
2025-02-20 00:00:00+00:00,1.8043618536618107,0.3374381388649179,-0.8436777170726029,-1.0373218521701129,-0.07697705228758091,-0.25740899141848683,-0.0011390670392069,0
2025-02-21 00:00:00+00:00,1.814573584985843,-0.16958395385244307,-0.1134872726260186,-0.22849123907907584,-0.4761563335927242,-0.2169719621385199,0.0063124343972247,1
2025-02-24 00:00:00+00:00,1.7974590549290461,0.7060418729096315,0.07217794423139505,-0.23187508575922736,-0.13661223408236012,-0.28678564584437566,-0.0002427469636594,0
2025-02-25 00:00:00+00:00,1.9034750360374726,-0.1976908274404062,0.09191005881802655,-0.10730841394615703,0.06787345750189176,-0.05950173027910147,-0.0270402003798136,0
2025-02-26 00:00:00+00:00,1.9515262003918168,-2.461417712692219,0.28886910913775776,-0.07247265216865904,0.409686955541417,-0.28993882525394177,-0.0127308892466796,0
2025-02-27 00:00:00+00:00,1.8917945371973464,-1.2269876620090159,0.08082362674867999,-0.21769830463438816,0.414206804836187,-0.23075058435551085,0.0191318634089734,1
2025-02-28 00:00:00+00:00,1.5602511381981732,1.9795004800676228,2.015508228614885,0.6961471215179144,1.596621924373482,-0.12006341543814793,-0.0157541703177123,0
2025-03-03 00:00:00+00:00,1.8168633787558406,-1.668008417198923,0.934653809980297,0.2414048705639016,0.7331854335067554,-0.18739479923860955,-0.0088224640438715,0
2025-03-04 00:00:00+00:00,1.9026575289385774,-0.901212484711985,0.3528318345164592,0.6365103335731715,-0.013504271103904878,-0.2775604443349522,-0.000805341858053,0
2025-03-05 00:00:00+00:00,1.8078039410699038,-0.057312774717577786,0.5961733072916026,0.5212686124910727,0.7873268395267927,-0.19549397585497025,-0.0017391065366217,0
2025-03-06 00:00:00+00:00,1.8782285425078167,-0.03047856383111648,-0.11067405363355447,0.2831022223439548,0.2162914238701157,-0.38631449939264945,0.0158926227143025,1
2025-03-07 00:00:00+00:00,1.748459294197318,1.6179278755761868,0.35220391652666266,0.3445539581076597,0.6759256248205657,-0.2789677366663783,-0.0484796538177647,0
2025-03-10 00:00:00+00:00,1.5399267435435464,-4.558191761994002,2.8053310892270105,1.3053236853884846,1.0683957165474482,-0.24950715459349754,-0.0291893233667582,0
2025-03-11 00:00:00+00:00,1.4373746056826848,-2.4736400881800717,2.032507030918771,1.0391852352767086,0.173985469546187,-0.5724488559529461,-0.0174786810381596,0
2025-03-12 00:00:00+00:00,1.383964200369543,-1.736736728588661,1.1937874136981257,0.47515812164378757,0.20359376747297203,-0.3108949146489667,-0.0336437800894396,0
2025-03-13 00:00:00+00:00,1.2011264036030413,-3.3760991493592782,1.694510679424424,0.4667553052419764,0.7199501166846547,-0.2071982934093896,0.0181705650260368,1
2025-03-14 00:00:00+00:00,1.120553407768701,1.5493085368433588,0.34694297571684773,0.20400710267300187,-0.2967423346757471,-0.37175310995629746,0.002388939998845,1
2025-03-17 00:00:00+00:00,1.0643658234742577,0.2106443526634456,0.3042141006140683,-0.16422154010821596,0.3438938519391267,-0.41826690078560275,-0.0061215431356507,0
2025-03-18 00:00:00+00:00,1.1051766494922564,-0.7307139310607628,-0.2707390644580559,-0.43359987585930715,0.029561596410066737,-0.41977924899510355,0.0119893391203076,1
2025-03-19 00:00:00+00:00,0.9449488734659902,0.9120453332379485,0.3297123859944087,-0.0024303257831195042,0.061008421687561216,-0.289895433199183,-0.0052963903673799,0
2025-03-20 00:00:00+00:00,0.9360045512234976,-0.40757757829247404,0.32324268956158697,-0.2137201669830097,0.35258920027695273,-0.4791151147465993,0.0194767725147992,1
2025-03-21 00:00:00+00:00,0.6869784620474298,2.4192916550222416,1.9326501375996528,1.2993828608868647,-0.18476744742393583,-0.7222535230579433,0.0112705857792618,1
2025-03-24 00:00:00+00:00,0.9642808430310627,0.6417725593819187,-0.47239293458717413,-0.6980392963578559,-0.3190883478757796,-0.2058098340258887,0.0136818161868847,1
2025-03-25 00:00:00+00:00,0.9370610280608566,1.3254366671477407,-0.32595855206080854,-0.9882651762486281,0.32288279846738804,-0.5350304938689134,-0.0099217519590829,0
2025-03-26 00:00:00+00:00,1.0165316583041106,-1.0669250785815323,-0.1824317830106613,-0.8905146660840703,0.4237521340569365,-0.37904261762862174,0.0104726178197227,1
2025-03-27 00:00:00+00:00,0.9844673666811554,1.0275207301194997,-0.1823040147020254,-0.8071864120004489,0.36885945622163796,-0.5039375568359596,-0.0265803361504877,0
2025-03-28 00:00:00+00:00,1.0016208139578058,-2.4857869056741926,0.4509797173468589,-0.5730057183770857,0.7119517208203938,-0.4955096694809692,0.0194125314054529,1
2025-03-31 00:00:00+00:00,0.7112632985376401,2.094559573622819,1.8122702332515392,0.4333260966556395,0.9516597362916602,-0.4921176476854923,0.0047720157121817,1
2025-04-01 00:00:00+00:00,0.9481117909993498,0.8008850275282153,-0.024550339991791997,-0.8190434536167753,0.5071082190623841,-0.8001797854413959,0.0031362890740354,1
2025-04-02 00:00:00+00:00,0.9958923173871016,0.5568626103402788,-0.19979459534758487,-0.8536005740377526,0.3246268745098182,-0.7865379128454983,-0.092456112212191,0
2025-04-03 00:00:00+00:00,0.6519346754311073,-6.758098847416548,2.977001956452059,0.7367316277633532,-1.0810330399361843,-2.77987745469835,-0.0728873871304218,0
2025-04-04 00:00:00+00:00,-0.0012178887205250024,-6.00108571022234,5.487029410016389,1.3503903731326836,0.3100645769154771,-1.659044742870598,-0.0367342800659907,0
2025-04-07 00:00:00+00:00,-0.7669262815257754,-1.6148987418634422,8.344067176355653,2.6523614224613725,2.4312480963627836,-1.6945301988048025,-0.0498180797369491,0
2025-04-08 00:00:00+00:00,-1.0049720069198622,-6.199534009083483,8.185948954938395,1.4110402854135766,3.649024465948438,0.863286129909142,0.1532884009024953,1
2025-04-09 00:00:00+00:00,-2.3450374835729337,15.602286827122441,11.316899544939071,1.7774488356604186,4.091414804979313,-1.8320400332782425,-0.0423938293573709,0
2025-04-10 00:00:00+00:00,-1.25657084127632,-2.6112687764193994,5.7458892900862235,-1.1744649121483983,0.04418081221394872,-2.614003713754569,0.0405946073377281,1
2025-04-11 00:00:00+00:00,-1.5278000890553576,5.014969728879816,5.412077890263868,-2.0850557027016667,1.2415178402814455,-2.2935456115392876,0.0220539548295313,1
2025-04-14 00:00:00+00:00,-1.2692082418195112,-0.060981631686259266,4.80767453781468,-2.084385678293844,-0.35918273910436477,0.1482435894360519,-0.0018764003164231,0
2025-04-15 00:00:00+00:00,-0.8983395628890425,-0.09858379966503994,1.9500179093729424,-3.7944881776402073,-1.391446365400088,-1.8576772946838038,-0.0389333870455564,0
2025-04-16 00:00:00+00:00,-1.0721089682316665,-3.410872763679297,3.6615394350942285,-3.3471345154349796,-0.12672367153727285,-1.8504266717279156,0.0139495906699682,1
2025-04-17 00:00:00+00:00,-1.0236178821107873,0.8681292088909379,2.1621732951684236,-3.793562202668871,-1.2682396718603426,-1.461813115675274,-0.0193928247086362,0
2025-04-21 00:00:00+00:00,-0.9496558178486885,-1.3556858367815454,2.09927973653497,-3.8370002885937584,-1.1276126059814984,-2.2820146362522338,0.0340650478037396,1
2025-04-22 00:00:00+00:00,-1.1519300254565161,2.9079299294551153,2.5005137589232,-3.6529818679134847,-0.8740855930052357,-1.6215664318670673,0.0243317173115307,1
2025-04-23 00:00:00+00:00,-1.0809159890916813,1.3537044463037122,2.3274911163809273,-3.7589323799810432,-1.2082403800316543,-1.1577059634884146,0.0184260961286955,1
2025-04-24 00:00:00+00:00,-1.093094016523975,1.8188584662375442,2.5437717614634936,-3.903015772330446,-0.7486018338443422,-1.8582782208708184,0.004367291627862,1
2025-04-25 00:00:00+00:00,-0.9286943937474474,0.777066752796932,1.797123742656469,-4.268261645338246,-1.2312145327284592,-2.17065029947132,0.0041092966086708,1
2025-04-28 00:00:00+00:00,-0.8689961980263149,0.2745967814172547,1.8891347685145368,-4.218900547488438,-1.1952860861213646,-1.763816390528795,0.0050919280928809,1
2025-04-29 00:00:00+00:00,-0.8094298098878735,0.7533298809222625,1.824455367511236,-4.217728666031247,-1.118122976606531,-2.085592254696849,0.0061076195359506,1
2025-04-30 00:00:00+00:00,-0.9229313707479182,0.9432759291270277,2.9185077588445267,-3.6998024153906206,-0.5511200949360353,-1.9761382199449056,0.0038589678140712,1
2025-05-01 00:00:00+00:00,-0.8782933718780016,0.9799864983921212,2.67449406061656,-3.6947438712190617,-0.9720858901580808,-2.177074121881491,-0.0373617843204582,0
2025-05-02 00:00:00+00:00,-0.697295389318792,-2.6520712543672436,2.954108889670862,-2.323098246177705,-1.8270897789977718,-2.1859327503018124,-0.0314585965779796,0
2025-05-05 00:00:00+00:00,-0.65402933777955,-2.902771570158826,2.536573781933032,-2.6406691633445516,-0.8487586201728415,-1.425154009625346,-0.0019106471414049,0
2025-05-06 00:00:00+00:00,-0.5481357903184632,-0.10959081495946987,1.4309402029391327,-2.9096713529991867,-1.058296289803122,-1.6410681843416803,-0.0113847456241563,0
2025-05-07 00:00:00+00:00,-0.5815734757339283,-1.3291491425742297,2.3662093271999343,-1.9986371190333716,-0.6413861896441857,-1.266568217936474,0.0063184825628406,1
2025-05-08 00:00:00+00:00,-0.14453997837439944,0.29305099764735293,0.6092692739671158,-0.8777430653178809,0.2843116050861979,-0.38369482434823776,0.0052661062422416,1
2025-05-09 00:00:00+00:00,0.07982284881501792,0.16761137507080234,-0.5406307994709532,-1.096544602979699,0.0014743874408326618,-0.494639808230499,0.0631461199838376,1
2025-05-12 00:00:00+00:00,-0.03239553305362153,4.075421818894737,0.3460681008430109,-0.27042294095258407,-0.6714391158392402,0.4993371988549285,0.0101523230331814,1
2025-05-13 00:00:00+00:00,0.169445222517085,1.0369178892517505,0.3404884495644443,-0.5340548702983837,-0.14138686264484113,-0.9894128677140543,-0.0028177936917337,0
2025-05-14 00:00:00+00:00,0.31201809332439145,-0.2760844131454123,0.03362442632680744,-0.7001408503368025,-0.41579030842262726,-0.9721737993620669,-0.0041444711488297,0
2025-05-15 00:00:00+00:00,0.42097336111906686,-0.2705080286554311,-0.1580798220986712,-0.6416099862936532,-0.1589104296255122,-0.9316988613990219,-0.0008984887536631,0
2025-05-16 00:00:00+00:00,0.48739225581130446,-0.3127502433644659,-0.1485113704792264,-0.34385108969937717,-0.6832490944339119,-0.6840845423730559,-0.0117391939235379,0
2025-05-19 00:00:00+00:00,0.41048806538644045,-0.7189851956021445,0.4085343969592708,-0.4668421879502533,0.4016682605303624,-1.0019765316947378,-0.0091962168777601,0
2025-05-20 00:00:00+00:00,0.5051167733911653,-0.8430409097673287,-0.27926204639242463,-0.5885548209776452,-0.022535812627446934,-0.7679376642684611,-0.0230590623538902,0
2025-05-21 00:00:00+00:00,0.36170533796500876,-2.1728776178791724,0.9874545546040705,0.1784397510242821,0.35220587564363903,-0.6348387640437995,-0.0036123145542089,0
2025-05-22 00:00:00+00:00,0.4122420917796484,-0.20897481091283976,-0.3297703490956074,-0.40693538263946766,-0.16834825889016786,-0.8374643496293709,-0.0302444471907369,0
2025-05-23 00:00:00+00:00,0.23855483108201303,-1.801359542048391,0.9250961653513189,0.60145787026329,-0.5484631885111582,-1.51850312209346,0.0252984905926751,1
2025-05-27 00:00:00+00:00,0.13891552912444702,1.9585118728440531,-0.06575123160852456,-0.34230983085167027,-0.4498004109324049,-0.4445404057493669,0.0010488706643525,1
2025-05-28 00:00:00+00:00,0.18682152244371303,-0.04763914096114385,-0.377602295000627,-0.758371490256808,-0.27959129789845527,-0.6706575244205789,-0.0023451694711034,0
2025-05-29 00:00:00+00:00,0.0993488557146989,-0.8896578009487685,0.4361320905455121,-0.3939058977140284,0.19550681623496707,-0.1649495373466301,0.0045012248009053,1
2025-05-30 00:00:00+00:00,0.025604596846256017,0.5012903329111825,0.8440082239628449,0.22159950050158894,-0.20458364151419992,-0.6998800259904349,0.0042319628965628,1
2025-06-02 00:00:00+00:00,0.28646144257527817,0.4411891667261901,-0.9455565778770184,-0.8808517228285099,-0.138726191820728,-0.8280025339261979,0.0077839415365918,1
2025-06-03 00:00:00+00:00,0.3068348354467573,0.7749978479959527,-0.5646048035318263,-0.2764155608439533,-0.16502510538832071,-0.7353727163359549,-0.0022138529111597,0
2025-06-04 00:00:00+00:00,0.30178350780962776,-0.26066252470261286,-0.21803674750800237,-0.28278103015593664,0.27096210642570906,-0.6202628364800657,-0.0107978633331519,0
2025-06-05 00:00:00+00:00,0.3179427451681982,-1.3201932176538453,0.19785527961267282,0.20279901658086116,0.0004903413789818322,-0.4532738278351172,0.0163983937633571,1
2025-06-06 00:00:00+00:00,0.30941952717558485,1.1696627638671753,-0.33815379548225966,-0.18222100132954458,-0.021425932296255973,-0.44138430790843053,-0.0121126433120682,0
2025-06-09 00:00:00+00:00,0.22659054018136224,-1.4030897172842647,1.0236114606246407,0.7790456537987042,-0.10277316811797993,-0.39446531494438924,0.0060561427340823,1
2025-06-10 00:00:00+00:00,0.40767859022638464,0.6790081463081865,-0.4899307980492527,0.5682430009891447,0.1699322933504582,-0.322104814265145,-0.0191938507051134,0
2025-06-11 00:00:00+00:00,0.3516471434823568,-2.23150029811343,0.37754331967016075,0.8886269720787922,0.5497906006240763,0.14797266135344275,0.0021129868705409,1
2025-06-12 00:00:00+00:00,0.4341150404883701,0.054131382847250234,-1.154674516188411,0.06599077298990269,-0.0038860634706750874,-0.23077679157318964,-0.0138052090597426,0
2025-06-13 00:00:00+00:00,0.33044455893035424,-1.6307498800495817,-0.24306122617862716,0.45226277008929716,0.43658950686966363,-0.008520634711393228,0.0100280012921629,1
2025-06-16 00:00:00+00:00,0.3590603046491074,0.7660560422299303,-1.2216804647063406,0.0029602417505683893,-0.046098983563148364,-0.27123248405158046,-0.0140107014020747,0
2025-06-17 00:00:00+00:00,0.3436082542029547,-1.3468725694571322,-0.9227888191890122,-0.06751340445587495,0.38966769169572135,-0.3825206860832017,0.0048047013925145,1
2025-06-18 00:00:00+00:00,0.30290898799364147,0.3302115171129618,-1.0366346347720696,0.12419256252273611,0.001264489653401944,-0.3282503701854479,0.0224845744526929,1
2025-06-20 00:00:00+00:00,0.11434166980685176,1.9414485524585725,0.7259506111160801,1.956733050823865,-0.7475728281842372,-0.1197516397064719,0.0024874559265897,1
2025-06-23 00:00:00+00:00,0.26120411306509717,0.04241753820862184,-0.5790943671818358,0.3960771872578244,-0.06852817019368745,-0.154928863602203,-0.0059553399345165,0
2025-06-24 00:00:00+00:00,0.3685006667205795,-0.9151119912196998,-0.7592778125917686,0.5550912498021431,-0.019493629973280274,0.041887816746594225,0.0062905502734977,1
2025-06-25 00:00:00+00:00,0.41232240986740626,0.31741263610609133,-1.2498458451741234,0.1777414799078213,0.43648233086159915,0.05868682550345765,-0.0027782046113239,0
2025-06-26 00:00:00+00:00,0.42332284062995046,-0.37519654121399604,-0.9180039293140366,0.5717845912773519,0.16002201795651202,-0.056999208293334845,0.0003980356657655,1
2025-06-27 00:00:00+00:00,0.3891803836663784,-0.20752285482328497,-0.44102042959455906,1.3020467348082114,-0.4793916190314433,0.07839881201952674,0.0203400089488079,1
2025-06-30 00:00:00+00:00,0.11465521928372596,1.8446156953007617,1.3867592227451362,2.09824151507739,0.4817734390281317,0.1853601000516578,0.0129161884823703,1
2025-07-01 00:00:00+00:00,0.3051217567231271,0.9810258344792465,-0.09788064179843547,1.2136759202875154,-0.38399097824264977,0.1779580505701576,0.0222307755472981,1
2025-07-02 00:00:00+00:00,0.26155571373921227,2.0004819720426683,0.02358760770525258,0.77627452312545,0.2361870448781956,0.13568785870175923,0.0052249997708486,1
2025-07-03 00:00:00+00:00,0.47938252335901965,0.4705760353301016,-1.2582550958338177,-0.4336531102928416,0.4099396699454584,-0.02697484149340332,-0.0168578201821981,0
2025-07-07 00:00:00+00:00,0.37910206156805887,-1.7100897869464333,0.4454955913605675,0.3015850574542305,1.2467446718372877,0.2043885884275494,0.0002856912501358,1
2025-07-08 00:00:00+00:00,0.5432404278306137,-0.10500374537725199,-1.0285439855832639,-0.15860391808420038,0.2111752306850873,0.05019347378752888,0.0053808070312542,1
2025-07-09 00:00:00+00:00,0.5311700847184216,0.5337998454378087,-0.606632359869154,0.1922981206940713,0.4207163717954331,-0.023708531908508773,0.0060148647307183,1
2025-07-10 00:00:00+00:00,0.5849049834200407,0.6229332256626112,-0.8808059277886845,0.02739044274245753,0.3463494864765606,-0.09120036664092662,-0.0058847749161118,0
2025-07-11 00:00:00+00:00,0.7079269912328884,-0.40406828530553085,-1.3326413809134485,-0.07750325641806019,0.17678408913864213,-0.20189602501384585,-0.0120289534847503,0
2025-07-14 00:00:00+00:00,0.6773931341519701,-1.1469953131920132,-0.9968480866390083,-0.07723620461991006,0.4599827857596593,-0.0809564492285737,0.0023489018883675,1
2025-07-15 00:00:00+00:00,0.6870228995432122,0.029426211697885455,-1.1267074107238655,0.09710500210869129,0.26327997535415687,0.07505003677488696,0.0050212936815228,1
2025-07-16 00:00:00+00:00,0.6559174002168349,0.2068347087489231,-0.8125873240094359,0.32162911252195786,0.3344114899928633,0.18538710878950426,-0.0006661656987771,0
2025-07-17 00:00:00+00:00,0.7391533593204577,-0.24295859821337515,-1.2686190011187755,0.2858717401886423,-0.08456657272634145,0.10901936972678114,0.0055232025244587,1
2025-07-18 00:00:00+00:00,0.7387814198988398,0.3208228955001567,-1.2983778906183072,0.2987589377565074,-0.13874884112919028,0.13263310998504524,0.0061558851007932,1
2025-07-21 00:00:00+00:00,0.7462264580230833,0.3735555378846547,-0.7183742013755376,0.6988935736681378,0.39047769769617513,0.22061631572234638,0.0090361521855324,1
2025-07-22 00:00:00+00:00,0.8333079599283433,0.7146170889009835,-1.2181707038454515,0.4445148510079644,0.12946757023292935,0.0867928823085258,-0.0011660308502945,0
2025-07-23 00:00:00+00:00,0.8983076490536146,-0.3236592910892373,-1.1863580210286615,0.4915033940115329,0.08265599110823958,0.13959133833370285,-0.0018211459415493,0
2025-07-24 00:00:00+00:00,0.9294510179084466,-0.24773346907778845,-1.349189297396853,0.39919294292622726,-0.024670237700357558,0.02478449665436844,0.0005613418379564,1
2025-07-25 00:00:00+00:00,0.9752171595497614,-0.20709853716901824,-1.5895401936505051,0.19784578797920582,0.021307118526767758,0.13977278431570397,0.0007950151332456,1
2025-07-28 00:00:00+00:00,1.0216280512254436,-0.050467857368865075,-1.6354637076380847,0.18877272648844828,0.0918362862252814,-0.025093792427179705,-0.0129877060365273,0
2025-07-29 00:00:00+00:00,1.003615459366856,-1.4601097522068072,-0.6569602247624126,0.9748378063354665,0.22881476070014617,0.07323534651604488,-0.0105078707428118,0
2025-07-30 00:00:00+00:00,0.9855492919616976,-1.2954157665749402,-0.5984011336048553,0.8893226714883768,0.5968359329500426,0.0981258401363629,-0.0070796635423403,0
2025-07-31 00:00:00+00:00,1.0126303141473536,-0.6967157312690309,-0.362965822112758,2.299288452995703,-0.9982866078411542,-0.0956287994665887,-0.0250036231675303,0
2025-08-01 00:00:00+00:00,0.5380835612811882,-3.203760541690771,2.943418714122663,3.344362208726188,0.9639582117510284,0.9511361709428197,0.0047930274311329,1
2025-08-04 00:00:00+00:00,0.6421646665635453,0.030319805786013163,0.40939852974759955,1.8506753172606314,0.3197614442657601,0.47322958717879715,-0.0021146608214783,0
2025-08-05 00:00:00+00:00,0.7507000891166449,-0.3419254759344321,-1.1572556266683818,0.5326075522002995,0.4066263861068688,0.11981969935255149,0.0509067859318159,1
2025-08-06 00:00:00+00:00,0.18317983539490623,4.666055827988392,2.334367795391157,2.5136943434058576,0.27355211053073336,0.1216874651924157,0.0317936759059245,1
2025-08-07 00:00:00+00:00,0.4825266232451333,2.255951214631314,0.425741800418767,1.2139161259331972,-0.9962673188439379,0.31336628325956917,0.0423578113392197,1
2025-08-08 00:00:00+00:00,0.1592355548218474,4.170544162555439,2.9550730373291763,1.8893433140697764,0.5141437006638405,-0.02568709412595171,-0.0083373968287755,0
2025-08-11 00:00:00+00:00,0.6497596637950355,-0.7472264871041177,0.24390715629999624,-0.20186336770497795,-0.10508924228109838,-0.15226291888733937,0.0108724933381296,1
2025-08-12 00:00:00+00:00,0.7379021452542885,0.9177829509866544,-0.19472778323006473,-0.5072035880226845,-0.2435496293105505,-0.02283010143004836,0.0160243938109567,1
2025-08-13 00:00:00+00:00,0.7637623354954377,1.3690921593122145,0.2888458223089288,-0.12707116158942983,-0.39777929898015363,0.08957006019645203,-0.0023571672929781,0
2025-08-14 00:00:00+00:00,0.8975634907115521,-0.42403169215543507,-0.0686616427714002,-0.7131329748099456,-0.09268311662483193,0.1355874313896948,-0.0051122010426253,0
2025-08-15 00:00:00+00:00,0.9082499772194101,-0.7800729960962389,0.20188663595803055,-0.5919087987862799,-0.04612349245160885,0.24355125165762864,-0.003022493221957,0
2025-08-18 00:00:00+00:00,1.0133612685419964,-0.4048028966011348,-0.6125524767180507,-1.2296482626812921,-0.06247400274219881,0.012542815720144996,-0.0014292994582022,0
2025-08-19 00:00:00+00:00,1.0182695135249138,-0.28236324028414606,-0.4441929186401104,-1.1356014064307998,0.020767574310474,0.04728957068331152,-0.019734536864348,0
2025-08-20 00:00:00+00:00,0.9921981163024381,-2.02679264855325,0.026337671993490755,-1.0360625506694259,0.21142776447677827,0.0232995939037518,-0.0049112715773195,0
2025-08-21 00:00:00+00:00,1.0235061779817545,-0.6281801427742462,-0.7421119012292732,-1.4635564764709108,0.011027698561846658,-0.07709203161266541,0.0127167538736141,1
2025-08-22 00:00:00+00:00,0.9396910069306841,1.0345133509068791,-0.30617848081240584,-1.061417050565124,-0.013829193156154971,-0.02919006939919911,-0.0026343599561683,0
2025-08-25 00:00:00+00:00,1.0042334866088825,-0.14719988062712402,-0.6243135057146106,-1.4392064618740539,0.13490266533896503,-0.27681138843717534,0.0094647064760466,1
2025-08-26 00:00:00+00:00,0.9247878947569503,0.9612399202410364,0.22249196340023691,-0.6010443606964251,0.02410356470890858,-0.14204343808217623,0.0051458813413778,1
2025-08-27 00:00:00+00:00,1.0774563583074779,0.5645238271935661,-0.7949270962686068,-1.3895155183626462,0.04274477392835736,-0.23703273724993174,0.0089809172866694,1
2025-08-28 00:00:00+00:00,1.1118514179687344,0.8021564749833948,-0.3247006368695416,-1.012269316881309,0.21970485949964685,-0.1407236732615933,-0.0018060633679641,0
2025-08-29 00:00:00+00:00,1.3431292549068619,-0.2452056271869319,-0.8840041257247825,-0.8346797127526312,-0.33077475323602645,-0.23901812063797243,-0.0104246501822359,0
2025-09-02 00:00:00+00:00,1.319729560337281,-0.6892093267894517,-0.20063693755006967,-0.5410486410269354,0.06075624050185386,-0.5272414038031352,0.0380898112559979,1
2025-09-03 00:00:00+00:00,1.235520243234981,2.6878537286325805,0.28621860563115764,0.07929116550382712,-0.6442407557637856,0.3677759891902452,0.005493276796928,1
2025-09-04 00:00:00+00:00,1.524358910565229,0.5152120054046988,-0.4677203924226176,-0.26147003579749994,-0.2532879116420726,-0.2617286739541709,-0.0003753100891027,0
2025-09-05 00:00:00+00:00,1.6565094424758677,-0.11692752326964083,-0.4218978258064636,0.17384902709491842,-0.5657759470112476,-0.20520352802106612,-0.0075513828270529,0
2025-09-08 00:00:00+00:00,1.7913626849065,-0.7781156820048251,-0.4367277358957458,0.4149909974370295,-0.0724301529432113,-0.11076935437411506,-0.0148394368184859,0
2025-09-09 00:00:00+00:00,1.7358054207360376,-1.4409993848662204,0.46445372691046444,1.1449565933431158,-0.23355292742388695,-0.09327099931191907,-0.0322594600896611,0
2025-09-10 00:00:00+00:00,1.5995447459679422,-3.041784158908633,1.3425855722672038,1.614390967826176,-0.5220423734731326,-0.21117246145522175,0.0142863336333471,1
2025-09-11 00:00:00+00:00,1.5824771003764173,1.4039355121573212,-0.28218195259007844,0.26679257746680496,-0.09371563205445789,-0.33120594589726693,0.0175629935039587,1
2025-09-12 00:00:00+00:00,1.4905085200015977,1.8899296559351633,0.31352611322821666,0.5184384543053733,0.16580986336676667,-0.4237864556330733,0.0112358675713866,1
2025-09-15 00:00:00+00:00,1.651799635166208,0.6486126967862496,-0.6331272515331139,-0.11329846144908251,-0.18577941008417523,-0.07946565797477928,0.0061259327638145,1
2025-09-16 00:00:00+00:00,1.58480650418891,0.521768410592155,0.3400741702380072,0.7071531978196018,-0.33453447930849145,-0.2250499512818675,0.0035272123260534,1
2025-09-17 00:00:00+00:00,1.7300998968493513,0.18926473760190074,-0.7017850849067538,-0.11463499951531839,-0.46242885812470297,-0.23640138517073797,-0.0046445309633795,0
2025-09-18 00:00:00+00:00,1.7270742442698526,-0.6849399152388342,-0.2517627801813327,-0.035199034729811125,0.1654171141603832,-0.005965906150447953,0.0320328671915763,1
2025-09-19 00:00:00+00:00,1.4342004439200677,2.83252206818347,2.6264369566464327,3.648285560835465,-2.729670093845546,0.1582244285884604,0.0430957250877781,1
2025-09-22 00:00:00+00:00,1.3744684242852054,3.9955990063464553,1.9696437421029198,1.3216871228365248,-0.5441102598857287,0.1894672794404722,-0.0064432739984686,0
2025-09-23 00:00:00+00:00,1.7362362303880896,-0.66837403306352,0.08260840347921172,-0.48475298044296217,-0.5804669073075649,0.06493883062986516,-0.0083323521714013,0
2025-09-24 00:00:00+00:00,1.7933412916407419,-1.01821199254424,-0.020351974382792633,-1.0127200944947357,0.056148914025577874,0.21045295682949486,0.0180729879351344,1
2025-09-25 00:00:00+00:00,1.745582335319147,1.6973582166134904,0.3864453864798518,-0.6577202933926454,-0.027633270257908637,0.14060946107839514,-0.0054891182025097,0
2025-09-26 00:00:00+00:00,1.8936552529872384,-0.21083981934311263,-0.0642444528604473,-1.0649244133458593,-0.17453978774187698,-0.1522361708188524,-0.0040319636263574,0
2025-09-29 00:00:00+00:00,1.9817380817367998,-0.32632552002737203,-0.6182308335889024,-1.3500242967676803,-0.5087851301630264,-0.03190098866412538,0.0007861334250209,1
2025-09-30 00:00:00+00:00,1.9888287775010969,-0.020588080356664897,-0.5139041311807647,-1.3512376269640218,-0.26004176685833214,0.13255649051742674,0.0032203746225194,1
2025-10-01 00:00:00+00:00,2.025988617451325,0.23873525832555195,-0.16859809924538843,-0.7819150147162179,-0.20985237405640939,0.24042740553137754,0.0065765531676558,1
2025-10-02 00:00:00+00:00,2.0508437522916494,0.47788587920201525,-0.2613281224581611,-0.9627399809508632,-0.031027986588193654,0.30512992501252767,0.0034612620026193,1
2025-10-03 00:00:00+00:00,2.03528857335321,0.6729574331473288,0.21203053195721458,-0.6841472493478997,0.18173054309019568,-0.012966183791065431,-0.0051546342798789,0
2025-10-06 00:00:00+00:00,2.1458192747993676,-0.564416407953825,-0.18154266766013652,-0.8836502667487601,-0.09917268604310933,0.2451839411495566,-0.0008179936161896,0
2025-10-07 00:00:00+00:00,2.2726835451935377,-0.14586934156941717,-0.9542580423191827,-1.2791464780139268,-0.2137541864871006,0.14524266600687977,0.0061603366658682,1
2025-10-08 00:00:00+00:00,2.373837340404436,0.5840858078183291,-0.9499706747098944,-0.7879596888150662,-0.0874775980528172,0.22002475378781253,-0.0155778838405604,0
2025-10-09 00:00:00+00:00,2.3515500286754634,-1.6233204189677668,-0.2388952643727251,-0.6520033911044699,0.3387478638166742,0.3306216022428701,-0.0345220986103322,0
2025-10-10 00:00:00+00:00,2.0322339685186765,-3.7388201466911766,2.297935435902225,0.3427486047052185,1.3647147397298494,0.6768658818571303,0.009744389834039,1
2025-10-13 00:00:00+00:00,2.1828319150483453,0.36045264865748283,-0.33840821104311464,-0.8630615357599346,0.06835535154385315,0.4512553476036701,0.0004441308223144,1
2025-10-14 00:00:00+00:00,2.1851382094242466,0.1564273154751689,-0.3167563366937634,-0.8830314705143554,0.2644662732528642,-0.1098113007165644,0.0063365317531554,1
2025-10-15 00:00:00+00:00,2.1776219585739063,0.35570142123872994,-0.3545338989723473,-0.9052019456903151,0.2907746922806282,0.13601460007761015,-0.0075800004004762,0
2025-10-16 00:00:00+00:00,2.1987496053203452,-0.6659719255437692,-0.26026320003880604,-0.7085532174519399,0.04468172332360927,-0.132216036495668,0.0195594545812054,1
2025-10-17 00:00:00+00:00,2.2149456755269554,1.899448872183878,0.39597442189318394,0.14605855629874584,0.2878242069076825,-0.17885863464694315,0.0394387255683081,1
2025-10-20 00:00:00+00:00,2.177918348350289,3.538137098084851,1.9406479281904312,2.0302287023470695,-0.5549528181954557,0.0911073583320871,0.0020209184094199,1
2025-10-21 00:00:00+00:00,2.5452317993585893,0.23791820088842996,-0.27050804672204587,0.007071742335967234,-0.35870037211990835,-0.2713496893844119,-0.0164400293002855,0
2025-10-22 00:00:00+00:00,2.495639958686512,-1.712846594447167,0.6647970184063717,0.07161293390012906,0.5394604928380505,0.003125862476159706,0.0043720336332524,1
2025-10-23 00:00:00+00:00,2.6721011077454855,0.20948467320853248,-0.8305285075726386,-0.572664120549074,-0.1302750553842622,-0.12286550529808517,0.0124819888488096,1
2025-10-24 00:00:00+00:00,2.6239350017084666,1.0326512230867104,-0.14795076845962307,-0.22839617980278099,0.21998449741053805,-0.0877071625990285,0.0227911525244013,1
2025-10-27 00:00:00+00:00,2.6508974904266602,2.0424287567257875,-0.05873739890316106,-0.053005557209970675,-0.15078789144188792,-0.1598608777002375,0.0007068182263614,1
2025-10-28 00:00:00+00:00,2.838376457534973,0.03663586994631376,-0.6868859968449637,-0.35210492819760497,-0.684636004336371,-0.31290504782224526,0.00260220986863,1
2025-10-29 00:00:00+00:00,2.8024722788124317,0.2285431028797573,0.13917415223087368,0.15213861897050923,-0.4406980182247929,-0.21110349540539686,0.0063032339337949,1
2025-10-30 00:00:00+00:00,2.7809884936353164,0.3625410622894743,0.8809064847591244,0.8825582426010551,-0.7886131646916041,0.05746434090732804,-0.0037950437130892,0
2025-10-31 00:00:00+00:00,2.743216705413571,-1.0867881196197253,1.7852761125393584,1.4721249683636364,-0.8191804550382125,0.5763397612366602,-0.0048823604449951,0
2025-11-03 00:00:00+00:00,2.8559547518125132,-0.515659709096308,0.17460596117240515,-0.12602247778323944,-0.3021054113743627,-0.019974050755374347,0.0036798499780619,1
2025-11-04 00:00:00+00:00,2.8528166251428457,0.4721356748267471,-0.022069464814580383,-0.24574013955000926,-0.3705515228777598,-0.13185588195552064,0.0003703449539222,1
2025-11-05 00:00:00+00:00,2.8452812470580264,0.21809488202731284,0.051539530101532886,-0.44256710437179814,0.017628912786640773,-0.12192839401850585,-0.0013698257358518,0
2025-11-06 00:00:00+00:00,2.830389932360189,0.1545799990556351,0.3654370129553036,-0.1113557266032084,0.002559189179648886,-0.10690318292105881,-0.0048188494779721,0
2025-11-07 00:00:00+00:00,2.93857053566886,-0.5194460868966111,0.08898461575414901,0.051828540087336124,0.14962729844573472,0.3233916153432616,0.0045486242317036,1
2025-11-10 00:00:00+00:00,2.913150464003938,0.3413843792870084,0.059260910258032304,-0.18403742406810653,0.5507998101595558,0.396179811966576,0.0216011510195217,1
2025-11-11 00:00:00+00:00,2.8961096697684137,2.1526264238377584,0.14227989182108786,-0.0904173954835802,0.3869799157691715,0.23807587847701783,-0.006466881039806,0
2025-11-12 00:00:00+00:00,3.049611789833126,-0.6461558858949619,-0.17982033586185656,-0.18247715039070436,-0.23155156058553986,0.26655916271741315,-0.001901364692423,0
2025-11-13 00:00:00+00:00,3.046279489771575,-0.2909960075452828,-0.05441409101194461,-0.12416694600006485,-0.12823907994729014,0.39072897530908896,-0.0019785314538629,0
2025-11-14 00:00:00+00:00,3.0150804651481997,0.03273457025476976,0.28624345712512184,-0.08752309138419102,0.41215340730290206,0.24372377982740423,-0.0181711077353778,0
2025-11-17 00:00:00+00:00,3.1757061370470447,-1.4275776186229125,-0.18778108560193033,0.05387924750431018,0.20207924174752795,0.17040614418400582,-7.459665747477917e-05,0
2025-11-18 00:00:00+00:00,3.113086014256994,-0.36796753670766835,-0.13395974515857775,0.1152567826111869,0.2308720659794122,0.6875555607023687,0.0041876790539157,1
2025-11-19 00:00:00+00:00,3.0569840764293055,0.660976718867841,0.00839202608355721,0.06816663822977963,0.868939089359988,0.33283311737133947,-0.0086013615100238,0
2025-11-20 00:00:00+00:00,2.988863771570872,-1.2210825658630489,0.7550574051044052,0.3442503455905905,1.1805037370884421,0.9230012762573127,0.0196806108681768,1
2025-11-21 00:00:00+00:00,2.927458986899153,2.0546681636574773,0.6481538945092324,0.6575489970293994,0.48927098692892373,0.4208160824062665,0.0163175659606353,1
2025-11-24 00:00:00+00:00,3.0235455837322878,1.7567187457824116,0.399561971722072,0.7994879164908102,-0.037984085980710076,0.43546678059345045,0.0038054503569113,1
2025-11-25 00:00:00+00:00,3.142286609391532,0.4574564339574032,-0.22010562699601033,0.03392037603992233,0.2561376998685988,0.5092102160682408,0.0020939956913605,1
2025-11-26 00:00:00+00:00,3.28340620578261,0.18755335966122957,-1.0033933646736053,-0.5341007493749701,0.13837677358375364,0.4886104301148562,0.0046838668279296,1
2025-11-28 00:00:00+00:00,3.377215332586859,0.47920256871208716,-1.293958938243349,-0.9459923480196292,0.5835021234223478,0.38580657465687823,0.0152411733572359,1
2025-12-01 00:00:00+00:00,3.2952428499004442,1.668856235693402,0.3070446497638573,0.35334002168678014,0.6355974296644027,0.2987231103238719,0.0109148425450353,1
2025-12-02 00:00:00+00:00,3.4427077133348236,1.141183710630089,-0.033441707231917216,0.49999180768793955,-0.18966994072737953,0.3091860319476041,-0.0071281038901495,0
2025-12-03 00:00:00+00:00,3.5270736374669087,-0.7451857632250648,-0.11578079667861776,0.08860456811257754,0.1762424163829137,0.4342000019384376,-0.0121415045329662,0
2025-12-04 00:00:00+00:00,3.5164578782872247,-1.2558627546837429,0.1315561913846529,0.095310964748744,0.307986153675567,0.45293775918927587,-0.0068399584040526,0
2025-12-05 00:00:00+00:00,3.584728898226934,-0.6833276975112678,-0.41477950388131996,0.09710040784891429,-0.4419865219160549,0.27450946108020746,-0.0031925522262467,0
2025-12-08 00:00:00+00:00,3.5631677956751777,-0.2544725976065026,-0.5575074232282274,-0.22048978449882098,-0.017043304485768636,0.2182415636285996,-0.0025549540307587,0
2025-12-09 00:00:00+00:00,3.570269172945268,-0.3150503127310889,-0.8130804225236247,-0.4652253848951533,0.07546896044668865,0.271694462946591,0.0057724797109819,1
2025-12-10 00:00:00+00:00,3.5701466862145645,0.5028924611954975,-0.8355642362679917,-0.2969634295556715,0.15251900720819608,0.3061542657688997,-0.0026903714995808,0
2025-12-11 00:00:00+00:00,3.534900677130387,-0.34040171514234746,-0.2888243343956917,-0.13091565323821777,0.655019611511738,0.39905690936721416,0.0008993197704185,1
2025-12-12 00:00:00+00:00,3.6292626350246944,0.10278502586354821,-0.8312075589188631,0.024818708690445866,-0.2860581101783714,0.17969778436077483,-0.0149851653746505,0
2025-12-15 00:00:00+00:00,3.4935779224194357,-1.7884884681826116,0.5785590306364676,0.6571749597132384,0.27736003424798616,0.5805483371497087,0.001824138532716,1
2025-12-16 00:00:00+00:00,3.560962637437386,0.3457587106120347,-0.6119432541773059,0.05516017400660403,0.1295395120135605,0.12424926147948107,-0.0100870370636572,0
2025-12-17 00:00:00+00:00,3.531149269583096,-1.094193723237368,-0.06704029194022176,0.5993947477688387,-0.23192788333158676,0.34320736538103824,0.0012876722074433,1
2025-12-18 00:00:00+00:00,3.4082365564220334,-0.10383164878531105,0.3923112018663455,0.7336532478685771,0.22069347229185796,0.5164990019347927,0.0054373787438681,1
2025-12-19 00:00:00+00:00,3.2915652784240375,0.6678661192093153,2.16319343751219,3.9703964433096703,-2.9939158109197503,0.3177647632089315,-0.0098659596326894,0
2025-12-22 00:00:00+00:00,3.4571477857048825,-0.9381369162228153,-0.7981973388034289,-0.18841144176974872,0.1421371690418046,0.43487255442807177,0.0051297328685735,1
2025-12-23 00:00:00+00:00,3.475906445231031,0.5135859319983952,-1.150547141791781,-0.32946711070719104,0.3358875716237887,0.39479135170612145,0.005323766193815,1
2025-12-24 00:00:00+00:00,3.5077054008859223,0.5049180319105184,-1.3980274238092316,-0.7572228457652243,0.7895484989088726,0.3739296836852699,-0.0014974546958207,0
2025-12-26 00:00:00+00:00,3.561564517618906,-0.24136520708014653,-1.4507904554812845,-0.6124871978672005,0.46736671313635636,0.39280050440627584,0.0013169247892232,1
2025-12-29 00:00:00+00:00,3.5582915343333488,0.19282973093305147,-1.4983223523366256,-0.5372083617976897,0.3230923994192581,0.2643027381887896,-0.0024840667289872,0
2025-12-30 00:00:00+00:00,3.618315319408666,-0.17191310274436375,-1.645926736898035,-0.4807192269110592,0.3664821489825962,0.27932600574937827,-0.0044675063654235,0
2025-12-31 00:00:00+00:00,3.647594435649215,-0.4943704725231844,-1.5220109743149386,-0.1223361606266762,0.19780269866735176,0.3712851396924958,-0.0031265878039098,0
2026-01-02 00:00:00+00:00,3.4177831905416673,-0.40883312701838975,0.2817589912904007,0.7090511238392023,1.3418613515269142,0.6477984160742457,-0.0138370789136696,0
2026-01-05 00:00:00+00:00,3.497719620164874,-1.4006239260810678,-0.20809651845105404,0.9009017543616392,0.2667704183157033,0.46826175887758653,-0.0183342811831226,0
2026-01-06 00:00:00+00:00,3.411869546564011,-1.872936407773508,0.07136089155581066,1.1326201614679168,0.002464758425796454,0.4267124733691773,-0.0077375221244099,0
2026-01-07 00:00:00+00:00,3.3581701570823945,-0.9295519067233825,-0.4417633806090362,0.8495821723728525,-0.17013167867362838,0.4243918444533156,-0.0049551351915569,0
2026-01-08 00:00:00+00:00,3.251809280587535,-0.06442541112284883,-0.42965284905690926,0.8880491882466742,-0.14694327776672883,-0.00853277906137871,0.0012739243260126,1
2026-01-09 00:00:00+00:00,3.192478278589748,0.09245972169109053,-0.7162439870462994,0.45273886566705396,0.27416566135204967,0.3548015813043067,0.0033927700267757,1
2026-01-12 00:00:00+00:00,3.115182893917725,0.35052332751680876,-0.46344785981936154,0.663589556501586,0.22495179425386952,0.3330199021606063,0.0030739393950796,1
2026-01-13 00:00:00+00:00,3.116494671382883,0.5044208769285908,-0.6864240538531966,0.6107239429838376,-0.0041955428483837496,0.15631694109452746,-0.0041753093033357,0
2026-01-14 00:00:00+00:00,3.0926291272607753,-0.2539247924066499,-0.4808603076379124,0.5251231937095332,0.5837501582164417,0.2890210235065023,-0.0067318827494811,0
2026-01-15 00:00:00+00:00,3.1212076577842316,-0.8299126993527575,-0.7806442686645567,0.4435078157309832,0.28296346213778356,0.4891571867936976,-0.0103791074177385,0
2026-01-16 00:00:00+00:00,3.0439571556185108,-1.030429118826042,0.09824658019935864,1.778655305327718,-0.8105457893121223,0.3914462803031249,-0.0345556287050651,0
2026-01-20 00:00:00+00:00,2.662766465154365,-3.202707042765812,2.3367828718279537,2.1235540025295645,0.6642695036241266,0.3929332018976675,0.0038508809593345,1
2026-01-21 00:00:00+00:00,2.7703199775759666,0.08548756872306114,0.4243925676608677,1.1805396130135422,0.18455781744351024,0.3194460447247572,0.0028265282683099,1
2026-01-22 00:00:00+00:00,2.835810787053841,0.03012484159807497,-0.856386936090982,0.31906776716522145,-0.11013292664556132,0.13822737218794984,-0.0012482377059583,0
2026-01-23 00:00:00+00:00,2.711562587046616,-0.018430805530720046,-0.34995885065235294,0.49818959540485297,0.3659020020694799,-0.00978258547422847,0.0297129375996174,1
2026-01-26 00:00:00+00:00,2.4876994907610914,2.5234333870083727,0.5267623041858315,0.8738343658288215,0.2198318249179575,0.25161687592554044,0.0111975526193079,1
2026-01-27 00:00:00+00:00,2.643815934559823,0.6013226907221888,-0.3161001977563191,0.30749751624270105,-0.35564925887785837,0.2900454198984782,-0.0070854122687193,0
2026-01-28 00:00:00+00:00,2.656070853838765,-0.6798252984345626,-0.3156705547312938,-0.06199686759996543,0.1429946742703284,0.015168609776209069,0.0071751133860988,1
2026-01-29 00:00:00+00:00,2.556671801767661,0.5135696964208962,0.47046861865056255,0.8453097246745854,-0.4678759907413121,0.24037344502807967,0.0046461370951069,1
2026-01-30 00:00:00+00:00,2.3461914140501783,0.9321761914916649,2.0790400333634804,1.7407028258527677,0.02620770194940091,0.04509402403249214,0.040581232988504,1
2026-02-02 00:00:00+00:00,2.210065567181262,4.07971185663274,2.018949037319551,0.7204941980316033,0.7650935230012077,0.1591941628901,-0.0019629018353019,0
2026-02-03 00:00:00+00:00,2.592223059021949,-0.0953441184131186,0.3238226612281588,0.004621317279341113,-0.6356499219070839,0.07594325049191282,0.026012817340576,1
2026-02-04 00:00:00+00:00,2.501978064166324,2.314919701129045,1.3045845862300418,0.8268535185079686,-0.8313774454197983,0.4119139991266419,-0.0020975207707348,0
2026-02-05 00:00:00+00:00,2.6865614477503126,-0.440454004822658,0.49188520491617044,-0.4732853909490432,0.03406774720911621,0.5140900826252539,0.0080096694085727,1
2026-02-06 00:00:00+00:00,2.806430194000373,0.6595733400953888,-0.05468652195938046,-0.6687378376061456,-0.3608476770271841,0.35676392622398734,-0.0116604186123071,0
2026-02-09 00:00:00+00:00,2.8045128803861834,-1.227538452788729,0.45227671690673515,-0.8024529436834479,0.2984838703584547,0.4470252262130729,-0.0034230173985199,0
2026-02-10 00:00:00+00:00,2.9389379190482128,-0.40637894005161634,-0.6424554799729366,-1.3114312173143616,-0.2990798494533204,0.25874891877609385,0.0066501563343037,1
2026-02-11 00:00:00+00:00,2.81988751056546,0.5459626420696257,0.4171155394500373,-0.5946961333060965,-0.03708247594348105,0.3953756987186562,-0.0499817899391242,0
2026-02-12 00:00:00+00:00,2.4577434757989085,-5.2014575705109625,3.6479364453076646,0.36836293569343553,1.1739904279476168,0.7463817254506544,-0.0227333759213631,0
2026-02-13 00:00:00+00:00,2.5283960390077547,-2.3928605670541736,1.1684323592525734,-0.8974084668474241,-0.07519147241034183,0.273650892253761,0.031667901456869,1
2026-02-17 00:00:00+00:00,2.2281566221569613,2.923184394983393,2.0246002702324146,-0.6776320543457873,0.8335379895572684,0.2273090379704642,0.0017811675649548,1
2026-02-18 00:00:00+00:00,2.5859495107914974,0.20450385420819367,0.04110189788033444,-1.51824699124014,0.04354739991074448,-0.06229621166795805,-0.0142615913811262,0
2026-02-19 00:00:00+00:00,2.5993925261250292,-1.259189825375679,0.05727883884729153,-1.6089662496998065,0.1264300481563585,-0.1977839183116147,0.0153504310566325,1
2026-02-20 00:00:00+00:00,2.4505697365084345,1.7968387403606914,0.7420448832255031,-1.1414293654939325,0.3982565776231454,-0.2904527154819339,0.0060472737697376,1
2026-02-23 00:00:00+00:00,2.544034962497548,0.759604380782919,0.5254841837931608,-1.3329388758332288,0.3414798302014968,-0.1967042048729475,0.0223910510681033,1
2026-02-24 00:00:00+00:00,2.547776190458075,2.066407883265016,0.8817256126874813,-0.9087431359682828,0.2891581864641207,0.04384214057447501,0.0076798561696611,1
2026-02-25 00:00:00+00:00,2.7607771826024776,0.8295430985739944,-0.07406667787577018,-1.496498239912685,-0.08297265069961406,-0.2054175780615468,-0.0046676897850849,0
2026-02-26 00:00:00+00:00,2.819890317923885,-0.5888482124778004,0.2215726798914466,-1.4739588695907762,0.19331575558995326,0.022740710213808593,-0.0321303776741574,0
2026-02-27 00:00:00+00:00,2.6692486055039493,-3.2918893655598893,2.3328305060564993,0.0065114285063745895,-0.007697459522063769,0.1202338387749022,0.0020439219879579,1
2026-03-02 00:00:00+00:00,2.720370267067828,0.45550920583600096,0.8284287628425094,-1.089231073203263,0.2005567296712295,-0.4362265172501092,-0.0036640946670775,0
2026-03-03 00:00:00+00:00,2.816713096142397,-0.21615486016259644,0.414704930385414,-0.9878608495043334,0.1440913413697248,-0.31007410363636034,-0.0046636409527347,0
2026-03-04 00:00:00+00:00,2.8352245089623622,-0.6091094443049921,0.2684723364987049,-0.9066790439083263,-0.12284309554669141,-0.17771279684619234,-0.0084945366394583,0
2026-03-05 00:00:00+00:00,2.8485902415146347,-0.635132138382045,0.4050430103298736,-0.3140372231077621,-0.45142702783948435,-0.47096121138908487,-0.010872576884936,0
2026-03-06 00:00:00+00:00,2.8194509785517328,-0.9012472228515963,0.21996326907438254,-0.6196748253027845,-0.15466454953750827,-0.4739800922198305,0.0093996024423435,1
2026-03-09 00:00:00+00:00,2.648231770776601,1.2060960808140753,0.8100594669214317,-0.5502775668352736,0.7251537943470903,-0.5083943923825619,0.0036555161307854,1
2026-03-10 00:00:00+00:00,2.728707640065744,0.6696418171540959,0.17172159592502184,-0.9235043537370307,0.5160082636348282,-0.6170913627342572,-7.665572857407099e-05,0
2026-03-11 00:00:00+00:00,2.8446252909084855,-0.06608292679962695,-0.6423262358128787,-1.235048709137526,-0.10521150087141856,-0.4703821083763509,-0.0193627404437324,0
2026-03-12 00:00:00+00:00,2.7719058275949213,-1.717939783923459,0.34296168737370164,-0.48540796054465635,-0.11052003702594204,-0.589866073070009,-0.0220519472431525,0
2026-03-13 00:00:00+00:00,2.772645643919583,-2.2703534623770563,0.5252140332296934,-0.1527669440808336,0.5936581888143438,-0.17412853462764485,0.0107948803446675,1
2026-03-16 00:00:00+00:00,2.785166275484111,0.7964675912795891,-0.3985349870079152,-0.3837228869864956,0.16039465288286292,-0.2402092771523202,0.0055770205952527,1
2026-03-17 00:00:00+00:00,2.864993380682012,0.5254883780420131,-0.7338311965240922,-0.1815574140619847,-0.006201721921654969,-0.3771669610987378,-0.0168744476232112,0
2026-03-18 00:00:00+00:00,2.7587399379562085,-1.5526316104758227,0.1584051758962839,0.10153046564543104,0.5456533790051961,-0.349898816860318,-0.0039208877266552,0
2026-03-19 00:00:00+00:00,2.732735839267166,-0.3594181640464836,-0.26331226836980515,0.012527329226093039,0.28584636278348574,-0.3502585558107025,-0.0038962891312026,0
2026-03-20 00:00:00+00:00,2.671352860088602,-0.22290852269234235,0.8847227418646189,2.311683888256345,-1.9345318901251256,-0.41079780912954694,0.0141135098048048,1
2026-03-23 00:00:00+00:00,2.633477683869426,0.5606963830208145,-0.32911555912851703,0.13635275983517836,-0.047773510480193994,0.3286184660592822,0.0005963911769359,1
2026-03-24 00:00:00+00:00,2.6123960028462676,0.19735408608240668,0.03973395694205103,0.5228672389987287,0.23053281839537962,-0.23088627977530843,0.00389446037295,1
2026-03-25 00:00:00+00:00,2.7016566797760038,0.0017343250298144338,-0.9471258052323639,-0.30694141165684125,0.3067270512997973,0.08082116455291848,0.0010688474769657,1
2026-03-26 00:00:00+00:00,2.581038265667705,0.14638765812880233,0.13715474592108823,0.41072642267878373,0.5681272594039662,-0.10403099308129368,-0.0161730540049985,0
2026-03-27 00:00:00+00:00,2.6327107416251176,-1.848626021546545,0.5285392575938929,0.9771016195611611,0.5897455193238416,0.2571731201301869,-0.0087218780717569,0
2026-03-30 00:00:00+00:00,2.647037712527705,-1.1263536806401713,-0.22244951482644543,0.5008044463176655,0.4440573764610042,0.1622943685359113,0.0290313505637749,1
2026-03-31 00:00:00+00:00,2.3858576253107233,2.763424888485897,0.8452708133796241,0.8926911311126902,0.7946269604571855,-0.08065285862746041,0.0072501229163621,1
2026-04-01 00:00:00+00:00,2.64523517594206,0.6763030576993212,-0.6713165908613389,0.15483190140393593,-0.23474796999175473,-0.28781010293688386,0.0011344171618641,1
2026-04-02 00:00:00+00:00,2.6123598606417393,0.27576071205052366,-0.2831888070602768,-0.06639643750866843,0.7322829161426869,-0.3360771447209421,0.011487928393195,1
2026-04-06 00:00:00+00:00,2.6399820990307568,1.0539172626310984,-0.3264223892539544,-0.13165185452210754,0.811368791143415,-0.18952520142908263,-0.0207061614363353,0
2026-04-07 00:00:00+00:00,2.5011950058177117,-1.779424573939411,1.9105448802060552,1.5065384645606816,0.6909704364105562,-0.20109153832954826,0.0213018370177464,1
2026-04-08 00:00:00+00:00,2.6664586915284034,1.4624736630790183,-0.521725701298139,0.05366039425251914,-0.34980990262482203,0.05580523533965539,0.0061413306665165,1
2026-04-09 00:00:00+00:00,2.660587074078603,0.5779470659317654,-0.3917320332710976,-0.4696278347567557,0.6304911281911401,-0.26916971188559236,-3.837788982874457e-05,0
2026-04-10 00:00:00+00:00,2.7828302609001887,0.03255643863148011,-0.754867784412078,-0.3300605326358882,0.09498967079403069,-0.3369530299292693,-0.004913966848681,0
2026-04-13 00:00:00+00:00,2.8152891422565065,-0.4345026075249945,-0.5892346545606496,0.005928989333637501,0.029837378327917698,-0.2500622606295669,-0.0014275206833038,0
2026-04-14 00:00:00+00:00,2.7654628906989873,-0.17160221115751118,0.006757273664674647,0.5793180964215194,-0.12191027344395715,-0.10965038079974733,0.0293628819334408,1
2026-04-15 00:00:00+00:00,2.5530672239338825,3.0966407555204816,0.9777852964227185,0.6423060472127656,0.7934491684707626,-0.26888125286327214,-0.011372573588962,0
2026-04-16 00:00:00+00:00,2.796046529445767,-1.2473826079244754,0.19001039199792907,0.20012238058451776,0.2302960145488043,0.013604653191384602,0.0259301722573028,1
2026-04-17 00:00:00+00:00,2.7251889224314123,2.1764619014694597,0.5443312758182977,0.79558965122349,-0.4691660058496452,0.09300281956995587,0.0104354244193682,1
2026-04-20 00:00:00+00:00,2.946288528176348,1.0439424950920064,-0.37800500889007155,-0.2096459969953196,0.023833904610772578,-0.27891100219217574,-0.0251967140961575,0
2026-04-21 00:00:00+00:00,2.9101887030178735,-2.4122621456117326,0.9573572597414991,0.40453176209633,0.16820567587286805,-0.2015826970689501,0.0262990502763393,1
2026-04-22 00:00:00+00:00,2.83613628831673,2.4693825498671886,0.5653273541743047,-0.0005208809277058237,0.33183692187245883,-0.23745300261551872,0.0009516199250387,1
2026-04-23 00:00:00+00:00,3.0498177108972344,-0.16166513513313607,-0.2667705216391059,-0.6081806473204308,-0.023484878156085107,-0.1504291236136378,-0.0086676871881985,0
2026-04-24 00:00:00+00:00,3.0992903285510325,-0.8114547040889896,-0.21162743368044748,-0.43964616096092934,-0.33336665517375386,-0.3998708727377871,-0.0127277860106013,0
2026-04-27 00:00:00+00:00,3.09086057532329,-0.6492938257659321,-0.08859285303512793,-0.24916434572753268,-0.3654191325807356,-0.813461888483962,0.0115840397522204,1
2026-04-28 00:00:00+00:00,3.0670758243816896,0.5552484381609264,-0.012528125597359543,-0.2549841283934408,-0.19799444903265684,0.08322151067972618,-0.0019947321363735,0
2026-04-29 00:00:00+00:00,3.136631060793868,0.20309113314339777,-0.3676279425377866,-0.5932030770653504,0.24216904675800732,-0.5955036458048464,0.0043676927881806,1
2026-04-30 00:00:00+00:00,2.94227019266148,0.46150573011621643,2.1069399427469753,2.144138565641275,-1.1418523249739616,-0.12630717601809788,0.0323936276766447,1
2026-05-01 00:00:00+00:00,2.8818749584210317,2.360633058571351,1.8352415323587419,1.2961057736405506,-0.5975802539868117,0.4896770133732276,-0.0118157523575629,0
2026-05-04 00:00:00+00:00,3.1013734817616383,-1.1565566242383682,0.506790723218519,-0.30814160292013576,-0.08737692128388601,-0.08909358629488019,0.0265507307836934,1
2026-05-05 00:00:00+00:00,3.0290887595879337,2.723069839939832,0.9722455339247371,-0.045499644587797414,0.41065738658939666,-0.15844887732535173,0.0117180263574909,1
2026-05-06 00:00:00+00:00,3.1733242262375514,1.52215553178721,0.9882902507547902,0.21699589327378524,-0.11280841167922118,-0.2775750485110729,-0.0002435044393305,0
2026-05-07 00:00:00+00:00,3.3162746429440193,-0.23649273914691532,0.5133926139071864,-0.42080283812059693,0.04218592655603131,0.21216207920680305,0.0204563767754626,1
2026-05-08 00:00:00+00:00,3.365500161335192,1.8007491035335765,0.34391770446606956,-0.30293901700585857,-0.4962004984735632,0.1427611429920368,-0.0012626131025762,0
2026-05-11 00:00:00+00:00,3.5288518259806403,0.01689888076052807,-0.052982036628515826,-0.7845061144600589,-0.3851332694413448,-0.060580568935780205,0.007243374589372,1
2026-05-12 00:00:00+00:00,3.6123090880578634,0.7848347707733548,-0.17043588772556423,-0.6892599481027282,-0.6887049483939066,-0.042796789493689966,0.0138059873916276,1
2026-05-13 00:00:00+00:00,3.55233219267743,1.6092752877997885,0.8937097834703635,-0.1839969940402824,0.12577586313358632,0.04652695004606229,-0.0022082930971525,0
2026-05-14 00:00:00+00:00,3.772623184283322,-0.33231928010150136,-0.0030060917759472438,-0.922435881002845,0.08694673059316446,0.31013124509697393,0.006773819369938,1
2026-05-15 00:00:00+00:00,3.7682430453412343,0.767589487653943,0.7593711527716669,-0.025320901454204497,-0.1275021498947893,0.22692618491165786,-0.0079606611146492,0
2026-05-18 00:00:00+00:00,3.8857800797984443,-0.8133430272350398,0.12718556008869747,-0.8906897652149998,0.26243584044827195,0.32069185190189514,0.0037939903054091,1
2026-05-19 00:00:00+00:00,3.975430039079126,0.516829617867784,-0.12044583029359608,-0.48102117832254965,-0.16735849565911556,0.2325221932122329,0.0109710593574492,1
2026-05-20 00:00:00+00:00,4.015606331918123,1.240692280717164,-0.1747444563126403,-0.5430572750472137,0.12340740323819972,0.2836993132623822,0.0090652466137959,1
2026-05-21 00:00:00+00:00,4.059471780234033,1.0987843290398664,0.03481916129569482,-0.37902742158676356,0.0482643685376168,0.29874895841399196,0.0125578600542797,1
2026-05-22 00:00:00+00:00,4.130497428779616,1.180458157593048,0.08034250778972715,-0.33751234549764153,0.06700613039660319,0.5519806799620214,-0.0015867357868807,0
2026-05-26 00:00:00+00:00,4.285291015629167,-0.22108489673546253,-0.09587916119950944,-0.20161437201300708,-0.3585030318243903,0.6220287755761376,0.0081731404087175,1
2026-05-27 00:00:00+00:00,4.297668590296054,0.875319063908203,0.11516130310550939,-0.1148168476100701,-0.22411045259582735,0.5678055325002219,0.0053401952372549,1
2026-05-28 00:00:00+00:00,4.41272368303806,0.6044048298335836,-0.27075278311659234,-0.3214445340426763,-0.4858360955910634,0.5787990906209827,-0.0014399642515899,0
2026-05-29 00:00:00+00:00,4.433474602691544,-0.004665640821458911,0.7415635716362942,0.6421195665033842,-0.7803210729089749,0.5704401760519356,-0.0184259782273675,0
2026-06-01 00:00:00+00:00,4.513920391252422,-1.5939200294040794,0.37993158381301834,-0.048621757178756525,-0.04873078536202252,0.5215725333318394,0.0290229352954181,1
2026-06-02 00:00:00+00:00,4.378922052982997,2.8735375200886186,0.7274597305845557,-0.15605459395344703,0.6718952116830897,0.6307984562486049,-0.015672643076158,0
2026-06-03 00:00:00+00:00,4.528888464064075,-1.4669598333505272,0.8787323349675997,0.0439606393731054,0.2352555179273836,0.6670836846017127,0.0031264523881506,1
2026-06-04 00:00:00+00:00,4.641238214135432,0.01816743229566721,-0.1387862996505514,-0.31435657288178254,-0.4186851111001555,0.7546354172373453,-0.0124988260085261,0
2026-06-05 00:00:00+00:00,4.520523532145349,-1.4211320631355804,1.2436508996952622,0.5534393365663792,-0.29494686369200973,0.8331817085316973,-0.0188715453886555,0
2026-06-08 00:00:00+00:00,4.242307149511373,-2.057581808231949,3.1952326700990623,1.2721307225912377,0.9905054793933354,1.1436434641603614,-0.0364463411899235,0
2026-06-09 00:00:00+00:00,4.163572000864549,-3.5855016638697363,2.6555987513212633,0.5362706452311856,0.596707606331562,0.749804758606484,0.0035450055495178,1
2026-06-10 00:00:00+00:00,4.135452126821175,0.38091829423777546,0.9952832630343655,-0.3344647651857783,0.09529398482882763,0.4827152823065132,0.013889837486094,1
2026-06-11 00:00:00+00:00,4.088131199726137,1.1899978092180084,0.6998792407950566,-0.6808382130850761,0.38362373985928655,0.5851750988418174,-0.0152216336310819,0
2026-06-12 00:00:00+00:00,4.089522601176332,-1.6030122005352658,0.7251273384577913,-0.8514140742635066,0.4683024957627886,0.5628045569856358,0.0181705388684794,1
2026-06-15 00:00:00+00:00,4.028570051703887,1.5281786122300969,0.5377643805675454,-0.6615850460016346,-0.03152468723226631,0.495048978045622,0.0095135140927802,1
2026-06-16 00:00:00+00:00,4.049052072535326,1.151234675225131,0.5377735508502353,-0.8903339936110609,0.2928552680306827,0.1966777347088286,-0.010994537435617,0
2026-06-17 00:00:00+00:00,4.084606379905661,-1.300532882388285,0.8730960364316964,-0.7584338664589351,0.3065495555403952,0.5871554323532413,0.0069606442466163,1
2026-06-18 00:00:00+00:00,4.04908149153661,0.5301966721233209,1.2381328229174178,0.5743141846598979,-1.445467320293393,0.49090244932295,-0.0033555138136291,0
2026-06-22 00:00:00+00:00,4.076702585210179,-0.23113625707683777,0.48472373329967666,-0.8641079464675411,-0.055697875509018786,0.3882570968065525,-0.0091243987322962,0
2026-06-23 00:00:00+00:00,4.0192042999610065,-0.9737285161266149,0.9856705032780685,-0.5295981647796488,0.08387991841416009,0.616743197644161,-0.0041454807068002,0
2026-06-24 00:00:00+00:00,3.9867598588461446,-0.5233886477742353,0.8508339865838062,-0.5251227560575454,-0.07228366102964902,0.6148197461439131,-0.0611777410540438,0
2026-06-25 00:00:00+00:00,3.5365535389571954,-5.630308422014894,4.318974192658008,1.127259154580451,0.12242473657290967,0.3085988014083294,0.0313646922531616,1
2026-06-26 00:00:00+00:00,3.0202590831600853,3.442855038362592,5.9606415862575295,4.474607425833049,-3.776282258441323,0.2995594336534019,-0.0071886546929303,0
2026-06-29 00:00:00+00:00,3.2618179076964324,-1.074482369497396,1.8143385540609507,-1.1824649236372833,-0.17338127099173517,0.866005779221629,0.0270462129588564,1
2026-06-30 00:00:00+00:00,3.084949411641316,2.8927472640856586,1.936838049593367,-1.2892379505034104,0.15205935743281104,0.3336415820446998,0.0173486722756703,1
2026-07-01 00:00:00+00:00,3.228907326783556,1.3013600781594068,1.183373943746722,-1.7588092390370937,-0.04773818725061618,0.8320925874502116,0.0484067536479817,1
2026-07-02 00:00:00+00:00,2.950223065112638,5.040272373624359,3.3727597359587853,-1.0242174271024307,1.0588963017152158,0.39438466749398193,0.0130577814399623,1
2026-07-06 00:00:00+00:00,3.4017831904609284,1.5441556192425785,1.439224494444119,-2.0433860990279595,-0.28727338790568396,0.2740220363572192,-0.0063967707444452,0
2026-07-07 00:00:00+00:00,3.655632012177671,-0.9154177012965656,0.9016842347725985,-2.402494486390619,-0.569794351667221,0.6512691495674071,0.0087877859803449,1
2026-07-08 00:00:00+00:00,3.6804787628121023,0.8040841020425699,1.3183514205366575,-2.2528790813550725,0.01934197958715614,0.5146469162992325,0.0090302295787214,1
2026-07-09 00:00:00+00:00,3.802178441419499,1.3180149969815036,1.4783114381646913,-1.8561760350167096,0.13580660392481247,0.2773244870523615,-0.0028460437625229,0
2026-07-10 00:00:00+00:00,4.014494812647769,-0.07773325182729023,0.5627724741749922,-2.3945069827714014,-0.313432042983593,0.33066371275344747,0.0063109392228586,1
2026-07-13 00:00:00+00:00,3.9749935504462646,0.5055240129288726,1.2332826685462799,-2.016528844346651,-0.016917089195575368,0.6573354705460402,-0.0077211157480072,0
2026-07-14 00:00:00+00:00,4.123879114627335,-0.3432120599539653,0.5397627518093892,-2.3292903133371614,-0.4137306222898838,0.20969285912327462,0.0401448637922199,1
2026-07-15 00:00:00+00:00,3.8888000544000385,3.858804527747685,2.2342442653471317,-1.492982586860748,0.2604282746188084,0.6409492002793559,0.0175877819936127,1
2026-07-16 00:00:00+00:00,4.128745704078444,1.8318581421273288,1.6988123468081655,-1.6741847577572329,-0.5089204663600597,0.5144853830227246,0.0014402172368908,1
2026-07-17 00:00:00+00:00,4.310122129432373,0.372138920503339,1.4085429350528051,-1.7842028313268474,-0.8790610855933829,0.4854558729678508,-0.0214238359199339,0
2026-07-20 00:00:00+00:00,4.341709228923841,-2.1202761426297063,2.085287701293887,-1.9275930339560639,-0.041598467313770135,0.7244273272200418,0.003521260130602,1
2026-07-21 00:00:00+00:00,4.384621101425051,0.8214525577160294,1.3839622428186966,-2.3628534165808777,-0.08198975299909032,0.2577309254381071,-0.0056446660012506,0
2026-07-22 00:00:00+00:00,4.505690123970833,-0.5271853365119168,1.0075588595292155,-2.4815447914597595,-0.4474761375636283,0.5371715733784848,-0.0129798205399621,0
2026-07-23 00:00:00+00:00,4.5364690300229205,-0.8066937789556463,0.812002798129543,-2.4767632554650447,-0.7460337479053527,0.12130340029053831,0.0353167241362775,1
2026-07-24 00:00:00+00:00,4.4362222462494545,3.6692082598702815,2.0224893713854253,-1.3891960288461747,0.9906777923712071,0.7415366809238386,0.0116810095133483,1
2026-07-27 00:00:00+00:00,5.002325250867403,1.1196627438836353,0.8377654681724117,-1.0445000959430333,-0.5900788665787308,0.40510710176834264,0.009408945533389,1
2026-07-28 00:00:00+00:00,5.096565120601141,0.7209879051957594,1.1804254950610853,-0.8485668338953938,-0.40543643170281074,0.6121681585281035,-0.0055574127067582,0
2026-07-29 00:00:00+00:00,5.213180197320383,-0.44350415480164657,1.3432476784512757,-0.6644409190543867,-0.5317610735020402,0.42599791301914247,-0.0140749933550157,0
2026-07-30 00:00:00+00:00,5.264561044561801,-0.7931525117737268,1.5239166505415398,-0.16699501084910034,-1.390004035926124,0.0314543633546492,-0.0735385844020827,0
2026-07-31 00:00:00+00:00,4.832595794915189,-4.365380494671833,4.567112078257673,1.4619948480663747,-1.7573344138651819,-1.7818859941833158,-0.0177721356729985,0
2026-08-03 00:00:00+00:00,4.679588843037468,-1.807411050291996,2.6233327284893786,-0.6764566298420194,-0.7613352883102145,0.3407489786038581,0.0196426378360965,1
2026-08-04 00:00:00+00:00,4.440830059505046,2.2036478074905137,2.356384622949502,-1.0066739021846063,-0.42791924474139426,0.010978141767620965,0.0052363365961669,1
2026-08-05 00:00:00+00:00,4.4973004668415415,0.6231216205200699,1.3561770022505593,-1.7635225237103058,-0.5798292083901616,0.07214492628990725,0.0045337552777839,1
2026-08-06 00:00:00+00:00,4.442038755324579,0.15571688440019452,1.424212805479866,-1.816860692457893,-0.37085906541175007,0.3885481254384393,0.0029447910342257,1
2026-08-07 00:00:00+00:00,4.513053176566959,0.4821918192332654,0.652739220191406,-2.3262876107837176,-0.5368242258107233,-0.0552218228342005,-0.0153324852437281,0
2026-08-10 00:00:00+00:00,4.523105830941427,-0.7866468491386162,0.89219065176693,-2.0073520220492505,-0.8439122211149075,-0.44445957354161675,-0.0108674690111854,0
2026-08-11 00:00:00+00:00,4.398492758511343,-1.001658532264875,1.3584192198825356,-2.11094390498482,-0.05060214997875551,0.14147775782279418,-0.0087238976424568,0
2026-08-12 00:00:00+00:00,4.4479998054425565,-0.861180594451169,0.8856343170539518,-1.8274993382845053,-0.48447150759444013,0.20617190033712005,0.0099586758167906,1
2026-08-13 00:00:00+00:00,4.422118621054083,0.8530943763592956,0.5516756648261363,-1.8278118717913991,-0.6415584178556357,0.1909104020892183,0.0021947942367905,1
2026-08-14 00:00:00+00:00,4.4656419104386655,0.18926343090808834,0.1506349514831565,-2.209029751263228,-0.44828120660642157,0.03733329661004029,-0.0011113534012042,0
2026-08-17 00:00:00+00:00,4.426534869291754,-0.09006396020575629,0.6534253098539446,-1.7170324350084456,-0.4234344413594799,0.047950437296775665,0.0145292794090581,1
2026-08-18 00:00:00+00:00,4.347249369494048,1.3328359814242425,1.1674504098054221,-1.1812557078076618,-0.6775390286911576,0.1281161178760651,0.021933322000267,1
2026-08-19 00:00:00+00:00,4.251718858163365,2.312005877579429,1.8765183407995418,-1.2327896567353163,0.1800301710858426,0.041274420106795204,-0.0174541521120682,0
2026-08-20 00:00:00+00:00,4.379480429019276,-1.818158128725681,1.747209617021493,-1.6018236313233027,0.3051002725077326,0.3095658188773825,-0.0062639953932474,0
2026-08-21 00:00:00+00:00,4.479527300917228,-0.6670022184255809,0.9360288710261381,-1.407320632501545,-0.5684434322295555,0.2282059288222029,0.0032002269754076,1
2026-08-24 00:00:00+00:00,4.531794778162016,0.13950410818096692,0.23468483463481277,-1.867176860035079,-0.5902391406584695,0.2302298494740985,-0.0014178077160482,0
2026-08-25 00:00:00+00:00,4.503201090013027,-0.1553173211169095,0.41593489144124857,-2.0334482356721897,0.09275653956580032,0.15455751768119216,0.0114553674748787,1
2026-08-26 00:00:00+00:00,4.437173099297616,1.1856617341472662,0.8381544644434803,-1.653453564324988,0.10625414344792455,0.04150842149903931,0.0036049587533211,1
2026-08-27 00:00:00+00:00,4.516496758989376,0.7643777746590097,0.7254211741118974,-1.6383684115141381,0.06719312624866179,-0.29278866931574704,0.0162757513297477,1
2026-08-28 00:00:00+00:00,4.821010752472887,1.4549469077587163,0.39166819012219356,-0.3584576098711194,0.2969354431711288,0.568738623196332,-0.0123553708358112,0
