timestamp,pc_1,pc_2,pc_3,pc_4,pc_5,pc_6,target_return_1d,target_direction_1d
2021-09-29 00:00:00+00:00,-0.8739953988416995,-1.3345902340467726,-1.072587050628276,0.9952417282484092,-0.39603511222799137,-0.14812898139304098,-0.0050428514040855,0
2021-09-30 00:00:00+00:00,-0.8863722010354818,-0.46982996350523043,-1.261498520389523,1.0360586886397465,-0.3326090979316446,-0.7873120861522088,0.021447350692513,1
2021-10-01 00:00:00+00:00,-0.8625826447954485,1.707186074481178,-0.7443285787684861,1.1681428527652604,-0.271615688547891,-0.26905597614824556,-0.0211177666313785,0
2021-10-04 00:00:00+00:00,-1.008882531074913,-2.079546322674023,0.3716436412027924,2.1172631309496746,-0.5317317233025725,-0.2064033101588762,0.0176830019030191,1
2021-10-05 00:00:00+00:00,-0.9111150500072746,1.4781356864678001,-0.501906250041385,0.6687759471280383,-0.39941071024457,0.1030929908865985,0.0113363977486777,1
2021-10-06 00:00:00+00:00,-0.9039579109969272,1.3686170275203031,-0.7123261037975127,0.12033365778235025,-0.4185782861317469,0.742831582823888,0.0120668457058079,1
2021-10-07 00:00:00+00:00,-0.8951665001809406,0.8939052232946495,-1.3697832119251168,-0.4228100767224735,-0.30127601511535773,-0.5269110088360719,0.0040258499148555,1
2021-10-08 00:00:00+00:00,-0.8899973237828636,0.4005945557213644,-1.5563975404987354,-0.36472631981082726,-0.2814831482197531,-0.5926949943300807,-0.006234373731824,0
2021-10-11 00:00:00+00:00,-0.8900221695176395,-0.323986985080892,-1.6128401675255373,-0.6830144659854985,-0.3884187123198558,0.20380323146702561,-0.0177448610637674,0
2021-10-12 00:00:00+00:00,-0.9695975500378595,-1.8591948117868327,-0.3710886333903153,0.6344376707798501,-0.5274389055174767,-0.15516511922915902,0.0083036195279073,1
2021-10-13 00:00:00+00:00,-0.8821502767193755,0.6687805350304004,-1.5637166200558394,-0.6582831781400587,-0.3635866801781908,-0.17806529227654444,0.0259406448864012,1
2021-10-14 00:00:00+00:00,-0.8783852974784669,1.9099082536395184,-0.5988853796800377,0.2694882367564789,-0.24600314969060655,-0.4094939553322265,0.0015374353567161,1
2021-10-15 00:00:00+00:00,-0.887179597557185,0.12423688666212054,-1.5017781973036617,-0.17860382764377497,-0.10246132110831078,-0.8954885823857005,0.0099741235767722,1
2021-10-18 00:00:00+00:00,-0.8364472899242616,1.0950683480432188,-1.536959372389867,-0.32166311040883405,-0.08248260483653713,0.10341928078975653,0.0032144966532101,1
2021-10-19 00:00:00+00:00,-0.8299019398489813,0.3006939994144233,-1.871403092296724,-0.5317083195611024,-0.020872890469117195,-0.3632566440812533,-0.0102486148893803,0
2021-10-20 00:00:00+00:00,-0.8593444334876481,-0.9006598236597643,-1.45207212613503,-0.14205450193882574,-0.0870431059158773,-0.09596481194162204,0.0008253602440659,1
2021-10-21 00:00:00+00:00,-0.8359193305760217,0.14808174078285197,-1.4537525792791297,-0.04230899410773808,-0.04997446451558263,-0.352908034631359,-0.0304434901360141,0
2021-10-22 00:00:00+00:00,-0.9748999662288886,-2.4218821839925075,0.3733166757750516,1.6635038044111385,-0.1728669069825751,-0.12373803655936177,-0.000868590397074,0
2021-10-25 00:00:00+00:00,-0.9092264855498065,-0.1021131973045365,-0.6339765855381949,0.3163060953554967,-0.14733733765110646,-0.3578888184849011,0.013543399402994,1
2021-10-26 00:00:00+00:00,-0.8877062098507514,0.7301753889548891,-0.6313256660858007,1.1387817907589106,-0.2913985624259065,-1.6010743116352457,0.0495948993306687,1
2021-10-27 00:00:00+00:00,-0.9161657547481175,3.827221667544937,3.6755442985584543,4.470985551138794,-0.5527498134427797,0.31031943931920414,-0.002520349195597,0
2021-10-28 00:00:00+00:00,-0.8909357333847561,-0.44795959477162406,-0.45582963631944196,-0.10061928915182573,-0.32765135089391384,-0.6666188635625491,0.0150636223199738,1
2021-10-29 00:00:00+00:00,-0.8327189062746558,1.4551322661304322,0.25512583042347325,0.6187090555277458,-0.40868727940245964,-0.14997559307534106,-0.0307268349827275,0
2021-11-01 00:00:00+00:00,-0.9364011200979319,-3.0332623087583626,0.5385076662262563,0.7824534504362981,-0.4435834504766989,-0.2861607493173644,0.0134879726191869,1
2021-11-02 00:00:00+00:00,-0.8047117037457722,1.0001921801502094,-0.43684791552203545,-0.25959851960295877,-0.2621646964174433,-0.5559414144346899,0.0080140416942715,1
2021-11-03 00:00:00+00:00,-0.7936127153168507,0.6931040873219236,-0.6970892075452758,-0.6656489383504898,-0.2977825740121417,-0.30963644570361576,0.0113884232328369,1
2021-11-04 00:00:00+00:00,-0.7958738672412575,0.8591675169570197,0.11366308842220829,0.15313933048492015,-0.4232631060938201,-0.2556899492350028,0.0039422907606077,1
2021-11-05 00:00:00+00:00,-0.7923212069459605,0.16808125605207822,-0.3814421094612756,-0.2993049739548993,-0.4028157226903143,-0.8703429967510727,0.0012024498662071,1
2021-11-08 00:00:00+00:00,-0.76212004122526,-0.009874769944194674,-0.7628528742686901,-1.0799341385699075,-0.5171581371208468,-0.23409290283335962,-0.0007549798560135,0
2021-11-09 00:00:00+00:00,-0.7373978381439888,-0.019776185788302873,-0.8273423566122322,-1.0265196532273402,-0.5540599509917619,0.2033014971776619,-0.0203131279885017,0
2021-11-10 00:00:00+00:00,-0.8006020188136329,-1.575107315658338,-0.2231809924218917,-0.49593547510132174,-0.5535998717584526,0.24488507835744983,-0.0008706121191401,0
2021-11-11 00:00:00+00:00,-0.7375900454985979,-0.07231904409036775,-1.1409254111970897,-1.3093669012484725,-0.49134738316266724,0.034180268989460104,0.0199738324756739,1
2021-11-12 00:00:00+00:00,-0.7100056855877296,1.6580784430002369,-0.2973606038872431,-0.5069472984629299,-0.4472491908737963,0.4612028095657444,-0.0015200679303976,0
2021-11-15 00:00:00+00:00,-0.7354994764714896,-0.09105935172408568,-0.9364165105621218,-0.9588928129303186,-0.3826501551310979,-0.2134768481988821,-0.0038800469541989,0
2021-11-16 00:00:00+00:00,-0.7273270611917315,-0.13642013217559484,-1.248443733459518,-1.327828571518609,-0.34849623959781434,-0.14227053045091625,0.0011562537378893,1
2021-11-17 00:00:00+00:00,-0.7098321246435624,0.22644061748254343,-1.277633698121778,-1.259814715529893,-0.33985324633714836,-0.2545113954081784,0.0121011154055314,1
2021-11-18 00:00:00+00:00,-0.7063689293099621,1.0541047368525713,-0.2625001258570163,-0.10357790446167983,-0.39264290237090993,-0.36112216385372425,-0.0060866031034237,0
2021-11-19 00:00:00+00:00,-0.7086500220974108,-0.5547453596141919,-0.8708126160417148,-0.24961917499505926,-0.5038317053066639,-0.6284443321380093,-0.017622839318836,0
2021-11-22 00:00:00+00:00,-0.7502310051385394,-1.7469096423445276,-0.40032373989859377,-0.11075676311720334,-0.5564089180045969,0.010246184530186095,-0.0035543767024811,0
2021-11-23 00:00:00+00:00,-0.7093520871743465,-0.25575484719403535,-0.850423179059552,-0.3241595768130242,-0.35221350157447806,-0.07537585614311722,0.0023186915812847,1
2021-11-24 00:00:00+00:00,-0.6322613819439338,0.4128876259668299,-1.883040484612757,-0.2914134911669276,-0.4779209226317449,0.24461204070118964,-0.0269437673212491,0
2021-11-26 00:00:00+00:00,-0.7435862261741696,-2.0978863034477024,-1.2659933127195993,0.4324920167994139,-0.30912452272025837,-0.050416629763220644,0.0235435441287845,1
2021-11-29 00:00:00+00:00,-0.6707808401938262,1.7052266485997207,-0.9686901413676189,0.8164130460901277,-0.08795102429324902,-0.5471450216756554,-0.0249636701475767,0
2021-11-30 00:00:00+00:00,-0.7920490890253462,-2.3781771635037665,-0.31486142269342343,1.6977803408358547,-0.3058572237591493,-0.20288434314435494,-0.0059619252608579,0
2021-12-01 00:00:00+00:00,-0.7714255613684781,-1.2017794324020608,-0.24860529310840962,1.4944697327341452,-0.4450855125405159,0.20613519668907973,0.0135729568942795,1
2021-12-02 00:00:00+00:00,-0.7187773665541186,1.1367044000320938,-0.7247726730641159,0.9489968434750157,-0.2823950556487976,0.36159883355810357,-0.0067464765528848,0
2021-12-03 00:00:00+00:00,-0.785252248329885,-0.9527137577847573,-0.3584650462096092,1.6690394922497773,-0.34598149600181205,-0.33167971286924547,0.0081231167504931,1
2021-12-06 00:00:00+00:00,-0.744105041616095,0.42802188890865994,-0.7445978979737565,1.0491180747412474,-0.2873186673272319,0.11119260088200356,0.0287416986097732,1
2021-12-07 00:00:00+00:00,-0.703082160957206,2.0418860607563016,-0.9265303134904034,0.7286981019427079,0.0053698065647084904,-0.6510915162425566,0.0062266473286034,1
2021-12-08 00:00:00+00:00,-0.7060152320293068,0.5643208725424267,-1.4106727966855042,-0.013651832899594743,-0.03957289731537911,-0.16346993515117939,-0.0036979312590138,0
2021-12-09 00:00:00+00:00,-0.6994045040785997,-0.13035175275196226,-1.5867296505189143,-0.040420224129208024,-0.10674783429811695,-0.02484399023793589,0.0024585541920438,1
2021-12-10 00:00:00+00:00,-0.6855962862879005,0.041523821364800574,-1.4059014803508159,0.07833413138677998,-0.17156835246512153,-0.20447828188425765,-0.0146956967186472,0
2021-12-13 00:00:00+00:00,-0.7161010537778801,-1.2747472925190015,-1.379857954122303,0.17600136961522297,-0.2565168086592652,-0.1724780275221052,-0.0131631451781125,0
2021-12-14 00:00:00+00:00,-0.745841438008968,-0.8777917786665004,-0.6293312858340734,0.9726207670675805,-0.29849884911539204,-0.11950242272353248,0.0176086399566974,1
2021-12-15 00:00:00+00:00,-0.7091470762232196,1.5659423031181696,0.236371401349126,1.3075962119373148,-0.4296640439548627,0.6853524906124643,-0.0136300506138884,0
2021-12-16 00:00:00+00:00,-0.778452955523513,-1.5062523362125506,-0.37603223315170203,0.5808905406098137,-0.4737667336192623,0.012713305755827756,-0.0188303621899014,0
2021-12-17 00:00:00+00:00,-0.8148241946449379,-1.400845482788285,-0.39692609157185754,1.0078455584021468,-0.3249904238749381,-0.9446849156025858,-0.0008328937867079,0
2021-12-20 00:00:00+00:00,-0.7631352032125697,0.37133508136680754,-0.953019576749053,-0.12011632939664686,-0.3643082751748472,0.2326573027137162,0.01317401814239,1
2021-12-21 00:00:00+00:00,-0.7542306032000201,1.080043014378237,-0.5263165530013785,0.27928081121710246,-0.4250528668516248,0.2361470904151736,0.0205088576973344,1
2021-12-22 00:00:00+00:00,-0.7324084280175306,1.964322092515721,-0.46228505371353507,0.15865416335429314,-0.3233009721301009,0.5515303419254954,0.0034253607489762,1
2021-12-23 00:00:00+00:00,-0.7481816296950836,0.3762184585030473,-1.1673265794205978,-0.41937414564528935,-0.27018182371480437,-0.3167044637584487,0.0067385857090556,1
2021-12-27 00:00:00+00:00,-0.6918614308500578,0.723146200669288,-1.8266740286136713,-0.9568002670423241,-0.3547025695074997,-0.05798264095151774,-0.0082452080322605,0
2021-12-28 00:00:00+00:00,-0.7119557434948416,-0.7194644941421223,-1.6052760748962016,-0.5408831703717941,-0.4648660806423535,0.1549628663403097,-0.0002179711264342,0
2021-12-29 00:00:00+00:00,-0.6661845173724905,0.12724736746501128,-1.9181514032695341,-0.394324618050958,-0.4536085989954971,0.1425486939260734,-0.0030991817950124,0
2021-12-30 00:00:00+00:00,-0.6603437365092784,-0.1207883006299058,-2.235150430947133,-0.5509550716658302,-0.3442128617871068,0.04420233527040374,-0.0092236824329908,0
2021-12-31 00:00:00+00:00,-0.6814397843352392,-0.690475097225089,-2.043835309399588,-0.23296624379944514,-0.33369330314563145,0.11862352436106507,0.0009629543665268,1
2022-01-03 00:00:00+00:00,-0.6828346796249819,0.06623100604198255,-1.5703617432743053,0.6660351286447367,-0.23537669885766585,-0.32773484483902565,-0.0040827528800586,0
2022-01-04 00:00:00+00:00,-0.7018274555512256,-0.4750211268860291,-1.4000694887956289,0.7939039951634186,-0.2928955983300422,-0.13638130150136749,-0.0458765711700326,0
2022-01-05 00:00:00+00:00,-0.9108576969699451,-4.673967396194779,0.9544810141498354,2.9124737400738714,-0.39814168107487485,-0.0759347382775545,-0.0001995561941751,0
2022-01-06 00:00:00+00:00,-0.7977493965713228,0.06495642190653506,-0.5125303643178665,1.1765913199056222,-0.21707378609208955,-0.053587355728083104,-0.005303040631984,0
2022-01-07 00:00:00+00:00,-0.8237599003741843,-0.591842869464665,-1.0530169521154613,0.44393403490841027,-0.2540532096981015,-0.18733925854378394,0.0120603930826408,1
2022-01-10 00:00:00+00:00,-0.8440185444915244,1.3216703005258321,0.7517304669566808,2.049930522682075,-0.43784223924723026,0.8702595389532424,0.0076910805734524,1
2022-01-11 00:00:00+00:00,-0.8296295693660647,0.8273803374709011,-0.5870124862183446,0.5258218095126689,-0.37426364082489044,0.49155449545464364,0.0121264726930452,1
2022-01-12 00:00:00+00:00,-0.8064261198104853,0.8373041115298394,-1.305057350653069,0.030996248559241855,-0.19024548159741728,-0.3868268986027064,-0.020105312505068,0
2022-01-13 00:00:00+00:00,-0.8943441845403085,-1.9909749629819533,-0.41941942930192466,0.8435012756543827,-0.39120050408302065,0.3748508106363374,0.0064471310483438,1
2022-01-14 00:00:00+00:00,-0.8272943526203402,0.8943695777083254,-0.5289885318613546,0.7851103352631995,-0.2736507997148848,0.6691709479478835,-0.0249674140376242,0
2022-01-18 00:00:00+00:00,-0.8928873959248576,-1.5111649566652516,-1.3345081407873556,0.4597353050699398,0.027225163679638134,-0.3818367460848718,-0.0064819129793221,0
2022-01-19 00:00:00+00:00,-0.8918206087088044,-0.747742166217746,-0.9552476373663847,0.49197761537445794,-0.12563868838612594,-0.05498092429711164,-0.0133883776823153,0
2022-01-20 00:00:00+00:00,-0.9462541958917873,-1.6371800537151773,-0.31136957524348474,1.0034152871699118,-0.3258714869961029,0.47331477361869045,-0.0221740986619209,0
2022-01-21 00:00:00+00:00,-1.0259540309311295,-2.174516082837767,0.5215498068542141,2.368771655371162,-0.44855103795840273,-0.42753940044284183,0.0034713360864837,1
2022-01-24 00:00:00+00:00,-1.0343657143259624,0.9559885252938568,2.204970377925704,3.812160460225348,-0.7247553736244764,0.49026422559579924,-0.0295788162141887,0
2022-01-25 00:00:00+00:00,-1.0924259258180784,-2.3101895232961165,-0.27932406001447607,0.6519509576016184,-0.7029389730782645,-0.4599636074951737,0.0181038711715628,1
2022-01-26 00:00:00+00:00,-1.089248082389197,0.29705121113882244,1.3776367562399687,1.5427315327605489,-0.9834797573500943,-0.06516930605342104,-0.0017642699072086,0
2022-01-27 00:00:00+00:00,-1.1022338189613088,-0.7323486715295522,0.007029359529810814,-0.0938477708702793,-0.9534196613546031,-0.022237661435264094,0.0336884855342312,1
2022-01-28 00:00:00+00:00,-1.0588236740668984,2.777547356801315,1.0337737845864472,0.289311196689692,-0.7766754939371626,0.8341327696879748,0.0146418842275848,1
2022-01-31 00:00:00+00:00,-1.087245148860291,1.0827021016488114,0.468470093959683,-0.19454623979984775,-0.7066585195154569,-0.28119619470847945,0.01729805276021,1
2022-02-01 00:00:00+00:00,-1.1087370372190937,0.8228748867696286,1.2984362054122869,0.8029522232581422,-0.7724239258025499,-1.5608841204286676,0.0752378471664965,1
2022-02-02 00:00:00+00:00,-1.1276548746552855,3.0512837983286145,4.2559066295282655,2.666825321398632,-0.5316964362333785,-3.9752110578327677,-0.0331759287603108,0
2022-02-03 00:00:00+00:00,-1.1879189160592927,-2.9195381053186753,3.040320050390521,0.3404673400228384,-1.0419131212519335,0.1567886529717725,0.0014187009682389,1
2022-02-04 00:00:00+00:00,-1.0802737308690686,-0.11055390305407213,2.091871468408598,-0.756693184392432,-0.9569349050823981,-0.6265330665593448,-0.0285568486653323,0
2022-02-07 00:00:00+00:00,-1.1574373054307698,-3.048160121773693,2.369529940362251,-1.0072851453791285,-1.129227159014392,-0.41781311328148824,0.0014226163711028,1
2022-02-08 00:00:00+00:00,-1.0776921451152006,0.10625794779222623,1.7343031014955061,-1.4748725158140983,-0.9509592255420146,-0.9424621655796943,0.0157316806248852,1
2022-02-09 00:00:00+00:00,-1.0470666686281842,1.0972796083968277,1.3537656990873452,-2.152362960448454,-0.9705217475394127,-0.9910343310216678,-0.0209898786820433,0
2022-02-10 00:00:00+00:00,-1.1279052734732056,-1.5210240058781115,1.651833419157421,-2.166026717686736,-1.1301737172561859,-0.14978210319906335,-0.031290364099937,0
2022-02-11 00:00:00+00:00,-1.207581498946384,-3.0455844859523054,2.544357125511728,-1.6877842342180862,-1.334762356145424,0.4094815105777025,0.0092601264864311,1
2022-02-14 00:00:00+00:00,-1.1146456578373511,1.1211622939526344,1.7290949491444638,-2.3557425078498815,-1.0636537048848338,-0.08483526620700037,0.00798748990063,1
2022-02-15 00:00:00+00:00,-1.116818797769284,0.32343526393937255,1.1511005747307974,-2.7920264913777193,-1.078972779438195,-0.7427485516559293,0.0082682308613832,1
2022-02-16 00:00:00+00:00,-1.114070360213501,0.7970066268821799,1.4737023602842625,-2.585553851351642,-1.1132024115271502,0.033254578988661326,-0.0377457960136172,0
2022-02-17 00:00:00+00:00,-1.256101785414898,-3.2346953400178244,2.1664243063411313,-2.1060647307432787,-1.1495850970830819,0.18648145876864777,-0.0161159506609439,0
2022-02-18 00:00:00+00:00,-1.2406347699790394,-1.8004883340129592,2.0808551105294324,-1.8685665199650041,-1.037106756408466,-0.5707328440811346,-0.0045204939170534,0
2022-02-22 00:00:00+00:00,-1.2259848109131326,-0.371977848517473,2.127330037623507,-1.596683980834662,-0.8437189595857151,-0.12406124868735628,-0.0171439484747679,0
2022-02-23 00:00:00+00:00,-1.2729011817632077,-2.119710805491306,1.9177862836103885,-1.859776341399223,-0.9814375677689477,0.014040971559886536,0.0399958880876947,1
2022-02-24 00:00:00+00:00,-1.2012636875329494,3.9980155925431085,4.296745588379092,0.18271960931547346,-0.9469088174153646,2.093353209645579,0.0133281049421638,1
2022-02-25 00:00:00+00:00,-1.2117780132076814,0.9676437408772322,1.903487182113375,-1.98067975077894,-0.6992826517298559,-0.23547366331066036,0.0044436491297485,1
2022-02-28 00:00:00+00:00,-1.1976834663336746,0.7419384328958237,1.7008527669114626,-1.9835345245344633,-0.7962765287160017,-0.10664841580349714,-0.0073711137917187,0
2022-03-01 00:00:00+00:00,-1.2040371282194895,-0.595802343722538,1.2595305922131161,-2.4796841854086864,-0.8033590344923779,-0.07264046795507856,0.0038041566115092,1
2022-03-02 00:00:00+00:00,-1.1545671055508075,0.301169270793301,0.7572085201764489,-2.5192027032985376,-0.5278018507963597,-0.34054010123928513,-0.0049933874879443,0
2022-03-03 00:00:00+00:00,-1.1029300581940125,-0.7837138710028317,0.23675654199379667,-1.2674569842221184,-0.954249139983255,0.0967861809533167,-0.0148842679616606,0
2022-03-04 00:00:00+00:00,-1.1134172734049586,-1.1478644800211952,0.16600710200258365,-0.722136138400012,-0.8451630776078128,0.33792594758587613,-0.0419084931164729,0
2022-03-07 00:00:00+00:00,-1.2522808849811196,-4.002893275921634,1.2779350487549332,0.296890706669278,-0.7207028761468045,0.3587814477846926,0.0057445929409494,1
2022-03-08 00:00:00+00:00,-1.1731169570572197,0.34281374473855825,1.4874571101381309,0.5710955188265541,-0.6693549732852924,0.9157463333668617,0.049687184593518,1
2022-03-09 00:00:00+00:00,-1.1153206315255908,3.317711753707665,1.121915696769327,-0.01080008738614606,0.015781105457643833,-0.34763194126691244,-0.0074237111309745,0
2022-03-10 00:00:00+00:00,-1.169513519895805,-0.10176983284942982,-0.09118393141131192,-1.1104320515025885,0.1061781767040446,0.21474162419011406,-0.0193235361607362,0
2022-03-11 00:00:00+00:00,-1.23403733796747,-2.135493849740223,0.5860620529262008,-0.4435656111612908,-0.05656703822020618,0.1516689027864082,-0.0301801067637382,0
2022-03-14 00:00:00+00:00,-1.286222925470313,-3.0834670257928716,1.1423481147877828,0.17832234290868146,-0.13900149507749365,0.3763627810239429,0.0257801058792384,1
2022-03-15 00:00:00+00:00,-1.1715467701806606,1.98073806501399,0.9656728673956945,-0.18454490123414713,0.11996321678748688,0.5109454513767498,0.0315986474437728,1
2022-03-16 00:00:00+00:00,-1.1749276199911742,2.3341696007115775,1.3759256681389813,0.04115557386208395,0.20327738094825326,0.3933949380496381,0.0041903930734235,1
2022-03-17 00:00:00+00:00,-1.1829461802920795,0.47034880175955607,-0.05201872025286599,-1.2412154922521066,0.3553010890523644,-0.35291891573903755,0.0170838442594751,1
2022-03-18 00:00:00+00:00,-1.1579139031878638,1.5172736743105195,1.1475922956101494,0.2562464565700847,0.0758545146814918,-0.0021199370352935564,-0.0001761903507171,0
2022-03-21 00:00:00+00:00,-1.1345975852682633,-0.0199717387556523,0.07952203098368976,-0.8779056544820276,0.11424610825619187,0.09862234256237294,0.0276743378775004,1
2022-03-22 00:00:00+00:00,-1.0760675553024501,2.3702379495808916,1.2663484763726545,0.25904839164033305,0.16840038299392318,0.7224272596989492,-0.0113858687995717,0
2022-03-23 00:00:00+00:00,-1.0906178568917662,-0.6917758676810619,-0.5204718754537005,-1.2881436701522373,0.34568326988312303,-0.2222767264730016,0.0238401340224756,1
2022-03-24 00:00:00+00:00,-1.0047063280777293,1.90504001598065,0.3438289391077344,-0.2384631824119224,0.24226229189072337,0.48040734191448614,0.0007135311582702,1
2022-03-25 00:00:00+00:00,-1.0089490343219547,0.034025150113177194,-0.5169481640159291,-0.8377647470566185,0.38063098249677435,-0.1234370573539993,-0.0015354647146818,0
2022-03-28 00:00:00+00:00,-1.005302577968156,0.02400477258386584,-0.25811582882778905,-0.24694098752772567,0.469024141850999,-0.5042021122058508,0.0074228317371762,1
2022-03-29 00:00:00+00:00,-0.9775004210350356,0.4144934395725001,-0.39725428494388837,-0.4055006757179677,0.4415574502828473,-0.9183387103473731,-0.0039786526182885,0
2022-03-30 00:00:00+00:00,-0.9585438853817888,-0.2149347641819919,-1.1001569858678506,-1.40102987830909,0.4485458370725087,-0.3687382791302111,-0.0202269486654643,0
2022-03-31 00:00:00+00:00,-1.0401427739669704,-1.9674032083589954,0.08940339521421212,-0.16212525339527506,0.3369293838099218,-0.5338317026975385,0.0077872891922623,1
2022-04-01 00:00:00+00:00,-0.9601211884083796,0.6537297354891011,-0.4081948610089458,-0.7853791288739778,0.3856016433259851,-0.21748520313340078,0.0201284619701316,1
2022-04-04 00:00:00+00:00,-0.898913601578278,1.7735114810431607,-0.15768377696113237,-0.10207785674897595,0.09597876871915006,0.4319482625721952,-0.0166501461222947,0
2022-04-05 00:00:00+00:00,-0.9582488260091465,-1.4616930566747295,-0.8380619964113638,-0.7350220277368048,0.26746264860082203,0.10716427568882363,-0.0287570423448959,0
2022-04-06 00:00:00+00:00,-1.001205842332526,-2.319303686079289,-0.21697986719464044,0.3069410622132141,0.06083230656684659,0.3343886982245914,-0.004829903236211,0
2022-04-07 00:00:00+00:00,-0.956296090175959,-0.31827495489867696,-0.5842968751376776,-0.12570349154308108,0.12764793764367252,0.23569862342519743,-0.019140588049707,0
2022-04-08 00:00:00+00:00,-1.0019323412903722,-1.677361386166041,-0.82188091531868,-0.29859691372311353,0.1458739191162499,0.05896085750273166,-0.0334916967484009,0
2022-04-11 00:00:00+00:00,-1.089037055933822,-2.8512582090823977,-0.2133180110651067,0.5194569484271765,0.17072981258391537,-0.07690989632010359,-0.0086086039196151,0
2022-04-12 00:00:00+00:00,-1.0919350575085092,-1.6587833818290512,0.2944945831300218,0.8486725812055933,-0.09048984928115554,0.1872385234384751,0.0170652524513241,1
2022-04-13 00:00:00+00:00,-1.0135688518098545,1.483438246057871,-0.6483242075192615,0.2569876038790173,0.06373904613036625,0.09374068142361909,-0.0243581616350303,0
2022-04-14 00:00:00+00:00,-1.146293971685953,-2.4980407941051306,-0.23678937882450637,0.4962419881651004,-0.036344739802359596,0.12946169434504906,0.007468557995204,1
2022-04-18 00:00:00+00:00,-1.06357035180065,0.6857517100903989,-1.185415149323738,-0.27677313038058043,0.20575276963406078,0.14830408280292195,0.0182689296893376,1
2022-04-19 00:00:00+00:00,-1.0663758513590726,1.6213920926931515,-0.35190900882916887,0.4593508224021467,0.2244020504185478,0.5328004542114808,-0.0151452574738173,0
2022-04-20 00:00:00+00:00,-1.144035746762265,-1.730082017508917,-0.33273931932916384,0.823258534485605,0.005784817202104222,0.11760036675582144,-0.0251912374133231,0
2022-04-21 00:00:00+00:00,-1.21743425521815,-2.8794179285487997,0.5515077837166263,1.429959685144443,-0.1401135554103981,0.5455700797972531,-0.0414936060270737,0
2022-04-22 00:00:00+00:00,-1.3322560252597309,-4.332579984030618,1.646988453056748,2.5874962863918665,-0.2708133925069014,0.17464295143940847,0.0287414817178621,1
2022-04-25 00:00:00+00:00,-1.2035034686316761,2.520400924269788,1.28531862846583,1.614337914434034,0.06209635465035879,0.5450185877135105,-0.0359457953428974,0
2022-04-26 00:00:00+00:00,-1.4129614583497048,-3.4802213963774493,1.4036234712667177,2.0379987826306647,0.05331291157279709,-1.3869201064964776,-0.0367087782326376,0
2022-04-27 00:00:00+00:00,-1.4893159459720025,-2.6981043186302758,2.3531238472033587,2.6323569121877313,-0.15357308657975288,-0.9783268509649807,0.0369920437811241,1
2022-04-28 00:00:00+00:00,-1.3880903873187493,2.4531194482074232,2.424660499136073,0.8876474900270868,-0.219919971596682,0.4527430414313831,-0.0372334494425051,0
2022-04-29 00:00:00+00:00,-1.5362769014256616,-3.119888538693213,1.2993573974055934,-0.3401336698710606,-0.12354672891894203,0.3279784957110869,0.0216765456318615,1
2022-05-02 00:00:00+00:00,-1.450924653221512,2.059768081248309,1.6420735393799528,-0.3908080528008129,-0.03120257282755373,0.8318610911613497,0.006441835679217,1
2022-05-03 00:00:00+00:00,-1.464643995766357,0.6759886756157678,0.41484208304555414,-1.4774203896778593,-0.006860078362201381,0.14847756974932286,0.0419911926177003,1
2022-05-04 00:00:00+00:00,-1.479717989526869,3.496938396416487,3.8120831866010656,1.0952663823707596,-0.1929002454488455,1.9201827524280668,-0.0470754327664475,0
2022-05-05 00:00:00+00:00,-1.6604400234827104,-4.1164439949318785,2.5941901823125186,-0.2625885868029601,-0.1258903630782626,1.0403846738789428,-0.0065146304350466,0
2022-05-06 00:00:00+00:00,-1.574116959871667,-0.330469186112946,1.6997938177951157,-1.0897026707340904,0.07370316722487694,0.2539974513767222,-0.0279535202793177,0
2022-05-09 00:00:00+00:00,-1.6412493510221045,-1.9490950336890964,1.4708662621096324,-1.4090500085593354,0.04446485289548546,0.09889686696178343,0.0167451517623655,1
2022-05-10 00:00:00+00:00,-1.5984309031074044,0.5580229633265201,1.7818901834491152,-1.1411902235804037,-0.013306065714141193,-0.591123649872189,-0.006927845656187,0
2022-05-11 00:00:00+00:00,-1.6428160493224453,-0.36684296407755923,1.5576951263866219,-1.439646575241424,-0.014204952001683669,0.1112115620788495,-0.0066767019668296,0
2022-05-12 00:00:00+00:00,-1.682561834304493,-0.18225769076003867,2.581020033720895,-0.4379039551548648,-0.28845358299183094,0.47927852067734095,0.0284153065101302,1
2022-05-13 00:00:00+00:00,-1.6235526659973845,1.9683298717497042,2.3167590141592638,-1.1714993226398178,-0.24011183612850603,0.36748169252003865,-0.0138345263647722,0
2022-05-16 00:00:00+00:00,-1.6712299866353255,-0.9069300902575593,0.9899223239604402,-2.4211875152592266,-0.14502308477723386,-0.016266649331567413,0.0177202552665864,1
2022-05-17 00:00:00+00:00,-1.621184538937224,1.0105404937704467,0.9582755472961897,-2.4351060068393067,-0.10442999552020205,-0.5557207761823068,-0.0392665479262455,0
2022-05-18 00:00:00+00:00,-1.7686627919768076,-3.3191007154843772,1.8243273316945101,-1.7770762917168887,-0.195346822676932,0.35987492040430186,-0.0135434221260449,0
2022-05-19 00:00:00+00:00,-1.7325605816521135,-1.1513471225650258,1.580766418591563,-1.8716165567776508,-0.11296023373507895,-0.010892794558058043,-0.0133715814827413,0
2022-05-20 00:00:00+00:00,-1.7996030114333097,-2.0403693282779063,3.35020414116993,-0.03766047494357057,-0.5552901495093271,0.8457303140171173,0.0236898260079299,1
2022-05-23 00:00:00+00:00,-1.691496812618767,1.8716413519174846,1.8877125039191365,-1.1910515156097212,-0.19476166627761854,0.1358230374067525,-0.0494940874111241,0
2022-05-24 00:00:00+00:00,-1.8962345046783993,-3.235183514456626,3.0299872214719143,0.3467536246134928,-0.1311614721420595,0.3254147877356588,-0.0015571318790029,0
2022-05-25 00:00:00+00:00,-1.7789135161115306,0.10334921825351324,1.356731923799797,-1.147657697860217,0.12326362412971704,-0.09445404382219662,0.0187846341624167,1
2022-05-26 00:00:00+00:00,-1.7475986875413139,1.654241779884397,1.667633473155808,-0.7318753398921831,-0.020776445314957565,0.3554589333720327,0.0419693840485408,1
2022-05-27 00:00:00+00:00,-1.7042292886083168,3.206602767772904,1.6707066593173148,-0.7450716929110431,0.1409471465648262,-0.09049805032129675,0.0128700661417042,1
2022-05-31 00:00:00+00:00,-1.7576402570074343,0.8818568257554281,1.9557729796582661,-0.33002113040074516,-0.004162447551813558,-0.25104355198407585,0.0011426284934388,1
2022-06-01 00:00:00+00:00,-1.7574958476155682,-0.32176295925092574,1.6776796194470476,-0.9975254902387419,-0.16623140093741515,0.10470006122707384,0.032754752786827,1
2022-06-02 00:00:00+00:00,-1.664431899297109,2.774659214095318,2.3123888692765213,-0.2930280628395075,-0.21512060658701326,1.0049684269848145,-0.0261982583922322,0
2022-06-03 00:00:00+00:00,-1.7106933548458914,-1.9613289498452489,0.4895309223501493,-1.6156226975766674,-0.22562230110543696,0.3515462877149596,0.0199011999263767,1
2022-06-06 00:00:00+00:00,-1.6399875072219252,1.1429115137738872,1.0998088094616085,-0.906959096015456,-0.12261846772829797,-0.20518826803761514,0.0028162423448256,1
2022-06-07 00:00:00+00:00,-1.625138970776511,0.6455611671783666,0.6353570233730876,-1.1218394872635151,-0.12778655136412234,0.23619509228325053,0.0003798276997479,1
2022-06-08 00:00:00+00:00,-1.6082035295124766,0.2161007471192326,0.1047466771197933,-1.5148775515209838,-0.05516915926172538,-0.09287080179764828,-0.0201246696405585,0
2022-06-09 00:00:00+00:00,-1.6662854556568278,-1.6467979481184354,0.675716710290093,-1.1324035679105966,-0.12377377622624036,0.6499618910140771,-0.031993525219638,0
2022-06-10 00:00:00+00:00,-1.7200316912167208,-2.361894502565654,0.8126900723752795,-0.627905056339041,0.1897227422680627,-0.01249808688500799,-0.0429015863343974,0
2022-06-13 00:00:00+00:00,-1.7834715415238735,-2.7758885750436852,0.9548786680021825,-0.5792683012527602,0.26574582044099154,0.06758843584186032,0.0030358449343972,1
2022-06-14 00:00:00+00:00,-1.7287684288682188,0.23199500373175658,0.6408738741434904,-1.175023427956901,0.23811521839848646,-0.3376266556182911,0.0285713688092315,1
2022-06-15 00:00:00+00:00,-1.7319582525371613,1.8913289328587142,1.7874979719679822,-0.36799043213579696,0.09418575621748689,0.04538046156711415,-0.0339909937877092,0
2022-06-16 00:00:00+00:00,-1.865408061684266,-2.558868209859507,1.6184831963862494,-0.32673015484230994,-0.027941793727122466,0.039510067457400495,0.0104685228931837,1
2022-06-17 00:00:00+00:00,-1.8086948138641925,0.7719615581379632,2.0024510426171136,-0.140552598899554,-0.09546628488783351,-0.10410416633803847,0.0410709505877913,1
2022-06-21 00:00:00+00:00,-1.7560788974532635,2.9959872024215204,2.2789070929946176,-0.1892604084786291,0.09287603328143917,-0.10758251727497163,-0.0005064245673396,0
2022-06-22 00:00:00+00:00,-1.7782375575131522,0.22067509207790179,1.1542905201196625,-1.388843614763714,0.0717057872603466,0.3572565167599584,0.0067675315893853,1
2022-06-23 00:00:00+00:00,-1.7174188130121757,0.42979961235148306,0.3664924710094668,-1.2523100153919515,0.04153200387389936,-0.2004669645723936,0.0510770528849759,1
2022-06-24 00:00:00+00:00,-1.653084642371323,4.187586576412306,2.4415557568747017,0.3389656483014693,0.1545029225431704,0.9536364556187517,-0.0181519807653109,0
2022-06-27 00:00:00+00:00,-1.745834292536391,-1.8465294515269808,1.089228153106383,-0.8770716862650553,0.24501046003734722,-0.11247022739768592,-0.0330303094134548,0
2022-06-28 00:00:00+00:00,-1.7918822613379384,-3.276309756134958,1.9490662627572846,-0.2700198269817175,-0.023867712114909262,0.978651336792577,-0.0027319248178138,0
2022-06-29 00:00:00+00:00,-1.6889097403699431,-0.08202352160024473,0.3532222851749152,-1.4464275549525827,0.42203222597077045,0.15247299006983053,-0.0245163811884244,0
2022-06-30 00:00:00+00:00,-1.7852594427293376,-1.9600057044089527,1.6426734708798807,-0.13972872131645808,0.30821044170005457,0.48668065580437503,-0.0020693014670042,0
2022-07-01 00:00:00+00:00,-1.7315475439468335,0.08339375858909176,0.7186509730979703,-0.7904900821784614,0.3294029470413504,0.011141053294970229,0.0416185855713249,1
2022-07-05 00:00:00+00:00,-1.7030924765186721,3.9161179703009097,3.646549889005755,1.1387191655996598,0.003552123245685117,2.883193078010712,0.0115570867991829,1
2022-07-06 00:00:00+00:00,-1.7250479010483615,0.8954653145616508,1.6569718491434395,-0.3308269297785761,0.2323307261945993,0.510953079413385,0.0367541135347204,1
2022-07-07 00:00:00+00:00,-1.6715120247720339,3.0207955701862015,2.1079276365430597,-0.11971459718674259,0.378404594803896,0.49861461559029696,0.0048029834600622,1
2022-07-08 00:00:00+00:00,-1.681079190163537,0.8192981575606255,1.176336821503203,-0.9971091011071453,0.4320420407650531,0.025002745860645176,-0.0308076585648097,0
2022-07-11 00:00:00+00:00,-1.7402900818439817,-2.4881324291644313,0.7830628859912026,-1.6470910848256695,0.3899366757502666,-0.050795408811461044,-0.0143157539766611,0
2022-07-12 00:00:00+00:00,-1.7132687238471342,-1.524299816432097,1.0361212164889628,-1.2808294080488885,0.28138630689425054,0.07814505275208207,-0.0233906936903202,0
2022-07-13 00:00:00+00:00,-1.7276580111968871,-1.59013560369099,1.1060332702119096,-0.6240034704455738,0.21857814722987215,-0.010709693001165404,-0.0088546089794997,0
2022-07-14 00:00:00+00:00,-1.7164123993287241,-0.5282838341882473,0.9401827247127615,-0.955232794328159,0.22347442558673644,-0.008393226126842514,0.0127754892934222,1
2022-07-15 00:00:00+00:00,-1.703037572235105,0.608220686644628,0.9963752926960691,-0.5627769911554885,0.1968353307575588,-1.09499484735953,-0.0245800736241913,0
2022-07-18 00:00:00+00:00,-1.8038807895018385,-2.7820094192459885,2.062671287941099,0.15931473808466223,-0.2225124653734047,0.5762320666728428,0.0438409722323214,1
2022-07-19 00:00:00+00:00,-1.6669510877794542,3.250700793285528,2.0236566379473766,-0.05677603582471732,0.23691929588329783,0.5798226934237873,0.0007910760507661,1
2022-07-20 00:00:00+00:00,-1.6968325406078095,0.1995577405904951,0.8427629161488391,-0.6798046864548196,0.2313016692881952,0.0788048599344371,0.0038629166355248,1
2022-07-21 00:00:00+00:00,-1.6872687079058728,0.16420014737731362,1.0144136147925313,-0.6614239054348737,0.15175442438895848,0.2536414719541445,-0.0563232070119728,0
2022-07-22 00:00:00+00:00,-1.8833024262629399,-4.6256694335660775,2.6139580701150607,0.23853925407687984,0.18324224127138072,1.2610814899613687,-0.003614401536841,0
2022-07-25 00:00:00+00:00,-1.7522915133120034,-0.5983537987118677,1.2462062827935367,-0.6211534058371273,0.0916673992518906,0.2515940110607039,-0.0231607257803488,0
2022-07-26 00:00:00+00:00,-1.8275332514398017,-2.007573781431512,1.3032756167037638,-0.32946747974722923,0.12672064957306672,-0.30016169427669537,0.0765568067592112,1
2022-07-27 00:00:00+00:00,-1.7389665787664152,5.153749047273027,3.8708508311385925,1.148834220215163,0.432447853600587,0.04335587514430609,0.01026009631452,1
2022-07-28 00:00:00+00:00,-1.7728044046039289,1.1009665683713188,1.4822215556983867,-1.4657007015138281,0.5695261620487206,0.1787199082149944,0.018385575916211,1
2022-07-29 00:00:00+00:00,-1.7342014334138711,1.907148118411527,1.9232974054348728,-0.9234521010551527,0.514576335568737,0.5352115823276273,-0.0125516376041198,0
2022-08-01 00:00:00+00:00,-1.7557371170452316,-0.841314626436924,0.8547257765059707,-1.9881877636629186,0.6199799097027618,0.073040452756705,0.0023506616504744,1
2022-08-02 00:00:00+00:00,-1.6878967373268232,0.5041206762938736,0.7592995884390429,-1.880941140338579,0.5275197980543799,0.540618755109381,0.0256232164268734,1
2022-08-03 00:00:00+00:00,-1.6470238656614047,2.128487538775297,1.311722522628058,-1.2044812833391656,0.6373281817471957,0.2958386813706633,0.000931689428079,1
2022-08-04 00:00:00+00:00,-1.6415150436569026,0.33403309891652716,0.25609045277271936,-1.8862768050045187,0.6663519038507925,0.05156979584386093,-0.0060917958831259,0
2022-08-05 00:00:00+00:00,-1.6379313540128566,0.07194757025139392,0.21032654796573147,-1.8690576817605205,0.7423206218606964,0.5128394294936591,-0.0014472829732413,0
2022-08-08 00:00:00+00:00,-1.6343934266139506,-0.3926343921946612,0.582270765576317,-1.3880449122847534,0.5501690605992854,0.5291474384725121,-0.0057119560713254,0
2022-08-09 00:00:00+00:00,-1.6162023613223822,-0.3741050270399341,-0.22183712130737976,-1.8483783103503568,0.7514225940282921,-0.07011333247146954,0.0263226061066228,1
2022-08-10 00:00:00+00:00,-1.5704125995742018,1.761162075555096,0.6134766635619379,-0.7099841563576242,0.7961299200950911,-0.4169946828992294,-0.0071847458302842,0
2022-08-11 00:00:00+00:00,-1.6158296675704538,-1.105936143203225,0.34422696009844267,-1.0699279519310734,0.7458286411412892,-0.035346475916432675,0.0238978937850229,1
2022-08-12 00:00:00+00:00,-1.5205264184292357,1.8387740401360713,0.053003542752790414,-1.2353381475901646,1.0327068199312048,0.11323620910007934,0.0032872482638157,1
2022-08-15 00:00:00+00:00,-1.5136930006492788,0.5388643120882105,-0.4397037543884195,-1.3008711197805247,1.0940967032199196,0.11050180796639902,-0.003112675852094,0
2022-08-16 00:00:00+00:00,-1.493316779354724,-0.0496920554904393,-0.6442631307754787,-1.1403857941842215,0.9833537233417916,0.15690981779192756,-0.0176663961210936,0
2022-08-17 00:00:00+00:00,-1.5246848971155484,-1.153452220448264,-0.5532554459978927,-0.915154175531643,1.1020348202512698,0.12210852678109241,0.0051860254612223,1
2022-08-18 00:00:00+00:00,-1.474154978747352,0.5689400844656718,-0.5165755851995121,-0.92921130578547,1.1596692357381324,0.3465354718413597,-0.024631765788425,0
2022-08-19 00:00:00+00:00,-1.507633767104591,-1.951743475639209,-0.8350894870068636,-0.3835361761297441,0.8443201822334615,0.3142919077729821,-0.0253390499384713,0
2022-08-22 00:00:00+00:00,-1.5265039761205712,-1.7219658089993182,-1.0355450004140396,-0.5562871342757374,1.0975150702422358,0.23293195082987503,-0.0033263581101758,0
2022-08-23 00:00:00+00:00,-1.4823840202901315,0.013047666429133227,-1.3331294641071447,-0.6060654530096342,1.1796942823041126,0.38229872690239597,-0.0014930349372607,0
2022-08-24 00:00:00+00:00,-1.422728172118991,0.038826522876825496,-1.8841638992916743,0.42528688008180676,0.4718628895874137,0.43937574028772886,0.0260357025394089,1
2022-08-25 00:00:00+00:00,-1.3860743500609713,2.2386169096193,-1.383000675424183,0.7869315037024222,0.6370891075857247,0.8058274938443618,-0.0540935054154804,0
2022-08-26 00:00:00+00:00,-1.654531806649656,-4.826531464519859,0.3899908385268781,2.411054866222007,0.9139940219964585,0.524751464241871,-0.00833783908876,0
2022-08-29 00:00:00+00:00,-1.5375590941043276,-0.6701685661150479,-1.2640361893986989,0.5681326573320993,1.1608918093015044,0.22763576017589582,-0.0043866550861598,0
2022-08-30 00:00:00+00:00,-1.5731849137016107,-0.7320599118312018,-0.7218076312293117,1.2172266142424308,1.0916057932009327,-0.11570845164135816,-0.0066091858802529,0
2022-08-31 00:00:00+00:00,-1.5942862785795433,-1.229877826059452,-0.8021788122226101,1.3705104974726767,0.9351005573156731,-0.38637550215586686,0.0140454368937563,1
2022-09-01 00:00:00+00:00,-1.5684198603447819,1.136690359104695,-0.40960647734804156,1.5351151663046676,0.965985537255474,0.3471482091180343,-0.0172224732416488,0
2022-09-02 00:00:00+00:00,-1.6463896299316896,-1.955739889657699,-0.5908131671097766,1.0715462870934498,0.835950610058107,0.44991717255125835,-0.0096431811028793,0
2022-09-06 00:00:00+00:00,-1.6322033419497755,-0.756194579723439,-1.0407980976017774,0.7590233814509292,0.9683468011479152,0.13254356754189472,0.0247168087112035,1
2022-09-07 00:00:00+00:00,-1.5864824724091673,2.0997581681280497,-0.38707801505861655,0.9907172132248699,1.0303121748845674,0.7421664255684695,-0.0097761281148601,0
2022-09-08 00:00:00+00:00,-1.6347008710717792,-0.5116561953766857,-0.9933314156574726,0.7856523456626219,0.9597301777675148,0.4605279347725525,0.0209448717345968,1
2022-09-09 00:00:00+00:00,-1.5866206388056159,1.6975780234465285,-1.0145700358904777,0.6693905503242725,1.1379937017615482,0.011122818210620724,0.001897862669814,1
2022-09-12 00:00:00+00:00,-1.6060913366719884,0.09724530585222421,-1.381040759403033,0.47304893162679973,0.9943878612867749,-0.169616424731035,-0.0589932824770074,0
2022-09-13 00:00:00+00:00,-1.822320123041212,-4.877059559850224,0.47032919232091286,1.7178468098546062,1.1049297276949206,0.5516380238655915,0.0065183617924318,1
2022-09-14 00:00:00+00:00,-1.690970015305068,0.5105677353005612,-0.7989744422579279,0.29735939228205177,1.3625073260977638,-0.3377485827242669,-0.0199047076379692,0
2022-09-15 00:00:00+00:00,-1.7886854564540065,-1.6917843143389,0.008513794273778361,1.0601514020192269,1.1799017967772865,0.022563903513535058,-0.0010688803681958,0
2022-09-16 00:00:00+00:00,-1.7873994307833392,0.012613735696646464,0.1028633625088463,1.317143212550701,1.1782920021565535,-0.7003664317534251,0.0026264295876825,1
2022-09-19 00:00:00+00:00,-1.7619520937518194,0.611565114116447,-0.7705058724909964,-0.1188668186091124,1.0831703692802623,0.30049039232734065,-0.0187251714827404,0
2022-09-20 00:00:00+00:00,-1.8276408268411155,-1.4109555541625411,-0.7805347787513042,-0.015430707704568426,0.9960721346887178,-0.0215584918369722,-0.0183903387080744,0
2022-09-21 00:00:00+00:00,-1.8899229803906914,-2.03687609624418,0.34814102399594754,0.8217092377215105,0.7304365288553992,0.38663383992871303,0.0086623552975919,1
2022-09-22 00:00:00+00:00,-1.8452818548857237,0.8522515082513986,0.10523501565868028,0.6313857098893768,0.8742279924183173,0.029878792239471878,-0.0139805072733012,0
2022-09-23 00:00:00+00:00,-1.8932091389269392,-1.1653390375088153,-0.35895959317869464,0.20864335677650048,0.6123685336449769,-0.09341793351630179,-0.0057726290559065,0
2022-09-26 00:00:00+00:00,-1.8555239362555422,-0.3137186672837296,-0.798461322057958,0.24379181569867273,0.27647833348335493,0.22471132826860712,-0.0068250223219815,0
2022-09-27 00:00:00+00:00,-1.9025295327852492,-1.146595578924978,-0.166306408896231,0.7297254082020627,0.0888350979871557,0.214815052394045,0.026154012300749,1
2022-09-28 00:00:00+00:00,-1.8558683398830034,2.186162863331642,0.5224992483458534,1.1280071233518438,0.26387010709022946,0.8292694033271261,-0.0262869683210993,0
2022-09-29 00:00:00+00:00,-1.959193276774395,-2.0344507677913026,-0.2695894632435542,0.3358132162895756,0.3584300188433537,0.3884828334912555,-0.018168648117538,0
2022-09-30 00:00:00+00:00,-1.9760954587513218,-1.689782327457608,0.19565236871789904,0.7519252052362416,0.21462937237033727,0.5329767358907413,0.0312595810714961,1
2022-10-03 00:00:00+00:00,-1.8947289699949121,2.3989872160726438,0.18277677107450038,0.3941757825155582,0.49339416560827654,0.387701352876345,0.0304137147273293,1
2022-10-04 00:00:00+00:00,-1.8907995746254938,2.1968092947157785,-0.40508829362894977,-0.18298704730939847,0.7853915615615009,-0.6273443124603983,-0.0020660254228207,0
2022-10-05 00:00:00+00:00,-1.925431531392477,0.3711529404244469,0.01188044427877174,-0.08274654379332587,0.4581219145933613,1.313054192573918,-9.865088839300372e-05,0
2022-10-06 00:00:00+00:00,-1.9143927435110366,0.2555075274741109,-0.4112521355752387,-0.34418105709564556,0.541979090826472,0.6122040226516744,-0.0270163138373115,0
2022-10-07 00:00:00+00:00,-1.9740328888208738,-1.993033542766436,-0.47399918232534094,-0.24776327444950322,0.5009487188257971,0.3087497802017077,-0.0083096583651981,0
2022-10-10 00:00:00+00:00,-1.9441271865692287,-0.8101613382209752,-0.7363732660091136,-0.7050029416701894,0.48945251094092695,0.3979212220770408,-0.0069488921988092,0
2022-10-11 00:00:00+00:00,-1.9282701817983756,-0.5467298182953886,-0.4112871668944166,0.5060656608837195,-0.028720808026742303,0.7321089398622705,0.0039104611171205,1
2022-10-12 00:00:00+00:00,-1.9043381748610682,0.3687838476141763,-1.0090731454008208,-0.024728925286657936,0.08239896920874057,0.36972941899470874,0.0153749986291902,1
2022-10-13 00:00:00+00:00,-1.9216623438237397,1.9627204603806687,1.3239064903376516,2.0928461876328583,-0.18118556157851645,2.398727195028559,-0.0252371604967911,0
2022-10-14 00:00:00+00:00,-2.0134121077865537,-2.7936080407909123,0.15175983288599365,0.9029960156889486,-0.033455144295480375,1.1199054062413911,0.035314902935591,1
2022-10-17 00:00:00+00:00,-1.9007775643753702,2.4059952838424357,-0.37779183386195064,0.46174226871270374,0.5310687412619787,-0.31050359691784163,0.0080024021989359,1
2022-10-18 00:00:00+00:00,-1.9503720305218517,-0.3812056929103374,-0.059685515993129275,0.527323321901609,0.2724380825732466,0.32119079380985927,-0.0113129080916062,0
2022-10-19 00:00:00+00:00,-1.9443754368680766,-0.7707092873998127,-0.8888919528868876,0.00831258916781044,0.4559828775908663,0.3551452301101944,0.0034126428556031,1
2022-10-20 00:00:00+00:00,-1.9281867486934916,0.1301775558954237,-0.3503722833641123,0.5545421268623163,0.4158277424462057,0.5749814847786524,0.0116033138026347,1
2022-10-21 00:00:00+00:00,-1.9030147246290112,1.6314122633341794,0.32483111262540937,1.3363563963732386,0.41146793490436756,1.2355716555146024,0.013744857313888,1
2022-10-24 00:00:00+00:00,-1.8893122973581415,0.9800534892231473,-0.3340511202156338,0.6522007028351214,0.4578731774774334,0.35062186404162926,0.0191180591071846,1
2022-10-25 00:00:00+00:00,-1.8783461216928874,1.523141974148159,-0.17045399102080433,1.2046537757838718,0.5903048150782231,-0.6558701756245974,-0.0914050109042727,0
2022-10-26 00:00:00+00:00,-2.258178190832136,-6.552878908895823,2.4488734233621083,2.8201760451096414,1.4258554163560864,-0.8694226657365622,-0.0285471806333776,0
2022-10-27 00:00:00+00:00,-2.175286802878819,-2.8577241784977163,2.085913681604756,1.3528781539623593,1.1218430414703358,-0.6721286131300778,0.0441334818880314,1
2022-10-28 00:00:00+00:00,-2.0480324185253576,3.6924705070797486,2.6699840107768815,0.9681420370653127,1.2036871840057066,0.9609640845816994,-0.0184857802489752,0
2022-10-31 00:00:00+00:00,-2.1376949269286216,-1.4448599138369884,0.5599301947804964,-0.9564959183283913,1.245754897217507,-0.12015602607723944,-0.0427469046694298,0
2022-11-01 00:00:00+00:00,-2.299539983538335,-4.70674245502026,2.961447816576441,0.9951202682652773,0.7301035598106919,0.8786389312639399,-0.03868686871265,0
2022-11-02 00:00:00+00:00,-2.3391485676691586,-4.124932425447555,2.722713322045064,0.7319659467389724,0.8522543599873673,-0.12330928312888889,-0.0407036323741127,0
2022-11-03 00:00:00+00:00,-2.386583314791128,-3.8264658773268674,2.3988267170878768,0.17474344384421361,0.8998706692982359,-0.6110170432111216,0.0377562118613115,1
2022-11-04 00:00:00+00:00,-2.2816906005596755,2.430542240214086,2.6494218637355025,-0.21399062429398555,1.0265700254802492,-0.5952697463250904,0.0220605093794525,1
2022-11-07 00:00:00+00:00,-2.2960295195896845,1.7041400649284426,1.7134974973193848,-1.5941745762804775,1.0703666637299785,-0.2840414260979958,0.0046332756294067,1
2022-11-08 00:00:00+00:00,-2.338641856082623,0.19349447459617167,1.917900644210289,-1.6250483788249752,0.9358649175754435,0.23330821048264244,-0.0177727310704824,0
2022-11-09 00:00:00+00:00,-2.3838172575218706,-1.5039307971158615,1.5191643814031093,-1.9825408515788645,0.9427048206322718,-0.10062715890673382,0.0758130820163793,1
2022-11-10 00:00:00+00:00,-2.286337522766768,4.7740966977450805,3.20826669556761,-0.7828194168983,1.4378581099156424,-1.4077180924307753,0.0262934339460871,1
2022-11-11 00:00:00+00:00,-2.3084453109907384,2.0279102116723555,2.665377568001325,-1.8367812805397423,1.3193069231103052,0.17850791504424218,-0.0073645262875946,0
2022-11-14 00:00:00+00:00,-2.325463473434634,-0.24587154667730254,1.9322283895695667,-2.3779873095307664,1.2533840504525546,0.14740712332735614,0.0286312447017456,1
2022-11-15 00:00:00+00:00,-2.2863659070408993,1.55431353631914,3.043477854451068,-1.4442851288583676,1.1429010035369425,-0.3703319892684923,0.0041649588617753,1
2022-11-16 00:00:00+00:00,-2.2630050868541742,0.5725334675795927,1.9138496145132895,-2.64037705156781,1.238151836858769,-0.15385358748253106,-0.004957022295115,0
2022-11-17 00:00:00+00:00,-2.262858364089936,0.16932149640373612,2.082224132222417,-2.6300959677239253,1.1716571107960103,0.513344137434247,-0.0094550967029474,0
2022-11-18 00:00:00+00:00,-2.2840912107704328,-1.039776847713286,2.0525248296424072,-2.5513647438091955,1.1456599372330405,-0.14333092119550783,-0.0187827527381275,0
2022-11-21 00:00:00+00:00,-2.3019146012687357,-1.7280834213706937,2.138689809918156,-2.648570587075854,1.078875313080886,0.4986783848468996,0.0151675299275029,1
2022-11-22 00:00:00+00:00,-2.2394773961487333,1.1990237167830378,2.405902223911719,-2.2219377778552905,1.1982327103252075,0.6410393628234832,0.014528500640905,1
2022-11-23 00:00:00+00:00,-2.131574056058852,1.4071141851169515,0.626430229358658,-2.1770795567842427,0.8842569420581813,0.14389749330975957,-0.0101562548858967,0
2022-11-25 00:00:00+00:00,-2.1429468636765807,-0.6879734741376636,-0.25103436498582155,-2.653194242728403,1.0439453279270896,0.21523303088058657,-0.0144675383876894,0
2022-11-28 00:00:00+00:00,-2.165497628027053,-1.173184300553499,0.3712695273848493,-1.37941525006507,0.9453487674015552,-0.011969932251387922,-0.0089537355072363,0
2022-11-29 00:00:00+00:00,-2.1478881981102576,-0.6662732204518476,0.22321067731875005,-1.5583969022052682,0.9506787434872191,0.32429147161227534,0.0609307838340522,1
2022-11-30 00:00:00+00:00,-2.0733226666491404,5.228331781138312,3.7973507389935595,1.7225766783320533,0.7882315584730184,2.377233246193684,0.0,0
2022-12-01 00:00:00+00:00,-2.0882757811490995,-0.01402336216574857,0.262297775156035,-0.8363798019609964,1.0579846646182076,-0.14814543974287828,-0.0054460849328895,0
2022-12-02 00:00:00+00:00,-2.0316555504502904,0.19726292828125044,-0.3239354728754141,-0.8956409650272837,0.9851207352436547,0.6090902141085819,-0.00955793176604,0
2022-12-05 00:00:00+00:00,-2.033953892859481,-0.551956805543744,-0.13682801426591532,-0.3708857361095879,0.9959933349500842,0.507034550091382,-0.0251306072162975,0
2022-12-06 00:00:00+00:00,-2.086481398012439,-2.366187634425345,0.3433849962033597,-0.06767264767240243,0.9850020211223599,0.7445898682549014,-0.021035283547784,0
2022-12-07 00:00:00+00:00,-2.0953538687546267,-1.8093866933763927,0.013684837856882444,-0.13312953666344665,1.2415959302813584,-0.1386473930031663,-0.0129555851939456,0
2022-12-08 00:00:00+00:00,-2.102606498749436,-1.4156011519682488,0.0704554886724767,-0.009479621299786417,1.2194257141496492,-0.3924944231327205,-0.009390707905616,0
2022-12-09 00:00:00+00:00,-2.040430498331518,-0.8663906627689517,-0.9374005038134144,0.10680652805749963,0.6933618579574174,-0.36844536087833046,0.0051707764978665,1
2022-12-12 00:00:00+00:00,-2.022148763918789,0.49181801164355776,-0.6303049882275215,0.5478806909873275,0.576152661084356,0.0011877724271847012,0.0248633302133254,1
2022-12-13 00:00:00+00:00,-2.063885292099173,0.410535043958227,1.2377473183394887,2.14270497499154,0.34382405642820596,-0.14867894946126767,-0.0058559685749969,0
2022-12-14 00:00:00+00:00,-2.0506511926800264,-0.5115788734545607,-0.05608888385011259,0.9593995028164864,0.38175516526258935,0.8037599860691726,-0.0442830748125874,0
2022-12-15 00:00:00+00:00,-2.181332137598899,-3.683085640776728,0.5720594315665303,1.402572060105302,0.5656179392266542,0.5629789602020974,-0.0066035671563007,0
2022-12-16 00:00:00+00:00,-2.146408903841164,-0.7814312418001527,0.38281346527641064,1.7420767961778856,0.7346124137695185,-1.6204000673446606,-0.0201640256999122,0
2022-12-19 00:00:00+00:00,-2.16211720268076,-1.9139148374420059,-0.23067934191651798,0.13045261631349225,0.5234410443771312,0.10131387765824279,0.00655815490906,1
2022-12-20 00:00:00+00:00,-2.1098906987354464,0.765829802061551,-0.5735079221421149,-0.29858355991194485,0.5939458813624685,0.31983305625221214,0.0062907051988176,1
2022-12-21 00:00:00+00:00,-2.1273002866964172,0.5733813040145228,-0.48566454719572744,-0.15449143978696478,0.52783973950226,0.24031787492839238,-0.0203171770692641,0
2022-12-22 00:00:00+00:00,-2.192978345908002,-1.3722685198574283,-0.3435210621674314,-0.03860331764587129,0.40909983212078105,0.5296609248607629,0.0167502866878184,1
2022-12-23 00:00:00+00:00,-2.136269284842677,1.7718770276563125,0.005978620814597092,-0.09561953464720933,0.4006822636035253,0.992523751587859,-0.0206208910769982,0
2022-12-27 00:00:00+00:00,-2.2125730245088313,-1.690798189219915,-0.6784762820668596,-0.7135606885887812,0.44815397575712757,0.4438858733719348,-0.0156767328374306,0
2022-12-28 00:00:00+00:00,-2.221543620460222,-1.2522680213984831,-0.5258689039215136,-0.6336958435815809,0.44447903144329676,0.6403358952329813,0.028249196740504,1
2022-12-29 00:00:00+00:00,-2.111872581332778,2.3526709319725425,-0.48585902899192757,0.32334048824909,0.09759773009031131,0.6103224010487335,-0.0024872467904535,0
2022-12-30 00:00:00+00:00,-2.1559279959271604,0.3813032772305608,-0.9634791424356417,0.01026337277355821,0.17251921395574277,0.5972315465117332,0.0100873788770827,1
2023-01-03 00:00:00+00:00,-2.172771250808804,0.36580642405853914,-0.3017628952542382,0.5496909649459506,0.08076980991086119,0.18127655715214333,-0.0116698503057701,0
2023-01-04 00:00:00+00:00,-2.240044434814623,-1.6869981641432352,0.28809845439911924,1.0907236574064465,-0.08482273869925702,0.2889993259332868,-0.0213440994114485,0
2023-01-05 00:00:00+00:00,-2.226436167861891,-1.7030613725457442,-0.9789678109703258,-0.08995040145684077,0.06986127468689174,0.02627220376756876,0.0132249889321482,1
2023-01-06 00:00:00+00:00,-2.208995119112517,0.8216307260673275,0.3951819216955158,1.353242624481312,-0.020550531389076792,-0.00289877591456264,0.0077857023885166,1
2023-01-09 00:00:00+00:00,-2.1997757730728473,0.3074123626818219,-0.42031374098759977,0.334669993797786,0.015909351767587152,0.02190272142434882,0.0045444226760815,1
2023-01-10 00:00:00+00:00,-2.1962828657626874,1.1264560684623985,0.07068782615619588,0.6951961987802187,-0.025341135148061352,1.2176092615498844,0.035059861463619,1
2023-01-11 00:00:00+00:00,-2.1525136688782194,2.867161286387041,0.0756155235337323,0.40248140800353677,0.23653669659761367,0.5913957790815642,-0.0042613816753609,0
2023-01-12 00:00:00+00:00,-2.2017888061833126,-0.399007266835868,-0.48156836184700036,0.2945912710538066,0.20278117206917937,0.051137883311488684,0.0108637061064365,1
2023-01-13 00:00:00+00:00,-2.1548383778615525,1.1083445610492124,-0.5095982184109606,0.13778634213500715,0.26022112371751355,0.3831985585325307,-0.0090100222021169,0
2023-01-17 00:00:00+00:00,-2.169432288398807,-0.8459525598100931,-0.6690027735578139,0.688029026029288,-0.08061723337271426,-0.028177954944867807,-0.0018620797926276,0
2023-01-18 00:00:00+00:00,-2.145673810771274,-0.5012707338246019,-0.8396970397537725,0.7026382009947151,0.054080735804594354,-0.08218605833518329,0.0211808122258001,1
2023-01-19 00:00:00+00:00,-2.103325606787598,1.9434155425187731,0.0632924770336077,1.6363871259697893,-0.006716507098861465,0.501445375143345,0.0534121197572614,1
2023-01-20 00:00:00+00:00,-2.1066952427562855,3.7744199194126646,1.4978872103639835,2.857464552128634,0.3291455112061875,-1.1355506589231925,0.0180575112707304,1
2023-01-23 00:00:00+00:00,-2.0932396420331756,1.5748789274054549,0.22674454498975513,0.87028985633762,0.2295215132591272,-0.1146634898717252,-0.020943925180301,0
2023-01-24 00:00:00+00:00,-2.131249760663559,-1.4123851113855839,-0.26182521620798255,0.15835810356627297,0.1443325697496256,0.27627678990990173,-0.025383863557617,0
2023-01-25 00:00:00+00:00,-2.1565445069766254,-1.7213546732200586,0.13912171572710266,0.46421098334770633,0.19689736395905066,-0.04441988134266979,0.0241545940580294,1
2023-01-26 00:00:00+00:00,-2.046404503525983,1.7520943172468995,-0.04585855548814934,-0.052593474310855585,0.10448477040090266,-0.10098696087494814,0.0189703922620378,1
2023-01-27 00:00:00+00:00,-2.0419742271597356,1.7276348909646064,0.46478774829088826,0.35954161208082974,-0.08715994399487997,0.5340315394507938,-0.0244540205467836,0
2023-01-30 00:00:00+00:00,-2.1038198168195406,-1.5790074732888408,-0.5128717326533568,-0.7256744186392591,0.0166684882666494,0.2843831240575186,0.0195997567816026,1
2023-01-31 00:00:00+00:00,-2.0260596838766833,1.833617448570402,-0.03754680524818942,-0.3069133657412642,0.047117462014140646,0.13658721084202635,0.0160865458221095,1
2023-02-01 00:00:00+00:00,-2.037148207592453,1.3845081972897344,0.909414604010303,0.4559002657956953,-0.13163970122222265,0.7338558251401202,0.0727870972271169,1
2023-02-02 00:00:00+00:00,-1.9883259200614165,4.571361689422032,1.7337162752050699,1.393251297661026,0.5045106642701466,-2.5396734696141614,-0.0274735386364699,0
2023-02-03 00:00:00+00:00,-2.1294579922599723,-1.4145760097834765,2.728487847651101,1.3413336284750086,-0.015997166005355223,1.0461920863332141,-0.0179423882218597,0
2023-02-06 00:00:00+00:00,-2.050943302174113,-0.9122391323422661,0.6481735297353619,-1.1082322855964566,0.2764492749638181,0.4095730890537834,0.0460640904376732,1
2023-02-07 00:00:00+00:00,-1.9669850569833303,3.7970108470057675,2.8590983808402854,0.7020452915724563,0.19506402218693997,0.8924739003392475,-0.0768301669302307,0
2023-02-08 00:00:00+00:00,-2.3095145822340855,-6.005929440305393,4.010601386618084,1.1311511071196045,0.6747586104475027,-0.20606566553928524,-0.043876340060264,0
2023-02-09 00:00:00+00:00,-2.372288046928066,-4.991295658654139,5.719934418841597,1.982595153528167,0.15977202925210432,-1.100646919845363,-0.0046311895050568,0
2023-02-10 00:00:00+00:00,-2.2267403614918693,-0.7050330546144153,2.7100424463806907,-1.8223523924365794,0.351365240210254,-0.9856339851152334,0.0004230648992789,1
2023-02-13 00:00:00+00:00,-2.222761237955865,-0.027415929830968206,2.096227199038319,-2.5300326946402403,0.3487445013080421,-1.4126929355484332,0.0007397657400352,1
2023-02-14 00:00:00+00:00,-2.261939696568893,0.012397155779877572,2.931710372572954,-2.00363849050797,0.08965959890827628,-0.723113289057685,0.0238699495041878,1
2023-02-15 00:00:00+00:00,-2.2240405832547605,2.128196170079416,3.2977520599723973,-2.023298197161473,0.0019760676695321075,-0.21942844415483642,-0.0147513482534596,0
2023-02-16 00:00:00+00:00,-2.2861980500779944,-0.9057444255105424,2.917121175359196,-2.5570360396920617,-0.09669998023814226,0.059932458976378555,-0.0121453917212799,0
2023-02-17 00:00:00+00:00,-2.2553306442374637,-0.8960789386170115,2.181116041707858,-2.763314263607931,-0.15994107934402405,-0.19363688438821572,-0.0271330056928771,0
2023-02-21 00:00:00+00:00,-2.287259421445465,-1.960918377081964,1.5399870100438164,-3.2156033940348876,-0.01274392021264638,-0.6701019498183549,-0.0015252377413703,0
2023-02-22 00:00:00+00:00,-2.255647940794757,-0.03680284622822394,1.6989311314859288,-3.077610933577896,-0.033514563647281476,-0.6307158195220222,-0.0082923181126657,0
2023-02-23 00:00:00+00:00,-2.3005219477106,-0.8881617777935092,2.18248275468791,-2.45091688592009,-0.15009461302105787,-0.6568681979094998,-0.0193642218392,0
2023-02-24 00:00:00+00:00,-2.317356473999799,-1.188086550434222,1.5542750087272557,-3.00687197494663,-0.1332745954105844,-0.6635838405996114,0.0083025857344614,1
2023-02-27 00:00:00+00:00,-2.27542716947311,0.629596806753493,1.203403748509789,-3.3214027950875495,-0.0937649168491609,-1.0757972445145259,0.002114096822277,1
2023-02-28 00:00:00+00:00,-2.2991788433738396,0.43901596924397085,1.8534152381852194,-2.8033031540403646,-0.2678069189992388,-0.15814382507925576,0.0033311989683941,1
2023-03-01 00:00:00+00:00,-2.298056068031149,0.4237245419478969,1.5102116050631058,-2.9670283317688453,-0.25941998771987995,-0.653707911416112,0.0181495589829574,1
2023-03-02 00:00:00+00:00,-2.279271310248908,1.8987018730828742,2.4026551517660946,-2.2906399758053686,-0.35791256509692015,0.41886105432583715,0.0179349544372511,1
2023-03-03 00:00:00+00:00,-2.214183557167927,1.5566151482693809,1.0531786342636582,-2.2585646414942753,-0.6028643618035157,-0.8035897712881919,0.0158034757438703,1
2023-03-06 00:00:00+00:00,-2.20382464630862,1.355448431860866,1.2523733854945318,-1.945102150997956,-0.5188731917519037,-0.28259469511481067,-0.0133502836085704,0
2023-03-07 00:00:00+00:00,-2.248530397810804,-1.1270178673697486,1.0312938896173773,-2.220809354250132,-0.5858198645844842,-0.09284495566387925,0.0041553061564563,1
2023-03-08 00:00:00+00:00,-2.18961263344066,0.3299567146255335,0.8888670850445985,-1.6759326468334828,-0.7676264107075859,-0.34177433551413405,-0.0204776512522419,0
2023-03-09 00:00:00+00:00,-2.1708585689789763,-1.8782254026830891,0.722907872622873,-0.5546394283075904,-1.542542566983816,0.9601429265064504,-0.0183058310379898,0
2023-03-10 00:00:00+00:00,-2.133471248017999,-1.6438033278814508,-0.26935346896373735,-0.04775436083434251,-1.2344453124480381,0.008490449781868706,0.0052962097292599,1
2023-03-13 00:00:00+00:00,-2.1025089828671426,0.5961515548526002,0.3484201610346508,0.5877250479883986,-1.1727802546217987,0.7113355677060506,0.031390787266512,1
2023-03-14 00:00:00+00:00,-2.0604205723795124,2.341764249938133,-0.15506390350930976,0.12394899953849942,-0.7112469157562983,-0.40982219433340794,0.0227731625813025,1
2023-03-15 00:00:00+00:00,-2.0983844297390157,2.0946666275004704,1.5350849216121214,1.6667854720003534,-0.7848776067780643,0.8754085221441529,0.0438039663130316,1
2023-03-16 00:00:00+00:00,-2.0838486470160484,3.5192056266087435,2.8765007094921793,2.716801517343317,-0.699775830398836,0.8816389075958879,0.0129584583566193,1
2023-03-17 00:00:00+00:00,-2.075756134037484,1.0313134737948635,0.9842591531678102,1.0887409662537804,-0.5605305297605255,-0.812485636927318,-0.003936158295264,0
2023-03-20 00:00:00+00:00,-2.0308728231251694,0.18100310589025198,-0.2517842951060195,-0.6107441270892654,-0.6066371114505831,0.07315444136205966,0.0365540473746246,1
2023-03-21 00:00:00+00:00,-1.9538393898343078,3.1791852707017605,1.2206889275331005,0.7028610496195001,-0.8055320466176439,0.70522025600535,-0.0147731631043009,0
2023-03-22 00:00:00+00:00,-2.0303056984504524,-1.2610914443501346,0.6679860172410803,0.10187225077862146,-0.8070806417288028,0.08778182058858769,0.0215728749467229,1
2023-03-23 00:00:00+00:00,-1.9320952490707988,1.439137324892171,0.09261541422350922,-0.30725410779517115,-0.6316772148668681,-0.8859679924380948,-0.0015150644904626,0
2023-03-24 00:00:00+00:00,-1.9196813788565543,0.13997295443980173,-0.475204860378745,-0.8758527997859737,-0.7430102128199157,-0.1938264547487071,-0.0282624809453584,0
2023-03-27 00:00:00+00:00,-1.99657277083709,-2.3663377272149773,0.14561819696163525,-0.7436201610909842,-0.702825965091342,0.27224428707278336,-0.0139566983715934,0
2023-03-28 00:00:00+00:00,-1.9839514593864167,-1.2927887348409912,0.27343839616087595,-0.6872248101623101,-0.6234543426468857,0.10892006068457778,0.0035632834989676,1
2023-03-29 00:00:00+00:00,-1.9450630741565083,-0.014279892915994113,-0.15922758718437308,-1.0356073478110404,-0.5151293370351498,-0.426887279972953,-0.0049314538542394,0
2023-03-30 00:00:00+00:00,-1.9562968943324912,-0.21628723948585465,-0.32306299705498487,-1.032037053737185,-0.45209749006170813,-0.4976768171160605,0.0281494909909696,1
2023-03-31 00:00:00+00:00,-1.9125313557630428,2.382691679227346,0.773325542841085,-0.18542695155040373,-0.5066231648182804,0.17867432943954595,0.0060733423915038,1
2023-04-03 00:00:00+00:00,-1.9138770197883084,1.028040778152254,0.19605008420645603,-0.9000827538143342,-0.5099527219748112,0.7593460176681246,0.0034495838645829,1
2023-04-04 00:00:00+00:00,-1.8966090102980533,0.4414134024032922,-0.45718637456621514,-1.2862368420747896,-0.45550817215235,-0.1320256526053928,-0.0023871723334385,0
2023-04-05 00:00:00+00:00,-1.9149498989258464,-0.5257185216265217,0.0076548969610177086,-0.8214872684347849,-0.5213122835953538,-0.09425757763711348,0.0378099042639878,1
2023-04-06 00:00:00+00:00,-1.8574501676904456,2.943616519455966,2.003259847222198,1.0399032382149962,-0.6967454733641718,0.6832917421578653,-0.0182623447350701,0
2023-04-10 00:00:00+00:00,-1.8930082810822222,-1.20529573295732,-0.03806438987907683,-1.039238548392406,-0.5443244615445398,0.3899625722866471,-0.010240599935699,0
2023-04-11 00:00:00+00:00,-1.8763329259037356,-0.9114875527255323,-0.2213085281697192,-1.1447024604979195,-0.401283859563919,-0.08505433497552739,-0.0067394273192769,0
2023-04-12 00:00:00+00:00,-1.8664457692324632,-0.9542647409638095,-0.16691336836422532,-0.9962503941216814,-0.4665913542305887,-0.020274109097465208,0.0266627926435243,1
2023-04-13 00:00:00+00:00,-1.7776383514383594,2.1425148704305434,-0.36200638934096263,-0.8954985260532982,-0.1631073487523049,-0.20707356189376,0.0134042391147113,1
2023-04-14 00:00:00+00:00,-1.7603519533058423,1.447905427005332,-0.46268375070021844,-0.38117583587017373,-0.22312723284770433,0.28369907968994656,-0.0266372783325796,0
2023-04-17 00:00:00+00:00,-1.8353638786978337,-1.151713922994575,-0.5553228745120551,-0.09323990192429944,0.12452183325154945,0.06627319379991813,-0.01387189652242,0
2023-04-18 00:00:00+00:00,-1.8354892341295344,-1.4319650620440998,-0.4274935898705276,-0.3512423349268436,0.011369910494277956,0.04963535427563239,-0.0030621721712085,0
2023-04-19 00:00:00+00:00,-1.777281260549736,0.09549028569712727,-0.968843660805649,-0.5213966227604806,-0.019337199712818318,0.46850568099391016,0.0106545495946344,1
2023-04-20 00:00:00+00:00,-1.765037542496988,1.0608816747808125,-0.512206201211577,0.2237721394512414,0.03942306452357579,0.32514687054448604,0.0011397535526924,1
2023-04-21 00:00:00+00:00,-1.766795523736378,0.14154819766878138,-1.3365944926442341,-0.22514025535874466,0.13374154641611624,-0.3832155216840777,0.0053126485958532,1
2023-04-24 00:00:00+00:00,-1.7579252120116513,0.5178726026637663,-1.0369752325388986,-0.05010435063160607,0.09689161453199553,0.1667886173284699,-0.0200056364135559,0
2023-04-25 00:00:00+00:00,-1.8481749939529106,-1.9645610654310444,-0.07236599587740691,1.4242570957526854,-0.09908473924180851,-0.6142319554123007,-0.0013481132418086,0
2023-04-26 00:00:00+00:00,-1.8381574881409324,-0.7256920026045561,0.685368141266314,2.0743289942249685,-0.3149828723909864,-0.5521863896207617,0.0374119758488959,1
2023-04-27 00:00:00+00:00,-1.7739714532354456,2.8607760143626457,1.5788261701637347,2.183452038943452,-0.25806831278566245,0.5232358339842413,-0.0023238511127058,0
2023-04-28 00:00:00+00:00,-1.7914840219125945,-0.07390406059842475,-0.33601862032284363,0.28002213375057894,-0.1169663979371797,-0.18632226355703466,-0.0013041382852678,0
2023-05-01 00:00:00+00:00,-1.7500585758229996,0.14348102479340152,-1.238973367090572,-0.4700829498404492,-0.10679788754402324,-0.31214320155190284,-0.0175372035883171,0
2023-05-02 00:00:00+00:00,-1.8171031970076672,-1.6853724008222164,-0.02663653196164909,0.3821070160386028,-0.34122385810113925,0.517448202185764,0.000854480233092,1
2023-05-03 00:00:00+00:00,-1.760273476640435,0.05025578544897798,-0.6344197113245055,-0.3152751667595048,-0.24168118751626338,0.5138322495035251,-0.0068304438802749,0
2023-05-04 00:00:00+00:00,-1.7745570571094826,-0.5613513364372545,-1.097464833694317,-0.5587604446546162,-0.11402972836396168,-0.07531860960149953,0.0084058740760639,1
2023-05-05 00:00:00+00:00,-1.728663589110057,0.7895647128000322,-1.0829158526321443,0.05557686688842806,-0.23798487335376656,-0.029717414706860432,0.0208391098841593,1
2023-05-08 00:00:00+00:00,-1.704819341383433,2.021288712142718,-0.47756818733209216,0.4647630397410171,-0.2899478615896108,0.7251569246066726,-0.0038971608348405,0
2023-05-09 00:00:00+00:00,-1.7664547757684983,-0.631071428406475,-0.31347512480131084,0.8470298488438943,-0.3893905724654862,-0.09409174384962547,0.0409875765303984,1
2023-05-10 00:00:00+00:00,-1.7348171140214803,3.1583582305037305,1.9602210332434944,2.7943864532407767,-0.3384853933171193,0.016674043703384107,0.04313182871661,1
2023-05-11 00:00:00+00:00,-1.7301124418758635,2.500977557775114,1.7486432825249256,2.4578799456689846,-0.26977355648294443,-2.0459304155373994,0.0080639053571691,1
2023-05-12 00:00:00+00:00,-1.6837161199221369,0.7072853730979419,-0.08394632844426855,-0.19209106190690015,-0.36771330479694964,-0.7059723651784469,-0.0085099807773644,0
2023-05-15 00:00:00+00:00,-1.6689685105455168,-0.38967718564932835,-0.1544044235154561,-0.2570517946886001,-0.5887137642575527,-0.02288896835196847,0.0257488021385512,1
2023-05-16 00:00:00+00:00,-1.6002225612265149,2.1931630940055054,1.132318830023236,0.8061249162384638,-0.7876875183831569,0.4578456484958877,0.0111288046070214,1
2023-05-17 00:00:00+00:00,-1.5703291711714202,0.9953842607939242,0.07230698951806187,-0.3898301996160916,-0.7906016970876095,0.0409784410436289,0.0164681373562225,1
2023-05-18 00:00:00+00:00,-1.5303176978005566,1.4924655794798958,0.04340960970680502,-0.4174180345021416,-0.7699357157235039,-0.15740032923719632,-0.0005698683756951,0
2023-05-19 00:00:00+00:00,-1.560593178529426,-0.3418366611830181,0.663205686328593,0.03608752714087014,-0.9838285970205423,-0.030606416769576244,0.0186542371965297,1
2023-05-22 00:00:00+00:00,-1.4828936297989468,1.6069664537195627,0.6500872439213091,-0.23692303278221807,-0.9958635039708255,0.37167415859665315,-0.0199121742766269,0
2023-05-23 00:00:00+00:00,-1.5231012635014223,-1.5698543815022568,-0.20792476780404623,-0.8281939351999282,-0.8692827214641624,-0.23132242146182824,-0.013544252681186,0
2023-05-24 00:00:00+00:00,-1.500860074149968,-0.8131697985017386,-0.29603848365307506,-0.8005410309761348,-0.6476808048500977,-0.23485245215334793,0.0213398525847017,1
2023-05-25 00:00:00+00:00,-1.4514800425024372,0.8812082754416243,0.494188492450728,0.24839727365306505,-0.8188130624987018,-0.7141297039889932,0.0091513694515641,1
2023-05-26 00:00:00+00:00,-1.4248847285490704,0.913955079694474,0.06220191391131291,-0.25897605969642584,-0.778504025119874,-0.007625508280036192,-0.0075435496766759,0
2023-05-30 00:00:00+00:00,-1.4644208950579156,-1.0215503553076406,0.30776924549060186,-0.22657037586425474,-0.9192577971658124,0.017177685123325303,-0.0064688919409308,0
2023-05-31 00:00:00+00:00,-1.425891896273139,-0.28265600654793543,-0.5228519439252196,-0.6950399956528373,-0.8126081141530831,-0.633322448292851,0.0069178825936997,1
2023-06-01 00:00:00+00:00,-1.3857040481299554,0.7341789188813884,-0.46923464352777805,-0.8910019527231448,-0.9053201176516539,-0.3385463917612787,0.0076786934780035,1
2023-06-02 00:00:00+00:00,-1.3688267482316305,0.7037429829925422,-0.3354590387771339,-0.8877631766389348,-1.039323927522032,0.018166028039654784,0.0107483285766243,1
2023-06-05 00:00:00+00:00,-1.3573423396446085,1.1377048905376272,0.336901151676418,-0.3096815050943402,-1.1397276418320021,0.5540748535710435,0.0103166441830981,1
2023-06-06 00:00:00+00:00,-1.3264950904209047,0.9915088336993182,-0.11515643684643483,-0.75814749999689,-1.1354831038440427,0.3260026233100376,-0.0377819108952776,0
2023-06-07 00:00:00+00:00,-1.5108685649224671,-3.7519300613671267,2.1707502218383534,0.968629524986665,-1.2104779975041489,0.8983017977734346,-0.0029387012184708,0
2023-06-08 00:00:00+00:00,-1.3604142019856398,-0.12165327900039645,-0.4367897761594747,-0.9651103570573941,-0.8044592039466569,-0.22560828498087143,0.0007369351865063,1
2023-06-09 00:00:00+00:00,-1.3165966804520908,0.14835219260896035,-1.00515857156857,-0.7846385559315512,-0.817241168371396,-0.05579188155961827,0.0115356825434171,1
2023-06-12 00:00:00+00:00,-1.304435644280749,0.9507351886178577,-0.6264438013005618,-0.2722289334493011,-0.7548444897070762,-0.014470300487226853,0.0015367322268529,1
2023-06-13 00:00:00+00:00,-1.3112485177506392,-0.10927332148734656,-1.112948372163031,-0.6847300690452771,-0.7183127038508935,-0.16619556792653672,-0.0012921439351873,0
2023-06-14 00:00:00+00:00,-1.3059410196353496,0.09564889774341094,-0.7392893354458696,0.08273456760423818,-0.759613920189221,0.15441016213119974,0.0114822100648135,1
2023-06-15 00:00:00+00:00,-1.2816367884677544,1.1583001579514534,-0.33243129327186105,0.5244626704490742,-0.7697511707631275,0.20374211786545532,-0.0124710722392565,0
2023-06-16 00:00:00+00:00,-1.3448354586601183,-1.4494513317499422,-0.340124322734094,0.757449688307647,-0.8289239613763213,-0.7970230421803826,-0.0034809615095355,0
2023-06-20 00:00:00+00:00,-1.2924537953556052,-0.1037281392427154,-0.9597755032654927,-0.19529212566358625,-0.760092801979745,0.2417389457866471,-0.02071480861679,0
2023-06-21 00:00:00+00:00,-1.3449903803229397,-1.705023052351221,-0.9112750400860615,-0.01141592321163673,-0.7507690587266043,0.017983664578341416,0.0215678183162617,1
2023-06-22 00:00:00+00:00,-1.2731731895686738,2.0479711386840576,0.09058252246359232,0.6568436619928528,-0.8017209901971147,1.3132449740129912,-0.0065774584373592,0
2023-06-23 00:00:00+00:00,-1.31246581173396,-0.08358960294853963,-1.0490350459407356,0.1340916232671134,-0.5879367762931021,-0.2701904939805684,-0.0326956499417906,0
2023-06-26 00:00:00+00:00,-1.4080838736991017,-2.688965895832826,-0.299427273036728,0.5090856733663675,-0.657423548311648,0.5002070665718823,-8.448928859250415e-05,0
2023-06-27 00:00:00+00:00,-1.3618759789910162,0.2704560080142568,-0.23946275437643205,0.7962905964616481,-0.5621634366260696,0.09146411880834415,0.0156341157676513,1
2023-06-28 00:00:00+00:00,-1.325257546951735,1.750497582341222,-0.21261347793777374,0.40105261803198067,-0.5384800109695027,1.0329114332323934,-0.0089864844396113,0
2023-06-29 00:00:00+00:00,-1.3644852816044053,-0.47485985485070226,-1.300061108842458,-0.39648974930863107,-0.3488056269477605,0.06730524207082238,0.0050377846776172,1
2023-06-30 00:00:00+00:00,-1.3567210992994372,0.2426229811384688,-1.2513828796414619,-0.12233216137240575,-0.2888706756036632,-0.6802306928404461,0.001670972811486,1
2023-07-03 00:00:00+00:00,-1.3312390978024808,0.45942160191594295,-1.7376377645923449,-0.9053288824964485,-0.29333506375392593,0.33751078016601554,0.0154293981937685,1
2023-07-05 00:00:00+00:00,-1.3316263735778406,1.5600664168621783,-0.37968282422438127,0.5463664108045675,-0.3382470749292965,0.7739065770459103,-0.0134703051431568,0
2023-07-06 00:00:00+00:00,-1.3686389621567152,-0.6315676341272998,-1.3002053262359483,-0.21981142567676962,-0.24239435038993343,0.26279076998257983,-0.0052450270386729,0
2023-07-07 00:00:00+00:00,-1.3293850168434962,-0.37053458733698286,-1.7817819893460547,-0.08035905127160627,-0.38248452743109695,-0.0006743877747543629,-0.0253599228852402,0
2023-07-10 00:00:00+00:00,-1.4153543387792764,-2.039009266756892,-1.1305250929622246,0.6745094674286177,-0.2813604978802091,-0.36195233388564,0.0059252381209531,1
2023-07-11 00:00:00+00:00,-1.354897421272693,0.6364237649233327,-1.1926137535982513,0.19519567847211255,-0.30574507768847925,0.39591075775457496,0.0152810088820918,1
2023-07-12 00:00:00+00:00,-1.359710372424836,0.9522335099734911,-1.1200513628955278,0.5052817722997738,-0.21649258699239346,-0.5256093861340979,0.047170467059779,1
2023-07-13 00:00:00+00:00,-1.355965652820081,3.4986309063222922,0.9078812904963068,1.8126252158394618,0.005920857053169137,0.019544580259313684,0.0070659056640283,1
2023-07-14 00:00:00+00:00,-1.3792018168781464,0.5022029445951779,-0.14505630348615042,0.5741647504245518,0.007181693074588961,0.11045404889770803,-0.0061392264572207,0
2023-07-17 00:00:00+00:00,-1.371758332390109,-0.7043755676421423,-0.666211360401244,0.0028511926508529464,0.018701437552395492,0.16080038580709413,-0.0071399439007935,0
2023-07-18 00:00:00+00:00,-1.346279030863508,-0.5844417977289846,-1.2059280644963926,-0.17535135366236193,0.218802269262699,-0.3006974157390051,-0.0139787573737181,0
2023-07-19 00:00:00+00:00,-1.3959592066322442,-1.6282679070479047,-0.16609581214006872,0.8314250937356894,0.068213646102553,-0.3033377190046865,-0.0231910490979827,0
2023-07-20 00:00:00+00:00,-1.4476265675082889,-2.2602631008897265,0.9711627474876063,1.5368984613005687,-0.1943382377547756,1.116645030568488,0.0068792351512223,1
2023-07-21 00:00:00+00:00,-1.4291174840139946,-0.02119866504122766,0.5796144332546185,2.2448207746932987,-0.002611505073897987,-2.383197981952127,0.0125810981148906,1
2023-07-24 00:00:00+00:00,-1.3642162956252817,0.7319478363508684,-0.6841934447894222,-0.1354837511495486,-0.11032144575039429,-0.4854979236093814,0.0055954802443092,1
2023-07-25 00:00:00+00:00,-1.3832244200862651,0.45746092558607615,-0.1521369414863847,1.0937117672019716,-0.3296349865013475,-1.1413248016030055,0.0577694753336792,1
2023-07-26 00:00:00+00:00,-1.3462626424602224,2.937121025413854,0.9178670722556191,1.4806335203275993,0.055367579254331556,-2.58198076607888,0.0010055519711034,1
2023-07-27 00:00:00+00:00,-1.3900471909562924,-0.6981680822578302,0.9059526552829305,0.6784121420843312,-0.31513252431835653,-0.3598375760765065,0.0245748720351204,1
2023-07-28 00:00:00+00:00,-1.2848725677313564,1.8342889747403148,0.40464116640904785,-0.04660638952404814,-0.2170040318870346,-0.22284496363665895,0.0010561523311636,1
2023-07-31 00:00:00+00:00,-1.2703410062603007,0.1388979666209616,-0.5318887245214319,-0.9993028210492878,-0.14094876503913067,-0.42172860616312663,-0.0088154135770035,0
2023-08-01 00:00:00+00:00,-1.2560891098993268,-0.22406941781062115,-0.5569123978572842,-1.2908121655698823,-0.18985044824848402,0.18748654667847947,-0.024097395022964,0
2023-08-02 00:00:00+00:00,-1.3023346387154706,-1.6542191211487982,-0.2696350976052635,-1.1179132703718349,-0.14487422295342198,0.23447386915119456,0.0005451723855107,1
2023-08-03 00:00:00+00:00,-1.2454792041740548,0.2635282839115682,-0.5361578217258344,-1.378074885973669,-0.11683310400289237,0.13266737303944634,-0.0026470766416624,0
2023-08-04 00:00:00+00:00,-1.2809687573408888,-0.48080429315464335,0.24617632258223623,-0.6741228983464612,-0.28604286480910596,0.34045214152208453,0.026695792597545,1
2023-08-07 00:00:00+00:00,-1.1930332102887906,2.2185174709854314,-0.15021570656165803,-0.837099682485726,-0.1680312846681594,0.20468072718202235,-0.0009882743657499,0
2023-08-08 00:00:00+00:00,-1.2235668045804489,0.23033900693686382,-0.5472812797676675,-1.1441788995605173,-0.12712301123844819,0.05896770835341616,-0.0132419653733676,0
2023-08-09 00:00:00+00:00,-1.2588141581975862,-1.2680361603402157,-0.17530605851099731,-0.8589148260318098,-0.18163791948920974,0.16321410443883771,0.000231398152994,1
2023-08-10 00:00:00+00:00,-1.1977953232615717,-0.33178656896327874,-0.680400126990764,-0.8087309649232745,-0.34002317425032574,0.03054094091183899,-0.001002414221771,0
2023-08-11 00:00:00+00:00,-1.1737122787479948,0.29631256492236596,-1.0590796132993114,-1.0136706417334722,-0.17464835293782635,0.22826192590349578,0.01366148397332,1
2023-08-14 00:00:00+00:00,-1.1539654710842477,1.3473457303423733,-0.5679196793294667,-0.479045594799117,-0.17614543859543996,0.21772541903238132,-0.0118022166650998,0
2023-08-15 00:00:00+00:00,-1.1951935541481962,-0.9308555672812061,-1.0015550793442942,-0.9617099231283794,-0.16048000294574932,0.14587013823989586,-0.0083218601206309,0
2023-08-16 00:00:00+00:00,-1.191176581974855,-0.4455300162935064,-0.7488562887810148,-0.46889693327957993,-0.11052027819365717,0.2165784150394494,0.0094794481977098,1
2023-08-17 00:00:00+00:00,-1.1634488533066738,0.5582945424959161,-0.42028971390943276,0.2565603974740466,-0.1975322427301549,-0.3200972005299598,-0.0189346629064572,0
2023-08-18 00:00:00+00:00,-1.2107561352577516,-1.421316079143258,-0.6260346841802847,0.21089884456090519,0.08066391121856879,0.14012974630418257,0.0071393028817121,1
2023-08-21 00:00:00+00:00,-1.1534131343254732,0.7684810910118652,-0.9169582286142323,-0.09769311690665629,0.15761551996154705,0.07973860387517318,0.005531117248869,1
2023-08-22 00:00:00+00:00,-1.1442732238500102,0.5369010325130934,-1.2097116886681425,-0.1816796475743639,0.320023785123842,0.04534572351548828,0.0254880852919465,1
2023-08-23 00:00:00+00:00,-1.07026561371541,1.9751322149849455,-0.7264235860564809,1.2437901511920184,-0.07509975191451344,0.3868102962814582,-0.0195664395097243,0
2023-08-24 00:00:00+00:00,-1.1739424184555771,-2.337083490738512,-0.5367310922733602,1.3776318971301464,-0.06303866826486088,0.417802175529569,0.0007706535324625,1
2023-08-25 00:00:00+00:00,-1.0998438132287616,0.06315602516717106,-1.005363166508386,1.2451136724130203,-0.008459132564600635,0.49933797918343775,0.0087000077278616,1
2023-08-28 00:00:00+00:00,-1.067265440507633,0.4764641677036226,-1.6562644776440532,0.5673996354899543,0.11132979268903362,0.11507608349604909,0.0271736742054373,1
2023-08-29 00:00:00+00:00,-1.0762903228779117,1.9235070805369807,0.15777174200564187,2.5296903622626106,0.147712282955943,-0.24162136898668152,0.009734873162035,1
2023-08-30 00:00:00+00:00,-1.0345635275551006,0.8451027086872098,-1.4085574199404878,0.9010867653185675,0.07061824967076405,-0.2046778716896728,0.0021340776755784,1
2023-08-31 00:00:00+00:00,-1.032425945944886,0.16070902308746465,-1.3876153628332941,0.8908672893492857,0.013669682329610052,-0.3393454686683025,-0.0037453645037799,0
2023-09-01 00:00:00+00:00,-1.0213346341738216,-0.6160968777303382,-1.5932354447554287,0.40478822127281566,-0.0597354818259753,0.06515675906557926,0.0008108962855026,1
2023-09-05 00:00:00+00:00,-0.9725986961557123,0.23076171039084695,-2.0181903270241266,0.20485114139228527,-0.11260116405844872,0.1873825574129624,-0.0096484915388048,0
2023-09-06 00:00:00+00:00,-1.0012125650933328,-0.9005016742371863,-1.7187352701096221,0.37048345425276064,-0.16844075010016352,0.497847640911703,0.0059494962574364,1
2023-09-07 00:00:00+00:00,-0.9554958076890833,0.8215780216032993,-1.7226585779521097,0.5042665455719084,-0.13188685696921973,0.7188575533218107,0.0082803286455668,1
2023-09-08 00:00:00+00:00,-0.9485556086512292,0.9133737012370028,-1.8593978205532564,0.595017544830369,-0.04292710379519628,0.006851238859861556,0.0039597067107999,1
2023-09-11 00:00:00+00:00,-0.9438258696900684,0.4218343670189307,-2.0475245563313362,0.3267831829600764,-0.06961226360177945,-0.007720854889784169,-0.0115398340649236,0
2023-09-12 00:00:00+00:00,-0.9656157587281671,-0.7868406797891457,-2.2386032960207953,0.09812889033863327,-0.049659634835030234,0.15843866161630513,0.0101227489662674,1
2023-09-13 00:00:00+00:00,-0.9251506905597143,1.0259661726201257,-1.611651173998201,0.6997160362788619,-0.1343444222178542,0.5608063598557506,0.0101675784025072,1
2023-09-14 00:00:00+00:00,-0.9191229299809524,0.7353835751622101,-1.6277801252151274,0.8984919031721915,-0.11598934687101668,-0.017192380264461207,-0.0050689033320128,0
2023-09-15 00:00:00+00:00,-0.9593514423458935,-0.5047907896486099,-1.3707253030809883,1.6295845880566522,-0.03695089979929842,-0.9601697727099133,0.0058953553419578,1
2023-09-18 00:00:00+00:00,-0.8874648879217987,0.7768140672972333,-1.8058760234165399,0.8060739866121812,-0.24766162469303848,0.476878647019309,-0.0012302130067318,0
2023-09-19 00:00:00+00:00,-0.8830371282414536,0.1735918353493281,-2.2116701871146396,0.48168865856856563,-0.17352010461343315,0.19264319730239576,-0.0311501799639235,0
2023-09-20 00:00:00+00:00,-1.0176447030808156,-3.0263347992998795,-0.8022310047454673,1.4399261609720644,-0.1318526153446538,0.37143428192903827,-0.0246748611176497,0
2023-09-21 00:00:00+00:00,-1.0081194977467893,-1.7316474017390697,-1.5218926338320047,0.9777116826294509,0.09204747825999106,-0.19567700330402105,-0.0014565616082365,0
2023-09-22 00:00:00+00:00,-0.9803139005538867,-0.21487360617093343,-1.5310585893126394,0.9033114056270136,-0.03607722297268422,-0.06654393575906074,0.0066028541651745,1
2023-09-25 00:00:00+00:00,-0.9630752030477983,0.7762554419800854,-1.781519952603523,0.5023945842138112,0.014929107108618077,0.4088725707198738,-0.0193732347607493,0
2023-09-26 00:00:00+00:00,-1.0565636414905948,-1.4861519663283904,-1.3061519024238244,0.9229876350559177,-0.024431943881937104,0.46535600831331975,0.015322612026837,1
2023-09-27 00:00:00+00:00,-0.9788613098228414,1.4311093078273065,-1.6539430308189589,0.9205752880232088,0.05308371502217517,0.28563602132887284,0.0135589214844835,1
2023-09-28 00:00:00+00:00,-0.984394506376602,1.3840023389531002,-1.201324178345918,1.2402988498832535,0.01586793825800477,0.9083521087510111,-0.0109591132184181,0
2023-09-29 00:00:00+00:00,-1.060443981044451,-1.3700534974165302,-1.009765792962469,1.7085277487543558,0.006274252805515691,-0.03360597086850503,0.0252940240903534,1
2023-10-02 00:00:00+00:00,-0.9718650455725071,2.195410520046675,-1.1195064620074997,1.0929617765774857,0.22583440100666452,0.6637829177536171,-0.0129685807647825,0
2023-10-03 00:00:00+00:00,-1.037616094844596,-1.119292811297539,-1.6604092046896808,0.6253563226353659,0.2586583331734816,0.0850195027451866,0.0212190429693175,1
2023-10-04 00:00:00+00:00,-0.9789952800208995,1.8002010631888394,-0.9668342642130073,1.1721682131445967,0.31989080439556333,0.2538911253075336,-0.0012571156685284,0
2023-10-05 00:00:00+00:00,-0.9919259258647103,-0.005317981394924633,-1.7722083714198424,0.2574843875921685,0.32154077127673,0.18003672224142886,0.0185828911440497,1
2023-10-06 00:00:00+00:00,-0.9635404463692886,1.854624602204126,-0.4781880898445027,1.4402877508943697,0.2720497485597236,0.8900612095716013,0.0061056069605731,1
2023-10-09 00:00:00+00:00,-0.9536791773443172,0.718348720911992,-1.20254993069221,0.5456319214464175,0.2814942434836485,0.8635676933097586,-0.0026009362792298,0
2023-10-10 00:00:00+00:00,-0.9664280878362386,-0.26944473645897093,-1.3337886832273023,0.7829598427601466,0.30490784480242755,-0.22515772669480275,0.0180358203130444,1
2023-10-11 00:00:00+00:00,-0.910790876527707,1.5214877404309795,-1.1684060116501132,0.7516957453472629,0.3282632240206448,0.013801269250719774,-0.0112415741862079,0
2023-10-12 00:00:00+00:00,-0.9598379182601953,-1.1669469465760136,-1.2517458596544848,0.5835701474050529,0.25266364506662503,0.04230957142596552,-0.0115853908450743,0
2023-10-13 00:00:00+00:00,-0.9617082106011142,-1.2004287444592388,-1.1456206188386604,0.7040333496828985,0.3165857166364092,0.3060566645133085,0.0126675141487024,1
2023-10-16 00:00:00+00:00,-0.9106212251127751,0.9808531705954162,-1.4217351055668503,0.6997835436353868,0.5139767259343905,-0.6124657098008897,0.0044570932014333,1
2023-10-17 00:00:00+00:00,-0.9127871564279851,0.524285823186886,-1.2275328729726258,0.5604568365061707,0.383420016980036,0.29648288953208446,-0.0125965601493487,0
2023-10-18 00:00:00+00:00,-0.9376879538364996,-1.1237326236379224,-1.2744750493312675,0.754335372783205,0.14619944696981754,0.4182933529205115,-0.001522113833494,0
2023-10-19 00:00:00+00:00,-0.9027704272174043,-0.26021610452616173,-1.6441866753768102,0.873173912642656,0.11668641594537758,-0.22918081026847814,-0.0156078772156037,0
2023-10-20 00:00:00+00:00,-0.9430274529297572,-1.3611080748638018,-1.4613655960139076,0.9076837120026365,0.1369863462112902,0.03689448348237266,0.0066370553693417,1
2023-10-23 00:00:00+00:00,-0.9100144990804263,0.6731913227685993,-0.925698759451525,1.2554717435807474,0.0631265753515075,0.6283252550255787,0.0169231258510451,1
2023-10-24 00:00:00+00:00,-0.9060027416955971,1.1116623738162623,-0.9495193035243891,1.9893636698951336,0.13137867002062892,-1.4417693453953215,-0.0950941411736107,0
2023-10-25 00:00:00+00:00,-1.3317221556129315,-6.8502761184681775,1.502381477681303,2.6642707459397537,1.455139614483509,-1.5835321224320142,-0.0265104772610205,0
2023-10-26 00:00:00+00:00,-1.2498415633432496,-2.0918645483213205,1.0942430819914113,1.040524893362828,1.192478587692848,-1.0003676747494978,-0.0008996252505647,0
2023-10-27 00:00:00+00:00,-1.2416232406497094,-0.4202162828480044,0.9139114960065521,0.37992242688858197,1.0529956227827373,-0.7196844970215013,0.0187442632058332,1
2023-10-30 00:00:00+00:00,-1.2084561723599772,1.3909704825951008,0.38640182204191076,-0.5311835597886028,0.9747370592400447,-0.1270103863113289,-0.0030531536555901,0
2023-10-31 00:00:00+00:00,-1.275646632029613,-0.4590307456925382,0.1670429238839938,-0.8248459164010599,0.900652207698804,-0.0601716587488368,0.0191006229409329,1
2023-11-01 00:00:00+00:00,-1.2383089060322812,1.704071679257482,0.4732359326418216,-0.4582452338476762,0.9250930331464832,0.07742802746649176,0.0082244871375023,1
2023-11-02 00:00:00+00:00,-1.2560019752563059,0.2589777017864598,-0.004812339392564965,-0.9820483825580136,0.9155647845983761,-0.5900043334900884,0.0126285545411761,1
2023-11-03 00:00:00+00:00,-1.223962444228627,1.0657853840118394,-0.15132975503161356,-1.0665953182570231,0.9500371186040302,-0.41792949411691793,0.0089078255170853,1
2023-11-06 00:00:00+00:00,-1.2085450399843318,0.9256434401715253,-0.37208601342117636,-1.4922837578313197,0.9279614604777529,0.0020017860476010253,0.0055279269517523,1
2023-11-07 00:00:00+00:00,-1.22279356672312,0.3966919378233601,0.04008306340426218,-0.8598160276365223,0.9331628731805601,-0.4714851231035392,0.0066427200419378,1
2023-11-08 00:00:00+00:00,-1.19609526634943,0.6747125224470049,-0.3080668887091874,-1.1752178662734907,0.9317799085311392,-0.4808147130259068,-0.0121360410773762,0
2023-11-09 00:00:00+00:00,-1.2364277373756178,-1.1249650725049007,-0.10179165825988763,-1.1508081485025068,0.8036647221318434,-0.058483111030690024,0.018043616912132,1
2023-11-10 00:00:00+00:00,-1.1822998069409167,1.6359024653197876,0.6093177337224485,-0.5752901214264797,0.8165065028171642,0.4511536513537735,-0.0037711406095219,0
2023-11-13 00:00:00+00:00,-1.1878792017534858,-0.021480093762672504,-0.6455071284500525,-1.6724491776618136,0.9545626440263711,-0.07192085333336871,0.0115830394812088,1
2023-11-14 00:00:00+00:00,-1.192391840448029,0.5071111621089314,0.2515197710626606,-0.6165916384172258,0.8941952817098153,-0.7187000462585945,0.0074840275614427,1
2023-11-15 00:00:00+00:00,-1.1685213801605505,0.4562462188540032,-0.36548156263241893,-1.3498155353808183,0.9312514676494532,-0.5908679625844777,0.0171594617350681,1
2023-11-16 00:00:00+00:00,-1.1459702143733979,1.401486443569828,0.4137678303345691,-0.7117916866050931,0.8838046784897632,0.004802121909897932,-0.0118308423939774,0
2023-11-17 00:00:00+00:00,-1.197431257606071,-0.9154613743853043,0.3073536415516291,-0.5880551255590286,0.8609921944328892,-0.5623312338744472,0.0069468525562086,1
2023-11-20 00:00:00+00:00,-1.1395622551238598,1.0136042978507604,0.4558134024381061,-0.7955440807828388,0.7978170153856303,0.4079719988980729,0.0052844958482269,1
2023-11-21 00:00:00+00:00,-1.1136885459778043,0.5755996718048497,-0.5215712135620746,-1.4425362355261562,0.994516245510961,-0.4363670287159182,0.0110974132372561,1
2023-11-22 00:00:00+00:00,-0.9299228197347623,1.0236288496205084,-1.87511799698517,-0.10698241121160314,-0.5331058877215089,0.26751674343755594,-0.0129972191928934,0
2023-11-24 00:00:00+00:00,-0.9342025189421597,-0.9320932806446987,-2.4267501847373203,-0.18322672287237798,-0.576977465704697,0.6685949672330038,-0.0020485659925432,0
2023-11-27 00:00:00+00:00,-0.9217277028983523,0.016267523127761318,-1.909423522332426,0.8328850963143649,-0.400292535646063,0.2735718692511284,0.0057912073228973,1
2023-11-28 00:00:00+00:00,-0.8810527982962758,0.7248173110244975,-2.320230999997775,0.4977653970230544,-0.37211603248714464,0.30647823188159684,-0.0161076976191553,0
2023-11-29 00:00:00+00:00,-0.9586728598002533,-1.5977815080878233,-1.591869867140849,1.0966148375646199,-0.3867940529573681,0.3735340990613737,-0.0182237346801765,0
2023-11-30 00:00:00+00:00,-1.014395775207557,-1.8910516002297455,-0.6553598433519956,2.267932119113098,-0.3577199882963684,-0.10282193633478122,-0.0050554375544333,0
2023-12-01 00:00:00+00:00,-0.966160346132392,-0.2686334014920561,-1.9125646576597055,1.036713352083284,-0.1512667791684442,-0.6215435902997358,-0.0196418871108382,0
2023-12-04 00:00:00+00:00,-1.0321988402688471,-1.363241265851157,-1.4527200823251158,1.3755650490923517,-0.16784412024374953,-0.4670316125166807,0.0133055818137519,1
2023-12-05 00:00:00+00:00,-0.9887996310146617,1.2233212144093395,-0.8117160838971824,1.3646818148457274,-0.35678878167385375,0.7860110721796812,-0.0074053573170401,0
2023-12-06 00:00:00+00:00,-1.024094559967012,-0.7314681032748186,-1.8946757534097645,0.46820865030620584,-0.21131289862056332,-0.14772586290475367,0.0531457310992284,1
2023-12-07 00:00:00+00:00,-1.022807365124346,3.2373778622668623,0.7522917146846988,2.8845225693398753,0.28024109454332924,-1.6539758179374322,-0.0141677808730349,0
2023-12-08 00:00:00+00:00,-1.0611326974097046,-0.6603341741552211,-0.9449293335050432,0.4952492074101745,0.2168605530406808,0.013158903293357095,-0.0125935274569392,0
2023-12-11 00:00:00+00:00,-1.0491983589263056,-0.5035546484686536,-1.115546527773927,0.31777063946004475,0.2011470636809871,-0.07653521530759652,-0.0057767398273861,0
2023-12-12 00:00:00+00:00,-1.038952672656466,-0.12007262785092619,-1.210339915112555,0.0848188177844162,0.1539063646743029,-0.20679229429966373,0.0003770692196165,1
2023-12-13 00:00:00+00:00,-1.0369446627606709,-0.1602412376729763,-1.1220258029959687,0.24999740092004993,0.11359502763502632,-0.5691667516699966,-0.0047523469401381,0
2023-12-14 00:00:00+00:00,-1.0862899484840443,-0.7939197490137394,-0.033487206178511704,1.211834185568428,-0.12543766435256679,-0.11499661641912425,0.0050026724400549,1
2023-12-15 00:00:00+00:00,-1.0704635065066581,0.4136867781992625,-0.26196523973788743,1.3811870002469295,-0.08070824170252165,-1.1290177582876693,0.024132497826717,1
2023-12-18 00:00:00+00:00,-1.0211496035503382,2.059639254678591,0.3009882607947319,1.0441099638503868,-0.21423824818580411,0.8440443142228092,0.0062592061318818,1
2023-12-19 00:00:00+00:00,-1.0126159238321861,0.4152422330867681,-1.3524073675881645,-0.35759007880865257,0.006528546142700764,-0.5512603152542602,0.0123673195984761,1
2023-12-20 00:00:00+00:00,-1.0419803395940448,0.3951068423544947,0.2748619670874587,1.3939056534692165,-0.19158246942042245,-0.9447604288132164,0.015035446250647,1
2023-12-21 00:00:00+00:00,-0.9664427688991911,1.1850380583253746,-1.06407729605605,-0.40890217665675266,-0.13185090242657876,-0.5615759003721178,0.0076200866923541,1
2023-12-22 00:00:00+00:00,-0.948981993836388,0.7264091819645374,-1.205287439058534,-0.6316646156578533,-0.22753273966511178,-0.5244291715833826,0.0002119421110804,1
2023-12-26 00:00:00+00:00,-0.9310179351914077,0.15622691666852648,-1.4685157925289545,-1.1149003717449064,-0.2628728580892649,0.00047014001255547,-0.0081261706422954,0
2023-12-27 00:00:00+00:00,-0.9471047649525552,-0.6597559603328074,-1.174518930017959,-0.8479381091387844,-0.3104163118960937,0.09492781686222858,-0.0009972109239834,0
2023-12-28 00:00:00+00:00,-0.9110913429999256,-0.019026416706598843,-1.5922755613931674,-1.1272172200470807,-0.2728584047304547,-0.055107376999336675,-0.0038507733656635,0
2023-12-29 00:00:00+00:00,-0.9045509273982029,-0.07211958921324042,-1.5714834696205513,-0.7853951449127946,-0.24193515323038417,0.07153116971791947,-0.0108813268650747,0
2024-01-02 00:00:00+00:00,-0.9381929826088137,-0.7042182808456317,-0.9436572798362581,-0.1472074748547116,-0.27258785163419574,0.4488639681082261,0.0054280971544715,1
2024-01-03 00:00:00+00:00,-0.8943384746066693,0.766271683570423,-1.0850328606636135,0.01567302956648793,-0.25292596794372424,0.3491096719239549,-0.0182120579448177,0
2024-01-04 00:00:00+00:00,-0.9636339630777423,-1.551886376127099,-1.0208309953893473,0.05954237237147387,-0.23109920718996027,0.05749036753562263,-0.0048389985836169,0
2024-01-05 00:00:00+00:00,-0.9384111004731,-0.44973162143153456,-1.3823615402088016,-0.32462570430657406,-0.17887069532421174,-0.08790541180472257,0.0229130755999364,1
2024-01-08 00:00:00+00:00,-0.8393473007261749,2.0090954098314238,-1.4119096614426285,0.47565166077700305,-0.5150907350605773,0.4881381784894309,0.0151975104232233,1
2024-01-09 00:00:00+00:00,-0.8422845706811369,1.4715913336461477,-1.176683698017905,0.8396978061323204,-0.5204477981900372,0.6319619374082712,0.0094359941066675,1
2024-01-10 00:00:00+00:00,-0.8178892305972167,0.9431023933214011,-1.8785688476474598,0.3444017326233366,-0.4513285470051914,0.1904895926927613,-0.0014055710209361,0
2024-01-11 00:00:00+00:00,-0.8451965440273231,-0.4748518762286945,-0.9993700235634415,1.1084189620861584,-0.6555238315355066,0.7565481140212962,0.0040116946544108,1
2024-01-12 00:00:00+00:00,-0.7815413128918387,0.37284286561379626,-2.336191294132123,0.06578194384075928,-0.3533395671081249,-0.09318508895763453,-0.0011216697663486,0
2024-01-16 00:00:00+00:00,-0.7863764323790525,0.07444695759292139,-1.7147599937000642,0.8010934420578223,-0.375968365831023,0.46216036840093105,-0.0071583773293166,0
2024-01-17 00:00:00+00:00,-0.7870287046075789,-0.3679374727786048,-1.8394412975109609,0.8430352717659485,-0.19648779793095447,0.6004150313442719,0.0142077885815596,1
2024-01-18 00:00:00+00:00,-0.7374650599943494,1.1843376478923169,-1.8888257588716366,1.2316429708723686,-0.15176438624314104,-0.13244691729472896,0.0202120990419245,1
2024-01-19 00:00:00+00:00,-0.7291924576319975,1.5133563413886773,-1.5299164810730943,1.7173842544725761,-0.045346886925461655,-0.8039249305458678,-0.0026643620049252,0
2024-01-22 00:00:00+00:00,-0.7521326616135046,-0.4639795030463816,-1.6354261505826342,1.6906138275222142,-0.04533000393356389,-0.6078935610141224,0.0071922752635418,1
2024-01-23 00:00:00+00:00,-0.6837199873844481,0.762236370836541,-2.3046419934890174,0.8232602816110465,-0.02718072880317059,-0.05907926777552116,0.0112894897628865,1
2024-01-24 00:00:00+00:00,-0.6672766633215895,0.7376501241891186,-2.132775948544034,1.1211988229999204,0.006210251505300948,-0.5161302243171757,0.0213179702988235,1
2024-01-25 00:00:00+00:00,-0.6434791385516285,1.5639315056134653,-1.2144535763685889,1.7413225087367896,-0.05444657803494331,-0.005454288609836699,0.002107147027532,1
2024-01-26 00:00:00+00:00,-0.6266954938430392,0.41943109911065185,-2.14404938784454,0.9046795417105586,-0.010713782860921417,-0.3399447862012646,0.0086734518412423,1
2024-01-29 00:00:00+00:00,-0.5980907232967336,0.8302666057817609,-1.7435105956894454,1.165093607188664,-0.1239502380419195,-0.17810211394959852,-0.013354181023521,0
2024-01-30 00:00:00+00:00,-0.6470208976351727,-1.1360974181875403,-1.4805318616994159,1.457058293037784,-0.13771248853273302,-0.7056364396652278,-0.0750032524159352,0
2024-01-31 00:00:00+00:00,-0.9493694609841616,-5.721294889778139,0.9775615188239677,2.710508959593765,0.8465581485154303,-1.2235161837859985,0.0075658492928443,1
2024-02-01 00:00:00+00:00,-0.7960069880325823,0.12442305603108321,-0.20239297906631784,0.6042166383421206,0.7845162645836016,-1.2356967893541948,0.0086427646726721,1
2024-02-02 00:00:00+00:00,-0.8527906660765887,0.8223144373927044,1.9577848348578304,2.649711730265551,0.3728974239703153,-0.020515432604085816,0.0091303895133345,1
2024-02-05 00:00:00+00:00,-0.8189873383593207,0.6614983458089322,-0.0186102215865714,0.2561705861167791,0.4217800072477446,-0.6141791277964248,0.002923249173671,1
2024-02-06 00:00:00+00:00,-0.8208004847244705,0.06769266445661291,-0.5615070411573216,-0.4615501831503163,0.2976818192965609,-0.5004615255483342,0.0099929129489204,1
2024-02-07 00:00:00+00:00,-0.7840227316414304,0.8376417401297975,-0.8032765615913882,-0.7441606514757545,0.31286886261453056,-0.3999994346384556,0.002542447728673,1
2024-02-08 00:00:00+00:00,-0.7788619465965342,0.2846398251035881,-1.0991971413810155,-1.0552053276721873,0.31257666734687395,-0.4498349432930861,0.0211771885120473,1
2024-02-09 00:00:00+00:00,-0.7470622809947929,1.7430009143327327,-0.08619907198392676,-0.25850813442861265,0.2453113699799299,0.175485422490596,-0.0098656519099629,0
2024-02-12 00:00:00+00:00,-0.7780353108886515,-0.6923843432386989,-0.8747768165451436,-1.0864500677934525,0.2905907970875496,-0.0840096512472618,-0.0162000578908891,0
2024-02-13 00:00:00+00:00,-0.8033659100981879,-0.910072516888171,-0.29073659233174826,-0.5654971453293325,0.26637036109428425,0.32064626093940024,0.0055120269927999,1
2024-02-14 00:00:00+00:00,-0.7629868538151018,0.3427071227746258,-0.5252720526993027,-0.8737033298993813,0.2696567127465431,-0.09005660871966797,-0.0217214483862838,0
2024-02-15 00:00:00+00:00,-0.8434880901952194,-1.4371445939710372,0.048527806523607206,-0.155979276148418,0.2609968342560948,-0.08466845082241863,-0.0157595109773897,0
2024-02-16 00:00:00+00:00,-0.8578486871637585,-1.5374790960723739,-0.14013181202097738,-0.4216476149794137,0.19066728326130652,-0.2518060243083374,0.0042698558540221,1
2024-02-20 00:00:00+00:00,-0.819173133092608,0.6226440930968115,-0.32947341489553206,-0.6921413796680989,0.28629429872368517,0.19648770810242003,0.0101332442035166,1
2024-02-21 00:00:00+00:00,-0.8134355979986235,0.9200165502335746,-0.5691973354817529,-0.9355016439967853,0.32373048940424715,-0.12358362492430691,0.0108031860748856,1
2024-02-22 00:00:00+00:00,-0.8278169684042573,0.4738427856000141,-0.4248027606760472,-0.7061219059934506,0.29662809330656287,-0.5886191659742692,-0.0009022354927583,0
2024-02-23 00:00:00+00:00,-0.8134957864365998,0.15111664714837522,-1.1156233410308387,-1.312093148497648,0.3147968663968063,-0.20450825244285656,-0.0443870855151701,0
2024-02-26 00:00:00+00:00,-1.0129306792594217,-3.9822183344533637,1.2137135111207193,0.9070169072286851,0.1960213700024375,-0.2847367486075518,0.0095223580203853,1
2024-02-27 00:00:00+00:00,-0.8880588494222691,0.7639468867817313,-0.039305581471002216,-0.6125659423615675,0.3839264572860328,-0.5342044322413877,-0.0180013753590808,0
2024-02-28 00:00:00+00:00,-0.9707375608075335,-1.4740490225464666,0.07769920104031866,-0.456847670275028,0.3424027072494955,-0.48494647055003165,0.0152517563014984,1
2024-02-29 00:00:00+00:00,-0.8554843006059505,1.1179741576432358,-0.3650381797511024,0.6743602204622126,-0.32794511638691903,-0.7833628508411548,-0.0095335288410149,0
2024-03-01 00:00:00+00:00,-0.8964402285339641,-0.8299950981864141,-1.0548441294026345,-0.15113440762186295,-0.314805951965225,-0.5039948149129506,-0.0276359518591726,0
2024-03-04 00:00:00+00:00,-1.0034507141089717,-2.4282365640098926,0.31800399243774286,1.6005057711758919,-0.22845709569027245,-0.7936030902241893,-0.0050995016978521,0
2024-03-05 00:00:00+00:00,-0.9523064993705952,-0.16182965416914577,-0.42852472779496914,0.5711482646243692,-0.20738225371142796,-0.3453328179596376,-0.009572603040458,0
2024-03-06 00:00:00+00:00,-0.9887275023748182,-1.0293560168625318,-0.5511723199583213,0.2615908526482802,-0.3121899095164928,-0.42058762630703,0.0226788719715287,1
2024-03-07 00:00:00+00:00,-0.9588564864266129,1.633590777343948,0.06219293410938132,0.6097725516316712,-0.27616079485808964,-0.23115986572015987,0.0076649701242581,1
2024-03-08 00:00:00+00:00,-0.9969577539593516,0.6166523690356999,0.35666783365117083,0.6824876394024125,-0.4123532440210098,0.19223969589151968,0.0166897579907217,1
2024-03-11 00:00:00+00:00,-0.9565578848070859,1.3315451851205173,-0.23874311239010765,0.045725405540158165,-0.4080410283769171,-0.07541440638207185,0.0060290460514544,1
2024-03-12 00:00:00+00:00,-0.9518350479664001,0.7590831283233533,-0.6420003728796467,-0.474262294673679,-0.40129819066681494,0.04241738982601738,0.0093140370334061,1
2024-03-13 00:00:00+00:00,-0.9251008897952429,0.8217271621366234,-0.8692202213882538,-0.7214608935780958,-0.38913280464944816,-0.06012440344266181,0.0236783148892008,1
2024-03-14 00:00:00+00:00,-0.9196440276396599,1.7488528446634724,0.22354132357562623,0.42345685804470695,-0.3734486354249152,-0.5757405827742281,-0.0134171735906201,0
2024-03-15 00:00:00+00:00,-0.9771679739788011,-1.208077525732583,0.15178545561779905,0.4853445258065624,-0.5068669161831778,-0.7632602035559428,0.0460407477878759,1
2024-03-18 00:00:00+00:00,-0.92252238181487,2.147947642721986,1.8513748090397322,1.7279215742857188,-0.46149414460746896,-1.8306373698195693,-0.0044016172967528,0
2024-03-19 00:00:00+00:00,-0.8981832542818026,-0.44861443882821495,-0.2970854595478751,-1.2261859523633158,-0.459058056733952,-0.06557538783057638,0.0116304295248299,1
2024-03-20 00:00:00+00:00,-0.8340622011597252,0.9528288840541671,-0.4672590814791529,-1.3946251675073742,-0.3870228534233016,-0.14922689590250846,-0.0076643405105841,0
2024-03-21 00:00:00+00:00,-0.8678541876565116,-0.8472092595882676,-0.05147504384811869,-1.01626977010882,-0.4920840062594661,0.13166718514127906,0.0214769461504082,1
2024-03-22 00:00:00+00:00,-0.7917963352181943,1.6574601761280012,0.015971921401902015,-0.9273376583518631,-0.3567040809810499,-0.32336763044310524,-0.0046428340237888,0
2024-03-25 00:00:00+00:00,-0.7659115957756295,-0.1400738943094783,-0.8063330440648017,-1.1597202857866034,-0.6332346089496006,0.3241316161548258,0.0039979295373895,1
2024-03-26 00:00:00+00:00,-0.7348699744598997,0.4309587540265205,-0.821607843939626,-0.9759105000779277,-0.5413742306930827,0.004013891893173717,0.0013275068658864,1
2024-03-27 00:00:00+00:00,-0.7196950315937126,0.07892598757920202,-0.788549546029585,-0.7188021547370381,-0.602082192599156,0.08253485035043523,0.0003976322463936,1
2024-03-28 00:00:00+00:00,-0.6928508069693338,0.17181911194947555,-1.3279642087571937,-0.8859764815938154,-0.40299632368956545,-0.4618685758386908,0.0302127308017514,1
2024-04-01 00:00:00+00:00,-0.6444512172583563,2.7070000943439885,0.45083876934563427,0.5452832690688777,-0.5311163788836885,0.8898676592639747,-0.0059811132535521,0
2024-04-02 00:00:00+00:00,-0.6365533167195464,-0.057811172871339904,-1.1092527540759143,-0.35729935044746575,-0.4614395168838124,0.2843080143338094,0.0023291333900719,1
2024-04-03 00:00:00+00:00,-0.5964523972858884,0.48957677645487097,-1.1922947952050718,-0.24404635655062198,-0.3871438270343539,0.10718999429719736,-0.0283370761953972,0
2024-04-04 00:00:00+00:00,-0.6964228710853846,-2.4204359694483513,-0.27747816992545593,0.4808601922022298,-0.32215861856007666,0.20253026765575707,0.0130871764957696,1
2024-04-05 00:00:00+00:00,-0.5844379069316645,1.3002465342355467,-0.5503581572659371,0.10516384889205226,-0.2413110988750447,0.7282180951061341,0.0154096357314095,1
2024-04-08 00:00:00+00:00,-0.5551749893324118,1.411014841532443,-1.0821541714016718,-0.23196817185446533,-0.05178183466141514,0.3043157197039254,0.011301461479525,1
2024-04-09 00:00:00+00:00,-0.5641276176167989,0.724293105988086,-0.6038631903425409,0.5192852682397162,-0.0734513287720878,-0.161878797449566,-0.0029375580903266,0
2024-04-10 00:00:00+00:00,-0.5505476415859308,-0.10417583677088856,-1.4177914651108414,-0.36588081907807135,0.026248414120348243,-0.11915927275748878,0.0209429261119062,1
2024-04-11 00:00:00+00:00,-0.49436753927537214,1.7389174292076457,-0.6666427438865172,0.2830286626004009,0.004597015727429929,0.10788523648072619,-0.0105391716857682,0
2024-04-12 00:00:00+00:00,-0.5218268354729639,-0.6629011093823243,-1.0198608999544303,0.06806052160715573,0.0605656978459927,0.2551311091169316,-0.0181955404266017,0
2024-04-15 00:00:00+00:00,-0.5562657884570894,-2.0064887083902314,-0.5386650675263503,0.6082809601102649,0.07806057134209902,0.2823561538773082,-0.0029703660237285,0
2024-04-16 00:00:00+00:00,-0.46170622290432634,-0.06737988119520519,-1.8113261372651865,0.26969870819769837,0.16639021659470102,0.15591030827945185,0.0069300332548274,1
2024-04-17 00:00:00+00:00,-0.4487295305629865,0.4111334096184558,-1.6500331577879923,0.47027729766246035,0.1568709356428824,-0.0317858763734461,0.0034733000578552,1
2024-04-18 00:00:00+00:00,-0.443175106366426,0.41010655818008185,-1.8034611400493128,0.30329241836664605,0.15556009734135778,0.20317910617401516,-0.0123068868262345,0
2024-04-19 00:00:00+00:00,-0.5159648499589392,-1.296674928064229,-0.8424014071085031,1.4215809035201277,0.05460421659310236,-0.0736959722461097,0.0142125365795764,1
2024-04-22 00:00:00+00:00,-0.4389102120664677,1.203282092555842,-1.07767444878655,1.1038866342335347,0.06119093991398423,0.3036610729447312,0.0126693923835496,1
2024-04-23 00:00:00+00:00,-0.414288327901579,1.0531178221776245,-1.5775181844521544,0.4851419028778906,0.09582806730092816,0.19730871048582566,0.0054974599647528,1
2024-04-24 00:00:00+00:00,-0.40758376534015317,0.7081448288827357,-1.6506332124541128,0.486908856463154,0.12726027260016864,0.16435835224886658,-0.0196694754216445,0
2024-04-25 00:00:00+00:00,-0.5184284149418474,-0.500118204943431,0.6601809042244127,3.0728019713808434,0.023083406848004088,0.3879680244252283,0.102243511242325,1
2024-04-26 00:00:00+00:00,-0.4318738907470716,4.981272676378216,2.1485931649406718,2.6795638756551226,1.2777884142992562,-3.5191534705782472,-0.0337305656852376,0
2024-04-29 00:00:00+00:00,-0.5624055605899038,-2.7831954335815543,0.7728656552709421,0.4862845375347816,1.2342990194138905,-0.5219796695410014,-0.0202830455708613,0
2024-04-30 00:00:00+00:00,-0.5294356592662555,-1.9557988892818179,0.9525555133573318,0.03331121793796967,1.0986159404213056,0.302717494838429,0.0066349315209699,1
2024-05-01 00:00:00+00:00,-0.46326782024352037,0.17616958467990204,0.6711639040379201,-0.19613007896084106,1.1808003131189404,-0.31058171689914366,0.0168434976506304,1
2024-05-02 00:00:00+00:00,-0.3804593279595176,1.3471132489768691,-0.013431136377496204,-0.7956744826247022,1.1896540617368803,-0.10782381896316712,0.0037210241699805,1
2024-05-03 00:00:00+00:00,-0.42355434859404417,-0.009558446018601056,0.8580502368727203,0.08959395076373251,1.0093498454568888,-0.014936105082773815,0.0051423484072214,1
2024-05-06 00:00:00+00:00,-0.3660390851480154,0.4794004979092629,-0.3799092606681664,-1.2330548825285883,1.1275963457614187,-0.22582123081914557,0.0187388493571387,1
2024-05-07 00:00:00+00:00,-0.3246860462785147,1.5865838507560188,0.2836252776756086,-0.5231643379822497,1.1319347839751648,-0.04385386761225562,-0.0109196920138959,0
2024-05-08 00:00:00+00:00,-0.33220306892023765,-0.46897665247313497,-0.7445304721893353,-1.598390678811763,1.2377220414499588,-0.12495682968244542,0.0034243627806902,1
2024-05-09 00:00:00+00:00,-0.2918070926932658,0.38525575598138057,-0.5139342108250057,-1.4464396164584323,1.175010168122065,0.24833789672329248,-0.007707913726798,0
2024-05-10 00:00:00+00:00,-0.32581974877384207,-0.40654763751854783,0.22683133039763023,-0.4306924060234751,1.1319316606975023,0.11278104642154158,0.0029054809999105,1
2024-05-13 00:00:00+00:00,-0.2934684603746537,1.0000426430268614,0.8568462611868971,0.10616383439014797,0.9831095578941801,1.055481299710563,0.0070946249735603,1
2024-05-14 00:00:00+00:00,-0.26797983686088084,0.539913602619821,-0.24280916054659624,-0.9008689836955652,1.0784980441176153,-0.3198306209172507,0.0127392132672974,1
2024-05-15 00:00:00+00:00,-0.23739962440767098,1.1269015714975388,-0.2243126055984467,-0.8624107590878305,1.1004219943154676,-0.42732252295164824,0.0096805834888864,1
2024-05-16 00:00:00+00:00,-0.22492153781306157,0.7374778994485569,-0.12282723273974024,-0.8308284208563677,1.037299757657179,-0.4766709741014202,0.0107936301435058,1
2024-05-17 00:00:00+00:00,-0.17990764458707786,1.0055599331312708,-0.21476339754703808,-0.9111394881483045,1.0250455667656746,-0.14708029370971085,0.0048847340562825,1
2024-05-20 00:00:00+00:00,-0.15799695203504008,0.4474289710854721,-0.3044885523327658,-1.0171001167594074,1.0138627821280832,-0.08609905987850072,0.0052564570864934,1
2024-05-21 00:00:00+00:00,-0.11689896814155701,0.5617829797808576,-0.5847508307025894,-1.3826447214374329,1.0299684109022722,0.09852006199610515,-0.0082652904627688,0
2024-05-22 00:00:00+00:00,-0.1226452212250134,-0.448428438307567,-0.7576194827017847,-1.481377075234306,1.09882730639927,-0.01118024710666956,-0.0160449230264898,0
2024-05-23 00:00:00+00:00,-0.15632377204585507,-1.6999202513315064,0.15342983393839482,-0.43567712845676454,1.0379354063465058,0.6251914562506857,0.0082972866483599,1
2024-05-24 00:00:00+00:00,0.04339682335109554,0.5944189176419334,-2.0278607708808174,-0.08639683740410346,-0.00492926470908321,0.061649512463849865,0.0080575522100669,1
2024-05-28 00:00:00+00:00,0.08012534177023843,0.8865884849820619,-1.9619163880849282,0.7198526796976368,-0.23565540752181952,0.379098245289621,-0.0028342933260586,0
2024-05-29 00:00:00+00:00,0.08119878824599293,-0.02107766663101832,-2.32473901805548,0.8644660837330916,-0.3078191314737445,-0.063445216272626,-0.0215464750553168,0
2024-05-30 00:00:00+00:00,0.012900682525022873,-1.8645444508141593,-1.9521771248198911,0.9445259180689817,-0.1672395789566327,0.19518064670279636,0.0022661363153979,1
2024-05-31 00:00:00+00:00,0.030997394495741237,0.11922606701662253,-1.1973249095495808,2.151409605149348,-0.20010922523750385,-0.5118612672575096,0.0038838619872083,1
2024-06-03 00:00:00+00:00,0.052572069367245115,0.3057484141980841,-1.655567991392156,1.425034967104422,-0.20300036854974338,-0.006258765618330492,0.0035803689533047,1
2024-06-04 00:00:00+00:00,0.060268502644593165,0.3349197017064889,-2.1023510395018703,1.0460306447367929,-0.14505017334618753,-0.4408731216265272,0.0093216678731085,1
2024-06-05 00:00:00+00:00,0.0849194935179443,0.6195539893245675,-2.1017465199401975,0.9647249927851933,-0.26928345832750394,-0.036164043152649254,0.0075251223558601,1
2024-06-06 00:00:00+00:00,0.10876694513770221,0.6827563337793706,-2.4807403890070847,0.770437337113962,-0.23601290656305315,-0.417924200629457,-0.0128444377005705,0
2024-06-07 00:00:00+00:00,0.061475042837237655,-1.2188426619939032,-2.0463318934385426,0.7514917246510794,-0.37958809957756784,0.3837359706831697,0.0043038338136891,1
2024-06-10 00:00:00+00:00,0.09203674859971349,0.21140560466874114,-1.586269410698516,1.3700949290659514,-0.3726302059417435,0.4388146255748016,0.00919950931733,1
2024-06-11 00:00:00+00:00,0.12311744451635724,0.6333322222022841,-2.022886241563768,1.0385569156420074,-0.2288809964101805,0.12218178398679434,0.006624355759855,1
2024-06-12 00:00:00+00:00,0.11208228760846767,0.2154230033528172,-1.4469970973448805,1.715242424119453,-0.2910074603533843,0.0316960586362107,-0.0147926614423017,0
2024-06-13 00:00:00+00:00,0.10213863045741019,-0.9712570754626147,-2.5217336329331888,0.5998044503903498,-0.1039043604198848,-0.01653008957570306,0.0093056634581198,1
2024-06-14 00:00:00+00:00,0.15558524433291773,1.0856810244859885,-2.1707407858050867,0.824971376591307,-0.10452744198285771,0.5874254969817498,0.0025455198563508,1
2024-06-17 00:00:00+00:00,0.14830553181094575,0.49581358016130134,-2.0052839199148433,1.0829967282474615,-0.14907311053784925,0.686304805511126,-0.0121305085695655,0
2024-06-18 00:00:00+00:00,0.10454742749453168,-1.099093872872415,-2.0847303663549956,1.0828596733643991,-0.10774718693769106,0.16908222818680216,0.0069108379569957,1
2024-06-20 00:00:00+00:00,0.1470502853066714,0.6375065738047088,-2.298124457326951,0.8442202324367679,-0.03744492590787636,0.05509664584417869,0.0188882560775329,1
2024-06-21 00:00:00+00:00,0.09773577530530858,1.2686690353318388,-0.14345507013662281,3.6582120464621353,-0.05651039242485708,-1.5830559933779125,-0.0022824555914555,0
2024-06-24 00:00:00+00:00,0.15580954296965574,-0.21340449937217443,-2.391346592035483,0.37014034956580966,-0.27021457304995955,0.058946650129038894,0.02683850899117,1
2024-06-25 00:00:00+00:00,0.20521462786434985,2.316922516541116,-1.1068548789337962,1.284002029602743,-0.21929802764878156,0.8029071305932942,-0.0008152364407099,0
2024-06-26 00:00:00+00:00,0.20539510822344295,0.26718046535384016,-2.2302670671190366,0.32418026421090873,-0.09357439038732379,0.14639973511059604,0.0083208248491668,1
2024-06-27 00:00:00+00:00,0.24836575155800864,0.8010315153445926,-2.230808951118463,0.32799475969259584,-0.06975826779758917,0.04033561408131309,-0.0175828522925132,0
2024-06-28 00:00:00+00:00,0.19012491832997447,-1.4614225433679984,-1.7311604094917048,1.1088226981925473,-0.2010616108046924,-0.2266464881003901,0.0046117521129422,1
2024-07-01 00:00:00+00:00,0.2684072797900095,0.35129409672638745,-2.2857228254396404,0.3326072310610879,-0.1019010802212991,0.28866369653941165,0.0122956092139681,1
2024-07-02 00:00:00+00:00,0.2940992171719153,1.3143252826218457,-1.7620172924061674,0.8253163710587821,-0.07376230129688527,0.936515443405067,0.0031312367721187,1
2024-07-03 00:00:00+00:00,0.3160839661252798,0.5109315050456582,-2.710072163828939,-0.06597011369120437,0.07177699943923269,0.6601677796172324,0.0257238914698798,1
2024-07-05 00:00:00+00:00,0.3447596184767649,2.274919354045463,-1.2227162638782536,1.4147362997783077,0.12973938796840792,0.9222883468815032,-0.0082373683855982,0
2024-07-08 00:00:00+00:00,0.3156349784028935,-0.5986973812799502,-2.1822179611797656,0.6826809000570915,0.2900656595960295,-0.05890947473163616,-0.0002644491656471,0
2024-07-09 00:00:00+00:00,0.3616797832912255,-0.16742923843128757,-2.374186436351076,0.3751019574873229,0.18789191351244364,0.2275794536392975,0.0116413634996324,1
2024-07-10 00:00:00+00:00,0.41131713691834026,1.1022120414512435,-2.2276180010418694,0.5837363031071054,0.2752184143629901,0.41764911224688916,-0.0293439345396738,0
2024-07-11 00:00:00+00:00,0.27630660543396374,-2.638228765489403,-1.0397384896488109,1.5160475258691415,0.3443338922576752,0.5612119215058297,-0.0026943785702566,0
2024-07-12 00:00:00+00:00,0.3382405968831633,-0.166494224865144,-1.8522212023675773,0.9016770086505852,0.5839819832792396,-0.12579862053194746,0.0078889539440325,1
2024-07-15 00:00:00+00:00,0.37410345944807594,0.7760331156064986,-1.9056831510955672,0.6516719825158693,0.47132024908041503,0.572600512127982,-0.0139925383899982,0
2024-07-16 00:00:00+00:00,0.30009962537360535,-1.509003238894147,-1.391861226160071,1.0089204295474754,0.3707196128994578,0.7704262524537389,-0.0157677120063352,0
2024-07-17 00:00:00+00:00,0.2765647279660289,-1.3149183474711355,-1.6865730843225155,0.8475925107489226,0.5602353393726881,0.3172414098937663,-0.018395671558724,0
2024-07-18 00:00:00+00:00,0.2127798404507224,-2.0391219456385934,-0.7810836046922293,1.6325873941034799,0.44267911026606294,0.5165501029758293,-0.0001689167555383,0
2024-07-19 00:00:00+00:00,0.25456276944932926,-0.2352687905376588,-1.76465288368833,0.6665135263433434,0.6071305997488419,0.14192350433759238,0.0225711604152869,1
2024-07-22 00:00:00+00:00,0.2839029455630907,1.472670684956996,-1.645236081082295,1.3532602513700127,0.9332093369960764,-0.6093347515211355,0.0006605261322556,1
2024-07-23 00:00:00+00:00,0.22498809092525174,-0.13960290161793695,-1.3493046459210465,2.016764019416962,0.92584073938866,-1.3938466060829349,-0.0503876972192646,0
2024-07-24 00:00:00+00:00,0.046197072492177846,-3.5163606476931055,-0.1037311301989522,2.7984509940439937,1.0425236869441117,-0.6588552959137199,-0.0309911549149797,0
2024-07-25 00:00:00+00:00,-0.006340735725009602,-3.2108197465041486,0.4778611560187949,2.5720194868539608,0.8298564032567785,-0.5009937406287618,-0.0016738704683473,0
2024-07-26 00:00:00+00:00,0.02643610544796157,-0.3516029320081499,-0.11900674917646642,1.8311172240656954,0.8433231213188135,-0.7069589942605564,0.015149849439745,1
2024-07-29 00:00:00+00:00,0.06593560430098255,1.043923657327377,-1.2883197901440007,0.1138111570398052,0.9226028081751407,-0.13563308713030592,0.0044826869673562,1
2024-07-30 00:00:00+00:00,0.024100959956881416,0.293414389186097,-1.2935341680599401,0.006326298697278541,0.8678592927615242,0.14775750425412357,0.0073405852783769,1
2024-07-31 00:00:00+00:00,-0.005240399621040472,0.006927885559052591,-0.6168798351331929,0.749766347881204,0.7299050488726013,-0.08295456469624696,-0.004547049688397,0
2024-08-01 00:00:00+00:00,-0.023327073325671608,-0.2866870143673036,-0.37553001910247497,0.7220777834275588,0.5877179759496758,0.8431120308691822,-0.0240102516834758,0
2024-08-02 00:00:00+00:00,-0.06716464755490167,-1.4619163498386554,-0.7672459219289196,0.6670494150866658,0.5373214146253459,0.4696322768989061,-0.0444617815657419,0
2024-08-05 00:00:00+00:00,-0.23347349204821852,-2.3758910059298235,2.143898191019106,3.101411546805692,0.34786782912389014,2.143635335431758,-0.0060282418685164,0
2024-08-06 00:00:00+00:00,-0.21359187906490795,-0.8057787586900589,0.40885701655594076,1.4657619914537097,0.461255281249219,-0.8303641422547515,0.0041063429359768,1
2024-08-07 00:00:00+00:00,-0.2139027347982567,-0.3141578569487985,-0.18310543860746015,0.1150720142129224,0.2154406695674498,0.1711934118600039,0.0194412277162971,1
2024-08-08 00:00:00+00:00,-0.20103273127528803,1.417621512252757,-0.36062218212277336,-0.014910785727633599,0.37686153623944124,0.08301040211268619,0.0101216165509503,1
2024-08-09 00:00:00+00:00,-0.23248872125629622,1.2463336429324308,0.14801491018838625,0.3404996501239269,0.33605266680778306,0.8403152681959281,-0.0084317257008345,0
2024-08-12 00:00:00+00:00,-0.25652159625052745,-0.8495469411973914,-0.9704914642207098,-0.9011366248642364,0.30558383921001875,0.34788059005256017,0.0115225287826352,1
2024-08-13 00:00:00+00:00,-0.21731628058560848,0.928148841510367,-1.1379774002216652,-0.9302913900273556,0.4788516691143957,-0.16816663417696417,-0.0230871515617921,0
2024-08-14 00:00:00+00:00,-0.34882070669562537,-1.9933187151757563,0.5956007440579525,0.8372058854430454,0.21034906783462035,0.2544537858624274,0.0057992703067464,1
2024-08-15 00:00:00+00:00,-0.2785174197591095,0.5143356573509014,-0.6008929621737769,-0.3188093517832111,0.4025948311095689,-0.5968001135050913,0.0102913497638528,1
2024-08-16 00:00:00+00:00,-0.28037595630369044,0.8778538337433419,-0.13136959409160234,-0.33203132627646703,0.24703363337729486,0.4430585330752829,0.0227663087164604,1
2024-08-19 00:00:00+00:00,-0.24239823436116478,1.6578346875370376,-0.6215867855027883,-0.7022690689352645,0.35899075413307713,-0.24530485647697112,0.0030598819647786,1
2024-08-20 00:00:00+00:00,-0.25362073120769063,0.3404118553353931,-1.1057965081276078,-1.0875115250270901,0.47173029853869036,-0.08933623134312044,-0.0079553190929682,0
2024-08-21 00:00:00+00:00,-0.2325796315244116,-0.2632805208042556,-1.2778284897983305,-0.4131064657799361,0.21051392686762724,0.10341353952563738,-0.0123607683307405,0
2024-08-22 00:00:00+00:00,-0.25163900122916477,-1.450897682592096,-0.8660089830318445,0.19456330840384015,-0.00529846818966007,0.33383071424509103,0.011111030797293,1
2024-08-23 00:00:00+00:00,-0.1727965936717812,0.9385485173414964,-1.6408827643111503,-0.47578897413959087,0.3017133330071198,0.3742978784110426,0.0032606942760011,1
2024-08-26 00:00:00+00:00,-0.18640681667980138,0.2199357032047293,-1.5133263868304085,-0.2937386070546967,0.22815048059457946,0.5834969221039609,-0.0089072508777416,0
2024-08-27 00:00:00+00:00,-0.2023511151746561,-0.6132968055030497,-2.037696574056808,-0.7303100525177502,0.32333802779142673,0.41277409904229984,-0.0111123488044271,0
2024-08-28 00:00:00+00:00,-0.24053889562055938,-1.0899952967885238,-1.2556588705878011,0.08430257596699439,0.24090319348659847,0.7686279838392371,-0.0065703730806,0
2024-08-29 00:00:00+00:00,-0.26383056973396246,-1.001942356796737,-0.5889610833766854,0.7382699229517009,0.1678526932559875,1.033323930855713,0.009889852849779,1
2024-08-30 00:00:00+00:00,-0.210052676283435,0.7853871814472293,-1.6626595630305094,0.27341360034168477,0.43970343378459054,-0.2200371791531546,-0.0368466222690411,0
2024-09-03 00:00:00+00:00,-0.35847585505338925,-3.3314524561167262,-0.3541242225694189,2.173145635618999,0.17671076442906644,0.00042911475450037355,-0.0057828761163336,0
2024-09-04 00:00:00+00:00,-0.27419456852398155,-0.3751109894948806,-1.6900834444237791,0.6297010264397996,0.4287788429712419,0.4688328735479665,0.0050496066008731,1
2024-09-05 00:00:00+00:00,-0.2726788316101795,0.48611968837266467,-1.5161572954515963,0.7879189638619397,0.44376526793553217,0.6574290540364466,-0.0401934005291593,0
2024-09-06 00:00:00+00:00,-0.4834448338090824,-4.105608358103279,0.4379098024931442,2.6742435140751484,0.3551095445371744,0.49026264928635516,-0.01333610052274,0
2024-09-09 00:00:00+00:00,-0.4792701830426187,-1.9448587868467238,0.31208666234064086,2.6146004527434417,0.3793535537078998,-0.009684498109765887,-0.0003361173071086,0
2024-09-10 00:00:00+00:00,-0.45300681377788565,-0.5003199562805324,-1.0189833284663743,1.1770524601498609,0.5118200194576533,-0.5964730194407734,0.0168168874183129,1
2024-09-11 00:00:00+00:00,-0.44368996030645796,1.1364624162769623,-0.5386353896845814,1.3205106305651855,0.4345651337359993,0.10433335078757391,0.0233526818159006,1
2024-09-12 00:00:00+00:00,-0.4280104024836113,1.5186535341327256,-1.1380062270473261,0.9674254883639598,0.6846005669110192,-0.7961470507242329,0.0179068097398114,1
2024-09-13 00:00:00+00:00,-0.4244072465853013,1.3959893513876993,-0.7879039804320674,1.1479097320903089,0.6967138376787934,-0.18470139927304402,0.0038105400984422,1
2024-09-16 00:00:00+00:00,-0.39822082738853737,0.4691122093345536,-1.8341334619551082,-0.057725240471478714,0.7379142835391885,-0.007722773235135447,0.007971728359079,1
2024-09-17 00:00:00+00:00,-0.37372622892585716,0.5728186467589614,-1.6392579243874632,0.3140588501050596,0.6242958169442255,-0.10719284312350973,0.0030753577837143,1
2024-09-18 00:00:00+00:00,-0.37008291757815515,0.20405000127700512,-1.6386511742227496,0.4002060084562792,0.6290624347493595,-0.36007789732737144,0.0145797620054271,1
2024-09-19 00:00:00+00:00,-0.35259266830243763,0.5149767726734388,-1.2826901650612217,0.7252316905174065,0.6221299546149096,-0.7820311201990655,0.0089430593243045,1
2024-09-20 00:00:00+00:00,-0.3556919638446471,0.45405692041644724,-1.0083647315794693,1.3965234616621,0.6614541792203277,-1.5481584529738945,-0.010636322624043,0
2024-09-23 00:00:00+00:00,-0.36913653872690766,-1.1758064129770678,-1.0209755222880232,0.5147817531719661,0.3251747190361686,0.17283611766991763,0.0027183607139713,1
2024-09-24 00:00:00+00:00,-0.3304478577567463,0.032772799226393805,-1.350013612753751,0.19618454591215886,0.377698826250281,-0.1910720657115817,-0.0049292900696307,0
2024-09-25 00:00:00+00:00,-0.3230030750762911,-0.1734766948296421,-1.8464360372522977,-0.4025683067536636,0.38161209005037217,-0.04202709906036205,0.0076784143264725,1
2024-09-26 00:00:00+00:00,-0.30815093035321645,0.3505116364950188,-1.650326449065771,-0.2023298253408059,0.3327013896454163,-0.3788647779840425,0.0074971362483347,1
2024-09-27 00:00:00+00:00,-0.3020528586050751,0.6935425807237319,-1.1879002168917208,0.13459262202522074,0.26013313047373676,0.32985237154850383,0.0115890313369633,1
2024-09-30 00:00:00+00:00,-0.2734451732124097,1.2281609247821124,-1.235400657791442,0.08352056452199559,0.3000766476821817,0.4347435310863176,0.0068736104542359,1
2024-10-01 00:00:00+00:00,-0.26593650670681596,0.16593178177897147,-0.7848741661904409,1.1776252473369122,-0.07389770465079014,0.1704756819082952,-0.0067670057250295,0
2024-10-02 00:00:00+00:00,-0.24294015557733686,-0.44006934510030504,-1.7736533844731104,0.015955564137371838,0.0006738935521085384,0.4260954438029782,0.0,0
2024-10-03 00:00:00+00:00,-0.21062325888940664,0.3847573708634503,-1.8312036096761701,-0.10572869269408156,0.0291965115897234,0.7461137329788807,0.0072350177637299,1
2024-10-04 00:00:00+00:00,-0.15247157194315075,0.29304193466517214,-2.1547029219121283,0.6240090377870278,-0.4365420328635914,0.08232309116668371,-0.0244222722386788,0
2024-10-07 00:00:00+00:00,-0.2484205344018045,-2.491301931461953,-1.186515430852433,1.352394094525874,-0.3956230384437322,0.8921986659559187,0.0085900890893149,1
2024-10-08 00:00:00+00:00,-0.16102472610323554,0.6491448791996918,-2.182835433045586,0.8210395363156249,-0.031482848666118016,-0.30924057052470627,-0.0153303768373938,0
2024-10-09 00:00:00+00:00,-0.24845743825642358,-1.3904850431194147,-0.9243623485360519,1.9513149801418301,-0.17224430432225457,0.4203829151892219,0.0013592387200596,1
2024-10-10 00:00:00+00:00,-0.16486870441119378,0.4246657902068911,-2.3545227431796163,0.4277718512434744,-0.11853514191871621,0.8021450927388988,0.0071570375751814,1
2024-10-11 00:00:00+00:00,-0.15404525217605533,0.7280280588647621,-2.379018282759117,0.6749255277103765,-0.10375629968390601,0.600653700486409,0.010536552638503,1
2024-10-14 00:00:00+00:00,-0.1489176985605324,0.9239222193912672,-2.147236837570641,0.9979549375351313,-0.06756876523064663,0.3721407477674967,0.0030309986637913,1
2024-10-15 00:00:00+00:00,-0.15915528338376253,0.1309053969823793,-2.1045936997087598,1.0950194802520612,-0.09793101291753029,0.23904447970012999,-0.0018131964917705,0
2024-10-16 00:00:00+00:00,-0.13955659175439977,0.11984014446138085,-2.5978113369662923,0.604405359306406,-0.0037484157596046493,0.37986526630740336,-0.0135020157861798,0
2024-10-17 00:00:00+00:00,-0.1891050703152186,-1.3801531571970667,-2.0014378035760987,1.298964178653473,-0.07338407559284811,0.2601183913575529,0.0030074066897149,1
2024-10-18 00:00:00+00:00,-0.13747829559865396,0.29597136841130783,-2.637169034812978,1.0114518050284629,0.1765462204795269,-0.17178834617687921,0.0039774302819748,1
2024-10-21 00:00:00+00:00,-0.13306718427196768,0.5104016823543692,-2.52215266758843,1.2264030638364174,0.15676954738716997,-0.057084372364202905,0.0065216730038022,1
2024-10-22 00:00:00+00:00,-0.11767924082157519,0.8700800576719057,-2.4054642001730184,1.1136754200301944,0.12075254466722504,0.6835025065802827,-0.0142909814018991,0
2024-10-23 00:00:00+00:00,-0.1822398058246357,-1.262777735661952,-2.0891940010387455,1.333374814081463,0.08363182126707853,0.6723313426364981,-0.0003684777388409,0
2024-10-24 00:00:00+00:00,-0.15825753160093717,-0.03557690104170323,-2.3198089023037713,1.431315615867696,0.21103841326784073,-0.13722734183542723,0.0156710781701403,1
2024-10-25 00:00:00+00:00,-0.12094570172785378,1.2783091150749828,-2.340142431124562,1.2452647420729308,0.28902196002758945,-0.027594805536374892,0.0087735020447345,1
2024-10-28 00:00:00+00:00,-0.17233350265961264,-0.08440505500528672,-1.0689517963074724,2.7039094605360066,0.08253222201872797,-0.43491727765246585,0.017754348230156,1
2024-10-29 00:00:00+00:00,-0.14469083689815695,1.2075363226901072,-0.9709928200641207,3.085641270196046,0.2912687164601175,-1.202902080794729,0.0281707093692282,1
2024-10-30 00:00:00+00:00,-0.20696773835440854,-0.11559563417147811,1.4890623348303316,5.325704261093704,-0.03228550407605118,-2.503444552790097,-0.0192021253092382,0
2024-10-31 00:00:00+00:00,-0.1949585491933934,-1.8031872121633192,-0.1061205221235353,2.541847489368602,-0.07394845553841485,-0.18479659631426532,0.0010518874608751,1
2024-11-01 00:00:00+00:00,-0.10728224817068742,0.2315730730108886,-1.1173754852870181,1.1849266176141073,-0.039342534587846034,-0.06321942923433765,-0.0119680331287291,0
2024-11-04 00:00:00+00:00,-0.09549429426474523,-0.7892524909065873,-1.8759259932691685,0.3389709495444857,-0.19596280614573133,0.26008035361457843,0.0029545279261049,1
2024-11-05 00:00:00+00:00,-0.05575607708619602,0.35205564646233123,-2.2356710428242708,0.02537741781603448,-0.12000144820863087,-0.006694708520778953,0.0398844287279127,1
2024-11-06 00:00:00+00:00,-0.025915811355106746,2.7417750917763426,-0.7862704667738305,1.4835039967021577,0.11625432517154853,-0.6654853198700779,0.0240213584278157,1
2024-11-07 00:00:00+00:00,0.0030100203904597014,1.9892408979519731,-0.9552277079287594,0.7869169312421798,0.06733419840948815,0.2824764349838016,-0.013278091705158,0
2024-11-08 00:00:00+00:00,-0.034957343778497185,-1.1651174652589722,-1.5715455934812035,0.023167713156665746,0.1020167646693571,-0.012288699304220312,0.0112140196814254,1
2024-11-11 00:00:00+00:00,0.05692604896326047,1.0868335656814292,-1.761925430476604,-0.25536648248551175,0.172486188762138,0.14718531043236582,0.0070418229945754,1
2024-11-12 00:00:00+00:00,0.06833212410004912,0.7466873179496857,-1.2232150244639353,0.39253337710181013,0.1253645405725867,0.10462349488698784,-0.0150864355838686,0
2024-11-13 00:00:00+00:00,0.038715587245680486,-1.1312942798116863,-1.5662127210240182,-0.09708300639711599,0.16233226939226209,-0.0837483430045391,-0.018448140995617,0
2024-11-14 00:00:00+00:00,-0.005725206630256159,-1.6907313979749181,-0.6589085112339965,0.7231478926848587,0.04523909465221233,0.08104056478700805,-0.0175987808902233,0
2024-11-15 00:00:00+00:00,-0.018624432867648845,-1.3149869777142569,-0.9522413131001818,0.3764027339243546,0.18104312165624453,-0.30619382444250315,0.0162906601034444,1
2024-11-18 00:00:00+00:00,0.05297715779685246,1.3715060302367827,-1.219207506298154,-0.2771710453551342,0.2138323820062167,0.0818920179334799,0.0160868181156412,1
2024-11-19 00:00:00+00:00,0.04586966635841482,1.7016175255721682,-0.23767977587522673,0.4428265657549498,0.06725025520852046,1.1436430959538444,-0.0120144070464796,0
2024-11-20 00:00:00+00:00,0.00463999847726699,-0.9456130569927158,-1.0165828152911172,-0.302912750218804,0.06257783825280619,0.5971619011090675,-0.0474484869718188,0
2024-11-21 00:00:00+00:00,-0.22905570352141585,-4.577661447877658,2.4529399537317937,2.7774562873433943,0.00983328749884592,0.7230689264413549,-0.0171211483988897,0
2024-11-22 00:00:00+00:00,-0.13382896328536265,-1.2856406788097434,-0.32252516132978803,-0.05470075120473797,0.3983361122542922,-0.6701399450007133,0.0175405517727189,1
2024-11-25 00:00:00+00:00,-0.0943016744588678,1.2872538575474661,-0.09409588306454003,-0.08134433480149071,0.4019481764435943,-0.45910531881863487,0.0087683021407725,1
2024-11-26 00:00:00+00:00,-0.09194056247306163,0.876307164026932,-0.8420331537367073,-0.8630284354856657,0.4764654590366969,0.01755008289329191,0.000650399269606,1
2024-11-27 00:00:00+00:00,-0.09340507207314147,0.18702260728632167,-1.4284216344315588,-0.7990977544284509,0.6468723809780633,-0.21319658282073908,-0.0016546589333706,0
2024-11-29 00:00:00+00:00,-0.08375018976251375,0.09038321034697051,-1.4814464765832096,-0.753090613743675,0.6754908623138667,0.42154172660685885,0.0150341346515225,1
2024-12-02 00:00:00+00:00,-0.06383446538465833,1.3769417096632337,-0.6613956066020268,0.2746131175040019,0.7519715098253504,0.32260339150244416,-0.0008746754330014,0
2024-12-03 00:00:00+00:00,-0.07304005735819835,-0.026670237305231045,-1.3705282371195229,-0.28581459458139136,0.7991302440356942,-0.2982671082173466,0.0176841265256251,1
2024-12-04 00:00:00+00:00,-0.05002100888667156,1.5520274812166082,-0.2456421286223802,0.7569244439028361,0.7228304590397518,0.003661701331614083,-0.0099213403223691,0
2024-12-05 00:00:00+00:00,-0.06309898911187789,-1.1146030180575972,-1.0559546820975305,0.08587388752199819,0.4394300039506647,0.18892530875380933,0.011990346241806,1
2024-12-06 00:00:00+00:00,0.007577729465263064,1.2240528093198895,-1.0977911059145562,0.21638898205321672,0.4588165875477805,0.4096544468424941,0.0049279870675387,1
2024-12-09 00:00:00+00:00,0.0038920926739838815,0.5622744662331234,-1.212619765176975,0.2912209050141354,0.4701144590557949,-0.08255100497824928,0.0558818870689368,1
2024-12-10 00:00:00+00:00,0.023312528316009846,3.324880311305467,1.1773416635263334,2.3855360597203203,0.7641898690935585,-1.6390337690476167,0.0552464765252858,1
2024-12-11 00:00:00+00:00,0.05143402254798618,4.4037846090597625,3.379032701702756,3.5386508531384155,0.7267175965445921,0.3477515886246805,-0.0176048814391237,0
2024-12-12 00:00:00+00:00,0.049699334045623496,-1.6319461440671816,-0.05483858587922836,-0.31234477415439255,0.8315262650531307,-0.6201721486349049,-0.011148051901562,0
2024-12-13 00:00:00+00:00,0.12239390652529832,-0.8633884447842478,-0.4133420028140479,-0.8237244839325926,0.8149102082734768,-0.12324855562598894,0.0360339722215148,1
2024-12-16 00:00:00+00:00,0.21705314078448834,2.483347581926091,1.3925824728417764,1.0674701378751765,0.751984081604742,-0.3163754431102539,-0.0063051911890641,0
2024-12-17 00:00:00+00:00,0.18049177880668207,-0.9193491131560355,1.1380330824157858,0.5518914806056093,0.5706350898759105,-0.19367031892469294,-0.035922611822347,0
2024-12-18 00:00:00+00:00,0.09530035331212389,-3.5887581495385428,1.6820698971348267,0.24600352847490245,0.44643840306318866,1.0229550939477383,0.0005838232517645,1
2024-12-19 00:00:00+00:00,0.1801899062727264,-0.6105696171200478,0.6028653290435971,-0.5795443490431526,0.6466266316539516,-0.4396499065679964,0.0153838918444086,1
2024-12-20 00:00:00+00:00,0.22015499954472637,1.503754749900775,2.1603810664574614,1.944344736547524,0.270834963343121,-0.011113197747348244,0.0168224929654192,1
2024-12-23 00:00:00+00:00,0.303421773839278,1.2681784932858866,0.2583492704785569,-0.45823432644890894,0.2384647995578451,0.3410040858494632,0.0076041483190749,1
2024-12-24 00:00:00+00:00,0.35344384547035573,0.7984771099478855,-1.012137116326773,-1.7061670319920506,0.42744895308689174,0.34982548708457106,-0.0026006054991737,0
2024-12-26 00:00:00+00:00,0.3640213459153072,0.04778955452677123,-1.035287506853073,-1.6386631666196287,0.4860653573300287,0.3591743926576678,-0.0145194167547428,0
2024-12-27 00:00:00+00:00,0.3282334048268048,-1.24241923007733,-0.2572998950177191,-0.937674022053462,0.4247462528129419,0.5819165474646832,-0.0078854441831709,0
2024-12-30 00:00:00+00:00,0.36330387197576147,-0.14840837008567567,-0.6215461373396753,-1.371455365917893,0.5230386365668482,0.7971691457908482,-0.0101443040261047,0
2024-12-31 00:00:00+00:00,0.3377733630094266,-0.8688131041929382,-0.5722362293109257,-1.1989776223841069,0.5681528773875383,0.27984516426938444,0.0006866262561375,1
2025-01-02 00:00:00+00:00,0.33908494053634697,-0.19945789962908006,-0.14119269341712892,-0.7590678890759123,0.532018205267241,0.3448877447513021,0.0124584037686872,1
2025-01-03 00:00:00+00:00,0.3777124207313618,0.8340571733257723,-0.5223900168358947,-0.9536977162447479,0.6714761244467067,0.057895534440323186,0.0264873873125994,1
2025-01-06 00:00:00+00:00,0.41020137900233455,1.9545891545906968,0.2265426406223857,-0.0992438391621396,0.6632138828041008,-0.0999400779584385,-0.0070097215184191,0
2025-01-07 00:00:00+00:00,0.3646555691502753,-0.8222031997728356,0.48556490614231373,-0.1524642477426594,0.4847520912890302,0.6415608290779322,-0.0078776391986168,0
2025-01-08 00:00:00+00:00,0.39945086913469824,-0.25511654456994226,-0.1709455082366463,-0.6935198823091527,0.6701735132577116,0.39562642224352124,-0.0098478717618446,0
2025-01-10 00:00:00+00:00,0.40817963630488663,-1.1004672434056457,0.11948543897856038,0.1937700390022361,0.29943010775879114,0.6002738235613369,-0.005363599027423,0
2025-01-13 00:00:00+00:00,0.4842665458862701,-0.15672362115675706,-1.1107814329055195,0.07553919871418782,0.18063119943117334,0.5240975717618587,-0.0070675424406276,0
2025-01-14 00:00:00+00:00,0.47305264716231155,-0.6591709826107073,-1.4273016724806613,-0.14409939659546567,0.18909462651201492,0.45241934817118384,0.0310555469874458,1
2025-01-15 00:00:00+00:00,0.5272457265071825,2.1839135757995924,-0.7203755134479347,0.4672860703731173,0.38127377520457517,0.26083693673212227,-0.0135003805012074,0
2025-01-16 00:00:00+00:00,0.4920202454718427,-0.9439189182256759,-1.8513184678145602,-0.11670069497491319,0.36631426788933874,0.2584400219804436,0.0160179116278489,1
2025-01-17 00:00:00+00:00,0.5262018457829135,0.778525968948271,-1.1183057168407549,0.9864236286592944,0.5260257415214309,-0.5594212004711678,0.0104591271163883,1
2025-01-21 00:00:00+00:00,0.5583485435948436,0.3270796073390607,-1.0612412793082122,1.4870084626492024,0.20084197730773476,-0.3825099551962073,0.0016157109496053,1
2025-01-22 00:00:00+00:00,0.586713275014718,-0.0468880056127221,-1.646856962936235,0.9412639966317787,0.2974651605453368,-0.389720095175195,-0.0019660051071594,0
2025-01-23 00:00:00+00:00,0.5912222314813124,-0.27815446887397405,-1.1483379847947017,1.7006837618592214,0.34800322158807584,0.23797706503715774,0.0112638495176293,1
2025-01-24 00:00:00+00:00,0.657773098137399,0.9895488105234371,-1.7943730963125426,1.1672196179090235,0.44978719544806456,-0.13170853326484552,-0.0419561004064575,0
2025-01-27 00:00:00+00:00,0.47058912614182535,-2.8915237062982024,-0.15186501063818014,2.3600102243514454,0.569742823865894,0.2872082236584625,0.0181952352080452,1
2025-01-28 00:00:00+00:00,0.589704496257794,1.4062223943536127,-0.7768221939037363,0.9882716784946988,0.5788878432877003,0.39511296027149,0.0005631966131864,1
2025-01-29 00:00:00+00:00,0.5766910298121694,0.024220362219149416,-1.5488792424532911,0.19672837629934273,0.5634369413856538,0.3034064001428124,0.0279412303774135,1
2025-01-30 00:00:00+00:00,0.621303946907693,2.057616364614799,-0.9570199393840495,0.7300429495978314,0.6708535177433226,-0.08755323399249097,0.015681881248466,1
2025-01-31 00:00:00+00:00,0.6173459509651162,1.146470984456888,-0.7587125498599376,1.0700917520430535,0.629100316772573,-0.46908449990676854,-0.0136751766628843,0
2025-02-03 00:00:00+00:00,0.5979391228797425,-0.7761596320795503,-1.0202316740410389,0.5224263349533365,0.6029931358025847,0.10679653275840922,0.0255926294763775,1
2025-02-04 00:00:00+00:00,0.6582824271534377,1.7773375460564595,-0.009389764982543864,1.6686558434384524,0.6198469584037846,-1.0037251744744828,-0.0729238154737826,0
2025-02-05 00:00:00+00:00,0.3710010741299899,-4.715169697162884,1.1132826760044225,2.05622395812667,1.2588726520551643,-0.7940078803404647,0.0014111923272437,1
2025-02-06 00:00:00+00:00,0.5151614147066951,0.3844270019165577,-0.09452314575156921,-0.2940064867246672,1.136028149874633,-0.06978957772961145,-0.0326722626000561,0
2025-02-07 00:00:00+00:00,0.32263598481241196,-3.3101081171418127,1.686367038366882,1.3054563825149736,0.8740855242998637,-0.0670534022649438,0.006096995794536,1
2025-02-10 00:00:00+00:00,0.41791204298705503,0.22083977803291108,-0.4199518824930776,-1.0466176391715831,1.1519744232431564,-0.5151957261442626,-0.0061672287570945,0
2025-02-11 00:00:00+00:00,0.3610935481434315,-0.28735617799851626,-0.4348362902296518,-1.1449545310517921,1.132494839202038,0.04587835672937562,-0.0092272611586221,0
2025-02-12 00:00:00+00:00,0.3228699723638971,-0.4788733188064923,-0.22545505702399601,-1.0149673785906603,1.073444672963731,0.27024378394532017,0.0137791600229262,1
2025-02-13 00:00:00+00:00,0.3528794261392006,1.1372912939561883,-0.23536345892417296,-0.8895221493300298,0.9900882848889164,0.06255270901119518,-0.0048887209699488,0
2025-02-14 00:00:00+00:00,0.32025416269272694,-0.19780546383653888,-0.6860948548103839,-1.270284356763305,1.0037017277629725,-0.11788011117849166,-0.0078821426483489,0
2025-02-18 00:00:00+00:00,0.27116680305923174,-0.8841516889816823,0.13961438935311543,-0.31796857593561684,0.8450048561196007,-0.13129018068477064,0.0081623594479647,1
2025-02-19 00:00:00+00:00,0.3240673957330514,0.7653038284147946,-0.7516605397809132,-1.2086870674285894,1.0156907109027984,-0.21174861880280602,-0.0038322626526804,0
2025-02-20 00:00:00+00:00,0.2914186418133257,-0.23260613302941688,-0.6217989325207399,-1.055557041887962,0.989957388128196,-0.02237690157266739,-0.0265496478031617,0
2025-02-21 00:00:00+00:00,0.16462571616076618,-2.774186375469684,0.7900191946503786,0.3106573844046017,0.8048582062632771,0.09744541137903934,-0.0022819908583765,0
2025-02-24 00:00:00+00:00,0.1976004454911687,-0.7330387940514708,0.19581652510280517,-0.2732302891262964,0.8626238331254493,-0.31830147405905523,-0.0213668342448145,0
2025-02-25 00:00:00+00:00,0.13102667003005758,-1.9161785836992118,0.302230677307357,0.39274574961008535,0.7614428786036141,-0.5989123624777971,-0.0153347282712766,0
2025-02-26 00:00:00+00:00,0.10310506750166808,-1.4861731388802226,0.28054383105694175,0.11727852637093415,0.572508018078933,-0.15636895199739606,-0.0244891025504978,0
2025-02-27 00:00:00+00:00,-0.0033043172310800203,-2.753643084509274,1.0863517152342244,0.6001887799055212,0.33371826883749045,0.10429943253599923,0.0105637136295728,1
2025-02-28 00:00:00+00:00,0.04171871456548063,0.7602441909444646,0.6696863791749169,0.5881890219721394,0.3556759845250896,-0.7607360066142534,-0.0192035604612464,0
2025-03-03 00:00:00+00:00,-0.07711688316135153,-2.3664547265511153,1.3357650644989691,0.7592771245174283,-0.11132624520552212,0.40722780563867766,0.0234118381252528,1
2025-03-04 00:00:00+00:00,-0.028426080567084178,1.9912720920876226,1.9369208896965129,1.0795424054844063,0.05846282192211828,0.8504557619149934,0.0122864955430257,1
2025-03-05 00:00:00+00:00,-0.017077621781739542,1.1109040384279687,0.4889321619256157,-0.1976071548639379,0.12914156540412972,0.3997724685959113,-0.0038724761906365,0
2025-03-06 00:00:00+00:00,0.03463731713997222,0.08193346478397093,-0.5349277520399928,0.21854543956048353,-0.4842862370871061,0.6463461315550705,0.008761227645164,1
2025-03-07 00:00:00+00:00,0.05136192886023618,0.9581702751164869,-0.35731876307152277,0.31044463308216513,-0.4606703679618105,0.70039770743279,-0.0448577153502408,0
2025-03-10 00:00:00+00:00,-0.10389582073817072,-3.3086828174019014,-0.0537630625653493,0.8768246790113203,-0.24305488207168832,0.18082663290463952,-0.0110328181218051,0
2025-03-11 00:00:00+00:00,-0.08811869552154122,-1.002273207660502,0.26816932322971193,0.895287148095003,-0.4056383587939873,0.2687827652913387,0.0187149860450859,1
2025-03-12 00:00:00+00:00,-0.051271792501408536,1.148415887378687,-0.19021130630261163,0.05338015331194408,-0.27106083559972644,0.02538559397317579,-0.0260307671094074,0
2025-03-13 00:00:00+00:00,-0.17382579040763144,-2.2547076676375055,-0.307568233996342,-0.1438593660605692,-0.27099829000079917,0.058169668154775915,0.0167732941369715,1
2025-03-14 00:00:00+00:00,-0.12361474669971591,1.3663708915163482,0.039488351393033166,0.06433089688324603,-0.2493404615579927,0.1348380331680684,-0.0072512237742006,0
2025-03-17 00:00:00+00:00,-0.1765812084918826,-0.5623887035422022,-0.5670481217482817,-0.5057321020646951,-0.2446367549278684,-0.35008168788362737,-0.0220343550959126,0
2025-03-18 00:00:00+00:00,-0.2819902524058859,-2.193812127688725,1.2848119050892814,0.9633701562261894,-0.5933142078466355,0.8413691554778122,0.0200411575491568,1
2025-03-19 00:00:00+00:00,-0.20518252339243992,1.496992041005099,0.587697824150216,0.08697572416860522,-0.37741522945170325,0.26848041063193795,-0.0066508114139497,0
2025-03-20 00:00:00+00:00,-0.2464847682870254,-0.1611753674900139,0.00591779642508885,-0.6165153027436078,-0.39350916789311713,0.522572689397664,0.0073096803834653,1
2025-03-21 00:00:00+00:00,-0.2339924666748106,0.9566661415005145,0.08525576049370476,-0.22253199516061206,-0.3622433522317383,-0.03890804044147951,0.022501338086323,1
2025-03-24 00:00:00+00:00,-0.21453472872559115,1.426390977575416,0.0025720459821166066,-0.5657479792291986,-0.2741586057779904,-0.48519150611377837,0.0171756452310996,1
2025-03-25 00:00:00+00:00,-0.17789992670230098,1.3833909105466426,-0.5170925750063209,-1.0160754191303591,-0.13586673169658656,-0.275377882184444,-0.0322467985089126,0
2025-03-26 00:00:00+00:00,-0.2999925211566948,-2.7536716313967755,0.1358889230560742,-0.5761832300999826,-0.18227710097718425,0.41248334126448233,-0.0170846994094244,0
2025-03-27 00:00:00+00:00,-0.269810873318868,-1.4799369183045785,-0.3656636301125927,-0.8725755714270609,-0.06010787398760239,0.125859005433072,-0.0487549217408384,0
2025-03-28 00:00:00+00:00,-0.4600949375563719,-4.556533342338892,1.9372637934613013,1.1517098054519432,-0.05883334791276791,0.7973883350334814,0.0020086953457216,1
2025-03-31 00:00:00+00:00,-0.39150963168137204,0.19304744373841642,1.3615269474883578,0.9409655098873266,0.1811938844924197,-0.33675617755646164,0.0157139702335349,1
2025-04-01 00:00:00+00:00,-0.35785444782476367,1.5690045045135181,0.6094351247153819,-0.17090077200161083,0.1620958582402765,0.6179159021959304,-0.0001912788733801,0
2025-04-02 00:00:00+00:00,-0.39213854857568203,0.37335702800107834,0.04658234098552577,-0.6861048644805998,0.16937181535082307,0.6077297934358169,-0.0402442477067996,0
2025-04-03 00:00:00+00:00,-0.5375491133902116,-2.553161503806308,0.13589581717481,-0.3058967870834879,0.40470250025711735,-0.4979402675385184,-0.0339702481677656,0
2025-04-04 00:00:00+00:00,-0.6394068968413975,-2.887057584848108,1.858053922958874,1.0166121361231688,0.05305305515553954,-0.23236553700446588,0.007898336110236,1
2025-04-07 00:00:00+00:00,-0.6383970441242084,0.9397279003679212,4.844245362986729,3.4687793708647012,-0.6857711974027035,2.426690512434411,-0.0139694762881905,0
2025-04-08 00:00:00+00:00,-0.7131113641453504,-2.701729939449288,2.921912532056522,1.2709367080219922,-0.728608095769855,0.6459234252001774,0.0968210676754637,1
2025-04-09 00:00:00+00:00,-0.6084684988805651,7.996419819425452,6.9881794696370605,3.22905158320369,0.01949250650737308,3.562781764506531,-0.0371117540247261,0
2025-04-10 00:00:00+00:00,-0.7989985310836899,-3.3224987962034116,3.0879575279585363,-0.5049492737402875,0.2715244100742192,0.8612220629307992,0.0282686723919827,1
2025-04-11 00:00:00+00:00,-0.6298537676153451,2.4445223052727183,2.2499569814188636,-1.449834413049159,0.5822116657849995,0.3995478710298161,0.0122820236226062,1
2025-04-14 00:00:00+00:00,-0.6383766501074198,0.4547220157025814,1.7771506335890916,-1.9022479750226526,0.5983904653070518,-0.31672028473524316,-0.0173509726091414,0
2025-04-15 00:00:00+00:00,-0.6663084925367794,-1.6814507236278542,1.5872687224198838,-2.0344411238719884,0.602159810933641,0.12980229895832474,-0.0190645571059472,0
2025-04-16 00:00:00+00:00,-0.6735063568311842,-1.1474216524956435,1.6106203305994653,-1.9387447113159548,0.6402101480818846,0.6278580400801851,-0.0141525699357559,0
2025-04-17 00:00:00+00:00,-0.7160654701862871,-1.7011363888648576,2.3600296542594696,-1.3187909428862366,0.47153350932608795,0.523086562203978,-0.0230881961084284,0
2025-04-21 00:00:00+00:00,-0.7282612493872366,-1.624491327350397,1.0347020963109794,-2.3917003982826524,0.7866387798606554,0.009202569483168156,0.0257331481593301,1
2025-04-22 00:00:00+00:00,-0.672136941312495,2.0310789302175487,1.6311283465720912,-1.862426449639908,0.817463543553233,0.056427470307852286,0.0256156583133153,1
2025-04-23 00:00:00+00:00,-0.6908015538865544,1.3720816336356614,1.7227213091099494,-1.7758720123848744,0.8139785227492062,-0.5865255994070525,0.0252977850310573,1
2025-04-24 00:00:00+00:00,-0.674877202774361,2.0068624580215193,2.137161076084968,-1.207346589489202,0.7985563788464503,-0.5963984199649963,0.0168257056961158,1
2025-04-25 00:00:00+00:00,-0.7001070393538197,0.1261479611920454,2.690841046881139,-0.8185356746448996,0.5269336973645619,-1.3541662355420039,-0.0083353671572439,0
2025-04-28 00:00:00+00:00,-0.6480506961067446,-0.9342291956276662,1.6231167466372358,-1.885344715442814,0.31776373123343765,0.06070337304694493,-0.0028019370215217,0
2025-04-29 00:00:00+00:00,-0.5997641280588912,-0.1989115207455081,1.094508436369991,-2.1214132396260426,0.5681318180220151,-0.12554783292293184,-0.0084914172278378,0
2025-04-30 00:00:00+00:00,-0.6108179085789742,-0.39943268515419056,1.486955412033181,-1.6517870050112886,0.5211465927100541,0.06281495542148255,0.0157430343469562,1
2025-05-01 00:00:00+00:00,-0.5594170069295401,1.0844034999282024,1.2567693601819308,-1.9655699297327733,0.5662942293176481,-0.48647707628102077,0.0169250202861075,1
2025-05-02 00:00:00+00:00,-0.5148799892696191,1.126081932870639,0.9564444235754472,-1.937382943225417,0.4707144420033264,-0.34060420375126793,0.001097294777949,1
2025-05-05 00:00:00+00:00,-0.4833706961538321,0.36644415944007447,0.3752665166630183,-2.0032520637064133,0.5257425582548645,0.08232883463514619,-0.005968047629435,0
2025-05-06 00:00:00+00:00,-0.47475361259800025,-0.13318700707524944,0.4706136746174399,-1.5596458128394477,0.7701534305662905,0.5514161130237505,-0.0725968527456816,0
2025-05-07 00:00:00+00:00,-0.9210035422939084,-8.168955843682696,7.846167655887977,5.3103785989481045,0.24352729647005222,0.5726989633313158,0.0191570256917126,1
2025-05-08 00:00:00+00:00,-0.5354610113769586,0.8025556845024098,1.2995752570607308,-0.026628328316852603,0.32012306705867094,-1.7372622855634097,-0.0099170392358802,0
2025-05-09 00:00:00+00:00,-0.5590466655461616,-0.8995521640340018,0.3243029490690871,-1.196196160108466,0.1388308567144892,-0.40249754907588003,0.0373814565323817,1
2025-05-12 00:00:00+00:00,-0.5080802271612149,2.2989751341323457,0.9404067928580186,-0.5003060448329129,0.2386900509741191,-1.329633760274928,0.0067524444363227,1
2025-05-13 00:00:00+00:00,-0.5553616383207106,0.4188178710289458,1.262658827991821,-0.46877310268221106,0.03640128370715209,-0.22759407567466242,0.0366076254449891,1
2025-05-14 00:00:00+00:00,-0.4925225411383545,2.953963582820551,2.6703335725867463,0.443591058850416,-0.0954994831397387,0.7196772875837291,-0.008526381782567,0
2025-05-15 00:00:00+00:00,-0.5123021578038149,-0.9211566550767402,0.8343731379551533,-1.332906674238261,-0.053655591875640785,-0.25906252207003394,0.013600845692592,1
2025-05-16 00:00:00+00:00,-0.4538492969029437,0.40209839781271073,1.1300038865359936,-0.8580297605363565,-0.08567065703077716,-0.9989197424374665,0.0021059591342151,1
2025-05-19 00:00:00+00:00,-0.4003608372641974,0.5773339705784724,0.36685628521735475,-1.6801488309216908,-0.1438924918057567,-0.24845967298721086,-0.0153716256930211,0
2025-05-20 00:00:00+00:00,-0.4677015958001534,-1.5747453290671647,1.6474599425944199,-0.5251847240329677,-0.45624085099487277,-0.10217265110281845,0.0279301276849082,1
2025-05-21 00:00:00+00:00,-0.4179885880165616,2.1386217308630933,3.857364566961381,1.4164146226626093,-0.7722744815499988,0.6405648810927232,0.0137044123961416,1
2025-05-22 00:00:00+00:00,-0.4099568621697224,0.3063475668431122,2.6364062042655707,0.39435978826195445,-0.783546720980688,-1.2383886357840792,-0.0140458253457882,0
2025-05-23 00:00:00+00:00,-0.37200993616741007,-0.8872624303353288,0.4358728165123835,-2.036617560207555,-0.5234610764498064,-0.6994157051113958,0.0262954330296203,1
2025-05-27 00:00:00+00:00,-0.29199266354987596,2.054962909453868,1.14161967990735,-1.533800617180423,-0.537921318467194,-0.6527035732254156,-0.003123184027899,0
2025-05-28 00:00:00+00:00,-0.3172094235439165,-0.33656027669612865,0.9581384309879355,-1.8523209293993472,-0.6366607659961473,-0.502069718699391,-0.0029007028602229,0
2025-05-29 00:00:00+00:00,-0.30055055417168935,-0.5745798279381313,0.9379232006128913,-1.9475629213276093,-0.6780535287341418,-0.36033544791612226,-0.0006982902186148,0
2025-05-30 00:00:00+00:00,-0.3094403798817611,-0.10562293975448896,1.803105731121835,-0.9127415107803378,-0.7855900370119109,-0.4963520311256996,-0.0157797366998865,0
2025-06-02 00:00:00+00:00,-0.3055611930267116,-0.6638822072462802,0.825696930693529,-2.080314818147664,-0.7290170928414715,-0.4133297868894318,-0.0168609953590613,0
2025-06-03 00:00:00+00:00,-0.3511156550463421,-1.2828795327001876,1.2531245447009935,-1.8513476567244411,-0.866636612588539,-0.7259829575115201,0.011252957131504,1
2025-06-04 00:00:00+00:00,-0.28664280200597686,1.0265212510572017,0.696837947923184,-2.6727484086067763,-0.8257233544749519,-0.7080055333686839,0.0009520712404194,1
2025-06-05 00:00:00+00:00,-0.23342789367461456,-0.3506530348342081,0.2235187429450825,-1.0643729939365345,-1.4150975395618204,-0.6847622900924633,0.0325187901442369,1
2025-06-06 00:00:00+00:00,-0.15444948661645624,2.43451023590424,0.5211414498641417,-0.7677062689750919,-1.1703931530857123,-0.3964310959359644,0.0151035766958367,1
2025-06-09 00:00:00+00:00,-0.12768346063564137,1.2726553315623628,-0.25410601319854087,-1.45189753450572,-1.120512613866153,-0.5757239905771792,0.0142541246915246,1
2025-06-10 00:00:00+00:00,-0.12815316013826789,1.055641559048231,1.5700450905023549,0.7224802151489758,-1.5219304812896401,-0.294583009641554,-0.0069988829136162,0
2025-06-11 00:00:00+00:00,-0.09965959404809369,-0.8343069860792752,0.0046974728788278415,-1.1480269795498583,-1.4113159861380853,-0.36105986784649374,-0.0093036543420662,0
2025-06-12 00:00:00+00:00,-0.03983101252381751,-0.4892618773184302,-0.910433730436572,-1.6937919377309676,-1.351603356292349,-0.15420811988389552,-0.0058622599704578,0
2025-06-13 00:00:00+00:00,-0.04009862436105346,0.07658469511371185,0.10191684415744137,-0.7521448349382278,-1.4692846928198966,0.8421320535840267,0.0120226621846912,1
2025-06-16 00:00:00+00:00,0.012087724864403633,1.1848681787509117,-0.6100949435583881,-1.0975402377029344,-1.2312615257408426,-0.28114712463196967,-0.004638826493848,0
2025-06-17 00:00:00+00:00,-0.013152120877694703,-0.13890335557657424,-0.6375257948298185,-1.1865505569744237,-1.2473329765156533,0.0019908092871760313,-0.0149473959400977,0
2025-06-18 00:00:00+00:00,-0.046765162323641196,-1.3511431617747793,-0.5211401505524077,-0.8743909610758218,-1.2066323976637898,-0.1665030318821398,-0.0385414132025143,0
2025-06-20 00:00:00+00:00,-0.22725146928465395,-4.153194676242421,2.2898465474482026,2.1851422761935018,-1.2746846821492348,-0.3384115807874573,-0.0087013112114553,0
2025-06-23 00:00:00+00:00,-0.15334919030658561,-0.9556360790011044,0.9620785540138665,0.9712533633646291,-0.9861029053479415,-0.4787655711572068,0.0095646199381069,1
2025-06-24 00:00:00+00:00,-0.10948580618455107,0.545389679399711,-0.3626410691635877,-0.4552331798774396,-0.8573894321295004,-1.093335104858428,0.0234454799938486,1
2025-06-25 00:00:00+00:00,-0.0897537332897051,1.8927402236989683,0.43367942368387125,0.01388413290137126,-1.0408699104953196,0.2445175838440773,0.0167564337563705,1
2025-06-26 00:00:00+00:00,-0.08756087220187236,1.1822159082462926,-0.02998207626837891,-0.4615806337919144,-0.9262670256123801,-0.1701851157745302,0.0287542356052907,1
2025-06-27 00:00:00+00:00,-0.14074557057002451,2.1231285950192733,2.9679662960885222,2.952372741960589,-1.1103188064055836,-1.6253854681535578,-0.012882987614747,0
2025-06-30 00:00:00+00:00,-0.16167372328621155,-1.8621401730540552,1.656362207890292,0.6312908704798422,-1.3531668454818118,-0.711821029255888,-0.0022129881722442,0
2025-07-01 00:00:00+00:00,-0.0582559352456992,-0.06772448211058252,-0.06387641479577111,-1.2033292507044602,-1.1855604480732898,-0.5929882152037029,0.0159234967608321,1
2025-07-02 00:00:00+00:00,0.009189360885429192,1.536489471782226,0.19951839737497695,-1.0133712882525143,-1.2151912720499516,0.16203642439257995,0.0049821625696726,1
2025-07-03 00:00:00+00:00,0.02622812604653363,0.5915856431665085,-0.41974730925569315,-1.6142960770798949,-1.1667312915054713,-0.050950444833294625,-0.0152620874721887,0
2025-07-07 00:00:00+00:00,-0.03325273128825684,-1.318438777674432,0.04416995666520258,-1.0316512067203436,-1.1431535553980343,-0.2932873302003614,-0.0137450813202389,0
2025-07-08 00:00:00+00:00,-0.04806059390917979,-1.5552996862010147,0.5573403477732705,-0.38982296966262125,-1.3957218112812613,-0.1930729338273161,0.0129615093512995,1
2025-07-09 00:00:00+00:00,-0.004664779346810899,0.8466395143160386,1.2907471812010023,0.13012481551839677,-1.5267043700608245,0.4167246094481841,0.0056619107194222,1
2025-07-10 00:00:00+00:00,0.028411127201739227,0.7153557096121499,0.05305738037167206,-0.832576419040066,-1.2597523269020192,0.28880755663707264,0.0144692303782332,1
2025-07-11 00:00:00+00:00,0.044694147791648584,1.4283350969745592,0.5057006789943128,-0.41713659062263164,-1.2667093067027617,0.41141158349976165,0.0076030076413928,1
2025-07-14 00:00:00+00:00,0.051695155750447905,0.544246919566343,0.12974543405354755,-0.8078199856468157,-1.3106115301746475,-0.12733388726689485,0.0024234572184027,1
2025-07-15 00:00:00+00:00,0.06856185379331001,0.04860397861940302,-0.2840294064796025,-1.107790525014094,-1.2751502022981762,-0.69332272889098,0.0053297473217162,1
2025-07-16 00:00:00+00:00,0.09689311636673055,0.3336520528747879,-0.35880226178908475,-1.1891730045989761,-1.299779463255608,-0.7614994640339209,0.003333859663267,1
2025-07-17 00:00:00+00:00,0.11295537291451484,0.4832015020394092,0.010687154115029709,-1.0153026625554373,-1.415573714171503,-0.0617482684271985,0.0080618494399582,1
2025-07-18 00:00:00+00:00,0.141194392294812,0.4643840734292181,-0.22616383809619758,-1.0900135722320958,-1.4549765688274299,-0.7294297944719244,0.0272344229902912,1
2025-07-21 00:00:00+00:00,0.2346169009555129,2.211629436329712,0.2177166781110039,0.1682549071780255,-1.6452483417825563,-0.47329270756761477,0.0065228447275904,1
2025-07-22 00:00:00+00:00,0.24333402584547875,0.29749182937381685,-0.045542448169425695,0.09444050841017222,-1.6777336014277577,-0.6069578238650929,-0.0058012696270397,0
2025-07-23 00:00:00+00:00,0.23526468460177363,-0.6491163987802196,0.03556100123606295,0.32718690140784257,-1.6455116636139013,-1.3047588532227659,0.0101983292694463,1
2025-07-24 00:00:00+00:00,0.24415710947276054,-0.5190928204086798,1.4342766753690175,1.5009011609445273,-2.1141714377914007,-1.4982743922598534,0.0052556777914847,1
2025-07-25 00:00:00+00:00,0.34166357437839406,0.5483457575087414,-0.30465303488915385,-0.6720781204480348,-2.034998924695507,-0.5736578839938861,-0.0031058527926061,0
2025-07-28 00:00:00+00:00,0.36670523996068954,-0.34455087091251,-0.69240663749147,-0.2947065507977915,-1.8396199918765357,-0.5926946386657225,0.0164606002643936,1
2025-07-29 00:00:00+00:00,0.4362333650670784,1.5075420766670287,-0.4046437022048391,0.25731210046483904,-1.7600595366101346,-0.30931783796354095,0.0039847788234341,1
2025-07-30 00:00:00+00:00,0.45805959778915784,0.4497233511037644,-0.9814147958066741,-0.37804653884671957,-1.7572867161968997,-0.33441726397082044,-0.0235588584484555,0
2025-07-31 00:00:00+00:00,0.3581389634720328,-2.1546612773975498,0.01762359571385369,0.41451676473997634,-1.758336336545001,-0.6001479150867851,-0.0144345772787899,0
2025-08-01 00:00:00+00:00,0.390206449954778,-0.7904238839109325,-0.6560659388291576,-0.7030282171455331,-1.6652721484199773,-0.19447647318730937,0.0312484323880679,1
2025-08-04 00:00:00+00:00,0.4723952035529468,2.6132586023047204,0.1889157336811249,-0.22002315262892969,-1.6456819420292779,0.3556967648346426,-0.0018970983417965,0
2025-08-05 00:00:00+00:00,0.44021481207208674,-0.10119182065279045,-0.45006092884333443,-0.5591387163015179,-1.6508587793969247,-0.04627259472008957,0.0072943649152337,1
2025-08-06 00:00:00+00:00,0.494532654280959,0.8027417350967557,-0.9644657103912534,-1.0168303649102928,-1.5130568317043724,0.10312365884381997,0.0021930021365812,1
2025-08-07 00:00:00+00:00,0.49619513080976213,0.10606140437123834,-0.8508607637433382,-0.7869769978227894,-1.5069655363632848,-0.1951901385930964,0.0249337765181059,1
2025-08-08 00:00:00+00:00,0.5521047604104284,2.073549890005326,0.2569532574954633,0.2679029391178269,-1.492190610027128,0.11914452106882294,-0.0020852087385341,0
2025-08-11 00:00:00+00:00,0.5610005793152025,-0.01155380759031933,-1.0425200637347967,-1.0283013394027538,-1.3548192851775274,-0.28622066422164144,0.0116417150047383,1
2025-08-12 00:00:00+00:00,0.6080481887552167,1.0224025512359753,-0.46230599203806877,-0.4579563576141988,-1.3797402250391972,-0.04800114851709698,-0.0067865571668537,0
2025-08-13 00:00:00+00:00,0.5798005255789211,-0.843236812678644,0.16989990459526605,-0.11563867426203918,-1.5330139365577198,0.7222232731653598,0.0048524776481284,1
2025-08-14 00:00:00+00:00,0.6534737634709009,0.5887819088871712,-0.812239512844596,-0.8196727945654884,-1.2663310200093154,0.01113354582099712,0.0047304174779105,1
2025-08-15 00:00:00+00:00,0.6492521117531217,0.2260982079012062,-0.10142178764664718,-0.04130876279816814,-1.3538436604447233,-0.0033318255094576445,-0.0019617587625101,0
2025-08-18 00:00:00+00:00,0.6980669136911047,-0.1096535795962646,-1.3254770517160628,-1.0624767966940762,-1.2682774696046888,0.04381734004509832,-0.0094839787352662,0
2025-08-19 00:00:00+00:00,0.6785106995087052,-0.741597650802841,-1.0834005623168887,-0.6168892343769669,-1.1445591090894134,0.05271928502298607,-0.0111624098482641,0
2025-08-20 00:00:00+00:00,0.6625932134601015,-0.9191364035137704,-0.7126301905627271,-0.012303188490716948,-1.004176994407094,0.23837013906583981,0.0021573874031639,1
2025-08-21 00:00:00+00:00,0.7129053250247589,0.2011221773395183,-1.4822266095670735,-0.39632839310916007,-0.658198544896528,0.1533194216513579,0.0317396502322959,1
2025-08-22 00:00:00+00:00,0.7189388240789044,2.1570614400411676,0.567619806876799,1.6669941284888232,-0.5667449936092952,0.07181408375784899,0.0116453990505125,1
2025-08-25 00:00:00+00:00,0.74683610899775,0.9337841852331037,-0.4622902092034371,0.5146385314127322,-0.47477548029688404,0.2888581101000768,-0.0064752094591504,0
2025-08-26 00:00:00+00:00,0.7564225407547397,-0.3967117691898338,-1.4496838947940116,-0.12839091919800383,-0.27770479218225785,-0.4727475561641518,0.0016414127422801,1
2025-08-27 00:00:00+00:00,0.8005839588665161,0.418163818546366,-1.2859644332086624,-0.13488390147643903,-0.29699703305048575,0.22362182682401055,0.0200501094165979,1
2025-08-28 00:00:00+00:00,0.8626726462398111,1.7628257861762584,-0.5163200677107621,1.072858190032513,-0.3554260130924618,0.28632631484072746,0.0060008316352246,1
2025-08-29 00:00:00+00:00,0.8724549511625137,0.6062733388018703,-0.6739880595590608,1.2953005730807767,-0.4150869992229492,-0.32986925899942704,-0.0073270153802278,0
2025-09-02 00:00:00+00:00,0.867012500036603,-0.16782155683003588,-0.31610576657827816,1.8215057564098773,-0.6650234423351206,-0.1067227501924582,0.0913650109295547,1
2025-09-03 00:00:00+00:00,0.9158185575499657,5.309217389006134,2.9181556695694764,4.062691467468125,0.4838797805432425,-3.9980110798157065,0.0071100119660065,1
2025-09-04 00:00:00+00:00,0.9545388552912899,0.5711079568984803,1.084090840711625,0.6186736668517387,0.0864230536974135,-0.5166111432384297,0.0116229772185827,1
2025-09-05 00:00:00+00:00,1.0597907083476406,0.9682404574545974,0.476628323454996,-0.13174568653582963,0.07139769190436612,-0.9436618900702,-0.0031944727247911,0
2025-09-08 00:00:00+00:00,1.1147482581372004,-0.44149145802789613,0.11242350264272828,-0.7809270726718861,-0.02621535697577408,-0.4016441585615314,0.0238848170049656,1
2025-09-09 00:00:00+00:00,1.23482915451688,1.9943562435170996,1.1060089898044916,-0.002456540901830299,-0.13002823354796356,0.27415902538659326,-0.0019197097001323,0
2025-09-10 00:00:00+00:00,1.2538517244424727,-0.11760956401290905,0.12012090740141965,-0.8721886939757253,-0.023445131155238375,-0.5390474576846331,0.0050173760765959,1
2025-09-11 00:00:00+00:00,1.3113762957497344,0.2745503518289032,0.5081914573365797,-0.718522766786025,-0.18706431806886364,0.07258261697754204,0.0017890075291984,1
2025-09-12 00:00:00+00:00,1.3599319910567211,0.16001390557651105,-0.012573805766020614,-1.2221346031557907,-0.114077232702288,-0.1813005922588836,0.0448919801410161,1
2025-09-15 00:00:00+00:00,1.450605815225032,3.2557950468398684,1.9538140062536418,0.7886912448137946,-0.05956813165933893,-0.7369500152305534,-0.0017885059236889,0
2025-09-16 00:00:00+00:00,1.474590125209112,-0.24773714849523387,0.23739096166016602,-1.3253658597022346,-0.0987786367460813,-0.7359263034021922,-0.0064898826251326,0
2025-09-17 00:00:00+00:00,1.5101116701712995,-0.6780379889871144,0.5982508154520582,-1.146475333363841,-0.25335343930309856,-0.32720608714657545,0.0100188324886376,1
2025-09-18 00:00:00+00:00,1.6068518110656795,0.6082921553436956,0.3512484779925237,-1.3144532567997937,-0.28210980946831127,-0.5558036109343271,0.0106733585756024,1
2025-09-19 00:00:00+00:00,1.6421381110443958,0.6798194978352367,0.9879189397000506,-0.4595792182187098,-0.3937601018624403,-1.374845878747276,-0.008597641964209,0
2025-09-22 00:00:00+00:00,1.6615543289759631,-0.8139706064346074,0.5924605350452982,-1.3307652705571547,-0.5008241109938205,-0.21947388606345566,-0.0034451364517413,0
2025-09-23 00:00:00+00:00,1.7056597110782474,-0.3701752232002585,0.18089838318290197,-1.7697810814812736,-0.40176095020571806,-0.405719818151277,-0.0179607854715715,0
2025-09-24 00:00:00+00:00,1.670355714215001,-1.7148828426050144,0.6059666372987924,-1.532128666929007,-0.4375344362050397,-0.050192750501670914,-0.0054625634815305,0
2025-09-25 00:00:00+00:00,1.695717128563812,-0.202647819557658,0.8071406055181222,-1.3801307467566182,-0.40774102041012567,0.1838407213279882,0.0030514468325339,1
2025-09-26 00:00:00+00:00,1.7302605167938045,0.16801253411964662,0.007690917798768936,-2.14871556921125,-0.29746493165181886,-0.21218605236831303,-0.0100997209856344,0
2025-09-29 00:00:00+00:00,1.6624788114297653,-1.2717438309097597,1.2921955885324103,-0.8758695520711318,-0.41671600078468796,0.3166435026793153,-0.0038926686424235,0
2025-09-30 00:00:00+00:00,1.692452691720622,-0.2364922585510219,0.43732725780341386,-1.2816454797353214,-0.12615720311068523,-0.4707602119448666,0.0074042698775964,1
2025-10-01 00:00:00+00:00,1.8199157773505865,0.8765727618088234,0.13063700186593233,0.30263251771968874,-1.1256566160056443,0.8408470653002269,0.0032258481374851,1
2025-10-02 00:00:00+00:00,1.8390334199790779,0.26182156602226747,-0.8506900551191491,-0.37181765084310375,-0.8866393946470215,0.06327871952173678,-0.0013837502899796,0
2025-10-03 00:00:00+00:00,1.835756499391393,-0.0013833590398232805,-0.7773418735146892,-0.02321061173256265,-0.7992134394046241,-0.005145372914447664,0.0207050672616204,1
2025-10-06 00:00:00+00:00,1.8955658924632333,1.8773378884270127,-0.18633765776740216,0.3269039458564282,-0.7772589665777766,0.6191861657738783,-0.0186479583099793,0
2025-10-07 00:00:00+00:00,1.8448447996174526,-1.4411552712047448,-1.039316218437563,-0.4049009398401129,-0.6968053455490569,0.32973296276184416,-0.0046387251997318,0
2025-10-08 00:00:00+00:00,1.8824513027300813,-0.23442496617104885,-1.6131974168510024,-0.7437433229188406,-0.48440410720426963,-0.23321871849964418,-0.0126317889459375,0
2025-10-09 00:00:00+00:00,1.825298997446276,-1.2114724667199421,-0.7290570992552177,0.07248207553989734,-0.5803554007855901,0.13682371802809715,-0.0205357020215031,0
2025-10-10 00:00:00+00:00,1.750008689757905,-2.070385314948799,0.051945357682432476,0.6372885058277542,-0.6425297780049217,0.47808011962381486,0.032041203662295,1
2025-10-13 00:00:00+00:00,1.8870939649065555,2.3754579207147697,-0.8685916663952857,0.305274538277919,-0.494938702137715,0.03551923574498664,0.0053246315070201,1
2025-10-14 00:00:00+00:00,1.8562285447317142,0.8247645981838986,-0.7356026804138384,0.3228638093731974,-0.5179834445834935,1.0701555310331454,0.0227337068176769,1
2025-10-15 00:00:00+00:00,1.8950263081577914,1.740293181129943,-0.5656806625888748,0.5893617562686176,-0.30716042435837215,0.31198799755118706,0.0017129762856378,1
2025-10-16 00:00:00+00:00,1.884178257276942,-0.060632799915457426,-0.5590885104829728,0.6478368819332303,-0.36565168044269086,0.3696969203030634,0.0073172818168547,1
2025-10-17 00:00:00+00:00,1.9409384045693492,0.636275358634417,-0.6245153559394657,0.9099186346809214,-0.1891549601068052,0.33541891576727073,0.0128306312731427,1
2025-10-20 00:00:00+00:00,2.0094210116525004,1.0135310153525963,-1.5407289464231133,0.04760909080613985,-0.006230568852986434,-0.19261133706002906,-0.0237380715199874,0
2025-10-21 00:00:00+00:00,1.8706043849671643,-2.3455731570934653,0.7521699198553586,2.261711769182907,-0.24856290542115744,0.2520722535074093,0.004911033040772,1
2025-10-22 00:00:00+00:00,1.9560570099581251,-0.24754914701064695,-0.27441516209539624,1.1266581079777698,-0.24041596545060645,-0.252125876979993,0.0055225965655614,1
2025-10-23 00:00:00+00:00,2.0143760768749503,0.3758584735139516,-1.561019044806954,-0.26906578110755075,-0.07024032730651947,-0.08108808828166156,0.0270270956009084,1
2025-10-24 00:00:00+00:00,2.0505091846035817,1.8865391181887874,-0.39188104595847684,0.6944622463601836,-0.0597457671393068,0.07406881499396605,0.0359725458497555,1
2025-10-27 00:00:00+00:00,2.1117342816481877,2.4955480689459737,-0.14353925069022147,0.9370583449667111,0.16275209354317036,-0.4966074348375313,-0.0066848288520066,0
2025-10-28 00:00:00+00:00,2.1104340938225596,-0.7308976632518281,-0.914393969382667,0.14474209922055395,0.20151459589420348,-0.460848494726325,0.0265450952466583,1
2025-10-29 00:00:00+00:00,2.2127125800585326,2.1325569396024764,0.4972599309737048,1.514795988026605,0.20440386193337598,-0.2072086275401442,0.0251667680081608,1
2025-10-30 00:00:00+00:00,2.205738174568851,-0.2305840807856882,2.0513617331765865,3.1999713332361823,-0.09631227886976777,-2.3496293627767355,-0.0010303593732721,0
2025-10-31 00:00:00+00:00,2.3162538339500456,-0.5317238860718658,0.5273092697571772,0.7314190905759392,-0.17044966754188198,-0.03798799265574904,0.0089974587977585,1
2025-11-03 00:00:00+00:00,2.4267147765631076,0.6225571203875897,-0.2848309599338233,-0.1242035628788776,-0.09950890798113614,-0.11462626075510685,-0.0217820614817761,0
2025-11-04 00:00:00+00:00,2.4142094262217233,-1.2531935327579733,-0.5178959517490477,-0.42094690646704663,-0.08711211105184309,0.20473536816655302,0.0243928638594479,1
2025-11-05 00:00:00+00:00,2.519573148989941,1.8860057495994067,0.5770085542567384,0.3307908981342155,-0.23198004301842856,0.5872291967624341,0.0015476318382823,1
2025-11-06 00:00:00+00:00,2.5194151290439577,-0.14022009790942644,0.19492320909672783,0.24004505991598393,-0.2843052268468666,-0.21032443519111965,-0.0207901944780045,0
2025-11-07 00:00:00+00:00,2.4913973654950654,-1.9242877476752414,0.26451289661109967,0.1446657448506286,-0.38453116227822126,0.2711571414528018,0.0404188725804401,1
2025-11-10 00:00:00+00:00,2.652786578359416,2.868731058805192,0.4425696482750859,0.07475807328853264,-0.2505994332459184,0.13751318080239766,0.0041709912470528,1
2025-11-11 00:00:00+00:00,2.6850391096509876,0.6672239095809629,-0.6352353256297955,-1.0481217992062672,-0.1612708266750247,0.32813321420099967,-0.0157906918281243,0
2025-11-12 00:00:00+00:00,2.6420646823335394,-1.6164007075929534,0.050151803399343074,-0.4834012963984003,-0.26286647980519223,0.4624088507838339,-0.0283909878743467,0
2025-11-13 00:00:00+00:00,2.6010072824999537,-2.203955151894536,-0.2035569376707729,-0.7484807637715264,0.05475227224933681,0.0293854388777218,-0.0077540320318951,0
2025-11-14 00:00:00+00:00,2.624740238895735,-0.006715799708918246,0.5027782864184801,-0.19940837521891494,0.03008272621403576,0.8438412886539854,0.0311494333615607,1
2025-11-17 00:00:00+00:00,2.6353976692897163,1.3734460378983067,1.7656089428878707,1.0812518153681576,-0.06687836417844455,-0.784005726842628,-0.0025963125088708,0
2025-11-18 00:00:00+00:00,2.6090479148097816,-0.8983153840267739,1.4277501607744754,0.7991552380223279,-0.25069815649400345,-0.24923453388975872,0.03000560605161,1
2025-11-19 00:00:00+00:00,2.669083665670908,1.8094998708315275,3.400581661013782,2.4220344774138822,-0.46984639921972826,0.47269897536791144,-0.0114749686744893,0
2025-11-20 00:00:00+00:00,2.6065281391849484,-2.8751032213984598,3.1312729374404307,1.5518853147332947,-0.8062994874573612,-0.09247254122458963,0.0352738001068224,1
2025-11-21 00:00:00+00:00,2.7877926265781263,2.0215735207536074,2.4846785244041394,1.0486277713519467,-0.5477389686165849,-1.3634993687475832,0.0631381322853967,1
2025-11-24 00:00:00+00:00,2.931487772293146,4.02344797725481,3.0874569689776066,1.0268471639301373,-0.43086107069317203,-2.002195789594108,0.0152552447522245,1
2025-11-25 00:00:00+00:00,2.97654342643924,0.18157890169841298,3.122136943450861,0.5597573277264899,-0.8652449590714153,-1.8470920136335405,-0.0107901606999952,0
2025-11-26 00:00:00+00:00,3.0805281268667186,-0.8873387614909423,1.775282279206257,-1.4019728803083147,-0.8874105800291472,-0.6526726735597508,0.0007187741102554,1
2025-11-28 00:00:00+00:00,3.207191445438395,-0.42008520525094306,1.5336269782774226,-1.7737613667884955,-0.8335608070284759,0.2419392186265974,-0.016521840443809,0
2025-12-01 00:00:00+00:00,3.219969328272946,-1.3742019999232646,1.1436104469202035,-1.7732133813812354,-0.5883268871872772,-0.6735756947897927,0.0029215878903496,1
2025-12-02 00:00:00+00:00,3.2792614231514476,0.024272572181198552,0.9269403728245478,-2.070502914766655,-0.5729760265058884,-0.9529623626968755,0.0120958489208342,1
2025-12-03 00:00:00+00:00,3.3233585193179054,0.9570248716782318,1.5762136366368698,-1.4368961715520716,-0.8059615731843087,-0.4053354468866411,-0.0062886108470501,0
2025-12-04 00:00:00+00:00,3.3150537756769833,-0.943252145192944,1.2312799132551706,-1.9450968885239637,-0.910263149396625,-0.3510485073302055,0.0114917553851296,1
2025-12-05 00:00:00+00:00,3.399904517819946,0.8538473369867584,0.689742259247176,-2.2947626567932216,-0.7069680973841516,-0.7408501712686767,-0.0228617287233612,0
2025-12-08 00:00:00+00:00,3.3236380034157396,-2.156921751158345,1.4440600870698614,-1.7172849132476593,-0.9044671583573602,0.012081272536430085,0.01071015338749,1
2025-12-09 00:00:00+00:00,3.4349361329081254,1.0703342358575734,0.982526754889483,-1.9030150219441608,-0.9182632104537453,-0.13243847367973122,0.0098713736812838,1
2025-12-10 00:00:00+00:00,3.4521693901450283,0.9570739607887963,1.1664072471233913,-1.8021826777400538,-0.9950636930088901,-0.18006984526804365,-0.0242964954388306,0
2025-12-11 00:00:00+00:00,3.3425078369576653,-2.489785570389353,2.1808504476604975,-1.134532051022222,-1.2760696311555864,0.2626270434125591,-0.0100502738645343,0
2025-12-12 00:00:00+00:00,3.374080757027899,-1.2122041771248298,1.5577107849312097,-1.5978849976205374,-1.337884002824899,-0.08789647735448244,-0.0034595184179638,0
2025-12-15 00:00:00+00:00,3.3934956045904756,-0.5914975227721762,0.9895142779850392,-2.1086378638199554,-1.2524334025917305,-0.3839207651913095,-0.0053533273372735,0
2025-12-16 00:00:00+00:00,3.3867133390989155,-0.24341295869668442,1.187882669594793,-1.6844065931262424,-1.2631705276957534,0.3214453952046847,-0.0321297701987725,0
2025-12-17 00:00:00+00:00,3.2255336503147802,-3.3900066382515446,2.036006218855553,-0.9668958142095897,-1.2212277484668383,0.06162131949334497,0.0193448572703509,1
2025-12-18 00:00:00+00:00,3.344886945496902,1.1606391728643857,0.7435233640471497,-1.7008467963704614,-0.7956745397194401,-0.8786553903553667,0.0155393066868725,1
2025-12-19 00:00:00+00:00,3.328452518820319,1.295756843393072,1.5399359785793731,-0.4564373605515266,-0.7337465567394027,-1.062320443363695,0.0085298004812008,1
2025-12-22 00:00:00+00:00,3.384521792176321,0.46921668459253424,0.24896576341652032,-1.7100287211035197,-0.7194523745706094,-0.4699300571186784,0.0147522962856574,1
2025-12-23 00:00:00+00:00,3.493085808176413,1.3425435064226925,-0.2501216940935226,-0.9414510605298576,-1.0561476245331891,0.08501313450910503,-0.0008271420003245,0
2025-12-24 00:00:00+00:00,3.5417189978407055,-0.009628772116284958,-1.4698698915249884,-1.661148377437057,-0.6926362675232589,0.17893961186152463,-0.0018464359524887,0
2025-12-26 00:00:00+00:00,3.5711490289138963,-0.10182746856820483,-1.6734986932951994,-1.4719079085427538,-0.4835403193373031,0.12323981947915626,0.0001594582008008,1
2025-12-29 00:00:00+00:00,3.5807504681088633,0.2806634166971471,-1.321228337977822,-0.8742969732056789,-0.4172886433318224,0.04593082465014955,0.0009248270553916,1
2025-12-30 00:00:00+00:00,3.600262100403337,0.21916553714800674,-1.3233515654485968,-0.7131005711751193,-0.4018001746399628,0.28777978310693836,-0.0027083397430479,0
2025-12-31 00:00:00+00:00,3.6024890410421873,-0.08583388402733196,-1.6688754094643237,-0.8474726933150444,-0.26005736162293597,0.06922178840820989,0.0068689494956142,1
2026-01-02 00:00:00+00:00,3.5738275784821196,-0.05659316598459823,0.2895718713279401,1.2240752135360027,-0.4874777406773633,0.6007995393401397,0.0044106653376525,1
2026-01-05 00:00:00+00:00,3.6119334358650734,0.06845602067674203,-1.076463231697727,0.218079937732298,-0.2088673558927215,-0.6301989535671683,-0.0069501594715809,0
2026-01-06 00:00:00+00:00,3.5807609144648094,-0.8176114129069397,-0.3249700518085888,0.7625445313066713,-0.42161866694381506,0.3128732426233546,0.0243049827533123,1
2026-01-07 00:00:00+00:00,3.6619166320948953,1.9351726149905204,0.4639777516769854,1.484594492738545,-0.4445507878891314,0.8090210113091829,0.0107459234315587,1
2026-01-08 00:00:00+00:00,3.681810799201551,0.08498252539417554,-0.3099574183202747,0.7939534082133443,-0.4051237842217994,-0.24188121105398153,0.0096177942950126,1
2026-01-09 00:00:00+00:00,3.7575175055033267,0.6533894440378297,-1.0850689271710012,0.09320722632739538,-0.2377936399026202,-0.23373581898476822,0.0100130331438408,1
2026-01-12 00:00:00+00:00,3.813490416142727,0.9991238734738758,-0.3266581856276695,1.1597721785004467,-0.43428899136772114,0.40204433981216886,0.0123847034120387,1
2026-01-13 00:00:00+00:00,3.886989737316843,0.672400936812101,-0.7442722792056526,0.9121404914545258,-0.3954883052346362,-0.3917105680084218,-0.0003869118296699,0
2026-01-14 00:00:00+00:00,3.9314594932858946,-0.04203361922856055,-1.10367191275669,0.45746105387463054,-0.4011258220719593,-0.07435791761304797,-0.0091114152323747,0
2026-01-15 00:00:00+00:00,3.934300226409613,-1.134418542186994,-1.0281405897317437,0.4854907714608128,-0.4233213311786931,-0.17665976685404,-0.0083539019830382,0
2026-01-16 00:00:00+00:00,3.9623296602185074,-1.126819117821879,-0.9246266259038265,1.4642249085369528,-0.7200569758145436,-0.7403070132641097,-0.0242424034780505,0
2026-01-20 00:00:00+00:00,3.9147466746602855,-1.4876828449973645,-0.8927814662494333,1.028077615974003,-0.5543200712649902,0.28267405675556107,0.0198136574052107,1
2026-01-21 00:00:00+00:00,3.971092187932526,1.5993410576828326,0.27936960295635793,2.0951678025573632,-0.5442865738779677,0.9734147801962936,0.0065776641931485,1
2026-01-22 00:00:00+00:00,3.9770371808314073,-0.10496700968468309,-1.258151449726821,0.6454937746969095,-0.41236658318945196,-0.3463798963361449,-0.0078961425171768,0
2026-01-23 00:00:00+00:00,3.9542953702818315,-1.0224277308378293,-1.3275554240134373,0.6094216094009258,-0.427213243578361,-0.2247515613515973,0.0162535254393991,1
2026-01-26 00:00:00+00:00,4.018352048145273,1.351185286120615,-0.691733376667544,0.8432641369580056,-0.5088770029246777,0.6218899913131978,0.0038707809267282,1
2026-01-27 00:00:00+00:00,4.046599961049089,0.1332915261465007,-1.6127137441906634,-0.06781240901453514,-0.47325548113053567,-0.16564635289361487,0.0043640632965002,1
2026-01-28 00:00:00+00:00,4.068204936608643,0.1729564891985319,-1.2262594133636466,0.36418114321543205,-0.5246515888404804,-0.22044058362778687,0.0066665684496869,1
2026-01-29 00:00:00+00:00,4.05369533158958,-0.19452294583184504,0.7643443071449415,2.0194306136306155,-0.9352430064707626,0.6984481799949136,-0.0007391569238641,0
2026-01-30 00:00:00+00:00,4.1108260852903395,-0.3752144365978351,-0.7440919808687599,0.5190821820276319,-0.7934268089799592,-0.08514037296820906,0.0168342707554145,1
2026-02-02 00:00:00+00:00,4.19039499758014,1.543340325875455,-0.31135714469653014,0.8289121450130156,-0.7472179889930406,0.4894070778630909,-0.0115801946282129,0
2026-02-03 00:00:00+00:00,4.129623131439346,-1.6699851091107916,-0.0008171997643584693,1.039988495321458,-0.8409339920651455,0.062211745859653514,-0.019634265844849,0
2026-02-04 00:00:00+00:00,4.036988170692117,-2.654623413629682,1.574548436914753,2.827761362836528,-0.9277942372015732,-0.8996740144223324,-0.0053747778783285,0
2026-02-05 00:00:00+00:00,4.039470807313913,0.8453755486416946,4.1221203104925355,4.744511799144632,-1.5368617336620716,2.486695227783938,-0.02532838143629,0
2026-02-06 00:00:00+00:00,3.9850504234859616,-2.2481917591693694,0.752169395471658,1.0197809432918654,-1.2255040668236599,-0.33607359319902336,0.004522170418437,1
2026-02-09 00:00:00+00:00,4.013836079181366,0.3963905768465607,0.5818594272375373,0.35296040385204636,-1.3437690787305572,0.41967788610581475,-0.0176986806335288,0
2026-02-10 00:00:00+00:00,3.920124855845082,-1.4241892321110496,-0.08162419293588585,-0.23087074780071723,-1.25382372188447,-0.2063471951332057,-0.0239186821589582,0
2026-02-11 00:00:00+00:00,3.796727149761534,-2.5199255316764684,0.8138111911354746,0.41690686474461935,-1.4348399848728621,0.04456390138543393,-0.0063028864153832,0
2026-02-12 00:00:00+00:00,3.758291376468924,-0.9236620523197087,0.6565770984769114,0.25441490279991724,-1.426506915754925,-0.38184673235609196,-0.0106149532987545,0
2026-02-13 00:00:00+00:00,3.7089127386437952,-0.9112240585070832,-0.22765642613050752,-0.7087100198610569,-1.358086394944736,-0.6249239585627109,-0.0121026786115878,0
2026-02-17 00:00:00+00:00,3.6286802309925235,-0.6489517980407551,0.39207667505188093,-0.2637880698284075,-1.4477105491113071,0.3283139254694599,0.0043375346845444,1
2026-02-18 00:00:00+00:00,3.632732163435565,0.39158402310779433,-0.5623266759442437,-1.0475848337105373,-1.3874316440943675,-0.36494141140515923,-0.0015824155632001,0
2026-02-19 00:00:00+00:00,3.5973409562881713,0.00657510085791649,-0.5622180905693099,-0.91385879584297,-1.5353078084997613,0.08572456112911776,0.0400529195769339,1
2026-02-20 00:00:00+00:00,3.603833061606827,3.153592165668321,1.8805609549458104,0.968478696850383,-1.374073189593885,0.35765461112065705,-0.0110801983110344,0
2026-02-23 00:00:00+00:00,3.534739842606331,-1.586957830182489,0.535995596621084,-0.688574738293666,-1.4512107132977174,0.04737085808808212,-0.0018940250460213,0
2026-02-24 00:00:00+00:00,3.586765134954627,-0.10638026019711648,-0.09520127900193909,-1.18744928133019,-1.3919716986211108,0.12776867247808185,0.0064329555721025,1
2026-02-25 00:00:00+00:00,3.607238396953609,0.4613954868695627,-0.28420443303142046,-1.2551296735016577,-1.3288547250408405,-0.5409310650085256,-0.0176414940205253,0
2026-02-26 00:00:00+00:00,3.5153197863720016,-1.7953658347885082,0.8625413382883738,-0.4216653742519472,-1.605398218478129,0.37959302601870865,0.0142495367891513,1
2026-02-27 00:00:00+00:00,3.5662033083912914,1.481565217226872,0.9585443776399375,-0.17186539096916917,-1.406106418215626,0.1431175130245445,-0.0168078873433812,0
2026-03-02 00:00:00+00:00,3.4968080437336866,-0.726899402471893,0.3688324369895458,-0.9568805599185617,-1.4096552650001153,0.4351078343627703,-0.0095915757068841,0
2026-03-03 00:00:00+00:00,3.475698022449553,-0.10867330158996553,0.38958012117360613,-0.8263671931430295,-1.5243858425777617,0.46322572120979655,-0.0014821671387289,0
2026-03-04 00:00:00+00:00,3.4535670390221678,-0.07152134290048694,-0.19020129079910128,-1.311423215942538,-1.438228559137739,-0.3227951444604124,-0.0074225417366763,0
2026-03-05 00:00:00+00:00,3.406664588757151,-0.7361568580264574,-0.14323899673213547,-0.8008848335092554,-1.3106430230105615,-0.5084399969765031,-0.0078437645357398,0
2026-03-06 00:00:00+00:00,3.3907514047857505,-0.21290293248080505,-0.5229279001201129,-0.8881513462901897,-0.991896563579177,0.3130470778173583,0.0269852547607083,1
2026-03-09 00:00:00+00:00,3.4284019762763607,2.684181027235525,1.0625819189579524,0.47598226513608527,-0.9480604488489762,1.7261970646030391,0.0022197168869222,1
2026-03-10 00:00:00+00:00,3.4167385430948287,0.2368154490276895,-0.8749310239030893,-0.9598729543873452,-0.6203306268863061,-0.1743498428159543,0.0054065203452862,1
2026-03-11 00:00:00+00:00,3.43578610430882,0.49349508470469555,-0.6415867524324834,-0.6071828906490682,-0.6282098590514827,0.11483874461945312,-0.0166830144170144,0
2026-03-12 00:00:00+00:00,3.3886744702087617,-1.4385142051314939,-0.45708668962109905,-0.2631365901923495,-0.6984738551061197,0.5134195063051809,-0.0041837729564297,0
2026-03-13 00:00:00+00:00,3.4040626397893274,-0.8450525156042122,-0.6189287686884819,-0.20273391617987285,-0.5591393290132518,0.12582872375124712,0.0108508790308066,1
2026-03-16 00:00:00+00:00,3.4505449733318314,0.7705606862449973,-1.1991024789090705,-0.47582486092431114,-0.2998689730575931,-0.3592973686368106,0.0175415997400918,1
2026-03-17 00:00:00+00:00,3.4859232443274824,1.522383706893407,-0.8060436225487804,-0.14617974634241124,-0.2571083065181583,0.35388074367081623,-0.0103885772595067,0
2026-03-18 00:00:00+00:00,3.4409192849697714,-0.8091805339761966,-1.125297770678025,-0.4483837404529977,-0.21572539737695012,0.32402772223593235,-0.0018200011968599,0
2026-03-19 00:00:00+00:00,3.459375424074027,0.1647787660908903,-0.8623676650020417,-0.056800830799978295,-0.1705974073626667,0.3381816022847535,-0.0199589820191393,0
2026-03-20 00:00:00+00:00,3.3870340700831405,-1.9114859997321116,-0.3066969064757015,1.4312595181604564,-0.4395677176759931,-0.5243602983466191,0.0035216611479029,1
2026-03-23 00:00:00+00:00,3.44195321827299,0.12058499936527477,-1.0857414569947608,0.38567116412867963,-0.39159856379953273,-0.30605819509009236,-0.0384691903371554,0
2026-03-24 00:00:00+00:00,3.242897934739721,-3.5044357227544576,-0.043716228051290676,0.8876728592890948,-0.3268856349552104,0.21288102931310632,0.001687018087765,1
2026-03-25 00:00:00+00:00,3.2753490747010408,-0.3187423512585257,-0.52465758107439,0.3661830426605287,-0.23058183787712005,-0.14079135519985045,-0.0344068115223894,0
2026-03-26 00:00:00+00:00,3.091172725317335,-3.116306563274881,0.193217033107685,0.9748586126826196,-0.18323495905674606,0.18106348545709708,-0.0234230667722353,0
2026-03-27 00:00:00+00:00,3.0351665438986872,-1.8829368322802582,-0.5687827830266513,0.4385607034704854,0.01675487654802488,-0.3080339631578008,-0.0030619285597492,0
2026-03-30 00:00:00+00:00,2.9784899485043224,-0.6639995998990625,-0.5829574474950139,0.46356270297907826,0.007022487526975378,-0.699093803314823,0.051407672782983,1
2026-03-31 00:00:00+00:00,3.0004606294578644,3.746905986349195,1.5319046959049734,1.6990324549607758,0.378802994667377,0.15979013395611694,0.0341842603822115,1
2026-04-01 00:00:00+00:00,3.0036235987100772,2.4434284970673983,1.1715573364697185,0.9031791116071352,0.5312534688403668,0.21207336532287777,-0.0054474462060452,0
2026-04-02 00:00:00+00:00,3.010904019225002,0.11717519291019528,0.1851372320388475,-0.33487989165130166,0.5707740585485688,1.271031451212192,0.0142678003709681,1
2026-04-06 00:00:00+00:00,3.107727704831996,1.2618868658220583,-0.4461567764584553,-0.877848600922982,0.7419031975245646,0.45871897609807655,0.0182339454677447,1
2026-04-07 00:00:00+00:00,3.169884128037521,1.2230792028350335,0.10451267895956186,-0.14004418210190597,0.6547768193612845,0.3946471969419752,0.03882673963431,1
2026-04-08 00:00:00+00:00,3.2517832984814756,1.7351099730694726,0.47257249280169294,0.24508870507029012,0.8763153439565026,-1.1741857427362852,0.0036870647682989,1
2026-04-09 00:00:00+00:00,3.297800504934063,0.3335473148950675,0.2654253868421693,-0.3431857852755931,0.80066358461986,0.6086354845222229,-0.0039247175229265,0
2026-04-10 00:00:00+00:00,3.3571008535230544,-0.5705906418658772,-0.48811585258052054,-0.9605541317324422,0.8456714732278668,0.029509980619704876,0.0128293892213147,1
2026-04-13 00:00:00+00:00,3.4563880386166503,1.1179970878906065,-0.2643476764396988,-0.7679856011789946,0.8924085411957959,0.4054487419261598,0.0361022165948627,1
2026-04-14 00:00:00+00:00,3.560145816975371,2.7154472952801596,0.7730457473033526,0.14806095421179896,0.9639560176581581,0.3775555842959443,0.0126460668834225,1
2026-04-15 00:00:00+00:00,3.621775812334377,1.041536048492827,0.05555538243994491,-0.5092573191495664,1.004661866744365,0.08794745470880054,-0.0032629979618038,0
2026-04-16 00:00:00+00:00,3.6677999320163615,-0.5195446860569102,-0.4109863824099755,-1.0097850422473293,0.9685915394032774,-0.1365623237600635,0.0168443120900971,1
2026-04-17 00:00:00+00:00,3.7821558701409708,1.2649403935448975,0.010412527232616504,-0.5158884121000219,1.0158826579930633,-0.13564838666148016,-0.0124677744386315,0
2026-04-20 00:00:00+00:00,3.8059718307417505,-1.100901034591396,-0.702054492480337,-1.0736052155139897,1.0812883614359978,-0.028603185374891503,-0.0152036488033144,0
2026-04-21 00:00:00+00:00,3.7918607052852247,-1.5795904070956956,-0.05045425696094175,-0.464629320222891,1.0755336545131535,0.1856062814527255,0.0211562621100445,1
2026-04-22 00:00:00+00:00,3.9349346140415506,1.4030769120002953,-0.6743446203444206,-0.5332984692736842,1.0366350627854972,-0.2733565257245593,-0.0012672556948888,0
2026-04-23 00:00:00+00:00,3.934817645379352,-0.36876534889785545,-0.7290171755982614,-0.6008619366256733,1.0336994924964842,0.04908863144451163,0.0162588813473707,1
2026-04-24 00:00:00+00:00,4.02762315181022,1.2840661727994176,0.047258388890980184,0.7251457649889281,0.7475465290666806,0.5745584604009137,0.0172474115051191,1
2026-04-27 00:00:00+00:00,4.119751194674456,1.1784829381859259,0.01115398052386785,1.084359685428083,0.5713049319686789,0.4056346553440533,-0.001598436271037,0
2026-04-28 00:00:00+00:00,4.178760205167708,-0.12880147638998007,-0.7753050007144778,0.5459865277061539,0.7203463327598093,-0.14322713625032651,0.0004574521886075,1
2026-04-29 00:00:00+00:00,4.235840380198108,-0.07534324841777916,0.08651123496736986,1.8692630779477588,0.362037395313286,0.3189392458191953,0.0996170240652063,1
2026-04-30 00:00:00+00:00,4.41133751579279,5.860965873727671,3.7544001168619334,4.647247013370782,1.2975332854075723,-1.8361750687147447,0.0023129604425597,1
2026-05-01 00:00:00+00:00,4.540397265617053,0.28658928422995733,0.10730692666832274,0.09865652510975446,1.3173657269647756,-0.09502252798771763,-0.0063263880059025,0
2026-05-04 00:00:00+00:00,4.646340144261239,-0.7480820361964449,-0.049972147518198284,-0.32488942381141683,1.2754746460817479,-0.16145692286386212,0.0135159888514226,1
2026-05-05 00:00:00+00:00,4.8160518936911485,0.7977444621885076,0.16191099439773168,-0.2566026011472905,1.2442347014626929,0.09397835561418996,0.0247406622205017,1
2026-05-06 00:00:00+00:00,4.991650111051399,1.5560675192587885,0.16859887514103386,0.1666715239623779,1.2873789794133432,-0.68245142250154,-0.0001256598580964,0
2026-05-07 00:00:00+00:00,5.056540593379248,-0.3250823821432022,-0.16594336475957275,-0.4164483239973017,1.2257902960665976,-0.19542252570602975,0.0070604703200227,1
2026-05-08 00:00:00+00:00,5.182661058379188,0.6301210614558617,-0.4399984676443357,-0.7128312144937472,1.2422017274104749,-0.05278544528278454,-0.0303392445922745,0
2026-05-11 00:00:00+00:00,5.111398034128875,-2.452065986223839,0.27751452550238814,-0.24717337395668,1.3204889149542487,0.02003069321281177,-0.0033193073752801,0
2026-05-12 00:00:00+00:00,5.198171323001428,-0.33626708373247244,-0.1878643048458693,-0.619972490116974,1.3435264226849375,-0.33083028107279155,0.0394217376785439,1
2026-05-13 00:00:00+00:00,5.312794822726494,3.3448741865898155,1.973787436717993,0.8637995424342189,1.1666823051428115,1.7271199674506559,-0.0038497776707889,0
2026-05-14 00:00:00+00:00,5.331160682858515,-0.04191250902829355,-0.06744499498586085,-0.908965536423171,1.4030639442016548,0.3273556334682714,-0.0106964016750799,0
2026-05-15 00:00:00+00:00,5.345647833629374,-0.7070724761937895,-0.22400137974379625,-1.0598522613106676,1.470773006652667,0.18162440384399478,0.0004032653410523,1
2026-05-18 00:00:00+00:00,5.379123925019118,-0.1846653355875343,1.0590447857872927,0.09168856439761296,1.1981298192220384,0.8093129001363918,-0.0233788844607415,0
2026-05-19 00:00:00+00:00,5.317458966733963,-2.499936961462502,0.9736066485195618,0.29641424211005346,1.2694471842911703,-0.5034355891669655,0.0032245105653605,1
2026-05-20 00:00:00+00:00,5.375438698691711,0.009209624167585695,0.937995426058485,-0.0678743167408369,1.1897561147987288,0.10684017349327238,-0.0032141465159613,0
2026-05-21 00:00:00+00:00,5.374348896808357,-0.22313103615815644,0.5255504458262282,-0.6846874929908336,1.1707913401579335,0.4053500601746603,-0.0120982161846231,0
2026-05-22 00:00:00+00:00,5.344303300073277,-1.2134544472420676,-0.019188649912799605,-1.2242461795158164,1.2574841109002617,0.013562947710752409,0.0154319958984727,1
2026-05-26 00:00:00+00:00,5.394663192605003,1.1050890054310907,0.3418100326472397,-0.6376055993889016,1.3410314345889316,-0.32262864298962574,-0.0001286197568898,0
2026-05-27 00:00:00+00:00,5.394755376013607,0.011610218332586844,0.2686605567486031,-0.8555006117784809,1.2929904762769402,0.22778566419605853,0.0033434443979794,1
2026-05-28 00:00:00+00:00,5.425830587522529,0.22336766827479998,0.12064653108625538,-0.8111488142586449,1.3955222053069916,-0.09192679399614702,-0.0250942596239289,0
2026-05-29 00:00:00+00:00,5.414885558899339,-2.1825042903504017,-0.35761904729424554,1.1788438205274878,0.39439907865113893,-1.0147378210120692,-0.0104380050613617,0
2026-06-01 00:00:00+00:00,5.433729031901815,-0.7559310733342307,-0.9856557721810119,0.10986830467720386,0.4045715940652257,-0.3456581198819599,-0.0385790306785998,0
2026-06-02 00:00:00+00:00,5.206037419599575,-3.2082666631992485,1.2385094999202693,1.988651350733682,0.29614975030329144,0.2882809644730071,-0.007903866515702,0
2026-06-03 00:00:00+00:00,5.164969569463525,-1.113062935139052,0.6020644439555607,1.5420361209497484,0.31213172428534003,-1.3398229277408034,0.0367698783007872,1
2026-06-04 00:00:00+00:00,5.207465974083224,2.941019541352834,1.636822519841926,1.627916786594443,0.20141316556375788,0.5939267768532973,-0.0098337452195248,0
2026-06-05 00:00:00+00:00,5.116868208259378,-0.6023893697290428,0.1654231081408572,0.1766393048282424,0.26612136107934886,-0.13113707746307515,-0.0135755207112034,0
2026-06-08 00:00:00+00:00,5.073075850304906,-1.079431507004552,-0.45677496494266817,-0.644483027354689,0.23037404931247674,-0.223284858299713,0.0026148804420886,1
2026-06-09 00:00:00+00:00,5.0583802602792876,-0.4153054055621298,0.8887337490313947,0.508162947347275,-0.16054555149299882,0.8009204525237821,-0.0216329124020029,0
2026-06-10 00:00:00+00:00,4.967165123301083,-2.199452825762868,0.7052444430228212,0.3294960782599666,-0.10785826496451388,0.6253516942756778,0.0039002865250996,1
2026-06-11 00:00:00+00:00,4.987229927334586,0.11004513476059496,0.6078590177795741,0.7292747697521185,-0.415962528769987,0.5232259717303124,0.0053386357737132,1
2026-06-12 00:00:00+00:00,4.960601860318666,-0.1588833385594713,0.18363207990805816,0.008330009963726315,-0.4511254801926427,0.5340298188902576,0.0268850467767081,1
2026-06-15 00:00:00+00:00,5.007704514630463,1.5800191578060065,-0.21782964895463217,-0.3798180188829659,-0.10694694976148404,-0.5410746349145836,0.0105590735942517,1
2026-06-16 00:00:00+00:00,5.010992413898424,0.8011099386909607,-0.005685820332204739,-0.3846076399836501,-0.14338199096692514,0.380696019783108,-0.0253449201743553,0
2026-06-17 00:00:00+00:00,4.937463272266416,-2.1507259583780187,-0.07041876226554342,-0.3994523615309313,-0.13700495970630908,0.6513089859000659,0.0116550486126159,1
2026-06-18 00:00:00+00:00,4.977671732041627,0.576109522548808,0.8372107841411418,0.8509197043541397,-0.06297900094361651,-0.33004575370247075,-0.0498600825051761,0
2026-06-22 00:00:00+00:00,4.741100771619154,-4.229471353416813,2.021824370404789,1.204107823952281,-0.08488244634784498,0.7473062222736319,-0.0101521044020961,0
2026-06-23 00:00:00+00:00,4.775561288943579,-0.2765575509252201,0.6683070491720463,-0.3967675188356564,0.07703115440431353,0.5662591950801117,-0.0024268232341632,0
2026-06-24 00:00:00+00:00,4.667767792405358,-0.8220563786230255,1.2914030139935784,0.34355287158707487,-0.15920531837316157,-0.27090193664368317,-0.0045759131476235,0
2026-06-25 00:00:00+00:00,4.614925331076334,0.15218861011698911,1.1192663594254237,0.027718101448167595,-0.183197544900582,0.29120529201733697,-0.0183875271704652,0
2026-06-26 00:00:00+00:00,4.371085946370016,-2.3197605065456384,3.7442977906986097,3.030396498012585,-0.7002180081098377,-1.784581784100143,0.0481934216843669,1
2026-06-29 00:00:00+00:00,4.565364669123906,3.655593177585485,2.2265787535035177,-0.439531355822869,-0.3900388689449124,0.7205323559979387,0.0105188782267928,1
2026-06-30 00:00:00+00:00,4.539070283605264,0.7798408198605974,1.200476129069421,-1.2508751384539027,-0.26468707946883485,-0.20295471978427015,0.0107451559738007,1
2026-07-01 00:00:00+00:00,4.614097110534092,0.8077226922053552,0.5424594467158494,-1.5668236252029422,-0.30269560876934143,-0.18831011149737625,-0.0035989807140492,0
2026-07-02 00:00:00+00:00,4.619748881652742,-0.3467366477334448,0.9559944380114526,-1.1026260559666063,-0.3008279011949164,0.6109711989419664,0.0181989600909175,1
2026-07-06 00:00:00+00:00,4.732812819338962,1.3377009771231299,0.8994204563645932,-0.7895833937492193,-0.32254106508022584,0.4685586283398478,0.0015554421697043,1
2026-07-07 00:00:00+00:00,4.7505714067900024,-0.19267830908402986,0.22883837979677274,-1.2526393537934566,-0.21327231422574017,-0.05458804032482782,-0.0139225277730915,0
2026-07-08 00:00:00+00:00,4.7314588352163245,-1.213489362445032,0.4038918673288066,-1.178414782447755,-0.2646236256256043,0.5928796557577779,-0.0083720122316526,0
2026-07-09 00:00:00+00:00,4.7389176298914695,-0.18907485131950716,0.36777895272854927,-1.087871628512616,-0.1531084792367775,0.7193611847577646,-0.0047647521604393,0
2026-07-10 00:00:00+00:00,4.747898412246476,-0.3288920407892476,-0.4173877903505005,-1.6461413867147126,-0.08422819877802194,0.05323708165388067,-0.0130745926589322,0
2026-07-13 00:00:00+00:00,4.692967142705504,-1.1480186147056042,-0.38798564786768813,-1.5923089140576638,-0.024132860153696204,0.2963903482387754,0.0198575921422887,1
2026-07-14 00:00:00+00:00,4.739032121848925,1.83259529724515,0.32784428533648885,-0.9851648223820502,0.05066208944755488,0.8872271826463113,0.0317376522271184,1
2026-07-15 00:00:00+00:00,4.775640848227677,2.736938744094839,1.6412446505204572,0.21977874221101554,-0.0474794362429092,1.5581349020938893,-0.0443762034314255,0
2026-07-16 00:00:00+00:00,4.529707466949038,-4.835562081359675,2.74424820797808,0.8690756199306237,-0.19492005790759298,1.384883980605334,-0.0216949800451057,0
2026-07-17 00:00:00+00:00,4.5935463192197545,-1.3464007292108868,0.38929292780815083,-1.1044659820882563,0.2847673027093372,0.25026975529605505,0.0150532092916995,1
2026-07-20 00:00:00+00:00,4.630138490854996,0.8198696964644702,0.689184561602409,-0.864746327109405,0.32972046575400515,0.18674624035036702,-0.0137503806135733,0
2026-07-21 00:00:00+00:00,4.592386662924375,-1.246613927624252,-0.6000419246288015,-1.2449291742758566,0.25944027303181977,-0.36821770861791214,-0.0145758249965649,0
2026-07-22 00:00:00+00:00,4.486177129369842,-1.66594856404489,0.4414788211540379,-0.03273194118913757,0.1766554884783887,-0.5602103418402462,-0.0713262420932762,0
2026-07-23 00:00:00+00:00,4.16367323006444,-5.069669561747734,1.8281736124307524,0.8495509191131438,0.8197211874908386,-0.4356106264709308,0.0064527929025617,1
2026-07-24 00:00:00+00:00,4.2334050749874335,0.3371523159814093,0.8278339122423441,-0.8554419234590616,0.8728048005218468,-0.253155076664938,0.0213298540455308,1
2026-07-27 00:00:00+00:00,4.211622134924649,1.2342240256921455,0.44337064023173717,-0.5457697947919778,1.4049354859111258,-0.55002187650211,0.0218948859319534,1
2026-07-28 00:00:00+00:00,4.198386549193529,1.5769133067630314,1.1623271901399284,0.28383974743615864,1.0328619156702232,0.6470964562322511,0.008989841709321,1
2026-07-29 00:00:00+00:00,4.173174734721402,0.4686864827170246,0.876738266575205,0.05837161575096071,1.0642824652429397,0.5622684207490702,-0.0090582040045451,0
2026-07-30 00:00:00+00:00,4.160562144266571,-0.7535307964083633,0.10944319707633064,-0.4014864500266939,1.1802818308234013,-0.24860010159692467,0.0673440057965653,1
2026-07-31 00:00:00+00:00,4.28722926107889,4.814662651601799,3.3435902164088533,1.7975045104237375,1.4011783422082027,0.6885976766977286,0.0488024166582974,1
2026-08-03 00:00:00+00:00,4.40668891099131,3.177204309782644,2.2841942261894577,0.40062007549687584,1.6678243276229934,-0.13072169404506795,0.0110839978116172,1
2026-08-04 00:00:00+00:00,4.494146046655195,1.1549893513307894,1.9836222360265383,-0.10450836628408779,1.616342507763441,0.6680933627699256,-0.040301870691609,0
2026-08-05 00:00:00+00:00,4.350598045714359,-4.926810763956632,4.202766852200176,1.3607356871983098,1.094431635727351,1.4311538834778983,-0.0129128183935038,0
2026-08-06 00:00:00+00:00,4.52330728571874,-1.1997465344100298,0.930033190316056,-1.636513169118547,1.714030354074965,-0.09425218879726788,-0.0096436399917015,0
2026-08-07 00:00:00+00:00,4.526422737113766,-0.8756226114052912,0.5089715429591514,-2.129776436841955,1.7564438162640819,-0.19369775657521424,0.0090883469704907,1
2026-08-10 00:00:00+00:00,4.544720988844056,0.6766137199474576,0.5810929423916629,-2.0912299121290383,1.7554973075996134,-0.1806533921227807,-0.0383754800914878,0
2026-08-11 00:00:00+00:00,4.32545592793311,-3.723151770764301,1.9337784929772293,-1.0777991177777277,1.4944808868704302,0.5942443885202937,-0.0007561933021458,0
2026-08-12 00:00:00+00:00,4.370106765316865,-0.43512176226464355,0.7989726364661914,-1.782100449482429,1.6749638521825874,-0.5027272834645431,0.0082085833862108,1
2026-08-13 00:00:00+00:00,4.392330714941361,0.4890121774346068,0.24487816193277973,-2.027953334113231,1.6493855128303094,-0.2967243581721328,-0.0013280733183171,0
2026-08-14 00:00:00+00:00,4.358428052206274,-0.2503972414004641,0.37665595960651727,-1.8105554716908552,1.5985736233916474,0.06706382333623442,-0.0054928994796483,0
2026-08-17 00:00:00+00:00,4.322961876870201,-0.6158830461752763,0.22752126278315823,-1.826141790263908,1.624406024975014,-0.07708563952568909,0.0005814308343932,1
2026-08-18 00:00:00+00:00,4.331974323471471,0.1392883371036199,0.1913193441430432,-1.7558883664186435,1.6709841067578155,-0.037291305472124045,0.0015107175921862,1
2026-08-19 00:00:00+00:00,4.332526230678421,0.20081345153175523,0.3471574175002268,-1.4530595388481753,1.711863170743878,0.1937599717334394,-0.0117486301306195,0
2026-08-20 00:00:00+00:00,4.358641161314309,-0.997683026659479,-0.5457661640636741,-1.0106814633318182,1.2996198529161551,0.10864486364593713,0.0121818584932915,1
2026-08-21 00:00:00+00:00,4.402128387612628,0.8194468316662527,-0.2715187582077731,-0.6073084241580757,1.3893196226881936,-0.023811619785092036,0.0093961781960305,1
2026-08-24 00:00:00+00:00,4.408342011748596,0.7555773933721895,0.37134530242258346,0.12120232223374425,1.2956450595094497,0.40716657433015413,-0.0031603922060315,0
2026-08-25 00:00:00+00:00,4.416704206830601,-0.5199269584938343,-0.6769099529042408,-0.7429575633622738,1.3850822784486374,-0.3121009042475833,-0.0142955717582219,0
2026-08-26 00:00:00+00:00,4.3780938312197,-1.4125246417161423,-0.4202702531552353,-0.564040084786529,1.3657258715574088,0.11250494030153393,-0.0039473862675895,0
2026-08-27 00:00:00+00:00,4.398224336214659,-0.21266565165988602,-0.7873790674955214,-0.6014452084465607,1.5502360655695147,-0.42632816160667464,0.0174372597910901,1
2026-08-28 00:00:00+00:00,4.473808969225237,1.3787987287470278,-0.20784420898742473,0.7566567910769827,0.9049468709279338,0.42545133562410087,-0.0242361117898372,0
