timestamp,pc_1,pc_2,pc_3,pc_4,pc_5,pc_6,target_return_1d,target_direction_1d
2016-09-27 00:00:00+00:00,-1.3038873541435512,1.8452817605078726,-0.2055386359421794,0.6812576048200172,-0.6077770387043077,0.7722934377280546,0.0060240963855422,1
2016-09-28 00:00:00+00:00,-1.1691895053636028,0.29780290147765315,-1.6812059432638173,0.26163371815013037,-0.23705068195746826,-0.3184809800999691,0.0119760479041917,1
2016-09-29 00:00:00+00:00,-1.211176119775747,0.7053190899834275,-1.1778880710004902,0.3823140143594656,-0.4070251647253676,0.1255265520462069,0.0118343195266272,1
2016-09-30 00:00:00+00:00,-1.231592475495527,0.6650110534240823,-0.7361094046164165,0.8320073703037312,-0.293682382250977,0.11429593252820128,0.0,0
2016-10-03 00:00:00+00:00,-1.1500875802268675,0.042448693431383626,-1.7971591577562522,0.07317623249924797,-0.4443951580883545,0.08615167058071727,0.0,0
2016-10-04 00:00:00+00:00,-1.187310530356164,-0.029064492062783824,-1.2743044575571252,0.29235511392214636,-0.5106375397887443,0.300486287426123,0.0,0
2016-10-05 00:00:00+00:00,-1.15434699023596,-0.11564503724991375,-1.435501817432103,0.43422558964654184,-0.35927267522440737,-0.008920480929473758,-0.0175438596491228,0
2016-10-06 00:00:00+00:00,-1.1619245895181272,-0.7806117585554243,-1.294923388709085,0.6229652584174024,-0.3665304859378533,0.11125619190180397,-0.0059523809523809,0
2016-10-07 00:00:00+00:00,-1.0613723967543824,-0.4223412577236552,-1.8615297271814197,0.6546942139806498,-0.27351958537857335,-0.05408402768837142,0.0059880239520957,1
2016-10-10 00:00:00+00:00,-1.0427501844394897,0.28209444386294935,-1.7761219243703685,0.7489968747050642,-0.339402830355794,0.014755157154383752,-0.0178571428571429,0
2016-10-11 00:00:00+00:00,-1.0336743937138968,-0.8712499216066585,-1.503918861915882,1.2320160338053683,-0.20491313496072186,-0.17446868543825322,0.0060606060606061,1
2016-10-12 00:00:00+00:00,-1.0875158394377427,0.3761163065162259,-1.0794169080914657,1.3427398015977534,-0.2193769034703757,0.005657705924675488,-0.0180722891566265,0
2016-10-13 00:00:00+00:00,-1.0798926873675003,-0.8640287547997478,-0.9053680857869657,1.4003872556244188,-0.42009838815285244,0.474586346898644,0.0122699386503066,1
2016-10-14 00:00:00+00:00,-0.9839484286597866,0.5211437003948917,-1.5418297331096626,1.2133557694299326,-0.29842039299747747,-0.2336717982942707,-0.0060606060606061,0
2016-10-17 00:00:00+00:00,-0.9307246797130996,-0.2926089745645429,-2.1210037004609914,0.6044751535119846,-0.6505308741490302,0.17941384529566795,0.0182926829268292,1
2016-10-18 00:00:00+00:00,-0.9208259641215845,0.9503154638634739,-2.1127165683289104,0.9201392129230511,-0.3494740759866772,-0.3913583973771659,-0.0059880239520958,0
2016-10-19 00:00:00+00:00,-0.8965575453412791,0.011730154998338333,-2.2995570804703225,0.6642867724804666,-0.685246003727903,0.2777831919563853,0.0180722891566265,1
2016-10-20 00:00:00+00:00,-0.9655768348503757,0.8339151489979685,-1.331665979449996,1.2884174080179396,-0.459387199709499,-0.06519021447410908,0.0,0
2016-10-21 00:00:00+00:00,-0.911089870076287,0.10638483201472743,-1.9559696640141495,1.0776390899176445,-0.4405790277830297,-0.16419890437697027,0.0473372781065088,1
2016-10-24 00:00:00+00:00,-1.0869175299000655,2.5622756556373343,-0.38598246343014575,1.257856589423789,-0.7611304147712606,0.574502481987298,0.0169491525423728,1
2016-10-25 00:00:00+00:00,-1.0259380756253553,1.1221981863600508,-0.7466199179795803,1.5822641741722472,-0.4971636282381097,0.1532006520964883,0.0,0
2016-10-26 00:00:00+00:00,-0.9849121473381136,0.2781361667995766,-1.2813067393397977,1.2330687200981045,-0.5651940149701367,0.1464742294210208,-0.0166666666666667,0
2016-10-27 00:00:00+00:00,-1.006095275155208,-1.2525474376380221,-0.7966923098557377,1.5681818689694866,-0.36858901310390885,-0.35214914227075506,-0.0056497175141243,0
2016-10-28 00:00:00+00:00,-0.9591968085131474,-0.4199112844863615,-1.4734407712072535,1.0429204496981435,-0.5365318101398918,-0.19243874825133356,0.0113636363636364,1
2016-10-31 00:00:00+00:00,-0.9385746395027382,0.6482080861550454,-1.9193716505425795,0.7581498009117795,-0.5404414302683813,-0.2339108077796796,-0.0280898876404495,0
2016-11-01 00:00:00+00:00,-1.0819026042566864,-1.9294435732298465,0.14995949864157754,1.9842032242537786,-0.4322220371048807,-0.13184202332097053,-0.0057803468208093,0
2016-11-02 00:00:00+00:00,-0.9915277358041055,-0.43859457016857467,-1.398975272725437,0.9227505673322962,-0.5444585069889031,-0.2213034282190212,-0.0116279069767442,0
2016-11-03 00:00:00+00:00,-1.0174267233751075,-0.8568255602154795,-0.9691363200606983,1.0842121780839569,-0.6316638434345491,-0.006112854195254656,-0.0058823529411764,0
2016-11-04 00:00:00+00:00,-1.0381352539261368,-0.26998619026504084,-0.8340850730578645,1.1478013743277635,-0.6948892639859191,0.2703434771670945,0.0532544378698225,1
2016-11-07 00:00:00+00:00,-1.1266753124804572,2.4462216524114013,-0.10581971095375149,1.627945228688506,-0.23565096529783347,-0.6585593634551995,0.0,0
2016-11-08 00:00:00+00:00,-1.039632155599338,-0.06300283038963647,-1.0012294424740937,1.3411883385142822,-0.2540333191373479,-0.7059613684366868,-0.0168539325842697,0
2016-11-09 00:00:00+00:00,-1.0883265676736154,-0.4007369797838571,-0.5091090028546927,1.4597020954066935,-0.5568108714062276,0.12242008830967509,-0.0342857142857143,0
2016-11-10 00:00:00+00:00,-1.2760230225995304,-2.775847458252085,2.1404762021294865,3.3707867779743257,0.197879799764232,-0.9550396210145531,0.3017751479289943,1
2016-11-11 00:00:00+00:00,-2.2891352960454125,12.160727576166604,10.065650683149029,5.046416001512009,1.088602797032112,-3.7264112824389066,-0.0500000000000001,0
2016-11-14 00:00:00+00:00,-1.8476087501472687,-3.252740612219864,3.590443061137633,1.1725004813737196,0.10556330031313152,-2.6286632439681092,0.0287081339712917,1
2016-11-15 00:00:00+00:00,-1.8575972030295713,1.2500213211989877,1.8285476859023777,-1.426606024540174,-0.8144524941731195,-1.2192226287812236,0.0651162790697674,1
2016-11-16 00:00:00+00:00,-2.073611864800233,3.105198539896771,3.608160106828203,-0.5568058108212156,-0.6105661960830073,-0.8278230711162352,0.0087336244541484,1
2016-11-17 00:00:00+00:00,-1.9803173171545683,0.08314110256278985,2.1198154228150043,-1.2005508938731073,-0.3651700878008359,-1.4684802202859868,0.0086580086580085,1
2016-11-18 00:00:00+00:00,-1.9496426046248356,0.34544240156248224,1.1106281183290931,-2.0519554873851247,-0.5263597779113908,-1.2154511070934633,-0.0042918454935623,0
2016-11-21 00:00:00+00:00,-1.8993836817961354,-0.5466387976939122,0.41847618210525056,-2.4492686887118458,-0.46219948067382977,-1.5295262026267495,0.0086206896551723,1
2016-11-22 00:00:00+00:00,-1.8736726038209233,0.3560913805203831,-0.01457851866468166,-2.784930419551237,-0.562768035765796,-1.405437000308315,0.0042735042735044,1
2016-11-23 00:00:00+00:00,-1.9285775361593054,0.11500251983523392,0.6355892664518584,-2.44166564968059,-0.5787664550776926,-1.1659886479918455,0.0,0
2016-11-25 00:00:00+00:00,-1.8544414544196293,-0.17349237444831253,-0.21539536394231173,-3.0955502055079918,-0.742882309789129,-1.1923836915678563,0.0,0
2016-11-28 00:00:00+00:00,-1.8484217390330497,-0.05584864606815467,-0.1808207562053787,-2.883977363492516,-0.6373440535720782,-1.31270987671133,-0.0085106382978723,0
2016-11-29 00:00:00+00:00,-1.89822500151957,-0.612584623948052,0.4165700460593134,-2.4277276913173598,-0.4955249626173451,-1.3793233420157722,-0.0085836909871245,0
2016-11-30 00:00:00+00:00,-1.8883677868060706,-0.7076750285365442,0.38460047462500896,-2.3987547685729065,-0.4624193014850337,-1.4489916179418287,-0.0519480519480519,0
2016-12-01 00:00:00+00:00,-2.15780293454448,-3.487025277727914,3.4310278128553766,-0.7964024477975453,-0.3647846216520974,-0.8510697743380955,0.0091324200913243,1
2016-12-02 00:00:00+00:00,-2.076461246022554,0.6004302830716154,1.2843167890953813,-2.509252544681461,-0.6897281876907085,-0.40654258665804355,0.0407239819004523,1
2016-12-05 00:00:00+00:00,-2.121585764845909,1.7549843038427297,1.5723490498995225,-2.2639179269444374,-0.3358018423151606,-1.0086337945907855,0.0130434782608697,1
2016-12-06 00:00:00+00:00,-2.034687358218736,0.5520238528690283,0.615280206890673,-2.5508335059348575,-0.26222707419491653,-1.242336459852265,0.0214592274678111,1
2016-12-07 00:00:00+00:00,-2.0884915736052623,1.1585916582494977,1.0637142847382437,-2.5715343561416875,-0.49421648700330706,-0.6358544059440644,-0.0168067226890756,0
2016-12-08 00:00:00+00:00,-2.044074173672655,-1.2166617578774652,0.8101335343123438,-2.730437136292049,-0.5212258588257388,-0.8473079440645831,-0.0170940170940171,0
2016-12-09 00:00:00+00:00,-1.9924506602050687,-1.3228619669436,0.8098650307963436,-2.6077720727430767,-0.5736644259568119,-0.95314480809122,-0.0260869565217389,0
2016-12-12 00:00:00+00:00,-1.5405590722188625,-1.1314100774691151,-0.5698858644531606,0.17321902528831282,0.20766797828682515,0.11475281218866937,0.0178571428571425,1
2016-12-13 00:00:00+00:00,-1.4421795865084335,0.9123375653814872,-0.925838511537986,-0.14045384467936187,-0.062202096637454025,0.20455076654893395,0.0570175438596491,1
2016-12-14 00:00:00+00:00,-1.678975993542425,2.7921404436158226,1.845656485783657,1.6194905857922572,0.30815290475135704,0.2290193770034101,0.0248962655601658,1
2016-12-15 00:00:00+00:00,-1.5025950961054626,1.2951781506731574,0.13974183113894353,1.0444453129634559,0.35288873549901806,-0.06797545394174945,0.0161943319838056,1
2016-12-16 00:00:00+00:00,-1.5411635824797894,0.6168477594118323,0.8337830872767418,2.035146593969247,0.902620945262054,-0.8137274425495499,0.0119521912350597,1
2016-12-19 00:00:00+00:00,-1.5309070493195716,0.8051945266101743,0.008827785179271354,0.8944338317634252,0.3534392954480749,0.13496570071543748,0.0354330708661416,1
2016-12-20 00:00:00+00:00,-1.5485294855815492,1.478126524058783,-0.14376733051003723,0.9939905197311785,0.8644116907129678,-0.8787961472997333,0.0076045627376426,1
2016-12-21 00:00:00+00:00,-1.541924517480567,0.3408841992867453,-0.7560215562602651,0.15837226346046884,0.4349135971275207,-0.0878764369515441,0.0113207547169811,1
2016-12-22 00:00:00+00:00,-1.5793203943789624,0.47803447797155796,-0.46498822795290917,0.4913737001394951,0.6627266063371767,-0.3033131117151499,0.0223880597014924,1
2016-12-23 00:00:00+00:00,-1.6685999618153728,1.385953838673367,-0.1859237053661582,0.18521560743863594,0.38740703560108053,0.5502563411146397,0.0693430656934306,1
2016-12-27 00:00:00+00:00,-1.9057752941350283,3.3284334739485635,1.7707641660954554,1.2407593646059276,0.9230367120089596,0.09116471583147462,-0.068259385665529,0
2016-12-28 00:00:00+00:00,-2.194646575668482,-5.023998729894007,4.587543967669668,3.2414697950231512,1.8207247307476155,-0.8476403728853933,0.0219780219780219,1
2016-12-29 00:00:00+00:00,-2.401536442346937,1.7868124251365793,3.919852397004228,2.033632575538775,1.439642606101476,1.2162248676242617,-0.0430107526881721,0
2016-12-30 00:00:00+00:00,-2.179851349573806,-2.7386362847735053,1.039099664320587,0.1489112400030332,1.4935827809783766,0.06858286839870617,-0.0449438202247191,0
2017-01-03 00:00:00+00:00,-2.37356837085933,-2.580207858687764,2.1277814231119563,0.3866850443957355,1.4877974188955785,0.703648287744528,0.0235294117647058,1
2017-01-04 00:00:00+00:00,-2.364314803265376,0.9331567794378813,0.8624361461250738,-0.4485260572153581,1.8117871942057633,0.11595215938785038,-0.0268199233716474,0
2017-01-05 00:00:00+00:00,-2.384415194566215,-1.8373765475372337,0.619478612790414,-0.8773834513551757,1.6748736943228422,0.3619119403461994,0.0157480314960629,1
2017-01-06 00:00:00+00:00,-2.3976421945307926,0.5159844036552509,0.059366293091129424,-1.3178549435451923,1.7838600815486518,0.2465392786491618,0.0387596899224806,1
2017-01-09 00:00:00+00:00,-2.515862595404063,1.9614523983381644,0.6822375876662248,-1.2683398341398442,1.7039734217559626,0.8446360424745543,-0.0074626865671642,0
2017-01-10 00:00:00+00:00,-2.484197983252176,-0.7769177584512468,0.0899107873736371,-1.3639654824667529,2.0157484625012003,0.25506626774892166,-0.0112781954887218,0
2017-01-11 00:00:00+00:00,-2.412276174305804,-0.6713471669122326,-0.8837286756602735,-1.9717292251786358,1.8684202663346317,0.39473804400544493,-0.0152091254752851,0
2017-01-12 00:00:00+00:00,-2.4761591687623965,-0.8971141350483584,-0.3541189699885136,-1.8079439148125838,1.8255232101541259,0.6720314890728863,0.0,0
2017-01-13 00:00:00+00:00,-2.367411714559621,-0.058686858465381374,-1.1026690661176164,-1.9815956684883813,1.8410050493962908,0.41556948064565513,-0.0231660231660232,0
2017-01-17 00:00:00+00:00,-2.3733539191122652,-1.4204692508982144,-0.6498857522576469,-1.685501931758973,1.7853375848240542,0.4811350938137053,0.0158102766798418,1
2017-01-18 00:00:00+00:00,-2.415239137420086,0.9035245017892496,0.07257473506454908,-1.502638929217596,1.4860854673230672,1.1112174200421523,0.0233463035019454,1
2017-01-19 00:00:00+00:00,-2.394081526867179,1.1142243442307491,-0.07085281003225427,-1.533530197525092,1.577379559292157,0.7812570518357009,-0.0114068441064637,0
2017-01-20 00:00:00+00:00,-2.307179085949588,-1.0012417447529849,-0.503574433853563,-1.6536689711506674,1.5372557115580612,0.5262527757289648,0.0115384615384614,1
2017-01-23 00:00:00+00:00,-2.275096683477423,0.583692082229108,-0.9197898247390149,-1.932017603583772,1.4158731588270588,0.6902023459472902,0.0190114068441065,1
2017-01-24 00:00:00+00:00,-2.2673891542306417,0.9199649466464397,-0.6858802322696205,-1.7904801748843118,1.3667926504035084,0.6743416525164284,0.0037313432835819,1
2017-01-25 00:00:00+00:00,-2.2313580721131525,-0.2859544446816352,-0.6970101530989037,-1.5447023122004366,1.5760101192791627,0.12957212596614645,0.0185873605947957,1
2017-01-26 00:00:00+00:00,-2.1620266854755483,0.8936838775043717,-0.7117742599232003,-1.3793885462270634,1.280808024192621,0.8057628948051019,0.0182481751824816,1
2017-01-27 00:00:00+00:00,-1.9513220110632965,0.9017350127736621,-0.8839831109754109,-0.8440735938859301,1.0421294954128844,0.7852858643048836,-0.014336917562724,0
2017-01-30 00:00:00+00:00,-1.7641543217033915,-0.7728690090875919,-0.9758038706047442,-0.4683502160339515,0.7489239561111444,0.5676028372595238,-0.0072727272727273,0
2017-01-31 00:00:00+00:00,-1.6226531232998425,-0.17346909544176647,-1.7403348078441585,-0.6035687406808034,0.619261216055778,0.5113346016868293,0.043956043956044,1
2017-02-01 00:00:00+00:00,-1.6497115426437607,2.2298673118817907,-0.34933389447806656,0.26458783962594046,0.5225976735011589,0.6489464084211337,0.0105263157894737,1
2017-02-02 00:00:00+00:00,-1.5338318094731016,0.7051267564039188,-0.8349875460451521,0.14859060939073943,0.28284788566358215,0.7308636852491844,-0.0069444444444444,0
2017-02-03 00:00:00+00:00,-1.3895338074478691,-0.4584115773162158,-1.7021026867118296,-0.006616296535983134,0.3557875134306586,0.12500019702825735,0.0244755244755245,1
2017-02-06 00:00:00+00:00,-1.4423591167255467,1.4786904671487364,-0.8219999419346937,0.44491302195089966,0.20907762081671558,0.5656851142723208,0.0170648464163822,1
2017-02-07 00:00:00+00:00,-1.4070955197993351,0.7018364830530937,-0.5040486558296365,1.3202072484408836,0.7121379307595123,-0.3206938117785605,-0.0033557046979865,0
2017-02-08 00:00:00+00:00,-1.3285397574667481,-0.05640676092345914,-1.2601742090968375,0.4991455657993332,0.1666134541432062,0.35334682796540745,-0.0202020202020202,0
2017-02-09 00:00:00+00:00,-1.3986105115367404,-1.244684782571073,-0.17172177657145785,1.6993959867962452,0.7235675344150806,-0.3465924192516652,-0.0240549828178695,0
2017-02-10 00:00:00+00:00,-1.6735845693229683,-2.374290345240888,2.8806282293004757,3.8884137546328006,1.545104419491452,-0.9368938817508407,-0.0457746478873238,0
2017-02-13 00:00:00+00:00,-1.6523007192102062,-2.8425930925105267,1.0299778320552069,1.9821130243450404,1.047746262267502,-0.2770642376761598,0.0036900369003691,1
2017-02-14 00:00:00+00:00,-1.6422029764515982,0.21070019809676716,-0.06187722435504832,0.9145090864246734,0.8145472597085857,0.21122122280429548,0.0036764705882352,1
2017-02-15 00:00:00+00:00,-1.541393165432572,0.19999165353812942,-1.4203458313965556,-0.3378269927450602,0.4055616154090509,0.4431464414635201,-0.0183150183150182,0
2017-02-16 00:00:00+00:00,-1.5865030738266703,-1.191542115692586,-0.4563666517520179,0.5013885537227234,0.5982394240397396,0.27016991543148705,0.0,0
2017-02-17 00:00:00+00:00,-1.5734201725481345,0.03902212134948049,-0.9103855339092213,0.19478576279340382,0.5677958338439879,0.3641861292758106,0.0373134328358206,1
2017-02-21 00:00:00+00:00,-1.628606035368265,1.8971182020852781,-0.7358315179129508,0.01986339615599365,0.5793181805808459,0.32694262475017694,-0.0035971223021582,0
2017-02-22 00:00:00+00:00,-1.5448812690082434,-0.2622244734044105,-1.57944129134736,-0.28457769556759116,0.6304022818434944,0.02620095674402555,-0.0938628158844766,0
2017-02-23 00:00:00+00:00,-1.8970385805541736,-4.98382785501601,2.3435673195447597,2.1474445569001634,1.0280672121857817,0.03815132053315917,0.0119521912350597,1
2017-02-24 00:00:00+00:00,-2.0030580877080095,1.114242587678616,1.6669145234546139,0.48279889480279264,0.42376468638423004,1.349761637459298,0.0275590551181101,1
2017-02-27 00:00:00+00:00,-1.9128300154691358,1.3112624898579706,0.12647045417371353,-0.41987210825014,0.7489138564527692,0.2258688832847035,-0.0268199233716474,0
2017-02-28 00:00:00+00:00,-1.8926021638055788,-1.8534694492212367,-0.030233797491482632,-0.5721659413251807,0.697944156039617,0.15421665758905945,0.0118110236220472,1
2017-03-01 00:00:00+00:00,-1.8954287821341214,0.15978734195006283,-0.46281945205637304,-0.9633610098515831,0.7606797257354246,-0.016951657745133915,-0.0350194552529182,0
2017-03-02 00:00:00+00:00,-1.9094998291760537,-2.161763707664815,0.004446693230164238,-0.3013945202483837,0.8888468518164472,0.10346887100708052,-0.0080645161290322,0
2017-03-03 00:00:00+00:00,-1.9340740376005516,-0.37536019471509346,-0.2200344550595675,-0.2301304222393101,1.1286293942590735,-0.02248273773426367,-0.008130081300813,0
2017-03-06 00:00:00+00:00,-2.0014240281635827,-0.23031887049104882,-0.05296253095215901,-0.29144742680039987,1.1206880993091435,0.31254107235125567,0.0122950819672131,1
2017-03-07 00:00:00+00:00,-1.988254091933915,0.6462798185398451,-0.5978872351907191,-0.897224470754519,1.0321501766858419,0.33713543568945065,-0.0040485829959514,0
2017-03-08 00:00:00+00:00,-1.9593432858480642,-0.7627681141076456,-0.5580408958379328,-0.7106920058707293,1.2082747200693726,-0.1749333498349797,0.0,0
2017-03-09 00:00:00+00:00,-1.9466393112364226,0.03754734512974565,-1.0195610480570028,-1.1271107887268375,0.9681372133366317,0.35803809951582694,0.0081300813008129,1
2017-03-10 00:00:00+00:00,-1.903218569480642,0.19486607671211856,-1.1054236861430267,-1.040239467440821,1.0672966548215446,-0.09618816899935743,0.0282258064516127,1
2017-03-13 00:00:00+00:00,-1.906134312651117,1.478763516759733,-0.05027625704528694,-0.2904227289169665,0.8934168322763698,0.13148092220078259,-0.0039215686274508,0
2017-03-14 00:00:00+00:00,-1.7678721733951006,-0.3699690608884465,-0.8568731442696459,-0.6412690971702704,0.7049220829885479,0.020434104817864826,0.0078740157480314,1
2017-03-15 00:00:00+00:00,-1.762726933148777,0.24125251904760517,-0.6181430469249826,-0.38428823402006596,0.7524415230633769,-0.10430216470490661,0.015625,1
2017-03-16 00:00:00+00:00,-1.7581888452474448,0.8278811495599425,-1.0065617183080278,-0.6998008271126422,0.7197100136367502,-0.03239661935326051,0.0192307692307691,1
2017-03-17 00:00:00+00:00,-1.858367471267662,1.0158346102537443,0.1876529642034663,0.6123265392711564,1.317582694096175,-0.5414689176079206,0.0339622641509436,1
2017-03-20 00:00:00+00:00,-1.913414098712704,1.7033407930400781,0.11353223843634634,-0.30104613339187847,0.8125449505180502,0.2632810910039193,-0.0328467153284672,0
2017-03-21 00:00:00+00:00,-1.9178934926379883,-1.9653613510592816,0.3030587608573146,0.11088448863286898,1.0036309935195507,0.08329320824319075,0.0188679245283018,1
2017-03-22 00:00:00+00:00,-1.9363412003762914,1.0868476427300913,-0.30831963188554923,-0.7220953610847543,0.774683265516241,0.5064432369073952,-0.0074074074074074,0
2017-03-23 00:00:00+00:00,-1.675096519681979,-0.33968829759451796,-1.501804117627658,-0.1990761393032711,0.9810872064738144,0.2609782571352431,0.0037313432835819,1
2017-03-24 00:00:00+00:00,-1.6468740408287545,-0.14398046068937576,-1.2571745399898293,-0.2617750707450565,0.7724261723491397,0.2799046459685988,0.0074349442379182,1
2017-03-27 00:00:00+00:00,-1.7055907663792902,0.6919307148915637,-0.43076926798464205,0.019778712578655815,0.34755878620244274,1.4539598174645554,-0.007380073800738,0
2017-03-28 00:00:00+00:00,-1.5555934229629946,-0.40551623839155176,-1.754547159982016,-0.15761631817649738,0.7735460761894366,0.270901778077852,-0.003717472118959,0
2017-03-29 00:00:00+00:00,-1.5247724888644694,-0.24505810437529207,-2.0293571694112384,-0.35646121499947014,0.7189512647046318,0.2198874939753087,0.0186567164179103,1
2017-03-30 00:00:00+00:00,-1.5572043299542824,1.0072145311531582,-1.2524577976603555,0.2749172778996705,0.7324787831367844,0.5192202022016759,-0.0036630036630035,0
2017-03-31 00:00:00+00:00,-1.4651781310639604,-0.17431198647629959,-1.7870728814525425,0.13183561482918965,0.6805574088333975,0.28914533240233675,-0.0036764705882353,0
2017-04-03 00:00:00+00:00,-1.4345168002723314,-0.19460729206801097,-1.6366797846906844,0.25602187501129603,0.570281637375021,0.33409236055126584,-0.070110701107011,0
2017-04-04 00:00:00+00:00,-1.6447286317180942,-3.298636905856871,0.7901331570996837,2.0565782338862304,0.9819116415303996,0.040139169501700364,-0.0079365079365079,0
2017-04-05 00:00:00+00:00,-1.624011524772544,-0.35677933812009843,-0.4118698457016254,0.5322192623931782,0.6949237309594241,0.11678437787032259,0.008,1
2017-04-06 00:00:00+00:00,-1.6403255512643273,0.3245113821114489,-0.5885387102448133,0.1881434112812254,0.6508955392724127,0.14972511899292062,-0.003968253968254,0
2017-04-07 00:00:00+00:00,-1.5810649062292514,-0.32936638774047755,-1.3425765039164879,-0.3594302754947819,0.5377237346538897,0.10394793022870573,-0.0278884462151394,0
2017-04-10 00:00:00+00:00,-1.620504026170593,-1.7385730792933791,-0.3723127312523354,0.597660998321306,0.7790387234989379,-0.11949460093030924,0.0040983606557378,1
2017-04-11 00:00:00+00:00,-1.6364902648667516,0.47042979962633125,-0.7258731961098611,0.11623403208358571,0.5535896290236813,0.4270956412155757,-0.0081632653061224,0
2017-04-12 00:00:00+00:00,-1.556352163228121,-0.46983336119661967,-1.508674541429506,-0.3849208859125322,0.5198614662660215,0.07843311464164776,-0.0164609053497942,0
2017-04-13 00:00:00+00:00,-1.5576675369104191,-0.7858235271124407,-1.348534352971962,-0.12003933583002141,0.5779169650905795,0.07954590923169269,0.0376569037656904,1
2017-04-17 00:00:00+00:00,-1.6080281769225933,2.0275565850087416,-0.4604794631666896,-0.07062325904049033,0.20615325220123587,0.5725587283691503,0.0,0
2017-04-18 00:00:00+00:00,-1.476714040092835,0.08394923145090696,-1.4036295065047133,-0.29128028937341677,0.20106314758168164,0.3056771135971567,0.0040322580645162,1
2017-04-19 00:00:00+00:00,-1.392720243374758,0.1174786803406599,-1.677641680299574,-0.13000195147135762,0.3122389640533981,-0.17016568299122914,0.0160642570281122,1
2017-04-20 00:00:00+00:00,-1.4102846219838816,0.7766239092969669,-1.2822307219224174,0.01066081799152236,0.18982781914828992,0.07633814645965203,0.0039525691699606,1
2017-04-21 00:00:00+00:00,-1.3564202207094962,0.37551185488187483,-1.7383599034256167,-0.18087141943777219,0.10325616747235444,0.10956301719237498,0.0118110236220472,1
2017-04-24 00:00:00+00:00,-1.3648176299084434,0.47460521558465135,-1.513672612578248,-0.056849268962665664,0.18511893079991132,-0.1404012076530355,0.019455252918288,1
2017-04-25 00:00:00+00:00,-1.3914739408698509,0.9618246208216208,-1.1428332837522543,0.015316894320805827,0.04382173407443197,0.14489951246646476,-0.0076335877862595,0
2017-04-26 00:00:00+00:00,-1.3138419290809846,-0.4713767859859262,-1.8302929657798623,-0.18218825630068242,0.11212261287890693,-0.20819219475452355,0.0153846153846153,1
2017-04-27 00:00:00+00:00,-1.371598771898824,0.8102305956710123,-1.3146566599229346,-0.1979556500060612,-0.09514404268267719,0.27354533042855156,-0.0113636363636364,0
2017-04-28 00:00:00+00:00,-1.3076967438335942,-0.5514601591441615,-1.6435266859119169,-0.05589984684791744,0.015003200097297347,-0.03438936766811704,0.0229885057471264,1
2017-05-01 00:00:00+00:00,-1.351097592713799,1.2579136229588757,-1.2818126525006859,-0.20442445456501948,-0.1924892996740005,0.30869200733644625,-0.0299625468164794,0
2017-05-02 00:00:00+00:00,-1.3840415523874738,-1.596843299755887,-0.42568133091417126,0.8634157748849953,0.1854583706893739,-0.15437223546935042,0.0077220077220077,1
2017-05-03 00:00:00+00:00,-1.228113670522136,0.5465670027943922,-1.4530112843757437,0.3753672897309492,-0.16883348175028445,0.43220532040841425,-0.0038314176245209,0
2017-05-04 00:00:00+00:00,-1.1134898959366624,-0.1428993845883536,-2.2641381560175344,-0.015171789128108211,-0.2653848573142428,0.12689170778839062,0.0,0
2017-05-05 00:00:00+00:00,-1.086061930989141,0.2524626095494108,-2.1521264663360085,0.1285116258048133,-0.37746338836375554,0.2557166017209256,-0.0115384615384616,0
2017-05-08 00:00:00+00:00,-1.1032149368697532,-0.7244050562731498,-1.5319445102311529,0.7554458528441541,-0.13279096648296682,-0.19632366397425852,0.0,0
2017-05-09 00:00:00+00:00,-1.1698751817321293,-0.041827951361841684,-0.03735244634992254,2.7563024003663794,0.6750317482695681,-0.9762587608103503,0.178988326848249,1
2017-05-10 00:00:00+00:00,-1.8815113366927334,7.392810903270686,6.318534628827529,5.340642206371468,1.870753055762267,-3.35483275383596,0.042904290429043,1
2017-05-11 00:00:00+00:00,-1.96493879148151,2.3137683531463593,5.265321234616989,3.7024897084358934,0.791291965158664,-0.5190168580855682,0.0126582278481013,1
2017-05-12 00:00:00+00:00,-1.716820755182678,0.5658083621687996,0.9979805729353595,0.5153893030225682,0.44321471550410935,-0.8686181029452318,0.0499999999999998,1
2017-05-15 00:00:00+00:00,-1.8378386016178851,2.4822275382203953,1.6476869883822833,0.6403978904006157,0.5368351218858368,-0.6376319734177373,0.0178571428571427,1
2017-05-16 00:00:00+00:00,-1.8477489463809267,0.6026501893459112,1.18686353220189,0.5070576853902357,0.8499704534044289,-1.0481680140112752,-0.0672514619883041,0
2017-05-17 00:00:00+00:00,-1.973943326116457,-3.8750624745260565,1.9370034171855601,0.5388413276210914,0.7095885019663635,-0.6157795455762933,0.0438871473354232,1
2017-05-18 00:00:00+00:00,-2.1120018478656597,1.9745094719601153,1.9561829573948095,-0.10981369606525179,0.763242236383856,-0.4008374779166703,0.0210210210210208,1
2017-05-19 00:00:00+00:00,-2.0557391709064254,0.49418907057871964,0.6559567891307261,-0.6459990449309555,1.1857973403778816,-1.2867102302473097,0.0205882352941177,1
2017-05-22 00:00:00+00:00,-2.0774371813674892,0.8882646398614902,0.15320135274214253,-1.1874126920088224,1.0380450362595588,-0.8004580246079156,-0.0115273775216138,0
2017-05-23 00:00:00+00:00,-2.1023825212830123,-0.9426291381250177,0.14155273021321488,-1.5062960195416542,0.8611932766588842,-0.4800875951216318,0.008746355685131,1
2017-05-24 00:00:00+00:00,-2.144731244313605,-0.14666354593626824,0.19118582334058018,-1.3360104419238326,1.2350586171747762,-0.970609159095036,0.0,0
2017-05-25 00:00:00+00:00,-2.1675665381120903,-0.37259931710258826,-0.04913186437953117,-1.8026173491803785,1.0001655248565595,-0.42984611036318515,0.0260115606936415,1
2017-05-26 00:00:00+00:00,-2.343562832313958,1.2732481486403897,1.407950280703957,-1.4485669299724657,0.7071197287415041,0.7807751456274442,0.0197183098591549,1
2017-05-30 00:00:00+00:00,-2.2978287162320132,0.8034259665229575,0.44058748437704087,-1.2981783659833699,1.4972611353652343,-0.5724809935588735,-0.0027624309392265,0
2017-05-31 00:00:00+00:00,-2.3148486936199544,-0.6324232981541327,0.48923669727217767,-1.4009113723165056,1.4507683037848969,-0.3890306736164434,0.0,0
2017-06-01 00:00:00+00:00,-2.277266776829295,-0.15384061125618953,-0.47778284038919927,-2.209090463256685,1.2589961523226876,-0.11813105266862207,-0.0055401662049862,0
2017-06-02 00:00:00+00:00,-2.2812740117697587,-0.3894172586646073,-0.7124069358302827,-2.299278238865024,1.3561016513998765,-0.20689197213178928,0.0306406685236768,1
2017-06-05 00:00:00+00:00,-2.4762728358824972,1.6889093353819113,0.860525262967388,-1.7465406832931234,1.270314335148176,0.6918353876680775,-0.0054054054054054,0
2017-06-06 00:00:00+00:00,-2.3997051754258036,-0.4189300035249118,-0.19473788582738105,-1.9403657643312342,1.691067686126071,-0.20994031385951026,0.013586956521739,1
2017-06-07 00:00:00+00:00,-2.374444961289215,0.5416200191594382,-0.39724414189671775,-2.169903836053794,1.5930146896084398,-0.18861419842436525,0.0723860589812332,1
2017-06-08 00:00:00+00:00,-2.3595048485638555,3.2889564650911103,1.3388273478704327,-0.18506748889973654,1.738947664414166,0.7144432746766791,-0.0649999999999999,0
2017-06-09 00:00:00+00:00,-2.893927089724772,-5.46828367339052,7.903016544163742,4.0845523888883495,2.6804212133278025,0.5289912889237518,0.0026737967914438,1
2017-06-12 00:00:00+00:00,-2.6437671769215476,0.32520263482908957,2.1776229049994993,0.020158534427559726,2.067889812947342,1.2963540042476007,0.0106666666666666,1
2017-06-13 00:00:00+00:00,-2.651804712624488,-0.33607638239083054,1.870900780197633,-0.03207023483028319,2.6150676100436456,0.22892178674383448,0.0,0
2017-06-14 00:00:00+00:00,-2.5676158641872604,-0.19873812764012536,0.4732535481147003,-0.9171583136173782,2.3907325637763064,0.559782368296647,0.0052770448548813,1
2017-06-15 00:00:00+00:00,-2.543006248918277,0.7684464047600099,0.45911760241350497,-0.9315704662370248,1.9353769749937677,1.9328784334658218,-0.005249343832021,0
2017-06-16 00:00:00+00:00,-2.422083898533398,-0.4973553512355225,-0.3941258957840783,-0.917780690726071,2.3964696121100113,0.6361407643971889,0.0369393139841689,1
2017-06-19 00:00:00+00:00,-2.4332284673932527,1.7463225279545327,-0.35287578786240004,-1.193663638832652,2.218822564524772,0.8164616907173351,0.0,0
2017-06-20 00:00:00+00:00,-2.438660408768632,-0.4125275604810525,-0.10512119323918825,-0.6680055737328594,2.5430824329034207,0.3492992126319042,0.0152671755725191,1
2017-06-21 00:00:00+00:00,-2.4192724846050266,0.6226343683586837,-0.7023079294234797,-1.355372730171063,2.26713318215295,0.7867152078235109,-0.0075187969924812,0
2017-06-22 00:00:00+00:00,-2.333079317352302,-0.5580230323688233,-1.32997529225398,-1.6690312172379063,2.1576698842226043,0.6410461457175068,-0.0277777777777777,0
2017-06-23 00:00:00+00:00,-2.459023549826727,-1.8931225167763739,0.07480687093569542,-0.7011222185201342,2.44344171336324,0.5180630328108159,-0.0129870129870131,0
2017-06-26 00:00:00+00:00,-2.546653901262935,-1.229982372107173,0.6687029793813395,-0.7241939041908227,2.3068619200861167,0.9930515504758574,-0.0368421052631577,0
2017-06-27 00:00:00+00:00,-2.4748475143281654,-2.30859696319821,-0.15624827424673882,-0.9553336867197184,2.4411366368584537,0.5212577661749821,0.03551912568306,1
2017-06-28 00:00:00+00:00,-2.5793428772582696,1.436471715696091,0.48561667225783967,-1.068817740713959,2.334874125475008,0.824606065130785,-0.0316622691292876,0
2017-06-29 00:00:00+00:00,-2.5980695781821606,-2.0201480328093004,0.3965697357104866,-1.0379617392471647,2.4089677746992226,0.8362646802500933,-0.0163487738419618,0
2017-06-30 00:00:00+00:00,-2.5728303603982394,-1.1844057720439818,-0.4487536880792934,-1.662847889038722,2.4440703133855783,0.6559178793054221,-0.0360110803324099,0
2017-07-03 00:00:00+00:00,-2.6062100194653826,-2.5390691490111297,0.1430101593321052,-1.5732300873528182,2.2434853817710825,0.9529862044515798,0.028735632183908,1
2017-07-05 00:00:00+00:00,-2.5956929863905636,1.1344350160228422,-0.3595983034552408,-1.6448787356876364,2.5663594136582484,0.36127258456963823,0.0027932960893854,1
2017-07-06 00:00:00+00:00,-2.643943276021109,0.12960558638971156,0.03203208049323322,-1.697114961108137,2.2185120785837595,1.2562670515661836,0.0222841225626742,1
2017-07-07 00:00:00+00:00,-2.504836033693502,0.9243717177390252,-0.8662212296563042,-1.6189566808187907,2.500769387171401,0.612341837113864,0.0463215258855584,1
2017-07-10 00:00:00+00:00,-2.3102487730851595,2.139286964533162,0.09309380804068516,-0.5401499288568122,2.031029332418831,0.6702646494242562,0.015625,1
2017-07-11 00:00:00+00:00,-2.1635839429266626,0.7700919633959417,-0.5690812928853546,-0.7597238612396005,1.7513894974496351,0.6322252285243766,0.0410256410256408,1
2017-07-12 00:00:00+00:00,-2.213714750044075,1.8713866333679703,0.7313252494115947,0.036434366482689585,1.7648514995173366,0.5230862016303809,-0.0098522167487684,0
2017-07-13 00:00:00+00:00,-2.2106403274704585,-0.909360488534638,0.9555620162714681,0.4767227532438317,1.9576318794735508,0.25379143553305866,0.0248756218905474,1
2017-07-14 00:00:00+00:00,-2.156483745350126,1.320077291892017,-0.21061030876314116,-0.47865111713016334,1.7633088437506856,0.4105377940699318,-0.0024271844660194,0
2017-07-17 00:00:00+00:00,-2.158397742114771,-0.5082592970994063,0.01614696892440228,-0.403764679101917,1.75349827579685,0.32241535542752,0.0097323600973235,1
2017-07-18 00:00:00+00:00,-2.154258973938872,0.8227928443701028,-0.29130248303746453,-0.7051806577479294,1.4754582357651775,1.0867116800856862,-0.0048192771084338,0
2017-07-19 00:00:00+00:00,-2.031802169342771,-0.3545186621840629,-1.1142941315749826,-0.8347136892227363,1.7080859475478904,0.12935227566105945,0.0145278450363197,1
2017-07-20 00:00:00+00:00,-2.073978875114756,0.6862391370070137,-0.7499590366746091,-0.8046050461797782,1.6115989556369295,0.41306891661279294,0.0023866348448686,1
2017-07-21 00:00:00+00:00,-2.0717427234981702,0.19560062219070912,-0.9652022714295179,-0.932691956279601,1.5943531836921083,0.5274034694810876,-0.0119047619047618,0
2017-07-24 00:00:00+00:00,-2.0050534314204556,-0.7972979925844733,-1.0753301416236536,-0.7835796889203498,1.624433260688083,0.22829048640164507,-0.0048192771084338,0
2017-07-25 00:00:00+00:00,-1.9380869846468627,-0.19147424616930134,-1.4145011538817058,-1.023948387992045,1.3739032554686035,0.43687337380052715,0.0121065375302662,1
2017-07-26 00:00:00+00:00,-1.931792264019044,0.33829540456224516,-0.8894980302664767,-0.5277489667767202,1.4691385607440308,0.2922436798017372,-0.0334928229665071,0
2017-07-27 00:00:00+00:00,-2.0195619366977353,-2.4712831531923265,0.6762501106954601,0.005828593739869085,1.0972431901768716,0.9995303576106809,0.0173267326732673,1
2017-07-28 00:00:00+00:00,-1.9044149431030204,1.0485704386332864,-0.5902529147971974,-0.6088184604714594,0.9084112635124539,1.2271081400453334,-0.0121654501216547,0
2017-07-31 00:00:00+00:00,-1.8453173104105953,-0.8872153945647354,-0.7839160196482858,-0.42905806953644887,1.1012973458992328,0.629141657415124,0.0123152709359608,1
2017-08-01 00:00:00+00:00,-1.7751459590685026,0.7588675798576657,-1.45236621722434,-0.6350075169870176,1.052129195006059,0.782566648876105,0.0,0
2017-08-02 00:00:00+00:00,-1.7521086775065091,-0.2303709924716599,-1.1474494413642862,-0.3794659788510886,1.043166470111524,0.6324050726921356,0.0121654501216543,1
2017-08-03 00:00:00+00:00,-1.7077058926387572,0.7035751341917755,-1.4586624073669978,-0.4778827683649518,0.9714611644369759,0.6660268578586693,0.0048076923076922,1
2017-08-04 00:00:00+00:00,-1.7044789980341857,0.15551736374351816,-1.1873078326605413,-0.08757945012398588,1.134947649149058,0.3910349774275267,0.0311004784688995,1
2017-08-07 00:00:00+00:00,-1.7178130135409897,1.6206390806696587,-0.7199071795129306,0.3188754349094617,1.1478841004964615,0.5539094006561153,-0.0116009280742459,0
2017-08-08 00:00:00+00:00,-1.6965053727085075,-0.9687398392077244,-0.6432437196835146,0.4809081896390796,1.2280209115496965,0.2577132992707372,0.0093896713615022,1
2017-08-09 00:00:00+00:00,-1.6263041187115408,0.7596607464712526,-1.110517704759984,0.10713101712915694,0.7862156193111903,1.0632316805589717,-0.041860465116279,0
2017-08-10 00:00:00+00:00,-1.7107427763721264,-2.6781535671156527,0.9689372676915734,2.0949388374085536,1.4766431467926093,-0.14650442014964662,-0.0533980582524272,0
2017-08-11 00:00:00+00:00,-1.7822129668002256,-2.3342827854960153,1.0102137359475056,2.068962791618015,1.419555883857617,0.3193855276650492,0.0794871794871794,1
2017-08-14 00:00:00+00:00,-1.9937207138429702,3.8527301312447313,1.9304023900586296,1.087892941990888,1.13813052804847,0.3657960522287781,-0.009501187648456,0
2017-08-15 00:00:00+00:00,-1.7812863218765853,-0.6700529270030958,-0.4959518861883995,-0.14195398762377712,1.0740669434528693,-0.15811689641211263,-0.0095923261390887,0
2017-08-16 00:00:00+00:00,-1.7688724605937358,-0.7426656963619311,-0.6996127247367856,-0.5011155345870991,0.8896708430328302,0.029173782880009085,-0.0217917675544794,0
2017-08-17 00:00:00+00:00,-1.7424317393489688,-1.314874422631456,-0.8483334367244341,-0.6361865345716224,0.7571104407532729,0.14901916817935132,0.0,0
2017-08-18 00:00:00+00:00,-1.765865096653851,-0.3558881488942121,-0.5296727057016548,-0.44730112115325493,0.8479587120460625,-0.01198376152751313,-0.0148514851485148,0
2017-08-21 00:00:00+00:00,-1.7708274799107493,-1.1074724338051138,-0.36883060065380097,-0.35908224872192174,0.7853901879755307,0.12551165900116293,0.0201005025125626,1
2017-08-22 00:00:00+00:00,-1.7472706173807124,0.983162057030807,-0.994941142135737,-0.8880340263175038,0.6976214532766796,0.17030808498817926,0.0197044334975369,1
2017-08-23 00:00:00+00:00,-1.803780168916135,1.200396751461195,-0.23399595110300989,-0.5408445545457681,0.5325127772320205,0.6974810739790525,-0.0024154589371979,0
2017-08-24 00:00:00+00:00,-1.6792709149034328,-0.37312539424222035,-1.1336236695963215,-0.7019292137743489,0.7469248913625569,-0.11264116144446554,-0.0072639225181598,0
2017-08-25 00:00:00+00:00,-1.645285626097677,-0.5411421834425615,-1.4458017394482114,-0.9494857435610137,0.612549288669293,0.01880149764882618,0.0048780487804878,1
2017-08-28 00:00:00+00:00,-1.6446255378660863,0.22628884819585532,-1.3134145093699252,-0.8532906871320419,0.5646930863681398,0.12858866194865587,0.0,0
2017-08-29 00:00:00+00:00,-1.6408511160241968,0.29545380483263256,-1.349446230600167,-0.9972832552307825,0.33405981078725633,0.6050986079697662,0.0048543689320388,1
2017-08-30 00:00:00+00:00,-1.6003028750348913,0.21989910575034824,-1.5809306633626776,-0.8544874495674407,0.6230155754303371,-0.1177793468920096,0.0241545893719807,1
2017-08-31 00:00:00+00:00,-1.684643519143501,1.2911072690278118,-0.7039352276622147,-0.3183717139925158,0.72237208332131,0.012589868530752562,0.0047169811320753,1
2017-09-01 00:00:00+00:00,-1.6240962373730952,0.23715549468499866,-1.2910627422875356,-0.7098092665771374,0.613874240078062,-0.03908834585241065,-0.0258215962441312,0
2017-09-05 00:00:00+00:00,-1.658450683830235,-1.357458888623827,-0.4603192879292554,0.026130252811965047,0.6830044913205867,0.07326161198432912,0.0,0
2017-09-06 00:00:00+00:00,-1.5970508080505061,-0.18701270556019722,-1.1667832974276144,-0.700236146262872,0.469605205304648,0.035677328530962005,0.0024096385542167,1
2017-09-07 00:00:00+00:00,-1.574089494942081,0.0737614051503875,-1.315837211649395,-0.8010943501300894,0.3742465788257669,0.14570306661437704,-0.0168269230769231,0
2017-09-08 00:00:00+00:00,-1.4944629147715716,-0.9812374876913684,-0.9657578638904402,-0.1267706826920308,0.37620503067820205,-0.015940318986341608,0.0317848410757946,1
2017-09-11 00:00:00+00:00,-1.443021971794683,1.5579124010468322,-0.5421331927124431,0.3889198180680935,0.32745929633888743,0.01011037910977352,0.0047393364928911,1
2017-09-12 00:00:00+00:00,-1.239528040089937,0.15741047114850795,-1.5589016659463546,0.499497082034786,0.2783151412162451,0.10954058116406408,0.0047169811320753,1
2017-09-13 00:00:00+00:00,-1.2674167727842247,0.42160008851793357,-0.8442243854704893,1.13661236401213,0.29613800122872247,0.30674152846828856,-0.004694835680751,0
2017-09-14 00:00:00+00:00,-1.2432178276283465,-0.0835857962509145,-1.0616905646836223,0.9484506115512904,0.2022240702316763,0.3792586186880174,0.0613207547169811,1
2017-09-15 00:00:00+00:00,-1.5250486103092928,3.044566251248759,1.868981429460502,3.215265509027246,1.206000714431951,-0.6351206826824686,0.0422222222222223,1
2017-09-18 00:00:00+00:00,-1.6106133627035903,1.7566795633093022,2.030348672905479,3.5554519247682386,1.8099777950523561,-1.4167407500077427,-0.002132196162047,0
2017-09-19 00:00:00+00:00,-1.515725866409456,0.058438829536184615,-0.17639302698284867,1.1739566193657573,0.807548143477488,0.09577846395981635,-0.0064102564102562,0
2017-09-20 00:00:00+00:00,-1.5158571559831877,-0.47381078280314565,-0.5649420430892111,0.7040305034952185,0.7905496954950638,0.012656193961713752,-0.027956989247312,0
2017-09-21 00:00:00+00:00,-1.5917221111596087,-1.208448790754986,0.10257840598983282,1.4353513134581832,1.0608533208061959,-0.006996857623746451,-0.0110619469026548,0
2017-09-22 00:00:00+00:00,-1.5369528447811163,-0.6288320602414638,-1.2255006246946187,-0.1380849730314623,0.6318372880382074,0.24122231067112224,-0.0425055928411631,0
2017-09-25 00:00:00+00:00,-1.676098768999516,-2.5626396611188604,0.24819120725675156,0.7408797678117237,0.8418776921045914,0.1686947498877681,0.0046728971962615,1
2017-09-26 00:00:00+00:00,-1.7986364391950682,-0.5612072828240284,0.9146486839119443,1.1489282975381525,1.3293343234838457,-0.3563822082020101,0.0209302325581395,1
2017-09-27 00:00:00+00:00,-1.7455414961774687,0.7487896416130703,-0.7017343868130549,-0.08673015397141684,1.1906354435046842,-0.2131543208900869,0.0,0
2017-09-28 00:00:00+00:00,-1.6990286429145252,-0.03719807179607478,-1.5122790646528836,-0.767836251068874,0.9274164965158695,0.16131106273829768,0.0182232346241457,1
2017-09-29 00:00:00+00:00,-1.7181500375393775,0.6440992001194108,-1.138819173436462,-0.33310040358953436,1.1992346944738648,-0.2833086847826533,0.0,0
2017-10-02 00:00:00+00:00,-1.7487539708244755,-0.32074892342692835,-0.8923003690572184,-0.5331849121070084,0.908019556196288,0.28831057289348105,0.0022371364653246,1
2017-10-03 00:00:00+00:00,-1.6707644120047194,0.08748703886127093,-1.5560669570703192,-0.7660858674363783,0.8390371788996437,0.3032752201811338,0.0089285714285711,1
2017-10-04 00:00:00+00:00,-1.6960335370627022,0.45396222776462264,-1.3022690233537872,-0.6734998109953394,0.8150525241732455,0.43067360902203417,0.0,0
2017-10-05 00:00:00+00:00,-1.6716976869050792,-0.1241189879346229,-1.5762648776990216,-0.6778196703392895,0.9711077834125136,0.08341006293405441,0.002212389380531,1
2017-10-06 00:00:00+00:00,-1.665571884086552,0.266961121426049,-1.6151558436949827,-0.9006550497146127,0.6788520269287683,0.6486176840334263,0.0220750551876378,1
2017-10-09 00:00:00+00:00,-1.714923593366402,1.046412512443003,-0.8275791872004128,-0.2666668977518378,0.898866493819697,0.4229175037759799,0.019438444924406,1
2017-10-10 00:00:00+00:00,-1.7894749516394153,0.32572513169337686,-0.06528729019440546,0.6016483998018793,1.5354945187933748,-0.4722194740808324,0.0105932203389829,1
2017-10-11 00:00:00+00:00,-1.7292882302657535,0.5135718328400123,-1.1921771599699489,-0.4751563087286232,1.0288650852498031,0.32848476105165814,0.0020964360587003,1
2017-10-12 00:00:00+00:00,-1.7141340320413136,0.0741996466882376,-1.3176294398860453,-0.47574102453705147,1.0633836302637696,0.253940098040297,0.0167364016736402,1
2017-10-13 00:00:00+00:00,-1.6366853841228295,0.7104470584385751,-1.1373379857617967,0.09443548420536076,1.1322491373231072,0.13948170595953435,0.0185185185185183,1
2017-10-16 00:00:00+00:00,-1.53701216678676,0.928115648226493,-1.034012220190558,0.304464779584704,0.81216232189749,0.4437691585205212,-0.0020202020202019,0
2017-10-17 00:00:00+00:00,-1.4384665954348776,0.02047081225794956,-1.7261515507987202,0.08758285219482674,0.7475166244921142,0.266153544943932,0.0,0
2017-10-18 00:00:00+00:00,-1.464708656683448,-0.0641240166898176,-1.1236368173770561,0.42369095414245944,0.7284491276186419,0.3219805115246425,0.0020242914979755,1
2017-10-19 00:00:00+00:00,-1.429112137061393,0.43582393408150155,-0.9644583560675146,0.6307949378428082,0.4955782900081255,0.8511299264440961,-0.0060606060606061,0
2017-10-20 00:00:00+00:00,-1.3565965166472091,-0.3633691209023646,-1.7320698129258094,0.29456783973437034,0.6556803210854776,0.23186150308088452,0.0,0
2017-10-23 00:00:00+00:00,-1.2753360955483986,-0.03494053733638293,-1.9495756349701538,0.5979791481312118,0.6759822850542029,0.42018391391943993,0.0101626016260161,1
2017-10-24 00:00:00+00:00,-1.2129772201580744,0.6678575137267265,-1.9661964873445523,0.6569518973038513,0.48957634562899405,0.49512734967094746,-0.0261569416498993,0
2017-10-25 00:00:00+00:00,-1.327951267605561,-1.4785838799576916,-0.1379373283297888,1.9867082567094636,0.7273049308709483,0.3218417306411782,0.0103305785123966,1
2017-10-26 00:00:00+00:00,-1.2075014783323255,0.5626001977806029,-2.225667315511191,0.2641281419935891,0.4208945928820895,0.30929512490550676,0.0327198364008181,1
2017-10-27 00:00:00+00:00,-1.3029655706165624,1.6392610779154655,-0.9183566898490941,1.0478567044696052,0.5201157182295415,0.3273136807625837,0.0099009900990099,1
2017-10-30 00:00:00+00:00,-1.2710617491933311,0.5873836045726226,-1.2680346771873852,0.837682742043638,0.42518804687173095,0.4507211443192771,0.0137254901960783,1
2017-10-31 00:00:00+00:00,-1.2397494205723025,0.7334115714945765,-1.7579489921533769,0.5052586860123852,0.43384664101566894,0.2940124711185206,0.0019342359767891,1
2017-11-01 00:00:00+00:00,-1.2673405377675093,-0.13830550270740627,-1.2931501321484646,0.8344475344078056,0.5312132130467748,0.1721180581762159,-0.0057915057915056,0
2017-11-02 00:00:00+00:00,-1.2350875130420853,-0.19915247850128948,-1.800521576199816,0.3083120262681611,0.2332809674363681,0.621684283731108,0.0135922330097086,1
2017-11-03 00:00:00+00:00,-1.240432909165785,0.7150055672506637,-1.825654037931602,0.3071414066260179,0.33575886128603616,0.4175758122016366,0.0038314176245211,1
2017-11-06 00:00:00+00:00,-1.214590265553161,0.44917126920994116,-1.842428024427026,0.4709063374166382,0.30605012450949254,0.5257796987357367,0.0114503816793891,1
2017-11-07 00:00:00+00:00,-1.159312277291032,0.6648216500170311,-1.7745906021996167,0.7335518969476331,0.36486898389984285,0.16585488021280517,-0.0132075471698112,0
2017-11-08 00:00:00+00:00,-1.1781899500968436,-0.7657670278407029,-1.3013613489735127,1.0917006069824482,0.40963479310416256,0.0907331076925423,-0.0191204588910134,0
2017-11-09 00:00:00+00:00,-1.2955174223059331,-0.7482607259984749,0.053252291573132673,2.4079686450882765,0.8477198965959767,-0.06833959820150054,0.0526315789473685,1
2017-11-10 00:00:00+00:00,-1.4570115800418568,2.157670214253189,1.1533330809017206,2.8255009938088467,1.3820539027127268,-1.033793297999347,-0.0148148148148148,0
2017-11-13 00:00:00+00:00,-1.3219745471795041,-0.8884923922899666,-1.0197330690622275,0.7489640689811229,0.525565743652127,-0.0008544991789135614,0.0056390977443607,1
2017-11-14 00:00:00+00:00,-1.3189378658673754,0.32337271575773646,-1.2948697889668024,0.5205440149369613,0.5118637216971464,0.0376027408390453,-0.0186915887850466,0
2017-11-15 00:00:00+00:00,-1.3029287660119302,-0.8874527312489816,-1.3668636406093586,0.4408348064130737,0.4058212574209097,0.12995145406699532,0.0076190476190476,1
2017-11-16 00:00:00+00:00,-1.2886239565268716,0.20534746457891162,-1.5280017345188985,0.2609799499135391,0.45555205162471485,-0.1635143801795151,-0.0018903591682418,0
2017-11-17 00:00:00+00:00,-1.308774825157937,-0.34486059721725776,-1.2166749986115282,0.5134149581086137,0.5078455121373548,-0.15974589282459842,0.0132575757575756,1
2017-11-20 00:00:00+00:00,-1.3096350048093315,0.716622870497151,-1.4607350896370994,0.1081677080470685,0.275640531743161,0.26007559888545134,0.0093457943925234,1
2017-11-21 00:00:00+00:00,-1.2732371770466941,0.4664810510622511,-1.8086319329005294,0.08932781958219514,0.4213304672959149,-0.0983939238705416,-0.0055555555555556,0
2017-11-22 00:00:00+00:00,-1.2177611884008914,-0.3566481347056913,-1.8255115199157563,0.15852818823820286,0.26439597703765116,0.05187214128175607,0.0093109869646181,1
2017-11-24 00:00:00+00:00,-1.18566942040154,0.5519943175508624,-2.3673176432759027,-0.43226071918644465,0.029265893246956318,0.30651579911339066,-0.0129151291512915,0
2017-11-27 00:00:00+00:00,-1.1829378579967398,-0.747693588453714,-1.7121486348478883,0.4908629881078743,0.32716121641257984,-0.08203790065142512,-0.0149532710280374,0
2017-11-28 00:00:00+00:00,-1.2406351808332836,-0.9641859964302748,-0.9509482238285131,0.8358399764786512,0.2767060430515909,0.12613451933952854,-0.0683111954459202,0
2017-11-29 00:00:00+00:00,-1.605842476297772,-4.455108658729659,3.2122226895169628,3.279201400158424,0.7459186003908939,0.017129659276564946,0.0224032586558042,1
2017-11-30 00:00:00+00:00,-1.4780144583461845,0.94174788407529,0.10421079548244822,1.0331788388056529,0.6909496077832449,-0.35481768497963767,-0.0159362549800795,0
2017-12-01 00:00:00+00:00,-1.5201241239851273,-0.8911518687381901,0.14713901305268987,0.9040222081740101,0.5740541074601093,0.09666273247013,-0.0546558704453442,0
2017-12-04 00:00:00+00:00,-1.7467881798201246,-3.912676634745185,2.3717829239244566,1.9284590015817582,0.8339852991964043,-0.004382673534147847,0.0042826552462527,1
2017-12-05 00:00:00+00:00,-1.8086851747158508,0.4659528015617961,1.5390363069959856,0.8734829493266598,0.4226570686289553,1.246834130511408,0.0085287846481876,1
2017-12-06 00:00:00+00:00,-1.6536412411816162,0.6650197275996729,-0.7849725680902339,-0.5765359554104095,0.4257880702777686,0.6548556650827337,0.014799154334038,1
2017-12-07 00:00:00+00:00,-1.6290921597736294,0.5342943614567407,-0.9481214609294002,-0.42069347713323446,0.776093732000167,-0.18264397552564954,-0.0020833333333333,0
2017-12-08 00:00:00+00:00,-1.5586854263442447,-0.35684436163804995,-1.1727322403867182,-0.4872718775113902,0.6219123156642995,-0.18707248748796057,0.0167014613778706,1
2017-12-11 00:00:00+00:00,-1.4644608258466525,0.9489853735774992,-1.4032165594364225,-0.47410733405461775,0.33404939674207856,0.2403929925481528,-0.0205338809034908,0
2017-12-12 00:00:00+00:00,-1.441506914170051,-1.007910393236533,-1.2514759369674646,-0.17577626948170286,0.35673100020258774,0.16178505811243976,-0.0251572327044024,0
2017-12-13 00:00:00+00:00,-1.4800550780975992,-1.7579243134293816,-0.6343235746452724,0.17136305781182282,0.47468837669599256,-0.09442953783505192,0.0021505376344086,1
2017-12-14 00:00:00+00:00,-1.466420308833638,0.09682688137637206,-1.0772695550357139,-0.2289041991002225,0.3147074313300753,0.21573355541768227,0.0278969957081545,1
2017-12-15 00:00:00+00:00,-1.572351618971917,1.2944059598769126,-0.019243134915442404,0.3509171215977117,0.47542531946504374,0.17963400850869918,0.033402922755741,1
2017-12-18 00:00:00+00:00,-1.5552887550758179,1.6947536045900982,-0.5093065258819822,-0.2821690564770234,0.24368351275901518,0.3565367796529578,-0.01010101010101,0
2017-12-19 00:00:00+00:00,-1.452458121333228,-0.5310736164987099,-1.5240310177345227,-0.5834948737518824,0.34145305488216027,-0.05452979965554439,0.004081632653061,1
2017-12-20 00:00:00+00:00,-1.4554362556502083,0.06317476994462522,-1.5077626155246329,-0.7835463220431454,0.22424999381693533,0.05430785341704013,-0.0040650406504064,0
2017-12-21 00:00:00+00:00,-1.428447922290436,-0.2040992663213168,-1.7185391046350307,-0.7655543929308414,0.25283235822053496,-0.010031950311762763,-0.0040816326530612,0
2017-12-22 00:00:00+00:00,-1.503528190461044,-0.09357196067977554,-1.0112372231216864,-0.3101855540057102,0.3203041475450656,0.24389562635821868,0.0122950819672131,1
2017-12-26 00:00:00+00:00,-1.526755759251362,0.8824609978779216,-0.934788386071893,-0.6163988779622306,0.052145660707771234,0.7222218735939957,-0.0020242914979758,0
2017-12-27 00:00:00+00:00,-1.4561829967666282,-0.033578577132737396,-1.4348504216538087,-0.6663117686731721,0.19168207068120033,0.21789829569332483,0.0,0
2017-12-28 00:00:00+00:00,-1.2685906509432991,-0.01810661346115177,-2.119602365063181,-0.47533869026609415,0.13896397047210843,0.06905272400534264,-0.0182555780933062,0
2017-12-29 00:00:00+00:00,-1.2429240170954763,-1.222311713631245,-1.6276904478592993,-0.14983325921592822,-0.001644060700361619,0.12329755428163576,0.0289256198347107,1
2018-01-02 00:00:00+00:00,-1.2665356988370038,1.4458893263598356,-1.0656820690762505,0.10882309274467301,-0.10597895992181364,0.2752108714782226,0.0662650602409637,1
2018-01-03 00:00:00+00:00,-1.3900304030764137,3.1735292012767427,1.3961164392543934,2.2361595013700044,0.4194693757661517,-0.1948790072165542,0.0056497175141243,1
2018-01-04 00:00:00+00:00,-1.1888115450306715,0.004564044669284472,-0.5645254694505698,1.1463988237896225,0.2331405087121722,-0.5905352905601996,0.0074906367041198,1
2018-01-05 00:00:00+00:00,-1.2117264002936488,0.3818374790438839,-0.49297343564535806,1.0855136513700725,0.1181550602551809,-0.21376284469434997,0.0315985130111524,1
2018-01-08 00:00:00+00:00,-1.2975895187293864,1.289440384425381,0.49291233743212626,2.0230647919826192,0.6557847331630291,-0.9106804376331519,0.0,0
2018-01-09 00:00:00+00:00,-1.2205557992432063,-0.045056537392972024,-0.8766571145057759,0.6369518564874332,0.0822621289584354,-0.16065495669489757,0.0072072072072071,1
2018-01-10 00:00:00+00:00,-1.30259032358511,0.697061833735538,-0.1686308162196051,0.9024040751203695,-0.06249602533243661,0.5171051500467516,0.0017889087656528,1
2018-01-11 00:00:00+00:00,-1.1866488736716014,0.04119709041169646,-1.4901594660905515,0.29346561295717155,0.12656738118037975,-0.2350376584097172,-0.0053571428571427,0
2018-01-12 00:00:00+00:00,-1.1549742305106463,-0.23397013690485277,-1.6139320631279443,0.25200637205415033,0.0030877776150943525,0.0075718847798579535,-0.0125673249551166,0
2018-01-16 00:00:00+00:00,-1.3065677110045915,-1.016553706014296,0.3698037159417251,1.5066009183119637,0.2255159503859844,0.046434915694801696,0.0218181818181817,1
2018-01-17 00:00:00+00:00,-1.2777157717282734,1.1122710012256167,-0.25608424091902193,0.8956052426075074,0.006283322730412165,0.3639476519870833,-0.0017793594306049,0
2018-01-18 00:00:00+00:00,-1.170052922952311,0.005803230832594554,-1.4249805065442585,0.4365685501036661,0.05356027685634248,0.0649596219203066,0.0249554367201425,1
2018-01-19 00:00:00+00:00,-1.232233968597219,1.1403410453844391,-0.7561003243718981,1.0674564552659807,0.4360184818618361,-0.40581765489075095,0.0156521739130435,1
2018-01-22 00:00:00+00:00,-1.262217980886006,0.8740473219516611,-0.7931262703542966,0.8024145828482201,0.2523598366479651,0.08935618579922225,0.0222602739726027,1
2018-01-23 00:00:00+00:00,-1.2587294931140032,1.0977092751329558,-1.1158171343540384,0.49034810763643955,0.2694491357936116,0.007596848566648868,-0.0134003350083752,0
2018-01-24 00:00:00+00:00,-1.2747847186884853,-0.8664489407587279,-0.7336970068216623,0.8498856340117348,0.34827205996102073,-0.06776667358829469,0.0033955857385399,1
2018-01-25 00:00:00+00:00,-1.239446867127574,0.014610715475704226,-1.4893426547792221,0.21860167943715247,0.284380983461392,-0.13054948715460654,0.0287648054145515,1
2018-01-26 00:00:00+00:00,-1.3152786472736877,1.530106699417671,-0.8643500254981115,0.49195228600129604,0.28452699655499647,0.17336115933102958,0.0148026315789473,1
2018-01-29 00:00:00+00:00,-1.3350954300797009,0.859066096842124,-0.8850879794158694,0.2869432906019145,0.14998453031491016,0.5186574341327806,-0.0162074554294975,0
2018-01-30 00:00:00+00:00,-1.3603237447509295,-0.5368461597235487,-0.6478153892932028,0.6113088829360085,0.22366402205175243,0.6794749790764915,0.0115321252059306,1
2018-01-31 00:00:00+00:00,-1.3275891319350304,0.44123463267842633,-1.2600987760513842,0.2754982100530616,0.48013960228084257,-0.008656230731164387,-0.021172638436482,0
2018-02-01 00:00:00+00:00,-1.3077488676962654,-0.6984798919456057,-0.7934095681313115,0.7371087992852106,0.12860075157502762,1.0600931438360426,-0.0282861896838602,0
2018-02-02 00:00:00+00:00,-1.314180470928162,-1.3970870110186189,-0.5915176488031084,1.2152054341844087,0.5698668084525037,0.1303215640109957,-0.0856164383561643,0
2018-02-05 00:00:00+00:00,-1.748112344533128,-5.230332561300829,3.9965137448098367,2.330559051366271,-0.14216532591965245,1.6087896086928806,0.0561797752808987,1
2018-02-06 00:00:00+00:00,-1.8340529578437768,3.817219084762633,3.5225888517927637,1.6368819145717952,-0.3505077323327412,2.440000815935933,0.0141843971631205,1
2018-02-07 00:00:00+00:00,-1.567584165882015,0.34122223195903884,0.33578182707855414,0.5219087797813109,0.621486606061461,-0.4534258918063075,-0.0489510489510488,0
2018-02-08 00:00:00+00:00,-1.7330180344775092,-3.7622696560118594,2.2570742903145544,1.4439796573795118,0.7135930421444716,-0.3815159747581295,0.0661764705882352,1
2018-02-09 00:00:00+00:00,-2.024534950790658,1.3744260981565137,4.07938194488479,2.1467468243096373,1.4489818067931877,-1.2136609589748941,-0.0172413793103447,0
2018-02-12 00:00:00+00:00,-1.8686782515565854,-1.5135927535468194,1.0528990177124604,0.3353585423584319,1.0999363341477473,-0.5558300710149525,0.0210526315789474,1
2018-02-13 00:00:00+00:00,-1.8655358228066423,1.2190249500618686,0.3012572643149729,-0.8302399966257833,0.4524653707124802,0.6068274313454323,0.0378006872852232,1
2018-02-14 00:00:00+00:00,-1.9451428716735244,2.130197773032938,0.9721299464220445,-0.6076300444405652,0.4278047537191892,0.882522818142144,0.0198675496688742,1
2018-02-15 00:00:00+00:00,-1.8690161451177596,0.7763778091738147,-0.023197987666578147,-0.8256060745102681,0.8860309109088589,-0.21539981077474327,-0.0097402597402598,0
2018-02-16 00:00:00+00:00,-1.8394399948178632,-0.5647813810640795,-0.3170808435697478,-0.9494958122338073,0.7956891341053387,-0.034203304902939644,0.0213114754098362,1
2018-02-20 00:00:00+00:00,-1.8915636376949554,1.0665541436342934,0.021286470118979342,-0.8920112037098852,0.8103437612462251,0.08816343008734409,-0.0304975922953452,0
2018-02-21 00:00:00+00:00,-1.9351862367058845,-2.216306647729181,0.5882018270928198,-0.41560761482196085,1.0666054689985107,-0.3019393589668163,0.0016556291390728,1
2018-02-22 00:00:00+00:00,-1.8840031709677947,-0.09952362181183028,-0.48910293721760023,-1.300311022692352,0.8494713877159429,-0.04268924403454429,0.0165289256198348,1
2018-02-23 00:00:00+00:00,-1.859963932333466,0.7274046222804937,-0.95153415068692,-1.6219418109949397,0.853065114684103,-0.15521702279463753,0.0016260162601626,1
2018-02-26 00:00:00+00:00,-1.8440113748170297,-0.11474694101656943,-0.9120640110028606,-1.4467671802192654,0.9122456704663785,-0.24884399447408187,-0.0016233766233766,0
2018-02-27 00:00:00+00:00,-1.8401818909851042,-0.052433970583313526,-0.9903447831847565,-1.485497690310507,0.8421384364299737,-0.044207878706006745,-0.0162601626016261,0
2018-02-28 00:00:00+00:00,-1.8572210100665536,-1.0930422045997863,-0.568685263594834,-1.2566721049180698,0.8397926717947102,-0.06420070610546867,-0.0396694214876033,0
2018-03-01 00:00:00+00:00,-2.0555833061892255,-2.715909278246378,1.6081988037776231,-0.11124109153547636,0.9449732879036656,0.3180596462796657,0.017211703958692,1
2018-03-02 00:00:00+00:00,-2.1398395068860276,1.1024469051438126,1.548014215713648,-0.5805926325430865,0.6686684706692815,1.2857263571811548,-0.0033840947546531,0
2018-03-05 00:00:00+00:00,-1.9874809994523606,-0.1581887223862455,-0.1179723613207998,-1.22054758435424,0.8986938958949869,0.3925234041987034,0.0271646859083192,1
2018-03-06 00:00:00+00:00,-1.877897112017963,1.193105419271053,-0.5298182167999093,-0.7996332600699805,1.1670195610848109,0.07554011266409265,0.0,0
2018-03-07 00:00:00+00:00,-1.8004560213886802,0.2926962414617991,-0.7305231405196791,-0.7023466223567998,0.8790942404455357,0.6800568437406571,-0.0033057851239668,0
2018-03-08 00:00:00+00:00,-1.7056970911801244,-0.2702964888866051,-1.4158028562866856,-1.023033429332413,0.9279675078389211,0.10125127543131411,0.0165837479270314,1
2018-03-09 00:00:00+00:00,-1.645683112440715,0.8018203747737861,-1.2590128570798742,-0.5667845477026326,0.9487974934661578,0.10260391855627513,0.0179445350734095,1
2018-03-12 00:00:00+00:00,-1.5558273596910053,0.8686688835392287,-0.8027517785238576,0.13811876445548774,0.8106828234030056,0.33995691880274936,-0.0080128205128204,0
2018-03-13 00:00:00+00:00,-1.5052691609316482,-0.7313586912393348,-0.6328399998768234,0.3704964758682498,0.7456536598678533,0.22272053058272548,0.0048465266558965,1
2018-03-14 00:00:00+00:00,-1.4408563256036813,0.13386202355121676,-1.412086853564056,0.021059342430868034,0.7738658081029294,0.03616650100139806,0.0016077170418007,1
2018-03-15 00:00:00+00:00,-1.401157525514679,0.058514190615124625,-1.522687800124434,-0.0861032450982534,0.5456762594569153,0.43278456698173506,0.0048154093097911,1
2018-03-16 00:00:00+00:00,-1.3413765773053983,0.27546691700683584,-1.8551925656281547,-0.05371474344099763,0.6099264206116044,0.17382178430440312,-0.0367412140575079,0
2018-03-19 00:00:00+00:00,-1.4750456283419875,-2.1661792225290553,0.056180285371213445,0.9186241864505978,0.5064090720207266,0.6011148331220801,0.0348258706467661,1
2018-03-20 00:00:00+00:00,-1.4952791035733548,1.916865532290177,-0.22325237067932596,0.3240746172328657,0.28326342337497135,0.9157809402858005,-0.0048076923076924,0
2018-03-21 00:00:00+00:00,-1.3271796706097445,-0.23756189398840072,-1.447845316933165,0.11772113914148065,0.4270788690731055,0.2283093294041872,-0.0257648953301127,0
2018-03-22 00:00:00+00:00,-1.3655581411483573,-1.3840024673829314,-0.8473638909710376,0.4610217432804239,0.40246451795233923,0.32592985871059826,-0.0380165289256198,0
2018-03-23 00:00:00+00:00,-1.4386058351602633,-2.4273610431720227,-0.110901907101248,0.9183580948847222,0.6263356999952058,-0.007562135649406389,0.0498281786941581,1
2018-03-26 00:00:00+00:00,-1.5211698392912685,2.321765533411273,-0.09830240006143874,0.25377897955393086,0.45625268351136744,0.1770417349538112,-0.0769230769230769,0
2018-03-27 00:00:00+00:00,-1.8881319651503057,-5.565106891407323,4.331569524268836,2.3748249116884717,0.4907676856356265,0.6524914759250277,-0.0195035460992907,0
2018-03-28 00:00:00+00:00,-1.7342219694981078,-1.2537234812838243,1.1059290936660995,0.6192116218864877,0.608562491372958,0.2993730752376872,0.047016274864376,1
2018-03-29 00:00:00+00:00,-1.8116625429324702,2.165054730927649,1.7083458839799661,0.5135927055714986,0.4284413743076869,0.6406458908359886,-0.0449050086355785,0
2018-04-02 00:00:00+00:00,-1.7817235432139025,-2.801785470183959,1.7621045036338276,0.5985686112004504,0.31047325470705334,0.6580379748738121,0.0180831826401446,1
2018-04-03 00:00:00+00:00,-1.7022259734198413,0.24480597829016493,0.2887449422101761,-0.26434116457094575,0.6095501246845877,-0.3367389667836053,0.005328596802842,1
2018-04-04 00:00:00+00:00,-1.8003228422905406,1.057071736181982,1.1190795271470788,0.031032549048866268,0.038042419370734534,1.5607677553418033,-0.0229681978798586,0
2018-04-05 00:00:00+00:00,-1.7206187343565555,-1.7554498612371152,0.401074783807088,-0.1621934518187455,0.5529210996433659,-0.012297204149314464,-0.0307414104882459,0
2018-04-06 00:00:00+00:00,-1.725148099679424,-1.5934442917918525,0.016503594128248138,-0.40359785308218493,0.46546965183805045,0.3252679819152129,0.005597014925373,1
2018-04-09 00:00:00+00:00,-1.7163984612440268,-0.0321054287767907,-0.3486802667700192,-0.8209839469173862,0.5005421872078982,0.06004026102514419,0.0575139146567718,1
2018-04-10 00:00:00+00:00,-1.7902414107061186,2.33033948702024,0.28283959765168215,-0.39610164045879065,0.8884611946788167,-0.69841020928473,-0.0070175438596491,0
2018-04-11 00:00:00+00:00,-1.6799841111873361,-0.3695037469706995,-0.901443581141209,-1.118162939300507,0.4956984700643073,-0.16578312101429737,0.0371024734982332,1
2018-04-12 00:00:00+00:00,-1.7764182680915197,1.7193699608022623,-0.0057035242535474024,-0.8518145589545879,0.524198551518339,-0.11375066939604135,-0.0136286201022146,0
2018-04-13 00:00:00+00:00,-1.744701545017826,-1.15738575953107,-0.2670785777074041,-1.0153757758552875,0.48296006555721877,-0.18009439996365442,0.0,0
2018-04-16 00:00:00+00:00,-1.7123691719422565,-0.06425261312534271,-0.8617370793506779,-1.4538962945223712,0.34452913505678645,0.038612344916689294,0.0259067357512954,1
2018-04-17 00:00:00+00:00,-1.737487641390232,1.2204897851988294,-0.2875268437173832,-1.1446589216278409,0.3070790180697575,0.14640845976913314,-0.005050505050505,0
2018-04-18 00:00:00+00:00,-1.676586411464863,-0.20273606225031893,-0.683395934009981,-1.2013027783176153,0.229736164974722,0.25679127450215367,-0.0304568527918781,0
2018-04-19 00:00:00+00:00,-1.6725466504926514,-1.4634100385953013,-0.6029822548203314,-1.014231356270432,0.27205978099507816,0.19779325753862817,-0.0017452006980803,0
2018-04-20 00:00:00+00:00,-1.6421265607216018,-0.10315671582549447,-0.9478946259970332,-1.230867823324447,0.3237914842917968,-0.07297035555085638,-0.020979020979021,0
2018-04-23 00:00:00+00:00,-1.648327282499205,-1.4699026313152401,-0.32541950692425553,-0.9171747474027075,0.19740495272823985,0.08615530537642165,-0.0124999999999998,0
2018-04-24 00:00:00+00:00,-1.6464998607064456,-1.0117326734464975,-0.11505813108484673,-0.7830672604492398,0.08878395839063016,0.42544645716031226,-0.0198915009041591,0
2018-04-25 00:00:00+00:00,-1.557382542991763,-1.2700287444795788,0.21796626222705578,0.13749789323569675,0.15054027912930457,0.5342723359321639,0.0387453874538745,1
2018-04-26 00:00:00+00:00,-1.4507849467443492,1.5942281053697485,-0.8879500282313708,-0.5603495544087123,0.20556286669550583,-0.24559642788002548,0.005328596802842,1
2018-04-27 00:00:00+00:00,-1.3637489417288384,-0.13539134448241547,-1.0056228598225756,-0.23885682938483033,0.18514172163999235,-0.29466458504557613,-0.0070671378091873,0
2018-04-30 00:00:00+00:00,-1.2710632862277984,-0.4592519734022202,-1.3922913670457857,-0.2563650221545311,-0.027804194666931282,0.025047251509054597,0.0106761565836297,1
2018-05-01 00:00:00+00:00,-1.24915574150402,0.6549224570733295,-1.4086988949206196,-0.43296595615523936,-0.2901917645264603,0.38616432764311925,-0.0035211267605632,0
2018-05-02 00:00:00+00:00,-1.1645913719704573,-0.13411780762295702,-1.6744197049348981,-0.2944034535842218,-0.2481649860238959,0.0021850297214440926,0.028268551236749,1
2018-05-03 00:00:00+00:00,-1.2513901845033255,1.453729129812689,-0.2995279337921436,0.4531660378591528,-0.28913015443319195,0.2882985803037277,0.027491408934708,1
2018-05-04 00:00:00+00:00,-1.2113881584716337,1.620798866246026,-0.5025277296162517,0.3854319370564156,-0.41191707098460806,0.4840029463997399,0.040133779264214,1
2018-05-07 00:00:00+00:00,-1.2645006181360354,1.9181406547145488,0.3303201833372451,1.3461415249764517,0.15942221915296634,-0.42976752113201977,0.0064308681672025,1
2018-05-08 00:00:00+00:00,-1.1160317301994414,0.43318451916135875,-1.039624782047017,0.8474324488391314,0.07772340497029062,-0.40878931590383655,0.0207667731629392,1
2018-05-09 00:00:00+00:00,-1.1778922270547953,1.1467508781381286,-0.4039694490691789,1.164601112125092,0.11741964341353178,-0.26901653868373837,0.0172143974960876,1
2018-05-10 00:00:00+00:00,-1.2033986056843298,0.8744350311967722,0.17166391971500233,2.485170131181254,0.9508330884677495,-1.3051421433189832,-0.0215384615384615,0
2018-05-11 00:00:00+00:00,-1.3412858079559713,-0.7590803086353238,1.2578149946221606,2.9803226992949137,0.8456103796277729,-0.42877352794027224,0.0031446540880502,1
2018-05-14 00:00:00+00:00,-1.2320093199018483,0.08818335578963145,-1.1642725825084266,0.5367614784516905,0.3601574937430768,-0.33477811516280354,-0.0376175548589342,0
2018-05-15 00:00:00+00:00,-1.3880792852563084,-2.184346731420778,0.7276259902995725,1.868032853994057,0.6238197442718967,-0.25708248086536417,0.001628664495114,1
2018-05-16 00:00:00+00:00,-1.342045525482211,0.21316029380097312,-0.7730705161433838,0.4062135617563473,0.27890903005538414,0.1516838212676634,0.0065040650406504,1
2018-05-17 00:00:00+00:00,-1.3335468499149175,0.36233127570034634,-0.9048689259911703,0.36332309616131325,0.31579329059608996,0.15301607830162012,-0.0064620355411955,0
2018-05-18 00:00:00+00:00,-1.3308359541941526,-0.6279136522203257,-0.9726252002437075,0.26719817221185566,0.35711438699282005,-0.029579694665079426,-0.0065040650406503,0
2018-05-21 00:00:00+00:00,-1.3910225550743298,-0.8383382960346508,-0.2699668677151515,0.781280953467553,0.5194332925205484,-0.05753909956025291,-0.0065466448445171,0
2018-05-22 00:00:00+00:00,-1.3422362451018104,-0.4247521964715676,-1.1485202746309144,0.30914327172338585,0.47910361926597894,0.013997998401574304,0.0197693574958814,1
2018-05-23 00:00:00+00:00,-1.3757360460439123,1.3300897909958802,-0.8924432609481525,0.13445928969592738,0.13050289393372413,0.8222240998994296,0.0,0
2018-05-24 00:00:00+00:00,-1.3081501337637105,0.05817557110372737,-1.4902228620947162,0.16667620297704674,0.4129214800454816,0.23620482485946045,0.0064620355411955,1
2018-05-25 00:00:00+00:00,-1.2737629747652122,0.3646047475042668,-1.960502483703094,-0.27215598588975587,0.29167975747041525,0.26178095662908424,-0.0032102728731943,0
2018-05-29 00:00:00+00:00,-1.2882021586308192,-0.09567150610025348,-1.701871516243603,-0.06321052318996469,0.2955719970920302,0.3592062851492012,0.0177133655394525,1
2018-05-30 00:00:00+00:00,-1.3208390782157482,0.9249607153233297,-1.521483761425475,-0.0004628821535587306,0.38396481891265,0.27625699334838094,-0.0031645569620254,0
2018-05-31 00:00:00+00:00,-1.3292725271037222,-0.05119261761040479,-1.4530362402708108,0.2615814417588014,0.5324320918557756,0.18123412150021379,0.0222222222222223,1
2018-06-01 00:00:00+00:00,-1.3408949309905978,1.1571217193147796,-1.463322109576134,0.06291767638650404,0.4688361737147428,0.2668864491931148,0.0279503105590062,1
2018-06-04 00:00:00+00:00,-1.4284824884733556,1.480076149321864,-0.5005702837366331,0.6870735965458342,0.5797751290322365,0.4426132927174893,0.0015105740181269,1
2018-06-05 00:00:00+00:00,-1.2816373413138284,0.15074482270954875,-1.88197773389516,0.07951304027159435,0.5186814206892445,0.24084464156836002,0.0,0
2018-06-06 00:00:00+00:00,-1.2863873893335447,0.3306382402404579,-1.7453965614025972,0.04981721165732619,0.318045278562772,0.6630553003743106,-0.009049773755656,0
2018-06-07 00:00:00+00:00,-1.267845213681643,-0.5117728212737962,-1.5685336673449632,0.16635620515200664,0.3182802333567211,0.4922431642731662,-0.0015220700152207,0
2018-06-08 00:00:00+00:00,-1.1992934172457363,0.17383572407994025,-1.7221638214674055,0.2423109771125523,0.17897573248422458,0.5740567960923304,-0.0060975609756097,0
2018-06-11 00:00:00+00:00,-1.0714504943913408,-0.22551230485565035,-2.1556515716796487,0.15211284507859513,0.02238259350434005,0.3271998700018302,0.0061349693251533,1
2018-06-12 00:00:00+00:00,-1.0676829042564735,0.3652321334546535,-1.9412707206138544,0.3767449202159481,0.0784333154778587,0.18027694591412585,0.0,0
2018-06-13 00:00:00+00:00,-0.9781852877265804,0.05021828120310473,-2.01871267884415,0.7840149302053001,0.09101391688091512,0.17429012639187164,0.0167682926829269,1
2018-06-14 00:00:00+00:00,-1.0165124436911246,0.8577314433811112,-1.3814370608853523,1.1729426195491197,0.13011025699450512,0.16343156633470687,-0.0059970014992504,0
2018-06-15 00:00:00+00:00,-0.9808495099033258,-0.12640364869092727,-1.607204934647547,1.1879964342502392,0.1094684575016449,0.1620288781367597,0.0,0
2018-06-18 00:00:00+00:00,-0.9500391361380229,0.22512119063886163,-1.9575056685559888,0.9053600448660992,0.017846971303224917,0.2064407055517617,-0.0196078431372548,0
2018-06-19 00:00:00+00:00,-1.0290087263430445,-0.8337091977770842,-0.5692132513304058,1.9325378737131886,0.12789264382756468,0.2582040692580213,0.0092307692307691,1
2018-06-20 00:00:00+00:00,-0.9522842367589917,0.4517552371064631,-1.7270580640405302,0.9880644596479394,0.03840943246397618,-0.026405714323243398,-0.0198170731707316,0
2018-06-21 00:00:00+00:00,-0.9621499816112982,-1.2802453426137759,-1.4012915144567129,1.0341164689828606,-0.10659018430975314,0.13111055487523054,-0.0248833592534992,0
2018-06-22 00:00:00+00:00,-0.9858551902785302,-1.5671302109570682,-1.051791880385518,1.28844543126405,-0.037782498226492656,-0.026266067449088635,-0.0462519936204145,0
2018-06-25 00:00:00+00:00,-1.1105556161917083,-2.5447439694360443,0.17774624697262417,1.9778932104323186,0.04957979217172539,0.0553869267883443,0.0117056856187289,1
2018-06-26 00:00:00+00:00,-1.0747263772834066,0.3056452666925021,-0.944149590580914,1.044924347927177,0.12448127205374267,-0.4030990793808171,-0.0264462809917355,0
2018-06-27 00:00:00+00:00,-1.1166616439407018,-1.8313840862802604,-0.43440465387646954,1.0421870925366676,-0.15176869501433174,0.13532916653746005,0.0220713073005092,1
2018-06-28 00:00:00+00:00,-1.0911431437777765,1.3294542076717246,-1.1465484647130901,0.42332193393916534,-0.3455282896034707,0.3966400956934303,-0.016611295681063,0
2018-06-29 00:00:00+00:00,-1.0577599970615215,-1.2581650900197208,-1.0725932627697465,0.7695848382351806,-0.10093001639510432,-0.1931519475465821,0.0236486486486486,1
2018-07-02 00:00:00+00:00,-1.1059802545617292,1.5718718926228432,-0.6169983625161813,0.6799493778781375,-0.5671004093115348,0.9256482344854925,-0.023102310231023,0
2018-07-03 00:00:00+00:00,-0.9992022896731725,-1.5110124338556308,-1.5299605886175094,0.19013614736085224,-0.5066004426038012,0.20977008695119181,0.0253378378378379,1
2018-07-05 00:00:00+00:00,-1.0301594001251322,1.2859008860242056,-1.2990956162148752,0.3962536082328039,-0.3759484513454558,0.03236268857273767,0.0181219110378911,1
2018-07-06 00:00:00+00:00,-1.046327718284224,1.1554012741667108,-1.09979024355292,0.3581258980120429,-0.5837398306708609,0.45074433350735443,0.0080906148867314,1
2018-07-09 00:00:00+00:00,-0.9958067330107613,0.23261344854011862,-1.445107732224843,0.39683292542787235,-0.32495992262450346,-0.27778420687432775,0.0160513643659709,1
2018-07-10 00:00:00+00:00,-1.0426233502689957,0.912641269627714,-1.0307449872875927,0.5863957520453986,-0.38081086743501236,0.040424649734496984,-0.0221169036334912,0
2018-07-11 00:00:00+00:00,-0.9908771553741831,-0.9435365458962175,-1.4995299838806622,0.5714769458809186,-0.28881937286538995,-0.20291945599483885,0.0145395799676897,1
2018-07-12 00:00:00+00:00,-1.027910420655912,0.7549364078047147,-1.284380470502679,0.449411299171359,-0.3056693358711925,-0.22724077376982352,-0.0079617834394903,0
2018-07-13 00:00:00+00:00,-0.9732505426047855,-0.4949395802049553,-1.728762848539655,0.12057368092094232,-0.4604056201597508,-0.15649132055534762,-0.0032102728731943,0
2018-07-16 00:00:00+00:00,-0.9346754781351961,-0.03720971462078195,-2.05987250120686,-0.08773652946440001,-0.5810680178386288,-0.053035656595248296,0.0209339774557166,1
2018-07-17 00:00:00+00:00,-1.0675272466830703,1.3344232914263698,-0.4560171176200117,0.6856797454314763,-0.677713750987952,0.5225728453695834,-0.0078864353312302,0
2018-07-18 00:00:00+00:00,-0.9318091249430146,-0.38477702648296735,-1.5577783187277554,0.3749213039193694,-0.5322010951185623,-0.20872792369198037,0.0015898251192367,1
2018-07-19 00:00:00+00:00,-0.9045045607550818,0.2490152126926394,-1.8612330650960975,0.1787626011260007,-0.5976005618470474,-0.1649488825154559,-0.0047619047619048,0
2018-07-20 00:00:00+00:00,-0.8829558504920271,-0.2020349670842911,-1.903206017883583,0.18943467620619284,-0.6113477471560457,-0.22508367167790053,-0.0047846889952152,0
2018-07-23 00:00:00+00:00,-0.9224716667919333,-0.22116845435203816,-1.1176734934038692,0.7136024073178567,-0.639616029650309,0.02695889502969734,-0.0032051282051283,0
2018-07-24 00:00:00+00:00,-0.8728988290456098,-0.3236068146850097,-1.006635705075056,1.2757902625042368,-0.421659011035503,-0.23593362982197436,0.0128617363344052,1
2018-07-25 00:00:00+00:00,-0.8581056430944095,0.7547140196843563,-1.1900343840048404,1.0989062425112996,-0.5398323031310609,-0.05470272029928859,0.011111111111111,1
2018-07-26 00:00:00+00:00,-0.8414120074420982,0.7519886030940796,-1.1513048405763113,1.252226307294141,-0.5563054604447136,0.07971987080208402,-0.010989010989011,0
2018-07-27 00:00:00+00:00,-0.8114057363819553,-0.7712340617300981,-1.3108999200920155,1.1730643547954813,-0.5244584158574235,-0.16408684231240533,-0.0317460317460317,0
2018-07-30 00:00:00+00:00,-0.8483759774142451,-1.9907550910847807,-0.6884232556997878,1.4486490077855958,-0.5962720824382721,-0.07504684477763322,0.0032786885245903,1
2018-07-31 00:00:00+00:00,-0.8167451382590947,0.2526409923121838,-1.2995108048126205,1.0882028456520718,-0.6500087233733964,0.0637659228278903,0.0065359477124182,1
2018-08-01 00:00:00+00:00,-0.7936881502507649,0.3459337992720356,-1.5764236380170815,1.092614685514366,-0.5056472951349505,-0.1702473115083758,0.0178571428571427,1
2018-08-02 00:00:00+00:00,-0.868358126535652,1.2425269294807393,-0.8461996691678035,1.1078165020220232,-0.9131462259661407,0.8650845899130991,0.0047846889952154,1
2018-08-03 00:00:00+00:00,-0.7367561209737455,0.3340536513793895,-2.1902345287888725,0.7622662246015793,-0.569852082328027,-0.1509153984265687,0.0079365079365079,1
2018-08-06 00:00:00+00:00,-0.7562196077013555,0.5750130277532283,-1.9109727174722446,0.7758101684831145,-0.7298778329556389,0.18345251003368981,0.0110236220472441,1
2018-08-07 00:00:00+00:00,-0.7309446787068342,0.5930277879733477,-1.905488287310489,1.0963617981707434,-0.4826121055610129,-0.3126428101072998,0.0062305295950155,1
2018-08-08 00:00:00+00:00,-0.7353264815691972,0.43742549823394977,-1.6620848826833214,1.2458847518638416,-0.590771334722789,0.022174426666599086,-0.0077399380804953,0
2018-08-09 00:00:00+00:00,-0.6750946466362716,-0.41237090622386097,-2.211262342583019,0.9500346801849302,-0.6152084988592,-0.1754157686128194,-0.0062402496099843,0
2018-08-10 00:00:00+00:00,-0.6957987007924579,0.011595725897293891,-1.9264786124602642,1.2479168242961884,-0.6106409088591178,0.039784789537140014,0.0047095761381477,1
2018-08-13 00:00:00+00:00,-0.7683835315932855,0.2849521719220332,-1.0154461577795424,1.9353025153877577,-0.34697277673474364,-0.2107279043061925,0.0218749999999998,1
2018-08-14 00:00:00+00:00,-0.7863721746876489,0.9848129849151056,-0.7445973041439204,2.3858412651312864,0.0014169850623690513,-0.765999666089367,-0.0091743119266054,0
2018-08-15 00:00:00+00:00,-0.8409213210364492,-0.6028615618162714,-0.08731995146607283,2.969286242312105,0.14437169784064413,-0.7019605376136158,-0.0061728395061728,0
2018-08-16 00:00:00+00:00,-0.9089663527153873,-0.574825533637463,0.4336234626281217,3.683787313280778,0.6638669057786297,-1.2660930651212585,-0.0496894409937889,0
2018-08-17 00:00:00+00:00,-1.069323405456911,-2.629447012263308,1.6228315941549216,4.4405659036511835,0.9393037480947414,-1.33715394556987,0.0130718954248365,1
2018-08-20 00:00:00+00:00,-1.2049152794363698,0.7117253027301635,1.5321720301686799,2.860847052012945,0.1313571864976418,0.24484196533082037,0.0209677419354838,1
2018-08-21 00:00:00+00:00,-1.114678602671361,1.2027928463010364,-0.23219875616066776,1.8039420451565622,0.2649934371092127,-0.32039943945760063,0.0379146919431279,1
2018-08-22 00:00:00+00:00,-1.252651777143586,2.2099208038385565,0.7322506427166596,1.884961353344886,0.07895076353405424,0.3470584221254092,0.0152207001522068,1
2018-08-23 00:00:00+00:00,-1.2305063455841927,0.9683751327860988,0.11761298130206442,1.6006162098646162,0.2318833745890254,0.05585487746399743,0.0209895052473763,1
2018-08-24 00:00:00+00:00,-1.1990097346194128,1.2045108422397621,-0.7848792586115367,0.794614344008251,0.15097811909737205,0.023989919134173653,0.0132158590308371,1
2018-08-27 00:00:00+00:00,-1.1920473996735745,0.6735014338686587,-0.909164532073193,0.7793233875133937,0.19835688169076526,0.09039803397425086,-0.0057971014492753,0
2018-08-28 00:00:00+00:00,-1.1895143236447656,-0.32078185402390547,-1.0928922744274316,0.6307762501302373,0.18613112576645435,0.12514854483459606,0.0145772594752187,1
2018-08-29 00:00:00+00:00,-1.212541718968556,0.8875319155236597,-1.1831994949676146,0.3716442938212358,0.09424678402540469,0.3702670523481767,-0.0014367816091953,0
2018-08-30 00:00:00+00:00,-1.1813142682759339,0.033727780107889904,-1.6154857751732472,0.11487496871204597,0.08108653159326372,0.31511949036280024,0.0100719424460431,1
2018-08-31 00:00:00+00:00,-1.1883803518069416,0.7293950024743254,-1.7557003956282187,-0.06537368034631752,0.045025631802554256,0.417954533091924,0.00997150997151,1
2018-09-04 00:00:00+00:00,-1.2325781597867882,0.6477897239865549,-1.3188431870814459,0.20440748212961446,0.12541301093131255,0.44215078346152714,-0.0183356840620592,0
2018-09-05 00:00:00+00:00,-1.2514307818801829,-1.090350658683197,-1.100507064412912,0.22197657571004797,0.09677511034848506,0.4347156309793113,-0.0201149425287355,0
2018-09-06 00:00:00+00:00,-1.2302290809652507,-1.1470763480133452,-1.5326345294593107,-0.08645150595934867,0.09289033609021788,0.3042470503303375,-0.0029325513196482,0
2018-09-07 00:00:00+00:00,-1.2932685956966181,0.06213217220609818,-1.1221124092153856,-0.17659892807968072,-0.17643578244508862,1.0414543782332768,0.0102941176470587,1
2018-09-10 00:00:00+00:00,-1.231800096129454,0.567332649415858,-1.8786610547603773,-0.47480442092856984,0.02018259734102897,0.4302678555593897,-0.007278020378457,0
2018-09-11 00:00:00+00:00,-1.2058828094014438,-0.23774661959420207,-1.9411692563751468,-0.3844189333411385,0.0036404135836174186,0.4139805532683437,-0.0161290322580646,0
2018-09-12 00:00:00+00:00,-1.2721737322760895,-0.9216293728850737,-0.8405790382192297,0.293853178579887,0.026850901865015552,0.5536172673378764,0.0104321907600597,1
2018-09-13 00:00:00+00:00,-1.1993025881210264,0.439577025585792,-1.6075661042919243,-0.10474185522129467,0.07029189475050314,0.15786469405690182,0.019174041297935,1
2018-09-14 00:00:00+00:00,-1.180210034396263,0.8532945474716097,-1.2867311648733744,0.24416417086638023,0.1019068913382838,-0.02435161995736212,-0.0086830680173661,0
2018-09-17 00:00:00+00:00,-1.0014820123189803,-0.3532646205610834,-2.236784440870947,0.0036117984990002385,-0.2220251920912753,0.34776418764598277,-0.0102189781021897,0
2018-09-18 00:00:00+00:00,-0.9997511441108337,-0.6158745699573063,-1.4693958041252702,0.5400852252813254,-0.28531524196005564,0.31726483393689797,0.0029498525073745,1
2018-09-19 00:00:00+00:00,-0.9250506188689206,0.3010469138274474,-2.018982473038053,0.28644393381261957,-0.4030737276363339,0.3175624539652643,-0.0205882352941175,0
2018-09-20 00:00:00+00:00,-0.9014980349076702,-0.7798675189274052,-1.3905523663830919,1.3689002307599305,-0.12489928686227476,0.0414142640738689,-0.0105105105105105,0
2018-09-21 00:00:00+00:00,-0.8948602015079449,-0.6294598438612269,-1.1019754422609536,1.5433019979567058,-0.09090443950658836,-0.19656940770317627,0.007587253414264,1
2018-09-24 00:00:00+00:00,-0.8812053654582611,0.5862585081219982,-1.3892782374446895,0.9758734077577951,-0.5110990657562559,0.519230573428165,0.0105421686746989,1
2018-09-25 00:00:00+00:00,-0.8229964067374206,0.4596386689937613,-1.7544880484522896,0.9626950289614804,-0.34256050231086765,-0.05740223942515205,-0.0059612518628912,0
2018-09-26 00:00:00+00:00,-0.7815503120789157,-0.2972572659140415,-1.9506749039481024,0.9630623620752192,-0.3884466932299287,-0.08060081643638033,0.0014992503748125,1
2018-09-27 00:00:00+00:00,-0.7467145311724848,0.06683484936915429,-2.234497411503036,0.7517058598462143,-0.4712597132524666,-0.06479635520713459,0.0523952095808384,1
2018-09-28 00:00:00+00:00,-1.0119555488990617,2.536587743730567,0.950563061389767,2.9487486161934022,0.17730840877385257,-0.6536820306049386,0.0284495021337127,1
2018-10-01 00:00:00+00:00,-0.9959809765309569,1.4176489532991334,0.26705032911570625,2.2799841207680207,0.02614756038976569,-0.4838010250866913,-0.0096818810511757,0
2018-10-02 00:00:00+00:00,-0.9065848897301719,-0.503485254336051,-1.025695513031376,1.1404978901231437,-0.3576706031775814,-0.15827901920126003,0.0013966480446927,1
2018-10-03 00:00:00+00:00,-0.8898082274399584,-0.11596815069713826,-1.234300081816632,0.8895056225158599,-0.4093030967354541,-0.1822253484251677,-0.0264993026499301,0
2018-10-04 00:00:00+00:00,-0.9249599622624954,-1.5153271982062984,-0.6786853644312294,1.249846887453724,-0.4504170860367089,0.04102023631967282,-0.0329512893982808,0
2018-10-05 00:00:00+00:00,-0.9822093530463565,-2.032557607467434,-0.15221847542103528,1.3465710135079345,-0.49565509726640244,0.09997165329851958,-0.0162962962962963,0
2018-10-08 00:00:00+00:00,-1.0034636585963854,-0.778629269107636,-0.35204596500630764,1.1240353146012856,-0.5650207121451206,0.38618949947998005,0.0,0
2018-10-09 00:00:00+00:00,-0.9411357725839018,0.08247382178337326,-1.4297938075076002,0.4064220175324521,-0.5597045559628905,0.11912467652697387,-0.0753012048192771,0
2018-10-10 00:00:00+00:00,-1.1470976253043483,-4.45370038128618,1.4563545338814285,2.1091774880426044,-0.3737403766308266,-0.10807127683182029,-0.0423452768729641,0
2018-10-11 00:00:00+00:00,-1.1892817563560933,-2.4133000267656106,1.1847403571472237,1.9154654611253485,-0.20879910353069453,-0.26409278631864125,0.0476190476190476,1
2018-10-12 00:00:00+00:00,-1.2278994337335636,1.7095210941176036,0.7145819096551866,1.123273480441212,-0.053237027137496194,-0.9432015912314261,-0.0454545454545455,0
2018-10-15 00:00:00+00:00,-1.1870877649446252,-2.8207579000663383,-0.01653499410359426,0.412299075040053,-0.4749042944484928,-0.31952025377571897,0.0459183673469387,1
2018-10-16 00:00:00+00:00,-1.2610040135986693,2.143161151692868,0.019665102417549592,-0.030940778439148775,-0.5212229565358109,-0.2779822314371031,-0.0113821138211382,0
2018-10-17 00:00:00+00:00,-1.2129302038445637,-0.9814251363588925,-0.465672006733441,-0.2972828375716015,-0.5799859539561619,-0.33133412433626863,-0.0148026315789473,0
2018-10-18 00:00:00+00:00,-1.2603573992303336,-1.2637057345877751,0.31208684382630497,0.46516161530991246,-0.3206924935903609,-0.5608132015408128,-0.043405676126878,0
2018-10-19 00:00:00+00:00,-1.3326458388088016,-3.0267978595756353,1.1545312621933908,0.8054583403685364,-0.37161550946311744,-0.3842067257842522,0.0087260034904013,1
2018-10-22 00:00:00+00:00,-1.2794605586436647,0.22562187315599405,-0.27206163406195993,-0.3209750048452566,-0.5345570804262393,-0.23568852178688443,-0.0432525951557093,0
2018-10-23 00:00:00+00:00,-1.3167688696564774,-1.647765446872226,0.17612833399585198,0.4667010605566471,-0.39582957661390183,0.06988292988912227,-0.0976491862567812,0
2018-10-24 00:00:00+00:00,-1.606596184500685,-6.300948715414784,3.3079224246571406,1.289217153164394,-0.525825612364183,0.16992104813556727,0.0420841683366732,1
2018-10-25 00:00:00+00:00,-1.7495368575772579,2.529632377998609,3.058532297720208,0.790519259655213,-0.501569911644787,0.8260581678855693,-0.0461538461538462,0
2018-10-26 00:00:00+00:00,-1.5682828061418987,-2.017652109224274,1.1940706111468398,0.022510935879262586,-0.5699826466260421,0.6315933868219743,-0.0645161290322581,0
2018-10-29 00:00:00+00:00,-1.8121826118983722,-5.231526136874596,4.303109022794706,0.7790093945423824,-0.8419996399882259,1.05692326902523,0.0948275862068965,1
2018-10-30 00:00:00+00:00,-1.9043077768210057,4.937577277220678,3.4317184337145967,-0.08242500429758373,-0.7951940824276968,1.100799195369579,0.0374015748031495,1
2018-10-31 00:00:00+00:00,-1.727948595402727,1.3252077160347366,1.3023302789776354,-0.5522216056699706,0.048988369360494756,-1.1101767402689715,0.0341555977229601,1
2018-11-01 00:00:00+00:00,-1.7834255866226054,1.5744653497805965,1.3733336928732065,-1.141966349636456,-0.4580124224903139,-0.0869279387748461,-0.0146788990825688,0
2018-11-02 00:00:00+00:00,-1.7349090217262901,-1.1015354524350611,0.9421644754599046,-1.3950319005951923,-0.5456250969809114,-0.08228641077906489,-0.0148975791433891,0
2018-11-05 00:00:00+00:00,-1.7050161675623676,-1.0723138464068902,0.5516015149296042,-1.6252805140042532,-0.5600317349223711,-0.1546068415214125,-0.0018903591682418,0
2018-11-06 00:00:00+00:00,-1.6451353035464458,-0.20498552340244675,-0.3282237028551902,-1.9653990835225335,-0.41892062002670843,-0.5320378785038473,0.0113636363636362,1
2018-11-07 00:00:00+00:00,-1.647074206064876,0.304171370885815,0.2199269400706467,-1.2571253736733325,-0.1952172856648222,-0.721851514160642,-0.0355805243445691,0
2018-11-08 00:00:00+00:00,-1.6108450834381398,-2.0708824536235966,0.28875643278966306,-1.0533440632485942,-0.30220479536020717,-0.5644667140973444,-0.0019417475728156,0
2018-11-09 00:00:00+00:00,-1.6204054178863174,0.09973645852556785,0.2981763517659656,-1.2569702807895207,-0.5932334315309085,0.15643259702989049,-0.0778210116731517,0
2018-11-12 00:00:00+00:00,-1.6953732637831453,-4.676061132921105,1.5774972703444758,-0.55884673261755,-0.5467750143019994,-0.011121025947038272,0.0506329113924051,1
2018-11-13 00:00:00+00:00,-1.787125876548467,2.2093957025068427,1.6997154230169151,-0.7425135593687489,-0.3412910675679029,-0.17743235146956945,-0.0100401606425704,0
2018-11-14 00:00:00+00:00,-1.7684363153684737,-1.7082989765388976,1.5526877940046226,-0.970874628844694,-0.33841340296205175,-0.4622030127039422,0.0263691683569979,1
2018-11-15 00:00:00+00:00,-1.8186476324832306,1.3583476098462,1.7047635592304673,-0.4015731400947682,-0.07878811614360458,-0.3054006646104782,-0.1877470355731224,0
2018-11-16 00:00:00+00:00,-2.0679394624753673,-7.571027388837009,3.820730771479391,1.1870885870113594,-0.21697699423491515,0.6490322490795316,-0.1192214111922141,0
2018-11-19 00:00:00+00:00,-2.36645377684632,-7.572989348211979,5.432884704955281,0.21153205682482015,0.1147340255684538,-0.8440265640512975,0.0303867403314916,1
2018-11-20 00:00:00+00:00,-2.748961981837272,2.6748657431189824,7.139083360590676,-0.37111547426560476,-0.9518631594628367,2.7227623778675127,-0.0294906166219839,0
2018-11-21 00:00:00+00:00,-2.3793572180159384,-3.003530854559699,3.208989885170163,-1.705701731859258,0.33067205593702254,-1.2185597456974704,0.0,0
2018-11-23 00:00:00+00:00,-2.244256427248722,-0.05485278056334584,1.3246542217340986,-3.072555987486331,-0.3397545073640281,-0.13225923306564075,0.0580110497237569,1
2018-11-26 00:00:00+00:00,-2.3325027315855817,2.2973600498061444,2.28039909680625,-2.3337381956195387,0.20686108967324962,-1.132216826744115,0.0026109660574411,1
2018-11-27 00:00:00+00:00,-2.2756510913476413,0.04375999525327858,1.7910255815449447,-2.4316947146712864,0.0021589974930632766,-0.5932911248252344,0.0416666666666667,1
2018-11-28 00:00:00+00:00,-2.2764316717057973,1.4813238261036996,1.9418821565529236,-2.1261239268154486,0.32015065548021643,-1.0584308470845822,-0.0174999999999999,0
2018-11-29 00:00:00+00:00,-2.1599398499892053,-1.249640447677784,0.8879540962293646,-2.588949727484715,0.10783123031674707,-0.8410178226120392,0.0407124681933841,1
2018-11-30 00:00:00+00:00,-2.2981095598911896,2.0101790728271145,2.0661124566479785,-2.2473661714995994,-0.024437644092092405,-0.15907600793911494,0.0391198044009779,1
2018-12-03 00:00:00+00:00,-2.3033363630980355,0.8210340528445118,1.9964787940219895,-2.0142536920393694,0.65198981374934,-1.674829920387682,-0.0752941176470587,0
2018-12-04 00:00:00+00:00,-2.3628273701654363,-4.780767362495133,2.4728666116562157,-2.1537469703065173,0.08518889622162167,-0.4003747437121236,0.0076335877862594,1
2018-12-06 00:00:00+00:00,-2.4162998853550173,0.9390180060874322,1.8621381063756481,-2.7328523381348573,-0.0718876454470081,0.4085104991505511,-0.0681818181818182,0
2018-12-07 00:00:00+00:00,-2.4641212116829845,-4.627696786569936,2.7683308286316746,-2.5162011373522994,-0.027795857567208683,-0.05844306710978137,0.029810298102981,1
2018-12-10 00:00:00+00:00,-2.465004309384793,1.6776372676038125,1.8749269276257698,-2.9890347492456977,0.04793179071410411,0.04863432366020802,-0.026315789473684,0
2018-12-11 00:00:00+00:00,-2.498536091741312,-2.5274821113437653,2.4989205762884548,-2.716632558144301,0.23650691529408915,-0.5215127788188595,0.0054054054054053,1
2018-12-12 00:00:00+00:00,-2.4692351197784737,-0.08972606605373706,1.8845200564964564,-2.829629807379722,0.26721905964052844,-0.2628115264246049,0.0,0
2018-12-13 00:00:00+00:00,-2.370394755245699,-0.5308048353581127,0.9475960535432775,-3.1228362720595655,0.4005393216426406,-0.7414108798435356,-0.0161290322580645,0
2018-12-14 00:00:00+00:00,-2.348086544404959,-0.9377945272972886,0.7389336257413225,-3.142997372979924,0.30054726310791563,-0.47549093184955404,-0.0191256830601094,0
2018-12-17 00:00:00+00:00,-2.3775460809068294,-1.2573221225179658,1.472840476168056,-2.635717135199964,0.30064583522185323,-0.36616940119359437,0.0222841225626742,1
2018-12-18 00:00:00+00:00,-2.1113631185186863,0.8531872989523508,0.5956618843962217,-1.7075545469029854,0.48271391537280495,0.03424357701236825,-0.0572207084468664,0
2018-12-19 00:00:00+00:00,-2.021287126915375,-3.668057693022873,1.5728513979704908,-0.4827005840471653,0.2731921025290465,0.739364196231667,-0.0231213872832369,0
2018-12-20 00:00:00+00:00,-1.91791789787974,-1.6344927319782114,1.262836356880391,-0.34447270403942215,0.2501821409630958,0.4307611666556758,-0.0414201183431951,0
2018-12-21 00:00:00+00:00,-1.910093640369217,-2.9413695803198716,1.5842372761545898,0.003575311400234746,0.372790600304232,0.05184848852599024,-0.0185185185185184,0
2018-12-24 00:00:00+00:00,-1.8498109042666708,-0.7600489602785606,0.11344900666737955,-1.1722727766594985,-0.01770220286487929,0.739620746022758,0.0471698113207545,1
2018-12-26 00:00:00+00:00,-1.9657824251890668,2.1441772157160153,1.5774890530897447,-0.47855977892464374,0.0795758689775266,0.7830369810955203,-0.0150150150150151,0
2018-12-27 00:00:00+00:00,-1.8696631714995828,-0.7612170845800891,0.7916338845766565,-0.6065299208253411,0.05835481262370744,0.6910028090893284,0.0182926829268292,1
2018-12-28 00:00:00+00:00,-1.8531283036512167,0.7062234277448611,0.7409742617788458,-0.5538081382988034,0.18922556603193363,0.3837417855918602,0.0,0
2018-12-31 00:00:00+00:00,-1.7552809459314975,-0.3784042169837541,-0.30805962091472217,-0.9965278872606135,0.29928484020455765,-0.16723616103404498,0.0209580838323353,1
2019-01-02 00:00:00+00:00,-1.8592687707576552,1.403150096037872,0.9217710128906609,-0.7309990453960334,-0.304112827164909,1.456848853144255,-0.0615835777126099,0
2019-01-03 00:00:00+00:00,-1.7609184185824585,-3.521345748850251,0.7588464311196889,-0.09018481406017795,0.12875795486160707,0.3450250978937482,0.0625,1
2019-01-04 00:00:00+00:00,-1.842140715286205,2.87815697556112,1.1671230861620454,-0.4812252822300429,-0.048765274467198846,0.6093974692343287,0.0529411764705882,1
2019-01-07 00:00:00+00:00,-1.8622898064104318,2.417644586352664,1.457743601248611,-0.2694366626001006,0.0283864158959738,0.3760961161598337,-0.0223463687150837,0
2019-01-08 00:00:00+00:00,-1.8074614505383222,-2.189332446758659,1.4674019526310513,0.21970125086664205,0.3095153966432998,-0.09316954294338636,0.0171428571428571,1
2019-01-09 00:00:00+00:00,-1.714230054867099,0.5950851534018003,-0.030378342897544992,-0.43004805364700366,0.4016294814392848,-0.30272117018283534,0.0196629213483146,1
2019-01-10 00:00:00+00:00,-1.746163436364236,1.0942729547239913,0.29510994102798527,-0.614548127036978,-0.029539533748586817,0.6066978813817565,0.0247933884297522,1
2019-01-11 00:00:00+00:00,-1.7985689972712882,1.3970035517171377,1.0000268572318094,0.22881128119410474,0.3689887308834597,0.18725312837315736,0.010752688172043,1
2019-01-14 00:00:00+00:00,-1.7911789386234411,0.765785392639519,0.5223799532197273,-0.22354665102747054,0.2663452111091031,0.37744660375806166,-0.002659574468085,0
2019-01-15 00:00:00+00:00,-1.725787411437581,-0.40771756810416887,-0.29756349533068177,-0.547672792458314,0.5295326470085995,-0.3934693465649293,-0.0079999999999998,0
2019-01-16 00:00:00+00:00,-1.6824424189271152,-0.6491635136055905,-0.697089585046578,-0.8788234379766404,0.371099256998678,-0.27416534675985776,0.0188172043010752,1
2019-01-17 00:00:00+00:00,-1.7765016354915435,1.0916421727207115,0.24528655082008896,-0.7623615137408202,-0.020576972294820344,0.7550871006246721,0.0343007915567281,1
2019-01-18 00:00:00+00:00,-1.7507414633463787,1.5595688666170233,0.36825955782890224,-0.2122781697368169,0.3564548561222665,0.18936644770547564,-0.0510204081632652,0
2019-01-22 00:00:00+00:00,-1.72634099251446,-3.131344670274068,0.5569919442253348,-0.12389590934708423,0.20357953207103235,0.1829020597929152,0.0026881720430107,1
2019-01-23 00:00:00+00:00,-1.6860059580111362,-0.29782585294465114,0.16300958371138105,-0.25167235499945545,0.291390842593353,-0.01725428409319636,0.0589812332439678,1
2019-01-24 00:00:00+00:00,-1.7658049362030792,2.760368733513284,0.5719236255043583,-0.13850661192981564,0.4153617809586449,-0.050365292138598486,0.0126582278481011,1
2019-01-25 00:00:00+00:00,-1.873106653080109,0.7992108523147313,1.9369230550913716,1.0439620933761569,0.5460172077806864,0.5299795586175007,-0.1374999999999999,0
2019-01-28 00:00:00+00:00,-2.224520704084055,-5.522154644969197,4.675704113681665,2.8208994261765388,0.8157221492911153,0.9577298552459808,-0.0463768115942029,0
2019-01-29 00:00:00+00:00,-2.13457067017575,-2.732822196193063,1.7056327297926883,-0.4624992739242501,0.7681623126383257,-0.47811388280675293,0.0425531914893617,1
2019-01-30 00:00:00+00:00,-2.2372076944965604,1.6987248841597786,1.6807760632960973,-1.0974322097941955,0.7898875947544102,-0.4551023712425194,0.0466472303206997,1
2019-01-31 00:00:00+00:00,-2.3310061150272103,2.3738337462588546,2.0706135954181795,-1.454998297478343,0.35501167699241215,0.6433295259621363,0.0083565459610028,1
2019-02-01 00:00:00+00:00,-2.1520014560846117,0.21458699629199807,0.33510064839051307,-1.8329579313253912,0.7075925608173503,-0.3080529393554988,0.0303867403314916,1
2019-02-04 00:00:00+00:00,-2.192763730490011,1.4891085075216668,0.6944817055474244,-1.9281420544418058,0.42908106834086185,0.40824334476842383,0.0053619302949061,1
2019-02-05 00:00:00+00:00,-2.0733668276573916,0.16415146550575857,-0.2219923675118478,-1.8632193947141182,0.7446410240351165,-0.336536240742681,0.0213333333333334,1
2019-02-06 00:00:00+00:00,-2.109071528166606,0.9398938455545943,0.3620910994022614,-1.4857013771472702,0.7856761681996798,-0.2899389046249011,-0.0365535248041776,0
2019-02-07 00:00:00+00:00,-2.0907131307433287,-2.087438128087721,0.3125611653588961,-1.5836854544551258,0.608793624117024,-0.07386016360361136,0.0027100271002711,1
2019-02-08 00:00:00+00:00,-2.0944533551017437,0.43078054137448757,-0.009430815224503987,-2.0232749444509053,0.3861934003286242,0.39800090193865606,-0.0108108108108108,0
2019-02-11 00:00:00+00:00,-2.031500480485202,-0.5323974309358802,-0.14221806756388586,-1.85987701276203,0.47739006347905455,-0.03530913896203713,0.0327868852459014,1
2019-02-12 00:00:00+00:00,-2.0601236424470266,1.5585325714902643,0.21868131409230668,-1.6890212081497173,0.5817599755553653,-0.2867211973898373,0.0105820105820106,1
2019-02-13 00:00:00+00:00,-2.0369380763134544,0.3307554978313144,0.11236943799203555,-1.6359757242696982,0.6310370944311481,-0.4431167901041625,0.0104712041884815,1
2019-02-14 00:00:00+00:00,-2.09527645634766,0.47873192959161853,0.5574575498887475,-1.2286146487384046,0.8006080433914381,-0.39909695090914477,0.0181347150259068,1
2019-02-15 00:00:00+00:00,-2.267525272833338,-0.32947827466407614,2.1699089267516087,0.08018288175456441,1.7061141223195093,-1.5590869976075292,-0.0025445292620865,0
2019-02-19 00:00:00+00:00,-2.136985138002219,-0.2190959066892039,-0.10382515270947855,-1.9315514686843234,0.8067398617273239,-0.14073443266351698,0.0102040816326529,1
2019-02-20 00:00:00+00:00,-2.117937421839412,0.31716442179401577,-0.14334206314769443,-1.850695814267098,0.8611846179427032,-0.1995959111533514,-0.0176767676767676,0
2019-02-21 00:00:00+00:00,-2.088988181933639,-1.301522747664844,-0.24022132420653466,-1.9738625480892495,0.7453342431094263,-0.18061830520402822,0.0231362467866322,1
2019-02-22 00:00:00+00:00,-2.041279193922237,0.9587100101499616,-0.6173110793702263,-2.0330658042859904,0.7998716643869879,-0.30099305210187194,-0.0025125628140703,0
2019-02-25 00:00:00+00:00,-2.0554774307481813,-0.7858973660145199,0.5042686671412745,-1.2660641766640608,0.7482272183348287,-0.29861656988234797,-0.0100755667506297,0
2019-02-26 00:00:00+00:00,-1.6866057814568227,-0.6415341315048437,-0.786989736958327,-0.39087236365783545,0.5962221160826376,0.5235953693143043,-0.010178117048346,0
2019-02-27 00:00:00+00:00,-1.5877298416489116,-0.551153165247241,-1.0302365941145875,-0.09413602926337679,0.5961878653668511,0.49313465206130036,-0.0077120822622108,0
2019-02-28 00:00:00+00:00,-1.4733827567266666,-0.38980958581323794,-1.7558175492818338,-0.4176156606444165,0.4422237650398322,0.41020695745336616,0.0129533678756477,1
2019-03-01 00:00:00+00:00,-1.448187966152675,0.4553281486386395,-1.424841874713107,-0.10023648387053705,0.421904382664127,0.42743055019754267,0.0025575447570331,1
2019-03-04 00:00:00+00:00,-1.4300796984440793,-0.10860666396192874,-1.2723405794665497,0.11245280960897118,0.4235764095747504,0.3629706438554965,-0.0025510204081632,0
2019-03-05 00:00:00+00:00,-1.397864802850503,-0.062474481003588045,-1.4961975225765265,0.04155446646616524,0.2863404933806375,0.6847974043772027,-0.0281329923273657,0
2019-03-06 00:00:00+00:00,-1.3805638034677439,-1.6551862615901558,-1.3836824172254003,0.1644819239786394,0.3291143434154497,0.3579937462188127,-0.0184210526315788,0
2019-03-07 00:00:00+00:00,-1.3660536716726244,-1.005549673550614,-1.2819645883879824,0.34238891391479953,0.3220841469124586,0.3611046259877584,0.0107238605898123,1
2019-03-08 00:00:00+00:00,-1.4191143657752392,1.0476869940748141,-0.6650686936763386,0.4170533475652829,-0.10598657021926748,1.5474573269900322,0.0689655172413794,1
2019-03-11 00:00:00+00:00,-1.6902831204419344,3.5492382538418235,2.006245833551397,1.4361560826711652,0.045083367115534144,1.461240468333959,0.007444168734491,1
2019-03-12 00:00:00+00:00,-1.4656566153393946,0.20657641266014456,-0.5548795290334012,0.48422749811630716,0.40985614032907736,0.1553564070730565,0.0394088669950738,1
2019-03-13 00:00:00+00:00,-1.5513709357877898,1.9784986853466933,0.2549828452308513,0.9550602240091458,0.5167972378823951,0.27478489303999676,-0.0189573459715639,0
2019-03-14 00:00:00+00:00,-1.4340750767201014,-1.160442849749802,-0.9767987334526327,0.225979524015269,0.40155699836557823,0.005211849283692885,0.0265700483091788,1
2019-03-15 00:00:00+00:00,-1.475446807753686,1.3101777305395317,-0.3989202663628908,0.6118322081252022,0.49185522662882125,-0.06520524615381958,-0.0070588235294117,0
2019-03-18 00:00:00+00:00,-1.3439957021908355,-0.6250867475814725,-0.7442544943253042,0.3991838938837777,0.13308777053434911,-0.06313440864890012,0.0402843601895734,1
2019-03-19 00:00:00+00:00,-1.4597702811136322,1.7687712047667166,0.4558949958213142,1.3924429981640785,0.6125032825879431,-0.5621746349984957,-0.0068337129840545,0
2019-03-20 00:00:00+00:00,-1.430113762175246,-0.6354907749233891,-0.042752962371412906,0.9460966628842432,0.42778214896385197,-0.3071105221717799,0.0550458715596329,1
2019-03-21 00:00:00+00:00,-1.6074207303697976,2.9061235602057147,1.2014607371544277,1.0576612436012096,0.18591372872343934,0.5909631856395159,-0.0347826086956519,0
2019-03-22 00:00:00+00:00,-1.5303680364304484,-2.088946425484646,0.29910121408711154,0.7125237097672772,0.3449436621466399,-0.04244196923160501,-0.0225225225225226,0
2019-03-25 00:00:00+00:00,-1.5083849328616339,-1.2846389814141927,-0.20567995935250233,0.021053881162941563,0.03153842549776738,0.30739587787002526,0.0184331797235022,1
2019-03-26 00:00:00+00:00,-1.552403538821126,0.2235942143477585,0.21637710554608355,0.48199294914028235,0.5325963338277119,-0.5819446675424077,-0.002262443438914,0
2019-03-27 00:00:00+00:00,-1.5087167031035706,-0.3776015339307337,-0.5126487355103999,-0.19609866323085087,0.1575854941839814,0.05707465915994458,0.0045351473922901,1
2019-03-28 00:00:00+00:00,-1.5081871972760932,0.06305926886740129,-0.7143265845315563,-0.2400963337584734,0.2535509667938672,-0.03871577035130761,0.0135440180586907,1
2019-03-29 00:00:00+00:00,-1.4774902932959788,0.4826403206019319,-1.2087617565826445,-0.3869472594525442,0.4394633346095032,-0.4572577185211858,0.0155902004454342,1
2019-04-01 00:00:00+00:00,-1.4983615188349837,0.48619747404759744,-1.005740436423048,-0.30793527550865213,0.46355764926082954,-0.4579820696398741,0.0043859649122808,1
2019-04-02 00:00:00+00:00,-1.4972843980070478,0.16328675163241027,-1.13978885795921,-0.4460000136550341,0.3415375479228986,-0.14184905985606935,0.0305676855895196,1
2019-04-03 00:00:00+00:00,-1.6266594410466702,1.4977414846696266,0.2254092071761639,0.5086082216039471,0.5921924981760047,0.032052173477330734,-0.0021186440677966,0
2019-04-04 00:00:00+00:00,-1.5343796254256046,-0.06918974556968428,-1.007904214025445,-0.3655712566613436,0.35589619572245734,0.22386441956282263,0.0127388535031847,1
2019-04-05 00:00:00+00:00,-1.528959631732839,0.5696427136298128,-1.12671143550699,-0.34216060892996786,0.5243134542305946,-0.1176851934523846,0.0041928721174004,1
2019-04-08 00:00:00+00:00,-1.4670972712517942,0.37320250562528146,-1.2464416271843868,-0.22343535421661137,0.32640873483651733,0.3968566480121715,-0.0125260960334028,0
2019-04-09 00:00:00+00:00,-1.4282415010457843,-0.5909384222379257,-1.420593535287931,-0.1733766598863579,0.3979622597429556,0.08893552338539089,0.014799154334038,1
2019-04-10 00:00:00+00:00,-1.4268935139408534,0.8641705995470186,-1.1576975006885342,-0.04453780237334039,0.30341299647889003,0.29134981318522984,-0.0020833333333333,0
2019-04-11 00:00:00+00:00,-1.382545853991398,-0.1254467133120824,-1.4364809678020072,-0.16229568253257118,0.2577968789668857,0.2505399848239951,-0.0083507306889353,0
2019-04-12 00:00:00+00:00,-1.3537454575316537,-0.6575908272494221,-1.3353492507222922,0.18885265532330414,0.44890641662878245,-0.19243712724038373,-0.0273684210526315,0
2019-04-15 00:00:00+00:00,-1.3958506849801449,-1.675251145850552,-0.8350189237746554,0.13010096396440918,0.1509671598932758,0.3125636620930522,0.0194805194805194,1
2019-04-16 00:00:00+00:00,-1.3359772144431346,0.9561552259966464,-1.250261982273416,0.04438054753189631,0.172389622245197,0.16235390260252255,-0.0063694267515923,0
2019-04-17 00:00:00+00:00,-1.2712702791263626,-0.5078915905783004,-1.480907082618761,0.010763994019331076,0.10212923364642008,0.012518209553421719,-0.0042735042735041,0
2019-04-18 00:00:00+00:00,-1.2025556487778275,-0.2706478970699461,-1.5777912483508163,0.3847871232883013,0.1372277218973049,0.10683251427991275,0.0107296137339054,1
2019-04-22 00:00:00+00:00,-1.177998537564864,0.7550887157363476,-1.5185572762765507,0.25194698091118883,-0.23408829049982396,0.8399078759956531,0.0127388535031847,1
2019-04-23 00:00:00+00:00,-1.1224457878416327,0.7568323049933866,-1.7504449932988355,0.558453618497397,0.04216052735710102,0.2973276043651357,0.0020964360587003,1
2019-04-24 00:00:00+00:00,-1.0813326705424204,0.11084316531000345,-1.7399539777260555,0.5919267501032655,-0.07194470315806678,0.32194424471827393,-0.0230125523012553,0
2019-04-25 00:00:00+00:00,-1.1402735231612366,-1.2480665021873825,-0.7543716195389266,1.293368488405207,-0.0021044521155125064,0.3363039255877821,-0.0471092077087793,0
2019-04-26 00:00:00+00:00,-1.2543037711854432,-2.230348941491677,0.5150451585491057,2.346609978993058,0.31494420649093613,0.06804193751633013,0.0067415730337079,1
2019-04-29 00:00:00+00:00,-1.1867670806470967,0.3306534598132591,-1.1201619988300666,0.535419805145603,-0.10006655229008424,0.23174729886656847,0.0111607142857141,1
2019-04-30 00:00:00+00:00,-1.1810059979197507,0.7880673938597996,-1.1634555960869386,0.4493399686292651,-0.23809148012894377,0.5095223079348821,-0.0044150110375277,0
2019-05-01 00:00:00+00:00,-1.1386396327388348,-0.49439611343813067,-1.384495155672706,0.4712782013684028,-0.061602443136621866,-0.07534275666473833,0.0155210643015522,1
2019-05-02 00:00:00+00:00,-1.145011300929075,0.8297631206699204,-0.9249276743432026,0.775023982885968,-0.22329750136317789,0.36121296762921606,0.0,0
2019-05-03 00:00:00+00:00,-1.0769402211302657,-0.012404974899818628,-1.5545128039959097,0.5503515100646804,-0.17206411597205734,0.04277270023489628,-0.0174672489082969,0
2019-05-06 00:00:00+00:00,-1.138173489483517,-0.18032172921218007,-0.7441653749396603,0.9424268919781833,-0.5182441580274546,1.1093058885518439,-0.0377777777777778,0
2019-05-07 00:00:00+00:00,-1.149940976905605,-2.0954456310375336,-0.35239140938939817,1.4237331535208226,-0.06689111663771131,0.016428918065974466,0.0046189376443417,1
2019-05-08 00:00:00+00:00,-1.1558817342721086,0.37561733674732406,-0.761096159167395,0.8104451377010058,-0.29494584931241147,0.38836042639013485,-0.0229885057471264,0
2019-05-09 00:00:00+00:00,-1.1952111634220224,-1.0961085831627324,-0.03232894600882321,1.7345722670984245,0.05899820540572928,0.06325130338375343,-0.0070588235294117,0
2019-05-10 00:00:00+00:00,-1.2379910541623824,-0.39239411569178534,-0.003963394322665788,1.339416874322215,-0.11369585994105089,0.39626987815703363,-0.0616113744075829,0
2019-05-13 00:00:00+00:00,-1.2376404229107951,-3.133100130145083,-0.05387819439383117,1.4132613281623287,-0.03633875413479288,0.04019294071322003,0.0227272727272727,1
2019-05-14 00:00:00+00:00,-1.2801294850714482,1.0525736066917164,-0.28842351702935354,0.7736872246259396,-0.0605276837018188,-0.0867380135752458,-0.0148148148148147,0
2019-05-15 00:00:00+00:00,-1.2262483082356523,-0.610924261046318,-0.8948257407931802,0.6782094650502486,-0.029197576568382913,-0.07469032501134557,0.0025062656641603,1
2019-05-16 00:00:00+00:00,-1.3239199192677311,0.1671507308160992,0.05152287601182726,1.5286080115158387,0.39409781828345614,-0.4223162383911844,-0.0224999999999999,0
2019-05-17 00:00:00+00:00,-1.471657267739344,-1.333356963543285,1.4090081178813891,2.2159651239162113,0.47253671299903,-0.02899387149487704,-0.0306905370843989,0
2019-05-20 00:00:00+00:00,-1.3663817268277196,-1.3045571353613823,-0.7767322432855055,0.534691825085489,0.153319542018953,0.25032688998406355,0.0237467018469657,1
2019-05-21 00:00:00+00:00,-1.3641425048743112,1.063770480647882,-1.3131272003468792,-0.2233717321154834,0.13624109829533737,-0.09840521637056912,-0.0180412371134019,0
2019-05-22 00:00:00+00:00,-1.3327402026988522,-0.8334897064273257,-1.5823705371914663,-0.3100311027143781,0.0018055908492988692,0.1792739734107861,-0.0341207349081364,0
2019-05-23 00:00:00+00:00,-1.4014126903943194,-1.7082298563883787,-0.5220080023341578,0.5530086003864676,0.16887417427166157,0.15944410346785853,-0.0135869565217392,0
2019-05-24 00:00:00+00:00,-1.3312005653586503,-0.9890244078752519,-1.035058434735933,0.01205740532834028,-0.05806334092505818,0.18224622940723653,-0.0137741046831955,0
2019-05-28 00:00:00+00:00,-1.3241193714719195,-0.9694305768491962,-1.0520780478643474,0.23356062837383876,0.10670366745307298,-0.0442787892985381,-0.0195530726256983,0
2019-05-29 00:00:00+00:00,-1.3570434353454945,-0.9605841491728485,-0.7458899303981991,0.6309501724699967,0.20382078903040063,0.12894166478501815,-0.0085470085470085,0
2019-05-30 00:00:00+00:00,-1.3524108710308473,-0.5497464978892528,-1.1076633388259518,0.0948633516016964,0.05118685634008515,0.24961557783372762,-0.0258620689655172,0
2019-05-31 00:00:00+00:00,-1.355847439646438,-1.3086069604245896,-0.9980983277391178,0.16183164558243737,-0.07180867103976696,0.6198756321100761,-0.0147492625368732,0
2019-06-03 00:00:00+00:00,-1.3891949064936604,-1.0392722548449354,-0.6552135419851116,0.45131214897380256,0.1371107408927633,0.3157440506179532,0.0718562874251498,1
2019-06-04 00:00:00+00:00,-1.6104609289119123,3.4993175980971585,0.9744984342537893,0.481581101802063,-0.050109912974846516,0.5421591382146794,-0.0139664804469274,0
2019-06-05 00:00:00+00:00,-1.4656869979226086,-1.3755600913670003,-0.21766399667771258,0.18578832247292315,0.1300666215240051,-0.22621682628847803,0.0169971671388102,1
2019-06-06 00:00:00+00:00,-1.4493989824858173,0.8970623442289842,-0.8237461797109137,-0.29157806182110413,-0.03120657268384718,0.11323399965870024,0.0139275766016713,1
2019-06-07 00:00:00+00:00,-1.4124959882833916,0.7220434863701499,-0.9688124213251096,-0.42673473080878166,-0.1556923563029708,0.12209224108237644,0.0192307692307691,1
2019-06-10 00:00:00+00:00,-1.4043193732331243,0.7991299220139756,-0.8096753767444499,-0.24616103532089273,-0.05328113707788436,-0.21500281158778795,0.0161725067385445,1
2019-06-11 00:00:00+00:00,-1.338640876883569,0.5967030707244877,-1.0907955037677783,-0.0954274205637815,0.0063621221810256584,-0.26402070355616125,-0.0318302387267904,0
2019-06-12 00:00:00+00:00,-1.2957367586901454,-1.686258173489804,-1.2464100750814169,-0.10744617363466104,-0.17255350439490325,0.0022784578016571667,0.0164383561643834,1
2019-06-13 00:00:00+00:00,-1.2989653830659844,0.7976081878160558,-1.3107815656056148,-0.32028654880921714,-0.20646713388121238,-0.07850837194893012,-0.0242587601078166,0
2019-06-14 00:00:00+00:00,-1.253527946075567,-0.843279909493496,-1.1831791703256584,0.06371533132734848,-0.3254189997442475,0.14835216149943972,0.0027624309392264,1
2019-06-17 00:00:00+00:00,-1.1845984422184377,0.23799052419595584,-1.376492855069009,-0.19529690921574466,-0.5043128322910452,-0.024764108784482607,0.0523415977961432,1
2019-06-18 00:00:00+00:00,-1.3777920097202732,2.497698375493867,0.998558297604928,1.0088523146127966,-0.40904437408334116,0.16285751784143773,0.0026178010471205,1
2019-06-19 00:00:00+00:00,-1.1875363991945562,-0.04998227384062066,-1.2173151334784702,-0.030316132687860937,-0.3366388113026923,-0.5041922348132969,0.0052219321148825,1
2019-06-20 00:00:00+00:00,-1.19984829092529,-0.20037816681451726,-1.0129516954089788,0.08570345152218448,-0.26087100995959517,-0.6584966932730374,-0.0155844155844155,0
2019-06-21 00:00:00+00:00,-1.1888549643411803,-0.8912525640406326,-0.7446080462744905,0.52371071945509,-0.3015504119097708,-0.3447702816704334,0.0079155672823219,1
2019-06-24 00:00:00+00:00,-1.1648030068816242,0.30287650009327327,-1.2825601241246756,-0.09436762259253807,-0.4760150008268189,-0.2121524321502156,-0.0078534031413611,0
2019-06-25 00:00:00+00:00,-1.176368203409931,-0.5200383435978808,-0.8975800558229173,0.11586237380545837,-0.5794187342370849,0.0246468742211632,0.0501319261213719,1
2019-06-26 00:00:00+00:00,-1.2741019881552755,2.098913398788723,0.3892217765100563,1.1350111957824076,-0.0886591786081219,-0.7228959191938807,0.0251256281407035,1
2019-06-27 00:00:00+00:00,-1.1865361424220071,1.0149581982024796,-0.7852495048060301,0.48826957102986934,-0.13755750164109726,-0.8518490335847209,0.0073529411764705,1
2019-06-28 00:00:00+00:00,-1.1584966704979351,0.25423610367282073,-1.0639134963475883,0.3616201068244103,-0.23520123574554788,-0.5881935178543739,0.0097323600973235,1
2019-07-01 00:00:00+00:00,-1.3065545471243452,-0.6383281381512288,1.0755991567315069,1.7671910076468942,0.17055322635641923,-0.9740300484451153,-0.021686746987952,0
2019-07-02 00:00:00+00:00,-1.1396751003070473,-1.2670086976039148,-0.9216451713423798,0.6463490737753819,-0.29719764646287244,-0.13194855462870775,0.0024630541871923,1
2019-07-03 00:00:00+00:00,-1.076720527105594,0.08142118749002901,-1.7000001607825277,0.032982751028467004,-0.4550637558208808,-0.09951637728925634,-0.0147420147420148,0
2019-07-05 00:00:00+00:00,-1.0910733580379923,-0.5131063799421594,-1.251134205042789,0.6431216641202553,-0.3214780010065221,-0.12883750993824514,-0.0199501246882791,0
2019-07-08 00:00:00+00:00,-1.0742457848633016,-0.8063225820896588,-1.5433330372812317,0.33138269431325995,-0.41544252651150276,-0.11690174766375387,0.0,0
2019-07-09 00:00:00+00:00,-1.1032047426307785,0.24280297874754603,-1.2238512945356683,0.41999176046643794,-0.4697526619939299,0.060188454707555676,0.0178117048346055,1
2019-07-10 00:00:00+00:00,-1.1429919909290815,0.76386991427482,-0.664594180187514,0.8838537591303216,-0.1964008810516505,-0.3930843469112668,0.04,1
2019-07-11 00:00:00+00:00,-1.2572335659846992,1.8109570106156776,0.5675739500905169,1.7615731166714292,0.0752500701775341,-0.4098332953693516,0.0072115384615385,1
2019-07-12 00:00:00+00:00,-1.166782798808115,0.3469424982635837,-0.8335914410815014,0.9277164257334051,-0.0015132663861171418,-0.4609669459284629,-0.0023866348448688,0
2019-07-15 00:00:00+00:00,-1.1121422571752073,-0.2136045206450487,-1.5781838181326913,0.16581749685388222,-0.3123706890252642,-0.10354486977411588,0.0,0
2019-07-16 00:00:00+00:00,-1.1305305644472456,0.07989289148456928,-1.3950446877032985,0.3414999231210671,-0.2817503547191599,-0.014348005932865318,0.0143540669856461,1
2019-07-17 00:00:00+00:00,-1.1159784510021324,0.851711239932828,-1.2277950798149118,0.5714671209147247,-0.31462651903149086,0.22347550151350262,0.0023584905660376,1
2019-07-18 00:00:00+00:00,-1.1362716193329367,0.06753227609581118,-0.8652627204950718,0.9581363082851897,-0.14484747815213755,0.010796025438248065,-0.0094117647058823,0
2019-07-19 00:00:00+00:00,-1.0884621405666124,-0.7326574816820273,-1.4718069796403566,0.5461666226108982,-0.14952864853149844,-0.24232936437920544,0.0166270783847981,1
2019-07-22 00:00:00+00:00,-1.0927592220267461,0.9120531378132248,-1.4987063613688363,0.4333402329491374,-0.2808654193816228,0.0820983205524816,0.0257009345794392,1
2019-07-23 00:00:00+00:00,-1.1278615700344117,1.342919225235458,-1.119256830845591,0.8135612706279262,-0.0715028655210152,-0.1686603818272315,0.0182232346241457,1
2019-07-24 00:00:00+00:00,-1.1343063913307296,0.8728021245508177,-1.1454714138641684,0.5955242598877316,-0.21043250480039563,0.06458767783827352,-0.0313199105145413,0
2019-07-25 00:00:00+00:00,-1.0897845472462102,-1.6478268483082186,-1.1275370657384827,0.8447762268811152,-0.2639326990744693,0.14630936194060176,0.0115473441108544,1
2019-07-26 00:00:00+00:00,-1.0410568950807992,0.601595864546681,-1.855157183816527,0.3294421399654077,-0.2713701955535409,-0.04614261509195812,-0.002283105022831,0
2019-07-29 00:00:00+00:00,-1.0492637057632592,-0.08244799143329645,-1.5938100246189781,0.3081173283994394,-0.500227098194507,0.35552813182942705,0.0045766590389015,1
2019-07-30 00:00:00+00:00,-0.99336213888741,0.5544454455016922,-1.8326615545430196,0.16435236318257987,-0.7143498423742287,0.556339616275456,-0.0387243735763097,0
2019-07-31 00:00:00+00:00,-1.0438084772749365,-2.208208916155652,-0.6982910524915086,0.9754830218703152,-0.568077257080344,0.23716209172716768,-0.0236966824644548,0
2019-08-01 00:00:00+00:00,-1.1401275334466003,-1.667866371034225,0.20843656605141023,1.2226372180780112,-0.6052174345539648,0.4340690988755335,-0.0218446601941747,0
2019-08-02 00:00:00+00:00,-1.07011650475787,-0.8499194464687719,-0.7557869606696748,1.0617503655480311,-0.45117064937981965,0.19612913850529998,-0.0645161290322581,0
2019-08-05 00:00:00+00:00,-1.132878652444539,-2.968655074630496,-0.12367496040371778,1.4691909958497325,-0.359900312900275,-0.026370437707341456,0.0106100795755967,1
2019-08-06 00:00:00+00:00,-1.1514936817125374,0.10396362388368528,-0.5760688981843475,0.45927091506137885,-0.44903999910516923,-0.3510159194555353,0.010498687664042,1
2019-08-07 00:00:00+00:00,-1.1658594384706256,0.89941235976145,-0.470544465066744,0.4976697032586952,-0.71986772903547,0.4440904730616057,0.0285714285714284,1
2019-08-08 00:00:00+00:00,-1.099662485134409,1.3115957642985039,-0.8459275474610306,0.3632517107103851,-0.6013892897725774,-0.14764730968283213,-0.0277777777777777,0
2019-08-09 00:00:00+00:00,-1.0585052967832096,-1.4740969294518746,-0.8478261864237977,0.5873058373322406,-0.6596211048267725,-0.1145680576735358,-0.0155844155844155,0
2019-08-12 00:00:00+00:00,-1.0431398497878837,-0.640761109548844,-1.240268700909505,0.24137906094405562,-0.7566894051756796,0.0107685614411495,0.029023746701847,1
2019-08-13 00:00:00+00:00,-1.189293003092543,1.5883605669862844,0.2482800358921153,0.5927487378078098,-0.9896569958292801,0.6706689315232228,-0.0384615384615384,0
2019-08-14 00:00:00+00:00,-1.0835774025083973,-1.8286491560544658,-0.5971074501891598,0.8067241167522703,-0.6047900766140131,-0.20619878564837435,-0.0079999999999998,0
2019-08-15 00:00:00+00:00,-1.112241071020499,-0.6242048645017425,-0.2784016029271611,1.0583709629538856,-0.3599686171387251,-0.6751159436676383,0.0725806451612902,1
2019-08-16 00:00:00+00:00,-1.3259160031035313,2.662831423237364,1.8599181817394064,2.761705758615142,0.7659661495476499,-2.5084684465037697,0.070175438596491,1
2019-08-19 00:00:00+00:00,-1.4436931488587128,3.2976488150307928,1.9014653482049453,1.537775627171098,-0.11279367967766668,-0.7945159499756058,-0.0163934426229507,0
2019-08-20 00:00:00+00:00,-1.242041764975575,-0.9199997495718962,-0.5727153537183595,0.10421616480521911,-0.3547530826540804,-0.8964262790242529,0.0190476190476189,1
2019-08-21 00:00:00+00:00,-1.2841084425665372,0.7804783667554496,-0.366267986734987,-0.06255900971171131,-0.41823233085820893,-0.7646228364467703,0.0023364485981307,1
2019-08-22 00:00:00+00:00,-1.2293663194011535,0.08909108702695687,-0.9913844476057063,-0.5032788177029299,-0.6067207420693125,-0.516420951698729,-0.0536130536130536,0
2019-08-23 00:00:00+00:00,-1.3612015223892906,-3.0205376549724554,0.7739343417346883,0.5327696298790062,-0.5954251166326393,-0.19185178237292555,0.0197044334975369,1
2019-08-26 00:00:00+00:00,-1.2796586930721916,0.7525676851299214,-0.9573798529378063,-0.6724731383785606,-0.44623863859903,-0.9184946633471851,-0.0241545893719805,0
2019-08-27 00:00:00+00:00,-1.3243371042556107,-1.7147361339525733,-0.3981729014111472,-0.6644139919115166,-0.7328747817941602,-0.3502472088497324,-0.0024752475247524,0
2019-08-28 00:00:00+00:00,-1.291111160997303,-0.027928115720557943,-0.8818367838945045,-0.8333156824646382,-0.7914489092798755,-0.11454609942590604,0.0347394540942926,1
2019-08-29 00:00:00+00:00,-1.3132404777698172,1.5253444286010827,-0.5185357793393883,-0.47874924296955484,-0.49068648007037385,-0.7446018722913781,0.0047961630695445,1
2019-08-30 00:00:00+00:00,-1.2701407260193571,-0.009079993093613377,-0.7953895230692946,-0.6512040301406179,-0.6332579445946335,-0.5997000864995844,-0.0214797136038188,0
2019-09-03 00:00:00+00:00,-1.1868042232626745,-0.843835509800747,-1.21231538945317,-0.42338003081082065,-0.6913089131704752,-0.239165444812088,0.0292682926829268,1
2019-09-04 00:00:00+00:00,-1.1940355107770841,1.3770979254474969,-1.2767758973422274,-0.7255099881766287,-0.6611983362091081,-0.5638802170556527,0.0639810426540286,1
2019-09-05 00:00:00+00:00,-1.406908925039781,3.068177910775902,1.2827416057038559,0.9996942245967583,-0.24305876445256996,-0.6993342522122583,-0.0044543429844099,0
2019-09-06 00:00:00+00:00,-1.2622000932792372,-0.19086658264427606,-0.6340432549386532,-0.28472605277953594,-0.5713248923466269,-0.49532399266612903,0.0089485458612974,1
2019-09-09 00:00:00+00:00,-1.2722687443277187,0.3602386252790081,-0.5121129781390881,-0.10299793740324241,-0.4220428667497395,-0.6601416993494271,0.0155210643015522,1
2019-09-10 00:00:00+00:00,-1.3074507696643272,0.9849478050879581,-0.3695011078776976,-0.33891534580454785,-0.71621900965927,0.05942278908966706,0.0065502183406114,1
2019-09-11 00:00:00+00:00,-1.256655666371984,0.33398325882648444,-0.8088275735238436,-0.31714713055260724,-0.47802151877649074,-0.5032787656585733,0.0,0
2019-09-12 00:00:00+00:00,-1.229843899576254,-0.2566816892567998,-0.8831685567237422,-0.29070961891051406,-0.4649611023499894,-0.5272437082905911,-0.0130151843817788,0
2019-09-13 00:00:00+00:00,-1.1983237006765477,-0.42762529276769573,-1.1091256671942462,-0.3176507922580186,-0.5959266291144042,-0.24037865754828547,-0.0087912087912087,0
2019-09-16 00:00:00+00:00,-1.0973187751415914,-0.11259863433498389,-1.4352421029836167,-0.363127973921579,-0.8376368696229664,0.056482578268184994,0.0044345898004436,1
2019-09-17 00:00:00+00:00,-1.0001433033519305,0.3260917258284373,-1.700289026528206,-0.07111223149683941,-0.7076649637869927,-0.24546810706344718,-0.0066225165562914,0
2019-09-18 00:00:00+00:00,-1.0207598117945393,-0.3718200376523392,-1.0896584757242298,0.24324793403364908,-0.8230520891859033,-0.0030972597063227665,-0.0177777777777777,0
2019-09-19 00:00:00+00:00,-0.9770978161499329,-1.0996299084237846,-1.324725884410373,0.22505151811627777,-0.770783980029282,-0.3038338784055738,-0.0226244343891401,0
2019-09-20 00:00:00+00:00,-1.020967501354267,-1.3876496404380017,-0.6762320192080477,0.7331900227333248,-0.6562836711358853,-0.3755704546895794,0.0115740740740739,1
2019-09-23 00:00:00+00:00,-0.9646732747785829,0.6837920927200858,-1.2125057316428804,0.44234650314634893,-0.8320326871479466,0.07347134321186606,-0.0137299771167048,0
2019-09-24 00:00:00+00:00,-0.9731205084763216,-1.0099482949520449,-0.7784119782756339,0.8734386308995036,-0.6756261269387045,-0.23385132297937655,0.0348027842227378,1
2019-09-25 00:00:00+00:00,-1.0688887202327624,1.906247347888535,-0.08600297320349656,0.7942741482741533,-1.0174780229436586,0.6825278488555335,-0.0067264573991031,0
2019-09-26 00:00:00+00:00,-0.9170508030117819,-0.2878390923808344,-1.6844353126667888,0.3299472138977296,-0.7356499195462372,-0.24969276192059411,-0.0316027088036117,0
2019-09-27 00:00:00+00:00,-1.0174857934178414,-1.8241280561455566,-0.16155745898161816,1.1358222854509548,-0.824854348863741,0.1745448628970477,0.0139860139860139,1
2019-09-30 00:00:00+00:00,-0.922722614897221,0.7285409063945668,-1.7360981613268893,0.0648348674209993,-0.8521508415776964,-0.17327406950286586,0.0,0
2019-10-01 00:00:00+00:00,-1.012984543897275,-0.24281010308544487,-0.26861110169489316,1.144771001795447,-0.6880765813343968,-0.08185328886924777,-0.0045977011494251,0
2019-10-02 00:00:00+00:00,-0.9404490301256685,-0.13987415515083385,-1.310119675091562,0.6928932633511383,-0.6634618608057158,-0.15652287572848125,0.046189376443418,1
2019-10-03 00:00:00+00:00,-1.0741935346410043,2.541612331817019,0.6651023921544603,1.8218289822896245,-0.7571570920625291,0.6465649777832517,0.0044150110375273,1
2019-10-04 00:00:00+00:00,-0.8996497351418782,0.23141130421660208,-1.314685332212032,0.800253961183451,-0.7199987087235482,-0.04524936382602584,0.0131868131868133,1
2019-10-07 00:00:00+00:00,-0.9348489149620063,0.5258839649433734,-0.48970303401656123,1.9281214185392963,-0.15758230612723706,-0.8296289542556627,-0.0390455531453363,0
2019-10-08 00:00:00+00:00,-0.9229029611041791,-1.8917958454912394,-0.7202970965021914,1.6323942490916377,-0.4173995799786765,-0.44140868019097307,0.020316027088036,1
2019-10-09 00:00:00+00:00,-0.9243843041659008,0.8428193007414309,-1.205922790590915,0.770914275815277,-0.5806456448482286,-0.5069942554214495,0.0132743362831859,1
2019-10-10 00:00:00+00:00,-0.9492220229839324,0.7803131576875084,-0.9096819185817152,0.86820769880311,-0.7421666357291432,-0.06457565384332328,0.0152838427947599,1
2019-10-11 00:00:00+00:00,-0.9519335661465381,0.5651631329712438,-0.635833477266403,1.5382112873771308,-0.23154436048152138,-0.9378526285813795,0.0021505376344086,1
2019-10-14 00:00:00+00:00,-0.8935009223561551,0.24137296266895195,-1.81510765405151,0.22366538631745023,-0.8268798031318622,-0.09555967968182216,0.0536480686695279,1
2019-10-15 00:00:00+00:00,-1.1683127649290654,2.555290571703286,1.4389056666540392,2.3739322669781093,-0.23888813574856574,-0.4318179569886139,-0.0101832993890019,0
2019-10-16 00:00:00+00:00,-1.033512062652622,-0.49645703023425586,-0.4885811095169264,1.0936008352781508,-0.4995504761029776,-0.33642436838042156,0.0,0
2019-10-17 00:00:00+00:00,-1.0153188870776815,-0.21427155044038873,-1.024085749536873,0.3274554572602273,-0.7468691347472852,-0.102323922800506,-0.0205761316872429,0
2019-10-18 00:00:00+00:00,-1.0327072555998311,-1.3221232535027088,-0.5816337132684068,0.6230820831022785,-0.7939237266842656,0.06983235715588375,0.0294117647058824,1
2019-10-21 00:00:00+00:00,-1.0180914094199516,1.4603024513147302,-1.13467146254018,0.23730643070106452,-0.717717432504996,-0.1665652577513911,-0.0020408163265307,0
2019-10-22 00:00:00+00:00,-1.035201761576325,-0.4548951673356164,-0.592913553741297,0.6765647323771975,-0.653040605954511,-0.21890742081935716,-0.002044989775051,0
2019-10-23 00:00:00+00:00,-0.9918460435756283,0.2507325684659757,-1.2333740604566723,0.3990187603840663,-0.7979617713872534,0.20909443862893765,0.0081967213114753,1
2019-10-24 00:00:00+00:00,-0.9602566617674008,0.35913313117371387,-1.6268128396808068,0.16495835970997832,-0.655135196353807,-0.2928763560335271,0.0386178861788619,1
2019-10-25 00:00:00+00:00,-1.0477541739972867,1.8892717119815232,-0.41451148090839446,1.1265496455725716,-0.3994256650151413,-0.33659964889837923,0.0117416829745595,1
2019-10-28 00:00:00+00:00,-0.9904282673481817,0.5259774474049893,-1.2601527990988792,0.6184714856265369,-0.42740727349305857,-0.4391760774259084,-0.0193423597678915,0
2019-10-29 00:00:00+00:00,-0.951485471189716,-1.0822608614880915,-1.6555479510029711,0.08923492316563081,-0.7526414478891859,-0.12661549978767464,0.0019723865877712,1
2019-10-30 00:00:00+00:00,-0.9532389694490855,0.021902357999159405,-1.6344154617259472,0.06625839336084594,-0.748661235052465,-0.1544913464682338,-0.0098425196850393,0
2019-10-31 00:00:00+00:00,-0.9324849035934667,-0.45435888077872666,-1.4921192191169392,0.24868074200768384,-0.8716620268017243,0.16933691978760812,0.0059642147117295,1
2019-11-01 00:00:00+00:00,-0.968920925150989,0.5125692572112924,-1.047962790749434,0.603282886919761,-0.7982060367500909,0.22767309029373553,0.0395256916996047,1
2019-11-04 00:00:00+00:00,-1.0115180752807775,1.8921478802506226,-0.38470212496755296,1.0507256632404607,-0.5678876348017332,-0.27858505812638024,-0.0038022813688212,0
2019-11-05 00:00:00+00:00,-0.8942745292181437,-0.17765707321377816,-1.372287338545758,0.8326215325501555,-0.5766310777476942,-0.2895708445912231,-0.0095419847328244,0
2019-11-06 00:00:00+00:00,-0.9081855088594757,-0.48365954153887714,-1.2432806097171611,0.6984512095748553,-0.7518486370849793,0.011285745374977,0.0038535645472059,1
2019-11-07 00:00:00+00:00,-0.9022152178180638,-0.13075419747331016,-1.2318429373108142,0.7702127949921466,-0.5819150775964241,-0.41921889680502183,-0.00383877159309,0
2019-11-08 00:00:00+00:00,-0.8391041269026823,-0.07326218701834387,-1.9034311580002017,0.296083761272644,-0.8536877804120276,-0.06065007088260868,0.0019267822736031,1
2019-11-11 00:00:00+00:00,-0.8789074892045815,0.13651430022972572,-1.3912574303869103,0.6125185795216835,-0.7969475681453049,-0.041212054623719054,0.0076923076923076,1
2019-11-12 00:00:00+00:00,-0.8085627374797776,0.3568037856471467,-1.4795592839783964,1.1241726449112759,-0.5639290194217863,-0.3660235501416879,-0.0057251908396946,0
2019-11-13 00:00:00+00:00,-0.7922821791117599,-0.14378172892644472,-1.4314596776543311,1.2839281114866463,-0.6013809383241207,-0.25272565435667765,0.0057581573896352,1
2019-11-14 00:00:00+00:00,-0.8582411162907894,0.36743436696510623,-0.4839827034622634,2.424529175836812,-0.044617351443197915,-0.8726937849476616,-0.0267175572519084,0
2019-11-15 00:00:00+00:00,-1.0793355766587933,-1.7345881376303058,2.4234150741941636,4.897974511177826,0.7473012970497027,-1.3537058212312463,0.0411764705882353,1
2019-11-18 00:00:00+00:00,-1.0924580941962865,2.2951026734985667,0.655366002443317,2.1294465365729787,-0.3434844487498348,0.28852285108099984,-0.0207156308851222,0
2019-11-19 00:00:00+00:00,-0.9756464843384808,-1.1318114522013376,-0.7654410052526996,1.2872336845718915,-0.38030212236128547,-0.14713756377538187,0.0153846153846153,1
2019-11-20 00:00:00+00:00,-1.0613703772407184,0.9147231393585876,-0.13359668496227992,1.46497334548628,-0.4174464747953612,0.21980994657253725,-0.0056818181818182,0
2019-11-21 00:00:00+00:00,-0.9591004447504635,-0.29315454252243206,-1.569843578185096,0.5374022691160945,-0.4620981487416015,-0.10885299059242436,0.0038095238095237,1
2019-11-22 00:00:00+00:00,-0.9063478985659128,0.18405634700121956,-2.011014192404857,0.35577361822216824,-0.4890203314761711,-0.10983631338700227,0.0493358633776093,1
2019-11-25 00:00:00+00:00,-1.0621126574160125,2.330052764442555,-0.21041818145924093,1.4982884167139623,-0.12676670598120446,-0.49910129673030107,-0.0198915009041591,0
2019-11-26 00:00:00+00:00,-0.9760882039149378,-1.056183183569026,-1.3043826561171568,0.889986038478848,-0.2695162809582088,-0.3991078954734454,0.0073800738007379,1
2019-11-27 00:00:00+00:00,-0.9588753543191235,0.31230139226293346,-1.9500744476005505,0.07691726919336711,-0.490262029050635,-0.20908368956400847,-0.0073260073260073,0
2019-11-29 00:00:00+00:00,-0.929909077027893,-0.18695960328590477,-2.3175389727053446,-0.251414289750398,-0.7051276953776279,0.1433494482048301,-0.0350553505535053,0
2019-12-02 00:00:00+00:00,-1.0329187892435086,-2.121079241853109,-0.6948695896032067,0.8317458112563907,-0.4940127355695721,-0.10957790120119668,-0.0076481835564053,0
2019-12-03 00:00:00+00:00,-1.085083079330781,0.23902226754144903,-0.2823839389791517,1.2293899749936699,-0.5908935516445852,0.7239796029708441,0.0096339113680152,1
2019-12-04 00:00:00+00:00,-0.9870331690293735,0.24522842440188772,-1.6088674561973746,0.3360565475502803,-0.36763035259166177,-0.3779792769919763,-0.0038167938931298,0
2019-12-05 00:00:00+00:00,-0.9549673959202806,-0.2455401003090905,-2.0241404184096243,-0.044536118951583464,-0.5868091586509844,-0.05941950727638712,0.0153256704980841,1
2019-12-06 00:00:00+00:00,-0.9618109760598074,0.696586296049529,-1.8926741403025684,0.13800333392123507,-0.44826434608877647,-0.32204947518009563,0.0,0
2019-12-09 00:00:00+00:00,-0.9715750106757255,0.13162757025125826,-1.8236304920532094,0.06371663041129942,-0.6348099791502555,0.1150260589546202,0.0094339622641508,1
2019-12-10 00:00:00+00:00,-1.0000906391309545,0.4490326170064197,-1.4451718403750866,0.2807933047322755,-0.5652930480200303,0.0253668524862537,0.0149532710280373,1
2019-12-11 00:00:00+00:00,-0.9779623756075041,0.9013562575837086,-1.7358746887955323,0.13656314166334094,-0.5788197387018413,0.00450528181990175,0.0313075506445672,1
2019-12-12 00:00:00+00:00,-1.1128834300378854,1.8676945024854432,-0.16518320190978916,0.9054909222340868,-0.6477432756251107,0.5479929848187512,0.0,0
2019-12-13 00:00:00+00:00,-1.048106867770858,-0.03400818781889895,-0.4836684533523234,1.1632226227722042,-0.3339141688631399,-0.21112536189293865,0.0053571428571428,1
2019-12-16 00:00:00+00:00,-0.9047156805158635,0.1969398142405371,-1.4423612022446508,0.7867398031490871,-0.4142696476387026,-0.5493048390614618,0.014209591474245,1
2019-12-17 00:00:00+00:00,-0.8854061900932005,0.8264777938217827,-1.351089942241677,0.9509460978666207,-0.48780476319563504,-0.2979649814363026,0.0052539404553415,1
2019-12-18 00:00:00+00:00,-0.852364389010464,0.28972149224490756,-1.4652718550664832,1.1415670307699515,-0.34935664850091885,-0.5422636350973703,0.0261324041811845,1
2019-12-19 00:00:00+00:00,-0.9208431045108624,1.4498027005039757,-0.5658189640014303,1.6842213782247784,-0.31026146464081167,-0.39189667256652555,0.0152801358234295,1
2019-12-20 00:00:00+00:00,-0.9276351365946555,0.7615601670074346,-0.4076926410561455,2.3267581879005244,0.2013930470999767,-1.1278944318980362,-0.0016722408026756,0
2019-12-23 00:00:00+00:00,-0.8915042845290336,-0.13381028943309822,-1.4138747943139856,1.0401434084079457,-0.3042929241297475,-0.4915066464454491,0.0,0
2019-12-24 00:00:00+00:00,-0.7920811579328267,0.14715353237952677,-2.4821455626873528,0.16183377725024722,-0.7348282113420818,0.13224913623332352,0.0016750418760469,1
2019-12-26 00:00:00+00:00,-0.7715616373542139,0.21378396411190623,-2.3266737247901403,0.4994633363775391,-0.6397386627802586,0.009210547123907582,-0.0100334448160536,0
2019-12-27 00:00:00+00:00,-0.800374530109101,-0.6008040300455383,-1.8018250060462548,0.9118753229354836,-0.522603321894317,-0.15209313261083623,-0.0185810810810811,0
2019-12-30 00:00:00+00:00,-0.8232636100413634,-0.9896560910854306,-1.6810068952212498,0.8764239935480604,-0.5859821801315466,0.0004044513899179923,0.0120481927710844,1
2019-12-31 00:00:00+00:00,-0.8218444837661988,0.8936665025813263,-1.6606132621375331,0.8980927562857594,-0.7200312105211897,0.5539409615232688,0.0204081632653061,1
2020-01-02 00:00:00+00:00,-0.7650370811522547,0.9682233478645357,-1.9655860569769985,0.9785146492803476,-0.4692064732299238,-0.18687290078326563,-0.0166666666666666,0
2020-01-03 00:00:00+00:00,-0.7540853492957876,-0.47583572177046796,-2.065506142407328,0.7765402240346353,-0.7916342773044609,0.3981595219421075,0.0050847457627116,1
2020-01-06 00:00:00+00:00,-0.8150604034861026,0.6591725093344659,-1.4322300940896782,1.0993382843214756,-0.7621409862173328,0.5652557100799294,0.0118043844856661,1
2020-01-07 00:00:00+00:00,-0.81312190455697,0.631862741654038,-1.3589007631742192,1.3671779208379604,-0.4510436538115554,-0.048505296330193196,0.0016666666666667,1
2020-01-08 00:00:00+00:00,-0.7894143831147794,0.21208412823870473,-1.7473583393680465,1.1204833520361535,-0.4959182498295305,-8.796637177456061e-06,0.0116472545757071,1
2020-01-09 00:00:00+00:00,-0.8006555186268223,0.4124245370309809,-1.6522211246830114,1.0262387201579042,-0.49567126289820745,-0.1060509584329968,0.0049342105263159,1
2020-01-10 00:00:00+00:00,-0.8021127162808608,0.00023873458778549738,-1.5196539159767606,1.3410176652925598,-0.29993120634743115,-0.38059482282756146,0.0310965630114565,1
2020-01-13 00:00:00+00:00,-0.836251818573356,1.569880145710613,-1.1872918343205574,1.3742754698812778,-0.44143414108750295,0.00313584141911931,-0.019047619047619,0
2020-01-14 00:00:00+00:00,-0.7812915405975674,-0.9204595431368447,-1.4138676222189666,1.5824719739255353,-0.33838581207441776,-0.32954904503152216,-0.0064724919093851,0
2020-01-15 00:00:00+00:00,-0.7712295768286579,-0.34743307791335704,-1.7419684626427774,1.0498107147717446,-0.5399755004183056,-0.15111631474922102,0.013029315960912,1
2020-01-16 00:00:00+00:00,-0.7624668073425216,0.7094513405872975,-1.8306825806961822,1.132415967383875,-0.4068303816987752,-0.3918204007171731,0.0016077170418007,1
2020-01-17 00:00:00+00:00,-0.7442016049501295,0.13618248089586169,-1.9490724009722766,1.0053245570152194,-0.5116505393123043,-0.2775690446903909,-0.0048154093097914,0
2020-01-21 00:00:00+00:00,-0.708807726238994,-0.06661897777433741,-2.128278796807581,0.9146567338888746,-0.6498775676512574,-0.06189537722042992,0.0080645161290322,1
2020-01-22 00:00:00+00:00,-0.7092231769330792,0.40358734826288617,-1.6558197291555337,1.2211408135906971,-0.66662435967019,-0.12285614619060307,0.0112,1
2020-01-23 00:00:00+00:00,-0.7082220488957697,0.5804363686997785,-1.5378312339927294,1.2947557678315766,-0.6901309706401264,-0.10305719414016408,-0.009493670886076,0
2020-01-24 00:00:00+00:00,-0.798211506208737,-1.0463798406091784,-0.2750635672606124,2.1364809577133377,-0.4634378669681315,-0.30714167027097206,-0.0415335463258785,0
2020-01-27 00:00:00+00:00,-0.862222720560574,-1.505542152916661,0.0708391162973005,2.334977701855126,-0.6943951307808017,0.5004727957903096,0.0333333333333334,1
2020-01-28 00:00:00+00:00,-0.8716909412022221,1.6596731202512907,-0.5673665998236448,1.2432921202510394,-0.751555158951284,0.05221788772124799,-0.0096774193548387,0
2020-01-29 00:00:00+00:00,-0.77784589054431,-0.44924571132525243,-1.530622090431835,0.9351761890287843,-0.7057884057818007,-0.19353976486979171,0.001628664495114,1
2020-01-30 00:00:00+00:00,-0.832619207522925,0.4548554621286862,-1.0315096023182804,1.1085481789658531,-0.8455006350538958,0.3373617536551654,-0.0390243902439024,0
2020-01-31 00:00:00+00:00,-0.8631018894352109,-2.224695411313778,-0.4500626679195954,1.5329802959219074,-0.6570184585576634,-0.154780104204945,0.0169204737732655,1
2020-02-03 00:00:00+00:00,-0.8543206591769131,1.0915772960375172,-1.2296301323313663,0.7264071030503467,-0.840368837918546,0.13823414919728372,0.0282861896838602,1
2020-02-04 00:00:00+00:00,-0.8391790856941507,1.2205042652624234,-1.3620771863450183,0.7536513496887017,-0.569181264156087,-0.6125392311324809,0.0145631067961164,1
2020-02-05 00:00:00+00:00,-0.815432661528809,0.4879094264041648,-1.587271821870675,0.44965998325140005,-0.7549001909381045,-0.42027597425397245,0.0143540669856461,1
2020-02-06 00:00:00+00:00,-0.8293108985662798,0.7695055068146329,-1.3989212718533877,0.5106757453278479,-0.8869735917525143,-0.0697651847612115,-0.0110062893081761,0
2020-02-07 00:00:00+00:00,-0.7691837308705799,-0.4271502551532575,-1.9567277380214436,0.336891237153143,-0.8800333182111089,-0.21708589152966684,0.0445151033386328,1
2020-02-10 00:00:00+00:00,-0.9999744306081579,2.439492275839649,0.8438775711561325,2.147780352835637,-0.5153494216082614,-0.18481774179150268,0.0197869101978691,1
2020-02-11 00:00:00+00:00,-0.9630076535072702,0.7860898609381544,0.548801178807957,2.5708432078376164,0.05624748340194856,-1.200900843957437,0.016417910447761,1
2020-02-12 00:00:00+00:00,-0.8817244383432368,0.8630293996910506,-0.9683398109034447,1.1179454831618962,-0.42811102624928526,-0.625557231457144,-0.0058737151248164,0
2020-02-13 00:00:00+00:00,-0.9110106540141673,-0.12932323685107425,-0.5176997566288817,1.8075437424685248,-0.14077356340425173,-0.8152306707850508,0.0694239290989662,1
2020-02-14 00:00:00+00:00,-1.1573814609680055,2.690287200431653,2.034375482584735,3.646477493690904,0.933377479817509,-2.4084835146656727,0.0234806629834254,1
2020-02-18 00:00:00+00:00,-1.1600940680026428,1.5690867047697137,0.7684549186718801,1.5440128968468014,-0.4041194726398751,0.15650953191768763,0.0620782726045883,1
2020-02-19 00:00:00+00:00,-1.2528910284619268,3.085780010612679,1.2313214628116163,1.531094309589698,-0.17490698123722426,-0.2728828822710604,-0.0190597204574333,0
2020-02-20 00:00:00+00:00,-1.306986764141889,-1.2620468991986238,1.759144412157889,1.8464654636289652,-0.1517889815814314,-0.07794160870648174,-0.0479274611398964,0
2020-02-21 00:00:00+00:00,-1.2950122435046958,-2.7054551436576553,0.9519003080712746,1.2732676782914765,-0.055059280404602166,-0.446540461075856,-0.0707482993197278,0
2020-02-24 00:00:00+00:00,-1.407217782669895,-2.6517796959833864,1.3754206313621045,1.105986794719428,-0.4818580160208147,0.7046131565168147,-0.0409956076134699,0
2020-02-25 00:00:00+00:00,-1.542873552852757,-3.0574905376513524,2.6969508002049225,1.7270727676094662,0.18213598460261443,-0.6279019501675471,0.0213740458015267,1
2020-02-26 00:00:00+00:00,-1.539791971760415,1.0376709797107215,1.2694553842555776,0.3953838058166238,-0.09757669883215113,0.03693723468752916,-0.0553064275037369,0
2020-02-27 00:00:00+00:00,-1.6410907619402209,-2.617558651545451,1.994534795632685,0.667544977185693,-0.26363709509814054,0.7170744136156759,0.0680379746835442,1
2020-02-28 00:00:00+00:00,-2.0204941205833595,4.321770819885159,4.657831604435052,0.9177165784869632,-0.7591998116712223,2.6127149582522176,0.0237037037037037,1
2020-03-02 00:00:00+00:00,-1.7806025768621028,0.5583131355882711,1.7512573862279892,0.07773729425696894,0.3544726184625135,-0.3129842124362407,-0.0376266280752531,0
2020-03-03 00:00:00+00:00,-1.7864987289887435,-2.7741571964822622,1.3650655801348994,-0.596179005248173,0.0520402195448347,0.10441596202803201,0.069172932330827,1
2020-03-04 00:00:00+00:00,-1.9114198805354174,3.3688042761271486,1.6307603777602888,-1.0721590824367715,-0.13480050713670208,0.7206986148852009,-0.0393811533052039,0
2020-03-05 00:00:00+00:00,-1.7957419869698141,-1.94182010327263,0.35105156570796464,-1.341518767780589,0.014687261228842416,0.2841741059793727,-0.0263543191800877,0
2020-03-06 00:00:00+00:00,-1.8292819719975395,-1.1802469115344716,0.27253919679965327,-1.5090205604247913,0.04804576386984636,0.3254710393432073,-0.0766917293233083,0
2020-03-09 00:00:00+00:00,-2.04458451723975,-2.92360148355923,2.118153626539381,-1.3633493988433296,-0.8430759248206603,2.5630147563277315,0.0635179153094462,1
2020-03-10 00:00:00+00:00,-2.031773195614088,2.4210284699109437,1.5859077846503014,-1.628621629673185,0.1827905369208351,-0.16334934571582183,-0.0566615620214395,0
2020-03-11 00:00:00+00:00,-1.9360410503995904,-3.2461741543330778,0.9502149867578549,-1.7910778819320112,-0.13371267430608733,0.24804916891844248,-0.1217532467532467,0
2020-03-12 00:00:00+00:00,-2.1319390053230434,-6.141190369669397,2.733511344203401,-1.3570360929835266,-0.626749268440427,1.39451951520524,0.1127541589648797,1
2020-03-13 00:00:00+00:00,-2.33120218574772,4.52645564152049,3.553375741595016,-2.219573381948322,-0.3374297619259027,0.048707697386509666,-0.1843853820598006,0
2020-03-16 00:00:00+00:00,-2.4065543804179557,-9.897629282534584,5.325644408722374,-2.0802943377738954,-1.9772420060515674,2.6899142432936,0.105906313645621,1
2020-03-17 00:00:00+00:00,-2.6292924012915497,4.7477398120341014,6.189682485526346,-2.418584817486909,-1.371043841930783,1.3160797207077104,-0.0662983425414364,0
2020-03-18 00:00:00+00:00,-2.541994056731278,-3.1346580824108683,5.681165878876185,-2.1811152906417894,-1.694998442838926,2.302025560042895,0.0493096646942801,1
2020-03-19 00:00:00+00:00,-2.5250306001068576,2.256503550789826,4.9406957145098325,-2.6867318748960587,-1.195420396187947,0.8586321256114542,-0.0338345864661655,0
2020-03-20 00:00:00+00:00,-2.459150010119285,-3.3572859962201176,4.8403163611441995,-2.4037311371223815,-0.8105531654316279,-0.3194051139844927,0.0350194552529183,1
2020-03-23 00:00:00+00:00,-2.401819357795607,1.5009700262384793,3.7218733613983592,-2.983677177771169,-0.9636765833576609,0.10648764808292924,0.1710526315789473,1
2020-03-24 00:00:00+00:00,-2.6405574390319324,7.404196749873054,5.955842911169263,-2.4039040011991246,-0.6639154436214509,-0.8413103474126081,-0.0144462279293741,0
2020-03-25 00:00:00+00:00,-2.3847838128023002,-1.7284095558512182,3.6454313721315046,-3.051906850876282,-0.6240385912952566,-1.417566934156995,0.0472312703583062,1
2020-03-26 00:00:00+00:00,-2.3286364526302568,1.673742785759103,2.885386369048699,-3.385328716745916,-0.4847019465730859,-1.8249366717589048,-0.0171073094867806,0
2020-03-27 00:00:00+00:00,-2.260151383170444,-0.7914942601794399,2.816985695532637,-3.310670172450696,-1.0018783759400105,-0.7268668633394367,0.0506329113924048,1
2020-03-30 00:00:00+00:00,-2.2516259195701998,2.4192370807771564,2.7495251483845946,-3.454746246971619,-0.880069627728552,-1.2339043685291438,-0.0075301204819276,0
2020-03-31 00:00:00+00:00,-2.2988750855517086,-1.0217831367890884,3.7015070137434583,-2.522253767426283,-0.5765340438686691,-1.5232864413966731,-0.077389984825493,0
2020-04-01 00:00:00+00:00,-2.283473438652796,-4.551804611036007,3.432156491855639,-3.1172286472126354,-1.1245995546590508,-0.5940572401563163,0.050986842105263,1
2020-04-02 00:00:00+00:00,-2.328310456812231,2.4967488195749743,3.1119676703201766,-3.379860420482692,-0.8412393931226464,-1.0049481329817571,-0.0453834115805946,0
2020-04-03 00:00:00+00:00,-2.2996924519781214,-3.0412372232062004,3.1504240445090312,-3.278528960343664,-0.8485244351221649,-1.1765490534450984,0.1,1
2020-04-06 00:00:00+00:00,-2.4251057378893104,4.319943559429532,3.8015064629168087,-3.338968965913565,-0.701687354103802,-1.3062250482014244,-0.0342771982116243,0
2020-04-07 00:00:00+00:00,-2.361315556599637,-3.23869054137084,3.724822752368806,-2.998320126539755,-0.5529361807760477,-1.7204960236432518,0.029320987654321,1
2020-04-08 00:00:00+00:00,-2.255484032835863,1.127617561197864,1.846546009722911,-3.8259767354525134,-0.43644909366330165,-1.8794704754548428,-0.0149925037481258,0
2020-04-09 00:00:00+00:00,-2.188352931967195,-1.6110489075129353,1.9708564529003323,-3.375990855799496,-0.4429218727186308,-1.6508615265378592,0.0273972602739724,1
2020-04-13 00:00:00+00:00,-2.198847433714598,1.485843364790846,1.9948549637407036,-3.5450514579428556,-0.887328382520299,-0.3562019809824846,0.0518518518518518,1
2020-04-14 00:00:00+00:00,-2.029958809165721,2.3757333425810256,1.2869750546897818,-2.3334788671876505,-0.13472317146078283,-0.5583701224487968,-0.0112676056338028,0
2020-04-15 00:00:00+00:00,-1.8819991550886068,-0.30935672611848275,0.3282955373204344,-2.5049603282645396,-0.3920292258741721,-0.0976682783130299,0.0498575498575499,1
2020-04-16 00:00:00+00:00,-1.941586677859953,2.1857925429758356,1.5472021827266278,-1.3770194982233022,0.10838067461520225,-0.6962043933208208,-0.0081411126187246,0
2020-04-17 00:00:00+00:00,-1.8428655610500335,-0.9249686560169395,0.8176418356780544,-1.7805968323527845,-0.058655523851553155,-0.7407351920283413,-0.0177838577291381,0
2020-04-20 00:00:00+00:00,-1.7661167678604122,-0.8075659087291129,0.2305111455588328,-1.9777885540100868,-0.2640608668805886,-0.38762892035645596,-0.0612813370473537,0
2020-04-21 00:00:00+00:00,-1.8790964256630844,-3.6692274169935204,1.8671372099008856,-1.1973804612123697,-0.28349055261956596,-0.3494485496484343,0.0608308605341245,1
2020-04-22 00:00:00+00:00,-1.7654226912040891,2.7080048167104063,0.907954552163858,-1.376831698494896,-0.1769146878659804,-0.15886454504896405,-0.006993006993007,0
2020-04-23 00:00:00+00:00,-1.6351807990201164,-0.7135702158543472,0.1187812805894679,-1.4406227012206878,-0.1823568778662805,-0.4805527458168489,0.0197183098591549,1
2020-04-24 00:00:00+00:00,-1.613347853142715,1.0602186053819096,0.0017616357798942441,-1.5938499757670224,-0.40784932719941686,-0.04740397744973642,0.0262430939226518,1
2020-04-27 00:00:00+00:00,-1.603121008989099,1.020109756324676,0.2933734550649024,-1.1753066324107182,-0.15886974093075623,-0.5998269594263309,-0.0201884253028262,0
2020-04-28 00:00:00+00:00,-1.5668069039676455,-1.81616351912442,0.3661441846084097,-1.0976533301807863,-0.2186584312157743,-0.665385834681301,0.0247252747252746,1
2020-04-29 00:00:00+00:00,-1.4875650785855228,0.9697825216326095,-0.2566953829165009,-1.3298222859771116,-0.2743720430477823,-0.79925318439344,-0.0201072386058981,0
2020-04-30 00:00:00+00:00,-1.3936401554578262,-1.1013983572946586,-0.6186362733997409,-1.028401007073289,-0.3103392613866677,-0.47836454451833393,-0.0328317373461011,0
2020-05-01 00:00:00+00:00,-1.3726994972911044,-1.4428757441179108,-0.5467718750606356,-1.0502410958142012,-0.5916006891011104,0.01453061958154403,0.0297029702970297,1
2020-05-04 00:00:00+00:00,-1.412513649845355,1.7572121392544096,0.01774625966371317,-0.9896712263356869,-0.7763394745056801,0.4447335735068884,0.0082417582417582,1
2020-05-05 00:00:00+00:00,-1.2790922445563002,0.08068957326860618,-0.4843186688588144,-0.4078894617068523,-0.31992881285877606,-0.34402761234690504,0.0136239782016349,1
2020-05-06 00:00:00+00:00,-1.198684495302274,0.55070429030559,-0.9280516006913643,-0.4509314020512638,-0.3704605847940971,-0.3805884363713836,0.0241935483870967,1
2020-05-07 00:00:00+00:00,-1.1905819171458494,1.0024534400478726,-0.7533682829609868,-0.22230930754186043,-0.2803906865869205,-0.5813283476035762,0.0249343832020996,1
2020-05-08 00:00:00+00:00,-1.17015536624365,1.2565626886704513,-0.8372123089524297,-0.3118290604793072,-0.42808636061789906,-0.32730381117463886,0.0332906530089629,1
2020-05-11 00:00:00+00:00,-1.2660642797011006,1.8183546497114242,0.3112808007915015,0.21544613634597382,-0.5424015044520044,0.23309316542302105,-0.033457249070632,0
2020-05-12 00:00:00+00:00,-1.2096783343819566,-2.287006699223341,0.24002609727717372,0.45244488444646996,-0.3628222556744978,-0.3485301223064996,-0.0025641025641025,0
2020-05-13 00:00:00+00:00,-1.316805681183522,-0.7433722399334217,1.2274740860257656,0.906151658545672,-0.29366295535487635,-0.1109575366298493,0.0321336760925448,1
2020-05-14 00:00:00+00:00,-1.2741495610007012,1.5675727523290712,0.6937727762044966,0.7887752630612412,-0.2602850941855583,-0.06334947675088161,0.0572851805728518,1
2020-05-15 00:00:00+00:00,-1.502819763180329,3.405842771614093,3.013227222879011,1.9758971111103916,-0.310161029071668,0.8756303160137922,0.0306242638398115,1
2020-05-18 00:00:00+00:00,-1.301808369372176,1.0569905957720516,0.492292700943612,0.9983711131859397,0.4053225191256973,-1.2321337703192938,0.0068571428571428,1
2020-05-19 00:00:00+00:00,-1.2708934859274141,0.19973429211910848,0.40370585392859903,1.1121616094580127,0.18835413560128697,-0.31057110774887825,0.0181611804767309,1
2020-05-20 00:00:00+00:00,-1.1846126133563455,0.6545197178871169,-0.7226100062109442,0.6661206150008989,0.39455405588669246,-0.7634602877715025,-0.0211817168338909,0
2020-05-21 00:00:00+00:00,-1.256150259365495,-1.528893583248136,0.14043240663133225,1.2131875868715198,0.4678591217171267,-0.643245766138522,0.0284738041002277,1
2020-05-22 00:00:00+00:00,-1.4181336587854483,1.4053671567727801,1.23888603029215,1.7981349718175532,0.6638776482516956,-0.2665002950534749,-0.0343300110741969,0
2020-05-26 00:00:00+00:00,-1.4098488382317615,-2.5726384659282076,0.815978197151673,0.9456510652562302,0.3812614350756083,-0.21191924211490287,-0.0217889908256881,0
2020-05-27 00:00:00+00:00,-1.5864091406232943,-1.3885180411611973,2.266383332314512,1.891407668219507,0.5470519359223819,0.40119731924290025,-0.0046893317702226,0
2020-05-28 00:00:00+00:00,-1.5134654979697515,-0.14022221074904698,0.38309312691606373,0.41038299742315637,0.3531017334507703,0.5502392156378687,0.0459363957597174,1
2020-05-29 00:00:00+00:00,-1.5935831264768163,2.352691537137288,0.6527495394728416,0.2797604652011988,0.43314866179835004,0.5565552827113963,-0.0078828828828829,0
2020-06-01 00:00:00+00:00,-1.4207882403066376,-0.3437482589627508,-1.3835563411944707,-0.6606665850971768,0.4539066343374193,0.17510035987052733,0.0022701475595914,1
2020-06-02 00:00:00+00:00,-1.4428037012169996,0.1377500613979349,-1.2293453678061197,-0.6472506382095772,0.4469842655508278,0.2668768098136027,-0.0067950169875424,0
2020-06-03 00:00:00+00:00,-1.4284759213947282,-0.3910521297796616,-1.3581284932093096,-0.7219333570462458,0.44880752973531207,0.1830245341352452,0.0,0
2020-06-04 00:00:00+00:00,-1.482511424195536,0.019801432691306596,-0.8404488736342907,-0.5571038857811489,0.37123751681587197,0.5116437544251197,0.0171037628278221,1
2020-06-05 00:00:00+00:00,-1.5176467301591392,0.857917698605979,-0.5532579696593268,-0.419262312017369,0.43090044356288076,0.5294703559927926,-0.0134529147982062,0
2020-06-08 00:00:00+00:00,-1.4562677757438323,-0.7353363773930448,-1.2371757307302098,-0.6889315520269159,0.4778811935994204,0.2794065308953645,0.0284090909090908,1
2020-06-09 00:00:00+00:00,-1.5537814304235122,1.523693287338465,-0.2652297249028003,-0.44241507860507073,0.30022002375082313,0.893294186339385,0.0353591160220991,1
2020-06-10 00:00:00+00:00,-1.55982517685103,1.654178722185789,-0.06479983496196735,0.0012955232086081677,0.6316900258633297,0.44347821164129136,-0.0608324439701172,0
2020-06-11 00:00:00+00:00,-1.5553408878533728,-3.366344958972856,0.09968158400948218,-0.21933793279411098,0.26600251873923136,0.6756385360415009,0.0147727272727271,1
2020-06-12 00:00:00+00:00,-1.5968486146279584,-0.23097037923218375,0.41540284881876177,-0.22964905150570844,0.5274274300965138,0.014680614905072479,0.0268756998880179,1
2020-06-15 00:00:00+00:00,-1.5346418280447611,1.6599124363666768,-0.035755529372810145,-0.567913996843819,-0.07956802120444371,1.3611632900579353,-0.0109051254089421,0
2020-06-16 00:00:00+00:00,-1.464516105079891,-0.9424916345792317,-0.047765184032434106,-0.0551278827313783,0.2912509738790773,0.41250628429401104,0.0187431091510474,1
2020-06-17 00:00:00+00:00,-1.390723865043815,0.9599138933748346,-0.890450083521259,-0.49375025633706765,0.247003383990659,0.2648465389048095,-0.0021645021645021,0
2020-06-18 00:00:00+00:00,-1.3041770003020594,-0.10604617881832828,-1.5592655897758632,-0.8708795325490193,0.09846094485510976,0.22688556231439586,0.0043383947939261,1
2020-06-19 00:00:00+00:00,-1.3209613810282415,0.17743627187816113,-0.7549621450430917,0.013180458578269936,0.3367333685395061,-0.042482690543406046,0.0291576673866089,1
2020-06-22 00:00:00+00:00,-1.2851081262888284,1.5651142065551196,-0.7437131696923426,-0.2431727892541007,-0.016002759648757824,0.32697032439526685,-0.0083945435466946,0
2020-06-23 00:00:00+00:00,-1.1850239453477285,-0.563950048314456,-1.15222734646759,-0.12868771665782183,0.03643821840436164,0.005965337536864053,-0.0222222222222221,0
2020-06-24 00:00:00+00:00,-1.1740488664201867,-1.5284923372788406,-0.26493477155634365,0.4007367235183042,-0.1680784601743592,0.17100010547274824,0.027056277056277,1
2020-06-25 00:00:00+00:00,-1.1504303065040589,1.2212955999569965,-0.5161637593174854,0.11201247959594172,-0.2788935656564422,0.18550602379456696,-0.035827186512118,0
2020-06-26 00:00:00+00:00,-1.1185797303015046,-2.2648851516875124,-0.00936439181275137,1.0499949066800989,0.02470304604797143,-0.3423851497186725,0.0054644808743167,1
2020-06-29 00:00:00+00:00,-1.1041214582229282,0.20758557782371204,-0.781374265627473,0.05100893922615526,-0.3587316280960048,0.2216669515016377,0.032608695652174,1
2020-06-30 00:00:00+00:00,-1.1182888487396303,1.611533703547504,-0.7127103385265003,0.06107108280298936,-0.28480684030159853,0.03211298506139852,0.003157894736842,1
2020-07-01 00:00:00+00:00,-1.0527523518913144,0.16334860558875525,-1.3100975242712276,-0.09414768072541266,-0.24220435737959284,-0.174772957149069,0.0083945435466945,1
2020-07-02 00:00:00+00:00,-1.046494477954936,0.27695335518228975,-1.228636849135065,0.06116731006182349,-0.12296427842221434,-0.4435482201698689,0.0239334027055151,1
2020-07-06 00:00:00+00:00,-1.0517243367285694,1.1186722003212888,-1.1339457030563491,-0.09551638720212142,-0.2945521995268665,-0.19920625714282403,0.0030487804878047,1
2020-07-07 00:00:00+00:00,-1.0331662564585808,-0.061199956896804304,-1.072044898897109,0.12357493011141002,-0.20867787019768108,-0.35110664297958194,0.0354609929078015,1
2020-07-08 00:00:00+00:00,-1.0651652774563776,1.7931054156376025,-0.7630980708652425,0.13064078235028878,-0.32352348341280956,-0.07285551919908975,0.0283757338551857,1
2020-07-09 00:00:00+00:00,-1.0749490318798205,1.2603400435802234,-0.15035008745154071,0.7449285441437268,-0.16805072335435706,-0.2720681012837971,-0.0028544243577544,0
2020-07-10 00:00:00+00:00,-0.9727872076261572,-0.34413431857850907,-0.7182255989026517,1.0889343233539857,0.04355035913999323,-0.3222171105604194,-0.041030534351145,0
2020-07-13 00:00:00+00:00,-1.0861885943244178,-2.9860596077046555,0.7422643022482529,1.0642045143793895,-0.5149641422990967,0.43680416313638215,0.0328358208955223,1
2020-07-14 00:00:00+00:00,-1.1438693600689984,1.6602853425862,0.8730374720305787,1.1698485303760369,-0.4496698343312514,0.7232458419836557,-0.0144508670520231,0
2020-07-15 00:00:00+00:00,-0.9952234051288813,-0.993308494244182,-0.5847847797264184,0.6087265587459396,-0.31101372757149776,-0.04596477556731574,-0.0097751710654936,0
2020-07-16 00:00:00+00:00,-0.9853308980040839,-0.17558816072115085,-0.8711646833696362,0.32394890061688403,-0.5538161117478624,0.48989213822643,0.0069101678183611,1
2020-07-17 00:00:00+00:00,-0.930797809808749,0.2413019371948643,-1.601583008349171,-0.045408648190921885,-0.3246353205534956,-0.2584405129990826,0.0303921568627452,1
2020-07-20 00:00:00+00:00,-1.0006670470165657,1.5564515893860307,-0.6830632088078898,0.10300122402548348,-0.6486944480807404,0.4142734027924974,-0.017126546146527,0
2020-07-21 00:00:00+00:00,-0.9122466247712682,-1.027657557997699,-1.2761960730567814,0.11496935220893083,-0.5043511154229867,-0.08359171129298182,0.010648596321394,1
2020-07-22 00:00:00+00:00,-0.9592258720911331,0.5042241915536273,-0.708947558729676,0.49643027984120597,-0.4302972406277646,-0.0150361519032636,-0.0296934865900382,0
2020-07-23 00:00:00+00:00,-0.9894121165792277,-1.9482739128223887,-0.02482255379844748,0.8095669857478537,-0.5221211523367949,0.11313295216569247,0.0059230009871666,1
2020-07-24 00:00:00+00:00,-1.0729081711925554,0.6899001513405636,0.5989193820804446,1.0172290833419997,-0.7532496107858508,1.0724808890797872,0.0225711481844945,1
2020-07-27 00:00:00+00:00,-0.8999195056450512,1.2584419528400863,-1.227369731383422,0.27499365401959575,-0.4951240941235552,0.06186071395182831,-0.019193857965451,0
2020-07-28 00:00:00+00:00,-0.8427226925685175,-0.9852878458978578,-1.639626967451009,0.18476303306689734,-0.46480476812034516,-0.22561250384296275,0.0244618395303326,1
2020-07-29 00:00:00+00:00,-0.8657795220190591,1.1250164255484292,-1.4094027433625038,0.2570383919553693,-0.3919942929336063,-0.34638794198213135,0.0133715377268384,1
2020-07-30 00:00:00+00:00,-0.9115614532179803,0.9393274474970386,-0.85043721535556,0.4094008439433015,-0.6718216557256076,0.41392355368747913,0.0,0
2020-07-31 00:00:00+00:00,-0.9109638762277984,0.05515263283223851,-0.6087171937106047,0.7799619547705615,-0.48060294933655534,0.08333582519578667,0.0377002827521206,1
2020-08-03 00:00:00+00:00,-0.9650147102777411,1.8929213991943465,-0.22962337315019693,0.8085031649823955,-0.44280837717070504,0.05421707409920842,0.0199818346957312,1
2020-08-04 00:00:00+00:00,-0.9121373663520239,1.0657634577535484,-0.8562962389430481,0.34084774317074784,-0.5828627604969777,0.12423628829886305,0.0053428317008012,1
2020-08-05 00:00:00+00:00,-0.8353000209807245,0.33668497419014204,-1.5435716472354457,0.11912535168725262,-0.5492011716074688,-0.06351951313651318,0.0044286979627989,1
2020-08-06 00:00:00+00:00,-0.7941739227452584,0.20269922886128153,-1.6473223142660505,0.19019642724303495,-0.5251516082619875,-0.2136069306399486,-0.0123456790123457,0
2020-08-07 00:00:00+00:00,-0.8573967591767172,-0.7698977420499467,-0.4765175746855918,0.808083390913757,-0.6561890683789647,0.1824652294421525,-0.0035714285714284,0
2020-08-10 00:00:00+00:00,-0.8706980485876945,-0.5980078315106275,0.03603093986290346,1.4129985117265849,-0.43499646579493695,0.045860411358128086,-0.0277777777777777,0
2020-08-11 00:00:00+00:00,-0.7770509420543578,-1.5038834391090723,-0.9106137095038632,1.0402396873206468,-0.4950699852237606,-0.05868824027537031,0.0543778801843317,1
2020-08-12 00:00:00+00:00,-0.934270842883801,2.767375183308159,0.4916522502606695,1.4007824234222244,-0.5376497656561474,0.19351999740960152,0.0,0
2020-08-13 00:00:00+00:00,-0.8234433375304445,-0.24244392035337528,-0.6217767365622215,0.9668886222321367,-0.44083799038236327,-0.31640101245777574,0.0104895104895106,1
2020-08-14 00:00:00+00:00,-0.8141371724829922,0.46364692235237076,-0.9102272338085259,0.8371346749894993,-0.3880517229304421,-0.37199116199762716,0.0674740484429066,1
2020-08-17 00:00:00+00:00,-1.0266281089773797,3.2219664985339542,1.2310932618060957,1.7864371442333822,-0.24439164890183876,-0.2473376800095504,-0.0064829821717989,0
2020-08-18 00:00:00+00:00,-0.9080987528394211,-0.6313393240692308,-0.13524791035020478,1.1842349091486315,-0.19908952917209594,-0.5703721270190019,-0.0097879282218595,0
2020-08-19 00:00:00+00:00,-0.8958115085344046,-0.6099452402615657,-0.3377494858031002,1.5119885743134542,0.17079816808654347,-1.0889744771083634,0.0,0
2020-08-20 00:00:00+00:00,-1.0544460969615979,0.19511075436333047,1.3319087876040279,2.6582842235469935,0.317336773694749,-0.43141674922171486,0.044481054365733,1
2020-08-21 00:00:00+00:00,-1.1699379875750446,2.3311646652786635,1.913721299236414,2.6152456312622885,0.3867425126309458,-0.33274049113693216,0.003154574132492,1
2020-08-24 00:00:00+00:00,-1.0248412690543027,-0.20818591526980343,-0.4332088975396139,0.6098540370561394,0.01365400525870854,-0.3857333551803295,0.0023584905660376,1
2020-08-25 00:00:00+00:00,-0.9561514120225676,0.336388536702113,-1.567414212383822,-0.1953468036962138,-0.256820912721305,0.10205955770431122,0.0015686274509802,1
2020-08-26 00:00:00+00:00,-0.9514503428708213,0.05258730456852975,-1.512654338612156,-0.06374330090781286,-0.11031586795692198,-0.20190376440747812,-0.0109631949882536,0
2020-08-27 00:00:00+00:00,-0.9637198338724039,-0.6647861094011002,-1.3213554798146543,-0.0602729512430888,-0.19431904946916953,-0.07059297734991092,0.0411718131433096,1
2020-08-28 00:00:00+00:00,-1.110025552483092,2.2137044515433786,0.1865789113722758,0.6665222507142051,-0.16767754828840856,0.3431744630968544,0.0167300380228136,1
2020-08-31 00:00:00+00:00,-1.0813198102553456,0.821790897590908,-0.06311175253686893,0.578158433778705,-0.1449217856834979,0.28502548804755895,0.0336574420344055,1
2020-09-01 00:00:00+00:00,-1.113938491327108,1.6755459534424997,0.05415972286379005,0.5186652149702108,-0.11204001759817338,0.30310266934522634,0.0383502170767002,1
2020-09-02 00:00:00+00:00,-1.2322062092389052,0.6780054844105682,1.4667671967267655,1.647710268682041,0.6569046951515842,-0.9205300720850388,-0.0926829268292682,0
2020-09-03 00:00:00+00:00,-1.3508455264322266,-5.1837434730847525,2.007023951939044,1.2191404986242362,-0.015422270497429913,0.2159188537587345,-0.0307219662058372,0
2020-09-04 00:00:00+00:00,-1.684277996357088,-2.0589278175895953,4.704440153390517,2.3651332970635117,0.20869703904301076,0.8713814910889568,-0.0562599049128367,0
2020-09-08 00:00:00+00:00,-1.5534208708609927,-2.1642136137884496,1.7340487634005575,0.01924627867708552,-0.40204322280171695,1.5593707277876692,0.0671704450041981,1
2020-09-09 00:00:00+00:00,-1.585373813313201,2.799755386496295,1.234033935250106,-0.4472608817412109,0.382865906656873,-0.4437837582923403,-0.03147128245476,0
2020-09-10 00:00:00+00:00,-1.592920762366202,-2.6884547675197776,1.5321410911937374,-0.35990572951102656,0.19918283501040335,-0.08267871864545503,-0.0121852152721364,0
2020-09-11 00:00:00+00:00,-1.606267618672829,-1.3342564649847095,1.1358688557438499,-0.6662184462827191,0.1971236013213159,0.05496385194074352,0.0583881578947367,1
2020-09-14 00:00:00+00:00,-1.7490169209319657,1.5427349577837266,2.169229371708213,0.36305062674712685,1.2135565309581093,-1.4873885794718262,0.0093240093240094,1
2020-09-15 00:00:00+00:00,-1.6251648632684899,-0.2793314526113699,0.43692900733410145,-0.7284019749596448,0.8174788601048969,-0.7364624031292222,-0.0369515011547344,0
2020-09-16 00:00:00+00:00,-1.6271213581784063,-2.363962986758589,0.31547844239627965,-1.135525001726162,0.3940630200391492,0.018716158947316965,-0.0039968025579535,0
2020-09-17 00:00:00+00:00,-1.7079576331111275,0.21969682844495317,0.9371914051617051,-0.6955614785321383,0.35059967119606755,0.6782344803893257,-0.0216693418940611,0
2020-09-18 00:00:00+00:00,-1.6636434009771885,-1.7583647305317072,0.8597532486785728,-0.7808250007101859,0.5011894008318695,-0.14809613616202857,0.0270713699753897,1
2020-09-21 00:00:00+00:00,-1.697013558017464,1.8289640805912015,1.1408665256868002,-0.7388357955545756,0.13985068237605486,0.914181388035859,0.0095846645367412,1
2020-09-22 00:00:00+00:00,-1.6391755798240921,0.30292712154488666,0.46773894066733823,-0.9458954096849368,0.4649495800414361,-0.002476166690561325,-0.0411392405063292,0
2020-09-23 00:00:00+00:00,-1.678028038159267,-2.610582535270269,0.7248533958481569,-0.9565163021288685,0.41006974178038674,0.11016566257899177,0.018976897689769,1
2020-09-24 00:00:00+00:00,-1.7648526353116876,0.9815334516414899,0.9332092499310811,-0.9704925326629137,0.4849580004542131,0.3755281278790569,0.0421052631578946,1
2020-09-25 00:00:00+00:00,-1.8148529031240994,2.0330912236340635,0.9502620178672386,-1.3971891792541238,0.3743297566099936,0.5445297987606311,0.0132090132090132,1
2020-09-28 00:00:00+00:00,-1.6944875845837584,0.4038911600420752,-0.18284713192943794,-1.4560562807148842,0.7935414346530999,-0.425209874022654,0.0145705521472394,1
2020-09-29 00:00:00+00:00,-1.767463836204678,0.8396835704585002,0.48072583864651774,-1.332371079037284,0.5222505060512644,0.41041397162684073,0.0226757369614512,1
2020-09-30 00:00:00+00:00,-1.776979783208674,1.2856204185441744,0.48324167883218866,-1.2211357647921106,0.6628215186183751,0.29738360607344616,0.0059127864005912,1
2020-10-01 00:00:00+00:00,-1.6522184982361046,-0.09244600880430547,-0.40419931017329747,-1.4739786874175298,0.8351915954515888,-0.49598040151922,-0.0404114621601762,0
2020-10-02 00:00:00+00:00,-1.5929588524009142,-1.9363107178100631,-0.262325092936378,-0.9963368940435453,0.5337746867334617,0.5804849411915817,0.0444104134762635,1
2020-10-05 00:00:00+00:00,-1.547719261652083,2.1795041849012344,-0.1164478922984739,-1.0916299607547986,0.4270754648859908,0.22884322171175142,0.0073313782991202,1
2020-10-06 00:00:00+00:00,-1.5129293337012972,0.004023986751793085,0.2511340797118201,-0.11128596308169762,0.8570804716780956,-0.24551713598855313,0.0160116448326055,1
2020-10-07 00:00:00+00:00,-1.3868713156223074,0.5137453831672639,-1.0684826664528855,-0.8749093962473511,0.6986414278176711,-0.17354756254262813,-0.008595988538682,0
2020-10-08 00:00:00+00:00,-1.336553029251128,-0.71729953134438,-1.1480691178957412,-0.8249635718727677,0.5564469558011153,0.02357993877299348,-0.0057803468208093,0
2020-10-09 00:00:00+00:00,-1.2788069258467358,-0.2028597191246332,-1.5630341000652115,-0.9181497790854541,0.49142620015433075,0.06765116923476679,0.034156976744186,1
2020-10-12 00:00:00+00:00,-1.2851324020213457,1.5550189442889917,-0.5824548074193897,-0.3859756132358155,0.3383210733459471,0.29248345852204144,0.0014054813773716,1
2020-10-13 00:00:00+00:00,-1.1869017138439042,-0.05207346180975755,-1.1961523618880012,-0.577461580494085,0.24810547435263453,0.15431322085284555,-0.0105263157894737,0
2020-10-14 00:00:00+00:00,-1.1394209927265222,-0.7273731762714373,-1.3468695059786016,-0.6117981924940389,0.1289912753984355,0.3218772611396876,-0.0092198581560283,0
2020-10-15 00:00:00+00:00,-1.075088099258642,-0.08010730518877415,-1.6258933624542307,-0.6294319897033351,-0.06451585684899869,0.5738691540886626,-0.0114531138153185,0
2020-10-16 00:00:00+00:00,-1.0279694938141593,-0.8019341740164007,-1.5356006486231046,-0.5398098529027054,-0.037865105184024486,0.15804020489447998,-0.0224475018102824,0
2020-10-19 00:00:00+00:00,-1.0411800628819348,-1.593197194157382,-0.8054674450102572,-0.2008533357787253,-0.21018933735201062,0.3407472190783876,0.011111111111111,1
2020-10-20 00:00:00+00:00,-0.9689897433240912,0.5259569251653489,-1.49350979222756,-0.49318302270226944,-0.24727403141837423,0.19604213277092503,-0.0095238095238096,0
2020-10-21 00:00:00+00:00,-0.8979160975869546,-0.5158414294575527,-1.6463904049722033,-0.3053885150515604,-0.31195398913254974,0.2916815173648351,-0.0118343195266272,0
2020-10-22 00:00:00+00:00,-0.8798963115523787,-0.7300088615415011,-1.2440947730479568,0.07922399588655232,-0.3206412653625107,0.17518276086559081,0.0172155688622754,1
2020-10-23 00:00:00+00:00,-0.8358731200488728,0.8776551669672708,-1.5240869480147847,-0.041756607215568974,-0.39221245663523996,0.25149884856287297,-0.0331125827814569,0
2020-10-26 00:00:00+00:00,-0.8790917338529215,-1.8689432617645985,-0.4377946409629533,0.5252157322562887,-0.5983754613597465,0.6052491179319269,0.0197869101978691,1
2020-10-27 00:00:00+00:00,-0.7855206450155777,0.916346496818711,-1.4802597866903027,0.071543470269115,-0.4253586191591542,-0.1201177699231807,-0.0574626865671641,0
2020-10-28 00:00:00+00:00,-0.8346190299892252,-3.279594430011137,-0.15563962643872195,0.7636743463343426,-0.6822686228131605,0.18672054430500573,0.030878859857482,1
2020-10-29 00:00:00+00:00,-0.8425644224516144,1.3831413278004736,-0.43796659797177984,0.3628746744251608,-0.6425515023669464,-0.11179999941452493,-0.0376344086021505,0
2020-10-30 00:00:00+00:00,-0.8414706725184893,-2.123877246745601,0.1803295034321375,1.0060894411820867,-0.7019130039313944,0.12714987176175205,0.0039904229848364,1
2020-11-02 00:00:00+00:00,-0.7782508366479811,-0.0547649914501844,-0.650749381831959,0.5292116465411969,-0.6657117854809171,-0.07394025718244841,0.0349761526232113,1
2020-11-03 00:00:00+00:00,-0.784059440085223,1.7318848469430148,-0.32891113182335496,0.45606477606761286,-0.9424025744296204,0.21420682702526106,0.0591397849462365,1
2020-11-04 00:00:00+00:00,-0.8298570423518286,2.7484354497191767,0.337999100524983,1.0023743117112538,-0.6042910683296479,-0.5442233189121032,0.0268310369833213,1
2020-11-05 00:00:00+00:00,-0.7435385976032882,0.9890399593474102,-0.5541011711205679,0.4971821386004931,-0.6277671236127137,-0.8561305695090276,0.0282485875706215,1
2020-11-06 00:00:00+00:00,-0.845653612757176,1.5816055303173147,0.6047767585751455,0.8585093183771231,-0.9927022950998258,0.2432562963997798,-0.0638736263736263,0
2020-11-09 00:00:00+00:00,-0.9032568194230821,-4.137368108079919,2.0077035067753144,1.945555152349427,-0.6946521624056832,-0.44334289842600705,-0.0630961115187088,0
2020-11-10 00:00:00+00:00,-0.9579712461522898,-4.068100295958791,2.187027394018166,1.9195848283722214,-0.6109440632573967,-0.6546936767369802,0.0509005481597495,1
2020-11-11 00:00:00+00:00,-0.939045274855804,2.38559726580347,0.5695502650800724,0.27684254036763434,-0.8121422790236318,-0.6436434287560507,0.0029806259314457,1
2020-11-12 00:00:00+00:00,-0.8925486587703254,-0.005349803894030181,0.06033924681977432,0.07617549076235353,-0.8503860209510815,-0.6442257648804123,-0.0118870728083209,0
2020-11-13 00:00:00+00:00,-0.9185366811818528,-1.128094159910515,0.29514364848546176,0.02808422223149808,-0.9112496017504359,-0.5793971976034428,0.0165413533834586,1
2020-11-16 00:00:00+00:00,-0.9519698401737894,1.0836111096323797,0.40088300478438804,0.2098614640966319,-0.9121403926723318,-0.19097323433224916,-0.0073964497041419,0
2020-11-17 00:00:00+00:00,-0.8684315434410539,-0.501796479850384,-0.6205391546909794,-0.30371856717039314,-0.7783811956195529,-0.781953729672129,0.0007451564828613,1
2020-11-18 00:00:00+00:00,-0.9555986466533675,-0.11084314875965946,0.37217700817667637,0.5322884742343427,-0.4863305793631933,-0.9019580555831301,0.0007446016381236,1
2020-11-19 00:00:00+00:00,-0.9911622450677791,0.33932138274416007,0.46382852329542257,0.6329254145999161,-0.4941633934225375,-0.5566617903360479,-0.0260416666666666,0
2020-11-20 00:00:00+00:00,-0.9480630237092221,-1.643311241157658,-0.3406641422096405,-0.3061477837937667,-0.7088383189953442,-0.6141450304104457,0.0038197097020626,1
2020-11-23 00:00:00+00:00,-0.9607744127447971,0.04066789985725176,-0.33180884690409407,-0.2411508074688395,-0.6326111355780177,-0.613842055058706,-0.0136986301369862,0
2020-11-24 00:00:00+00:00,-0.934890351359853,-0.8259657481614833,-0.6864646085532637,-0.33083345814043047,-0.5763663010248085,-0.7280105607014432,0.0208333333333332,1
2020-11-25 00:00:00+00:00,-0.9207814324673863,1.1094704912674402,-0.9531753415323767,-0.5890647787807634,-0.70838158514617,-0.3588749114751089,0.002267573696145,1
2020-11-27 00:00:00+00:00,-0.8636865233819019,-0.0959436308263059,-1.4233090897660041,-0.8921994531718223,-0.7746161315124991,-0.4781930163699481,0.0105580693815987,1
2020-11-30 00:00:00+00:00,-0.9157102693967286,0.5296974651229349,-0.4908516450551289,-0.2344808065433245,-0.8216528959876903,-0.021567555069442714,-0.0007462686567164,0
2020-12-01 00:00:00+00:00,-0.8682025809333384,-0.1974658360572146,-0.8942619215704515,-0.2134987876339425,-0.6129736766922363,-0.5388843902744911,0.0112023898431663,1
2020-12-02 00:00:00+00:00,-0.9089715535350765,0.6527314096266595,-0.5345703913681756,-0.2186976402569806,-0.8352883684602532,0.09841607534288967,-0.0103397341211225,0
2020-12-03 00:00:00+00:00,-0.8044587950845249,-0.7026489037898735,-1.3313812070148152,-0.3917845466624475,-0.7568212910671098,-0.1843205712720785,0.0119402985074625,1
2020-12-04 00:00:00+00:00,-0.7759589570443589,0.6826348843559077,-1.623234396949593,-0.40224317397680526,-0.6852338921268057,-0.2868969329810194,0.0036873156342183,1
2020-12-07 00:00:00+00:00,-0.7613427240194969,0.19171098662158187,-1.4702026107414756,-0.19371868259606043,-0.6831265110285574,-0.26983787820453997,-0.0191036002939015,0
2020-12-08 00:00:00+00:00,-0.7072160153510048,-1.0908926390209934,-1.3106203681511093,0.3903394970658094,-0.5908471657519819,-0.2066777384799037,-0.0314606741573033,0
2020-12-09 00:00:00+00:00,-0.7157680735201456,-1.8750908040656584,-0.4070432346270136,1.4303437233937468,-0.4413219465437663,-0.02571951741157791,0.0030935808197989,1
2020-12-10 00:00:00+00:00,-0.6007665957015634,0.3533922409599648,-1.9549673842769244,0.5629041777265305,-0.6022282896773619,0.28637234818434615,0.0030840400925211,1
2020-12-11 00:00:00+00:00,-0.5806517288982378,0.2632576270098119,-1.9984476291231659,0.612494534974377,-0.5691090206620972,0.11481691716828474,0.0230591852421215,1
2020-12-14 00:00:00+00:00,-0.6318809685715367,1.2503163073658965,-1.3292485502905977,0.9399195088808578,-0.5586976969623677,0.15306454445130416,0.0037565740045077,1
2020-12-15 00:00:00+00:00,-0.5627597620997573,0.06579189399147735,-1.8736743821226391,0.6198252090537939,-0.6355418790279345,0.011383892657570236,-0.0089820359281436,0
2020-12-16 00:00:00+00:00,-0.5403388012430963,-0.553245974947903,-1.8914065515443903,0.8127206419882398,-0.5549202603630278,-0.15468433079311328,0.0075528700906344,1
2020-12-17 00:00:00+00:00,-0.524472579112056,0.3215539915479394,-1.8052850621319694,0.9231540477661841,-0.5502523720623229,-0.26204773335367754,-0.0052473763118441,0
2020-12-18 00:00:00+00:00,-0.5452270686596011,-0.34389438460175875,-0.957316005457683,1.7460018914752462,-0.422931380838519,-0.3579325649105063,0.0045214770158252,1
2020-12-21 00:00:00+00:00,-0.5612314967287986,0.596901219656309,-0.917214017919332,1.5695517761489666,-0.7215507455767348,0.4292179395135398,-0.0037509377344336,0
2020-12-22 00:00:00+00:00,-0.4814263819573487,-0.153268472440882,-1.8167996275681793,0.8800973863003115,-0.8162777807978173,0.14932266688751175,-0.0203313253012047,0
2020-12-23 00:00:00+00:00,-0.44908608622289575,-1.1106835744888428,-1.9392531226392502,0.8846390312121093,-0.8142985246942468,-0.03587611435332371,-0.0015372790161414,0
2020-12-24 00:00:00+00:00,-0.4119638214943438,-0.040991567481313225,-2.4911132903442894,0.37364340405216356,-0.9968076243761177,0.17200740990516622,-0.0069284064665127,0
2020-12-28 00:00:00+00:00,-0.4598616446471566,-0.47681402175116827,-1.62833905831803,1.2030789068359031,-0.727073786024814,-0.10915895250069964,0.0031007751937983,1
2020-12-29 00:00:00+00:00,-0.4360773541953302,0.21330327620356573,-1.966613010383612,0.9250975459731694,-0.8437059121466163,0.040833117467743055,0.0162287480680063,1
2020-12-30 00:00:00+00:00,-0.477297425038463,0.9134800913394765,-1.3538347428311055,1.3250645375385488,-0.7940301371913847,0.04108319958134553,-0.0076045627376425,0
2020-12-31 00:00:00+00:00,-0.42172392365938616,-0.3545132496106546,-1.8349441972328049,1.1381704715008671,-0.8072381569233475,-0.0946843607749186,0.0045977011494251,1
2021-01-04 00:00:00+00:00,-0.6411467169292407,0.05412881665187527,1.2473396803567518,3.650366032893124,-0.12956988982130307,-0.3705400179524025,0.0221205186880244,1
2021-01-05 00:00:00+00:00,-0.548691863907518,1.3401262054340584,-0.7944379323695976,1.7867932627777416,-0.5871497693055007,0.02132999101137139,-0.058955223880597,0
2021-01-06 00:00:00+00:00,-0.6678230317476916,-3.3740666620228916,0.9736593159332235,3.1187357206913333,-0.20452083499887572,-0.6796742185709838,0.0578905630452022,1
2021-01-07 00:00:00+00:00,-0.7481964809840945,2.682823203660462,0.586578337133493,1.9035855952797602,-0.41811771739979064,-0.6683401585760368,-0.0044977511244378,0
2021-01-08 00:00:00+00:00,-0.6225473917138017,-0.3082410070849166,-0.7957781229867671,1.0082317161626242,-0.7605644437892518,-0.307973868182568,0.0256024096385543,1
2021-01-11 00:00:00+00:00,-0.7650962901126849,1.1622079899061397,0.8527565166473736,2.1947407516558455,-0.399471248831709,-0.4457838958368989,-0.0102790014684286,0
2021-01-12 00:00:00+00:00,-0.6522588076547361,-0.8296983551280591,-0.8587603619683614,0.822044526231069,-0.6779586010748461,-0.4547663287702776,0.0037091988130562,1
2021-01-13 00:00:00+00:00,-0.6109502935854322,0.25452049751371675,-1.5364700206427633,0.32432245048736175,-0.8345081402774075,-0.19908509281425243,-0.024390243902439,0
2021-01-14 00:00:00+00:00,-0.6486451572902717,-1.5396755258314971,-0.8887950826950803,0.7730217019672714,-0.733428676222334,-0.3587800693885793,-0.0257575757575757,0
2021-01-15 00:00:00+00:00,-0.6756023151124056,-1.6422444659954252,-0.712574444609925,0.7138645776848178,-0.817091251845497,-0.21711623527047597,0.0132192846034213,1
2021-01-19 00:00:00+00:00,-0.6504250449664953,0.5481296429280577,-1.3436445425638204,0.30447001290309,-0.7659943117214879,-0.41602283009889285,0.0260936300844205,1
2021-01-20 00:00:00+00:00,-0.6971067653042905,1.3812942060561837,-0.7811661245552666,0.4896004495464323,-0.8963853866949869,-0.07771743276773141,0.0373971578160059,1
2021-01-21 00:00:00+00:00,-0.81538458672006,1.9263755564240432,0.5891599959959213,0.9522208277164244,-1.080922921318587,0.48041772389526965,-0.0115356885364094,0
2021-01-22 00:00:00+00:00,-0.6415114459354135,-0.4214919090430353,-1.3970199341854046,0.2876671305630699,-0.8265958519511378,-0.3822117792194332,-0.0043763676148796,0
2021-01-25 00:00:00+00:00,-0.7272561554133428,-0.47969695592600875,-0.4387214351131947,0.44007129684147345,-1.0094704778519556,0.07549302047121155,-0.0153846153846154,0
2021-01-26 00:00:00+00:00,-0.639996825305954,-0.7620904099772794,-1.6892519667066648,-0.17916616884129466,-0.9796664281528412,-0.17973535549471967,-0.0386904761904761,0
2021-01-27 00:00:00+00:00,-0.7295672582793175,-2.026486485516906,-0.37625543433920755,0.8934201285285711,-0.7307383573399279,-0.3450452378352277,0.010061919504644,1
2021-01-28 00:00:00+00:00,-0.740555514400807,0.42494003289455723,-0.8920433924909005,0.05155570604664172,-0.9437385927801321,-0.13863352919192543,-0.0045977011494253,0
2021-01-29 00:00:00+00:00,-0.7480594010822981,-0.3559439093933702,-0.6988956015881,0.3049928278655442,-0.8720624579105434,-0.18019413321610955,0.0192455735180907,1
2021-02-01 00:00:00+00:00,-0.7552991582107577,1.002515847472967,-0.9253874216038979,-0.047867029212922546,-0.9835333556877268,-0.013268574633430329,0.0241691842900302,1
2021-02-02 00:00:00+00:00,-0.7058599833125611,1.1746233276607392,-1.0932838811158683,0.013091444686928038,-0.9112316757698706,-0.39769504417232304,-0.002212389380531,0
2021-02-03 00:00:00+00:00,-0.7026708162790194,-0.29397412215599694,-0.8022137785523747,0.26334824790786626,-0.938141529520429,-0.31858732348934143,0.0096082779009609,1
2021-02-04 00:00:00+00:00,-0.6243186467820456,0.5763407528064065,-1.2399519452912613,0.29388703996610194,-1.0052792467212828,-0.025043577245406366,-0.0051244509516837,0
2021-02-05 00:00:00+00:00,-0.5134924500980301,-0.31151638316152086,-1.941832658803019,0.347208280915764,-0.8576076116806282,-0.33377958874355584,0.0625459896983076,1
2021-02-08 00:00:00+00:00,-0.7841946989350147,3.2598041946427156,1.1154511624553631,1.8108992398106143,-0.8190477328060132,0.15832283078146758,-0.0124653739612188,0
2021-02-09 00:00:00+00:00,-0.5826122281480682,-0.5800086804003995,-0.8270615151374384,0.9803118652423173,-0.8390303687564402,-0.38674076816300046,0.0350631136044881,1
2021-02-10 00:00:00+00:00,-0.7148314849794263,1.672027989785038,0.7686599713366208,2.0970984465197615,-0.45292227437269594,-0.6928382973987312,0.0331978319783197,1
2021-02-11 00:00:00+00:00,-0.6778248002707808,1.6374873601336688,0.005578356317445595,1.6346174903216393,-0.36729902954938665,-0.9727615345742225,-0.0190163934426228,0
2021-02-12 00:00:00+00:00,-0.6613680810404643,-0.8964133854219687,-0.21472804989819386,1.235558052085707,-0.7395121483439988,-0.26549049677247594,0.0247326203208555,1
2021-02-16 00:00:00+00:00,-0.659728270556316,1.2932911119885186,-0.5119909363373492,0.8964645412166907,-0.7294565293929747,-0.2892419302754799,-0.0273972602739726,0
2021-02-17 00:00:00+00:00,-0.6239673954174082,-1.4270530165515605,-0.8718191394205222,0.588546611689862,-0.8779327886580287,-0.2301968228672933,-0.005365526492287,0
2021-02-18 00:00:00+00:00,-0.6087134490219958,-0.024623430774596076,-1.2431777457230138,0.3065016577272785,-0.9413101750147262,-0.10384900582605495,0.0067430883344572,1
2021-02-19 00:00:00+00:00,-0.603955162189698,0.14483941749398427,-1.0294435098650514,0.6311790507479805,-0.694545298911349,-0.5827235786410472,-0.0381781647689216,0
2021-02-22 00:00:00+00:00,-0.7042423456604086,-2.230914775216098,0.22571378520011384,1.0016068502764301,-1.0343649404547057,0.19681702961885492,-0.0153203342618383,0
2021-02-23 00:00:00+00:00,-0.7743960811940311,-0.7007349928304901,0.7729292570975705,1.2767066060913,-1.0520193701809133,0.5372020869812918,0.0254596888260254,1
2021-02-24 00:00:00+00:00,-0.8172375127779912,1.3560806874634557,0.856005661315582,1.3794802657239884,-0.7906824850682559,0.2035103965431546,-0.0820689655172413,0
2021-02-25 00:00:00+00:00,-0.9649429299462995,-4.662418196695923,3.021184248752498,3.015220485332677,-0.44061940369910313,-0.258546352438726,0.030052592036063,1
2021-02-26 00:00:00+00:00,-0.8796850125224073,0.9642510248715248,0.531373660108698,0.9634675319268122,-0.3446486271203375,-1.1054237685314168,0.0094821298322391,1
2021-03-01 00:00:00+00:00,-0.8317707131789663,0.25323793563899777,-0.38281995902335697,0.1917928123662017,-0.6327909527889639,-0.6807454830020128,-0.0310693641618496,0
2021-03-02 00:00:00+00:00,-0.8267689119061545,-2.0384565434635578,-0.5157505093957447,-0.18995774537518562,-0.8907607671958239,-0.3903442127136216,-0.0454884414615958,0
2021-03-03 00:00:00+00:00,-0.8937855782062429,-2.9159526093983597,0.24679916369908134,0.29935730065943505,-0.7994386814527104,-0.4276631137216905,-0.03359375,0
2021-03-04 00:00:00+00:00,-1.0380917015717372,-2.309578110357167,1.689446687113434,1.0943282697929775,-0.702062518712114,-0.15108436918901175,0.007275666936136,1
2021-03-05 00:00:00+00:00,-1.0979576430034625,-0.193027983473651,1.6536876702157899,0.7845067640611979,-0.6978879097529851,-0.025421715835861353,-0.0698234349919744,0
2021-03-08 00:00:00+00:00,-1.1129524915515154,-4.510965481299128,1.561388557637232,0.5930991649410687,-0.7330736942901481,-0.2127067550221043,0.080241587575496,1
2021-03-09 00:00:00+00:00,-1.1683863660831757,3.4628505150579496,1.1955938866419848,0.11960173986699554,-0.4689679008437608,-0.7792531441810999,-0.003993610223642,0
2021-03-10 00:00:00+00:00,-1.0761814061113266,-0.9213926584953195,0.22207379272859712,-0.39113025366119103,-0.5855312470202388,-0.8328974780892047,0.0417000801924618,1
2021-03-11 00:00:00+00:00,-1.040392847265301,1.5619197611909126,-0.35210816418814295,-0.8130572341109397,-0.5910506414947704,-1.027370595903925,-0.0100076982294072,0
2021-03-12 00:00:00+00:00,-0.9848328753067235,-0.05405239036095342,-0.760745106092452,-0.9586552757914419,-1.0417236429777395,0.05313309792167357,0.025660964230171,1
2021-03-15 00:00:00+00:00,-1.0237186065179544,1.4068440689814077,-0.30012992421603973,-1.020469213988267,-1.1200435911122455,0.03441740600259422,0.0075815011372251,1
2021-03-16 00:00:00+00:00,-0.9802638594521519,0.09886251205747237,-0.4278060958279159,-0.7488817543340531,-0.8365316187192566,-0.6078910724117094,0.0037622272385251,1
2021-03-17 00:00:00+00:00,-1.0010615088689534,0.5325048653647656,-0.3023638487956502,-0.8622098497414634,-1.1790178104650881,0.2673382292915143,-0.0464767616191903,0
2021-03-18 00:00:00+00:00,-0.971451208183654,-2.560723515925063,-0.34950561085166054,-0.6466783964161684,-0.9578016538097291,-0.37867897061772526,0.0102201257861633,1
2021-03-19 00:00:00+00:00,-0.9918611056627425,0.5078477052033726,-0.44748327038001523,-0.7362404960588101,-0.8355306575735106,-0.5636446790334888,0.0264591439688715,1
2021-03-22 00:00:00+00:00,-1.0421916240433773,1.331779540256928,0.06002470208952479,-0.698034894194672,-1.002259037047333,-0.16166381241939168,-0.0090978013646702,0
2021-03-23 00:00:00+00:00,-0.9422877612247806,-0.6753202312030298,-0.7949069861237843,-0.9845588251656197,-0.9326728877096933,-0.6383311551367945,-0.0328997704667176,0
2021-03-24 00:00:00+00:00,-0.9527388934095107,-2.216916500553536,-0.2777509246108811,-0.7260834183017422,-1.0310609677732578,-0.5372087491552374,-0.0079113924050634,0
2021-03-25 00:00:00+00:00,-0.8956037413258896,-0.3193935159865847,-0.2635777723840952,-0.19503659410195812,-1.046058895252013,-0.10393665196055793,0.0239234449760765,1
2021-03-26 00:00:00+00:00,-0.9282059312546559,1.2766793131740102,0.2642149983678353,0.183269776480193,-0.9523997199792462,-0.1800111809946181,0.0085669781931463,1
2021-03-29 00:00:00+00:00,-0.8614392356429158,0.4926481945505718,-0.5042610037810991,-0.26090438467018967,-1.0031472491724807,-0.32424842352303307,-0.0061776061776062,0
2021-03-30 00:00:00+00:00,-0.8078021341600753,-0.1823355440406726,-1.10644890659453,-0.5927827675301153,-1.0833315100484424,-0.2828916538684651,0.0372960372960373,1
2021-03-31 00:00:00+00:00,-0.8941309129534974,1.8304280546551224,0.0617234184178914,0.0688369715492445,-0.9796400639743676,-0.21478038741274136,0.0344569288389513,1
2021-04-01 00:00:00+00:00,-0.8229432067022616,1.6298344124347846,-0.3326696963899633,0.11118828175579347,-0.8517916583458003,-0.6303516687724771,0.0130340333091962,1
2021-04-05 00:00:00+00:00,-0.7504994148747072,0.6832022720183049,-0.8082948151620746,-0.09101881747514844,-0.97018500594119,-0.6166454684876794,-0.0092923516797712,0
2021-04-06 00:00:00+00:00,-0.64157988794274,-0.5385761386886606,-1.3691261086504,-0.04448186550414443,-1.0087114504631265,-0.4208197700723455,0.0202020202020203,1
2021-04-07 00:00:00+00:00,-0.6692153026780524,1.0852227053954255,-0.4923151498919598,0.6916460777050217,-1.0495328652610616,0.2217696598444745,0.0127298444130126,1
2021-04-08 00:00:00+00:00,-0.5715995411916377,0.6484591510356836,-1.3199770200835241,0.6289485615473056,-0.7656501860976362,-0.545253014003119,0.0055865921787709,1
2021-04-09 00:00:00+00:00,-0.5420657359182965,0.5644234966149808,-1.5851300309051983,0.42268062879003165,-0.9766889300747587,-0.06116365723072415,0.0562500000000001,1
2021-04-12 00:00:00+00:00,-0.9723291702513934,3.127714923412476,3.8456082890430383,4.156445763854466,-0.2392094828158504,0.15893366779899465,0.0309007232084155,1
2021-04-13 00:00:00+00:00,-0.8048047225643552,1.712569713262701,1.1673829158088371,2.5818626766661743,-0.07752311980550788,-0.6813192685079394,-0.0255102040816326,0
2021-04-14 00:00:00+00:00,-0.7033726035553676,-1.4745390175853035,-0.4469603562526093,0.978178906570656,-0.5517990486357907,-0.45919881280042135,0.056282722513089,1
2021-04-15 00:00:00+00:00,-0.857642511054473,2.6565825511759593,0.9225893544271568,1.7251923090515442,-0.18158732768851324,-0.7888940658233098,-0.0142503097893432,0
2021-04-16 00:00:00+00:00,-0.6853064907333917,-0.6893813260251134,-1.1169208912320745,0.5367613957713894,-0.49064376340309096,-0.42512699942941923,-0.0345694531741044,0
2021-04-19 00:00:00+00:00,-0.7656376646392573,-1.6415648336214266,-0.22401317005623939,0.8092857122675529,-0.6805455932455714,0.03828951409224673,-0.0123697916666666,0
2021-04-20 00:00:00+00:00,-0.7655159794352383,-0.7504927063903492,-0.4719146853534657,0.4419637034107896,-0.6915482842304604,-0.10911299370344295,0.012524719841793,1
2021-04-21 00:00:00+00:00,-0.7157778874734263,0.8466957910233529,-1.4042194513347366,-0.21824248217957107,-0.782200418140461,-0.0529909624766334,-0.033203125,0
2021-04-22 00:00:00+00:00,-0.7607916120443223,-2.1228515419539655,-0.5180092716467034,0.24432434094747585,-0.8031311095465967,-0.015332231731773635,0.0282828282828282,1
2021-04-23 00:00:00+00:00,-0.7643729158441168,1.5050755696957787,-0.876782472676016,-0.12105445657812704,-0.875288547227886,0.15633549656276058,0.0137524557956778,1
2021-04-26 00:00:00+00:00,-0.7148555427892452,0.924079009690153,-1.2332060112952283,-0.23498887946244912,-0.9382064917022811,0.18203416216180973,-0.0064599483204134,0
2021-04-27 00:00:00+00:00,-0.6635210885006891,-0.5010335863189154,-1.5709444310515481,-0.35918833326961874,-0.854618039087586,-0.26650318573630233,-0.0065019505851756,0
2021-04-28 00:00:00+00:00,-0.6730457727370627,-0.335441202111219,-1.400511386069275,-0.14835385250821842,-0.8161735616443573,-0.21608197496556342,0.0026178010471205,1
2021-04-29 00:00:00+00:00,-0.6627813320171861,-0.014953711506168152,-1.395970145386054,-0.23957158067987713,-0.8900520153789072,-0.1412761771900362,-0.0202349869451697,0
2021-04-30 00:00:00+00:00,-0.6438908739448498,-0.9900259201202914,-1.3590326139898883,-0.04869213035983264,-0.9239253303174759,-0.022760773926304847,-0.011325782811459,0
2021-05-03 00:00:00+00:00,-0.6611668325112543,-0.8645521018633364,-1.1072219423348333,0.004759137450506587,-0.893752454386203,-0.18042879806007942,-0.0330188679245283,0
2021-05-04 00:00:00+00:00,-0.7510837427671881,-1.795322133119019,0.0608132727870605,0.9712619217631911,-0.7181698426705755,-0.10133309147116307,0.0076655052264809,1
2021-05-05 00:00:00+00:00,-0.714361840836906,-0.11261785938203965,-0.7501532695831232,0.3307177894404981,-0.5911772167260883,-0.6610557989933964,0.0041493775933609,1
2021-05-06 00:00:00+00:00,-0.6900007643663325,0.18187804817783668,-1.2740675805862471,-0.19178592087307852,-0.9040900726236729,-0.08719867717107575,0.0199724517906336,1
2021-05-07 00:00:00+00:00,-0.6960204701828951,0.7630522894998868,-1.2017755226426086,-0.050132218367299364,-0.700569766637993,-0.5202845436903277,-0.036461850101283,0
2021-05-10 00:00:00+00:00,-0.6452164665878012,-2.2195482073014112,-0.6734512617775628,0.5638115586063281,-0.876517408343801,-0.20849535248311996,0.0028030833917309,1
2021-05-11 00:00:00+00:00,-0.6752405229360003,0.7675061754905598,-0.18824286804119747,0.7926273032813579,-1.231306844200411,0.8324084044218042,-0.0384346610761705,0
2021-05-12 00:00:00+00:00,-0.6231823847970821,-1.9226423480661798,-0.3952967482063363,0.9505276622402449,-0.9895505508156384,0.04732737892855949,-0.0065406976744185,0
2021-05-13 00:00:00+00:00,-0.5894582883085363,-0.9053961504775703,-0.30544857245369705,1.240467766749809,-0.7939405575194239,-0.2783539916078911,0.0416971470373079,1
2021-05-14 00:00:00+00:00,-0.6404242063660542,1.998075879493952,-0.18009286188579943,0.8749571915460739,-1.037501612357922,0.07134367026386218,-0.0049157303370787,0
2021-05-17 00:00:00+00:00,-0.5152195912746654,-0.13983612068916434,-1.2450676561409308,0.6864991454549786,-0.9846280608412509,-0.17883004682638604,-0.0105857445306987,0
2021-05-18 00:00:00+00:00,-0.5016266887842651,-0.7798376234890206,-1.2371769813877527,0.5813645330388895,-1.037118798598555,-0.28849235510870375,0.0035663338088445,1
2021-05-19 00:00:00+00:00,-0.6119953062537705,0.8581260183173051,0.057304335131883315,1.5948589858328452,-1.0446125384780272,0.5013847657423594,0.0383795309168442,1
2021-05-20 00:00:00+00:00,-0.5912310735069237,1.8815881952093965,-0.30006619026433884,1.3519273803542486,-0.7166048244246033,-0.5003198933103727,0.026009582477755,1
2021-05-21 00:00:00+00:00,-0.6481473731783,0.7470839991892713,0.9489870992277109,3.3284076999113212,0.43393610011255596,-2.122271840551557,0.0413609072715142,1
2021-05-24 00:00:00+00:00,-0.730794976348039,2.033666450407548,0.8819483803654921,2.2709308410075923,-0.2568728557890743,-0.7552846759172823,0.0025624599615632,1
2021-05-25 00:00:00+00:00,-0.6454650869020461,-0.04509414848379412,-0.42582636494858317,1.425109699230365,-0.2930365157642831,-0.9465465391555995,0.0031948881789136,1
2021-05-26 00:00:00+00:00,-0.6201482457518389,0.15504157539177926,-1.0303806724134692,0.9544966654341167,-0.36347140689567636,-0.8398917631949163,-0.0133757961783439,0
2021-05-27 00:00:00+00:00,-0.6898765935745999,-0.752064464960528,-0.1679190705917124,1.8869839785091416,0.04176204920709926,-1.1645127871885037,0.0484183344092961,1
2021-05-28 00:00:00+00:00,-0.8994986834802537,2.6647077530325625,1.3689780298754144,1.9219740905019145,-0.3383122998017026,0.029941888074890163,0.0012315270935963,1
2021-06-01 00:00:00+00:00,-0.7869540145792611,-0.008950226763040562,-0.20748310907569217,0.9972447248912052,-0.29576443467315233,-0.4172512967665831,0.031980319803198,1
2021-06-02 00:00:00+00:00,-0.8721688199895679,1.7824884957806626,0.6724541161102021,1.5189149136932516,-0.2520166017553538,-0.007735643563459582,0.0113230035756852,1
2021-06-03 00:00:00+00:00,-0.8681942803468641,0.6656257085813824,0.43608068699928537,1.350380169950638,-0.22092631809354493,-0.019669222638600034,0.0359457866823806,1
2021-06-04 00:00:00+00:00,-0.9007960659720976,1.8642303423241082,0.33172239970687006,1.2440405645852295,-0.007827215379794248,-0.30879455759247215,0.0022753128555177,1
2021-06-07 00:00:00+00:00,-0.8985568164470262,0.06519872443200853,0.07898251305882377,0.9961823672783001,-0.046928043187068454,-0.179168133836987,-0.0090805902383654,0
2021-06-08 00:00:00+00:00,-0.8016717122575682,-0.4174908609564707,-1.2928452270179152,0.053804696111803996,-0.236295570582695,0.026471718547644782,-0.0057273768613975,0
2021-06-09 00:00:00+00:00,-0.8039108792939516,-0.38263406470719286,-1.2350121266626422,0.23225589543720102,-0.04214238504268318,-0.31946664511203,0.0040322580645162,1
2021-06-10 00:00:00+00:00,-0.7778915361702599,0.28461998733147376,-1.5649386215266934,0.01348117460265701,-0.17641037236627957,0.1373742838750487,0.022948938611589,1
2021-06-11 00:00:00+00:00,-0.847078975764742,1.2552786322663665,-0.7597223552886635,0.5122629358789096,-0.08666411345651767,0.2811947962314303,0.0106561974200785,1
2021-06-14 00:00:00+00:00,-0.7938390083190543,0.5457865957388066,-1.395920565096142,0.18268233494591632,-0.07148791542403207,0.1816402733925487,-0.0127635960044395,0
2021-06-15 00:00:00+00:00,-0.7543921940212114,-0.5781041034514001,-1.8817316853133026,-0.1447013390259362,-0.1606557263667179,0.21695266073544356,0.0011242270938729,1
2021-06-16 00:00:00+00:00,-0.7904809243403254,0.08368597235800884,-1.5052631483120966,0.10502912583231633,-0.06981603152372787,0.23632418500922955,0.0477259966311061,1
2021-06-17 00:00:00+00:00,-1.0547792961117757,2.6235553052040914,1.4264025898640653,1.792216592298502,0.13542664007760588,0.7938698895009084,-0.0010718113612003,0
2021-06-18 00:00:00+00:00,-1.0139147075113544,-0.3275337799248648,0.8707394925514291,2.1084564185608787,0.7982139177655493,-0.3291966949014004,-0.0112660944206008,0
2021-06-21 00:00:00+00:00,-0.9725921896235251,-0.539134971663593,-0.010819340918771191,1.087108329906791,0.3338601448180471,0.32345775016795186,0.0249593054801953,1
2021-06-22 00:00:00+00:00,-0.9575975027944893,1.3673095706068956,-0.40478210963002675,0.759198132515433,0.33803620250761807,0.3262640371936775,0.0089994706193752,1
2021-06-23 00:00:00+00:00,-0.84460390294975,0.4520863349254193,-1.728739651168015,-0.08006049461354153,0.2650272612071358,0.032937816256778156,0.0078698845750262,1
2021-06-24 00:00:00+00:00,-0.8451656036011018,0.30339862733789147,-1.6115401357008738,-0.08191859826673274,0.21621667487464788,0.09567103582177174,-0.0093701197293076,0
2021-06-25 00:00:00+00:00,-0.8131948665834218,-0.6380383808272956,-1.5671787973731242,-0.10917552146049417,0.03970696173503082,0.2794970462566845,0.049921177088807,1
2021-06-28 00:00:00+00:00,-0.9131703159551772,2.4393529534119787,-0.1838141422573569,0.6698882200463975,0.1106834688430073,0.460229822838989,0.0025025025025025,1
2021-06-29 00:00:00+00:00,-0.7971149130725288,0.26263329884088027,-1.2959527853691117,0.2114918266051863,0.046905922998656355,0.3409059068452785,-0.0014977533699451,0
2021-06-30 00:00:00+00:00,-0.731409194272191,-0.003196530200351235,-1.680768128425199,0.13074511325629667,0.07125294897618203,0.10775275730336242,0.0104999999999999,1
2021-07-01 00:00:00+00:00,-0.7627061730272628,0.49986123682652267,-0.9572200117854086,0.7389302920334453,0.23444537159151477,-0.06751756576832314,0.0138545274616526,1
2021-07-02 00:00:00+00:00,-0.6751027856520646,0.652807231086247,-1.7344200780398238,0.30906148757599433,0.16646224191593395,-0.18620206002216338,0.0102489019033675,1
2021-07-06 00:00:00+00:00,-0.7046226785703134,0.34650523682681383,-0.9989971536854144,0.8010150066642074,0.18306270118335854,-0.12141207428552468,-0.0159420289855071,0
2021-07-07 00:00:00+00:00,-0.6952968037138901,-1.109488930604883,-1.1022893051494904,0.6837134175441719,0.13925738060186332,-0.1085621734386056,-0.0230731467844871,0
2021-07-08 00:00:00+00:00,-0.7190968071048645,-0.8107605563834102,-0.9834621673859242,0.8567542860547229,0.0877775851621542,0.236954111922488,0.0075376884422111,1
2021-07-09 00:00:00+00:00,-0.6970672596876821,0.42286320318877557,-1.6329389527015472,0.05502011203372323,-0.030116925641732153,0.12914605123635658,0.0229426433915211,1
2021-07-12 00:00:00+00:00,-0.7015215383986062,1.1841840610733323,-1.4736313998160009,0.16048296078763388,0.00045314198195206963,0.06756547885421595,-0.0126767430521697,0
2021-07-13 00:00:00+00:00,-0.6705394220437815,-0.5939939394961163,-1.6943343215097904,0.05249481295368732,-0.0894960900427666,0.13295455307534182,-0.0202469135802468,0
2021-07-14 00:00:00+00:00,-0.733080540705971,-1.3734067410181028,-0.93051905027114,0.42523068359061966,-0.020386435324630366,0.07776983957477575,-0.0438508064516129,0
2021-07-15 00:00:00+00:00,-0.8356254859457856,-2.7541796064173716,0.15117707646558362,0.9282350411082125,0.005078309830766628,0.10416758394551617,-0.0426989984185555,0
2021-07-16 00:00:00+00:00,-0.8686801564563752,-2.8280642457116176,0.8144395823900216,1.519530564641133,0.13994371301938768,-0.052047007488746376,0.0341409691629956,1
2021-07-19 00:00:00+00:00,-0.971316227070828,2.049807754339564,1.651380004056103,1.6577929068183357,-0.1876458308246017,0.8690747766127339,-0.009052183173589,0
2021-07-20 00:00:00+00:00,-0.7861129791241126,-0.5643280672852415,-0.3944532710766181,0.4994368343091032,-0.2112113677849129,0.1213478980602115,0.0429876410531973,1
2021-07-21 00:00:00+00:00,-0.8273245354090583,2.07891983497595,-0.10371574531089718,0.21773943354598924,-0.42420821084346083,0.3515239137366406,0.0092735703245749,1
2021-07-22 00:00:00+00:00,-0.7545815669792135,0.23547038129717945,-0.7645737196204749,0.029020828630216523,-0.325351572238263,-0.03795463981547597,-0.001531393568147,0
2021-07-23 00:00:00+00:00,-0.6928218506412409,-0.1715935112553484,-1.4752822503370902,-0.4876091449543818,-0.4973924774641494,0.08157626902587661,-0.0138036809815951,0
2021-07-26 00:00:00+00:00,-0.6970529138413023,-0.5723225116854954,-1.3246927369157417,-0.4315711161448581,-0.6424197672559696,0.42023524009882884,-0.0041472265422497,0
2021-07-27 00:00:00+00:00,-0.7175321870506359,-0.359250412882861,-0.6175473460292686,0.027424613613486006,-0.6836009500262021,0.6817632783584748,0.0150963040083289,1
2021-07-28 00:00:00+00:00,-0.6770284808157588,0.7024307793561356,-1.0774974617258675,-0.2199122517021441,-0.6618388718125965,0.4565517632158514,0.0082051282051283,1
2021-07-29 00:00:00+00:00,-0.6371046770011972,0.4432912799173783,-1.3709083498716497,-0.2733311203727373,-0.6500199744420888,0.332939524479517,-0.0081383519837232,0
2021-07-30 00:00:00+00:00,-0.5751260033801523,-0.18494266844275895,-1.7090916751618979,-0.26668231063143855,-0.689387822353994,0.28187077466266647,0.0128205128205127,1
2021-08-02 00:00:00+00:00,-0.6106401139350599,0.49459970634297223,-1.1180680885698326,-0.03180664705125272,-0.6539064640343232,0.16201910118466842,0.0035443037974682,1
2021-08-03 00:00:00+00:00,-0.6639433644811245,0.05988347541441633,-0.14969222750700767,0.49161585041945566,-0.7918023938484303,0.6147604310179032,0.0227043390514631,1
2021-08-04 00:00:00+00:00,-0.5721838266966384,1.1473424572688389,-1.1820923732316717,0.060510137622662406,-0.6566430633939957,0.047228400522634814,0.0182535767143563,1
2021-08-05 00:00:00+00:00,-0.5130368884075334,0.8636378001467298,-1.4572755306699274,0.0398689786664787,-0.6410663057486267,-0.16731903542431248,-0.0130813953488372,0
2021-08-06 00:00:00+00:00,-0.46866909406297536,-0.602316414896921,-1.7561619384986171,-0.09733951534402616,-0.7659436877968652,-0.037282105263692786,-0.0034364261168384,0
2021-08-09 00:00:00+00:00,-0.4480081251865155,-0.24174498166846273,-1.8410908151964658,-0.19290981656768877,-0.80592357585161,-0.07311825128138827,-0.0177339901477832,0
2021-08-10 00:00:00+00:00,-0.46554961639036113,-1.0927294322759946,-1.3795922854636027,0.06200237379187234,-0.8665391303432627,0.042788936063979176,-0.012036108324975,0
2021-08-11 00:00:00+00:00,-0.45797108339135284,-0.8502984263318231,-1.2573435522182368,0.1713533860417467,-0.8802775457181069,0.018053981193402232,0.0106598984771573,1
2021-08-12 00:00:00+00:00,-0.3856876947599783,0.4816627323288576,-1.7233683218505251,0.14195280296730325,-0.8755915043044424,-0.0002257465820521649,0.0140632847815169,1
2021-08-13 00:00:00+00:00,-0.3197457711360674,0.8948785480391687,-1.6997917749619873,0.6247773833186443,-0.8399316792788346,0.09745583755614569,-0.011887072808321,0
2021-08-16 00:00:00+00:00,-0.31742147120448716,-0.7226973780137733,-0.8086792993487836,1.2071391572593448,-1.0099928622137344,0.3614580102873883,-0.0245614035087718,0
2021-08-17 00:00:00+00:00,-0.2489272847840827,-1.1380896631024033,-1.3643859860530656,1.1420568838237288,-0.942571741802509,0.014988192685520048,-0.0215827338129497,0
2021-08-18 00:00:00+00:00,-0.2640441524343938,-1.3318835925756047,-0.7016562733968698,1.980008655863213,-0.6120154128872494,-0.37299480103349325,0.0399159663865547,1
2021-08-19 00:00:00+00:00,-0.6410294509545806,1.4620444611154544,4.0652613025963396,5.209749571778524,0.12521568379861622,-0.5597757847944841,0.0515151515151515,1
2021-08-20 00:00:00+00:00,-0.5657071297583376,2.6908420935626234,1.9949833325218853,3.676314345772349,0.044833112813917615,-0.7795405357753854,0.0547550432276657,1
2021-08-23 00:00:00+00:00,-0.5993685506629346,2.9030366982352733,1.5578629784802465,2.6179613593591693,-0.35221462124534353,-0.24852509646447887,-0.0077413479052823,0
2021-08-24 00:00:00+00:00,-0.40220875643346865,-0.20776883893899123,-1.038583098728132,0.844114511179052,-0.6710768653396966,-0.3296150849754315,0.0192748967416247,1
2021-08-25 00:00:00+00:00,-0.4838785005972102,1.134063915548826,-0.19693938074560507,1.1086071329216607,-0.7150597031415461,0.0006433899426156027,-0.0063034669067987,0
2021-08-26 00:00:00+00:00,-0.4078535367966947,-0.35619024906141583,-1.1427558985841482,0.43844057001795833,-0.7870999107672703,-0.18216717573316762,0.0258269143633891,1
2021-08-27 00:00:00+00:00,-0.45318906078501325,1.4135194907271313,-0.7087820617899667,0.7315235265132793,-0.6593228410101974,-0.19738035201862159,0.002208480565371,1
2021-08-30 00:00:00+00:00,-0.40909033180261367,-0.024612411264285487,-1.135795921843651,0.4983701701036243,-0.6281633933331067,-0.4282469044660427,-0.0132216835610401,0
2021-08-31 00:00:00+00:00,-0.40609552734068904,-0.7919275469275054,-1.0483381184836225,0.5019288311654176,-0.71528505244056,-0.29784597960526943,0.0022331397945511,1
2021-09-01 00:00:00+00:00,-0.37082187719468174,0.10948218187886972,-1.5943564329739308,0.1363318976316706,-0.740458308131128,-0.34183332614389056,-0.001782531194296,0
2021-09-02 00:00:00+00:00,-0.35212165170926285,-0.10284945329730356,-1.7569826312560655,0.06664594700336172,-0.7399588492691429,-0.38176133642385907,0.0196428571428572,1
2021-09-03 00:00:00+00:00,-0.4658440945494511,1.1764190515270974,-0.4895733106147814,0.6219851205848662,-0.8633535275895283,0.28304768449037243,-0.0078809106830122,0
2021-09-07 00:00:00+00:00,-0.36962391338377876,-0.40146248804870177,-1.6244809996764282,0.10059355774360343,-0.7483947457091421,-0.2557496646678578,-0.0141218005295675,0
2021-09-08 00:00:00+00:00,-0.4150070682891874,-0.7086144918736145,-1.033707152485554,0.44797740948654413,-0.7641908016328506,-0.020420518583238612,-0.0071620411817368,0
2021-09-09 00:00:00+00:00,-0.3800362702951692,-0.3500832216787182,-1.5878381894893798,0.09379400501412428,-0.757667674888718,-0.15684634133959774,0.0135256988277727,1
2021-09-10 00:00:00+00:00,-0.40513759500194063,0.6868689316223654,-1.3661261045052744,0.31859465689315675,-0.5906577187273859,-0.35621407845823094,-0.0146797153024912,0
2021-09-13 00:00:00+00:00,-0.49801285794068795,-1.2035407397326856,-0.1783558687892608,0.7035727481897914,-0.7636657707947997,0.087310655580441,0.0040632054176072,1
2021-09-14 00:00:00+00:00,-0.39373186901952273,0.18970806907667367,-1.680893094555662,0.02770688940254321,-0.6562235335338548,-0.290939968075688,0.0044964028776979,1
2021-09-15 00:00:00+00:00,-0.38709273417368495,0.24476371698963453,-1.7305248228023713,-0.06902266147941931,-0.7639761190961335,-0.026083742675818884,-0.0044762757385855,0
2021-09-16 00:00:00+00:00,-0.3549120857554078,-0.0452386153703135,-1.9046855939456067,-0.059898859929103085,-0.8192041322586053,0.11344594775450466,-0.0152877697841726,0
2021-09-17 00:00:00+00:00,-0.33299497836419495,-0.9301788581192284,-1.1304312039306943,0.97027058101097,-0.5137428850972646,-0.4695305844234521,-0.0360730593607305,0
2021-09-20 00:00:00+00:00,-0.35426749609676017,-1.454821152075899,-0.39243966836824323,1.5427376032415185,-0.7692492739534533,0.3183584871123611,0.0066319279962103,1
2021-09-21 00:00:00+00:00,-0.23824750889918034,0.12131044958677287,-1.5390250738666091,0.9454002058753989,-0.6600133903586235,-0.20622564683639222,0.0324705882352942,1
2021-09-22 00:00:00+00:00,-0.3318428861812262,1.7441661152690815,-0.5471229962617911,1.3090571151193522,-0.8000782284834871,0.2482104654707005,0.0246125797629899,1
2021-09-23 00:00:00+00:00,-0.2913105637014733,1.2464108292420362,-0.8640355718409873,1.1868006655663255,-0.758814285067919,-0.013973544996824884,-0.0177935943060498,0
2021-09-24 00:00:00+00:00,-0.20822712899736504,-0.5604569763577472,-1.7361139991072692,0.9095091834778468,-0.7817427776558508,-0.09276205996913242,-0.0190217391304347,0
2021-09-27 00:00:00+00:00,-0.2298932910415833,-0.7196780756089188,-1.3001185969189895,1.201395162772341,-0.7790993791605507,0.002536939046835525,-0.0443213296398892,0
2021-09-28 00:00:00+00:00,-0.3022709409365985,-2.2465663905217785,-0.3245887807520577,1.802090182259507,-0.6861686909030756,-0.1679878237001727,-0.0086956521739129,0
2021-09-29 00:00:00+00:00,-0.26714746365335035,-0.7468890819055054,-1.1951588876905304,0.9100322574184695,-0.773118214542655,-0.4097031532175971,0.0097465886939571,1
2021-09-30 00:00:00+00:00,-0.2697484049458455,0.373124842652704,-1.361660774666344,0.8523411160176299,-0.7218314252530015,-0.4853682112268881,0.0009652509652509,1
2021-10-01 00:00:00+00:00,-0.3203397989232598,0.003796481720777028,-0.8320506699226403,1.022465238198246,-0.8702519349772431,-0.04445470484109189,-0.0486981677917067,0
2021-10-04 00:00:00+00:00,-0.377714147857075,-2.7893775147990665,0.13015392689685637,1.7405193783072812,-0.787843180527057,-0.13799835514880723,0.0364926507856055,1
2021-10-05 00:00:00+00:00,-0.4359564161777825,1.8142612752052507,-0.07636486988154094,1.0148715761485243,-0.948482240666537,0.005008329207903008,0.0122249388753055,1
2021-10-06 00:00:00+00:00,-0.4103151885199184,1.0485192439977844,-0.35025443711644977,1.064307322812416,-0.9625385487398144,0.15050481138139066,0.0178743961352656,1
2021-10-07 00:00:00+00:00,-0.3515471529184589,0.7046925352202512,-1.0841893400749525,0.7221850367446588,-0.6588903716931265,-0.8235674946294771,-0.011390602752729,0
2021-10-08 00:00:00+00:00,-0.3133618675026666,-0.6691827768312123,-1.5892051839919905,0.10476692974546697,-1.0508463556339058,-0.256914149403398,-0.0062409985597695,0
2021-10-11 00:00:00+00:00,-0.3328104388229291,-0.09723772365717248,-1.2662524436469893,0.23493952364339996,-1.214705234134711,0.18106223632166352,-0.0014492753623187,0
2021-10-12 00:00:00+00:00,-0.3206248277267038,-0.2124944434640762,-1.3150654456973632,0.25490318884522456,-1.0785630057432025,-0.22020255241380213,0.0130624092888242,1
2021-10-13 00:00:00+00:00,-0.30206899545500454,0.5889875147065912,-1.5594615057214056,0.3028519230643596,-0.8902578838708128,-0.5949228467470913,0.0386819484240688,1
2021-10-14 00:00:00+00:00,-0.4048055733430185,1.878219793410977,-0.5024841526490943,0.6480204475205782,-0.9512550341900424,-0.33458860746157204,0.0050574712643678,1
2021-10-15 00:00:00+00:00,-0.31162600913112287,0.32272319413427325,-1.317948825893708,0.5267960149863907,-0.8323599225144039,-0.6897947571711099,0.0164684354986275,1
2021-10-18 00:00:00+00:00,-0.34292584320751585,1.0620129009838295,-0.8732480415648052,0.44354857215438964,-1.1998673803704698,0.15513644749497488,0.003150315031503,1
2021-10-19 00:00:00+00:00,-0.26624137427207445,0.1982130458431681,-1.594868930300211,0.22609093691485732,-1.0320605794316318,-0.4017726328252082,-0.0085240017945266,0
2021-10-20 00:00:00+00:00,-0.24597957956532907,-0.4696854802465523,-1.5868050106665121,0.2393530272024598,-1.1104576533317754,-0.2622226470076199,0.0266968325791854,1
2021-10-21 00:00:00+00:00,-0.30758188811052667,1.5623154402365134,-0.8750137553490213,0.5479925565129592,-1.1770068543372814,0.08841349729607977,0.0017628911414719,1
2021-10-22 00:00:00+00:00,-0.27815247340025906,-0.004142414480285944,-0.7995760582136735,1.0407228377231743,-0.8359090902373779,-0.5331082904287665,0.0193576770787506,1
2021-10-25 00:00:00+00:00,-0.28348619620030174,0.9201270936781355,-0.8063084143706185,0.9020719445938856,-0.901890058221717,-0.4009634110536995,0.0668968493741906,1
2021-10-26 00:00:00+00:00,-0.46853601645307474,2.9486042585664554,1.8102532721173734,2.7223185465087267,-0.4166435483580025,-0.7089310298957219,-0.0109223300970873,0
2021-10-27 00:00:00+00:00,-0.290899451380954,-0.46477774763397517,-0.5864733269116568,0.9243725101910145,-1.023296582724122,-0.06752562534239873,0.020040899795501,1
2021-10-28 00:00:00+00:00,-0.24974640971039283,0.8568122782043315,-1.0719321145036127,0.7530352695126769,-0.7515766666506487,-0.765882921316364,0.0252606255012028,1
2021-10-29 00:00:00+00:00,-0.30290580766905095,1.422622745072236,-0.33569162764406507,1.1504699781544485,-0.8299238851119674,-0.30773596944453946,0.0101681658193193,1
2021-11-01 00:00:00+00:00,-0.21847439250409587,0.5488278474577011,-0.8148289516934035,1.2571691439658481,-0.7255791103876599,-0.27077176621525517,0.0220673635307782,1
2021-11-02 00:00:00+00:00,-0.2493106894910554,1.2755343284727143,-0.34262594555575426,1.4973661794838837,-0.7712114810950351,0.04086971131187075,0.0075757575757577,1
2021-11-03 00:00:00+00:00,-0.16246823563685076,0.276597889866008,-1.1643986069697503,1.1093022843649958,-0.6680493862927982,-0.4713903163118568,0.1203007518796992,1
2021-11-04 00:00:00+00:00,-0.9474433404994874,5.674653062378115,8.121574505428889,6.113825225051731,-0.13057357027975927,0.3902194042441234,-0.0016778523489933,0
2021-11-05 00:00:00+00:00,-0.5676042503409628,-0.6425663883105069,3.0175217926137234,3.4636097907792984,0.14155248843464863,-1.1158412844192525,0.0352941176470589,1
2021-11-08 00:00:00+00:00,-0.4703666894482037,1.6754416547792372,0.7254118798503176,1.2644800166615462,-0.3670631277980522,-0.4927575146205662,-0.0045454545454545,0
2021-11-09 00:00:00+00:00,-0.5688739971182565,-1.5816224194960362,2.139022137259864,1.9643026127479324,-0.11261978079301965,-0.838883455231732,-0.0391389432485322,0
2021-11-10 00:00:00+00:00,-0.615021934427822,-1.7085988780346,1.8680062684882242,1.4384295011269461,-0.6955079487628024,0.7033667711355709,0.0315682281059062,1
2021-11-11 00:00:00+00:00,-0.47106226366549403,1.077898718553093,-0.43475102706609586,-0.11560599308726642,-0.34005859864024574,-0.7911131952014023,0.0,0
2021-11-12 00:00:00+00:00,-0.5087460474153075,0.18543907982642746,0.006141253607626239,0.1877664132818134,-0.5365696865592113,0.02406524951765271,-0.0121750575847318,0
2021-11-15 00:00:00+00:00,-0.5359903574906698,-0.9912498040197083,0.20955182980978912,0.05941377670090865,-0.5299106201330168,-0.12417572382538786,0.0059960026648899,1
2021-11-16 00:00:00+00:00,-0.481205419708289,0.5249591723056383,-0.8643647305055763,-0.6095934983746499,-0.6114048880702908,0.017665451612553888,-0.0311258278145694,0
2021-11-17 00:00:00+00:00,-0.5947412340222227,-2.234348472876158,0.6518882828625782,0.13425476140880163,-0.4999763853559258,-0.09969335682029422,0.0827067669172931,1
2021-11-18 00:00:00+00:00,-0.7248800573396036,2.40062300353279,1.724276856568272,1.0463024513302834,0.6290949476072268,-2.210256675774404,0.0410353535353533,1
2021-11-19 00:00:00+00:00,-0.6846281532669548,1.8959336336948345,0.6054975712539251,-0.07688604359545773,-0.14747440520067476,-0.428541623702656,-0.0309278350515462,0
2021-11-22 00:00:00+00:00,-0.8337760240851074,-2.5976458992031937,2.5007640086630123,0.736329762961636,-0.1781274985651069,-0.11183615746102507,-0.0065707133917396,0
2021-11-23 00:00:00+00:00,-0.7201807754982312,-0.290178926773145,0.7079317558006256,-0.1956901220297088,-0.29878033608493526,0.19587335866371344,0.0289763779527558,1
2021-11-24 00:00:00+00:00,-0.7863154780865474,1.6389622703943068,1.0499492356354359,-0.549750907956091,-0.59404617532292,0.9352033767542483,-0.0358126721763085,0
2021-11-26 00:00:00+00:00,-0.6642413999569824,-2.2477446960568885,-0.20457802520331322,-1.1339619361006457,-0.42403073266554153,-0.01365983870959333,0.0596825396825397,1
2021-11-29 00:00:00+00:00,-0.7756610694969405,2.707306022275357,0.6940960089401873,-0.7615274835930145,-0.19736485330409428,-0.18577869748362924,-0.0209706411024566,0
2021-11-30 00:00:00+00:00,-0.7706261156541007,-1.2996198097869491,0.8636529140650233,-0.2788637092365398,-0.03657600294911784,-0.2691977838650086,-0.0382496940024479,0
2021-12-01 00:00:00+00:00,-0.8015978084042604,-2.8942134955672913,0.9478085656779767,-0.724755501462669,-0.16664182363006974,-0.3492578479152549,0.022271714922049,1
2021-12-02 00:00:00+00:00,-0.853455719614459,1.2614225587194257,0.7899346545507453,-0.9885455154068983,-0.3176040217156759,0.3644872073075782,-0.0448179271708684,0
2021-12-03 00:00:00+00:00,-0.744130637780807,-2.8776385608928234,1.0318284504923607,-0.12005623459854191,-0.19179340458143054,0.21976757726667112,-0.0211795373085695,0
2021-12-06 00:00:00+00:00,-0.8135353040906718,-1.0328657721020529,1.8184424011159819,0.26757334493397633,-0.4074909948625833,0.9124261877955686,0.0795605858854859,1
2021-12-07 00:00:00+00:00,-0.8559899397662057,3.687407891914619,1.6239554604335737,-0.2711057355777726,-0.18666199324349453,0.08527705994622868,-0.0185013876040703,0
2021-12-08 00:00:00+00:00,-0.6633810500098041,-0.8860167256758132,-0.08430768609246153,-0.6781950747799356,-0.14093154860407847,-0.355089807535178,-0.0420986490732013,0
2021-12-09 00:00:00+00:00,-0.7192088021035461,-2.69591682893104,0.8613358543649711,-0.4332222559125982,-0.3474443418456206,-0.07128131200188668,-0.0095113151853066,0
2021-12-10 00:00:00+00:00,-0.7227946475877483,-1.2131188669263737,0.6093252358371198,-0.49852030343673986,-0.0977179764298095,-0.5388187359706016,-0.0675496688741721,0
2021-12-13 00:00:00+00:00,-0.8231693465429347,-4.44459541675276,1.6917934984128602,-0.1696842937934891,-0.31915356496227665,-0.13423197689009597,0.0063920454545454,1
2021-12-14 00:00:00+00:00,-0.8782747364027582,0.506942163541692,1.3909966372397868,-0.25710569509285436,-0.2405686138578103,0.1966902020692385,0.0748059280169373,1
2021-12-15 00:00:00+00:00,-1.120346445054522,3.8399286767322054,3.169980297121933,-0.3606000483205783,-0.665458044128605,1.2301785620264316,-0.0679579776756401,0
2021-12-16 00:00:00+00:00,-1.0688314903615717,-5.089970764836521,3.084049194018684,-0.23779094414911275,-0.3628590970406399,-0.0025524315979338387,-0.0207819654808031,0
2021-12-17 00:00:00+00:00,-0.9131509145941441,-1.101672568252242,1.0227993158481457,-0.379173331618326,0.054685505838844066,-0.3464514609367526,-0.0028776978417266,0
2021-12-20 00:00:00+00:00,-0.8848666429496936,0.07840951535949321,0.3166702284714148,-1.0918054573046103,-0.2467208120012104,0.16514250036166753,0.0487012987012986,1
2021-12-21 00:00:00+00:00,-0.9806353426784069,2.0412561630258117,1.537959154169662,-0.8390766084978809,-0.3098551733472053,0.09423843256322113,0.0113519091847265,1
2021-12-22 00:00:00+00:00,-0.8694231165695162,0.6487488659321528,0.349596992615829,-1.2968014609688172,-0.38916595796451575,0.056371222035790015,0.0081632653061225,1
2021-12-23 00:00:00+00:00,-0.7855307650255072,0.1725740251056641,-0.40648064237566517,-1.4541982438748122,-0.12988002942906057,-0.6942603174369598,0.0441970310391361,1
2021-12-27 00:00:00+00:00,-0.9212837527778353,2.3569119617917638,0.8727155616160406,-1.2734463765366064,-0.5118655423305029,0.4271367373541631,-0.0203554119547657,0
2021-12-28 00:00:00+00:00,-0.8120394339123731,-1.631117975591989,0.3147057346705582,-1.0259385181739178,-0.15000399802797587,-0.4317344337453416,-0.0105540897097625,0
2021-12-29 00:00:00+00:00,-0.7826967935472419,-0.746018970548054,0.07893449957985674,-1.2498401503910281,-0.37376885408392774,-0.06936462766936029,-0.0136666666666667,0
2021-12-30 00:00:00+00:00,-0.7325575505704294,-0.7907831279386908,-0.3206593077858531,-1.3230379238962016,-0.3652741352405082,-0.15309760536987246,-0.0060831361946603,0
2021-12-31 00:00:00+00:00,-0.6895213280836756,-0.4740866582207222,-0.6608623552906515,-1.4305934414512451,-0.32587193490489325,-0.3927307214251707,0.0241414484869091,1
2022-01-03 00:00:00+00:00,-0.7282691595890816,1.016845427572971,0.01748501858831192,-0.937937030456359,-0.2358851806662961,-0.39644037537300986,-0.0275564409030545,0
2022-01-04 00:00:00+00:00,-0.8111306714122092,-2.0929921803544977,1.5390045263681351,-0.22495820357609286,-0.4649417499100711,0.1363699851491386,-0.0576988733356093,0
2022-01-05 00:00:00+00:00,-0.7564357383744982,-3.5144447386215507,1.0931661445779732,-0.16630480868680747,-0.4698504440968944,0.2620818583764367,0.0210144927536231,1
2022-01-06 00:00:00+00:00,-0.7780109788621101,0.9996589013660011,0.752762435368583,-0.5015950516328678,-0.4422857934010498,0.23731064956648168,-0.0330021291696238,0
2022-01-07 00:00:00+00:00,-0.7188640424073584,-2.131972809991986,0.3557716333887009,-0.5411351234153366,-0.39875284118877624,-0.07285651305494596,0.0055045871559633,1
2022-01-10 00:00:00+00:00,-0.8638611241510311,0.5559013846165451,1.693273247132933,0.0600973145208043,-0.6055091460680757,0.9332903591023546,0.0153284671532847,1
2022-01-11 00:00:00+00:00,-0.7343943425429755,0.7983260885418271,0.3159522012478353,-0.46723635161493005,-0.43585699186862725,0.36081446562208336,0.00647016534867,1
2022-01-12 00:00:00+00:00,-0.6612339977960714,0.0807884523256298,-0.11260669413347536,-0.4851350658649756,-0.29264137376056126,-0.21959231407143875,-0.0510714285714285,0
2022-01-13 00:00:00+00:00,-0.7060914839898099,-3.6477444777260684,1.2378142815035829,0.5172306544067261,-0.27609118385132025,-0.027570723528767316,0.0139254798645089,1
2022-01-14 00:00:00+00:00,-0.607745007479637,0.941016028734542,-0.14335396558806773,-0.01923811566749805,-0.3975981597864204,0.4639431275522277,-0.038604305864885,0
2022-01-18 00:00:00+00:00,-0.5414181745160795,-1.8332040843177113,-0.38004559103064384,0.15986306230139144,-0.3553973118308615,0.10942216604236019,-0.032046332046332,0
2022-01-19 00:00:00+00:00,-0.6353733359779368,-2.2817114891926815,0.6933436943274658,0.5084571559226095,-0.3258024680981645,-0.03881804753320407,-0.0366972477064221,0
2022-01-20 00:00:00+00:00,-0.6230859846566175,-2.614972322259374,0.5253737378749012,0.448262738889005,-0.38368255704624554,0.09572452759211755,-0.0322981366459625,0
2022-01-21 00:00:00+00:00,-0.7393584290270849,-1.6290279388516888,1.575886389401176,1.4099187065764225,-0.24228872880481545,0.5605498751922791,0.0,0
2022-01-24 00:00:00+00:00,-0.9904238647326794,0.4691660390601046,3.591593147208552,2.0058133510307976,-0.5817935677785981,2.0818717309475994,-0.0449293966623877,0
2022-01-25 00:00:00+00:00,-0.7331739386671718,-2.0509526007080274,0.26893603257558274,0.9410461768345229,0.055896528435203555,0.3691838372307334,0.0201612903225805,1
2022-01-26 00:00:00+00:00,-0.9263528866038881,-0.03864479631808752,1.9321412042200201,1.236173184376961,0.21262084681500865,0.01096737085247892,-0.0364514712340798,0
2022-01-27 00:00:00+00:00,-0.974768238510444,-3.3935896264619547,2.11483004762238,0.7158536523726102,-0.23475292325652775,0.7019567984666142,0.0410209662716498,1
2022-01-28 00:00:00+00:00,-1.0082053208985924,2.018856014631999,1.3619726257522895,0.12168432415139406,-0.3338141808994819,1.1040020745698143,0.0722416812609456,1
2022-01-31 00:00:00+00:00,-1.0757126357530156,3.598306842463241,1.4548187161577188,-0.22636033092200064,-0.28058806602130326,0.7188091627402937,0.0061249489587587,1
2022-02-01 00:00:00+00:00,-0.9702617221194137,-0.3800260978007104,0.5995052290997915,-0.31146771541624774,0.05107658788679908,-0.20030454620182161,0.0243506493506493,1
2022-02-02 00:00:00+00:00,-0.9785770354687386,0.23302471401568312,0.7245494431708347,-0.26742890983438017,0.1924729910704192,-0.5735807399547014,-0.0511093502377179,0
2022-02-03 00:00:00+00:00,-0.929282509689266,-2.6205033759626923,0.25203569314002294,-0.6147935311196934,-0.40661879465701556,0.7603772230080708,0.0154488517745303,1
2022-02-04 00:00:00+00:00,-0.9282259176977333,0.7321545694648915,0.0037048155095258865,-0.8558570940392993,-0.28581364498523665,0.416900200136831,0.0168585526315789,1
2022-02-07 00:00:00+00:00,-0.9203240477482864,0.8004867598298248,-0.008861947074259687,-0.7788471250700738,-0.23283619571149794,0.3237376285041556,0.0153659522846745,1
2022-02-08 00:00:00+00:00,-0.9462408205944116,1.0277113204929385,0.47063193460986796,-0.6216200772982906,-0.4697606195393064,0.8744919678998374,0.0633213859020309,1
2022-02-09 00:00:00+00:00,-1.0182936878158912,3.012146057824943,1.1192880933520661,-0.4428811527646642,-0.23915771975840538,0.2838503228596497,-0.0329588014981273,0
2022-02-10 00:00:00+00:00,-0.9531662849891753,-1.6172337920366844,0.6395544601784529,-0.47971301343148287,-0.34350255483502223,0.4729123332501743,-0.0724244771494965,0
2022-02-11 00:00:00+00:00,-1.0728932743927317,-4.917140201484934,2.2709464881344745,-0.01415738940159714,-0.4542733342165903,0.4667950325894535,0.0133611691022965,1
2022-02-14 00:00:00+00:00,-1.0015849463383972,0.6026837277221274,0.578987866472535,-0.8734351125560798,-0.337434993722392,0.2558454261195065,0.091882983106716,1
2022-02-15 00:00:00+00:00,-1.204268021714549,4.359332314211055,2.4178363120160813,-0.3463514097281896,-0.279045964054876,0.30921164289609426,0.0003773584905661,1
2022-02-16 00:00:00+00:00,-1.0586390757714554,0.054662791876332634,1.0297581765815504,-0.3332936477181302,0.07783492818384713,-0.35210706626662797,-0.0754432289701999,0
2022-02-17 00:00:00+00:00,-1.1418338385053188,-4.158739357683406,1.82557078010951,-0.18094177911562545,-0.12587276012114257,0.02375870915406742,-0.0354957160342718,0
2022-02-18 00:00:00+00:00,-1.2105338145612574,-2.662770205357517,2.335235558377235,-0.2866295389888116,-0.13669068429598516,-0.07724532187503846,-0.0105752961082909,0
2022-02-22 00:00:00+00:00,-1.1212167825957833,-0.2818350128651302,1.1108550673047468,-0.8001756715672071,-0.2666172880919287,0.1299781127281951,-0.0427533133817871,0
2022-02-23 00:00:00+00:00,-1.1724204531575562,-3.332240476525093,1.9763427084968204,-0.7113008818423985,-0.3621781629109754,-0.07206811362682375,0.0607414024117909,1
2022-02-24 00:00:00+00:00,-1.4867180682548387,4.338943243998263,4.578364021293257,-0.3605914595964898,-1.5878664529221111,3.4640631164148017,0.0172631578947368,1
2022-02-25 00:00:00+00:00,-1.1019447177936235,0.8935732594911722,0.664476495186694,-1.15375019707902,-0.20901589880478752,-0.33198345100738913,0.0095198675496688,1
2022-02-28 00:00:00+00:00,-1.0905875491589518,0.5419571984665013,0.6343880172541124,-1.234445117657874,-0.33421493660148255,-0.07405441042569746,-0.037310373103731,0
2022-03-01 00:00:00+00:00,-1.0482499199454232,-2.378782368611999,0.6226945264175308,-1.1738441312514498,-0.40114142089135857,-0.05959399684156309,0.0315161839863713,1
2022-03-02 00:00:00+00:00,-1.0647212925903502,1.4041175853939143,0.561056894303073,-1.3640707287382488,-0.3952518952976971,-0.10357166217408752,-0.0210569777043764,0
2022-03-03 00:00:00+00:00,-0.9798672450120188,-1.4270125200570278,0.04580194046826039,-1.3624066186573653,-0.33617448515873555,-0.44562656205658496,-0.0324757486292703,0
2022-03-04 00:00:00+00:00,-1.0314298483992947,-1.8736442542506095,0.6802076320260161,-1.047613243347091,-0.49380306768484233,0.13281752950869236,-0.0693112467306015,0
2022-03-07 00:00:00+00:00,-1.1116061182306978,-4.441769341124472,1.5165589727828412,-0.9608878674585872,-0.6497892442983102,0.19265197651645494,0.0074941451990633,1
2022-03-08 00:00:00+00:00,-1.2287346971937159,0.05941000094629186,2.202986514398346,-0.7571608132180567,-0.6712772456176043,0.6823172951801718,0.0697350069735007,1
2022-03-09 00:00:00+00:00,-1.179523701728172,2.9622806246556013,1.1255042941945201,-1.2981246230139485,-0.21999455962786393,-0.6652650832299558,-0.0152107779226423,0
2022-03-10 00:00:00+00:00,-1.0880449945415116,-0.6244881718897806,0.45398219668242046,-1.320537677433916,-0.48818801983057425,0.08981715890747202,-0.024713150926743,0
2022-03-11 00:00:00+00:00,-1.0681130174685642,-2.0210877163704195,0.48952796286473377,-1.3692912541640783,-0.3786140716180231,-0.49689394782358176,-0.0348416289592761,0
2022-03-14 00:00:00+00:00,-1.0474154573752972,-2.0845449601828814,0.5232594569556641,-1.1580585627943445,-0.5391511856722643,0.06918857416401406,0.0768870135958743,1
2022-03-15 00:00:00+00:00,-1.2657740716498826,3.8784687206371267,2.3239898735129048,-1.0301138570964772,-0.8874022781228356,0.9548679298456743,0.0666086199390509,1
2022-03-16 00:00:00+00:00,-1.1852003123969286,3.0805854783088575,2.009784676816196,-0.39204244026584,-0.2902484881366287,-0.0775078732812778,0.0110204081632652,1
2022-03-17 00:00:00+00:00,-1.0364603112599151,0.8352467571234296,0.6074557168916576,-1.029622731810556,-0.509590109015834,0.04707754728765644,0.0678239806217197,1
2022-03-18 00:00:00+00:00,-1.1903939415254905,3.550175685365234,2.7441943306823204,-0.015337672197729081,-0.5785679615038525,0.7194719968106927,0.0105860113421549,1
2022-03-21 00:00:00+00:00,-0.9849181704995864,0.38449021483736445,1.0299347588664667,-0.4198763001746842,-0.26143075082140627,-0.3429023895706123,-0.0078563411896745,0
2022-03-22 00:00:00+00:00,-0.9425213769335947,-0.6508378800616769,0.8219753471458785,-0.5224366672904867,-0.2958311589677318,-0.39773452268298287,-0.0335595776772247,0
2022-03-23 00:00:00+00:00,-0.8940943177287584,-1.8409779542869122,0.45128388387225254,-0.6274532488826363,-0.3564820153225305,-0.30854739401172215,0.0983222785797892,1
2022-03-24 00:00:00+00:00,-1.2090282639130936,4.7680838237736065,3.7342709458133108,0.48759980749102827,-0.47644789483229777,0.5207129752285871,-0.0163410301953818,0
2022-03-25 00:00:00+00:00,-0.9329540561498151,-0.9327477483774884,0.8067607111915356,-0.6155373758783016,-0.28372083117441654,-0.5129249349463264,0.0191404839292161,1
2022-03-28 00:00:00+00:00,-0.9291637842206234,0.9182758932186005,0.5289471356262856,-1.1521225089948939,-0.4719133152363886,-0.2843610512386619,0.0155917788802268,1
2022-03-29 00:00:00+00:00,-0.900375209809199,0.4215736538138461,0.47691394419348726,-0.8904455708107823,-0.18873799922261564,-0.7587857626568704,-0.0338450802512211,0
2022-03-30 00:00:00+00:00,-0.8757254856621229,-1.8847965056282525,0.2906899737477045,-0.9971167138676165,-0.3450835532769333,-0.46680843737375544,-0.0144456482484652,0
2022-03-31 00:00:00+00:00,-0.9058369269154033,-1.0657386620844715,0.4907752020840717,-0.8395919337657293,-0.16705422825360905,-0.7116533569971474,-0.0212532063026749,0
2022-04-01 00:00:00+00:00,-0.934554532291434,-1.5313313663809478,0.7573080139817039,-0.8044815539241877,-0.24390371619235576,-0.4809145977927946,0.0243354548858105,1
2022-04-04 00:00:00+00:00,-0.9012934170398411,1.2828135875600297,0.19177235027729342,-1.071084603676251,-0.3317716962032795,0.027367595313812776,-0.052266081871345,0
2022-04-05 00:00:00+00:00,-0.9097436221489846,-3.2964092282796886,0.7531608210882167,-0.8650843244467482,-0.44672694419927605,-0.1471868326433433,-0.0586193598148861,0
2022-04-06 00:00:00+00:00,-0.9677779089722792,-2.921862001297067,1.2752518544614364,-0.14279167371606669,-0.2822421666131025,0.0462602984693125,-0.0081933633756656,0
2022-04-07 00:00:00+00:00,-1.0006767038996065,-0.7462404105048306,1.0500037116638516,-0.6518485954985154,-0.2554218977288235,-0.1899803395212288,-0.0450227178851714,0
2022-04-08 00:00:00+00:00,-0.9565171934090505,-2.575554312427562,0.3237791118116872,-0.8709031422161355,-0.14572848917246095,-0.5444194024498509,-0.0519031141868512,0
2022-04-11 00:00:00+00:00,-0.9899739441962349,-2.3610482851188883,0.2371498778569341,-0.8663567735654648,-0.19772036550957764,-0.2558601750128389,-0.0191605839416059,0
2022-04-12 00:00:00+00:00,-1.1135338503299623,-2.0488234550140545,1.6213510327668985,-0.2827133979760012,0.018628730238431934,-0.49628578658187805,0.0325581395348837,1
2022-04-13 00:00:00+00:00,-1.0817384941832717,1.4642133850396362,0.860067341702883,-0.7328294568565997,-0.17857092921588397,0.09648560410796797,-0.0423423423423422,0
2022-04-14 00:00:00+00:00,-1.1174346719713173,-3.172350054130201,1.5461090318202728,-0.41538940673021946,-0.21852338179073444,0.015757718037722367,0.024459078080903,1
2022-04-18 00:00:00+00:00,-1.0690947087654565,1.300376952854078,0.7436798901132582,-0.5683778337886248,-0.21244680995343274,0.36407768922151534,0.0192837465564736,1
2022-04-19 00:00:00+00:00,-1.0637425320506253,0.9874263730395024,0.7477098179207816,-0.5912447651550576,-0.24851024880285805,0.3470695020115974,-0.0324324324324324,0
2022-04-20 00:00:00+00:00,-1.0572490157002281,-2.5473697093517247,1.0340541897081157,-0.5529584368928308,-0.2832114489196724,0.07066598487239988,-0.0605214152700186,0
2022-04-21 00:00:00+00:00,-1.234637682906937,-4.456657990540032,3.0729976139301556,0.15306599792728942,-0.5688562218868993,0.8521199996827878,-0.0327056491575817,0
2022-04-22 00:00:00+00:00,-0.9805378145649125,-2.2650690038908707,0.5233691203376086,0.24853814135957034,0.18712143465148443,-0.18191310858177723,0.0194672131147539,1
2022-04-25 00:00:00+00:00,-1.0524297153775208,1.3475161072214443,0.6828984873326465,0.10001260011593603,-0.041953102156336484,0.5370256472897293,-0.0557788944723618,0
2022-04-26 00:00:00+00:00,-1.0541455759695215,-3.394801107340176,0.804810374739763,0.24669840814408744,0.08087582437470378,0.11484658880362525,-0.0202235231506119,0
2022-04-27 00:00:00+00:00,-1.0510930908051834,-1.1705298088977607,0.20982690731092785,-0.25720602505236745,-0.05860054071317402,0.4285959469260809,0.0744160782183596,1
2022-04-28 00:00:00+00:00,-1.2912630303966195,3.256365159050711,2.1277428396417024,-0.3301169469297474,-0.3763281444322947,0.8102108245153139,-0.0621840242669363,0
2022-04-29 00:00:00+00:00,-1.2103524526554827,-3.7526298546238506,1.6237367178628914,-0.46360579672112395,-0.6079795907438905,0.9515902744079244,0.0528301886792452,1
2022-05-02 00:00:00+00:00,-1.2843208690354886,2.8036331481842973,1.6404929366808603,-0.6563724767128462,-0.4703493425207082,0.7161755805212281,0.0035842293906809,1
2022-05-03 00:00:00+00:00,-1.1524880441324203,0.21806750017576332,0.2432376177725699,-0.9739083550521492,-0.18885815800835942,-0.05172630963428111,0.0372448979591835,1
2022-05-04 00:00:00+00:00,-1.3525988436296155,1.3991602354577857,2.368274669605625,-0.3693412740202518,-0.38003793587198886,0.638022416125651,-0.0732907033939989,0
2022-05-05 00:00:00+00:00,-1.2447653576526039,-4.29904212292899,1.616904693626433,-0.4009221976057089,-0.3877551337644625,0.35871124355500406,-0.0084925690021231,0
2022-05-06 00:00:00+00:00,-1.3357193759133918,-0.813401812373322,2.16301221847597,-0.4371850633396855,-0.4737238852595685,0.6993972313563775,-0.0926124197002141,0
2022-05-09 00:00:00+00:00,-1.3196933852765693,-5.284897011188225,1.955806981333788,-0.5306287807762646,-0.5476156845416009,0.5187187451531354,0.0377581120943952,1
2022-05-10 00:00:00+00:00,-1.4058261265740881,0.927698681827548,2.2457097554079533,-0.4122198852490151,0.029028324263288472,-0.6088158733984523,-0.0545764638999431,0
2022-05-11 00:00:00+00:00,-1.3649907933029468,-3.3366774657072376,1.80012183058364,-0.6630976145485717,-0.3339979475594863,0.013452592308368028,-0.0270595309681298,0
2022-05-12 00:00:00+00:00,-1.4398159283367589,-1.473449287116824,2.1610114272043277,-0.574125505977359,-0.4493399650262583,0.6364494059219162,0.0945611866501854,1
2022-05-13 00:00:00+00:00,-1.5831689750108162,4.217807409521938,2.8559688021279626,-1.045409007185214,-0.44095294775900407,0.2009990700073008,-0.0254093732354601,0
2022-05-16 00:00:00+00:00,-1.3593189136817336,-1.4545411014149745,0.6866522042450817,-1.4976388793515112,-0.2573890856408322,-0.4558379129527149,0.0533024333719582,1
2022-05-17 00:00:00+00:00,-1.4373021630045981,1.8941557516040115,1.258450717435555,-1.4374806850113757,0.012785819485231725,-1.1466596477720856,-0.068206820682068,0
2022-05-18 00:00:00+00:00,-1.4703076301383704,-3.932901296828903,1.8286939509528122,-1.4376406580760241,-0.6588556675111846,0.23803826889040813,0.0106257378984651,1
2022-05-19 00:00:00+00:00,-1.4814362776045515,0.32534550662508344,1.7270771085736836,-1.3073485660852584,-0.36708385642732366,-0.15459285125687006,-0.0251168224299065,0
2022-05-20 00:00:00+00:00,-1.589738331725083,-2.3011656352348546,3.189345012952635,-0.7633455333234344,-0.49742307487796,0.1950838592118104,0.0125823846614738,1
2022-05-23 00:00:00+00:00,-1.4776318552601824,1.0809978856505473,1.369307170360598,-1.3535641928467577,-0.3905362337371471,0.12797972273178715,-0.044378698224852,0
2022-05-24 00:00:00+00:00,-1.4295624309345385,-2.411659831849453,1.1605415265132322,-1.3420359486826188,-0.34986241526155054,-0.1917971730559828,0.0513931888544891,1
2022-05-25 00:00:00+00:00,-1.6232939789089251,2.8252356162891212,2.6275889118317814,-1.0059941689354952,-0.44211753312025326,0.45670619747174623,0.0512367491166079,1
2022-05-26 00:00:00+00:00,-1.8505934097136594,3.6457690921553927,4.812316308012851,-0.33539658959134766,-1.0850937177814322,2.750408618006004,0.0537815126050418,1
2022-05-27 00:00:00+00:00,-1.568844210063955,2.5033249077110336,1.5451757926479126,-1.2581673379699296,0.13899913601495284,-0.5383439069271294,-0.0074428495481125,0
2022-05-31 00:00:00+00:00,-1.5083409165602644,-0.8658593915203165,1.1458845739850867,-1.315859877444939,0.15443633692810912,-0.6026467807922002,-0.018746652383503,0
2022-06-01 00:00:00+00:00,-1.510642754753505,-1.4326025457658105,1.0452253676336176,-1.6087240227252166,-0.031814773698346725,-0.2826873936905887,0.0693231441048034,1
2022-06-02 00:00:00+00:00,-1.6879991982871576,3.6691953009817917,2.5852511757207606,-1.4604499488981124,-0.48177025005643365,0.978715343836835,-0.0444104134762634,0
2022-06-03 00:00:00+00:00,-1.4665248288640254,-2.307242795688914,0.7966355852078159,-1.4934739669309764,-0.0433133654012058,-0.1267442907996154,0.0037393162393162,1
2022-06-06 00:00:00+00:00,-1.4518021790648334,-0.46369015321367946,0.5833494298355935,-1.907739456246055,-0.0004962877634724079,-0.6143221838392987,0.0074507716870675,1
2022-06-07 00:00:00+00:00,-1.4113950501595263,0.6088705871962254,0.45448478359153427,-1.7107629335282095,-0.28647225774773105,0.5526240853044035,-0.0147913365029055,0
2022-06-08 00:00:00+00:00,-1.3114324439178366,-0.8749269735136476,-0.04968716299055853,-1.683110424011274,-0.14280380921901978,-0.08888909022081849,-0.0321715817694369,0
2022-06-09 00:00:00+00:00,-1.3091719365810504,-1.9482900532817453,0.3871579704928558,-1.3928724121409701,-0.26297092476440376,0.15698113414667825,-0.0598337950138505,0
2022-06-10 00:00:00+00:00,-1.2916516803637175,-3.2766496310844473,0.47679558041163295,-1.2377016860341281,-0.31725239389328264,0.053757094661110096,-0.0777843252799056,0
2022-06-13 00:00:00+00:00,-1.285615330439439,-3.644065166031922,0.5412785109304322,-0.7947484935688538,-0.3004912301704153,0.3605742650126687,0.0121405750798722,1
2022-06-14 00:00:00+00:00,-1.3319722832605698,0.41564056643987635,0.544997927132624,-1.2086768316159482,-0.19333376133684432,-0.11404338930216942,0.0435606060606061,1
2022-06-15 00:00:00+00:00,-1.4121342275624134,1.919764739558363,1.407318491113714,-0.8666538365034061,-0.24631807186773755,0.1957486455751776,-0.0562613430127042,0
2022-06-16 00:00:00+00:00,-1.2679207702334012,-2.6264235629003583,0.0985610204667596,-0.9060081258183902,-0.1686424458613035,0.05918290634189824,0.0179487179487181,1
2022-06-17 00:00:00+00:00,-1.3580181294228966,0.8007611723578854,0.8697579467703936,-0.6866902933032459,-0.015687189951521487,-0.1949237089469361,0.0434508816120906,1
2022-06-21 00:00:00+00:00,-1.3178409416318437,1.5739727390859455,0.4903835803370333,-1.1078447636297515,0.009191248200969076,-0.7323616620651033,-0.0126735063367532,0
2022-06-22 00:00:00+00:00,-1.247803600602158,-0.4099939310117089,-0.03828290620524018,-1.2286475998409703,-0.30452445580446924,-0.05942597724108399,-0.0079462102689485,0
2022-06-23 00:00:00+00:00,-1.267039347847875,-0.8780729628709527,0.5000178753592833,-0.9606400803139826,-0.22267328092549457,-0.29866043434341744,0.0554528650646948,1
2022-06-24 00:00:00+00:00,-1.3097979916025915,2.646525212895179,1.0019682312122966,-0.937695629609009,-0.4177324098275926,0.12308131576919888,-0.0151780502043198,0
2022-06-27 00:00:00+00:00,-1.1456864001840146,-1.2847081565555358,0.2350197811216515,-0.817913287039697,-0.31439052292956116,-0.4875728261176181,-0.0527563722584469,0
2022-06-28 00:00:00+00:00,-1.1984630303536827,-3.5604701708043778,1.3700466800195903,-0.41689147508199736,-0.6723524767556853,0.2260440241379585,-0.0275344180225282,0
2022-06-29 00:00:00+00:00,-1.1152701610328766,-1.570210298663489,0.37477447559818117,-0.5120382582875297,-0.4407960251638821,-0.2601174627583148,-0.0244530244530244,0
2022-06-30 00:00:00+00:00,-1.1743592148113353,-1.3978702068679763,1.0759596640662237,0.14409944673622652,-0.21974873224457078,-0.3990569198515639,-0.0422163588390501,0
2022-07-01 00:00:00+00:00,-1.1207016838014856,-2.3291177376109027,0.5425951796114068,0.005268030286703295,-0.2818446895013219,-0.15910027581928185,0.0303030303030304,1
2022-07-05 00:00:00+00:00,-1.2741708007800094,2.0247664443075655,1.7193448754903822,0.1732538318116757,-0.6175091205787346,0.9220579436641617,0.0113636363636364,1
2022-07-06 00:00:00+00:00,-1.1590688474082165,0.4751714242950696,0.32198269841908944,-0.3283535468560628,-0.21065606508810897,-0.3354397565356294,0.0482485128883012,1
2022-07-07 00:00:00+00:00,-1.2096603678968068,2.2112952532607384,0.48591982937261197,-0.6002735525657119,-0.24751596243565802,-0.4151992724117418,-0.0012610340479192,0
2022-07-08 00:00:00+00:00,-1.2098957767622494,0.3605609172882167,0.43329536806648994,-0.6833065297828179,-0.5783963367746794,0.4519179502451406,-0.043560606060606,0
2022-07-11 00:00:00+00:00,-1.1382620120701112,-2.2837531270558364,-0.19512725158755767,-0.789510739852219,-0.3464645636351385,-0.29986934185994363,-0.0046204620462045,0
2022-07-12 00:00:00+00:00,-1.1653587846427171,-0.5723993410834132,0.09069881134100977,-0.614700788331812,-0.21500777849327293,-0.4168358486801181,0.0053050397877985,1
2022-07-13 00:00:00+00:00,-1.240724238670194,0.7666831530112276,1.0630914218133403,-0.12608922704189868,-0.6624464995706163,1.2545935004922284,0.0138522427440632,1
2022-07-14 00:00:00+00:00,-1.1873994917242996,0.6919763414230823,0.45474344371650527,-0.36522889686999016,-0.4016113447042643,0.437972308608244,0.0253741054001301,1
2022-07-15 00:00:00+00:00,-1.071970282456481,1.0567198845188368,-0.66571439553605,-0.6066870686273037,-0.061183784085367926,-0.511876387941914,0.0215736040609137,1
2022-07-18 00:00:00+00:00,-1.1828240110232273,0.3051945811519094,1.0909623144587637,0.5909372301143745,0.13346097156456288,-0.3563987049022152,0.0552795031055899,1
2022-07-19 00:00:00+00:00,-1.2408861509564948,2.4557468674219636,1.4385945965412696,0.5121699655769236,-0.01698364715348755,0.030093844717418723,0.0482636845203061,1
2022-07-20 00:00:00+00:00,-1.2975431742909171,2.5861120831283175,1.8555337210494465,0.6020278263631254,-0.19210027215301448,0.7284849011071383,0.0134755755193711,1
2022-07-21 00:00:00+00:00,-1.143470173040736,0.595352696154926,0.07193544981958995,-0.14590372568274404,0.06275655955772082,-0.18199578160919552,-0.0404432132963988,0
2022-07-22 00:00:00+00:00,-1.151543039305138,-2.4088488895168854,0.3120305991602909,-0.1905846666306626,-0.10844623992988366,-0.0019981944834564936,-0.0173210161662817,0
2022-07-25 00:00:00+00:00,-1.0997863370344805,-0.7179576925955142,-0.43890735876172965,-0.3945879860173096,-0.03979731437166125,0.044344207643925375,-0.0287896592244417,0
2022-07-26 00:00:00+00:00,-1.0739525983577678,-1.6046739537351657,-0.7385359207086162,-0.6485423204073094,-0.042592014292254524,-0.19924753514769403,0.0762250453720507,1
2022-07-27 00:00:00+00:00,-1.2938181356174716,3.4979471684965793,1.3248056649797397,-0.16911724334744455,-0.17555238759103212,0.3715407170383925,0.0106801573917931,1
2022-07-28 00:00:00+00:00,-1.1576246831635078,0.2580685445665894,0.07843597109358551,-0.4396510856186644,-0.04188334482838866,-0.06875418717726764,0.0100111234705226,1
2022-07-29 00:00:00+00:00,-1.1041889203265698,0.7122682755241532,-0.28856475769743606,-0.5222167785483564,-0.17299567860450685,0.22366569883764034,0.0154185022026431,1
2022-08-01 00:00:00+00:00,-1.122931568109715,0.7036405131059412,0.2928329139938794,-0.1700384765180247,-0.19088318171122204,0.4518730178265895,0.0048806941431669,1
2022-08-02 00:00:00+00:00,-1.0980012450620655,0.4970556374329697,0.28146518650877894,-0.08929723925907126,-0.3009192549996158,0.7276252114511255,0.0194279546681057,1
2022-08-03 00:00:00+00:00,-1.0865283254663696,1.4029818346224594,0.13877820750032357,-0.32866097914827214,-0.44591890138380663,0.9500678568276897,0.0169401799894124,1
2022-08-04 00:00:00+00:00,-0.9963905560674521,0.9921478469280743,-0.5735912443544959,-0.32739700625218526,-0.10870691572402996,0.1474972273670206,-0.0114523685580427,0
2022-08-05 00:00:00+00:00,-0.9738960401532337,-0.2908077973876512,-0.6399969703226854,-0.3782748599895098,-0.2605085807165183,0.4044216581365858,-0.0631911532385465,0
2022-08-08 00:00:00+00:00,-1.1593983335580982,-2.284550333089977,1.596302641331343,1.3761841301678173,-0.07520101897427012,1.0057413449559485,-0.0393479482855536,0
2022-08-09 00:00:00+00:00,-1.1232693846165298,-1.8472955166720286,0.4536376460548851,0.20964357800189645,-0.013467888086996827,0.21187916878786003,0.0590988882387362,1
2022-08-10 00:00:00+00:00,-1.2102364466977424,2.487239398890894,0.8390995345564235,-0.16480406044260065,0.09531003003996898,-0.3012214503006108,-0.0088397790055249,0
2022-08-11 00:00:00+00:00,-1.162997118614261,-0.7462516536808853,0.3864652464566642,-0.4078770911429224,-0.1139097861483248,0.03878812503781482,0.0429208472686732,1
2022-08-12 00:00:00+00:00,-1.2047588873844872,2.0779592396883917,0.4371457359007926,-0.631170213801818,-0.15304672489803478,0.17200766757984692,0.017103153393907,1
2022-08-15 00:00:00+00:00,-1.1195331181064976,0.932320346785772,-0.14145163757934126,-0.6791069649763737,-0.10614382851695181,-0.07013344662944727,-0.0078822911192854,0
2022-08-16 00:00:00+00:00,-1.0702413673911515,-0.4498826386195572,-0.1631460266646124,-0.5193148220059102,-0.1469385405119079,-0.021371636204592342,-0.0286016949152542,0
2022-08-17 00:00:00+00:00,-1.0087222049433173,-1.3673289855123465,-0.40680942444569,-0.4321310927885576,-0.19215958588648918,-0.018635477453787075,0.0234460196292256,1
2022-08-18 00:00:00+00:00,-1.0579747010316567,1.3038714767624977,0.019660225479513568,-0.5341309701372597,-0.3429875791069541,0.25541960283809684,-0.0490143846563664,0
2022-08-19 00:00:00+00:00,-1.0080782713043628,-2.6650109766337415,-0.0741729240407941,-0.3625993454813939,-0.334502205108883,0.04113234308035569,-0.0459383753501401,0
2022-08-22 00:00:00+00:00,-0.9981335658810058,-2.416076408876697,-0.3259545362889486,-0.5637509061960851,-0.360306711574867,-0.10387008269183372,0.0088079859072225,1
2022-08-23 00:00:00+00:00,-1.0222646406356797,0.49487534222373675,-0.3765889044675918,-0.7311400817142469,-0.3514150211886026,-0.0732812367958163,0.0023282887077997,1
2022-08-24 00:00:00+00:00,-1.0057920726487797,0.278051782392847,-0.11371529943699955,0.024725524704134794,-0.11363745420163052,-0.02136331328181607,0.0400696864111498,1
2022-08-25 00:00:00+00:00,-1.214318585534128,2.5711130934000517,1.8919390994046232,0.7725862732458708,-0.33270474988798016,1.036463522233584,-0.0921273031825794,0
2022-08-26 00:00:00+00:00,-1.2683058867896724,-5.998926348810103,2.6662300677040847,0.6894608347327408,-0.3761832719762375,0.2491233002057423,-0.028290282902829,0
2022-08-29 00:00:00+00:00,-1.1247117219998866,-1.4922823017304099,0.09669013687631958,-0.5658974027571186,-0.24633279035384587,-0.19065972056066693,-0.020886075949367,0
2022-08-30 00:00:00+00:00,-1.1926709227417525,-1.6968656763928907,0.835142798817055,-0.3623931305245803,-0.24289898213005962,-0.2303964445849101,-0.0245636716224951,0
2022-08-31 00:00:00+00:00,-1.1693433095758692,-1.4758961191364686,0.3291809939901126,-0.3279222519487058,-0.07888127148353036,-0.3732054197332226,-0.076209410205434,0
2022-09-01 00:00:00+00:00,-1.4233786530240793,-3.724181004226207,2.9196805711840557,1.306689738446666,-0.021284994790954997,0.5302630823068046,-0.0208034433285508,0
2022-09-02 00:00:00+00:00,-1.3374839554929234,-1.6519916473115008,0.8150957715665235,-0.20503367368008402,0.30956376465602514,-0.7796874018851118,-0.0139194139194138,0
2022-09-06 00:00:00+00:00,-1.2547151812985187,-1.0577477758753817,0.018842196225906604,-0.661955424674539,0.08947679966297532,-0.5743695019193026,0.0185735512630014,1
2022-09-07 00:00:00+00:00,-1.2922373938014264,0.7933178469687181,0.2991850847884125,-0.7219122032029491,-0.0857103891096263,-0.21768904450312476,0.0204230488694383,1
2022-09-08 00:00:00+00:00,-1.3369287542427084,1.414504808559895,0.8574453838475271,-0.24891623172381977,-0.20795094194879862,0.5796848063210733,0.028591851322373,1
2022-09-09 00:00:00+00:00,-1.2552917655231948,1.352605523096828,-0.18994259187037532,-0.7797737968369203,0.05918256930943347,-0.44480582843160155,0.0083391243919388,1
2022-09-12 00:00:00+00:00,-1.2295341848363834,0.4635729576583013,-0.33979719147654475,-0.6846492897354662,0.04261160594247401,-0.23990802301508407,-0.0951068228807717,0
2022-09-13 00:00:00+00:00,-1.3430528639407278,-4.992772283771058,1.12558842355557,-0.0489179793112872,-0.2430223077840987,0.3812141343279697,0.0,0
2022-09-14 00:00:00+00:00,-1.321875279954651,-0.29337115364223043,0.13266695604993564,-0.6505243275377087,0.17756342673663555,-0.6861105131296958,-0.0152322924600153,0
2022-09-15 00:00:00+00:00,-1.338894016016777,-0.8507241603993324,0.10433993804787196,-0.8295694730971964,-0.034446128637659015,-0.20415436345284313,0.0208816705336427,1
2022-09-16 00:00:00+00:00,-1.4550722124633768,1.3550117564764526,0.9906898733680308,-0.47468054038158214,-0.09359214137334046,0.37966903250364037,0.0136363636363636,1
2022-09-19 00:00:00+00:00,-1.4193225516508268,0.9891354370640005,0.3343741125632773,-0.8126266634494228,-0.03792589678579772,0.18723567897147922,-0.0149476831091182,0
2022-09-20 00:00:00+00:00,-1.3854225322915656,-0.7281202854009508,-0.030976566407009767,-0.891187885890067,0.06235604424753128,-0.061352819634160824,0.0060698027314112,1
2022-09-21 00:00:00+00:00,-1.5780932255282787,-0.043792063690346245,1.8939495286092498,-0.07842133198286139,0.08895593100163353,0.42137536564960715,-0.0527903469079938,0
2022-09-22 00:00:00+00:00,-1.5164360944710071,-3.1203099704226207,1.082980985669076,-0.3076150824755383,0.2173845463149867,0.020478614238611446,-0.0031847133757962,0
2022-09-23 00:00:00+00:00,-1.4521554653231556,-0.041599287684772876,0.09753252192331267,-0.6099966330785628,0.35400474299341816,-0.15286259145689757,-0.0231629392971245,0
2022-09-26 00:00:00+00:00,-1.3907349412816394,-1.4561749556481989,-0.15066436181735682,-0.5439506708127301,0.3278943076922688,-0.01426854635509477,0.0147179067865903,1
2022-09-27 00:00:00+00:00,-1.4360150272201637,0.22567930038503026,0.10860230230843032,-0.5686039428392833,0.4049837987158914,-0.20520036349585616,0.0265914585012088,1
2022-09-28 00:00:00+00:00,-1.4670706816217605,1.4169144232324804,0.18240328969201094,-0.7027472170206157,0.181409767921679,0.34736673996880835,-0.0408163265306121,0
2022-09-29 00:00:00+00:00,-1.4350620765187139,-2.1319002882157987,0.1186576295947954,-0.6583111858781655,0.06956463438099639,0.43220232525449676,-0.0065466448445171,0
2022-09-30 00:00:00+00:00,-1.3867184931692822,-0.34293371703630576,0.2782090725794815,-0.2532878554517168,0.07805843730819563,0.5292680999313782,0.0304777594728171,1
2022-10-03 00:00:00+00:00,-1.3959304329701605,1.2254891115864919,0.4227878445745688,-0.31912843073844055,0.12782264336680835,0.18879964035059152,0.0527577937649881,1
2022-10-04 00:00:00+00:00,-1.3745643768770672,2.3634007939191424,0.012644834705950148,-0.43874156573115736,0.3793464608924183,-0.508316324423657,0.0030372057706911,1
2022-10-05 00:00:00+00:00,-1.4226527809665748,0.37869224897392023,0.5893134432082319,-0.5254089566259231,-0.2530307400269426,0.9591724779069325,-0.0060560181680544,0
2022-10-06 00:00:00+00:00,-1.377146323470751,-0.5425204728114515,0.41309777323464486,-0.1287067892438217,0.21708100791133128,-0.0211238699880228,-0.07996953541508,0
2022-10-07 00:00:00+00:00,-1.408934202801009,-4.038956384765635,0.6479765892542805,-0.1985413072629419,-0.09504223485749809,0.5071148863232672,-0.0339403973509934,0
2022-10-10 00:00:00+00:00,-1.4849704434160327,-2.2328027710381564,1.1160192593029816,-0.1654711418841036,0.09519024092389432,0.11665240509307416,-0.0068551842330762,0
2022-10-11 00:00:00+00:00,-1.4308799576180946,-0.40722108122752076,0.5664401072745578,0.006277235010536782,0.20730536838492067,0.4751115955811769,-0.0077653149266608,0
2022-10-12 00:00:00+00:00,-1.3577055966056564,-0.5458440373540245,-0.37598574055370604,-0.5080974495976763,0.24244571047845942,0.0932264469953744,0.04,1
2022-10-13 00:00:00+00:00,-1.735538545611536,2.8582080362497653,3.307614845182782,0.49778364462599606,-0.667578875239775,2.977242107450716,-0.0610367892976588,0
2022-10-14 00:00:00+00:00,-1.5271144836645436,-4.2090022901489546,1.5148698202301483,0.10671278277041367,0.14351768366672232,0.25626540405315623,0.0587711487088156,1
2022-10-17 00:00:00+00:00,-1.5219482253275831,2.713826512423046,0.4745566551977187,-0.7105394685674892,0.2509611392395096,-0.1349347246093956,0.0067283431455005,1
2022-10-18 00:00:00+00:00,-1.5894739492899383,-0.7609573547955607,1.5562220994303047,-0.30109803579081046,0.18135548011340108,-0.013459989509224501,0.0066833751044277,1
2022-10-19 00:00:00+00:00,-1.4882004911018785,0.37259822771237516,0.3778702692828126,-0.7838384878595239,-0.03478559509491874,0.3828466085036158,0.0116182572614107,1
2022-10-20 00:00:00+00:00,-1.50555901623741,0.32794804750652184,0.9623578317982119,-0.2609241916530529,0.09389980495760818,0.29879170790119586,0.0229696472518459,1
2022-10-21 00:00:00+00:00,-1.5012933193813645,1.295354901310595,0.8080758831915763,-0.4395250398645218,-0.04312025506669731,0.589869754443032,0.0104250200481152,1
2022-10-24 00:00:00+00:00,-1.4739140479992512,0.3121902576868347,0.5969113356728667,-0.6279896549226547,-0.051461530567887756,0.43163513239443385,0.0523809523809524,1
2022-10-25 00:00:00+00:00,-1.5088707819803608,2.684556502473662,0.7617864764283925,-0.7969871058636082,-0.15748410127047635,0.5923717800223095,-0.0271493212669682,0
2022-10-26 00:00:00+00:00,-1.4585738288338037,-1.213510095447343,0.596148728955318,-0.656568412679843,-0.24845385751013013,0.762718309556898,0.021705426356589,1
2022-10-27 00:00:00+00:00,-1.4640942259133123,-0.15356678625225248,0.8228968365123195,-0.4215944381610999,0.34310332689959805,-0.6558496561063055,0.0493171471927162,1
2022-10-28 00:00:00+00:00,-1.5328174253848137,2.7499025641314083,1.1263244883343662,-0.747083902713752,-0.34064943277929577,1.0641165563391943,-0.0238611713665943,0
2022-10-31 00:00:00+00:00,-1.38908891879934,-1.4977921381881603,0.0394069598310473,-0.817585727507363,0.019347205845821683,-0.060125752032077116,0.0029629629629628,1
2022-11-01 00:00:00+00:00,-1.3396105958718991,-0.40858182545108174,-0.36960844747147836,-0.8911698007490627,0.20875803926742334,-0.5287961954329822,-0.0236336779911372,0
2022-11-02 00:00:00+00:00,-1.4873548406775858,-2.2462341357850515,1.5531671469855914,-0.054632073327790465,0.06640742366461286,0.061455264306854454,0.0151285930408471,1
2022-11-03 00:00:00+00:00,-1.4791902051868928,0.8995572056033946,1.007557521669693,-0.6646659227807213,-0.37921247463877045,1.0606124912347243,0.0551415797317436,1
2022-11-04 00:00:00+00:00,-1.3841125132264855,2.1601986531275053,0.38466240975003857,-0.20338433124463656,0.4238008491917319,-0.4507817215086242,0.0098870056497175,1
2022-11-07 00:00:00+00:00,-1.2808783377627773,0.37719387594115283,-0.4648779712999311,-0.6509523580323304,0.06860201904838721,0.1555737397583164,0.0209790209790208,1
2022-11-08 00:00:00+00:00,-1.3193664231773947,0.30945637103904955,0.4156995314416575,-0.00696180834958504,0.3276573816820707,-0.3240310917612576,-0.0561643835616438,0
2022-11-09 00:00:00+00:00,-1.2433927809727745,-2.8137592753116145,-0.524578428174773,-0.6304498541424519,-0.06903437996742963,0.15512027687852314,0.1429608127721335,1
2022-11-10 00:00:00+00:00,-1.6034425703013928,6.146271531874184,2.893433977512289,-0.2953619714356732,-0.23429197531030935,-0.02103922496124413,0.0368253968253966,1
2022-11-11 00:00:00+00:00,-1.418438935652522,1.8111250205332878,1.4547798981010442,-0.27563535667739036,-0.23912084478936246,0.29049209201915355,-0.0018371096142068,0
2022-11-14 00:00:00+00:00,-1.297435622464774,-0.11184338958109902,0.3259639583786177,-0.6429423289479855,-0.1613004898754246,-0.057011919999770816,0.0226993865030675,1
2022-11-15 00:00:00+00:00,-1.2838356658935712,0.6365483334431378,0.41989623920550034,-0.5559814669463591,0.03967069020350218,-0.6215286689788432,-0.0455908818236353,0
2022-11-16 00:00:00+00:00,-1.2573909591066448,-2.1667328391321363,0.24649106287558156,-0.415057845535544,-0.049180596359052024,-0.36399302963669405,-0.0144563167818981,0
2022-11-17 00:00:00+00:00,-1.3422118207893972,-0.791615799885549,1.0876746437476776,-0.22436193898827558,-0.096505077064386,-0.18692132292672806,-0.017219387755102,0
2022-11-18 00:00:00+00:00,-1.3274893697628807,-1.673682739354099,0.8959280966695271,-0.7869650254692045,-0.26114484824649803,-0.3443373809734152,-0.0058403634003894,0
2022-11-21 00:00:00+00:00,-1.2501754414833999,-0.060209678614686464,-0.21390620467359184,-1.223205784264231,-0.3529694080675607,-0.1271737909548778,0.0469973890339425,1
2022-11-22 00:00:00+00:00,-1.3950563247514771,2.450351525564942,1.3235804648124825,-0.9028098546398908,-0.6342942452806666,0.6757750565593247,0.029925187032419,1
2022-11-23 00:00:00+00:00,-1.2598037725666227,1.5733742483871866,0.0737096266620233,-1.083381796303643,-0.29354231458556324,-0.21043002822234858,-0.0151331719128329,0
2022-11-25 00:00:00+00:00,-1.1282756549938524,-0.6720560223108245,-1.0700506718815068,-1.8455849742829111,-0.6028365625757629,-0.16004103953808008,-0.0270436385986477,0
2022-11-28 00:00:00+00:00,-1.1699248603001804,-1.4499315106763426,-0.08832519897927132,-1.261486413352042,-0.6784004815330381,0.08155285374680682,-0.0120025268477573,0
2022-11-29 00:00:00+00:00,-1.1125601932420526,-0.7821912433009401,-0.5412390793557942,-1.2844359076634015,-0.48166132707146536,-0.4642002546454334,0.081841432225064,1
2022-11-30 00:00:00+00:00,-1.4265177380093057,4.266228278032714,2.5809208467910003,-0.47617746190665133,-0.9771931090876301,1.1026847668183295,0.0130023640661938,1
2022-12-01 00:00:00+00:00,-1.1846550534749798,0.5184622855060608,0.4910672692341367,-0.7875717865172395,-0.4542092507969869,-0.4473202939558987,-0.015169194865811,0
2022-12-02 00:00:00+00:00,-1.126242879821657,-0.37761849528277847,-0.11579305387063156,-1.1578731889798604,-0.7091882351699508,-0.0370266098144075,-0.015995260663507,0
2022-12-05 00:00:00+00:00,-1.0914306883836615,-0.8005353324700643,-0.10197571025083686,-1.0905740091627707,-0.6682657053635549,-0.30111341077703513,-0.0373269114990968,0
2022-12-06 00:00:00+00:00,-1.1139369956650416,-2.315271674642505,0.32448164823866793,-1.039442888622549,-0.7572811137269995,-0.3262503187548194,0.0081300813008131,1
2022-12-07 00:00:00+00:00,-1.1061205912506973,0.6677993602282267,0.1735117560033243,-1.0411591284968285,-0.7981484799630171,-0.13371478758518457,0.0651364764267989,1
2022-12-08 00:00:00+00:00,-1.2822069187635123,3.2359875162534557,2.1413818826854802,-0.38278179367206416,-0.9641228904416977,0.6173700175455255,-0.00990099009901,0
2022-12-09 00:00:00+00:00,-0.9843897028356153,-0.6755148049408661,-0.04959155214131127,-0.008227041144822249,-0.29987134423718526,-0.2893739445543311,0.0317647058823529,1
2022-12-12 00:00:00+00:00,-1.0235136684236021,1.6641224695408108,0.41566128886194503,0.010473813904283346,-0.500852699294203,0.18736757771689436,0.0302166476624858,1
2022-12-13 00:00:00+00:00,-1.073552806173605,0.33349763402109117,1.4628203590554625,0.8237641012804456,0.025712461145769232,-0.9194212381895126,-0.0221361372440508,0
2022-12-14 00:00:00+00:00,-0.9891729676599371,-1.390644040756521,0.4142637683915779,0.17173260631054577,-0.4014764490581842,-0.11492224583009056,-0.0407470288624789,0
2022-12-15 00:00:00+00:00,-0.9322165623599996,-1.9001303187796985,-0.04617344361160149,0.12300509265752892,-0.4732428643468174,0.0350960218787763,-0.0224188790560471,0
2022-12-16 00:00:00+00:00,-0.9256746377731123,-1.3305485516562445,0.09894050630255617,0.19105125946571275,-0.39120385091686266,-0.34977072576105134,-0.0193120096560048,0
2022-12-19 00:00:00+00:00,-0.8756940023959074,-1.2020379452501377,-0.5602270385553716,-0.2951346786435889,-0.47775451012049985,-0.4551483341126827,-0.0098461538461538,0
2022-12-20 00:00:00+00:00,-0.9026623926798312,-0.3883743835548639,-0.3397207424086287,-0.13050653193535217,-0.5155560027455512,-0.21374252455920406,0.0254816656308265,1
2022-12-21 00:00:00+00:00,-0.9144090573356936,1.3888867781671526,-0.3081064881378148,-0.3576973600540588,-0.6732130671213019,0.07388509693081968,-0.0703030303030303,0
2022-12-22 00:00:00+00:00,-1.0493192711067079,-4.071689332581317,1.7413207680075196,0.6906430840552015,-0.8329737441139311,0.47484070244272897,-0.0084745762711864,0
2022-12-23 00:00:00+00:00,-0.9468026955269715,-0.3789608950776258,-0.3767510845068892,-0.48321537084930477,-0.6282241371425201,-0.16727114569443868,-0.0716633793556871,0
2022-12-27 00:00:00+00:00,-1.0706152479160844,-4.434648190257245,1.1829806345660712,0.021251347899452645,-0.8062680253373266,0.050247323505062065,-0.0056657223796033,0
2022-12-28 00:00:00+00:00,-1.0039414804502107,-0.10677650843896234,-0.3512320011162566,-0.7078436374726067,-0.6748999747653841,-0.2094960729782969,0.0398860398860398,1
2022-12-29 00:00:00+00:00,-0.9984288275369873,1.697252903288094,-0.1638699543309996,-0.43976627313244615,-0.4784061335305963,-0.48719633783410826,0.0006849315068493,1
2022-12-30 00:00:00+00:00,-0.9533001365901131,0.3905651839841496,-0.5439656466793875,-0.5797791353086355,-0.7703653244857575,0.144674560548579,-0.0205338809034907,0
2023-01-03 00:00:00+00:00,-1.0356898239050576,-1.8265724164645318,0.7475099510531636,-0.013919115014648093,-0.6873922792254987,-0.1063888122564044,0.0307477288609363,1
2023-01-04 00:00:00+00:00,-1.0426282665955626,1.2625139820694553,0.4238534235703479,-0.12252053753346141,-0.5360889194326772,-0.3187798912653972,-0.0325423728813559,0
2023-01-05 00:00:00+00:00,-0.9551864556882722,-1.6188881791279304,-0.44201225621657697,-0.3028322962199288,-0.5589042365139613,-0.3110427961846117,0.0413454800280308,1
2023-01-06 00:00:00+00:00,-1.145478760247013,1.8110257747150584,1.3009852037902143,-0.21779587962901711,-0.9251406715005548,0.500899894587512,0.0518169582772545,1
2023-01-09 00:00:00+00:00,-1.1243820571480871,2.1532031901056525,1.3354868532813808,0.20097097971881991,-0.5845619327196979,-0.05019749390223951,0.017914267434421,1
2023-01-10 00:00:00+00:00,-1.0009064421244618,1.1413781608699025,-0.07846731144576691,-0.3812208919551408,-0.6724705022949028,-0.03924912244856865,0.0056568196103079,1
2023-01-11 00:00:00+00:00,-0.9580262500443522,0.3600134415197812,-0.32301512219937334,-0.4177521738198072,-0.6401650418348728,-0.18830503218513697,0.0318750000000001,1
2023-01-12 00:00:00+00:00,-1.111339551986886,1.4145291303105434,1.8096093727174616,0.548418613067802,-0.7673991566324867,0.4137253250122977,0.0236220472440942,1
2023-01-13 00:00:00+00:00,-1.0187963791452725,1.5326813241384891,0.6592370935789903,0.012353116113132114,-0.8143636213645086,0.3726245437421931,0.0473372781065088,1
2023-01-17 00:00:00+00:00,-1.0462460295810359,2.5902701921999265,1.0364704469123058,0.2368820620137264,-0.687022289297736,0.18701123892312194,-0.0180790960451977,0
2023-01-18 00:00:00+00:00,-0.9184185799426348,-1.1277245464609695,-0.0071395015887946115,-0.0063434038772476106,-0.4924244195669167,-0.5568999508428275,-0.0350978135788262,0
2023-01-19 00:00:00+00:00,-0.9067073617876918,-1.726310193466102,-0.2163335392515022,-0.04562581289380838,-0.4998816369352119,-0.4962958061008058,0.0638044126416219,1
2023-01-20 00:00:00+00:00,-1.1253698222404114,3.1430012756715624,1.7350695535814213,0.2696803997479733,-0.6918995749561858,0.12539895417969363,0.0756726457399104,1
2023-01-23 00:00:00+00:00,-1.2380713715043354,3.7601936713156556,2.6835305933431437,0.4054547209670417,-0.8013728659793168,0.48433577935614025,0.004168837936425,1
2023-01-24 00:00:00+00:00,-0.9917694614132542,0.547302954707316,0.3600079453988507,-0.052887680923788524,-0.5618242168648937,0.009436622819541707,0.0025947067981317,1
2023-01-25 00:00:00+00:00,-1.0006986258999693,0.4175322320515584,0.3890757832674847,-0.2220467600869669,-0.6669866030780125,0.24289026353483928,0.0248447204968944,1
2023-01-26 00:00:00+00:00,-0.9615916867052644,0.8753073521549889,0.44013368830540434,0.2728825957829753,-0.26274356533142434,-0.16843185673931507,0.0282828282828282,1
2023-01-27 00:00:00+00:00,-1.0421288984011865,1.7943414079960607,1.168209879506568,0.43993049550482516,-0.6133270107437983,1.0346118295962508,-0.0589390962671905,0
2023-01-30 00:00:00+00:00,-0.9611344495809092,-3.297625668963579,0.38499841698199794,0.05022110801700025,-0.45907803698869715,0.03819777071397456,0.0198329853862211,1
2023-01-31 00:00:00+00:00,-1.0067965496203506,1.0268979720381126,0.3346348147359345,-0.09707762906865576,-0.3201174830324642,-0.03555769486558378,0.0716479017400206,1
2023-02-01 00:00:00+00:00,-1.2102888946135857,3.6359860867307936,2.3529610520859716,0.43989229980751704,-0.5772533164189468,0.9470609836554247,0.036771728748806,1
2023-02-02 00:00:00+00:00,-1.1124866551885273,1.8366684157635005,1.2867845277035461,0.02271641326539512,-0.4353996033948094,0.46799421987738576,-0.0280976508521418,0
2023-02-03 00:00:00+00:00,-1.0071513210268277,-1.1332478571301228,0.20397705155896406,-0.442280576380751,-0.5713534800337101,0.6218137250803226,-0.0004739336492891,0
2023-02-06 00:00:00+00:00,-0.9984152579250427,0.1460421258154173,0.08558798736314246,-0.421110186016855,-0.36236238560939177,0.20440807696663527,0.0512091038406827,1
2023-02-07 00:00:00+00:00,-1.1010317081857428,2.478057504165062,1.2986266535328639,0.2660589820258076,-0.11890465906366678,0.0582729789196295,0.0013531799729362,1
2023-02-08 00:00:00+00:00,-1.0153337851909863,-0.2732768141044801,0.37007411092666676,-0.12872196430179464,-0.009560277066196051,-0.38506245550382523,0.0063063063063062,1
2023-02-09 00:00:00+00:00,-1.0242337786383036,-0.1707734487813005,0.3151659976042528,-0.2812019670019445,0.011996677748873405,-0.42000088876496755,-0.0478961504028648,0
2023-02-10 00:00:00+00:00,-1.0742574138729424,-2.503898418751994,0.9406792345756524,-0.24414520346519936,-0.4475172952572297,0.4912965596543193,0.0244475787494122,1
2023-02-13 00:00:00+00:00,-1.0902998907762271,0.9419650519094034,0.7582164284882549,-0.5760868679687159,-0.3074525846044596,0.08981117346569424,0.0541532813217071,1
2023-02-14 00:00:00+00:00,-1.2348328568464797,3.0223635090305456,2.2597148280012287,0.029365908191810793,-0.5490729491090046,1.1652222212526746,-0.0091423595994775,0
2023-02-15 00:00:00+00:00,-1.014567748622784,-0.254445939717692,-0.09621110621873173,-0.8527101972931811,-0.31183127739185496,0.16284125496761437,-0.0333919156414763,0
2023-02-16 00:00:00+00:00,-0.9717670548904037,-1.467353297209598,-0.4064540677593584,-0.8657826600547416,-0.27965846355518276,0.04402779253081157,-0.0277272727272727,0
2023-02-17 00:00:00+00:00,-0.9843389964320466,-1.4072768236923705,-0.0355517964998777,-0.5983311515056369,-0.22216947317703742,-0.035834597088140005,-0.0341280972417017,0
2023-02-21 00:00:00+00:00,-0.9588274103753579,-1.794285431667118,-0.046652165401907864,-0.5829474811347077,-0.3558854320194662,0.2301466842162005,0.0043562439496611,1
2023-02-22 00:00:00+00:00,-0.9763095377655487,0.10237120699417769,0.06987731024485175,-0.3122415006675396,-0.061920228874143786,-0.27734658425842706,0.1402409638554216,1
2023-02-23 00:00:00+00:00,-1.2427183807169602,5.122972824725082,2.4795994570724487,0.8505251796264293,1.1193586052341695,-2.9434992739834773,-0.0156382079459003,0
2023-02-24 00:00:00+00:00,-1.0754357895384326,-0.5973095391736123,0.17468520028674334,-0.856005556372639,-0.07124194068306881,-0.6401272346752632,0.009016745384285,1
2023-02-27 00:00:00+00:00,-1.0390215671747134,0.14178100963806572,-0.21329868070726138,-1.2463419096681547,-0.0009117120706242398,-1.090908393213777,-0.0119148936170213,0
2023-02-28 00:00:00+00:00,-1.0227107933627957,-0.6679189626105728,-0.11063625876605164,-1.0616128195099783,-0.13886204488248763,-0.5064630783036717,-0.0223944875107665,0
2023-03-01 00:00:00+00:00,-1.0262152576008556,-1.4217750422791096,0.08451809315348427,-1.0216155738380732,-0.16423902140760385,-0.5548207908360264,0.0268722466960351,1
2023-03-02 00:00:00+00:00,-1.0569098658397316,1.6148533329686832,0.4166697238442914,-1.1069187388390014,-0.531447634126587,0.4240998616192936,0.0248820248820249,1
2023-03-03 00:00:00+00:00,-1.0026862802654921,1.3375594727034068,0.1401634633413776,-1.0038087223501728,-0.3407462542974594,-0.0712569645113946,-0.0142318961908748,0
2023-03-06 00:00:00+00:00,-0.9570931782684571,-0.9510675878518998,-0.04620922153986114,-0.8517550664607518,-0.19134837410469047,-0.4339814498003515,-0.0110403397027601,0
2023-03-07 00:00:00+00:00,-0.9890173131265315,-0.841985750926795,0.34836075965192914,-0.6050805395374701,-0.13717108117509727,-0.4318634568427368,0.0382138256762558,1
2023-03-08 00:00:00+00:00,-0.9965781860121478,1.9370384988793201,0.41660952161063797,-0.6166659312809849,-0.16936868943055136,-0.26711850190245146,-0.0306038047973531,0
2023-03-09 00:00:00+00:00,-0.9664788235563366,-2.00375915191881,0.49811235802577725,-0.5507599558201275,-0.23933843226098248,-0.37379992236766235,-0.0204778156996586,0
2023-03-10 00:00:00+00:00,-0.9565323683459477,-1.336410263273942,0.290535951476371,-0.6824777649047842,-0.25595588818790127,-0.39447996056547996,0.0004355400696862,1
2023-03-13 00:00:00+00:00,-0.9674713560456732,0.0482860939724848,0.38603455538515385,-0.7510992089572415,-0.4726139245173979,0.2113704803154069,0.0474531998258598,1
2023-03-14 00:00:00+00:00,-0.9699202731696623,2.161325316563328,0.34980836015549066,-0.6937858997634283,-0.16663842849052443,-0.5099599664845211,0.0070656691604322,1
2023-03-15 00:00:00+00:00,-0.9435905750646648,0.5474759494757233,0.5022166311427555,-0.3716050017864625,-0.32902038847341797,0.06037217962572276,0.0540652084193149,1
2023-03-16 00:00:00+00:00,-1.100027072731918,3.0259886181289732,1.9294766917960977,-0.23391350333813082,-0.6676797971581075,0.986394974145334,0.0074393108848864,1
2023-03-17 00:00:00+00:00,-0.9626170118611034,-0.013295478904151994,0.839146312901313,0.4687072271162703,0.5144034558357176,-1.2755308339750957,0.0066070734551106,1
2023-03-20 00:00:00+00:00,-0.9337984344804825,0.37035672797096697,0.05095203196387571,-0.7930507326614337,-0.22905153064604933,0.0217251000084012,0.0115830115830115,1
2023-03-21 00:00:00+00:00,-0.9450028102849113,0.30536147746485504,0.39714963903576217,-0.35907034191230275,0.03686859430977649,-0.27876788397794866,0.0103053435114504,1
2023-03-22 00:00:00+00:00,-1.0214685063019238,0.19587763113699586,1.3794597587389124,0.3843642962857593,0.2437331103182355,-0.2615488116201501,0.0272006044578769,1
2023-03-23 00:00:00+00:00,-0.7845202293361532,1.0149900531637608,-0.29223574108506706,0.39329336526659553,0.4785684210398538,-0.24967350175950956,-0.0150790731886722,0
2023-03-24 00:00:00+00:00,-0.7291588756025725,-0.8250811028720682,-0.7187348181235232,0.09016121235072425,0.1939891525208025,0.20759327099623548,-0.0093353248693054,0
2023-03-27 00:00:00+00:00,-0.6931222276381437,-0.6209641260411279,-1.1293702243047263,-0.23467292120761674,0.1636718159936216,0.05302954567037697,-0.0045231813041839,0
2023-03-28 00:00:00+00:00,-0.6900783368244904,-0.22885156764330947,-1.076074631004767,-0.22643744776353852,0.08292070504248804,0.24002380198186182,0.0215827338129497,1
2023-03-29 00:00:00+00:00,-0.6715122595260221,0.9503193054220384,-1.1442192211161526,-0.08519663243268306,0.2944338118672864,-0.15846537004989517,0.0148257968865825,1
2023-03-30 00:00:00+00:00,-0.6452765873533289,0.7106001344857172,-1.3650692973897984,-0.17333089106630056,0.2650239290409264,-0.10161684221735941,0.0146092037983931,1
2023-03-31 00:00:00+00:00,-0.6903176600498213,1.0219408035767277,-0.7721692013959298,0.0931340900102113,0.1050740773019431,0.48988544351500374,0.0064794816414686,1
2023-04-03 00:00:00+00:00,-0.6559634093810096,0.5801487463551992,-1.0078223596003406,0.013689761973309402,0.10820808288935069,0.45327127657087823,-0.0182403433476395,0
2023-04-04 00:00:00+00:00,-0.6100505439586268,-1.1070831779034362,-1.1740800567519423,-0.027392019375087832,0.16427391522035018,0.05680710011502926,-0.0207650273224043,0
2023-04-05 00:00:00+00:00,-0.6264980225434541,-0.7470587214483977,-0.8511460531433525,0.4464783113022659,0.22514749702533132,0.25485981388575524,0.0059523809523809,1
2023-04-06 00:00:00+00:00,-0.6169061438675116,0.5834612878727877,-1.0407944116898251,0.1492330762543242,0.08879509553977336,0.5201373333360477,0.0199704142011833,1
2023-04-10 00:00:00+00:00,-0.6437339494435782,1.2798062100503313,-0.6457438278595005,0.23882747308190577,-0.03427845319797713,0.8694478781908731,-0.0148658448150832,0
2023-04-11 00:00:00+00:00,-0.5532777508569015,-0.9946026841859612,-1.4097031350616813,-0.03790071447593507,0.12897291726962426,0.10076026232096623,-0.0246595509753405,0
2023-04-12 00:00:00+00:00,-0.591439947103922,-1.7061901593019748,-0.6618349370279667,0.5494445244357553,0.21597153390434423,0.12169849761688213,-0.0015094339622641,0
2023-04-13 00:00:00+00:00,-0.5391357290459451,-0.2614826156282897,-1.3592823572464072,0.15960490770581545,0.1937241002719862,-0.002985152402523177,0.0113378684807257,1
2023-04-14 00:00:00+00:00,-0.5262057434076662,0.6335498391175255,-1.1659743508958251,0.5383307350985741,0.1811521668384952,0.394513945941358,0.0089686098654708,1
2023-04-17 00:00:00+00:00,-0.46224980312189945,0.7054757597138182,-1.4391541330226996,0.36585800053022094,-0.04239698527945646,0.5523223353803182,0.0248148148148148,1
2023-04-18 00:00:00+00:00,-0.5299208660897693,1.01760837586754,-0.37110620311944137,1.3991967165861103,0.5070719490601908,-0.2929291246572074,0.009396458258041,1
2023-04-19 00:00:00+00:00,-0.4824906337418422,0.7824632335587998,-1.0759766134170028,0.4952274677817303,-0.10129802306481442,0.7052984022625948,-0.0297171500179018,0
2023-04-20 00:00:00+00:00,-0.45610579836651777,-1.6425063125684438,-0.6416022768168782,0.8885182671365617,-0.07076888201137538,0.3190896055711916,0.0007380073800737,1
2023-04-21 00:00:00+00:00,-0.3844615167508191,0.21589990819265129,-1.4705259344046613,0.5451908399498013,-0.037547939074252,0.15487024495401702,-0.0029498525073746,0
2023-04-24 00:00:00+00:00,-0.3927695717330404,-0.08700314691386783,-1.210487323646927,0.6161120070073881,-0.13208632144722732,0.3190111012228769,-0.029585798816568,0
2023-04-25 00:00:00+00:00,-0.421320644682966,-1.864203126961333,-0.757934875289381,0.8062929746726744,-0.12197332433023558,0.15836692599930569,0.027439024390244,1
2023-04-26 00:00:00+00:00,-0.4367911809451886,0.9965507041412117,-0.8906631610889906,0.7511662577213855,0.13592725476957768,-0.4174705107063735,0.0100148367952521,1
2023-04-27 00:00:00+00:00,-0.4432105087954034,0.2269871913055823,-0.7653597572877565,0.701431798223534,-0.0635745122550137,0.038894180311304836,0.0190965846492838,1
2023-04-28 00:00:00+00:00,-0.4201705835718591,1.1221836489710852,-1.1935331077315654,0.28994638832914943,-0.2807153483795414,0.42205958105236496,0.0418018018018018,1
2023-05-01 00:00:00+00:00,-0.5552561542221158,2.24997933142991,0.5523739197862494,1.3722676660555153,-0.08432756821057058,0.4277417062251651,-0.0242130750605327,0
2023-05-02 00:00:00+00:00,-0.41881136764279536,-1.2812019051684784,-0.9063644880294099,0.6231293198757005,-0.09809242088339576,-0.04411352650599544,-0.0145338532435306,0
2023-05-03 00:00:00+00:00,-0.4454066681246393,-0.6277330299697279,-0.7204468450559793,0.5507831511668797,-0.2508548082476619,0.3432271229668351,-0.0086330935251799,0
2023-05-04 00:00:00+00:00,-0.3878927892173861,-0.3818039151352614,-1.239296848766955,0.3321567627176272,-0.21927760528498633,0.09071171599771943,0.0406386066763426,1
2023-05-05 00:00:00+00:00,-0.48263971596823946,2.0880354851505625,-0.32971159131987604,0.4314668141065175,-0.3553680714562736,0.3682697848327104,0.0163877266387726,1
2023-05-08 00:00:00+00:00,-0.43596207682784477,1.048201550139645,-0.6860941305510981,0.3674899176749906,-0.378747686795303,0.3876985548733461,-0.0198970840480273,0
2023-05-09 00:00:00+00:00,-0.3586622972123772,-0.9585569222553688,-1.382535095110247,0.2167188332440415,-0.23097443568298154,-0.11383842668753763,0.0112005600280014,1
2023-05-10 00:00:00+00:00,-0.38020486981999846,0.3467205810717137,-0.9506430477342772,0.5297528817426107,-0.07373355715333897,-0.3451869968611438,-0.010730356524749,0
2023-05-11 00:00:00+00:00,-0.3613672721566822,-0.6421840172732801,-1.122533333527797,0.3379580592071411,-0.24162001539121095,-0.0785600441641618,-0.0083974807557731,0
2023-05-12 00:00:00+00:00,-0.3527130929165071,-0.4669876285984409,-1.2062710571906061,0.15413448914274444,-0.3836978649646134,0.10174195549570472,0.0215243472124206,1
2023-05-15 00:00:00+00:00,-0.38917559362856163,1.1063707892243697,-0.8750044260455944,0.21297506518036996,-0.4098266634697657,0.20216644978562,0.0089810017271156,1
2023-05-16 00:00:00+00:00,-0.4025115952043647,0.5429877693863575,-0.14094583852061243,1.024743955966172,-0.25668065252033767,0.1459110192761634,0.0332078055460458,1
2023-05-17 00:00:00+00:00,-0.39288913259024455,1.6587449780516876,-0.41201818647543603,0.8150893706873108,-0.12666864805982325,-0.2450165526994256,0.0497017892644136,1
2023-05-18 00:00:00+00:00,-0.5404388112167873,2.585468150548808,1.4753909729087327,2.1035667450446627,0.12389582404076944,-0.05059343085130594,-0.0132575757575756,0
2023-05-19 00:00:00+00:00,-0.3680876761260116,-0.6749190815123401,-0.6864527735296283,0.7952998467860428,0.023441867527345867,-0.4294383830185744,-0.0025591810620602,0
2023-05-22 00:00:00+00:00,-0.3840486347166578,0.07572923706234845,-0.7405586608560428,0.3534995480952485,-0.29317030248126097,0.19010591345046995,-0.0157152020525978,0
2023-05-23 00:00:00+00:00,-0.3329181806539547,-0.7922094148719823,-1.105901434258273,0.34490209970493585,-0.15748189041881094,-0.1301261822844939,-0.0048875855327469,0
2023-05-24 00:00:00+00:00,-0.4326798494247682,0.03481065550988349,0.23308745267338898,1.7578387896207792,0.3377890696362768,-0.3525314532886716,0.2436149312377209,1
2023-05-25 00:00:00+00:00,-1.0737602287014771,7.934150712435964,5.970260902402913,2.865982602382909,1.7852158037275243,-5.125154789425359,0.025539757767246,1
2023-05-26 00:00:00+00:00,-0.8101389893966939,1.3591019381877916,1.8248769603605817,-0.44852517991831165,-0.3445797902153463,-0.7537442593100417,0.0297817715019255,1
2023-05-30 00:00:00+00:00,-0.8274055994666522,0.6092494562889699,2.4991890897053004,0.2097613090676726,0.23523951623796935,-1.7609682613054147,-0.0568436798803291,0
2023-05-31 00:00:00+00:00,-0.8695347604342227,-3.4082804889315037,2.820030235613524,0.23174922979405246,-0.020012003942150268,-0.940704094891041,0.0512820512820513,1
2023-06-01 00:00:00+00:00,-0.860199597154554,2.39531551901768,1.7209074201078522,-1.1816821917698068,-0.22802080371377137,-0.6784573729258737,-0.0110636157907971,0
2023-06-02 00:00:00+00:00,-0.7668392446240673,-1.0022459128360923,0.7971302302700563,-1.651825604778949,-0.2196101883122109,-0.9421945663417133,-0.0040681413679124,0
2023-06-05 00:00:00+00:00,-0.7257945861603111,-0.09211699776333884,0.16716766202476654,-2.0131354014173155,-0.31638097612063104,-0.6968210658481717,-0.0132754659177942,0
2023-06-06 00:00:00+00:00,-0.7301223000203954,-0.7094971908583124,0.2581919860972403,-2.031901505832044,-0.3323908179760073,-0.7139670630608657,-0.0302716688227684,0
2023-06-07 00:00:00+00:00,-0.8272322609034252,-2.2346943832037556,1.4720534082274537,-1.5598035357575972,-0.3370795736032521,-0.5967865878174021,0.0274813233724653,1
2023-06-08 00:00:00+00:00,-0.8153400068516417,1.3007725815020326,0.8459522351394525,-2.0162470017667093,-0.35556663154963264,-0.4924994495694732,0.0067514931186705,1
2023-06-09 00:00:00+00:00,-0.773413427905005,-0.03165432639078341,0.521321516255885,-1.9843853101881714,-0.14178481539692603,-0.973773439941036,0.0183131287077635,1
2023-06-12 00:00:00+00:00,-0.7636901192956885,0.7387788392787025,0.27605143912455904,-2.150472786365429,-0.13864004587063047,-0.8934457075248967,0.0390070921985816,1
2023-06-13 00:00:00+00:00,-0.845897987715951,1.7273169255933092,1.205101258323794,-1.5734538982055999,0.058777375575549684,-0.886400826604785,0.0482691370063383,1
2023-06-14 00:00:00+00:00,-0.956512705842045,2.6208250295510473,2.391237315617439,-1.2583419500131818,-0.22456170778154624,0.18025726585820243,-0.0081395348837209,0
2023-06-15 00:00:00+00:00,-0.7871440574720877,-0.40547539055282106,0.6790624253814973,-1.8343943896944612,0.06705324763490375,-0.7625601911920232,0.0009378663540444,1
2023-06-16 00:00:00+00:00,-0.7534362845352937,-0.45324810789763553,0.7786314966198161,-1.5463223562911026,0.37209105319218644,-1.4595319976136565,0.0262356523776061,1
2023-06-20 00:00:00+00:00,-0.7628084611698177,1.2347123045934743,0.7002786926856044,-2.1036619877846046,-0.05473619440140258,-0.5691817493908221,-0.0173476375256791,0
2023-06-21 00:00:00+00:00,-0.757031216403384,-1.054866775803051,0.8848691982257556,-1.8309558494898568,0.02645208481450078,-0.6232689779232212,-0.0006968641114981,0
2023-06-22 00:00:00+00:00,-0.7425963349237226,0.23292547032709177,0.4501889450031546,-2.251970220265811,-0.1470493742752305,-0.21051275286009263,-0.0188284518828452,0
2023-06-23 00:00:00+00:00,-0.6512573522096703,-0.9083204949618048,-0.08092351839399087,-2.377841886641765,-0.09111187111933239,-0.709198762411464,-0.0374318881781567,0
2023-06-26 00:00:00+00:00,-0.49655731524786534,-2.636594003451424,0.8935249359791315,0.08845691459502367,0.29327178161185274,0.38320254536515813,0.0307654442530149,1
2023-06-27 00:00:00+00:00,-0.44796252155715893,1.5975227606135436,-0.004278478297717809,-0.4744621320804708,0.21814694821845165,0.43118514589120827,-0.0181470869149953,0
2023-06-28 00:00:00+00:00,-0.38521557282084096,-0.5264457620922426,-0.03768092267277526,0.0004638763613425767,0.22868397877796232,0.44128013103178676,-0.0072957198443579,0
2023-06-29 00:00:00+00:00,-0.24966123073213875,-0.6852530462329767,-0.9142398197708134,-0.3145386345473254,0.310736930126995,-0.18631694148236888,0.0362567368936794,1
2023-06-30 00:00:00+00:00,-0.27680985517325546,1.6354778056795647,-0.39998372173341173,0.14477457122162998,0.44164726951140254,-0.1947072041948857,0.0026004728132387,1
2023-07-03 00:00:00+00:00,-0.15902683886043578,0.06706821158472334,-1.6307958852771902,-0.8345365337266469,0.041042442136618965,0.1296019867654492,-0.0021221410044799,0
2023-07-05 00:00:00+00:00,-0.19098861690250526,-0.013013554070607659,-0.9785755176303943,-0.35142323079094273,0.025686946769945207,0.3646933322847686,-0.0051984877126654,0
2023-07-06 00:00:00+00:00,-0.15645593868276947,-0.05335712568593935,-1.2520881278017872,-0.419905319579057,0.02663945908922552,0.32628522440899377,0.009501187648456,1
2023-07-07 00:00:00+00:00,-0.14939707520317416,0.43009932941456963,-0.9531243029064118,-0.1031166740234897,0.15064607210392492,0.14333065069528042,-0.0075294117647058,0
2023-07-10 00:00:00+00:00,-0.13086544204192074,-0.5582817462623665,-0.952857009932887,-0.04377018528948912,0.1450337626040198,0.11399985175139349,0.0054528212422948,1
2023-07-11 00:00:00+00:00,-0.08807379604159664,0.2035658441160298,-1.4160649970555386,-0.2777843772703506,0.15639946876840996,-0.04288737136331665,0.0351332232963923,1
2023-07-12 00:00:00+00:00,-0.17154409988440042,1.707399501598304,-0.37322669972311545,0.3385559044509014,0.2909731563840576,-0.03298627409219761,0.047380410022779,1
2023-07-13 00:00:00+00:00,-0.1897024680970437,2.3649309395706246,0.07564882673467921,0.3537970380743071,0.11137779163211083,0.2968289137165624,-0.0110917790343627,0
2023-07-14 00:00:00+00:00,-0.22796336952191745,-1.200359634063565,1.5256980894527852,1.719780673470629,0.4135411746164674,0.11330304367366364,0.0217725973169122,1
2023-07-17 00:00:00+00:00,-0.09165977992312026,0.8610116932522413,-0.3802743105602099,0.556637881737507,0.4072008195967469,-0.2589608109689618,0.0221696082651743,1
2023-07-18 00:00:00+00:00,-0.1406975612817581,1.0433556995243878,0.4979851969249965,0.8457749427534331,0.1722799286452819,0.3764488589299895,-0.0086333965045273,0
2023-07-19 00:00:00+00:00,-0.009469289443121151,-0.49932408148519203,-0.8652367692219487,0.27335586550403324,0.255603236623872,-0.07361597891444033,-0.0331350892098554,0
2023-07-20 00:00:00+00:00,-0.07506664656681188,-1.8457652675348497,0.1201525170278268,0.7429991620666827,0.13576530706412343,0.25918894939868237,-0.0265817223198594,0
2023-07-21 00:00:00+00:00,-0.16323674052354056,-1.8105725059287463,1.0763049281435557,2.0261471418505277,0.9626477652753356,-0.86664768911365,0.00677048070413,1
2023-07-24 00:00:00+00:00,-0.09040172331725325,0.17716557384756057,-0.8719771221153454,-0.11433150321517731,0.262367316137076,-0.03578232136333367,0.0239856534409326,1
2023-07-25 00:00:00+00:00,-0.08009888871621776,1.2105614927990482,-0.7864319730498727,-0.10206543509861378,0.10912968984315105,0.3430942676092065,-0.0050350262697022,0
2023-07-26 00:00:00+00:00,-0.046999694112624855,-0.5095381145092728,-0.8055721655405036,0.06602976077661211,0.1707965659573849,0.15810455478044055,0.0099009900990099,1
2023-07-27 00:00:00+00:00,-0.056625725536819965,0.0015212791120985546,-0.3467391873610834,0.49048946432127627,0.3347924153757119,-0.1026697379641726,0.0185185185185186,1
2023-07-28 00:00:00+00:00,0.02611200901039853,0.7803709874302691,-1.3892412576408926,-0.07313096528240492,0.3122035643362926,-0.21122387314841903,-0.000427807486631,0
2023-07-31 00:00:00+00:00,0.0876253462370192,0.037214719198185676,-1.7456116066282608,-0.2644803166502214,0.10442957260756168,0.13516632190228264,-0.0047078964262785,0
2023-08-01 00:00:00+00:00,0.07376946794826737,-0.12472578980634715,-1.6061163146039954,-0.3086746259355209,-0.003140838166708263,0.38718045779175203,-0.0481616856589979,0
2023-08-02 00:00:00+00:00,-0.0799025420153412,-2.7598082380413804,0.37481381821982646,0.7639181412564621,0.041007632954320375,0.4747908975457759,0.0056471651231082,1
2023-08-03 00:00:00+00:00,-0.041500947328516044,0.5161532071107493,-0.7875588852461253,-0.17823696936810396,-0.10160274833858943,0.6116942348374544,0.003593890386343,1
2023-08-04 00:00:00+00:00,-0.029699388137033482,-0.04651274598197878,-0.7973457382662742,-0.011817353259687241,0.14493172801934284,0.012943810900251953,0.0165622202327664,1
2023-08-07 00:00:00+00:00,-0.01731352838186979,0.7661896854028273,-1.049633003356435,-0.20336607072618842,0.10730110117386764,0.049872122252786644,-0.0167327168648173,0
2023-08-08 00:00:00+00:00,-0.02441078760939699,-0.7484365824496444,-0.9266136710837072,-0.0862849937004298,0.017834918351258007,0.3011387329449483,-0.0472458575906851,0
2023-08-09 00:00:00+00:00,-0.12000438200095119,-2.807789349766374,0.4319856214424089,0.8218396144734282,0.18453719499838203,0.11146984433993955,-0.0037602820211515,0
2023-08-10 00:00:00+00:00,-0.11646187332191286,-0.13869310359305567,-0.04283751939110997,0.5181940318647883,0.10004702682537296,0.5214577395452039,-0.0363293229535267,0
2023-08-11 00:00:00+00:00,-0.07104117224089826,-1.9067424711650032,-0.27570298131009613,0.6875238362239204,0.21716761244277966,0.025301407554434947,0.0709914320685434,1
2023-08-14 00:00:00+00:00,-0.39682983774329245,3.9716009701987094,2.5341053075624624,1.0279400740976992,-0.39860431524589934,1.6107016483340322,0.0043428571428569,1
2023-08-15 00:00:00+00:00,-0.17689271249940663,-0.231220263116705,0.48332508050340495,0.8963612519717588,0.49556274278979373,-0.6690206269972989,-0.0102412380518888,0
2023-08-16 00:00:00+00:00,-0.13747257710847852,-0.9363338525896793,-0.2409931564083632,0.30615059378784854,0.3598366611843735,-0.5650650185284766,-0.0034490687514371,0
2023-08-17 00:00:00+00:00,-0.1094199405366237,-0.4620410491438952,-0.5862979553142138,0.07626443587886128,0.27468500049862676,-0.4202214639716041,-0.0009229349330873,0
2023-08-18 00:00:00+00:00,-0.1617095152016368,0.16023987754549507,0.5679796964262406,0.7619242675423151,-0.002979246635010958,0.44047076145551045,0.084757505773672,1
2023-08-21 00:00:00+00:00,-0.3460280129279471,4.045166692567889,2.021298310047639,0.7610762723416158,-0.0015518855627171043,0.26272175753991667,-0.0276772407919948,0
2023-08-22 00:00:00+00:00,-0.2725396078114758,-2.4143789180483264,1.563019463147354,0.9601499892318726,0.3762250467386811,-0.6312123548475056,0.0317495073352309,1
2023-08-23 00:00:00+00:00,-0.31814676914231643,1.6099765279315283,1.2760118434833283,0.6659112368785753,0.3562650304052311,-0.16543059182187156,0.0008488964346349,1
2023-08-24 00:00:00+00:00,-0.4079315793765856,-1.5809033800419274,2.5797611596800594,1.8216567332196392,1.193915328826528,-1.5813638216114538,-0.0241730279898217,0
2023-08-25 00:00:00+00:00,-0.4315977365069872,-1.6363562696736667,1.7452630268263072,0.8026040194445222,0.5908910577992935,-0.036555167401801224,0.0178183398522382,1
2023-08-28 00:00:00+00:00,-0.4392326857526952,0.6479705151218965,0.8445836931603371,-0.14623718647660813,0.5243503610361305,0.0508729674658834,0.0414175918018786,1
2023-08-29 00:00:00+00:00,-0.5445783554823216,2.2518216643093645,1.4178389372841713,-0.2864931816769407,0.30164529026245473,0.8427322652107979,0.0098400984009838,1
2023-08-30 00:00:00+00:00,-0.4215429120163802,0.36519023312424037,0.33612905628126444,-0.18634788301567598,0.8541844034607978,-0.19827108169158364,0.0018270401948843,1
2023-08-31 00:00:00+00:00,-0.3609915735752736,0.04652822265172142,-0.6501138673744866,-0.8480195928030113,0.8296544386508621,-0.28136378422020974,-0.0170212765957447,0
2023-09-01 00:00:00+00:00,-0.39361864355161974,-1.3025541581870854,-0.2596109205801796,-0.9529154364278455,0.6648694750751312,-0.036065898736109825,0.0008245722531436,1
2023-09-05 00:00:00+00:00,-0.3723415720243103,0.1389398057643918,-0.7678665466196597,-1.2709625647977765,0.5878454505687544,0.20928634772115035,-0.030690010298661,0
2023-09-06 00:00:00+00:00,-0.42796702540446185,-1.9415798049801365,-0.032019215873367,-0.9628280962434579,0.5631017690234332,0.25927743105863693,-0.0174245643858903,0
2023-09-07 00:00:00+00:00,-0.3878123719125959,-0.3831394589949719,-0.580494207124256,-1.0523640022292509,0.4381779336194392,0.7642583202259913,-0.0144896193771626,0
2023-09-08 00:00:00+00:00,-0.3987813131910442,-0.808361411704129,-0.4070453877264404,-0.9095508113690287,0.6286135946476886,0.21944802364969188,-0.0085582620144831,0
2023-09-11 00:00:00+00:00,-0.42136879572217506,-0.9315536663258909,-0.06751448714062923,-0.7605520885946424,0.6512562595266669,0.1778273456442388,-0.0068614431164232,0
2023-09-12 00:00:00+00:00,-0.3257317751528522,-0.2472518712521773,-0.9477290295729406,-0.9228560852640764,0.5340139019711208,0.5717476770188061,0.0135948295074659,1
2023-09-13 00:00:00+00:00,-0.34621366241555573,0.8423887113001831,-0.511206646979103,-0.7393755256000161,0.4386796932674952,0.7268055568919708,0.0021987686895339,1
2023-09-14 00:00:00+00:00,-0.26824807561552605,-0.10018745374388797,-1.1077890970475426,-0.8005352851639774,0.6777157670644861,-0.030444795364764302,-0.0368582711715664,0
2023-09-15 00:00:00+00:00,-0.3373838488980394,-2.220910603824685,-0.20198541207188123,-0.3772546231899383,0.5518375485211754,0.27831966317560086,0.0015945330296127,1
2023-09-18 00:00:00+00:00,-0.42073915087569486,0.463351420746557,0.41251658452116413,-0.40853486553846713,0.14362377720993555,1.3624840847111346,-0.0102342506254263,0
2023-09-19 00:00:00+00:00,-0.2143101626450707,-0.5500238841922914,-1.2628268075956404,-0.39521901936994225,0.6423635151954411,0.4212568748115577,-0.0294117647058823,0
2023-09-20 00:00:00+00:00,-0.22095922355913222,-1.897564384864085,-0.7819902806943251,-0.23760162720085712,0.4562678663484076,0.53841604016534,-0.0288825757575756,0
2023-09-21 00:00:00+00:00,-0.18060955527811529,-1.4150549674718669,-1.0017054114780892,0.0702145608007307,0.5224100090392633,0.49052603096079916,0.0143832276938078,1
2023-09-22 00:00:00+00:00,-0.1473015104409959,0.558714546694514,-0.8737317403581554,0.25432002208741605,0.6058381343246155,-0.06770558653863748,0.0146599375150204,1
2023-09-25 00:00:00+00:00,-0.14256024245930654,0.8106705829927303,-0.5830191087221107,0.20405094987401398,0.2133411101280858,0.5450901306822028,-0.00734249171009,0
2023-09-26 00:00:00+00:00,-0.08120340619507038,-0.3504821443986932,-0.908703759076522,0.25442075936958813,0.23184913321737713,0.35320520615249335,0.0133619661178716,1
2023-09-27 00:00:00+00:00,-0.061655213734631766,0.5380689735305,-0.7345168178556396,0.6175825921908698,0.3622738229565992,0.22237537847051328,0.0145985401459856,1
2023-09-28 00:00:00+00:00,-0.043844107354697674,0.8230398617772355,-0.6608805957000111,0.605652423089994,0.17859054663146834,0.4858357359400043,0.0095149686702249,1
2023-09-29 00:00:00+00:00,0.023261813550527588,0.2262682889728125,-1.186866814117358,0.5002009395733971,0.38951023941885976,-0.2219441186444003,0.0294252873563218,1
2023-10-02 00:00:00+00:00,-0.0377644388819807,1.4256185845148293,-0.5388676220787298,0.57928561273363,0.20497255856486296,0.19205934350552775,-0.0281375614113442,0
2023-10-03 00:00:00+00:00,-0.04235009404113956,-1.7985005999605728,-0.2416478982972215,0.7767712612645715,0.17202316238577486,0.200642515781896,0.0119485294117647,1
2023-10-04 00:00:00+00:00,0.019034919685176677,0.621202274292008,-1.1733367198211828,0.26865925148817427,0.1888705318015504,0.07532954395279665,0.0147593097184377,1
2023-10-05 00:00:00+00:00,0.0069987912108919765,0.8702560286831246,-0.929434273676242,0.40233904576392354,0.15049924337765155,0.22313194169519246,0.023942716491385,1
2023-10-06 00:00:00+00:00,-0.05525222375893956,1.563074207798602,-0.15292266722606374,0.5853959412689187,-0.09157044900396046,0.8642236742277286,-0.0107080419580418,0
2023-10-09 00:00:00+00:00,0.0231438255901051,-0.21571612186654696,-0.7899766935736062,0.48711307563868034,0.010881290211402501,0.4988099528384911,0.0117075325822839,1
2023-10-10 00:00:00+00:00,0.02568619033807139,0.6579155532426676,-0.8823082490881669,0.30300832947364215,0.0691337713406146,0.26496835801187923,0.0220524017467249,1
2023-10-11 00:00:00+00:00,0.05235331895606188,1.1428084977517032,-1.0748362443270647,0.2872631099326749,0.19960927075111615,-0.0588215019811039,0.0029908139286476,1
2023-10-12 00:00:00+00:00,0.02342276274447162,0.16717765765497877,-0.5237541604156174,0.715524588174693,0.25186911227269215,0.04987364782146939,-0.0317358892438764,0
2023-10-13 00:00:00+00:00,0.028518177789755992,-1.9849749476348784,-0.3153451734474691,0.825504370771178,0.2032446940465552,0.07863079156277368,0.0138583369995601,1
2023-10-16 00:00:00+00:00,0.0339187056308289,0.9779616733623504,-0.7102632358099709,0.3396675995903152,-0.04153995149996102,0.5614372916771981,-0.0466478628769799,0
2023-10-17 00:00:00+00:00,-0.11139422809326537,-1.9738499803560359,1.145279525740501,1.8681273799226157,0.254468233352262,0.5631069628202919,-0.0395994538006371,0
2023-10-18 00:00:00+00:00,-0.07844858736643713,-1.7609199097329593,-0.0369047199936162,0.9584479358747579,0.2777002430144528,0.18142139432857599,-0.0023696682464455,0
2023-10-19 00:00:00+00:00,-0.09140966181788367,-0.5169126189691641,-0.2929280321139273,0.5450469005251457,0.3553368161402111,-0.19849438347155623,-0.0168646080760095,0
2023-10-20 00:00:00+00:00,-0.0981308556795272,-0.9609727810582219,-0.4049581951568241,0.44693522911382366,0.2042870473223993,0.13311920634323932,0.0384150761053394,1
2023-10-23 00:00:00+00:00,-0.23952089228955933,2.137232679942164,0.6540686250763602,0.38053957041323344,-0.18274220518155548,1.0698253101788728,0.0158213122382504,1
2023-10-24 00:00:00+00:00,-0.10941842879139912,0.8674529720289642,-0.7447940269671097,-0.001197232675507552,0.14726816719846575,0.09102508097757174,-0.0430600091617039,0
2023-10-25 00:00:00+00:00,-0.14894606976718186,-2.611623331305898,-0.06914098997340949,0.07792675584035084,-0.11296469718101829,0.3524015530783563,-0.0347056007659167,0
2023-10-26 00:00:00+00:00,-0.22449496390620474,-2.3274989350657065,0.6814481451690355,0.5598835418217333,0.0297414650425999,0.21394816183950893,0.0042152243987105,1
2023-10-27 00:00:00+00:00,-0.16154808805747706,-0.22766552477454924,-0.4970140283397679,-0.04082920589068126,0.21076108809329663,-0.35718761259142345,0.0162962962962962,1
2023-10-30 00:00:00+00:00,-0.17702568925243442,0.5771585673599987,-0.45237560823637585,-0.10963434461871699,0.08248217844803815,-0.019082612364298954,-0.009232264334305,0
2023-10-31 00:00:00+00:00,-0.21747793818985678,-0.29161179816866345,0.11000102676559817,0.4134223393740992,0.012240306946047693,0.49485508077997636,0.0380088278567924,1
2023-11-01 00:00:00+00:00,-0.24917660578018277,2.074480492001934,0.007221952964670167,-0.02634286300338713,-0.04854165723604484,0.4593429358074103,0.0278762107252539,1
2023-11-02 00:00:00+00:00,-0.1796570796456487,1.106870326383489,-0.5967796568848581,-0.18019724004621807,0.2374324097682159,-0.4001970744208797,0.0344748333716387,1
2023-11-03 00:00:00+00:00,-0.22293499868577282,1.6652411988394717,-0.03118601145481496,-0.12510554836341495,0.0014444552356477455,0.18923563517940015,0.0164407909353476,1
2023-11-06 00:00:00+00:00,-0.15131100018846577,0.8163789194017496,-0.6123975465394674,-0.2574264425364439,0.10924835594871893,-0.12249776076729328,0.0043715846994536,1
2023-11-07 00:00:00+00:00,-0.11988790704752934,0.25076497210598014,-0.8147523253536432,-0.4473054743636867,0.00596145364794641,0.028507430050881306,0.0134929270946679,1
2023-11-08 00:00:00+00:00,-0.09850504731383755,0.7250863717926017,-0.8959570228733997,-0.4375120516089306,0.06307449728093463,-0.06976121690675907,0.0081597595018252,1
2023-11-09 00:00:00+00:00,-0.1355776706027306,-0.002825332280637103,-0.012414368179724165,0.31705558473778084,0.3590853194848202,-0.4978062958940261,0.0296059637912673,1
2023-11-10 00:00:00+00:00,-0.10705960070129879,1.4502163527229412,-0.44216014407929427,-0.14619764202967359,0.1516671003664996,-0.09929705853384209,0.0057923045097225,1
2023-11-13 00:00:00+00:00,-0.060881374891406145,0.343591513037985,-0.7846739815879157,-0.28004299360257773,0.11566703441998587,-0.06040973655086332,0.0213903743315508,1
2023-11-14 00:00:00+00:00,0.019531532488850357,0.8203397763979035,-0.8867180199932153,0.055239068289299385,0.3508852086447774,-0.5643605603597439,-0.0155054369714054,0
2023-11-15 00:00:00+00:00,0.021307474876731597,-1.1182775625419235,-0.2668667379265916,0.53068920421462,0.22058525120566252,-0.09121717702046021,0.0120679075475556,1
2023-11-16 00:00:00+00:00,0.06427004173883212,0.7928784433333114,-0.8789408249039575,-0.04424497295133377,-0.029909636161155214,0.3141562516562285,-0.0036378334680678,0
2023-11-17 00:00:00+00:00,0.14210719971966757,-0.17991059866332929,-1.3679473833608224,-0.04940158458945173,0.12813392347018707,-0.1555352352016434,0.0225152129817443,1
2023-11-20 00:00:00+00:00,0.08789708685487062,1.2919100160394419,-0.5280397372098389,0.38365513606814294,0.06690172479293298,0.2640780867101999,-0.0093235469152945,0
2023-11-21 00:00:00+00:00,0.09446032970358209,-0.4495996481250053,-0.2948293542091606,0.9449939331974304,0.38149720267703124,-0.19594688952678257,-0.0244293151782137,0
2023-11-22 00:00:00+00:00,-0.03654639344817776,-1.5975735225493022,1.3659977043773734,2.2632629594474625,0.7478606611745251,-0.13878882460450437,-0.0192939244663382,0
2023-11-24 00:00:00+00:00,0.1444859992873934,-1.035728778375949,-1.3777736938953333,0.020648570798810006,0.12437397375758522,0.3518560693487321,0.0096274591879448,1
2023-11-27 00:00:00+00:00,0.12734449778660845,0.5919861662357414,-1.146300437235655,0.356001123225999,0.31182014865736196,0.1391715638949795,-0.0087064676616915,0
2023-11-28 00:00:00+00:00,0.14120677661888031,-0.4760609253446427,-1.2410570692539191,0.37887323550277924,0.366372573840284,-0.0491506914468167,0.0066917607695524,1
2023-11-29 00:00:00+00:00,0.14665891144504054,0.17658465338336882,-1.2057339381806658,0.3617032798385922,0.3640947380657691,-0.11607845525702572,-0.0284586622351474,0
2023-11-30 00:00:00+00:00,0.09016132511754352,-1.706161818881805,-0.35099505817424254,0.9691252768834153,0.38233264231375336,0.048110126632595805,0.0,0
2023-12-01 00:00:00+00:00,0.12581127823417154,0.1313477332477141,-1.1634369242293086,0.31685213746010443,0.2101897396518775,0.3182670768053849,-0.026940346375882,0
2023-12-04 00:00:00+00:00,0.1271606312249483,-1.275193157995383,-1.048133830857472,0.6205128787705779,0.30041997980010743,0.21396106902405976,0.0232915842671941,1
2023-12-05 00:00:00+00:00,0.06965134599192638,1.3583441077123637,-0.7842479635466248,0.3302141486820656,0.09797355233460804,0.5903397704450382,-0.0229761649130341,0
2023-12-06 00:00:00+00:00,0.06446280821772736,-1.7678549238508918,-0.5211630938890058,0.4544144001019549,0.17089254633144382,0.18532023198739553,0.0241758241758243,1
2023-12-07 00:00:00+00:00,0.07173119798113145,1.3307659692614522,-1.0247847558990282,0.14881375773002972,0.14869013475275353,0.3116450018213886,0.019527896995708,1
2023-12-08 00:00:00+00:00,0.08172698474899251,1.1423047769523749,-0.8822252414707662,0.21768871930495115,0.06944290605900326,0.39215949784228465,-0.0185224163334033,0
2023-12-11 00:00:00+00:00,0.0696360908173677,-1.16204516081274,-0.30711390070760863,0.9160405481022598,0.31430150674878155,0.0965338887662811,0.0220887840446064,1
2023-12-12 00:00:00+00:00,0.04071657047805584,1.5086718666895813,-0.5031440595920815,0.27246429392761534,-0.0980724891056577,0.9124130077942653,0.0090222408728495,1
2023-12-13 00:00:00+00:00,0.10319498126815939,0.5651602245753554,-0.8757751744387757,0.5580212073413879,0.31996091066791377,0.06266791422067294,0.0054065294239966,1
2023-12-14 00:00:00+00:00,0.11605424669180803,0.17250004274682249,-0.8915740778798332,0.4092824284749834,0.22968234203904392,0.11581886634562387,0.0111685625646329,1
2023-12-15 00:00:00+00:00,0.08627716951553419,0.7141661476790656,-0.5790346171215259,0.6959723014388386,0.2967499055823246,0.24784872569361743,0.0243403559010022,1
2023-12-18 00:00:00+00:00,0.08753722104610727,1.187186192066628,-0.7269602407890434,0.36700394628061206,0.2691106435481386,0.1512843466061893,-0.0095846645367411,0
2023-12-19 00:00:00+00:00,0.13903244095155406,-0.23494405317466382,-1.0750070351270462,0.5514256055205933,0.3824466382257665,0.07454614877957297,-0.0300403225806451,0
2023-12-20 00:00:00+00:00,0.11029190512014724,-1.9014757047166042,-0.5573877024772154,0.4307263249219451,0.14026306866434987,0.21226096988195572,0.0182914155061317,1
2023-12-21 00:00:00+00:00,0.21519167970901001,0.8243436290475157,-1.4428605762851228,0.05800782034246939,0.15492419956941508,-0.18553792835022012,-0.0032659726474791,0
2023-12-22 00:00:00+00:00,0.2322746976321714,-0.24853691839223543,-1.546993338970051,-0.06831545090118187,0.004930619649188396,0.08563408283035472,0.009215646119189,1
2023-12-26 00:00:00+00:00,0.2513712028637651,0.5508439349109416,-1.681641225749554,-0.1100257072431245,-0.016845236670079786,0.08629680190652314,0.0028409090909091,1
2023-12-27 00:00:00+00:00,0.28280704004718743,0.14609640001152968,-1.7878730905059772,-0.10480878716995552,-0.01644092281837288,-0.031120732967825353,0.0020234722784298,1
2023-12-28 00:00:00+00:00,0.3065243474437232,0.11883182003935319,-1.82423107135885,-0.0250636349654117,0.013707488102323927,-0.13794300186670594,0.0,0
2023-12-29 00:00:00+00:00,0.2695167354124995,-0.12233079791806409,-0.8528743124555423,0.7950159022569255,0.12778409575174088,-0.07142426437021128,-0.0272617124394184,0
2024-01-02 00:00:00+00:00,0.2409178187225304,-1.556638840381398,-0.5154447377814196,0.8763971538061055,0.014334913044714884,0.10796632950320438,-0.0124558854058542,0
2024-01-03 00:00:00+00:00,0.29667926574826076,-0.38000139347484796,-1.3415363852004014,0.4518116495233591,-0.06265791383783148,0.21316668161351426,0.0090393104898045,1
2024-01-04 00:00:00+00:00,0.28612894040192716,0.47310259420034123,-1.235788732320937,0.44372992608182316,-0.027503518343193603,0.09770033042888485,0.0229166666666666,1
2024-01-05 00:00:00+00:00,0.24896048106655932,1.1406542947263782,-0.6494737635316975,0.9606616329189934,0.14144216722452663,-0.0019446818656568225,0.0641547861507128,1
2024-01-08 00:00:00+00:00,0.04764833467245784,3.371686820237249,1.4476532972124505,1.708577352212145,0.05619203763656204,0.5239748547727642,0.0170334928229665,1
2024-01-09 00:00:00+00:00,0.07582806680887488,0.77908118333965,1.3771514373055707,2.1040437500488016,0.44447642019591505,-0.036813345451899786,0.0227700414000753,1
2024-01-10 00:00:00+00:00,0.21809738128538372,1.1607634754371994,-0.39005340074066974,0.9946396354651537,0.41765873634536693,-0.34758755360092275,0.0086476540938362,1
2024-01-11 00:00:00+00:00,0.19536329485927587,0.197908609948649,0.09012569971943638,1.2506551366002858,0.48531063418789716,-0.30112233589842463,-0.0020065669463699,0
2024-01-12 00:00:00+00:00,0.3162378043244077,0.034714271685123504,-1.3943112111711073,0.1869107335004365,0.2151156859449707,-0.1110315933793404,0.0305245841710839,1
2024-01-16 00:00:00+00:00,0.21475984586409425,1.5966048826707646,-0.11934547128693423,0.5913982882017165,0.10648806082692222,0.3362264411138559,-0.0058531394111388,0
2024-01-17 00:00:00+00:00,0.27132526641966853,-0.3791833922737692,-0.35250548507260093,0.7035759383985303,0.2362242745539451,0.0027276875131717056,0.0189116859946476,1
2024-01-18 00:00:00+00:00,0.27994002423051423,0.6309920120196135,-0.383236679921728,0.7302883896734171,0.4392752027416363,-0.39786446173854534,0.0416739625284539,1
2024-01-19 00:00:00+00:00,0.21878972359477783,2.004594392960128,0.36696802352932617,0.8709524557816397,0.27656602750510195,0.12158107735146335,0.002689527651706,1
2024-01-22 00:00:00+00:00,0.3533241670602102,-0.027337885930593702,-0.7929610581315839,0.5621163792736094,0.43749309170371226,-0.2571164257175306,0.0036881810561608,1
2024-01-23 00:00:00+00:00,0.380391695767355,0.25522719847502884,-1.2075552872924136,-0.07701342117265478,0.09376807827130729,0.3196483332990365,0.0248872557207282,1
2024-01-24 00:00:00+00:00,0.25104244922272073,1.1539320879497317,0.5281239630856563,0.9563725829148291,0.29210370380139516,0.502230928836872,0.0042372881355932,1
2024-01-25 00:00:00+00:00,0.3383513157224589,-0.13883680860502937,-0.44803903622931435,0.5448076671803258,0.5220757215665649,-0.12489549617018393,-0.0095748133722817,0
2024-01-26 00:00:00+00:00,0.37399450311621657,-0.31732987314492234,-1.0873690141345613,0.07365539394381893,0.3463720227806388,0.25730826200605805,0.0235949533016548,1
2024-01-29 00:00:00+00:00,0.3420608538198763,1.2941823736334,-0.8521457291146461,-0.11162728514400136,0.26344472705962124,0.46434815261159873,0.0048023051064511,1
2024-01-30 00:00:00+00:00,0.3916442778558353,0.15225939968477442,-0.9983848384570977,0.11371129848779135,0.5070647804905903,-0.02812903588568836,-0.0197546598693644,0
2024-01-31 00:00:00+00:00,0.38881200388291165,-0.7284079084397195,-0.7921148146883378,0.3160257389537813,0.37875971370154143,0.48736471854905533,0.0243783520234033,1
2024-02-01 00:00:00+00:00,0.3874706572502767,1.2177291817041482,-0.9004406641949954,0.014070098996316319,0.41487241101868433,0.3550475452460731,0.0496588925908296,1
2024-02-02 00:00:00+00:00,0.2951799879085585,2.4351379188582722,0.2458848596560545,0.3281075937458623,0.33070602889298834,0.7305537671836724,0.0479141475211608,1
2024-02-05 00:00:00+00:00,0.3251121767177539,2.047935743978906,0.3853353777911421,0.8636203141421612,0.886605864973028,-0.2551916638832581,-0.016010385114669,0
2024-02-06 00:00:00+00:00,0.3599117038140945,-1.2120120282845142,0.6118129124782533,1.0568840327029856,0.7134680269777575,0.27195055444468097,0.0275579009088242,1
2024-02-07 00:00:00+00:00,0.4274226338669698,1.4893148931491935,-0.02348679657310152,0.3611525587570675,0.42373632847035547,0.6600339637445333,-0.0065620542082738,0
2024-02-08 00:00:00+00:00,0.5606078327876367,-0.3600283311922699,-1.029294292076693,0.04434341297028328,0.5670903851694421,0.04903717181724101,0.0357553130384835,1
2024-02-09 00:00:00+00:00,0.5362751486060967,1.7792664984123103,-0.4242864214732884,0.1260904579951249,0.46750932891100255,0.2570712525824125,0.0016636628309996,1
2024-02-12 00:00:00+00:00,0.49362209523313866,-0.19303198889315584,0.4941299840447354,0.7972897777959179,0.6025829246826717,0.3121714039779317,-0.0016608996539793,0
2024-02-13 00:00:00+00:00,0.4666980664205454,0.2727565542471338,0.723106419212484,0.7028237036281403,0.29789338197066256,1.2291935404096905,0.024539026757244,1
2024-02-14 00:00:00+00:00,0.5645098795508666,1.0594832169309303,-0.23712350996770362,0.2923118125073774,0.6701434290635517,0.17577643192238362,-0.0167794316644115,0
2024-02-15 00:00:00+00:00,0.6525244428738994,-0.9833074100361626,-0.9435988792082773,-0.04934007738743584,0.6191815658994737,0.002276728771432324,-0.0006881365262867,0
2024-02-16 00:00:00+00:00,0.6478570026364419,-0.484661743411118,-0.5681905639241315,0.29540731179075547,0.8026647089732014,-0.2813669776745789,-0.0435201762842583,0
2024-02-20 00:00:00+00:00,0.4962171695213175,-2.641237462774766,1.0859749119137094,0.9328634314417025,0.5622766031864564,0.4089743477816259,-0.0285097192224622,0
2024-02-21 00:00:00+00:00,0.484174731556242,-1.365403028413084,0.37373731968472507,0.5124248450989276,0.6408875492206295,0.3250961866897391,0.1640729212983549,1
2024-02-22 00:00:00+00:00,0.17871127096258177,6.651388744325629,2.830594792517432,0.1825610451094594,0.9040373217834506,-1.3663438789631788,0.0035650623885916,1
2024-02-23 00:00:00+00:00,0.2897243956719792,-0.6876227572701816,2.1628667714627685,0.05869648283175871,0.6254048853099711,-0.6321559142992028,0.0034255265161127,1
2024-02-26 00:00:00+00:00,0.4372386174895586,-0.12529893745968443,0.25541400015701604,-1.126000541352858,0.49889823932827027,-0.593506610623401,-0.0049310911619674,0
2024-02-27 00:00:00+00:00,0.47106964008735686,-0.472406340714387,0.04864960843965903,-1.4772248281949902,0.31555574877705495,-0.27619332095315513,-0.0132147395171537,0
2024-02-28 00:00:00+00:00,0.5134621788637307,-0.5511199604251168,-0.1512798902776783,-1.5301832816706165,0.26904020252603233,-0.1307109239198538,0.0186711305691475,1
2024-02-29 00:00:00+00:00,0.5122790413272807,0.6506709080267049,0.11583862253198479,-1.1790620783061476,0.6273670002043383,-0.7643370299805937,0.0400707875110606,1
2024-03-01 00:00:00+00:00,0.4611198083392686,1.9581599165764265,0.6860034652880832,-1.2893709029333529,0.34486169199497896,-0.019682828743561028,0.0359747204666989,1
2024-03-04 00:00:00+00:00,0.4537315082172707,1.4065455246625174,1.3291135793897517,-0.8299564873820119,0.5230027346918664,-0.1705523740428155,0.0084467386203659,1
2024-03-05 00:00:00+00:00,0.5822350765752466,0.37641474244925255,0.45896422229615824,-1.0972645655498279,0.4844488464017316,-0.1578021343832934,0.0318752908329456,1
2024-03-06 00:00:00+00:00,0.6261912038195274,1.2423021719454055,0.6614719721382615,-0.8851517018636523,0.6930167394598259,-0.5877337545589146,0.0447576099210822,1
2024-03-07 00:00:00+00:00,0.6375706252506671,2.1213584740361053,0.963924681549334,-0.8819920745868131,0.6128242510149838,-0.24425435860998385,-0.0554656307327074,0
2024-03-08 00:00:00+00:00,0.36391989015818565,-4.519716325829194,4.661025753977745,0.8033452948375803,0.6151983401942329,0.2100895654106361,-0.0201073917513995,0
2024-03-11 00:00:00+00:00,0.5385656190527862,-1.186788275068393,1.525747222969736,-0.9604033676275021,0.5173936663086838,0.2458133447284595,0.0715868019120904,1
2024-03-12 00:00:00+00:00,0.45103657265416697,3.243309604371664,2.3530289975855108,-1.1409016446452176,0.4337483360870675,0.36710001083632354,-0.011097813078011,0
2024-03-13 00:00:00+00:00,0.629244051704925,-0.6041181907485139,0.8777952910221923,-1.3198650918954267,0.6742456437138392,-0.26263173735393586,-0.0324568159313456,0
2024-03-14 00:00:00+00:00,0.5971731480921266,-1.8439324041960707,1.1503807690207732,-1.409859239946243,0.5141123349708393,-0.010757318483509878,-0.0011371389583806,0
2024-03-15 00:00:00+00:00,0.576768984835056,0.00740538160560651,1.0889825941133833,-1.4107605733310085,0.6335522655508767,-0.014952582159562458,0.0069444444444444,1
2024-03-18 00:00:00+00:00,0.5178829839967005,-0.5184740326630485,1.8744590395911036,-1.2438802865049081,0.7349177178308862,-0.27717130763779624,0.0107405313736574,1
2024-03-19 00:00:00+00:00,0.5067873399596556,0.7476005309727869,1.9954843069514236,-1.1925056871011706,0.3706229368491905,0.9495937437768254,0.0108501118568231,1
2024-03-20 00:00:00+00:00,0.6937502666361266,0.4538097818322283,0.2270301681063817,-1.7387333606094184,0.7665770385321801,-0.28153939746102463,0.011840212459887,1
2024-03-21 00:00:00+00:00,0.8727915446468082,0.1876858024420168,-0.3655286395995694,-0.8762968045045683,1.1695011876864227,-0.14611110610360817,0.0311679790026246,1
2024-03-22 00:00:00+00:00,0.8259075543623189,1.7393516609360702,0.6633702334003738,-0.5363013395001235,0.8114562207782142,0.8287277733345421,0.0075299607593593,1
2024-03-25 00:00:00+00:00,0.9030932622491407,0.41007430739212175,0.19189434602329544,-0.6521695567419781,0.9361088416565034,0.4878498610852018,-0.0256842105263157,0
2024-03-26 00:00:00+00:00,0.9215394015973724,-1.8671977277233787,0.18021205196979337,-0.7478302417933601,0.999272984074399,0.13721818834126673,-0.0249567847882454,0
2024-03-27 00:00:00+00:00,0.8800199512321245,-1.7876368721202667,0.48301272585936755,-0.6091043598053747,1.0340326394298418,0.20760461610881784,0.0012188365650969,1
2024-03-28 00:00:00+00:00,0.9345791696792969,0.08042163374098878,-0.4249314891423543,-1.1414026628733371,0.9643230132709847,0.27036434462007003,0.0,0
2024-04-01 00:00:00+00:00,0.9117885360815681,-0.09637792123538798,-0.09347145813484072,-0.9902944050892108,0.909417439032269,0.4732848213345052,-0.0100708277999114,0
2024-04-02 00:00:00+00:00,0.9432865985727725,-0.2064643017957215,-0.37226573803941765,-1.0043777958958928,0.7996128754405893,0.7342994863280298,-0.0054779206260481,0
2024-04-03 00:00:00+00:00,0.9729664566244774,-0.12588146975224687,-0.6863251571915671,-1.168732461697103,0.8269564634093488,0.47278330883354536,-0.034285071942446,0
2024-04-04 00:00:00+00:00,0.9069624243987521,-2.6031223527957614,0.377201894211546,-0.7540163027506902,0.7827298584840937,0.33916713446831853,0.0244441857758119,1
2024-04-05 00:00:00+00:00,0.946821968025099,1.1159870717223506,-0.29565375962339824,-0.9340719058679853,0.8297188891611491,0.37651900592963095,-0.0099988637654813,0
2024-04-08 00:00:00+00:00,1.1035656482014333,-0.7865937763641154,-1.0225770304927555,-0.9450747295288099,0.7194355119274128,0.2156199885114186,-0.0204292436589005,0
2024-04-09 00:00:00+00:00,1.0024395181770351,-1.4958490607475543,0.4961024999901161,-0.07360409816967009,0.6305808555645334,0.6083441739267744,0.0198008201523141,1
2024-04-10 00:00:00+00:00,1.0490342720439072,1.404429102033376,-0.006490089123185142,-0.0767534946928648,0.4865522566144939,1.423774462551844,0.0411305147058822,1
2024-04-11 00:00:00+00:00,1.0587468296939009,2.179052610448988,0.16434792942797466,-0.1487459328141832,0.5205808745133166,1.0185271461454546,-0.0268152725667624,0
2024-04-12 00:00:00+00:00,1.1815093737507794,-1.423970077397111,-0.6360670030079747,-0.08355094631574178,0.7031386479989293,0.4262576097056738,-0.0248327474770382,0
2024-04-15 00:00:00+00:00,1.118003220576035,-1.8856276241420935,0.2623986244202981,0.10961227268856669,0.5548373574869319,0.5258995259574422,0.0165116279069768,1
2024-04-16 00:00:00+00:00,1.1988431818117182,0.8482309606640341,-0.7032868928000592,-0.2781821848974269,0.5854000405406184,0.3097100279364656,-0.0387783115991764,0
2024-04-17 00:00:00+00:00,1.13264979656641,-2.7355589820910016,0.5459795900355238,0.3672654524296032,0.517558668273166,0.25088853750214873,0.0076163275020826,1
2024-04-18 00:00:00+00:00,1.11350184833522,0.06388284789084894,0.24277083358418663,0.09668040527851333,0.46207182165252625,0.40369989647350113,-0.1000354316759182,0
2024-04-19 00:00:00+00:00,0.797656105490231,-6.230799662037583,3.525872484580993,1.4310584313785994,0.20471893580861578,0.8131722495115746,0.0435695538057741,1
2024-04-22 00:00:00+00:00,0.8670053746478947,1.824466412748396,1.2236294741147808,-0.014960493210373132,0.47240308695413896,-0.11876395600862655,0.0364688128772636,1
2024-04-23 00:00:00+00:00,0.9214344073404883,1.7065886162901507,0.30063450768476047,-0.6769504123670246,0.3165221021676871,-0.16343682222403882,-0.0332443581654937,0
2024-04-24 00:00:00+00:00,0.8739929826870136,-2.621234645451862,1.161874241229329,-0.20304078533545497,0.27242584140256765,-0.1907741112555292,0.0370230923694778,1
2024-04-25 00:00:00+00:00,0.7917646956822559,2.1182550508161984,1.464094312448191,-0.6502871238720284,-0.31869538889254834,1.1712835390461434,0.0617209246036549,1
2024-04-26 00:00:00+00:00,0.7836388649306445,3.024208506972895,1.8192701004731149,-0.40227102820154875,0.015637796057422163,0.38713661056589777,0.0003419582810897,1
2024-04-29 00:00:00+00:00,0.9632278196698363,-0.04086370360863612,0.1932857763474252,-1.0235092594176507,0.09913283087402866,-0.1633156789193801,-0.0154968094804011,0
2024-04-30 00:00:00+00:00,1.0008301808374869,-0.8723739052438708,-0.013041436733501905,-1.097576630101963,0.08175757655514124,-0.22272154599547458,-0.0388888888888888,0
2024-05-01 00:00:00+00:00,0.885617207761905,-2.242925057965155,1.3876200762303017,-0.3533531492065484,0.056040038452005926,0.12606179530363884,0.0334778420038535,1
2024-05-02 00:00:00+00:00,0.923842956688746,1.4643092633441757,0.5087115531801001,-1.1370885536809758,0.07803545424091798,-0.18351068127102713,0.0346073176415755,1
2024-05-03 00:00:00+00:00,0.965666513519182,1.4639425616116473,0.2254841376595164,-1.1232548328424627,0.2576636897732125,-0.6099412970227841,0.0377294740398692,1
2024-05-06 00:00:00+00:00,0.9398206106219203,1.936737642329194,0.5578145163404354,-1.2537347462282913,-0.0025316619406857335,0.03531829624636142,-0.0172563490340785,0
2024-05-07 00:00:00+00:00,1.0169848745484749,-0.8758327177804485,0.31814309236748717,-0.9875179678288507,0.1332674359945553,-0.2587947158552958,-0.0015461071231364,0
2024-05-08 00:00:00+00:00,1.0739207646571047,0.13596398848136565,-0.2682888204705251,-1.4245164094686524,0.03688681230973873,-0.18912519368972683,-0.018360800796372,0
2024-05-09 00:00:00+00:00,1.0712489191957724,-1.2157622849272804,0.1462280912486282,-1.0904969272480918,0.13652326995660355,-0.3942898816089684,0.0127323943661972,1
2024-05-10 00:00:00+00:00,1.0926940570930763,0.31822938939057627,-0.10314251609047342,-1.2582851017873458,0.1967061381271502,-0.5954655191117199,0.0057854917668003,1
2024-05-13 00:00:00+00:00,1.1105685996268084,0.12552454550005326,-0.14901388180951286,-1.360037478046326,0.014964151629834947,-0.2558751009505526,0.0106194690265486,1
2024-05-14 00:00:00+00:00,1.1043346231849298,0.7322409002917698,0.019890632738909213,-1.33035584452622,-0.14471532643510115,0.18326629969216948,0.0357924693520139,1
2024-05-15 00:00:00+00:00,1.0993924834440447,1.7159341359398754,0.6150407682370976,-0.8088030583418842,0.09564977550814431,-0.15664817024833963,-0.0028532177956249,0
2024-05-16 00:00:00+00:00,1.2286436763990547,-0.24326325339271584,-0.405267362933579,-1.175157458911353,0.14890484123715095,-0.5455926297473174,-0.0199236964815598,0
2024-05-17 00:00:00+00:00,1.334581310603504,-1.2487672957602065,-0.26822690876321037,-0.33046717484311994,0.22734804139210069,-0.08916770635084181,0.0248702422145328,1
2024-05-20 00:00:00+00:00,1.3917505721786478,1.1746533292956587,-0.6183265902217291,-0.4815549428077557,0.2709658238586047,-0.2471301675342504,0.0064359569529437,1
2024-05-21 00:00:00+00:00,1.4155640521182273,0.6391836003149987,-0.48917970989419896,-0.36273735754340247,0.08829511652562447,0.28915530077480417,-0.0046126428346786,0
2024-05-22 00:00:00+00:00,1.4109023407034766,-0.33179675670661457,0.26962318223145787,0.7056305918879376,0.5834007504758764,-0.3535920072048063,0.0932069510268562,1
2024-05-23 00:00:00+00:00,1.2393334991983262,3.6170018306782348,2.2965873765611344,1.4723259831052282,1.1092700527119543,-1.3712876783114012,0.0257225433526011,1
2024-05-24 00:00:00+00:00,1.4459447692697027,1.295770739286542,0.27534484662317354,-0.10778014863043939,0.29591622303282183,0.06583143946725199,0.0697849159387622,1
2024-05-28 00:00:00+00:00,1.3929950334402434,3.1230343782321137,1.6419477896282018,0.5804271130050791,0.6342708187369449,-0.3846572981496043,0.008165057067603,1
2024-05-29 00:00:00+00:00,1.522309197425884,0.5146148503762286,0.8884792379018503,0.15613723794805434,0.42250368555540196,0.17504897391520655,-0.0377079160498127,0
2024-05-30 00:00:00+00:00,1.5912123536939677,-2.426054402824562,0.9424179218207833,0.02354542218942205,0.31269834460663753,0.15742530040765865,-0.0078733031674208,0
2024-05-31 00:00:00+00:00,1.5695711710392966,-1.0547080770637374,1.324940181611978,0.40905044406980295,0.6529832255943389,-0.2859694031564568,0.0489829426251939,1
2024-06-03 00:00:00+00:00,1.6577011381452984,2.024001387899974,0.21950243957408996,-0.4785804530494854,0.6686527510870681,-0.547802124795102,0.0125217391304348,1
2024-06-04 00:00:00+00:00,1.7334010364966201,0.5805758503383185,-0.19014852621202172,-0.6093713659821494,0.5527245326057676,-0.2135694008440269,0.0515286843009274,1
2024-06-05 00:00:00+00:00,1.674943870762042,2.5045599512768524,1.0338989541113708,-0.148155386043534,0.5349460481306448,0.14926790601846895,-0.0117608624632472,0
2024-06-06 00:00:00+00:00,1.6837467597110076,-1.2282975336704545,1.6967093524863126,0.36800156340711226,0.7154958082905858,-0.040408993256403236,-0.0009090909090908,0
2024-06-07 00:00:00+00:00,1.8243352589048776,0.09149786450355063,0.06595837569404046,-0.6951253460933667,0.5000754116993823,0.3099951088535203,0.0074447845148482,1
2024-06-10 00:00:00+00:00,1.8097215780182472,0.33467766415728856,0.5141547938027974,-0.9783804524805993,0.1702474111496559,0.9160871371922117,-0.0072255521799819,0
2024-06-11 00:00:00+00:00,1.9185282489357887,-0.5220865683846866,-0.35601318718988123,-1.3632608765902245,0.272090751686257,0.43597705256388714,0.0354809362335621,1
2024-06-12 00:00:00+00:00,1.9102849266886064,1.586549096890791,0.09725812363811866,-1.1364711184618541,0.41117948700508233,0.27863761248218866,0.035223642172524,1
2024-06-13 00:00:00+00:00,2.038246397811837,1.3273948395531838,-0.513430988406753,-1.2976990235349612,0.618523670889192,-0.36456332021856336,0.0175140807036493,1
2024-06-14 00:00:00+00:00,2.055813818696457,0.8700316311433917,0.06491209626335746,-1.06635399727305,0.3721124409474876,0.436658771556175,-0.0068243858052775,0
2024-06-17 00:00:00+00:00,2.1563071667136646,-0.6618248706589248,-0.25450598088709614,-1.0752632808681957,0.4979225735831214,0.0858282691185474,0.0351198656283404,1
2024-06-18 00:00:00+00:00,2.1433152349250424,1.886190212255097,0.3854722719468543,-1.091070288960837,0.2386367866304327,0.8571725197438387,-0.0354034518365541,0
2024-06-20 00:00:00+00:00,2.0722120363049683,-3.143653248687694,2.14592983340695,-0.12183384880430821,0.48204268409031154,0.2510325481282888,-0.0321914665851048,0
2024-06-21 00:00:00+00:00,2.11137562195425,-1.5107477368343676,1.4697677377855702,0.022522816102511937,0.5972358665666617,0.38720502116794586,-0.066840483526902,0
2024-06-24 00:00:00+00:00,2.1449080176950766,-3.6662802855984844,0.9635456032053129,-0.4364051748010053,0.3391348482745982,0.3782737086137514,0.0675641351282703,1
2024-06-25 00:00:00+00:00,2.0176106373585876,3.101546381101627,1.6440052319471536,-0.8789547404265838,0.20357368748421992,0.5082968346874426,0.0024585613450709,1
2024-06-26 00:00:00+00:00,2.1633841702889396,-0.022630426428829502,0.6328394799139544,-0.863355688860291,0.2627894478767852,0.33155382760775737,-0.0190664556962025,0
2024-06-27 00:00:00+00:00,2.2515976912018867,-0.7992974069996166,-0.28421509019436997,-1.3132896288906575,0.10773628140065994,0.32194678805529847,-0.00362932494556,0
2024-06-28 00:00:00+00:00,2.2285163427539807,-0.4485427128532827,0.3216919852987938,-0.8802837049390264,0.22106802227679634,0.15107281861702979,0.0061518536506393,1
2024-07-01 00:00:00+00:00,2.2399894040851382,0.19282065563399844,0.5989212898384545,-0.9050677527004096,-0.03196606989155341,0.586740894376233,-0.0131134352373289,0
2024-07-02 00:00:00+00:00,2.366857072833089,-0.21761940719761863,-0.7124839883854427,-1.207292039731744,0.015556795774193569,0.41396208729579076,0.0457324529224749,1
2024-07-03 00:00:00+00:00,2.2370875850747862,2.6467684559185454,0.8418249208131343,-1.1550378231769847,-0.452973417169775,1.366152954492848,-0.0190988462737761,0
2024-07-05 00:00:00+00:00,2.444046059423653,-1.0097041548566812,-0.5696004303238722,-1.054540433275958,0.03610149975850078,0.033752925859438385,0.0188349360247952,1
2024-07-08 00:00:00+00:00,2.457513213355509,0.7686773545203883,-0.1234142717115981,-0.8413178370886597,0.03200794811430839,-0.09641020114051868,0.024804992199688,1
2024-07-09 00:00:00+00:00,2.455051984201967,0.9767375834083072,0.47827072501928847,-0.5417848177497899,0.014095459768441086,-0.016514506365988293,0.0268686253615466,1
2024-07-10 00:00:00+00:00,2.569060414039631,1.1434854328762192,-0.2996406059231385,-0.8222124136105781,0.16865767888339323,-0.49027059101643883,-0.0556667407901563,0
2024-07-11 00:00:00+00:00,2.433973652937486,-3.7526060702692186,1.6048128817820246,-0.06554603954844099,-0.07333908101114224,-0.005631029916108405,0.0144427001569857,1
2024-07-12 00:00:00+00:00,2.501562784690499,0.5996969120133125,0.31402108993258093,-0.8779552180283456,-0.10879147457178391,0.0404670976387902,-0.0061900340451873,0
2024-07-15 00:00:00+00:00,2.554966552789981,-0.6589205475924659,-0.1427690874427857,-1.0331889569847263,-0.06777540419605234,-0.17336822867094379,-0.0161943319838057,0
2024-07-16 00:00:00+00:00,2.54518180945242,-1.0486637016712574,-0.06471629636667177,-0.9550096495182405,-0.1495969507239617,-0.002555238165474678,-0.0662393162393162,0
2024-07-17 00:00:00+00:00,2.432018398387243,-3.2645690862511647,0.8070192096538444,-0.17482132271296655,-0.117442827609273,0.08176496800957275,0.0262734130011017,1
2024-07-18 00:00:00+00:00,2.344064702024167,0.6629422806848444,1.060974599856508,-0.5239244314010996,-0.004366947305882452,-0.3769547408477995,-0.0260962920142042,0
2024-07-19 00:00:00+00:00,2.4225082162004514,-1.5142774782720962,0.012891219942041189,-0.9849216100384344,-0.2890396267711001,-0.07041190309480896,0.0475705927244975,1
2024-07-22 00:00:00+00:00,2.3790405904184855,2.238662468597573,0.5987482849681024,-0.7574400178525544,-0.24924837869246447,-0.27219698266872255,-0.0076898170632994,0
2024-07-23 00:00:00+00:00,2.5283060259487566,-0.3204127082878977,-0.5966789185367597,-0.9919112665886409,-0.3235428794542141,-0.1699893192914325,-0.0680316502161677,0
2024-07-24 00:00:00+00:00,2.4150102428314932,-3.6948243234687155,1.0640497603174865,0.18862057376419133,-0.3609475044765032,0.17230653679296665,-0.0172428884026257,0
2024-07-25 00:00:00+00:00,2.186245302061316,-1.2265243561638872,3.1216879368705372,1.0610077489009129,-0.4344760541766997,0.753934356458479,0.00694691841824,1
2024-07-26 00:00:00+00:00,2.3415423490628977,-0.4404432296955476,0.6182832422449663,-0.15952727872286693,-0.008016095405755683,-0.80093368282249,-0.0130019458694498,0
2024-07-29 00:00:00+00:00,2.309903449151886,-1.0282947538580272,0.4908993725953181,-0.3978263295757473,-0.3466958955470424,-0.13512888274462953,-0.0704364190339635,0
2024-07-30 00:00:00+00:00,2.0716937658476824,-4.620095804060357,2.9173552318668245,1.053160174301164,-0.2564217123972645,-0.10431683581318188,0.1281210835823771,1
2024-07-31 00:00:00+00:00,1.9122561723535632,5.138662423508608,3.2013403988702014,0.048140338810425926,-0.048600366766565345,-1.2842143339407464,-0.06674072808067,0
2024-08-01 00:00:00+00:00,1.8255440020264087,-4.716850729825272,4.412454268639231,0.5000043892353195,-0.7301694147650898,0.26555995629831836,-0.017763941031041,0
2024-08-02 00:00:00+00:00,1.8532084321761828,-0.2686115312967203,2.7314183905437295,-0.20576505658969169,-0.78551189574345,0.7704140203977394,-0.0635778875734128,0
2024-08-05 00:00:00+00:00,1.5568086682271338,-1.1487641305771854,4.911080502293692,0.1225561887550493,-1.9883562380796345,3.988896204320193,0.0378297660527624,1
2024-08-06 00:00:00+00:00,1.7171763862780474,1.1491940244551213,2.5611495380607847,-0.8002900077578695,-0.45291570090295175,-0.4345038935055723,-0.0512230215827338,0
2024-08-07 00:00:00+00:00,1.6292506099195796,-4.258286680730498,3.1607616760451704,-0.5833486954192255,-0.5960743912009837,-0.3149710530364567,0.0612678192296027,1
2024-08-08 00:00:00+00:00,1.5583445933392297,2.495531065249065,2.9124648140987803,-1.0169914881731386,-0.6901860857690151,0.01395579404369057,-0.0020958369057826,0
2024-08-09 00:00:00+00:00,1.74786059624905,-0.3645000226429413,0.6452841773082753,-1.6328772052661955,-0.39573282794554815,-0.8896188605090296,0.0407637231503579,1
2024-08-12 00:00:00+00:00,1.654354018813918,1.8605687373307178,1.514826488788341,-1.5575902481876747,-0.5392314125316128,-0.4580687201180561,0.0653091175931022,1
2024-08-13 00:00:00+00:00,1.6666002659521575,2.935524605281359,1.5250443504716058,-1.803210805377495,-0.4837450546402526,-0.7508428751429636,0.0167039779576372,1
2024-08-14 00:00:00+00:00,1.7876319109154697,0.38075164566205416,1.2364391538735076,-1.5332551242928696,-0.3149783365328094,-0.9660735974338445,0.0404810298102982,1
2024-08-15 00:00:00+00:00,1.786121643711846,2.0266276377963903,1.657399800006985,-1.6754684351636828,-0.6203930819883385,-0.1721593071705342,0.0139996744261761,1
2024-08-16 00:00:00+00:00,1.9136364072498524,0.8734454417750313,0.9058566058226649,-1.8182749473898179,-0.46326273099377735,-0.4544129832302318,0.0435061807673784,1
2024-08-19 00:00:00+00:00,1.888484851075639,2.361947892921424,1.80539432174621,-1.7157319457949103,-0.6619883850953717,0.18701846675633696,-0.0211538461538461,0
2024-08-20 00:00:00+00:00,2.0382362421497833,-1.1067570189680855,0.7256542274583759,-1.8641435567021232,-0.3555437181274738,-0.6124120532031271,0.0098231827111985,1
2024-08-21 00:00:00+00:00,2.1171264951228346,0.5169586409674797,0.27722103183918134,-1.960425129712911,-0.23483439727947295,-0.6929302077537364,-0.0370428015564202,0
2024-08-22 00:00:00+00:00,2.0417616258625566,-2.7366144871330618,1.825289281270226,-1.1988499016360852,-0.2870469235243281,-0.6236581658567287,0.0454986261516083,1
2024-08-23 00:00:00+00:00,2.0701284505953783,2.1504584684823875,1.1869399866405559,-1.7071263316893894,-0.25790014797003036,-0.6247085919231035,-0.0224936229419495,0
2024-08-26 00:00:00+00:00,2.066222714645463,-1.620373999673164,1.563148436803184,-1.5533554664996498,-0.39812515437748713,-0.38059312072246176,0.0145500553534716,1
2024-08-27 00:00:00+00:00,2.1265275152867895,0.9306071062161663,1.1453546498388492,-1.5687029921145492,-0.44783827869761217,0.0814523034897648,-0.0209664848012471,0
2024-08-28 00:00:00+00:00,2.1979472648078766,-1.385781284758482,1.2614447452091209,-0.4508567635537284,0.11447515265867787,-0.42853944339900263,-0.0638484197118063,0
2024-08-29 00:00:00+00:00,2.1419987649160475,-3.3952504501135157,1.7879577760402452,-0.27895404683832214,-0.24170655277166186,0.3930077574578867,0.0151373416106812,1
2024-08-30 00:00:00+00:00,2.1793741701580247,0.4058505025383378,0.7817829416537546,-0.9213997695553323,-0.007780520558157855,-0.45462825873576007,-0.0952500628298568,0
2024-09-03 00:00:00+00:00,2.029236030109591,-5.546556107902998,2.4250870017383654,-0.12289410777549475,-0.3828815104712571,0.1672706522569376,-0.0165740740740741,0
2024-09-04 00:00:00+00:00,1.8868980823712056,-0.890981588827012,2.6070828116220586,-0.6494490199362564,-0.8231383536476831,1.1367134215672976,0.0094153092929103,1
2024-09-05 00:00:00+00:00,1.9757847268103534,0.6278054708099523,1.0308202449517534,-1.01434793806924,-0.46477480108485236,0.2775804673180839,-0.0408543979106426,0
2024-09-06 00:00:00+00:00,1.9050382657786957,-2.9050778102816572,1.8740438163123196,-0.2537276126507474,-0.2317235746123891,-0.20337500125292823,0.0353982300884956,1
2024-09-09 00:00:00+00:00,1.9464062632633097,1.5756297406242163,0.3247552097665208,-1.2228146234432065,-0.16835771478382552,-0.5907459540617236,0.0153094768479382,1
2024-09-10 00:00:00+00:00,1.9283667972097427,0.4803473195982866,0.6648488355145241,-1.110861593377289,-0.32855654805478124,-0.2109785491180041,0.0814986123959298,1
2024-09-11 00:00:00+00:00,1.7198022677419418,4.052813817232874,3.188599935853474,-0.29752180931420974,-0.6473899726426329,1.0327900626893265,0.0190745017534856,1
2024-09-12 00:00:00+00:00,1.9440023847688535,0.9549501591056266,1.2723394332443614,-0.7798037761071327,-0.28564064831819347,-0.022854631529039122,-0.0003357394661742,0
2024-09-13 00:00:00+00:00,2.1146276171384497,-0.026809894588221923,-0.21549334582933133,-1.4077711556373,-0.1730852018595045,-0.5162552604218135,-0.0194794290512173,0
2024-09-16 00:00:00+00:00,2.1043398902617287,-0.8305197494880381,0.20345982080646557,-1.291573743542189,-0.39268745407602046,0.025991603968692285,-0.0101901010446994,0
2024-09-17 00:00:00+00:00,2.1341541561277464,-0.9542291583270774,0.1341396680547477,-1.2437504774809816,-0.2057523932702835,-0.4651443619735881,-0.0192058136516999,0
2024-09-18 00:00:00+00:00,2.0932640248287298,-1.323412909237715,0.5678799981804363,-0.8322359199608521,-0.15611568939167125,-0.39793509236894703,0.0396930404869013,1
2024-09-19 00:00:00+00:00,2.1000770994021356,1.5445315675962619,0.16492803395978645,-1.1001343363123874,0.09107112252255191,-1.0679002930273112,-0.0158649359463816,0
2024-09-20 00:00:00+00:00,2.097825438765475,-0.8539903133200802,0.48940350542007693,-0.5809437762233871,0.026050793240888992,-0.6321419150778624,0.0022413793103448,1
2024-09-23 00:00:00+00:00,2.158050484723412,0.02873236158355412,-0.47045495224018025,-1.381888138720477,-0.1603279435825483,-0.5067468573549151,0.0396525030104937,1
2024-09-24 00:00:00+00:00,1.9990291345416535,2.052660447785673,1.5551319110248263,-0.6064574535900109,-0.3801037676370336,0.36981167550918675,0.0218416480516256,1
2024-09-25 00:00:00+00:00,2.144948886351352,1.0173311299453156,0.28540556498780356,-1.046215068792965,-0.12403081891596489,-0.45037911128350827,0.0042911505141283,1
2024-09-26 00:00:00+00:00,2.1481328707054583,-0.4882843403756833,0.9285855212176086,-0.773383674227131,-0.14068059711064845,-0.5265414910104688,-0.0212834569493711,0
2024-09-27 00:00:00+00:00,2.240004739337222,-1.3695649346453636,0.35231464801996554,-0.7718788389482807,-0.2117773896867253,-0.21167115846469253,0.0003294892915979,1
2024-09-30 00:00:00+00:00,2.2657306239596235,0.5295756610298148,-0.03577804257404878,-1.0775218900547878,-0.4433386011573055,0.3640599764325159,-0.0365612648221344,0
2024-10-01 00:00:00+00:00,2.2809679245208483,-2.4350792152512253,0.730740866328965,-0.028998205740582754,-0.1371078224237989,0.1574932788987843,0.0158119658119657,1
2024-10-02 00:00:00+00:00,2.3086801940225885,0.9515204635870653,-0.0014678505780897984,-0.5713457143762187,-0.2971542243727548,0.4648216748705528,0.033655868742112,1
2024-10-03 00:00:00+00:00,2.3155145137514164,1.5258701469436757,0.22234540500149347,-0.29376589487097243,-0.027714977906549674,-0.12925053539467968,0.016849816849817,1
2024-10-04 00:00:00+00:00,2.421134184675621,0.6082438939207707,-0.3214161005334476,-0.3235504590483872,0.054557869071954083,-0.2979184096245218,0.0224143451809157,1
2024-10-07 00:00:00+00:00,2.364157385310509,1.1718672202693179,0.8207208808869543,0.31133173409504916,-0.027377079604327934,0.3402397881630108,0.040479173191356,1
2024-10-08 00:00:00+00:00,2.463596914023908,1.8851762992567729,0.1781010791249283,-0.15688502375939728,0.09016724461257632,-0.1390152020601237,-0.0018060049665135,0
2024-10-09 00:00:00+00:00,2.634986204437565,-0.29373918723445286,-0.61972237817982,-0.0527971398334772,0.21285716941822158,-0.18469392199681622,0.0162834526950621,1
2024-10-10 00:00:00+00:00,2.6464813710842354,1.0504553085644333,-0.2672622940600235,-0.05253304079119134,-0.025432191122338403,0.454444159631372,-7.41784734069606e-05,0
2024-10-11 00:00:00+00:00,2.7631283049257984,0.1816027764545002,-1.161434630342798,-0.5162084516014523,-0.00375804543749533,0.16756094997724094,0.0242581602373885,1
2024-10-14 00:00:00+00:00,2.7636191943109276,1.1622171684274196,-0.4987276073189514,-0.08382100673586569,0.16123262043996894,0.014194487723590537,-0.0468602882595784,0
2024-10-15 00:00:00+00:00,2.6172425686486207,-3.0613346168249964,1.6243395660893833,0.8627603038789287,-0.014768895613772603,0.45259918891851797,0.0313069908814589,1
2024-10-16 00:00:00+00:00,2.7085579306489294,1.3607754550546636,0.23922372399927802,-0.023537334153225932,0.07340756244641235,0.10104540240667037,0.008915414087828,1
2024-10-17 00:00:00+00:00,2.784424125765528,-0.06862413802553342,-0.025130428380376678,0.2750229327109924,0.41528799881396483,-0.5543503056905537,0.0078142116409845,1
2024-10-18 00:00:00+00:00,2.904670642293298,0.2689626542533314,-1.2039943649494145,-0.5113893325013582,0.18378776920406342,-0.3274501482775214,0.041376811594203,1
2024-10-21 00:00:00+00:00,2.79353179970331,2.3058505515762215,0.43906810726818285,0.020020637300955737,-0.08803103265893006,0.6528062983011526,-0.0008350149606847,0
2024-10-22 00:00:00+00:00,2.9722356313763245,0.11151148213433117,-0.7119363069694653,-0.18227108775712503,0.1360715009215724,0.0045056248461855545,-0.0280660213106762,0
2024-10-23 00:00:00+00:00,2.9410824171626317,-1.498386391481531,0.06913749259366123,0.23137759419002119,0.11045401241336224,0.08119565748585474,0.006090570364001,1
2024-10-24 00:00:00+00:00,3.0115997019288847,0.18971076557140484,-0.8187657582400479,-0.534600173899974,0.033483838622430345,-0.10113602908896713,0.0080478598390427,1
2024-10-25 00:00:00+00:00,3.025468474327889,0.40259549966856056,-0.5531939689806494,-0.2526499108376812,0.059939708206043,0.027021859165194933,-0.0072064434082237,0
2024-10-28 00:00:00+00:00,3.066642803518629,-0.6239526466701616,-0.8523047421576899,-0.43375461163041384,0.0755022420056713,-0.20734874251714336,0.0051949900370054,1
2024-10-29 00:00:00+00:00,3.08733711426499,0.354806114471018,-0.849568167667878,-0.39464987912730864,-0.07279640087823229,0.3298114139277733,-0.0135221238938052,0
2024-10-30 00:00:00+00:00,3.0986048451766677,-0.5341411036488369,-0.7422764557099878,-0.24298671552252732,-0.07471067966720389,0.3328469327923688,-0.0472226209272284,0
2024-10-31 00:00:00+00:00,3.0211700921840543,-2.6434446649425114,0.18960183887107135,0.37284787323678104,0.02294888004986242,0.04081780524666847,0.019885507683037,1
2024-11-01 00:00:00+00:00,3.032708797075551,0.8808997106997363,-0.5240719942376285,-0.19224028165801535,0.09748683491955384,-0.2899097930494578,0.0048005908419497,1
2024-11-04 00:00:00+00:00,3.0496445359935453,0.00017950194199111555,-0.5400509018800143,-0.21181732025231462,0.01158307728037588,-0.23005260774345818,0.0283719220874676,1
2024-11-05 00:00:00+00:00,3.066716192589665,1.4625751276222376,-0.6642728900755537,-0.36943534225651925,-0.11150527535493367,0.06873336950405723,0.0407404760202989,1
2024-11-06 00:00:00+00:00,3.0427554303145765,1.8704669884137755,0.23026302592626605,0.19454789848246357,0.06460056332852337,-0.18719505360676153,0.0224572488153285,1
2024-11-07 00:00:00+00:00,3.1573996919477967,1.2415933744670506,-0.4432319918441857,-0.11977413783964846,0.030378447880790232,-0.18027653039943678,-0.0083960236432025,0
2024-11-08 00:00:00+00:00,3.2163328391531234,-0.47081759942454915,-0.5994848399673781,-0.32159057868769586,-0.07651395541998757,-0.07750214372342215,-0.0160536476325949,0
2024-11-11 00:00:00+00:00,3.2158728477492726,-1.1654351012941835,-0.1790899926609068,-0.18213030784291215,-0.11143009061561497,-0.03553955873191616,0.0208591491119372,1
2024-11-12 00:00:00+00:00,3.279635976459526,1.0082358529457867,-0.3444765969369107,0.06539840761797748,0.053841561602542394,-0.07738430959198904,-0.0136219569761951,0
2024-11-13 00:00:00+00:00,3.3378032972063343,-0.8951064454382492,-0.6100317231507968,0.09607731491286005,0.10348941892219765,-0.2718076487823105,0.0033499692349763,1
2024-11-14 00:00:00+00:00,3.336957520907062,0.017082887909685037,-0.4728624048328461,0.15472323959686304,0.09237022835394024,-0.246710552743067,-0.0325701826110657,0
2024-11-15 00:00:00+00:00,3.2764461838933294,-1.7187946198861614,0.1834904075065687,0.5703978314335789,0.02551843303795701,-0.007979859406236176,-0.0128891393153963,0
2024-11-18 00:00:00+00:00,3.269950551164223,-0.4112304118314895,-0.09746358267670459,0.4012246702628925,-0.07416504504959183,0.31544946777345617,0.0489475561897965,1
2024-11-19 00:00:00+00:00,3.176681314393233,2.5756924397289143,0.7125421521974882,0.31448162600942076,-0.19084674186228381,0.4311865269696407,-0.0076185293517447,0
2024-11-20 00:00:00+00:00,3.254432232210544,-0.5489284557939578,0.5621600991114135,1.0401340213202739,0.30777008505576925,-0.45031682509918664,0.0053464939337857,1
2024-11-21 00:00:00+00:00,3.0707095856433777,-0.5368925439690941,2.754408344460656,1.8064027427695324,0.16624387688279954,0.19494326458911865,-0.0321810867934819,0
2024-11-22 00:00:00+00:00,3.2340488030172523,-1.9049976611682018,0.2787453316179485,0.30426666211446807,-0.047452599292373485,0.0573000226037197,-0.0417752729834447,0
2024-11-25 00:00:00+00:00,3.154034536123968,-2.6117904495140847,0.9461970952394534,0.9634333628860718,0.2646467807902697,-0.4748302029719767,0.0066166740185265,1
2024-11-26 00:00:00+00:00,3.1663634601779274,0.11315700866763177,-0.3346525061090201,-0.309411172057552,-0.025324752044168605,-0.24171631216235467,-0.0115395851592169,0
2024-11-27 00:00:00+00:00,3.0855161912546625,-0.4754971287400571,0.26376980066163275,-0.010563871042352674,-0.2277148690009966,0.40423027495794456,0.0215014038717304,1
2024-11-29 00:00:00+00:00,3.1462008468972935,1.0396216298512182,-0.6832653040319906,-0.5526068631615025,-0.16867801127607304,0.09040488317865479,0.002748643761302,1
2024-12-02 00:00:00+00:00,3.1725897690637113,0.11223618501110876,-0.7868775514591857,-0.30350272304964104,-0.021783898522066008,-0.1571712326861961,0.0117579167568346,1
2024-12-03 00:00:00+00:00,3.1748430840575095,0.7926022324490363,-0.7674258174853648,-0.37897437207742724,-0.11783389040616855,0.08522378645178748,0.0347925281619847,1
2024-12-04 00:00:00+00:00,3.107588139004923,1.687582142685933,0.3878020814107888,0.1356008600582743,-0.06781488658018237,0.19936286967697392,-0.0005511919525973,0
2024-12-05 00:00:00+00:00,3.2579921418334257,0.02210319821622666,-0.8625744771699803,-0.24523382804283256,0.015370813679990956,-0.0750863988709643,-0.018061491796498,0
2024-12-06 00:00:00+00:00,3.24091590550064,-1.0280632121307616,-0.43022421140462397,-0.02975250784948383,-0.04719838957653893,0.10690569929168711,-0.0254844144903116,0
2024-12-09 00:00:00+00:00,3.248997483777659,-0.9491664372886532,-0.7655428856752774,-0.11823860736493573,-0.09089411461316708,0.2312955165740087,-0.0269433037965565,0
2024-12-10 00:00:00+00:00,3.105714860661327,-1.8306084224816181,0.6403440317783148,0.2066027858713941,-0.27120600654099614,0.5319203485849721,0.031391130524913,1
2024-12-11 00:00:00+00:00,3.113479691558625,1.40737312775205,0.013344283873114959,-0.1627351962360314,-0.14276972930594792,0.17175206686359795,-0.0141411241116933,0
2024-12-12 00:00:00+00:00,3.1805221553370635,-0.4509949184056887,-0.8886298878603358,-0.39349896171796095,-0.18413144383880328,0.17865077906056345,-0.0224989078200087,0
2024-12-13 00:00:00+00:00,3.0514207395505575,-1.738340516925856,0.5643208365077926,0.3097795291270139,-0.10999527415978509,0.05700652464491905,-0.0167597765363128,0
2024-12-16 00:00:00+00:00,3.0807845230914164,-1.005551917727122,-0.14200738123710277,0.2921217869584976,0.055525169808607805,-0.1910353396181284,-0.0121969696969698,0
2024-12-17 00:00:00+00:00,3.007915260277299,-0.3059968704261558,0.24965103918536477,0.43330215101677644,-0.13467093032985358,0.4205627921140235,-0.0113505636935347,0
2024-12-18 00:00:00+00:00,2.925044407805283,-1.456764215171033,1.095184338033458,0.8998450804438243,0.036573527146476,0.14673599072721238,0.013730509657901,1
2024-12-19 00:00:00+00:00,2.9863022625278877,0.2891170032558571,-0.15773603413583268,0.2561700666466711,0.05191660439558332,-0.12068180407033738,0.0307621671258033,1
2024-12-20 00:00:00+00:00,2.873014763473719,1.7910743449972828,1.2765584760483693,0.9941778178550011,-0.15589267415606495,0.7005409851341505,0.0368968077208611,1
2024-12-23 00:00:00+00:00,2.9942788307725765,1.856693754888394,-0.10335441194624127,-0.09353151460122175,-0.2354000523307457,0.3097546321365551,0.0039378535118494,1
2024-12-24 00:00:00+00:00,3.141674047780274,0.20547951835820058,-1.105629475443324,-0.4817075964386732,-0.3020097924024044,0.28087117856873156,-0.0020681785765225,0
2024-12-26 00:00:00+00:00,3.1781207874710584,-0.011313250332259103,-1.0733654966594917,-0.37301561627291097,-0.28660396540083655,0.2861148840203711,-0.0208675766454656,0
2024-12-27 00:00:00+00:00,3.162903500827541,-1.049007234238957,-0.4748421527563443,0.14398246103129753,-0.20940887992191248,0.2325624070383924,0.0035033939128532,1
2024-12-30 00:00:00+00:00,3.0962676540784577,0.44371973670168297,0.11795559268662248,0.15628440808709912,-0.47349106916144423,0.9838992098014542,-0.0232744199578152,0
2024-12-31 00:00:00+00:00,3.160075472368474,-1.4844163694856791,-0.6139519953213648,0.03104985122600962,-0.1559360686527494,-0.029924807811251317,0.0299352148335692,1
2025-01-02 00:00:00+00:00,3.0911431194855807,1.4520007752927664,-0.044543936526048676,0.26884723386370235,-0.09459521657314215,0.02438202872929557,0.0445376328537343,1
2025-01-03 00:00:00+00:00,3.0747255019540907,2.2747233270498053,0.45577490597063236,0.4855100930823029,-0.09827448325870869,0.1349596701475395,0.0343323873468541,1
2025-01-06 00:00:00+00:00,3.1414241406930867,1.3756898811143425,0.3840488310844106,0.6606114680915603,0.23928909699396,-0.6440483811727903,-0.0621695777287025,0
2025-01-07 00:00:00+00:00,2.979947269022516,-4.5969707778103786,2.6670356528481203,1.4345323606064475,-0.07145381816703474,-0.1636682520432698,-0.0002140716426428,0
2025-01-08 00:00:00+00:00,3.0912699265528416,-0.5094619177935489,0.6057074954183808,0.16897143190261732,-0.12834478665886984,-0.19547095787173666,-0.0299764470772965,0
2025-01-10 00:00:00+00:00,3.0985192639362173,-1.4771001651109992,0.26854491112261675,-0.01312965233745802,-0.3594801875575582,0.3182126145267314,-0.0197189316459421,0
2025-01-13 00:00:00+00:00,3.074977969910581,-0.23686189545114486,-0.08218768661501698,-0.1000036723425109,-0.46016780321929196,0.7225817225697133,-0.0110335510020265,0
2025-01-14 00:00:00+00:00,3.0026290106280613,-1.2346529798626298,0.3763646642964028,-0.03045972101431111,-0.21550091187986664,-0.16252279319143942,0.0340012143290833,1
2025-01-15 00:00:00+00:00,2.9781115849218778,1.5948446394672475,0.2786028556791535,-0.23084419764900296,-0.3268802803655315,0.12881392345562245,-0.0195977686435703,0
2025-01-16 00:00:00+00:00,3.0124469953913264,-1.6132688220504487,0.16332768616092685,0.046272543949601404,-0.11100911625681437,-0.47552173113516943,0.0309949839035712,1
2025-01-17 00:00:00+00:00,3.028188343980177,1.3245448537550533,-0.15574403194207806,-0.15199016972835133,-0.04894467200845097,-0.6015809039951785,0.0226563067315372,1
2025-01-21 00:00:00+00:00,3.0305456884972357,1.0434222316971093,0.2314678442318509,-0.1094398114456845,-0.2625771017206006,-0.10892768314458569,0.0443087410352907,1
2025-01-22 00:00:00+00:00,3.070348071401485,1.9716904293221424,0.4270558885611204,0.09448739358969134,-0.008416743484779301,-0.6222152781002713,0.0010199224858911,1
2025-01-23 00:00:00+00:00,3.184362625315166,0.3622547909765521,-0.36882254258176245,-0.5020920842796731,-0.42101417681603187,0.12082396802131048,-0.0312457546529003,0
2025-01-24 00:00:00+00:00,3.1446513728467456,-2.1668706950541745,0.7745000573803116,0.2984061568652311,-0.17855991653760594,-0.3056497460477057,-0.1696816715748141,0
2025-01-27 00:00:00+00:00,2.6122337777822278,-8.256608337946922,5.71053667527063,3.1781298998133236,-0.1962346201351554,-0.013878845417020587,0.0892585711872995,1
2025-01-28 00:00:00+00:00,2.357391757549085,4.0091792284954835,5.540073693186399,0.7265051893071522,-0.55041690840259,-0.22847733108410506,-0.0410109310799287,0
2025-01-29 00:00:00+00:00,2.5258663538764154,-2.28440919566092,2.733611653740271,-0.2841620166476282,-0.41710134691398065,-0.9864247019335043,0.00767987065481,1
2025-01-30 00:00:00+00:00,2.4174251737845966,0.295394372989636,2.576689257335989,-0.8858462553218328,-0.6290321993461894,-0.5922895773014111,-0.0367428800641798,0
2025-01-31 00:00:00+00:00,2.3250868793149406,-2.3978464974641653,2.8160183450872567,-0.9038314511762762,-0.7316795952547547,-0.47417983451436013,-0.0284000999417006,0
2025-02-03 00:00:00+00:00,2.3157492272818945,-0.928824780399039,1.9737159146630536,-1.2055704273852361,-0.810496293155895,-0.05839553663695854,0.0170581176067203,1
2025-02-04 00:00:00+00:00,2.3054077266225312,0.7900152646359925,1.2733644959804487,-1.8195003846959092,-0.695247239481253,-0.6199668779447794,0.0520859671302149,1
2025-02-05 00:00:00+00:00,2.2843066780457013,2.3314670567620404,1.3459004145155948,-1.8618203365240902,-0.5699091464411165,-0.9855327925532922,0.0308419450452617,1
2025-02-06 00:00:00+00:00,2.3570050345897786,1.265392952253053,0.9527258781738662,-1.850146235892315,-0.4963940176378024,-1.161232501980028,0.0090146098849859,1
2025-02-07 00:00:00+00:00,2.3554366922034737,0.263502982416401,1.2407876852589506,-1.9228409385379706,-0.7620335583866724,-0.5823015675363812,0.0287276648182377,1
2025-02-10 00:00:00+00:00,2.387982910918393,1.4873063427774134,1.1984846183346727,-2.0426730651986094,-0.8061153834160737,-0.4106069056943097,-0.0057647675376205,0
2025-02-11 00:00:00+00:00,2.497461611389512,-0.2617919925944008,0.455895615480681,-2.261637692858016,-0.7305699493977624,-0.6988552736645053,-0.0125000000000001,0
2025-02-12 00:00:00+00:00,2.5207961095874007,-0.3531310340250913,0.305654720277198,-2.3761682407856446,-0.8411459606686175,-0.4559413811057663,0.0316455696202531,1
2025-02-13 00:00:00+00:00,2.4583407827646986,1.6196386261865106,1.1948417297751601,-2.1339133858157284,-0.8465440088187269,-0.313428225285072,0.0263138443343928,1
2025-02-14 00:00:00+00:00,2.5429658027520383,1.2630972387913892,0.7289210453705722,-2.1925198765772267,-0.6490943280627922,-0.7965274582624109,0.0039611091105511,1
2025-02-18 00:00:00+00:00,2.558488307976441,-0.3000512683968363,1.0963807539741852,-1.9584019408103341,-0.5868194459444888,-0.9161021328216158,-0.001219512195122,0
2025-02-19 00:00:00+00:00,2.6185590782493873,-0.19149819691930653,0.5427126306642279,-2.284605775677416,-0.7010256390371618,-0.6947209346447969,0.0063204769087124,1
2025-02-20 00:00:00+00:00,2.6625141681699,0.16111236573744428,0.37406336159301135,-2.3616112556014217,-0.6992890856305793,-0.7017587984002421,-0.0405395760473913,0
2025-02-21 00:00:00+00:00,2.585507674758605,-2.6511095438951466,1.4423671181132698,-1.7707911997255086,-0.7431298698085762,-0.5344307233036352,-0.0308710853232165,0
2025-02-24 00:00:00+00:00,2.513083702457798,-2.4721101359292845,1.9013014319342276,-1.5893377621839482,-0.7138637363462776,-0.6099602374919525,-0.0280165796745471,0
2025-02-25 00:00:00+00:00,2.7257826863602244,-1.7581145236804605,0.6268343308153116,-0.3123007200886083,-0.19346937655312638,-0.11270349903225192,0.0367211561241411,1
2025-02-26 00:00:00+00:00,2.727742322741344,1.4716161992293058,0.855815140644666,0.3170858729964635,0.13607403425605105,-0.3530711797724007,-0.084780621572212,0
2025-02-27 00:00:00+00:00,2.472679466496935,-6.239848071600063,3.859542080177358,1.3671544082362994,-0.30968519668788697,0.15182644118048116,0.0397003745318351,1
2025-02-28 00:00:00+00:00,2.454603299839053,2.4281504441398627,2.570046819249642,0.5183549534466253,-0.5541090984600079,0.9819213783623665,-0.0869356388088377,0
2025-03-03 00:00:00+00:00,2.3931778812658786,-5.465873883983052,3.13607887407901,0.7116228392381282,-0.5598112653508086,0.19573894599416417,0.0169209188146588,1
2025-03-04 00:00:00+00:00,2.2916045987732754,1.2988586476017352,2.9917239747051307,0.3885528739351849,-0.808290477143413,1.1115011988521453,0.01129407707561,1
2025-03-05 00:00:00+00:00,2.452760812427386,0.2916869223522452,0.6631115911086729,-0.48136482108442924,-0.22655122399707808,-0.7650043954995075,-0.0573742540494458,0
2025-03-06 00:00:00+00:00,2.3931409347269206,-2.90357835778156,1.0058248248501784,-0.17873403250158992,-0.46895619346652667,-0.11734632999914754,0.0191733743330018,1
2025-03-07 00:00:00+00:00,2.263843024654304,0.7879622656871588,1.6356285208768953,-0.08433159256185087,-0.3937908466189621,-0.15022216746868292,-0.0506699795900257,0
2025-03-10 00:00:00+00:00,2.2251240862649038,-2.7411671017406,1.6510107772165523,0.03322066605207186,-0.4916868669124007,0.004786799422646559,0.0166386240418769,1
2025-03-11 00:00:00+00:00,2.0948476618808662,0.6689403925652259,2.1874156908015654,-0.08557078044479288,-0.6016598395208652,0.3691690971699824,0.0641780066200807,1
2025-03-12 00:00:00+00:00,2.1463999233637048,2.569216846440735,1.1051532901882652,-0.6457251567786503,-0.09902548356609062,-1.1833381881022986,-0.0013824088474165,0
2025-03-13 00:00:00+00:00,2.18862877202287,-0.4220187853291729,0.7016559176672491,-0.8055098056029949,-0.2682958776910772,-0.7960463372224714,0.0526907769510296,1
2025-03-14 00:00:00+00:00,2.1662171047797885,2.4143445483588506,0.8025482418224009,-1.0846828049070536,-0.31298307336489384,-0.7147503000828868,-0.0175885592175556,0
2025-03-17 00:00:00+00:00,2.2220201549696523,-1.3678685688644192,0.6527825786053754,-1.09388602675697,-0.39309378428867053,-0.6040791139176792,-0.0343010122981677,0
2025-03-18 00:00:00+00:00,2.209288304835345,-1.8968069253955508,0.7204972106164651,-0.908360094240686,-0.394849557535904,-0.4408168336388338,0.0181062115567876,1
2025-03-19 00:00:00+00:00,2.150045537711878,0.5717800663855646,0.9191610383660517,-1.1292904466332312,-0.3899291841529594,-0.4925322633734317,0.0085942818243702,1
2025-03-20 00:00:00+00:00,2.1670151804426117,0.592976296953349,0.4918073265946651,-1.3512215530674119,-0.49265331288635006,-0.1823933652928339,-0.0070024466379818,0
2025-03-21 00:00:00+00:00,2.197013556335345,-0.15461013710963337,0.1156087022042803,-1.2592612994963774,-0.32927609004108227,-0.4636347373176787,0.0315208156329651,1
2025-03-24 00:00:00+00:00,2.1837206818841635,1.3990634081043907,0.20333805917647935,-1.4736050651493422,-0.29446372587284686,-0.7089721591123672,-0.005930318754633,0
2025-03-25 00:00:00+00:00,2.254202848579864,-0.21496426428820767,-0.35023492781133037,-1.7529509768188263,-0.48048870548522926,-0.4165783276287823,-0.0574198359433257,0
2025-03-26 00:00:00+00:00,2.1483826921563134,-3.3078514039868856,1.082585633568021,-0.9067082315999374,-0.5456520073121104,-0.18470293694765758,-0.0204817158931083,0
2025-03-27 00:00:00+00:00,2.1919947228155143,-0.8509283295527571,0.25086245685807007,-1.0584447153317944,-0.5315840745233318,0.03190137925668687,-0.0157946692991115,0
2025-03-28 00:00:00+00:00,2.1857095805763125,-1.0402995201435696,0.18773012989643392,-0.9529687141372923,-0.40208896533191585,-0.36277717877165794,-0.0117625604084983,0
2025-03-31 00:00:00+00:00,2.0569229085578487,-0.06199356985866888,1.528019862875329,-0.14181004252195367,-0.8471619591876044,1.443316754447043,0.016331426462447,1
2025-04-01 00:00:00+00:00,2.157853377804408,0.8532804592587514,0.12363904568627121,-0.646327694093786,-0.42257995221357003,0.05540605455900678,0.0024512029051293,1
2025-04-02 00:00:00+00:00,2.1099619156244738,0.5608769183790492,0.5477408388313412,-0.588699188534026,-0.7600119257581262,0.8841561566315207,-0.0780655678319145,0
2025-04-03 00:00:00+00:00,2.1111126949133507,-3.450334521909732,0.5153445044927525,0.035289505965837804,-0.5163093768079015,0.34545888799092506,-0.0735756385068762,0
2025-04-04 00:00:00+00:00,1.8391626075110232,-4.2068530425422255,2.9536584131854435,1.1629425264979159,-0.38288935921697637,0.129514488676225,0.0353090870533348,1
2025-04-07 00:00:00+00:00,1.4004037295042746,2.9749930083565608,6.350523073312026,1.567435357697644,-1.689462509517079,3.9222221107627298,-0.0137238836542401,0
2025-04-08 00:00:00+00:00,1.6159592070021387,-2.679002858326557,3.8653231025414043,0.8505281730323518,-0.37164629212651756,-0.16495380683213842,0.1872274143302181,1
2025-04-09 00:00:00+00:00,1.1536534046533446,9.198208106159175,7.39267244157928,0.48108132885405414,-1.5994132759820647,2.4240113884028394,-0.0591270882533019,0
2025-04-10 00:00:00+00:00,1.5244590477577278,-3.190871403426122,3.9257564129719675,-0.5606543363186142,-1.3661452084037473,1.0579018003401794,0.0312354745746956,1
2025-04-11 00:00:00+00:00,1.7327661463622086,1.4926072323827133,1.3443488219700095,-1.5253327877920297,-0.6383231617257809,-0.7438423603226827,-0.001983232669251,0
2025-04-14 00:00:00+00:00,1.7797732455610078,-0.9262165014535725,1.2776123557168928,-1.6671798908430926,-0.6024376775891228,-1.083548518174769,0.0134585854936319,1
2025-04-15 00:00:00+00:00,1.8539118835502688,0.6480331553169679,0.61781568291094,-1.9482125273705264,-0.6950636601112224,-0.763470518459113,-0.068716577540107,0
2025-04-16 00:00:00+00:00,1.7144779858463657,-2.926157215006259,2.1233050161694242,-1.0747987358885203,-1.0824012376504573,0.44517704835951105,-0.0287108814240597,0
2025-04-17 00:00:00+00:00,1.7372404089351783,-1.8841687521062298,1.215831711550682,-1.6548539787409924,-0.6924056638362625,-0.898700561147201,-0.0451275987782047,0
2025-04-21 00:00:00+00:00,1.6699120436078208,-2.318352774514798,1.2377499891641952,-1.7081667436686911,-0.9091594317855619,-0.43083866976146024,0.0204313280363224,1
2025-04-22 00:00:00+00:00,1.6535073802082412,0.6994877797647299,0.6398835379908032,-2.0321105306156273,-0.612073399088608,-1.2357180300962447,0.0386287794519162,1
2025-04-23 00:00:00+00:00,1.6143835460549099,0.9620502928771925,0.771560242128815,-2.043175873039223,-0.39990655010802545,-1.8947305517029271,0.0362184792133191,1
2025-04-24 00:00:00+00:00,1.5981755019720196,1.8281554846006254,0.9269757626278967,-2.1644143864064866,-0.8730004440456666,-0.6337493160814144,0.043032979423095,1
2025-04-25 00:00:00+00:00,1.5404913234730564,2.1556060081779895,1.9320868496561878,-1.9759171094237973,-1.1217754620593898,0.0036534217805070943,-0.0205386902080894,0
2025-04-28 00:00:00+00:00,1.6807053674836023,-1.1359793969249279,0.8974237123857628,-2.2016477463084407,-0.9813351754057809,-0.5117989215099563,0.0026671571783316,1
2025-04-29 00:00:00+00:00,1.7405277739675922,0.28425236109996727,0.3928978462895988,-2.448693719872288,-0.9566572200888428,-0.636333321849574,-0.0009172628875435,0
2025-04-30 00:00:00+00:00,1.6691623044780357,0.6789316451539207,1.3489861525636244,-2.0755477459341782,-1.277141438474632,0.41120196565911377,0.0246970253396987,1
2025-05-01 00:00:00+00:00,1.741555847489979,0.5082290074212993,0.931426069471182,-2.0751505993942656,-0.5827636675095846,-1.479150771722044,0.0258937371203298,1
2025-05-02 00:00:00+00:00,1.8492892135112662,0.9914184198537422,0.17038140198775514,-2.1949408154161483,-0.5725653433330479,-1.3031862619705605,-0.0059388646288209,0
2025-05-05 00:00:00+00:00,1.9602382633551618,-0.06903275098102,-0.27830510582997287,-2.2368550314822357,-0.8728186692211934,-0.5379393802814454,-0.0024600246002458,0
2025-05-06 00:00:00+00:00,1.9600717243423391,0.1853756327016427,0.47304689952925855,-1.9131654265063411,-1.1233703511812976,-0.04688939731875679,0.0310022899418707,1
2025-05-07 00:00:00+00:00,1.9497069560898643,1.723369468343887,1.2947954248263784,-1.5165520816777756,-1.1225128378400469,-0.0035024865535061324,0.0026482145908082,1
2025-05-08 00:00:00+00:00,2.255493860391742,-0.07262269229187691,-0.34074917557134693,-0.5553986997163076,-0.34620590695007775,-0.547101848799497,-0.0061344466217942,0
2025-05-09 00:00:00+00:00,2.334911700843693,-0.3710843715870303,-0.7471482392781041,-0.7327147451008884,-0.5613869286292618,-0.06010205603964073,0.0544363480497214,1
2025-05-12 00:00:00+00:00,2.328378339910613,2.197443687701862,-0.028383272758223586,-0.14538958369880647,-0.08878821702454602,-1.026069681603111,0.0563414634146341,1
2025-05-13 00:00:00+00:00,2.2464700959550763,2.748576273003171,1.7291348941430496,0.5684718874216155,-0.3564351848456242,-0.02565119354704936,0.0416378049719079,1
2025-05-14 00:00:00+00:00,2.42289318346331,1.8521213183696128,0.5508881001277729,0.05070237133759245,-0.1163574275281047,-0.8001049273260705,-0.0037682872764888,0
2025-05-15 00:00:00+00:00,2.594617283445269,-0.07028241610668087,-0.1426738384768632,0.02832793406228377,-0.2599661858065116,-0.12711070815330203,0.0042275457984126,1
2025-05-16 00:00:00+00:00,2.6993511558381487,0.05170565307415864,-0.3703603750605453,0.12241969752476968,-0.024740604134929484,-0.5492131747235581,0.0012555391432791,1
2025-05-19 00:00:00+00:00,2.769978617621786,0.5687353742168207,-0.48820016529088905,0.08629922765770807,-0.32340598085593836,0.5200729696159393,-0.0087777531902337,0
2025-05-20 00:00:00+00:00,2.8639528365501294,-0.24184003469779858,-1.095344507085865,-0.1889830357364145,-0.18427927700621904,-0.06595684550045014,-0.0191992856079772,0
2025-05-21 00:00:00+00:00,2.73874941363062,-1.0812481592490713,0.7927895909900174,0.7954246353710652,-0.229419672591331,0.3434081386973262,0.0078148710166918,1
2025-05-22 00:00:00+00:00,2.8530386482131735,0.4265266916733111,-0.6673273422493718,0.03543532710274901,-0.1056979269662536,-0.15621995399314292,-0.0115937664684184,0
2025-05-23 00:00:00+00:00,2.8496490670875585,-0.2219728420625229,-0.44920210766573715,0.207732110712857,-0.2670066100696699,0.35530585760078875,0.0320664178536065,1
2025-05-27 00:00:00+00:00,2.888637118893984,1.4644971021536834,-0.6635771111407127,0.14924430959437943,0.05453386922567387,-0.418746736252444,-0.0050922509225092,0
2025-05-28 00:00:00+00:00,2.896669659337518,-0.3309190502501256,-0.17039173765421023,0.9661009064687042,0.36570732507689413,-0.7220849633937324,0.0324901713522736,1
2025-05-29 00:00:00+00:00,2.8346114034920697,0.6592148046878916,1.0364437508835327,1.4560615431852189,0.6165829937463531,-1.1604238653613739,-0.0291687621237157,0
2025-05-30 00:00:00+00:00,2.8415776849646788,-1.8011905205121395,0.950271534307313,1.0777376575757909,0.09183934448916026,-0.09192201246379157,0.0166506327240434,1
2025-06-02 00:00:00+00:00,2.944355278750371,0.956078576155614,-0.5864467301336478,-0.09684697512598753,-0.04843829133638753,-0.06229850856324109,0.0279516669093027,1
2025-06-03 00:00:00+00:00,2.9339386947969768,1.3965807484190065,-0.08788433637852494,0.0890696821780395,-0.017522546658529394,0.014212841446319076,0.0049568049851294,1
2025-06-04 00:00:00+00:00,3.0344332581149267,0.17813756652614382,-0.8341622435552017,-0.3480917448222296,-0.04068319725386138,-0.11661278857708456,-0.0135992108229987,0
2025-06-05 00:00:00+00:00,3.000595185249212,-0.9097183607858115,0.0042469241429027955,0.1814199781779609,-0.024594701083268812,0.029331489308202553,0.0123580255732551,1
2025-06-06 00:00:00+00:00,3.1075828003410377,0.4221271501085076,-1.1345059275145781,-0.480390861687481,0.07961808229928286,-0.4467039183212297,0.0064211120519332,1
2025-06-09 00:00:00+00:00,3.1023176184851997,0.18099965369044876,-0.6856628447266757,-0.22992725158027752,0.04950598139269926,-0.19175155756183038,0.0093248264740939,1
2025-06-10 00:00:00+00:00,3.1560585391251945,0.5838384691764541,-0.9630460085129782,-0.3272867114419313,-0.042646604431606415,0.17416731147297418,-0.0078494026118366,0
2025-06-11 00:00:00+00:00,3.2169173269905422,-0.5225809404124655,-1.0010520878239388,0.0036428333232113095,0.0936906769718528,0.028394672731838946,0.0151928866484631,1
2025-06-12 00:00:00+00:00,3.235795846374526,1.0660070806760285,-0.9266346768250847,0.05818980787760147,-0.029251100381419357,0.5368271663713124,-0.0208965517241379,0
2025-06-13 00:00:00+00:00,3.2730327639763677,-0.8067851027309025,-1.0469068892759954,0.19726337670353883,0.044952283522725296,0.2904237830200477,0.0191589772487144,1
2025-06-16 00:00:00+00:00,3.257707774467814,0.9602006978841096,-0.7818559334489124,0.19986992501149992,0.13108590641330695,0.04647328305506788,-0.0039394567696453,0
2025-06-17 00:00:00+00:00,3.332333914412159,-0.0907128966599123,-1.5096876871478861,-0.1645683326643094,0.07860351674399742,-0.020709529870945553,0.0094365806272549,1
2025-06-18 00:00:00+00:00,3.3088036494098447,0.6379554630724759,-1.0453604640255811,0.036073116103244394,0.04703828947726207,0.19233937184980157,-0.0112042892493813,0
2025-06-20 00:00:00+00:00,3.30137601210049,-0.6329095103050084,-0.42916820829278723,0.7864821943470862,0.3027131361537259,-0.1301974820148562,0.0022245394508166,1
2025-06-23 00:00:00+00:00,3.3327970013872905,0.39268546854781633,-1.0601097007064157,0.030604931497826313,-0.03264618610301729,0.3992062396826202,0.0258722341679962,1
2025-06-24 00:00:00+00:00,3.3425782254733263,1.3789549875267746,-0.8254470736755943,0.27383988019266103,0.18942420023569498,-0.0182038344140804,0.0433400946585531,1
2025-06-25 00:00:00+00:00,3.2907243732989517,2.294091928128645,0.38976210669961153,0.8803225537305306,0.2139328038711213,0.24289081563507592,0.004601127600285,1
2025-06-26 00:00:00+00:00,3.4559898296347433,0.10478697370103784,-0.7983800059027292,0.34557230205097456,0.29065726602862124,-0.28135278962077764,0.017610630886337,1
2025-06-27 00:00:00+00:00,3.4794037703832155,0.9323523701696348,-0.1385448756959906,0.9755799047112913,0.42555341177953465,-0.22377560101744898,0.0015213946117274,1
2025-06-30 00:00:00+00:00,3.6049991188139754,0.077293475695955,-0.8706415657729819,0.5664864403575901,0.32705477363414387,-0.10783726645207391,-0.0296854231280461,0
2025-07-01 00:00:00+00:00,3.5623323715770927,-1.5818338791119513,-0.1262298215669916,0.7171438880860017,0.09930862165565607,0.2988743884834468,0.0257664709719502,1
2025-07-02 00:00:00+00:00,3.571841072510722,1.5527505087974787,-0.35163884620076774,0.28858120166778484,-0.04078856513207505,0.584545582075559,0.0132909379968204,1
2025-07-03 00:00:00+00:00,3.6584457296772426,0.6796470685471601,-0.9360217362492094,0.032510597478589295,0.07566780811433246,0.14105784276235914,-0.0069034768419731,0
2025-07-07 00:00:00+00:00,3.7248334952594027,-0.15157361221033464,-1.302321958792255,0.029623726848978137,0.09690323322846439,0.09571950376121466,0.0111223458038423,1
2025-07-08 00:00:00+00:00,3.7423952935683653,0.6128402967106182,-1.26912750812204,0.0051067942646113584,0.16696927531922054,-0.07413521049482666,0.018,1
2025-07-09 00:00:00+00:00,3.736829068731253,0.9459600227380249,-0.6023489119427474,0.43239236031232037,0.23552642597825157,-0.02096300985192343,0.0074901768172888,1
2025-07-10 00:00:00+00:00,3.796079548800461,0.3200748260353864,-0.8580430737293155,0.2779084093611935,0.2527915746554006,-0.12485407344891385,0.0049969530773918,1
2025-07-11 00:00:00+00:00,3.7911883230511907,0.3575148345370795,-0.36835774846007013,0.5388713352347292,0.1859834300634067,0.24024494238574667,-0.0051540140674265,0
2025-07-14 00:00:00+00:00,3.8651882801356194,-0.3140988183483554,-1.0102602868991248,0.020435162052640506,0.11136588136435908,0.1353584703701121,0.0404095812762845,1
2025-07-15 00:00:00+00:00,3.871380867759723,1.4961888700151293,-0.261984004011086,0.7982880025960069,0.6804005038923189,-0.8204305268846542,0.0039250146455771,1
2025-07-16 00:00:00+00:00,3.9612389988338506,0.26043383749463883,-0.9413387912218535,0.1470640509962501,0.2404233993670878,0.029175568585697458,0.009511583124234,1
2025-07-17 00:00:00+00:00,3.994983798913386,0.5362592002931345,-0.8164217530217631,0.1647458059979201,0.2384342742424747,0.11672425314844949,-0.0034104046242774,0
2025-07-18 00:00:00+00:00,4.055223703271394,-0.209568106168475,-1.0370835201854398,0.030342507084468145,0.24614760697177412,0.009096267770154551,-0.0059741314308915,0
2025-07-21 00:00:00+00:00,4.117005241181014,-0.3013037982290916,-1.3101306138249116,-0.1367578557959526,0.19710687474487484,0.02773691606481698,-0.0253821916209592,0
2025-07-22 00:00:00+00:00,4.017454136071054,-1.5717731447288488,0.056521830527289964,0.5436709866296474,0.16231912592807907,0.21003520741891735,0.0224510566964017,1
2025-07-23 00:00:00+00:00,4.071278259355526,1.0494835482612337,-0.7043698113445989,0.07188523620022376,0.2478075260853325,-0.06624255058149409,0.0173322403091698,1
2025-07-24 00:00:00+00:00,4.145945095640254,0.8972804636229108,-1.0987027188217864,-0.031744719195729285,0.21599281346254948,0.03616756659419387,-0.0013813744675953,0
2025-07-25 00:00:00+00:00,4.201815791770319,0.05232365438248497,-1.3621580996581688,-0.07904909460570363,0.20630863565732158,0.004630960930410814,0.0187319884726224,1
2025-07-28 00:00:00+00:00,4.200161457580024,1.1095125956413459,-0.83413470868176,0.1614158440343433,0.17803179304091407,0.15998574401983348,-0.007015558698727,0
2025-07-29 00:00:00+00:00,4.23424081857516,-0.5307078978052011,-0.5904894433315898,0.38208745851084575,0.2546510372208878,-0.05183431179409539,0.0214232807247451,1
2025-07-30 00:00:00+00:00,4.267249823591781,1.185708190094052,-0.4293519973612959,0.6582297165513146,0.3479451552894959,0.10018402866046454,-0.0078094494338148,0
2025-07-31 00:00:00+00:00,4.254840966942502,-0.9528277402569432,0.4053149294592149,1.2618582880476232,0.5280508284623862,-0.18871951619280344,-0.0233316467082701,0
2025-08-01 00:00:00+00:00,4.266686065495173,-0.9411703999611246,-0.012903915454278667,0.9002520127741049,0.2450264727807733,0.4273501445674541,0.036150126640571,1
2025-08-04 00:00:00+00:00,4.25981446665432,1.9178883277333307,-0.14928476515323633,0.20947423378322091,0.07302646382480274,0.5151306962754589,-0.0096666666666667,0
2025-08-05 00:00:00+00:00,4.337336439248332,-0.4974703794539947,-0.5640918338086839,0.2759300679726042,0.22737048486471942,0.11274765237461377,0.0065073488163356,1
2025-08-06 00:00:00+00:00,4.355079363356748,0.6729390919774108,-0.7325401844082544,0.06624784134183752,0.08893577521987932,0.4472818464920064,0.007524244788764,1
2025-08-07 00:00:00+00:00,4.363664104642877,0.1920196299536736,-0.38615003501559864,0.28145828344118573,0.24663957719071464,0.06061015110204673,0.0106765503125516,1
2025-08-08 00:00:00+00:00,4.442427929030141,0.6154944115790327,-0.9684403268687357,-0.0522959215438663,0.2001750170286197,0.07878133256998524,-0.003503010399562,0
2025-08-11 00:00:00+00:00,4.456814574732153,-0.07208669336855994,-0.7811961337384055,0.12744815452957275,0.2059871746300009,0.15120760248950887,0.0060419641876303,1
2025-08-12 00:00:00+00:00,4.471825047455921,0.2646059715723722,-0.47005132572020264,0.38473790053160023,0.24400556384840347,0.2520137594947768,-0.0085717405547062,0
2025-08-13 00:00:00+00:00,4.485758619109655,-0.4151313169246542,-0.31989615598473253,0.727922861915728,0.3914396145791801,0.06730604404258282,0.0023679718046147,1
2025-08-14 00:00:00+00:00,4.5167593638837555,0.4232456313666413,-0.84624567597533,0.1577225010073954,0.15465452745631722,0.43977595956035925,-0.0086254257773872,0
2025-08-15 00:00:00+00:00,4.517499087912313,-0.4401949821693624,-0.642459741333668,0.47076401662737377,0.35297809635383687,0.029485957599249213,0.0086450540315876,1
2025-08-18 00:00:00+00:00,4.542092074332572,0.5941982569341918,-1.0429582167504192,0.14525156909424686,0.3083259197822341,0.07206438432248805,-0.0349980770287347,0
2025-08-19 00:00:00+00:00,4.460314380947476,-2.1840401448945137,0.10665450371821548,0.8450582829401155,0.34026494562427767,0.0035979511378167405,-0.0013664313368252,0
2025-08-20 00:00:00+00:00,4.389515554262153,-0.0928256196055636,0.5408908320042631,1.1123327487839514,0.334311480946423,0.33202968052094795,-0.0023945267958951,0
2025-08-21 00:00:00+00:00,4.468628288230885,0.0007416324907785817,-0.9006044369973966,0.2357215701126606,0.2730642221867815,0.15202977707443013,0.0172019659389646,1
2025-08-22 00:00:00+00:00,4.351420270425294,1.236498364771851,0.32026202639301005,0.5895091598399048,0.002626886307553074,1.0020349511530091,0.0102252935558178,1
2025-08-25 00:00:00+00:00,4.414381160972775,0.5569347017935093,-0.2623197892046159,0.4698666966452875,0.245545813200826,0.35519931753884,0.0109003948612425,1
2025-08-26 00:00:00+00:00,4.463482875878028,0.6715593014459081,-0.5561333647877508,0.46891044196715675,0.3783749123905739,0.10227271873444871,-0.0009352478406778,0
2025-08-27 00:00:00+00:00,4.477868586271682,-0.010942030914833843,-0.19231950030603917,1.1488570594988041,0.714231820650112,-0.30617730460403825,-0.0078744493392071,0
2025-08-28 00:00:00+00:00,4.39460562491427,-0.4638737376108352,0.9963347475730692,1.6706371214138787,0.5891620063091242,0.2073633096127927,-0.0332463784203806,0
2025-08-29 00:00:00+00:00,4.444907626349045,-1.7234445261726994,0.03645255654632674,1.1638715776860544,0.5922032920197239,-0.10187462336179232,-0.0195200367435985,0
2025-09-02 00:00:00+00:00,4.389370144926874,-0.6366037802179089,-0.008916706577971164,1.056597896383302,0.4162107660590043,0.4969548650832155,-0.0009368778545496,0
2025-09-03 00:00:00+00:00,4.396542802610602,-0.03375265627682923,-0.7831394841163096,0.392509791564856,0.4043697821094246,0.16099684337740283,0.006095416715508,1
2025-09-04 00:00:00+00:00,4.387100686240408,0.4607761652757544,-1.1300414476806284,0.14027315022539888,0.3453373090833387,0.2121932669491576,-0.0270301759291622,0
2025-09-05 00:00:00+00:00,4.28286184066896,-1.1474666948276908,-0.15020843491529073,0.9253460282175486,0.38741193165665877,0.3733847347641406,0.0077236259130641,1
2025-09-08 00:00:00+00:00,4.273344186204552,0.4352469069037451,-0.7360457447667663,0.30008339883010754,0.34071947054153,0.22446525107096724,0.0145564731744993,1
2025-09-09 00:00:00+00:00,4.246549380132874,0.781798452066449,-0.609872497980782,0.21186327454079412,0.25947028981720566,0.34899889207000084,0.0384750527055517,1
2025-09-10 00:00:00+00:00,4.230458716227829,1.5506950296513216,-0.09089264814362073,0.6559772015786373,0.6688129221362814,-0.5519355617353966,-0.0009022725991091,0
2025-09-11 00:00:00+00:00,4.3027025582502745,-0.2914419571024536,-0.7898410954374052,0.010759942657387852,0.3434400089563177,-0.10554757165208782,0.0036687926849918,1
2025-09-12 00:00:00+00:00,4.3526880283689735,0.2429158736009336,-1.2390888221918097,-0.288478594144483,0.2693931238636878,0.034083658530907474,-0.0003936565065796,0
2025-09-15 00:00:00+00:00,4.326032738208508,0.2640853258711496,-0.649607597575149,-0.044120927515031536,0.11255067301918702,0.5604945127834134,-0.0161462728551335,0
2025-09-16 00:00:00+00:00,4.367531992721176,-0.7991265887058796,-1.0248279202919672,-0.11328649192551148,0.2634401373734197,0.09755013017979182,-0.0262465690759378,0
2025-09-17 00:00:00+00:00,4.29863396821477,-1.2772030129001817,-0.2667910596349289,0.6096296545628571,0.38196984683370094,0.17757086212382497,0.0349403957954079,1
2025-09-18 00:00:00+00:00,4.265314248701981,1.60179209271469,-0.19914731337673083,0.2929595150798682,0.42012474371474867,-0.14417821591305557,0.0024398547435313,1
2025-09-19 00:00:00+00:00,4.292660644081059,0.2719362884247052,-0.3024136475087786,0.620373839060873,0.5633994125581859,-0.23244618801321604,0.0392822776928738,1
2025-09-22 00:00:00+00:00,4.144181225721171,2.311042979683282,1.4483609203793018,0.8557948884178074,0.0990050478480068,0.9978969274159873,-0.0282119710255432,0
2025-09-23 00:00:00+00:00,4.291246085322476,-1.5294889861039431,-0.06774990498437337,0.12836547623396452,0.19929855285831263,0.22657975861187776,-0.0081824805245754,0
2025-09-24 00:00:00+00:00,4.330359602114043,-0.628429536153227,-0.6480076086027388,-0.32422951143052103,0.21423626826529024,-0.006753498302570088,0.0040684861840989,1
2025-09-25 00:00:00+00:00,4.249847091911612,0.4659563116703161,0.3301083765554294,0.13355640884212353,0.007445155627944014,0.7612835850831239,0.0028138893578704,1
2025-09-26 00:00:00+00:00,4.327503021032199,0.10681020467518873,-0.41629092102109855,-0.21286932815919477,0.12618974308769076,0.19701025499039856,0.0205398731690891,1
2025-09-29 00:00:00+00:00,4.349313162977041,0.9778829786408435,-0.28940567399047246,0.22948087527136277,0.4190958312484607,-0.2080398755013142,0.0260104481715701,1
2025-09-30 00:00:00+00:00,4.332360262246178,1.47318673565816,0.46280174302874383,0.6476694981188069,0.3676984388876419,0.18961280107662998,0.0035373566298637,1
2025-10-01 00:00:00+00:00,4.435805358737481,0.39392797642965277,-0.39028993918050403,0.04021882037221916,0.24172909014598074,0.24219561900899936,0.0088122196111941,1
2025-10-02 00:00:00+00:00,4.515244559437521,0.3196669675347319,-0.885331240295892,-0.31569431305136036,0.33226366241181493,-0.15949659613451989,-0.0067234898618242,0
2025-10-03 00:00:00+00:00,4.542243365979029,-0.42125154348780464,-0.6038940060912197,-0.15960310079909512,0.20666754816776478,0.23871444460145808,-0.0110862381409232,0
2025-10-06 00:00:00+00:00,4.562091258904968,-0.3688540205832837,-0.6290973922852341,-0.02456620777680361,0.2497869315596272,0.24531651255487097,-0.0026948366928963,0
2025-10-07 00:00:00+00:00,4.553140787152082,-0.23477801108328142,-0.5184382243247394,-0.14365229690484851,0.2091813536312433,0.22108203657224385,0.021995244271509,1
2025-10-08 00:00:00+00:00,4.604288044023133,1.1855969624305573,-0.8603549837953665,-0.20836325272248896,0.2886294422153677,0.12881846084099524,0.0182962297075774,1
2025-10-09 00:00:00+00:00,4.607851180596375,0.7576834629201401,-0.30460555668356076,0.30201737704069914,0.5079579055704321,-0.18637209780821745,-0.0488653476657838,0
2025-10-10 00:00:00+00:00,4.433748938838559,-3.2894858469386263,1.8136896803707598,1.1107179347027762,0.25610947342746765,0.30849823416456945,0.0281720899759772,1
2025-10-13 00:00:00+00:00,4.560679091606023,1.1133715006617404,-0.34491263401766387,-0.286780946846204,0.3470858720019013,-0.3013882047191664,-0.0440208156329651,0
2025-10-14 00:00:00+00:00,4.53241196589287,-2.2316611291318136,-0.03346206422973799,0.11125529968095085,0.2640251382998342,-0.08047387766887097,-0.0011109259567849,0
2025-10-15 00:00:00+00:00,4.449371312253124,-0.7185002370967724,0.6186533790578422,0.2987107133325109,0.385566710314401,-0.3508852317372769,0.0110103987098926,1
2025-10-16 00:00:00+00:00,4.499373570936008,0.4047609733146693,-0.3497088066601828,-0.07540192277500676,0.3987716045684803,-0.3465068096022928,0.0077553489907045,1
2025-10-17 00:00:00+00:00,4.486665512988565,0.6687514673751823,-0.19135833313791623,-0.10883512934457998,0.15791513763138731,0.24759382377073805,-0.0031655932758433,0
2025-10-20 00:00:00+00:00,4.5463235156220145,-0.12537327174865706,-0.7888836898611271,-0.3642242271383554,0.16592071483415258,0.06496157914605907,-0.0081033727551467,0
2025-10-21 00:00:00+00:00,4.572306837555171,-0.42664237142612627,-0.9620482127785694,-0.3268811604525091,0.21646582537173306,-0.031339033213581204,-0.0048575844557297,0
2025-10-22 00:00:00+00:00,4.48901964478494,-0.34149089878647465,0.039151456652271384,0.12029878686809538,0.12536084145422174,0.3597574337664249,0.0104282227645884,1
2025-10-23 00:00:00+00:00,4.555569528482951,0.656977293070125,-0.8904962037525112,-0.4463718453195603,0.09395914424165029,0.21461312084603024,0.0225076855511638,1
2025-10-24 00:00:00+00:00,4.548981582987853,1.157837852796922,-0.5361740169747204,-0.26159463725740684,0.1609462654989653,0.10285147902996217,0.0280790293138624,1
2025-10-27 00:00:00+00:00,4.593366333582311,1.266261229658352,-0.4143862331591581,-0.052064144296116846,0.3505834051097362,-0.2854755388522161,0.0498198339338868,1
2025-10-28 00:00:00+00:00,4.469768887858324,2.5492743122476913,2.1835474724554684,1.3535454739196129,0.35220436099167024,0.3703486807425011,0.0298960354175992,1
2025-10-29 00:00:00+00:00,4.649629239947721,0.9545356155811983,1.3609145487002237,1.2448075480897174,0.8707075783087177,-0.9029052373335928,-0.0200444358578052,0
2025-10-30 00:00:00+00:00,4.805426822428758,-0.9741272476084561,-0.18713630998156786,-0.10966281709124928,0.31109017773799863,-0.09653833434407766,-0.0019715116565625,0
2025-10-31 00:00:00+00:00,4.828724308008599,-0.5056208079195086,0.05633476623025069,-0.09616154864196927,0.4247877653679903,-0.36477375557909986,0.02168008296706,1
2025-11-03 00:00:00+00:00,4.869103537646453,0.6695036126864028,0.13893747793459438,-0.14014009282191237,0.4718228195221212,-0.4016971858999861,-0.0395881670533642,0
2025-11-04 00:00:00+00:00,4.876789773110755,-1.9840005997803063,0.09008075752692288,-0.16291148359756236,0.240331592713852,0.03800455099583604,-0.0175147214253359,0
2025-11-05 00:00:00+00:00,4.80122965876617,-1.1493564331101225,0.4539111270793373,-0.29582584184440675,0.12399967306868023,0.19701635326196673,-0.0365247681983504,0
2025-11-06 00:00:00+00:00,4.694321567069752,-2.5067875797494117,1.3021869180382726,0.20598871979872724,0.17439092814509283,0.08415481298949075,0.0003721820501914,1
2025-11-07 00:00:00+00:00,4.6398075715657265,0.24137311124312616,1.4147950718759612,0.607651018668611,0.19987735703845477,0.5937245871968001,0.0579325006643636,1
2025-11-10 00:00:00+00:00,4.6760774974168875,2.5308576024205385,0.603145103610025,-0.21789195761072402,0.388499749306865,-0.3690776724373879,-0.0295905551369003,0
2025-11-11 00:00:00+00:00,4.776963997049201,-1.3116291084763634,-0.3065544128259031,-0.3380606913514032,0.23614091114778243,0.005425922781767754,0.0033133153862083,1
2025-11-12 00:00:00+00:00,4.763846269016113,-0.08341471730578434,-0.20450511935820695,-0.4893913122825078,0.2838704273315837,-0.26761692809582943,-0.0358101135190918,0
2025-11-13 00:00:00+00:00,4.692448099928886,-1.9205529824093648,0.5827140489139102,-0.016726735784176494,0.1552628301161741,0.1145313219437865,0.017713796425131,1
2025-11-14 00:00:00+00:00,4.588539459538293,1.3318105322834164,1.2673433737775077,-0.23928177230601025,-0.2907125975024542,1.2239652781073362,-0.0187726770784034,0
2025-11-17 00:00:00+00:00,4.684405602698175,-0.6368958190208728,-0.06179800748589096,-0.472038025839974,0.07345359639175231,0.2008713107627013,-0.0280814576634511,0
2025-11-18 00:00:00+00:00,4.6201369651209,-1.3209420501664157,0.24703108719953187,-0.16682809419455547,0.2160143219090631,-0.08676523125484885,0.0284516982796647,1
2025-11-19 00:00:00+00:00,4.552024641555147,1.2373781363983025,0.6649992537944562,0.0065593421075551845,0.4570440368656437,-0.5602757660158247,-0.03152476946172,0
2025-11-20 00:00:00+00:00,4.364279108079891,-3.2741290438116897,2.93298128024843,0.9727175891582671,0.43467620813167335,-0.49162383482557603,-0.0097431355181576,0
2025-11-21 00:00:00+00:00,4.334291144039019,-0.9026817359690588,2.2199044958175187,0.6897130652239529,0.3080257104659608,0.140626794352252,0.0205165474060824,1
2025-11-24 00:00:00+00:00,4.382965590521506,1.0346746127049316,0.9143849719274671,-0.18084334804715502,0.24976647503961782,0.11792838624522606,-0.0259107093946865,0
2025-11-25 00:00:00+00:00,4.34471894721539,-0.7686254329135361,1.3460609178579772,0.44269594601691103,0.1409328954177223,0.8331320087348079,0.013721741086492,1
2025-11-26 00:00:00+00:00,4.4302117261526295,0.3388340031570291,-0.11924589590656293,-0.5339782636584726,0.3697313774881379,-0.3107802509394481,-0.0180849883501608,0
2025-11-28 00:00:00+00:00,4.468324076943422,-0.868072852565569,-0.9555457257347025,-1.0205324508144222,0.14205004370773633,-0.0009146738253900606,0.0164971751412428,1
2025-12-01 00:00:00+00:00,4.333560378341838,1.170881444074097,0.39301548219520105,-0.4951153331912375,-0.03730599074562545,0.7087209927356802,0.0085593597154292,1
2025-12-02 00:00:00+00:00,4.369643064752085,0.24174506250095945,0.046556710442917204,-0.493669693332138,0.22001846785787926,0.015986261790623353,-0.0103053014438444,0
2025-12-03 00:00:00+00:00,4.427389241317103,-0.5248773055970514,-0.6186779661788931,-0.5990683864226746,0.28275909628961365,-0.09019870973493345,0.0211036249234366,1
2025-12-04 00:00:00+00:00,4.386173222223322,0.9917015533281408,-0.21467499885011782,-0.60181644760996,0.23108442431413967,0.023291982496572432,-0.0052895626567782,0
2025-12-05 00:00:00+00:00,4.452987265751724,-0.34249533628250994,-0.6739957971900415,-0.6853852266749125,0.2338508254215757,-0.010104108094836717,0.017213968532427,1
2025-12-08 00:00:00+00:00,4.40469873157547,0.9523494298343446,0.18784122166198522,-0.19176584656812523,0.24005476290719427,0.21053425304685638,-0.0031258420910806,0
2025-12-09 00:00:00+00:00,4.534247813322466,-0.10129704967812898,-1.0338993307236377,-0.49125864849291273,0.3712272116676262,-0.01096610872105704,-0.0064334756987619,0
2025-12-10 00:00:00+00:00,4.527461626773733,-0.32823933996548116,-0.7787715337604615,-0.2630067630665594,0.3970011864353933,0.0645140027262358,-0.0155076722167809,0
2025-12-11 00:00:00+00:00,4.478676045450125,-0.4987207768869549,-0.42388011081368143,-0.1044030110087113,0.2498587278637857,0.516034365564026,-0.0326645664068976,0
2025-12-12 00:00:00+00:00,4.403295208138749,-2.075726758413685,0.2671068863773759,0.2324527076199519,0.28865317154540937,0.3560058688007405,0.0072563135641638,1
2025-12-15 00:00:00+00:00,4.43546816741636,0.12065016725970698,-0.7426087325148166,-0.1958536600368931,0.4747606271111334,-0.1633088200397204,0.0081116342390379,1
2025-12-16 00:00:00+00:00,4.409326201702998,0.5243026869087153,-0.7732685361334806,-0.3220145110950496,0.2744377579207468,0.30599845202715764,-0.038149898717083,0
2025-12-17 00:00:00+00:00,4.339017845426975,-2.1128603552872103,-0.06534262360878945,0.3490576064594345,0.3891690034501674,0.10799118506183107,0.0187200187200187,1
2025-12-18 00:00:00+00:00,4.321807068073393,0.663846431115082,-0.4152985524780752,-0.033022345497755644,0.4174059612393816,-0.08982313703835859,0.0393361663029747,1
2025-12-19 00:00:00+00:00,4.266396418197677,1.9752412610376602,0.8256198952228885,1.1432679167007982,0.7589646300953211,-0.3165582902172453,0.0149179512680257,1
2025-12-22 00:00:00+00:00,4.446207011395492,0.6354968268658638,-1.1464825198643513,-0.4638495630549111,0.36540542085166605,-0.28487172024601376,0.0300506287767434,1
2025-12-23 00:00:00+00:00,4.383543772717426,1.8057853370533894,0.17710121205847087,0.0013023392871924961,0.06166058696428962,0.6764717314747241,-0.0031710797526557,0
2025-12-24 00:00:00+00:00,4.593267774052347,0.052606599606415186,-1.5165230927389113,-0.9256062067961948,-0.025861121802826643,0.37278537719087146,0.0101797359630984,1
2025-12-26 00:00:00+00:00,4.580261072647544,0.46837840034935513,-0.48159845916699023,-0.13931246495601907,0.21184452208655,0.14278724616349317,-0.0121240749488269,0
2025-12-29 00:00:00+00:00,4.650738736117802,-0.3177089328616168,-1.0458208147658092,-0.3599233361753458,0.14280395415534114,0.2992358131239155,-0.003612793539475,0
2025-12-30 00:00:00+00:00,4.691215965222459,-0.1100301441510395,-1.3276250985699014,-0.5455844445756126,0.19248039400546624,0.03296176212337258,-0.0055454836301588,0
2025-12-31 00:00:00+00:00,4.663176257450115,-0.5166330882614542,-0.8021662156874738,-0.22975211129777662,0.24627743713731015,-0.07425339848280244,0.0126005361930294,1
2026-01-02 00:00:00+00:00,4.643670529646176,0.37900613515707393,-0.3860762152981653,0.06726381641495206,0.34074288022275356,-0.13973626999232377,-0.0038655017209424,0
2026-01-05 00:00:00+00:00,4.607754402248153,-0.6224155416398397,0.29245319483779547,0.5244568822970991,0.35742107670969725,-0.006155850183027493,-0.0046778651924302,0
2026-01-06 00:00:00+00:00,4.641356181486632,-0.5463404328594155,-0.15630140968270162,0.3856644967419401,0.43510358053408055,-0.1910084356997286,0.00998718222602,1
2026-01-07 00:00:00+00:00,4.654785022461287,0.4527015373839477,-0.33809443814842893,0.15084940287178616,0.2993168348930065,0.09380841673229907,-0.0215218655808789,0
2026-01-08 00:00:00+00:00,4.643253144580592,-1.2919567359421609,-0.1338164632606377,0.35177446081362085,0.3223947812351882,0.01294155476587061,-0.0009727626459142,0
2026-01-09 00:00:00+00:00,4.677401814730828,0.022970295576822206,-0.9173033462095734,-0.14566784191085508,0.28300212001292324,-0.03946261205353597,0.0004327599264306,1
2026-01-12 00:00:00+00:00,4.644605310350645,0.25644705866330586,-0.5737143588698571,-0.012776527882400053,0.1553770191187732,0.3393447150798742,0.0047042283983995,1
2026-01-13 00:00:00+00:00,4.648981948406926,0.2932438789143096,-0.3399369133637175,0.36108016181464975,0.31693472887691154,0.190048362131937,-0.0143695172488026,0
2026-01-14 00:00:00+00:00,4.664391879908431,-0.621048940903046,-0.6068379940828369,0.33128508809688345,0.347016712619949,0.055687310825610466,0.02134978704816,1
2026-01-15 00:00:00+00:00,4.637164130792359,0.9238427109671149,-0.15084638371947467,0.7334459259123282,0.6646810745760221,-0.4950908562778382,-0.0043838545843358,0
2026-01-16 00:00:00+00:00,4.683845277227522,-0.44833124134112257,-0.34002603420556304,0.7562211564133479,0.6079012448298828,-0.2394230201934748,-0.0438167856951081,0
2026-01-20 00:00:00+00:00,4.624996632291789,-2.0973138740097883,-0.0009985796759789205,0.9543232429576892,0.47947226187540226,-0.03427727000266723,0.029482787667771,1
2026-01-21 00:00:00+00:00,4.5477115903877925,1.551741098152733,0.5961744247628455,0.8513098723478345,0.3080558257930616,0.36996258296285384,0.0082915121099715,1
2026-01-22 00:00:00+00:00,4.678162332074426,0.42459293252021363,-0.9373736834489335,0.11713253603955291,0.4113331481690508,-0.19125903113894288,0.0153105388444059,1
2026-01-23 00:00:00+00:00,4.687791278356601,0.6804354846923184,-0.8210403325902939,0.23189454314450525,0.4541078869301385,-0.19543174361270124,-0.0063942025896519,0
2026-01-26 00:00:00+00:00,4.699624333028193,-0.2406752438465268,-1.0074801167842786,0.01632770955446848,0.28312742387282236,0.1501750169145256,0.0109937255322571,1
2026-01-27 00:00:00+00:00,4.6838692800330515,0.5976603979897377,-0.5553063978449374,0.2221229698880334,0.3110914579168382,0.2080806623499161,0.0159134309357098,1
2026-01-28 00:00:00+00:00,4.7386851291218095,0.7206965690815786,-0.8425151143354507,0.2087651330009396,0.51210915881876,-0.24320564607779352,0.0051691729323306,1
2026-01-29 00:00:00+00:00,4.678342938291718,0.26752719757377064,0.16517315328908733,0.5029542910193348,0.24913140806793704,0.551649201548544,-0.0071684587813619,0
2026-01-30 00:00:00+00:00,4.731848448516708,-0.2592820170513298,-0.2753287676512978,0.49523144193112767,0.4073319204700856,0.24438251267140979,-0.0288808664259926,0
2026-02-02 00:00:00+00:00,4.718034345600499,-1.2727587286774047,-0.3421004136635713,0.3130319609215142,0.24135539740037143,0.46076412051069565,-0.0283928667636442,0
2026-02-03 00:00:00+00:00,4.590225487204425,-1.9175991952420726,0.8413146726243238,0.776185248349475,0.2513643133309698,0.3744661479287087,-0.0341022513030941,0
2026-02-04 00:00:00+00:00,4.546652893803883,-2.0163561228401656,0.479850438693939,0.6735542989974136,0.29043776806983973,0.1535913162856105,-0.0132613812503588,0
2026-02-05 00:00:00+00:00,4.488239564357121,-0.9076765567970946,0.18262718387113608,0.5925529734177309,0.3956313608884616,-0.09777280604273014,0.0787177100302536,1
2026-02-06 00:00:00+00:00,4.248276990183183,3.693325931055893,2.2317763087250566,0.5067150446035661,-0.08418490508672545,0.6803177705155399,0.0249716843751686,1
2026-02-09 00:00:00+00:00,4.367878794566643,1.4423352807736367,1.2034984659507675,0.049223869702207414,-0.1729922554771742,0.7504177233417103,-0.0078930751420753,0
2026-02-10 00:00:00+00:00,4.539960971903499,-0.6025132526287894,-0.4015240017609072,-0.5842702836155308,0.10759516589593171,-0.27425826482802607,0.0080089105760052,1
2026-02-11 00:00:00+00:00,4.567280852439627,0.03979064075925569,-0.25491269658855564,-0.5170844955403008,0.2024168208931535,-0.4577219227110699,-0.0163641147066562,0
2026-02-12 00:00:00+00:00,4.555339870039978,-1.3717346918868951,0.43351502479907517,-0.024330097452678515,0.2515615723896301,-0.40075509182075586,-0.0220926500481437,0
2026-02-13 00:00:00+00:00,4.565252064906755,-1.410478427271394,0.04340853127368504,-0.29581843672986036,0.118020683310797,-0.20319439846257806,0.0118155461955034,1
2026-02-17 00:00:00+00:00,4.481607902466506,0.71013229480602,0.6468501224398877,-0.2911377267354105,-0.16577242555388308,0.5508198057638216,0.0162729091203979,1
2026-02-18 00:00:00+00:00,4.5953364490134545,0.5588483347918866,-0.24382857898074872,-0.21264335313638816,0.34280026605639136,-0.5514959933008571,-0.0004255771890625,0
2026-02-19 00:00:00+00:00,4.639549554210336,0.15066614587415095,-0.736456081045087,-0.5411433224396535,0.10482124344269927,-0.057231500520684916,0.0102182011708353,1
2026-02-20 00:00:00+00:00,4.598542410030611,0.7737859910029007,0.0039249019366478675,-0.03286923867994261,0.1789125418510615,0.06162584480129538,0.0091138973764619,1
2026-02-23 00:00:00+00:00,4.6375706720074295,0.3771730436886986,-0.11015648485836518,-0.09606281306025809,0.2911923649815783,-0.2554616966119543,0.006786739754633,1
2026-02-24 00:00:00+00:00,4.626103366248565,0.3631085619447552,0.2586694116961158,-0.059041510021492265,0.1424891435779556,0.17412149273421554,0.0140523723100856,1
2026-02-25 00:00:00+00:00,4.66610597636262,0.6852491967990649,0.3339487241046012,0.521450031044508,0.6325994893759556,-0.5994828110724563,-0.0545612599713644,0
2026-02-26 00:00:00+00:00,4.5333895581636385,-3.2855552609351624,1.9023855223171002,1.4076013858293521,0.6359262077491462,-0.5278256757755052,-0.0416463843366324,0
2026-02-27 00:00:00+00:00,4.498672180220296,-2.122578366783599,1.0050369467218787,0.688684653630387,0.4734357153189065,-0.3870978144135314,0.0298549579547378,1
2026-03-02 00:00:00+00:00,4.372953317871125,1.872856077942415,1.228077447812964,-0.2699975428938384,-0.19737063115137257,0.8369488542049723,-0.0133165278386671,0
2026-03-03 00:00:00+00:00,4.469787754466213,-0.3014949287348902,-0.1378101224389638,-0.5704505209842227,0.03461614089871601,0.1438115895427016,0.0166064981949456,1
2026-03-04 00:00:00+00:00,4.428862881578885,0.9194103446299564,0.07837768168399764,-0.5265128824424496,0.10773636190669765,-0.037213042179948655,0.001638986013986,1
2026-03-05 00:00:00+00:00,4.4177850999477055,0.26166031550261526,0.39369041145956535,-0.24034391513111503,0.06017100445434898,0.2733992708094082,-0.0301079960728701,0
2026-03-06 00:00:00+00:00,4.43115614379493,-1.432352999377584,0.18529951411370105,-0.32442963236953076,0.025631762784975434,0.17973473955062513,0.0271622989539985,1
2026-03-09 00:00:00+00:00,4.404338086307841,1.628683356801798,0.45972704696030386,-0.15995391880157164,-0.02917387423491116,0.7937949817644679,0.0116068984396386,1
2026-03-10 00:00:00+00:00,4.4913527385155785,0.7261757202299808,-0.20409551129817488,-0.1512877272581515,0.24940628845991483,0.15698199201208585,0.0068192888455917,1
2026-03-11 00:00:00+00:00,4.542338328611239,0.325061261821246,-0.710644940481397,-0.4665593825291111,0.28318092159425834,-0.08461085716902823,-0.015535128742676,0
2026-03-12 00:00:00+00:00,4.545257403407613,-0.6352459582713587,-0.7211065619375974,-0.3779616918283803,0.24218708170262157,0.052497764581789896,-0.0157802773834224,0
2026-03-13 00:00:00+00:00,4.497904045083812,-1.1833620662611886,-0.1537220845540395,-0.22079632229063698,0.22916150463753335,-0.010449683594104125,0.0164771151178917,1
2026-03-16 00:00:00+00:00,4.430521050103893,0.5538138987687559,0.6004915952752277,0.2421818562564192,0.31599928593785864,0.10658561965314323,-0.0070407160790306,0
2026-03-17 00:00:00+00:00,4.514411919170566,-0.5911328367378272,-0.4644449023007096,-0.1221626382420739,0.4436352461966799,-0.3432697759264222,-0.0084098279558071,0
2026-03-18 00:00:00+00:00,4.513929215810959,-0.5015939698071803,-0.7609949596551103,-0.3413443921871369,0.3446686339159953,-0.17510505115264446,-0.01019955654102,0
2026-03-19 00:00:00+00:00,4.457023204867887,-0.29821241476269833,-0.42881229518597175,-0.22905751400324462,0.1953386560414114,0.28465830763398536,-0.032818100358423,0
2026-03-20 00:00:00+00:00,4.371427754376655,-1.9497521418469987,0.36720292952888217,0.39719971492070566,0.3864100911597423,-0.0872178569427488,0.0170237405906195,1
2026-03-23 00:00:00+00:00,4.371065166002745,0.4700933807855696,-0.36456519648366364,-0.2066186964813226,0.45710476006548867,-0.5023855197549711,-0.0025051241175131,0
2026-03-24 00:00:00+00:00,4.384312479762437,0.03269879414402243,-0.9060308399660869,-0.521746473206656,0.23189516876578697,-0.04522823735155837,0.0198630136986301,1
2026-03-25 00:00:00+00:00,4.330361760086843,0.939879226434754,-0.2818155049636583,-0.33065050415735525,0.1986745659847829,0.009533546866973287,-0.0416386836803223,0
2026-03-26 00:00:00+00:00,4.344877122248715,-2.1913593768222817,-0.21168564980897359,0.11879205993627087,0.18826217448691435,0.1002453516897388,-0.0217238962859145,0
2026-03-27 00:00:00+00:00,4.33103150867342,-1.1069059121689548,-0.33289172760913033,0.3111578680482314,0.3310069969027961,-0.10282243389795465,-0.0140281757402103,0
2026-03-30 00:00:00+00:00,4.274087244234208,-1.007080167996943,-0.18280251014727525,0.34659821689557885,0.31409125143717315,-0.08071946312999063,0.0558818187322154,1
2026-03-31 00:00:00+00:00,4.120803941828904,2.909566583312854,1.080255746510072,0.45298432351002615,0.07324032464274013,0.4706945596336638,0.0077408256880733,1
2026-04-01 00:00:00+00:00,4.281043136554162,0.3297557008179267,-0.6075880781154991,-0.12664329002374441,0.3016796777006413,-0.3829140078940098,0.0093314366998575,1
2026-04-02 00:00:00+00:00,4.229814907135643,0.9491169313069924,-0.012447200902888858,-0.29683397375718684,-0.24554842182380784,0.8897195332282094,0.0014093240881674,1
2026-04-06 00:00:00+00:00,4.3682831344694435,0.2063423149354913,-1.1714237332800426,-0.6132477758242472,0.07025275507505604,-0.014517617895728837,0.0025895068678225,1
2026-04-07 00:00:00+00:00,4.345883813922058,0.3968925098426603,-0.4939266390942591,-0.26404992153959866,-0.04214674553208535,0.4754421969074581,0.0223469960696238,1
2026-04-08 00:00:00+00:00,4.369256815214001,0.5488452846855398,-0.2809850952615801,-0.0914455284312598,0.30174098354245804,-0.43814144092672347,0.0100505272407731,1
2026-04-09 00:00:00+00:00,4.426297931739401,0.6709642284454334,-0.7812123820601342,-0.4600281810660977,0.02383830884456917,0.20449515195452786,0.0256647273122723,1
2026-04-10 00:00:00+00:00,4.406126525354091,1.4376494264039397,0.049229048999429405,-0.02681795831379744,0.06226565806520491,0.33128473596256014,0.0036049408895721,1
2026-04-13 00:00:00+00:00,4.50499920381529,0.5534668511581026,-0.5737442674698325,-0.2988476926448476,0.015174941060964212,0.3946872945527645,0.0380328561618508,1
2026-04-14 00:00:00+00:00,4.512671867990396,2.032496486345991,0.1586798609421382,-0.04691854163240998,0.10323836602563073,0.234405915516197,0.0120095669431581,1
2026-04-15 00:00:00+00:00,4.613351786763139,0.7235924963462932,0.01821087826427524,0.18224756575676776,0.2955798344828035,-0.07473834902908218,-0.0026147734701061,0
2026-04-16 00:00:00+00:00,4.705040156603831,0.042426613998216185,-0.5419644093448767,-0.3312123489333693,0.12106297065913162,0.13647952687149406,0.016788505167633,1
2026-04-17 00:00:00+00:00,4.7694393042370615,0.9080809932831336,-0.5357307090533657,-0.10265754812388442,0.4048065747946622,-0.3581871352945017,0.0018841729472431,1
2026-04-20 00:00:00+00:00,4.838187139902136,0.33276705279090607,-0.6216150060115896,-0.3317249763306557,0.10084719650405907,0.3555419124876836,-0.0107888745917055,0
2026-04-21 00:00:00+00:00,4.898510170874483,-0.5885919155763949,-0.8650540274178818,-0.42275469960378526,0.18023747353280387,0.00852341976600698,0.0131078647188314,1
2026-04-22 00:00:00+00:00,4.917270992797277,0.7143187858919692,-0.7769699476852714,-0.4414458157473437,0.17866787711839094,0.06692647764882416,-0.0141234567901235,0
2026-04-23 00:00:00+00:00,4.909806598079179,-0.8624269053859728,-0.30083201196073284,-0.2748853087704017,0.055843223259104936,0.2915117943572533,0.0432278100581047,1
2026-04-24 00:00:00+00:00,4.819861807699822,2.3375456901715927,1.5121017103645953,0.9185844484902833,0.1937750131177067,0.8174336369162573,0.0400441734287222,1
2026-04-27 00:00:00+00:00,4.958418251972003,2.1026548025323315,0.9171777929419951,0.601610230795824,0.26905858031699137,0.589511328249651,-0.0158810765892619,0
2026-04-28 00:00:00+00:00,5.099749408465273,-0.23220189330089522,0.19177720082182848,0.47454975832382085,0.23818130111591274,0.6934411661954852,-0.0183890791387155,0
2026-04-29 00:00:00+00:00,5.209042970174879,-1.0119830055200498,-0.5998802095011355,-0.010601813886883516,0.341308319386286,0.14896857176463377,-0.0462604540023895,0
2026-04-30 00:00:00+00:00,5.056560895185272,-2.9985324903444983,1.3931530769711737,1.0774823786893193,0.4525429941951199,-0.061609265085210765,-0.0056120659417748,0
2026-05-01 00:00:00+00:00,5.109387911958309,-0.5258564134384177,-0.18112261015886977,-0.1723524100453194,0.2476483523436727,-0.018718393111583794,0.000151171579743,1
2026-05-04 00:00:00+00:00,5.053132625432024,-0.1523977453441843,0.013249474915727838,-0.20193191391139922,0.12133420063478723,0.2646289217646423,-0.0099758162031438,0
2026-05-05 00:00:00+00:00,5.077535347377631,-0.6396062957044845,-0.6091754850322708,-0.38181138087235617,0.21953044267029162,-0.09647988630251282,0.0576590330788804,1
2026-05-06 00:00:00+00:00,4.920862680503294,2.855556281103288,1.3533951753929645,0.3353974086932208,0.15444479794776536,0.35401113315626936,0.0176586633306066,1
2026-05-07 00:00:00+00:00,5.044739868309342,0.920832921333149,0.6282412586475699,0.04501399831841994,0.18098503805652713,0.20574427141739152,0.0174940898345152,1
2026-05-08 00:00:00+00:00,5.170996052276089,0.8916933767951718,-0.10825699034349841,-0.34345188755588235,0.2526490015872767,-0.06659688060978926,0.0197026022304833,1
2026-05-11 00:00:00+00:00,5.181804057666353,1.2007966866348356,0.6794933773765618,-0.06929802953396366,0.10532573040350345,0.5082671528922734,0.0061064527889171,1
2026-05-12 00:00:00+00:00,5.277605648671188,0.364764256792915,0.6134342008448658,-0.0202130610757483,0.1763540062445678,0.44498386407173063,0.0228734486819459,1
2026-05-13 00:00:00+00:00,5.390077303692215,0.9285295000303437,0.20436380157320067,-0.16766083180065994,0.42098902546802386,-0.19097207918079645,0.0438825665323472,1
2026-05-14 00:00:00+00:00,5.444527498643397,2.14466432239835,0.7339860812928672,0.03435649715023042,0.4636968859628316,-0.09211544277472006,-0.044201238652753,0
2026-05-15 00:00:00+00:00,5.524364336959258,-2.1308218849510725,0.4668301319078199,-0.05911834849408209,0.3026439371276627,0.03167556840102418,-0.0133143973016154,0
2026-05-18 00:00:00+00:00,5.475671850108259,-1.3742976983776092,0.9606028654346264,-0.3713027016063554,0.19031836085339587,-0.007701165705691788,-0.0076916156890967,0
2026-05-19 00:00:00+00:00,5.52412955553608,-0.2218914199586528,0.23190777737548596,-0.5861523214435884,0.15646825204092765,0.23129082442338397,0.0129640542133175,1
2026-05-20 00:00:00+00:00,5.523429957192967,0.5082522030978555,0.46438537466743895,-0.19734800294002747,0.5234310136503365,-0.4260068487638473,-0.0177204993958921,0
2026-05-21 00:00:00+00:00,5.457291729425829,-1.0481968104354662,1.0515081962326258,0.02677710220457355,0.34601378582637377,0.054608342801529666,-0.0190424126463485,0
2026-05-22 00:00:00+00:00,5.503535390933231,-1.2808895678247263,0.236102483153364,-0.2797682738726187,0.4694682405944472,-0.3829099799034159,-0.0021826963265685,0
2026-05-26 00:00:00+00:00,5.468320664518809,-0.2682148995173323,0.4111178576486103,-0.03627941716393795,0.521277621924295,-0.2574823287068129,-0.0105184771479103,0
2026-05-27 00:00:00+00:00,5.464393012673541,-0.5447975426621589,0.10219163883244729,-0.2323771534962149,0.42638047477289975,-0.1216551435233898,0.0077610536218251,1
2026-05-28 00:00:00+00:00,5.450067465928868,0.6259919353157918,-0.16994151581790903,-0.5153082324393304,0.3160000041587138,0.1118189070949207,-0.0145157526254375,0
2026-05-29 00:00:00+00:00,5.392614625018087,-0.9216556298717705,1.0833293580278742,1.1265930267640163,0.9475168079282672,-0.573107100441518,0.0626124846073696,1
2026-06-01 00:00:00+00:00,5.338490309825708,3.068558892731951,1.3154296632293954,0.08186039459427634,0.4252568923051258,0.17360539866659447,-0.0068639686218577,0
2026-06-02 00:00:00+00:00,5.4204577345823,-0.8171611733138916,1.0534021345014688,-0.05831197722050917,0.3821227522672014,0.08248649593655837,-0.0362175747239924,0
2026-06-03 00:00:00+00:00,5.465494078586516,-2.1299759336263673,0.36943095768715883,-0.5011628493436178,0.28240774900351084,0.05578100712244522,0.0182072176949941,1
2026-06-04 00:00:00+00:00,5.410010674993026,1.0115594453593195,0.9943548265763743,-0.3096096979253346,0.12554238394285738,0.8243795238945999,-0.0620140857952986,0
2026-06-05 00:00:00+00:00,5.383370076670983,-3.4691239036117083,1.13627170275373,0.04726648855943273,0.2915985362760165,0.14074784782976735,0.0172598732325695,1
2026-06-08 00:00:00+00:00,5.3936931947719655,0.5003414428262856,-0.10788154822742393,-0.8831017956820533,0.4194739258899906,-0.49384443678341644,-0.0021568251533742,0
2026-06-09 00:00:00+00:00,5.245554666457674,-0.5367209260885925,1.3405395905922004,-0.30426093883387023,0.11394896021987046,0.40811533284094437,-0.037321677313992,0
2026-06-10 00:00:00+00:00,5.268433467233666,-1.908163476821107,0.3445406871028719,-0.6039690009288878,0.11960196143073182,0.21196044471547004,0.0222033729168746,1
2026-06-11 00:00:00+00:00,5.198748015377189,1.1482952001805076,0.3874805271910229,-0.7018148367940291,0.18738855647678437,0.07786489216536464,0.0015619661248595,1
2026-06-12 00:00:00+00:00,5.272060406125494,0.13534813617252595,-0.5488468457345472,-1.025578040694862,0.1980435614415712,-0.018341393918351257,0.0353818412203323,1
2026-06-15 00:00:00+00:00,5.24710355409593,1.6995227994123858,-0.008340619779099102,-0.6583897367758712,0.3662514193369622,-0.23207259240663491,-0.0237232289950576,0
2026-06-16 00:00:00+00:00,5.292907504892985,-1.2492951364281228,-0.4746740773873063,-0.8528969710003808,0.2370757257203147,-0.13433655796642385,-0.0133069765199362,0
2026-06-17 00:00:00+00:00,5.2463263702838745,-0.9321604042926531,-0.08055732350664811,-0.7812454416231291,0.19363316223358507,-0.06850219048832407,0.0295138040557048,1
2026-06-18 00:00:00+00:00,5.196139231643982,1.4504867338888725,0.7591974708511359,0.1536324597542588,0.6360735209247909,-0.5606006035983807,-0.0096824718781147,0
2026-06-22 00:00:00+00:00,5.2548115772973,-0.6813076306034913,-0.06756075278625995,-0.8706994305797142,0.1337442973033147,0.01043451445882997,-0.0412652767792955,0
2026-06-23 00:00:00+00:00,5.2359474473003464,-1.7536179970471248,-0.2880783200433719,-0.6559520745216533,0.15511191988969622,0.019618380271238665,-0.0051989602079584,0
2026-06-24 00:00:00+00:00,5.157031318156791,-0.32411668560271895,0.07966491518605548,-0.6240458778448249,0.20615796958474789,-0.19471328983720151,-0.0163819095477386,0
2026-06-25 00:00:00+00:00,5.070340374267315,-1.2054878273054428,0.630778825190099,-0.5335163404555767,0.04308019133137585,0.06164768321775045,-0.0163993052007765,0
2026-06-26 00:00:00+00:00,5.049997722030569,-0.6714606126811441,0.12356367618781494,-0.3615098834943823,0.23728024033518882,-0.2020318555436022,0.0126733496078532,1
2026-06-29 00:00:00+00:00,4.97762277280207,0.5438245810521044,0.417068694377953,-0.5541113102473053,0.06029431770339899,-0.04168282059360022,0.0262604503256911,1
2026-06-30 00:00:00+00:00,5.000021098022948,1.272312862789655,0.33654966763489735,-0.21230004014467543,0.2611484260847174,-0.14407838229634864,-0.0125443550402318,0
2026-07-01 00:00:00+00:00,5.001623256859505,-0.36221162451675687,0.1957964080510705,-0.36514196307391583,-0.02132716204806964,0.41295233077456467,-0.0139184127948173,0
2026-07-02 00:00:00+00:00,4.979592122117746,-0.8588237192760552,0.3285448208809806,-0.29158913738982895,0.03554706315381158,0.23819592861926178,0.0036955294359184,1
2026-07-06 00:00:00+00:00,5.032463689900067,0.31080837038476666,-0.5765025260655089,-0.6999991215600884,0.08446736212142736,0.032239498853418244,0.0070570186653029,1
2026-07-07 00:00:00+00:00,4.994951075095353,0.7151260589969356,0.11150394321297603,-0.21896488029255212,-0.08924225626062499,0.8945867029340212,0.0365104351800131,1
2026-07-08 00:00:00+00:00,4.934815439465657,2.1993270112910235,0.949482977119708,-0.00988518361816306,-0.16901532181933301,1.1462982502879795,-0.006564765824025,0
2026-07-09 00:00:00+00:00,5.078282413697468,-0.42617651145897695,-0.18345386782891765,-0.1817925639271989,0.20764285223296214,0.033898687191776855,0.0403392839530525,1
2026-07-10 00:00:00+00:00,5.03184793116722,2.348586000899763,0.78659877386008,-0.000996182175635149,-0.041587748060763666,0.8799439532748655,-0.0352199469093666,0
2026-07-13 00:00:00+00:00,5.142278457287306,-1.908829386379179,-0.02047414606995466,-0.28360208523090863,0.027651700638033516,0.3122184600918391,0.0406328305409522,1
2026-07-14 00:00:00+00:00,5.102116536515913,1.7822828412674172,0.5884541874959252,-0.38774651519696834,0.0342275780874846,0.2570759146266809,0.0033050047214353,1
2026-07-15 00:00:00+00:00,5.188112787041467,0.11709375060812581,0.22462462747569362,-0.31193640977160975,0.05476747546612523,0.3397768330641411,-0.024,0
2026-07-16 00:00:00+00:00,5.252506806288308,-1.1772452179751063,-0.3145101563914876,-0.36138431195383064,0.15617984365928558,0.08045941969602112,-0.0221311475409836,0
2026-07-17 00:00:00+00:00,5.1517582248603295,-0.9141850873617889,0.5187332714048357,-0.08064370939946244,-0.053160319953719545,0.6800364319251269,0.0023174399684433,1
2026-07-20 00:00:00+00:00,5.224459367789825,-0.1829831160433698,-0.46045017241243136,-0.647984173332636,0.10052065340074004,-0.039326528644212405,0.0197264856355765,1
2026-07-21 00:00:00+00:00,5.213350525198169,0.7356733693681732,-0.31981245500652694,-0.45072277674685507,0.23686519736855136,-0.2638959649905614,0.0230112402913793,1
2026-07-22 00:00:00+00:00,5.15262815430185,1.4033909672264568,0.7369199978024263,0.05008639481014759,-0.04695708749976916,0.8373377688088065,-0.0155616334999528,0
2026-07-23 00:00:00+00:00,5.276073085984589,-0.6318349007052331,-0.425946583732205,-0.3242212832037406,0.11169364394273096,0.21058707994969753,-0.0091971642077025,0
2026-07-24 00:00:00+00:00,5.250222996872768,-0.4494266407739564,0.01482328832405529,-0.19051617867902043,0.05232352813010218,0.376828821424112,-0.0499419841423323,0
2026-07-27 00:00:00+00:00,5.123938475298422,-3.3504804389959233,1.3931431047031726,0.402620279821364,0.01729330360156221,0.21707563275331157,0.0025443997760927,1
2026-07-28 00:00:00+00:00,5.145586141118723,0.2946920493957622,0.24458935300230028,-0.07197893087603296,0.06807865478169921,0.17983682649011817,-0.0355311913100857,0
2026-07-29 00:00:00+00:00,5.085929435093683,-2.0463113788820007,0.40426232444358634,0.18415774142464467,0.14728747633091974,-0.1497332264960308,0.0264722909320562,1
2026-07-30 00:00:00+00:00,5.026531021509222,1.141047616362742,0.2948817985309865,-0.1539919008383163,0.12804327697204132,-0.2402620339447269,0.0292760459392944,1
2026-07-31 00:00:00+00:00,4.998620519620978,1.2814524906706717,0.6442388821397849,-0.021180304241948514,0.0966448067198942,-0.14878448635864916,0.0293399750933995,1
2026-08-03 00:00:00+00:00,4.949922122030375,1.8667052438258465,1.4004714623797812,-0.1769871371248407,-0.47490337602189686,1.2219202098742343,0.025648470770422,1
2026-08-04 00:00:00+00:00,5.147958902827118,1.0593166307455726,0.05448250711878592,-0.2484012655854335,0.3001889340572267,-0.689344513164162,0.0343493441540059,1
2026-08-05 00:00:00+00:00,5.2011492063304825,1.501907403419777,0.5987149322415023,0.052258323848162584,0.3502742706762917,-0.5661610506392305,-0.0010491743454064,0
2026-08-06 00:00:00+00:00,5.3124790581552,-0.3139387608475197,0.1313964371430333,-0.46966433055111345,0.10215565994121775,-0.22659763641295125,0.0226951002328872,1
2026-08-07 00:00:00+00:00,5.4156468302611565,1.1258412738086285,-0.23304159842437494,-0.5960264994474287,0.1803837951477493,-0.26302190851783236,-0.0286211823539918,0
2026-08-10 00:00:00+00:00,5.446380707397331,-1.687712833688049,0.12079159062159817,-0.32640142678247525,0.1134510544915404,-0.06378826574740633,-0.0002298322224776,0
2026-08-11 00:00:00+00:00,5.485083398986663,-0.46558384437795686,-0.17193991632761926,-0.4658249419670694,0.2479025645301597,-0.3483315062214759,0.0302988505747126,1
2026-08-12 00:00:00+00:00,5.497082172439119,1.4489395024766192,-0.05827000598867976,-0.4727639436624068,0.22599312209095562,-0.19737901327706076,0.0053996162256235,1
2026-08-13 00:00:00+00:00,5.587917160650148,0.29290056761773586,-0.5096254219759936,-0.5667611493287815,0.2461354435514769,-0.21955160394063133,-0.0006213936972925,0
2026-08-14 00:00:00+00:00,5.651797458537242,-0.09104424422552945,-0.8751650906487827,-0.8098968950873863,0.20153742175415768,-0.21741738927946302,-0.0006661929294724,0
2026-08-17 00:00:00+00:00,5.673659331439632,-0.03438708183295595,-0.6628499003621044,-0.5731363804409899,0.28579807168273597,-0.26369907328385866,-0.0234211812808319,0
2026-08-18 00:00:00+00:00,5.679429168081268,-0.8673582070242989,-0.6252017132742944,-0.4699138452732066,0.20425410204417016,-0.023473370830941035,-0.0099208155092381,0
2026-08-19 00:00:00+00:00,5.62841836284041,-0.7768429124948885,-0.1706847219781596,-0.43114651500527085,0.1977404384897764,-0.14376515981453525,-0.0032634675491818,0
2026-08-20 00:00:00+00:00,5.63294734170007,-0.2229319396605861,-0.4747308006079463,-0.5130834033769983,0.21338988409271975,-0.15721615558432356,-0.0098224579202212,0
2026-08-21 00:00:00+00:00,5.615461019753207,-0.6865162175034888,-0.43491377006079024,-0.3926765815426067,0.2832018276641031,-0.33635949128319936,-0.0290611028315946,0
2026-08-24 00:00:00+00:00,5.52867042032779,-1.8711419999044496,0.46952842634622066,0.3718763137023019,0.3322814882826828,-0.1096938000019852,0.0219205679201843,1
2026-08-25 00:00:00+00:00,5.528227449954326,1.0587256336863633,0.0004008999137701924,0.04621034037723215,0.3759229784110349,-0.23420241820179669,-0.0159117578033326,0
2026-08-26 00:00:00+00:00,5.530270799915441,-0.8515535143256102,0.32799594250403596,0.9518859695520047,0.7365404113936806,-0.6097567948495981,0.0873795669178669,1
2026-08-27 00:00:00+00:00,5.361769923325282,3.595216837627941,2.8579806296193686,2.0554927392328213,1.215886062220925,-1.5059646350191729,-0.045749627160277,0
