timestamp,open,high,low,close,volume,return_1d,log_return_1d,sma_5,sma_20,ema_5,ema_20,volatility_20,volume_sma_20,volume_ratio,high_low_spread,open_close_spread,target_return_1d,target_direction_1d
2016-09-27 00:00:00+00:00,1.6,1.67,1.6,1.66,402752000,0.03105590062111796,0.030583423372080143,1.6280000000000001,1.569,1.6251790795481424,1.58228058576026,0.021132251510896767,412646800.0,0.9760211396283698,0.04216867469879509,0.037499999999999895,0.006024096385542244,1
2016-09-28 00:00:00+00:00,1.67,1.67,1.65,1.67,319788000,0.006024096385542244,0.00600602406021189,1.638,1.5755000000000001,1.6401193863654284,1.5906348156878543,0.021008401847149513,414359000.0,0.771765546301637,0.011976047904191628,0.0,0.011976047904191711,1
2016-09-29 00:00:00+00:00,1.67,1.69,1.65,1.69,336684000,0.011976047904191711,0.011904902506318371,1.65,1.5835,1.6567462575769523,1.6000981665747254,0.020924366384902804,411766000.0,0.817658573073056,0.023668639053254458,0.011976047904191628,0.01183431952662728,1
2016-09-30 00:00:00+00:00,1.69,1.73,1.68,1.71,429932000,0.01183431952662728,0.01176484157958635,1.668,1.59,1.6744975050513018,1.610565007853323,0.020006729965789415,411838000.0,1.0439347510428858,0.02923976608187137,0.011834319526627229,0.0,0
2016-10-03 00:00:00+00:00,1.71,1.74,1.71,1.71,242596000,0.0,0.0,1.688,1.5975,1.6863316700342015,1.6200350071053873,0.01964687349177762,407810400.0,0.5948744808862158,0.017543859649122823,0.0,0.0,0
2016-10-04 00:00:00+00:00,1.71,1.74,1.69,1.71,281624000,0.0,0.0,1.698,1.6039999999999999,1.6942211133561345,1.628603101666779,0.019575158907791202,406551000.0,0.6927150591192741,0.02923976608187137,0.0,0.0,0
2016-10-05 00:00:00+00:00,1.72,1.74,1.7,1.71,305440000,0.0,0.0,1.706,1.612,1.699480742237423,1.6363551872223239,0.018838812700191943,401923600.0,0.7599454224633736,0.0233918128654971,-0.005813953488372098,-0.01754385964912286,0
2016-10-06 00:00:00+00:00,1.69,1.7,1.66,1.68,360212000,-0.01754385964912286,-0.017699577099400954,1.704,1.6175000000000002,1.6929871614916152,1.6405118360582929,0.01939244751053777,404143800.0,0.8912966127403167,0.023809523809523832,-0.0059171597633136145,-0.005952380952380931,0
2016-10-07 00:00:00+00:00,1.69,1.7,1.67,1.67,286260000,-0.005952380952380931,-0.0059701669865037665,1.6960000000000002,1.6265,1.6853247743277435,1.6433202326241698,0.0145541177259569,383568800.0,0.7463067903333118,0.017964071856287442,-0.011834319526627229,0.0059880239520957446,1
2016-10-10 00:00:00+00:00,1.68,1.69,1.66,1.68,287876000,0.0059880239520957446,0.0059701669865037665,1.69,1.6345000000000003,1.683549849551829,1.6468135438028202,0.014165193137356593,368049600.0,0.7821663167138342,0.017857142857142873,0.0,-0.017857142857142905,0
2016-10-11 00:00:00+00:00,1.67,1.67,1.64,1.65,388540000,-0.017857142857142905,-0.01801850550267836,1.6779999999999997,1.6420000000000001,1.6723665663678862,1.647117015821599,0.014524507709320289,363888200.0,1.0677455328312377,0.0181818181818182,-0.011976047904191628,0.0060606060606061,1
2016-10-12 00:00:00+00:00,1.65,1.67,1.63,1.66,419920000,0.0060606060606061,0.006042314455962705,1.668,1.6495000000000002,1.668244377578591,1.6483439666957325,0.014521031009982626,368931800.0,1.1382049473642555,0.024096385542168697,0.006060606060606067,-0.01807228915662651,0
2016-10-13 00:00:00+00:00,1.64,1.65,1.59,1.63,390116000,-0.01807228915662651,-0.018237587549780943,1.658,1.6524999999999999,1.6554962517190606,1.6465969222485197,0.012975199433577752,362677000.0,1.0756568516889684,0.036809815950920144,-0.0060975609756097615,0.012269938650306678,1
2016-10-14 00:00:00+00:00,1.65,1.67,1.64,1.65,330636000,0.012269938650306678,0.012195273093818237,1.654,1.6564999999999999,1.6536641678127073,1.6469210248915178,0.013167565861334269,334086600.0,0.9896715402533355,0.0181818181818182,0.0,-0.0060606060606061,0
2016-10-17 00:00:00+00:00,1.65,1.67,1.64,1.64,195328000,-0.0060606060606061,-0.006079046076382155,1.6460000000000001,1.659,1.6491094452084716,1.6462618796637543,0.013071867533317358,322996600.0,0.6047370158075968,0.018292682926829285,-0.006060606060606067,0.018292682926829285,1
2016-10-18 00:00:00+00:00,1.66,1.67,1.66,1.67,269372000,0.018292682926829285,0.01812738459255675,1.65,1.6635000000000002,1.6560729634723146,1.648522653029111,0.013435770959886741,319909600.0,0.8420253721676374,0.005988023952095814,0.006024096385542174,-0.005988023952095856,0
2016-10-19 00:00:00+00:00,1.65,1.67,1.65,1.66,199060000,-0.005988023952095856,-0.00600602406021189,1.65,1.6655000000000002,1.6573819756482098,1.6496157336930053,0.01249123942716389,313052000.0,0.6358688013492966,0.012048192771084348,0.006060606060606067,0.01807228915662651,1
2016-10-20 00:00:00+00:00,1.68,1.7,1.66,1.69,312084000,0.01807228915662651,0.01791092656653026,1.6620000000000001,1.6684999999999999,1.6682546504321398,1.6534618542936714,0.013001888143663896,313219600.0,0.9963744286756001,0.023668639053254458,0.005952380952380958,0.0,0
2016-10-21 00:00:00+00:00,1.69,1.69,1.67,1.69,279508000,0.0,0.0,1.67,1.672,1.6755031002880933,1.6569416776942743,0.012875770669760821,313388400.0,0.8918900635760609,0.011834319526627229,0.0,0.047337278106508895,1
2016-10-24 00:00:00+00:00,1.7,1.77,1.7,1.77,339836000,0.047337278106508895,0.04625101765075568,1.6960000000000002,1.6800000000000002,1.707002066858729,1.6677091369614863,0.0160449703662732,318878200.0,1.0657235270394778,0.039548022598870095,0.041176470588235335,0.016949152542372836,1
2016-10-25 00:00:00+00:00,1.76,1.81,1.76,1.8,397460000,0.016949152542372836,0.016807118316381264,1.722,1.687,1.7380013779058192,1.680308266774678,0.015147604687462736,318613600.0,1.247467151433586,0.0277777777777778,0.02272727272727275,0.0,0
2016-10-26 00:00:00+00:00,1.78,1.82,1.78,1.8,333792000,0.0,0.0,1.75,1.6934999999999998,1.7586675852705462,1.691707479462804,0.015166276474804192,319313800.0,1.0453416044029415,0.02222222222222224,0.011235955056179785,-0.01666666666666672,0
2016-10-27 00:00:00+00:00,1.82,1.82,1.76,1.77,388664000,-0.01666666666666672,-0.016807118316381264,1.766,1.6975000000000002,1.7624450568470311,1.699163909990156,0.015702950523425418,321912800.0,1.2073580174506886,0.03389830508474579,-0.027472527472527496,-0.005649717514124353,0
2016-10-28 00:00:00+00:00,1.78,1.8,1.76,1.76,290856000,-0.005649717514124353,-0.00566573753567734,1.78,1.7,1.761630037898021,1.704957823324427,0.01563428499691392,314959000.0,0.9234725789705962,0.02272727272727275,-0.011235955056179785,0.011363636363636465,1
2016-10-31 00:00:00+00:00,1.77,1.79,1.77,1.78,252388000,0.011363636363636465,0.011299555253933335,1.782,1.7035,1.7677533585986807,1.7121046972935292,0.01578292984883593,315448600.0,0.80009231297904,0.011235955056179785,0.005649717514124299,-0.028089887640449507,0
2016-11-01 00:00:00+00:00,1.79,1.8,1.71,1.73,473224000,-0.028089887640449507,-0.02849195579430619,1.768,1.7045,1.755168905732454,1.7138090118370026,0.017196126085070693,325028600.0,1.4559457229302284,0.05202312138728328,-0.033519553072625725,-0.005780346820809301,0
2016-11-02 00:00:00+00:00,1.74,1.76,1.72,1.72,295848000,-0.005780346820809301,-0.005797117684325892,1.752,1.7049999999999996,1.7434459371549693,1.7143986297572882,0.017255198224520638,324549000.0,0.9115665122986052,0.023255813953488393,-0.011494252873563229,-0.011627906976744207,0
2016-11-03 00:00:00+00:00,1.73,1.73,1.67,1.7,309664000,-0.011627906976744207,-0.011696039763191335,1.7380000000000002,1.706,1.728963958103313,1.7130273316851654,0.01697570249444873,322021600.0,0.961624934476445,0.03529411764705886,-0.01734104046242776,-0.00588235294117645,0
2016-11-04 00:00:00+00:00,1.69,1.72,1.66,1.69,328780000,-0.00588235294117645,-0.005899722127188256,1.7239999999999998,1.707,1.7159759720688754,1.7108342524770543,0.01697427657548111,324147600.0,1.0142910205104094,0.03550295857988169,0.0,0.053254437869822535,1
2016-11-07 00:00:00+00:00,1.74,1.79,1.74,1.78,487580000,0.053254437869822535,0.05188483536901167,1.7240000000000002,1.7119999999999997,1.7373173147125838,1.7174214665268588,0.02048198140558538,334132800.0,1.4592401584040837,0.02808988764044946,0.022988505747126457,0.0,0
2016-11-08 00:00:00+00:00,1.79,1.79,1.76,1.78,429884000,0.0,0.0,1.734,1.7185,1.7515448764750559,1.7233813268576341,0.019901914203725182,336200000.0,1.2786555621653777,0.016853932584269676,-0.005586592178770954,-0.016853932584269704,0
2016-11-09 00:00:00+00:00,1.73,1.77,1.72,1.75,456532000,-0.016853932584269704,-0.016997576368571132,1.7399999999999998,1.723,1.7510299176500372,1.7259164385854786,0.020424744925904494,338030600.0,1.3505641205263665,0.0285714285714286,0.011560693641618507,-0.034285714285714364,0
2016-11-10 00:00:00+00:00,1.79,1.79,1.67,1.69,869280000,-0.034285714285714364,-0.03488725900044054,1.738,1.7259999999999998,1.7306866117666915,1.7224958253868616,0.021624537485436864,361988800.0,2.4014002643175703,0.07100591715976338,-0.05586592178770954,0.3017751479289943,1
2016-11-11 00:00:00+00:00,1.99,2.22,1.96,2.2,2175344000,0.3017751479289943,0.26372883142928816,1.8400000000000003,1.7535,1.8871244078444611,1.7679724134452557,0.062498947638332095,454224200.0,4.789141573698627,0.11818181818181828,0.10552763819095487,-0.050000000000000155,0
2016-11-14 00:00:00+00:00,2.2,2.2,2.09,2.09,1348796000,-0.050000000000000155,-0.0512932943875507,1.902,1.7759999999999998,1.9547496052296407,1.7986417074028505,0.06407594768518765,511897600.0,2.634894166333267,0.05263157894736858,-0.05000000000000014,0.028708133971291794,1
2016-11-15 00:00:00+00:00,2.11,2.19,2.1,2.15,626092000,0.028708133971291794,0.028303776162851846,1.9759999999999998,1.8,2.0198330701530938,1.8321044019359123,0.06416647482456482,529733600.0,1.1818997322427727,0.04186046511627901,0.018957345971564,0.06511627906976747,1
2016-11-16 00:00:00+00:00,2.18,2.31,2.16,2.29,987984000,0.06511627906976747,0.06308397542657684,2.084,1.8315000000000001,2.109888713435396,1.8757135065134445,0.0649650589052109,569179800.0,1.7358029923057705,0.0655021834061135,0.050458715596330216,0.008733624454148492,1
2016-11-17 00:00:00+00:00,2.31,2.37,2.27,2.31,832988000,0.008733624454148492,0.008695706967553951,2.208,1.8625,2.1765924756235977,1.9170741249407355,0.06498411621827253,595225000.0,1.3994506279138141,0.04329004329004333,0.0,0.008658008658008587,1
2016-11-18 00:00:00+00:00,2.31,2.36,2.29,2.33,576060000,0.008658008658008587,0.008620743043907031,2.234,1.8945,2.2277283170823985,1.9564003987559035,0.0649035554159875,610052600.0,0.9442792310040151,0.030042918454935553,0.008658008658008665,-0.0042918454935623185,0
2016-11-21 00:00:00+00:00,2.35,2.36,2.31,2.32,436436000,-0.0042918454935623185,-0.004301081899390713,2.28,1.9220000000000002,2.258485544721599,1.9910289322077224,0.06464964458084108,614882600.0,0.709787526919773,0.02155172413793096,-0.012765957446808616,0.008620689655172376,1
2016-11-22 00:00:00+00:00,2.33,2.34,2.31,2.34,330368000,0.008620689655172376,0.008583743691391477,2.318,1.9489999999999998,2.2856570298143994,2.024264271997463,0.0646538511621351,611528000.0,0.5402336442485054,0.012820512820512739,0.00429184549356214,0.00427350427350448,1
2016-11-23 00:00:00+00:00,2.34,2.38,2.32,2.35,443236000,0.00427350427350448,0.004264398786457568,2.33,1.9765000000000001,2.307104686542933,2.0552867222834186,0.0646153322968741,617000200.0,0.7183725386150605,0.025531914893617044,0.004273504273504373,0.0,0
2016-11-25 00:00:00+00:00,2.36,2.38,2.34,2.35,195564000,0.0,0.0,2.338,2.0055,2.3214031243619555,2.0833546534945215,0.06431131236026141,607345200.0,0.32199809926875195,0.017021276595744695,-0.00423728813559313,0.0,0
2016-11-28 00:00:00+00:00,2.35,2.37,2.34,2.35,278736000,0.0,0.0,2.3419999999999996,2.035,2.330935416241304,2.1087494483998053,0.06423175971552632,606739200.0,0.45940001898674093,0.012765957446808616,0.0,-0.008510638297872353,0
2016-11-29 00:00:00+00:00,2.35,2.36,2.31,2.33,444568000,-0.008510638297872353,-0.008547060578458332,2.3440000000000003,2.0625,2.330623610827536,2.129820929504586,0.06443605836434413,616348200.0,0.7212935804793459,0.021459227467811082,-0.008510638297872348,-0.008583690987124526,0
2016-11-30 00:00:00+00:00,2.34,2.35,2.3,2.31,440500000,-0.008583690987124526,-0.008620743043907031,2.338,2.0915,2.3237490738850246,2.1469808409803397,0.06390611822998107,614712000.0,0.7165957391428832,0.02164502164502176,-0.012820512820512739,-0.051948051948051965,0
2016-12-01 00:00:00+00:00,2.3,2.3,2.12,2.19,1035524000,-0.051948051948051965,-0.05334598070529284,2.306,2.115,2.279166049256683,2.151077903744117,0.06556224490037464,651695800.0,1.5889683499571425,0.08219178082191768,-0.04782608695652169,0.009132420091324311,1
2016-12-02 00:00:00+00:00,2.16,2.22,2.13,2.21,478292000,0.009132420091324311,0.00909097170125206,2.278,2.1405000000000003,2.2561106995044558,2.1566895319589627,0.06532986247394817,660127200.0,0.7245452088627767,0.04072398190045263,0.023148148148148064,0.040723981900452344,1
2016-12-05 00:00:00+00:00,2.25,2.32,2.23,2.3,602284000,0.040723981900452344,0.03991660740544245,2.268,2.1710000000000003,2.2707404663363038,2.170338147962871,0.06543109792975953,673802400.0,0.8938584962000728,0.039130434782608636,0.022222222222222143,0.013043478260869712,1
2016-12-06 00:00:00+00:00,2.31,2.34,2.29,2.33,498796000,0.013043478260869712,0.01295914464250536,2.268,2.1985,2.2904936442242025,2.185544038633074,0.06486548835748562,674363200.0,0.7396548328853058,0.021459227467811082,0.008658008658008665,0.02145922746781115,1
2016-12-07 00:00:00+00:00,2.32,2.38,2.3,2.38,480804000,0.02145922746781115,0.02123222010577408,2.282,2.2285,2.3203290961494685,2.2040636540013523,0.06480727659446955,676909200.0,0.7102931973741825,0.033613445378151294,0.025862068965517265,-0.01680672268907568,0
2016-12-08 00:00:00+00:00,2.38,2.42,2.33,2.34,381544000,-0.01680672268907568,-0.016949558313773316,2.3120000000000003,2.258,2.3268860640996456,2.2170099726678902,0.06480604822282718,673159800.0,0.5667955810789652,0.0384615384615384,-0.016806722689075647,-0.017094017094017144,0
2016-12-09 00:00:00+00:00,2.35,2.36,2.27,2.3,382312000,-0.017094017094017144,-0.017241806434506124,2.3299999999999996,2.2885,2.317924042733097,2.224913784794758,0.06421533772434644,648811400.0,0.5892498189766703,0.039130434782608636,-0.021276595744680965,-0.02608695652173898,0
2016-12-12 00:00:00+00:00,2.25,2.25,2.19,2.24,601332000,-0.02608695652173898,-0.026433257068155358,2.318,2.2905,2.291949361822065,2.2263505671952575,0.027363953943525907,570110800.0,1.0547633898533408,0.02678571428571431,-0.00444444444444435,0.01785714285714257,1
2016-12-13 00:00:00+00:00,2.25,2.31,2.25,2.28,387796000,0.01785714285714257,0.017699577099400843,2.308,2.3,2.28796624121471,2.2314600369861854,0.024652202692404326,522060800.0,0.7428176947972344,0.026315789473684237,0.013333333333333246,0.05701754385964919,1
2016-12-14 00:00:00+00:00,2.31,2.43,2.29,2.41,983980000,0.05701754385964919,0.055451304536214274,2.314,2.3129999999999997,2.328644160809807,2.2484638429875012,0.026702622073545373,539955200.0,1.822336371610089,0.05809128630705399,0.04329004329004333,0.024896265560165887,1
2016-12-15 00:00:00+00:00,2.42,2.5,2.42,2.47,746548000,0.024896265560165887,0.02459140313732222,2.34,2.322,2.375762773873205,2.269562524607739,0.023550687468715498,527883400.0,1.4142289755654374,0.032388663967611364,0.0206611570247935,0.0161943319838056,1
2016-12-16 00:00:00+00:00,2.5,2.52,2.44,2.51,1089528000,0.0161943319838056,0.01606460250380659,2.382,2.332,2.4205085159154702,2.2924613317879547,0.02368882269985541,540710400.0,2.014993608408494,0.0318725099601594,0.003999999999999915,0.01195219123505975,1
2016-12-19 00:00:00+00:00,2.49,2.56,2.48,2.54,744656000,0.01195219123505975,0.01188132788675278,2.442,2.3425,2.460339010610314,2.3160364430462446,0.02373237731506021,549140200.0,1.3560398601304366,0.03149606299212601,0.02008032128514049,0.03543307086614167,1
2016-12-20 00:00:00+00:00,2.61,2.65,2.6,2.63,848056000,0.03543307086614167,0.03481976515922791,2.5119999999999996,2.3579999999999997,2.5168926737402093,2.345937734184697,0.024581857989372527,569721200.0,1.4885456254743548,0.019011406844106397,0.007662835249042153,0.0076045627376426506,1
2016-12-21 00:00:00+00:00,2.64,2.65,2.59,2.65,576136000,0.0076045627376426506,0.0075757938084576315,2.5599999999999996,2.3735,2.561261782493473,2.374896045214726,0.02457789943353299,582009600.0,0.9899080702448895,0.022641509433962283,0.003787878787878707,0.01132075471698113,1
2016-12-22 00:00:00+00:00,2.67,2.72,2.66,2.68,718612000,0.01132075471698113,0.011257154524634605,2.602,2.3899999999999997,2.6008411883289826,2.403953564718085,0.024598338837324336,595778400.0,1.2061733020196772,0.022388059701492557,0.003745318352060012,0.02238805970149249,1
2016-12-23 00:00:00+00:00,2.66,2.75,2.66,2.74,647692000,0.02238805970149249,0.022141125877213508,2.648,2.4095,2.6472274588859888,2.4359579871258865,0.024784616981196952,618384800.0,1.047393144204062,0.0328467153284671,0.030075187969924838,0.06934306569343063,1
2016-12-27 00:00:00+00:00,2.8,2.93,2.78,2.93,1194272000,0.06934306569343063,0.0670445026289972,2.726,2.4385,2.7414849725906594,2.483009607399612,0.0280150954913345,664161600.0,1.7981647839923296,0.051194539249146874,0.046428571428571555,-0.06825938566552903,0
2016-12-28 00:00:00+00:00,2.99,3.0,2.72,2.73,2295764000,-0.06825938566552903,-0.07070081383210769,2.746,2.4585,2.7376566483937728,2.5065325019329823,0.0332577619739204,756721400.0,3.03382988772354,0.10256410256410249,-0.0869565217391305,0.0219780219780219,1
2016-12-29 00:00:00+00:00,2.62,2.79,2.57,2.79,2175368000,0.0219780219780219,0.02173998663640586,2.774,2.4825,2.7551044322625153,2.533529406510793,0.03315569477641245,843464800.0,2.5790856950995464,0.07885304659498214,0.06488549618320608,-0.043010752688172116,0
2016-12-30 00:00:00+00:00,2.78,2.8,2.66,2.67,1212932000,-0.043010752688172116,-0.04396312342111608,2.7720000000000002,2.5065,2.7267362881750103,2.5465266058907177,0.032275230608907995,852335200.0,1.423069233794404,0.05243445692883883,-0.03956834532374096,-0.0449438202247191,0
2017-01-03 00:00:00+00:00,2.61,2.66,2.48,2.55,1501996000,-0.0449438202247191,-0.045985113241823417,2.734,2.5235,2.6678241921166737,2.546857405329697,0.034613593890495495,903520400.0,1.662381945111588,0.07058823529411772,-0.022988505747126457,0.0235294117647058,1
2017-01-04 00:00:00+00:00,2.58,2.64,2.54,2.61,1199220000,0.0235294117647058,0.023256862164267256,2.6699999999999995,2.539,2.6485494614111156,2.552870985774488,0.03397831185483527,933367200.0,1.2848319503835146,0.03831417624521077,0.01162790697674411,-0.026819923371647403,0
2017-01-05 00:00:00+00:00,2.61,2.65,2.53,2.54,984296000,-0.026819923371647403,-0.02718614030415678,2.632,2.5495,2.6123663076074104,2.5516451776054887,0.034742779519147275,957642200.0,1.0278327333528117,0.04724409448818902,-0.026819923371647448,0.015748031496062964,1
2017-01-06 00:00:00+00:00,2.57,2.61,2.53,2.58,822856000,0.015748031496062964,0.01562531790308086,2.59,2.5595,2.6015775384049404,2.5543456368811563,0.03462149513752484,974744800.0,0.8441758294068356,0.031007751937984523,0.003891050583657678,0.03875968992248069,1
2017-01-09 00:00:00+00:00,2.59,2.7,2.59,2.68,916248000,0.03875968992248069,0.03802739558923929,2.5919999999999996,2.5765000000000002,2.627718358936627,2.5663127190829513,0.03504762139643786,1001480000.0,0.9148939569437233,0.041044776119403104,0.03474903474903487,-0.007462686567164201,0
2017-01-10 00:00:00+00:00,2.7,2.73,2.64,2.66,880920000,-0.007462686567164201,-0.0074906717291576275,2.614,2.5945,2.6384789059577516,2.5752353172655273,0.034762476726642795,1026410400.0,0.8582531899520893,0.033834586466165356,-0.014814814814814828,-0.011278195488721887,0
2017-01-11 00:00:00+00:00,2.65,2.65,2.6,2.63,525664000,-0.011278195488721887,-0.011342276603934609,2.6180000000000003,2.614,2.6356526039718347,2.580451001335477,0.03415079619908292,1022627000.0,0.5140329758553216,0.019011406844106397,-0.007547169811320762,-0.01520912547528519,0
2017-01-12 00:00:00+00:00,2.61,2.62,2.54,2.59,625616000,-0.01520912547528519,-0.015325970478226814,2.628,2.6295,2.6204350693145564,2.5813604297797172,0.034455480914263294,1034518000.0,0.6047415318051499,0.030888030888030917,-0.007662835249042153,0.0,0
2017-01-13 00:00:00+00:00,2.59,2.62,2.58,2.59,457820000,0.0,0.0,2.63,2.6384999999999996,2.6102900462097045,2.582183245991173,0.032472450122527176,1008210000.0,0.45409190545620454,0.015444015444015458,0.0,-0.02316602316602323,0
2017-01-17 00:00:00+00:00,2.58,2.58,2.51,2.53,580612000,-0.02316602316602323,-0.02343857297201757,2.6,2.6414999999999997,2.5835266974731366,2.5772134130396327,0.03261416492664816,999913200.0,0.5806624014964499,0.027667984189723435,-0.019379844961240414,0.015810276679841806,1
2017-01-18 00:00:00+00:00,2.51,2.58,2.48,2.57,654424000,0.015810276679841806,0.01568659616769963,2.582,2.6445,2.5790177983154243,2.5765264213215726,0.032605205657532624,978158000.0,0.6690371085243897,0.03891050583657591,0.023904382470119546,0.023346303501945442,1
2017-01-19 00:00:00+00:00,2.58,2.66,2.57,2.63,644872000,0.023346303501945442,0.023077947282544753,2.582,2.649,2.596011865543616,2.5816191431004705,0.032893445860003125,973168800.0,0.6626517414039579,0.034220532319391754,0.01937984496124024,-0.011406844106463754,0
2017-01-20 00:00:00+00:00,2.65,2.67,2.58,2.6,492024000,-0.011406844106463754,-0.0114724011622368,2.5839999999999996,2.6475,2.5973412436957446,2.5833697009004255,0.03206148433368505,955367200.0,0.5150103541339917,0.03461538461538456,-0.01886792452830182,0.011538461538461497,1
2017-01-23 00:00:00+00:00,2.6,2.65,2.59,2.63,369904000,0.011538461538461497,0.0114724011622368,2.5919999999999996,2.6465,2.608227495797163,2.5878106817670514,0.03212538861475575,945055600.0,0.3914097752555511,0.022813688212927778,0.011538461538461463,0.019011406844106515,1
2017-01-24 00:00:00+00:00,2.64,2.69,2.62,2.68,428052000,0.019011406844106515,0.018832948333092236,2.622,2.6465,2.632151663864776,2.596590616836856,0.03231391856448347,930527600.0,0.46000999862873493,0.026119402985074567,0.015151515151515164,0.003731343283581934,1
2017-01-25 00:00:00+00:00,2.73,2.73,2.66,2.69,522760000,0.003731343283581934,0.003724399090982322,2.646,2.644,2.6514344425765173,2.6054867485666793,0.03190964235483135,924281000.0,0.5655855740840718,0.026022304832713696,-0.014652014652014666,0.01858736059479571,1
2017-01-26 00:00:00+00:00,2.7,2.75,2.67,2.74,458800000,0.01858736059479571,0.018416726786231186,2.668,2.6345,2.6809562950510117,2.6182975344174717,0.028081367906438393,887507400.0,0.5169534361065609,0.029197080291970826,0.014814814814814828,0.018248175182481674,1
2017-01-27 00:00:00+00:00,2.75,2.8,2.72,2.79,471996000,0.018248175182481674,0.018083675433295365,2.706,2.6375,2.717304196700675,2.634650150187236,0.023521806682739895,796319000.0,0.5927222633140738,0.028673835125447893,0.014545454545454558,-0.014336917562724039,0
2017-01-30 00:00:00+00:00,2.77,2.78,2.7,2.75,496004000,-0.014336917562724039,-0.014440684154794381,2.73,2.6354999999999995,2.72820279780045,2.645635850169404,0.023239421391582846,712350800.0,0.6962917708522262,0.029090909090908956,-0.007220216606498201,-0.0072727272727273196,0
2017-01-31 00:00:00+00:00,2.72,2.75,2.71,2.73,362756000,-0.0072727272727273196,-0.00729930248161148,2.74,2.6385,2.7288018652003005,2.653670531105651,0.02098570979824719,669842000.0,0.5415545755566238,0.014652014652014666,0.0036764705882352156,0.04395604395604402,1
2017-02-01 00:00:00+00:00,2.76,2.85,2.75,2.85,590004000,0.04395604395604402,0.043017385083690796,2.7720000000000002,2.6535,2.769201243466867,2.6723685757622557,0.019880698618599223,624242400.0,0.9451520755398864,0.03508771929824565,0.03260869565217402,0.010526315789473717,1
2017-02-02 00:00:00+00:00,2.83,2.89,2.8,2.88,483240000,0.010526315789473717,0.010471299867295336,2.8,2.667,2.8061341623112446,2.692142997118231,0.01948332965626701,588443400.0,0.8212174696835753,0.031250000000000104,0.017667844522968136,-0.00694444444444442,0
2017-02-03 00:00:00+00:00,2.89,2.9,2.85,2.86,372744000,-0.00694444444444442,-0.006968669316093301,2.814,2.683,2.82408944154083,2.7081293783450664,0.0182128070100574,557865800.0,0.6681606938442901,0.01748251748251742,-0.010380622837370328,0.02447552447552459,1
2017-02-06 00:00:00+00:00,2.85,2.93,2.85,2.93,506768000,0.02447552447552459,0.02418079819721486,2.85,2.7005000000000003,2.85939296102722,2.7292599137407745,0.018549796206117023,542061400.0,0.9348904017146397,0.027303754266211625,0.028070175438596516,0.017064846416382284,1
2017-02-07 00:00:00+00:00,2.97,3.02,2.95,2.98,746224000,0.017064846416382284,0.016920877488336927,2.9,2.7155,2.8995953073514804,2.753139921955939,0.01720505628007855,533560200.0,1.3985750811248665,0.023489932885905986,0.003367003367003295,-0.003355704697986517,0
2017-02-08 00:00:00+00:00,2.96,2.98,2.91,2.97,449580000,-0.003355704697986517,-0.0033613477027047978,2.9240000000000004,2.731,2.92306353823432,2.77379326272204,0.0170676461941035,511993200.0,0.8780975997337465,0.023569023569023514,0.0033783783783784566,-0.02020202020202022,0
2017-02-09 00:00:00+00:00,2.97,2.98,2.89,2.91,842568000,-0.02020202020202022,-0.02040887163120697,2.9300000000000006,2.745,2.918709025489547,2.7867653329389888,0.017649358708781933,527838400.0,1.596261279967505,0.03092783505154634,-0.020202020202020218,-0.024054982817869552,0
2017-02-10 00:00:00+00:00,3.0,3.02,2.81,2.84,1651092000,-0.024054982817869552,-0.02434902901028657,2.9259999999999997,2.7575,2.8924726836596983,2.7918353012305137,0.018301138949420228,579112200.0,2.851074455001984,0.07394366197183097,-0.05333333333333338,-0.04577464788732388,0
2017-02-13 00:00:00+00:00,2.83,2.85,2.71,2.71,1180724000,-0.04577464788732388,-0.04685541728150511,2.882,2.7635,2.8316484557731325,2.784041463018084,0.021620063083757197,615257400.0,1.9190732204114895,0.0516605166051661,-0.04240282685512371,0.0036900369003691758,1
2017-02-14 00:00:00+00:00,2.7,2.75,2.66,2.72,850632000,0.0036900369003691758,0.003683245416296388,2.83,2.773,2.7944323038487555,2.777942276063981,0.02075635425199194,628758400.0,1.3528757627731096,0.03308823529411759,0.007407407407407414,0.003676470588235281,1
2017-02-15 00:00:00+00:00,2.72,2.75,2.69,2.73,373020000,0.003676470588235281,0.0036697288889624424,2.782,2.781,2.772954869232504,2.773376345010268,0.020561708387033813,614688200.0,0.6068442504671474,0.021978021978021997,0.0036764705882352156,-0.01831501831501825,0
2017-02-16 00:00:00+00:00,2.73,2.74,2.64,2.68,647176000,-0.01831501831501825,-0.01848481467410301,2.7359999999999998,2.7835,2.74196991282167,2.7644833597711953,0.020528078332858093,614803400.0,1.0526552065261838,0.03731343283582093,-0.01831501831501825,0.0,0
2017-02-17 00:00:00+00:00,2.67,2.69,2.62,2.68,563740000,0.0,0.0,2.7039999999999997,2.7875,2.721313275214447,2.756437325507272,0.020322188158028612,618389200.0,0.911626529053224,0.026119402985074567,0.003745318352060012,0.03731343283582067,1
2017-02-21 00:00:00+00:00,2.71,2.78,2.71,2.78,551952000,0.03731343283582067,0.03663413317978015,2.718,2.7950000000000004,2.7408755168096315,2.758681389744675,0.02170298291201677,627491600.0,0.8796165558232174,0.025179856115107858,0.025830258302582967,-0.003597122302158251,0
2017-02-22 00:00:00+00:00,2.79,2.79,2.75,2.77,433772000,-0.003597122302158251,-0.003603607503298356,2.728,2.7995,2.750583677873088,2.759759352626135,0.02140702663500198,627777600.0,0.6909644434589575,0.014440433212996403,-0.007168458781362013,-0.09386281588447665,0
2017-02-23 00:00:00+00:00,2.64,2.66,2.49,2.51,1592888000,-0.09386281588447665,-0.09856456705555472,2.6839999999999997,2.7904999999999998,2.670389118582059,2.735972747614122,0.030969230850915016,681284000.0,2.3380675313085293,0.06772908366533863,-0.049242424242424365,0.01195219123505975,1
2017-02-24 00:00:00+00:00,2.43,2.55,2.39,2.54,1029904000,0.01195219123505975,0.01188132788675278,2.6559999999999997,2.7805,2.626926079054706,2.717308676412777,0.030759990530917353,709839200.0,1.4508976117408,0.06299212598425184,0.0452674897119341,0.027559055118110187,1
2017-02-27 00:00:00+00:00,2.56,2.63,2.54,2.61,715400000,0.027559055118110187,0.02718614030415678,2.642,2.7715,2.621284052703137,2.707088802468703,0.03116533041017613,722009400.0,0.9908458255529637,0.0344827586206896,0.01953124999999993,-0.026819923371647403,0
2017-02-28 00:00:00+00:00,2.62,2.63,2.52,2.54,625360000,-0.026819923371647403,-0.02718614030415678,2.5940000000000003,2.761,2.5941893684687582,2.6911755831859696,0.03153252949121137,728477200.0,0.8584482808796212,0.04330708661417318,-0.030534351145038195,0.011811023622047223,1
2017-03-01 00:00:00+00:00,2.59,2.61,2.53,2.57,504804000,0.011811023622047223,0.011741817876683158,2.554,2.753,2.586126245645839,2.679635051453973,0.03171370846594779,735579600.0,0.6862669927224735,0.03112840466926073,-0.007722007722007729,-0.035019455252918275,0
2017-03-02 00:00:00+00:00,2.56,2.57,2.47,2.48,754332000,-0.035019455252918275,-0.03564733873023762,2.548,2.7344999999999997,2.5507508304305597,2.6606221894107374,0.030560686822438596,743796000.0,1.0141651743219915,0.04032258064516115,-0.03125000000000003,-0.008064516129032251,0
2017-03-03 00:00:00+00:00,2.46,2.47,2.41,2.46,864692000,-0.008064516129032251,-0.008097210232619334,2.532,2.7135000000000002,2.5205005536203733,2.6415153142287626,0.030284283494633166,762868600.0,1.1334743624262422,0.024390243902439046,0.0,-0.008130081300813052,0
2017-03-06 00:00:00+00:00,2.42,2.45,2.38,2.44,883568000,-0.008130081300813052,-0.008163310639160981,2.498,2.6925,2.493667035746916,2.622323379540309,0.030283566530204423,788409800.0,1.1206963688173333,0.028688524590164053,0.008264462809917363,0.012295081967213184,1
2017-03-07 00:00:00+00:00,2.44,2.49,2.43,2.47,603400000,0.012295081967213184,0.012220111334775408,2.484,2.6695,2.4857780238312777,2.607816391012661,0.029728859746558547,793241400.0,0.7606763842633528,0.024291497975708523,0.012295081967213217,-0.004048582995951455,0
2017-03-08 00:00:00+00:00,2.52,2.53,2.46,2.46,638712000,-0.004048582995951455,-0.0040568006956144265,2.462,2.6435,2.4771853492208518,2.593738639487646,0.02914769068408222,787865800.0,0.8106862869285607,0.028455284552845465,-0.02380952380952383,0.0,0
2017-03-09 00:00:00+00:00,2.45,2.49,2.44,2.46,478060000,0.0,0.0,2.458,2.618,2.471456899480568,2.5810016262031086,0.029195136437056752,789289800.0,0.6056837425239754,0.020325203252032627,0.004081632653061137,0.008130081300812941,1
2017-03-10 00:00:00+00:00,2.49,2.5,2.46,2.48,499740000,0.008130081300812941,0.008097210232619334,2.4619999999999997,2.5965,2.4743045996537125,2.571382423707574,0.029325965751568508,772148400.0,0.6472071948863716,0.01612903225806453,-0.004016064257028205,0.028225806451612767,1
2017-03-13 00:00:00+00:00,2.49,2.56,2.49,2.55,774136000,0.028225806451612767,0.027834798993443988,2.484,2.582,2.4995363997691418,2.569346002402091,0.030105400042168502,728300600.0,1.0629347277758663,0.027450980392156803,0.024096385542168516,-0.0039215686274508554,0
2017-03-14 00:00:00+00:00,2.56,2.57,2.51,2.54,522016000,-0.0039215686274508554,-0.003929278139889525,2.4979999999999998,2.5735,2.5130242665127613,2.566551145030463,0.028479543876415724,695365200.0,0.7507076856880385,0.02362204724409451,-0.007812500000000007,0.007874015748031482,1
2017-03-15 00:00:00+00:00,2.56,2.57,2.51,2.56,615036000,0.007874015748031482,0.007843177461025919,2.518,2.5655,2.5286828443418408,2.5659272264561337,0.028547870956733428,683585400.0,0.8997207956752733,0.02343750000000002,0.0,0.015625,1
2017-03-16 00:00:00+00:00,2.57,2.6,2.56,2.6,523100000,0.015625,0.015504186535965192,2.5460000000000003,2.559,2.5524552295612275,2.5691722525079306,0.028815469081766493,691089400.0,0.7569208846207163,0.015384615384615398,0.01167315175097286,0.019230769230769162,1
2017-03-17 00:00:00+00:00,2.61,2.65,2.6,2.65,1119688000,0.019230769230769162,0.019048194970694432,2.5799999999999996,2.5575,2.5849701530408185,2.576870133221461,0.028937434412641516,714715000.0,1.5666216603821104,0.01886792452830182,0.015325670498084306,0.03396226415094361,1
2017-03-20 00:00:00+00:00,2.67,2.74,2.65,2.74,748568000,0.03396226415094361,0.03339828040184811,2.618,2.5605,2.636646768693879,2.592406311009893,0.029918658968308663,723956400.0,1.0339959699230505,0.03284671532846726,0.02621722846441958,-0.03284671532846728,0
2017-03-21 00:00:00+00:00,2.72,2.75,2.64,2.65,913484000,-0.03284671532846728,-0.03339828040184811,2.64,2.554,2.6410978457959198,2.597891424247046,0.029638714951545134,742033000.0,1.231055761670977,0.04150943396226411,-0.02573529411764716,0.018867924528301883,1
2017-03-22 00:00:00+00:00,2.64,2.71,2.63,2.7,616764000,0.018867924528301883,0.018692133012152667,2.668,2.5505,2.66073189719728,2.607616050509232,0.030007847285256604,751182600.0,0.821057356759861,0.029629629629629655,0.022727272727272745,-0.007407407407407418,0
2017-03-23 00:00:00+00:00,2.69,2.71,2.67,2.68,533940000,-0.007407407407407418,-0.0074349784875180625,2.684,2.559,2.6671545981315203,2.6145097599845437,0.019557302007303528,698235200.0,0.7646993448625907,0.01492537313432837,-0.0037174721189590287,0.003731343283581934,1
2017-03-24 00:00:00+00:00,2.72,2.73,2.66,2.69,439500000,0.003731343283581934,0.003724399090982322,2.692,2.5665000000000004,2.67476973208768,2.6216993066526824,0.019453192468458513,668715000.0,0.6572306588008344,0.026022304832713696,-0.011029411764705973,0.0074349442379182396,1
2017-03-27 00:00:00+00:00,2.64,2.71,2.59,2.71,506644000,0.0074349442379182396,0.007407441277861859,2.686,2.5715,2.6865131547251204,2.630108896495284,0.0186375622785507,658277200.0,0.7696514477487599,0.04428044280442808,0.026515151515151453,-0.0073800738007380184,0
2017-03-28 00:00:00+00:00,2.71,2.72,2.68,2.69,432444000,-0.0073800738007380184,-0.007407441277861859,2.694,2.5789999999999997,2.687675436483414,2.6358128111147807,0.01750439819975822,648631400.0,0.6667022287234321,0.014869888475836444,-0.007380073800738014,-0.0037174721189590088,0
2017-03-29 00:00:00+00:00,2.7,2.71,2.68,2.68,349992000,-0.0037174721189590088,-0.003724399090982322,2.69,2.5845,2.6851169576556098,2.6400211148181354,0.017433266031192985,640890800.0,0.546102393730726,0.011194029850746195,-0.007407407407407414,0.018656716417910335,1
2017-03-30 00:00:00+00:00,2.69,2.75,2.69,2.73,525532000,0.018656716417910335,0.01848481467410301,2.7,2.597,2.7000779717704066,2.648590532454503,0.015341764353473652,629450800.0,0.8349056034244455,0.021978021978021997,0.014869888475836444,-0.003663003663003539,0
2017-03-31 00:00:00+00:00,2.73,2.75,2.71,2.72,440808000,-0.003663003663003539,-0.0036697288889624424,2.7060000000000004,2.6100000000000003,2.7067186478469383,2.655391434125503,0.01517689383364209,608256600.0,0.7247073028060854,0.014705882352941188,-0.003663003663003585,-0.003676470588235392,0
2017-04-03 00:00:00+00:00,2.72,2.74,2.69,2.71,445232000,-0.003676470588235392,-0.003683245416296388,2.706,2.6235,2.707812431897959,2.660592249923074,0.015004097118348618,586339800.0,0.7593412557018985,0.018450184501845115,-0.0036764705882353786,-0.07011070110701101,0
2017-04-04 00:00:00+00:00,2.58,2.61,2.51,2.52,1271280000,-0.07011070110701101,-0.07268973336827766,2.6719999999999997,2.6260000000000003,2.6452082879319727,2.647202511835162,0.022875465693754142,619733800.0,2.051332362378815,0.039682539682539715,-0.023255813953488393,-0.007936507936507908,0
2017-04-05 00:00:00+00:00,2.5,2.56,2.49,2.5,747048000,-0.007936507936507908,-0.007968169649176793,2.636,2.628,2.596805525287982,2.633183224993718,0.022937626541532,625150600.0,1.1949888554853823,0.027999999999999935,0.0,0.008000000000000007,1
2017-04-06 00:00:00+00:00,2.51,2.53,2.46,2.52,635120000,0.008000000000000007,0.007968169649176793,2.594,2.6310000000000002,2.5712036835253214,2.6224038702324117,0.022992017484154734,633003600.0,1.0033434249031128,0.027777777777777714,0.003984063745020013,-0.003968253968254065,0
2017-04-07 00:00:00+00:00,2.53,2.54,2.49,2.51,429068000,-0.003968253968254065,-0.003976148379639444,2.5520000000000005,2.6325,2.550802455683548,2.611698739734087,0.02296000524138908,629470000.0,0.6816337553815114,0.019920318725099532,-0.007905138339920957,-0.027888446215139417,0
2017-04-10 00:00:00+00:00,2.51,2.52,2.44,2.44,756332000,-0.027888446215139417,-0.028284713838582,2.498,2.627,2.5138683037890317,2.595346478807031,0.022885680623087202,628579800.0,1.2032394295839606,0.03278688524590167,-0.02788844621513938,0.004098360655737876,1
2017-04-11 00:00:00+00:00,2.41,2.47,2.41,2.45,618148000,0.004098360655737876,0.004089985251525263,2.484,2.6225,2.492578869192688,2.5815039570158853,0.022924094077124067,633386400.0,0.9759413842798014,0.024489795918367366,0.016597510373443997,-0.008163265306122436,0
2017-04-12 00:00:00+00:00,2.45,2.47,2.43,2.43,414092000,-0.008163265306122436,-0.008196767204178612,2.47,2.616,2.471719246128459,2.5670750087286582,0.022849288218319903,623339200.0,0.6643124642249356,0.01646090534979425,-0.008163265306122455,-0.016460905349794275,0
2017-04-13 00:00:00+00:00,2.41,2.43,2.39,2.39,506892000,-0.016460905349794275,-0.01659789140903778,2.444,2.6055,2.444479497418973,2.550210722183072,0.022636706689500907,622528800.0,0.8142466661783359,0.01673640167364018,-0.008298755186721999,0.03765690376569042,1
2017-04-17 00:00:00+00:00,2.4,2.48,2.4,2.48,497292000,0.03765690376569042,0.03696519423347144,2.438,2.597,2.4563196649459824,2.543523986737065,0.023923588602945897,591409000.0,0.8408597096087479,0.03225806451612906,0.03333333333333337,0.0,0
2017-04-18 00:00:00+00:00,2.47,2.49,2.44,2.48,370116000,0.0,0.0,2.446,2.584,2.464213109963988,2.5374740832382967,0.022339217515916346,572486400.0,0.646506187745246,0.020161290322580752,0.00404858299595133,0.0040322580645162365,1
2017-04-19 00:00:00+00:00,2.5,2.52,2.49,2.49,380828000,0.0040322580645162365,0.004024150299725582,2.454,2.5759999999999996,2.472808739975992,2.5329527419775064,0.021380756376006404,545853600.0,0.6976742481866933,0.012048192771084258,-0.003999999999999915,0.016064257028112205,1
2017-04-20 00:00:00+00:00,2.51,2.54,2.49,2.53,404016000,0.016064257028112205,0.01593659226281241,2.4739999999999998,2.5675,2.491872493317328,2.532671528455839,0.021241266868570342,535216200.0,0.7548650433226797,0.019762845849802303,0.00796812749003985,0.0039525691699606735,1
2017-04-21 00:00:00+00:00,2.52,2.54,2.51,2.54,341896000,0.0039525691699606735,0.003944778291016471,2.504,2.5605,2.5079149955448856,2.5333694781267115,0.021275696218841504,525614000.0,0.6504697363464443,0.011811023622047341,0.007936507936507943,0.011811023622047223,1
2017-04-24 00:00:00+00:00,2.57,2.59,2.55,2.57,371820000,0.011811023622047223,0.011741817876683158,2.522,2.5545,2.528609997029924,2.5368580992575005,0.021477344927913474,522230000.0,0.7119851406468414,0.015564202334630364,0.0,0.01945525291828809,1
2017-04-25 00:00:00+00:00,2.59,2.63,2.57,2.62,388440000,0.01945525291828809,0.019268418865877157,2.55,2.55,2.5590733313532827,2.544776375518691,0.02191820454435003,516319800.0,0.7523244314860673,0.022900763358778647,0.01158301158301168,-0.007633587786259555,0
2017-04-26 00:00:00+00:00,2.63,2.63,2.6,2.6,327004000,-0.007633587786259555,-0.007662872745569205,2.572,2.5454999999999997,2.572715554235522,2.5500357683264347,0.02192178631112293,511047800.0,0.6398696951635444,0.011538461538461463,-0.011406844106463804,0.01538461538461533,1
2017-04-27 00:00:00+00:00,2.61,2.65,2.59,2.64,319700000,0.01538461538461533,0.015267472130788495,2.5940000000000003,2.5435,2.5951437028236817,2.558603790390584,0.022238596657585305,509533200.0,0.6274370345249338,0.022727272727272745,0.011494252873563314,-0.011363636363636465,0
2017-04-28 00:00:00+00:00,2.63,2.64,2.6,2.61,348248000,-0.011363636363636465,-0.011428695823622825,2.6079999999999997,2.5375,2.6000958018824543,2.5634986674962428,0.021879755944484432,500669000.0,0.695565333583665,0.015325670498084306,-0.0076045627376425924,0.02298850574712641,1
2017-05-01 00:00:00+00:00,2.62,2.67,2.61,2.67,307732000,0.02298850574712641,0.02272825107755616,2.628,2.5349999999999997,2.62339720125497,2.5736416515442198,0.022574644704145493,494015200.0,0.6229201044826151,0.02247191011235957,0.019083969465648786,-0.029962546816479474,0
2017-05-02 00:00:00+00:00,2.64,2.64,2.56,2.59,629972000,-0.029962546816479474,-0.030420596700711844,2.622,2.529,2.6122648008366465,2.575199589492389,0.023518382840877892,503252200.0,1.2518017804989228,0.030888030888030917,-0.01893939393939404,0.007722007722007707,1
2017-05-03 00:00:00+00:00,2.58,2.62,2.56,2.61,336904000,0.007722007722007707,0.007692345623155683,2.6239999999999997,2.5335,2.611509867224431,2.578513914302638,0.016741910456031264,456533400.0,0.7379613408350846,0.022988505747126457,0.01162790697674411,-0.003831417624520994,0
2017-05-04 00:00:00+00:00,2.61,2.62,2.59,2.6,209788000,-0.003831417624520994,-0.00383877630716567,2.6159999999999997,2.5385,2.6076732448162874,2.5805602081785772,0.016640851831543405,429670400.0,0.4882533216158246,0.011538461538461635,-0.0038314176245209915,0.0,0
2017-05-05 00:00:00+00:00,2.58,2.6,2.57,2.6,228428000,0.0,0.0,2.614,2.5424999999999995,2.605115496544192,2.5824116169234745,0.016584752762368635,409335800.0,0.5580454971199685,0.011538461538461635,0.007751937984496131,-0.011538461538461608,0
2017-05-08 00:00:00+00:00,2.61,2.61,2.56,2.57,365240000,-0.011538461538461608,-0.011605546120307952,2.594,2.5454999999999997,2.5934103310294616,2.5812295581688582,0.01680513522297722,406144400.0,0.8992860667289762,0.01945525291828787,-0.015325670498084306,0.0,0
2017-05-09 00:00:00+00:00,2.58,2.62,2.57,2.57,847672000,0.0,0.0,2.59,2.552,2.5856068873529745,2.5801600764384904,0.015319398000441789,410711400.0,2.0639115447002445,0.019455252918288042,-0.0038759689922481513,0.17898832684824906,1
2017-05-10 00:00:00+00:00,2.86,3.05,2.85,3.03,2129096000,0.17898832684824906,0.16465672061414927,2.6740000000000004,2.581,2.733737924901983,2.6230019739205392,0.039357706013344936,486258800.0,4.378524357811108,0.06600660066006592,0.05944055944055942,0.04290429042904309,1
2017-05-11 00:00:00+00:00,3.0,3.26,3.0,3.16,1939792000,0.04290429042904309,0.04200940807754305,2.786,2.6175,2.875825283267989,2.674144643070964,0.03969380710471438,562543800.0,3.448250607330487,0.08227848101265815,0.05333333333333338,0.012658227848101333,1
2017-05-12 00:00:00+00:00,3.17,3.24,3.14,3.2,962620000,0.012658227848101333,0.01257878220686015,2.9059999999999997,2.658,2.9838835221786595,2.7242261056356343,0.03907491109557257,585330200.0,1.644576001716638,0.03125000000000003,0.009463722397476419,0.04999999999999982,1
2017-05-15 00:00:00+00:00,3.24,3.36,3.23,3.36,1087540000,0.04999999999999982,0.04879016416943194,3.064,2.702,3.1092556814524395,2.7847760003370023,0.03951819524615271,614842600.0,1.7688104240011997,0.03869047619047616,0.03703703703703693,0.017857142857142794,1
2017-05-16 00:00:00+00:00,3.41,3.44,3.33,3.42,1120700000,0.017857142857142794,0.017699577099401065,3.2340000000000004,2.7489999999999997,3.2128371209682935,2.8452735241144307,0.03935812201546157,652371800.0,1.7178854144216533,0.03216374269005844,0.0029325513196480314,-0.06725146198830412,0
2017-05-17 00:00:00+00:00,3.35,3.37,3.19,3.19,1271368000,-0.06725146198830412,-0.06961963427776063,3.2659999999999996,2.784,3.2052247473121955,2.8781046170559135,0.04374476302764991,696898800.0,1.8243222688860994,0.056426332288401305,-0.04776119402985079,0.043887147335423204,1
2017-05-18 00:00:00+00:00,3.24,3.34,3.18,3.33,1156032000,0.043887147335423204,0.04295138719559932,3.3,2.8240000000000003,3.2468164982081307,2.921142272574398,0.044274014359320074,734499600.0,1.5739041927320314,0.04804804804804796,0.02777777777777773,0.02102102102102088,1
2017-05-19 00:00:00+00:00,3.43,3.46,3.38,3.4,1018372000,0.02102102102102088,0.020803127629763107,3.34,2.867,3.2978776654720874,2.9667477704244556,0.04423822414876482,768323400.0,1.3254470708558401,0.023529411764705903,-0.008746355685131267,0.020588235294117796,1
2017-05-22 00:00:00+00:00,3.44,3.49,3.43,3.47,836608000,0.020588235294117796,0.020379162336652268,3.3620000000000005,2.912,3.355251776981392,3.014676554193555,0.0442512111383879,791562800.0,1.0569066661545994,0.017291066282420765,0.008720930232558212,-0.011527377521613813,0
2017-05-23 00:00:00+00:00,3.49,3.49,3.39,3.43,681248000,-0.011527377521613813,-0.01159433278091937,3.364,2.9524999999999997,3.3801678513209286,3.0542311680798835,0.04463147653896654,806203200.0,0.8450078094455591,0.02915451895043734,-0.01719197707736391,0.008746355685131046,1
2017-05-24 00:00:00+00:00,3.52,3.53,3.45,3.46,815996000,0.008746355685131046,0.008708327891784329,3.418,2.9955000000000003,3.406778567547286,3.0928758187389422,0.0443728833004563,830652800.0,0.9823550826530651,0.023121387283236886,-0.01704545454545456,0.0,0
2017-05-25 00:00:00+00:00,3.5,3.5,3.41,3.46,608228000,0.0,0.0,3.4440000000000004,3.0365,3.4245190450315244,3.1278400264780903,0.044486326171366254,845079200.0,0.719728991081546,0.026011560693641578,-0.011428571428571439,0.026011560693641522,1
2017-05-26 00:00:00+00:00,3.45,3.63,3.43,3.55,779140000,0.026011560693641522,0.025679014417691493,3.474,3.0835,3.4663460300210165,3.168045738242082,0.044163484235574146,866623800.0,0.8990521608107231,0.05633802816901401,0.028985507246376708,0.019718309859154903,1
2017-05-30 00:00:00+00:00,3.59,3.66,3.58,3.62,989652000,0.019718309859154903,0.019526422350355288,3.504,3.1310000000000002,3.517564020014011,3.2110890012666453,0.04414124223656152,900719800.0,1.0987345898247158,0.022099447513812175,0.008356545961002855,-0.002762430939226568,0
2017-05-31 00:00:00+00:00,3.67,3.67,3.55,3.61,887316000,-0.002762430939226568,-0.0027662534928900584,3.54,3.182,3.5483760133426743,3.249080524955536,0.04305611483368602,913587000.0,0.9712441179657767,0.03324099722991693,-0.01634877384196187,0.0,0
2017-06-01 00:00:00+00:00,3.62,3.63,3.56,3.61,503340000,0.0,0.0,3.5699999999999994,3.232,3.5689173422284495,3.283453808293104,0.04317409367806108,921908800.0,0.5459759143203753,0.01939058171745148,-0.002762430939226583,-0.005540166204986208,0
2017-06-02 00:00:00+00:00,3.61,3.63,3.58,3.59,487456000,-0.005540166204986208,-0.005555569844602148,3.596,3.2815,3.5759448948189663,3.312648683693761,0.043217754156326275,935792200.0,0.520901969475702,0.01392757660167126,-0.005540166204986155,0.03064066852367686,1
2017-06-05 00:00:00+00:00,3.57,3.71,3.56,3.7,817376000,0.03064066852367686,0.03018061714999143,3.626,3.3365,3.617296596545978,3.349539285246736,0.04315168330141472,965239600.0,0.8468115066974045,0.040540540540540515,0.03641456582633063,-0.005405405405405461,0
2017-06-06 00:00:00+00:00,3.7,3.74,3.67,3.68,758728000,-0.005405405405405461,-0.005420067469339207,3.6380000000000003,3.3919999999999995,3.6381977310306524,3.3810117342708566,0.04295274403246296,984914000.0,0.770349492442995,0.01902173913043486,-0.00540540540540541,0.013586956521739024,1
2017-06-07 00:00:00+00:00,3.71,3.75,3.69,3.73,612612000,0.013586956521739024,0.013495481474884441,3.6620000000000004,3.45,3.6687984873537682,3.4142487119593463,0.042761487077129755,973161000.0,0.629507347705056,0.016085790884718513,0.005390835579514829,0.07238605898123329,1
2017-06-08 00:00:00+00:00,3.84,4.0,3.79,4.0,1161744000,0.07238605898123329,0.06988612746416645,3.7399999999999998,3.4985,3.779198991569179,3.4700345489155993,0.02865010277149078,924793400.0,1.2562200379025197,0.05249999999999999,0.041666666666666706,-0.06499999999999995,0
2017-06-09 00:00:00+00:00,4.12,4.21,3.57,3.74,3692928000,-0.06499999999999995,-0.06720874969344992,3.7700000000000005,3.5275000000000007,3.7661326610461194,3.495745544256971,0.033074771490400896,1012450200.0,3.647515700031468,0.17112299465240643,-0.09223300970873784,0.002673796791443861,1
2017-06-12 00:00:00+00:00,3.65,3.79,3.55,3.75,1697532000,0.002673796791443861,0.0026702285558788397,3.7800000000000002,3.5549999999999997,3.76075510736408,3.5199602543277355,0.03308349695868437,1049195800.0,1.617936327995213,0.06400000000000006,0.02739726027397263,0.010666666666666602,1
2017-06-13 00:00:00+00:00,3.86,3.87,3.64,3.79,1672504000,0.010666666666666602,0.01061017911201545,3.8020000000000005,3.5765000000000002,3.7705034049093866,3.5456783253441415,0.03167316782028557,1078444000.0,1.5508491864204355,0.06068601583113456,-0.018134715025906696,0.0,0
2017-06-14 00:00:00+00:00,3.79,3.85,3.71,3.79,1184640000,0.0,0.0,3.814,3.595,3.777002269939591,3.568947056263747,0.031576815355385125,1081641000.0,1.0952247557183945,0.0369393139841689,0.0,0.005277044854881341,1
2017-06-15 00:00:00+00:00,3.67,3.84,3.66,3.81,963824000,0.005277044854881341,0.005263170044274679,3.7760000000000007,3.626,3.788001513293061,3.5919044794767236,0.026233775680359533,1066263800.0,0.9039264017028431,0.0472440944881889,0.03814713896457769,-0.005249343832021025,0
2017-06-16 00:00:00+00:00,3.82,3.87,3.76,3.79,924960000,-0.005249343832021025,-0.005263170044274679,3.786,3.649,3.7886676755287074,3.6107707195265593,0.025130172978029507,1054710200.0,0.8769802358979746,0.02902374670184705,-0.007853403141361206,0.03693931398416894,1
2017-06-19 00:00:00+00:00,3.84,3.94,3.83,3.93,778176000,0.03693931398416894,0.03627340678683488,3.822,3.6755000000000004,3.835778450352472,3.641173508143077,0.025823116977980953,1042700400.0,0.7463083355487348,0.02798982188295162,0.02343750000000008,0.0,0
2017-06-20 00:00:00+00:00,3.98,4.04,3.92,3.93,1095444000,0.0,0.0,3.85,3.6985,3.8671856335683152,3.6686807930818315,0.02567917336948838,1055642200.0,1.0377038735283604,0.030534351145038195,-0.012562814070351714,0.01526717557251911,1
2017-06-21 00:00:00+00:00,3.96,3.99,3.89,3.99,682652000,0.01526717557251911,0.015151805020602316,3.8900000000000006,3.7264999999999993,3.9081237557122104,3.699282622312133,0.025397276019878224,1055712400.0,0.6466268654228178,0.02506265664160403,0.007575757575757638,-0.007518796992481258,0
2017-06-22 00:00:00+00:00,4.0,4.01,3.94,3.96,469132000,-0.007518796992481258,-0.007547205635382914,3.9200000000000004,3.7515,3.9254158371414736,3.7241128487585966,0.02561779622486594,1038369200.0,0.4517969138529918,0.017676767676767638,-0.010000000000000009,-0.02777777777777779,0
2017-06-23 00:00:00+00:00,3.97,3.98,3.83,3.85,1088588000,-0.02777777777777779,-0.0281708769666964,3.932,3.771,3.9002772247609827,3.736102101257778,0.026757501869114807,1062387200.0,1.0246621947252377,0.03896103896103894,-0.030226700251889196,-0.012987012987013102,0
2017-06-26 00:00:00+00:00,3.88,3.92,3.71,3.8,1063960000,-0.012987012987013102,-0.013072081567352845,3.906,3.783499999999999,3.866851483173989,3.742187615423704,0.02660983074662032,1076628200.0,0.9882334495789725,0.055263157894736833,-0.020618556701030948,-0.03684210526315779,0
2017-06-27 00:00:00+00:00,3.79,3.79,3.66,3.66,999492000,-0.03684210526315779,-0.03753791931906503,3.8520000000000003,3.7855000000000003,3.7979009887826596,3.7343602234785895,0.027821724401931775,1077120200.0,0.9279298633522981,0.03551912568306008,-0.0343007915567282,0.03551912568306004,1
2017-06-28 00:00:00+00:00,3.73,3.8,3.64,3.79,994948000,0.03551912568306004,0.03490287168105999,3.812,3.7945,3.7952673258551064,3.739659249813962,0.02884179506536219,1082501800.0,0.9191190259452686,0.042216358839050054,0.016085790884718513,-0.0316622691292876,0
2017-06-29 00:00:00+00:00,3.77,3.77,3.6,3.67,1064424000,-0.0316622691292876,-0.03217435702785609,3.754,3.7975000000000003,3.753511550570071,3.7330250355459653,0.029863829800956768,1110556000.0,0.9584604468392409,0.046321525885558566,-0.026525198938992064,-0.016348773841961872,0
2017-06-30 00:00:00+00:00,3.68,3.7,3.59,3.61,731060000,-0.016348773841961872,-0.016483889721689238,3.7060000000000004,3.7984999999999998,3.705674367046714,3.721308365493969,0.030085855440801456,1122736200.0,0.6511413812078028,0.030470914127423913,-0.01902173913043486,-0.03601108033240996,0
2017-07-03 00:00:00+00:00,3.63,3.64,3.46,3.48,709072000,-0.03601108033240996,-0.03667547855840669,3.6420000000000003,3.7875,3.6304495780311425,3.698326616399305,0.030301894872729503,1117321000.0,0.6346179835517277,0.05172413793103453,-0.04132231404958675,0.028735632183908066,1
2017-07-05 00:00:00+00:00,3.55,3.61,3.53,3.58,820188000,0.028735632183908066,0.02833050662622605,3.626,3.7825,3.613633052020762,3.6870574148374664,0.031093297661989722,1120394000.0,0.7320531884319266,0.022346368715083817,0.008450704225352183,0.0027932960893854997,1
2017-07-06 00:00:00+00:00,3.55,3.63,3.49,3.59,746284000,0.0027932960893854997,0.0027894020875784964,3.586,3.7755,3.605755368013842,3.6778138515196126,0.030915416500292822,1127077600.0,0.662140743459013,0.038997214484679577,0.011267605633802828,0.022284122562674202,1
2017-07-07 00:00:00+00:00,3.64,3.69,3.62,3.67,654972000,0.022284122562674202,0.022039459566291386,3.586,3.7590000000000003,3.6271702453425614,3.6770696751844114,0.02661979476487375,1101739000.0,0.5944892574375601,0.019073569482288784,0.008241758241758188,0.04632152588555849,1
2017-07-10 00:00:00+00:00,3.74,3.85,3.72,3.84,958492000,0.04632152588555849,0.04528070453315669,3.632,3.7639999999999993,3.698113496895041,3.6925868489763722,0.024422652187546842,965017200.0,0.9932382552352435,0.033854166666666644,0.026737967914438405,0.015625,1
2017-07-11 00:00:00+00:00,3.85,3.9,3.8,3.9,757956000,0.015625,0.015504186535965081,3.7159999999999997,3.7715000000000005,3.7654089979300274,3.712340482407194,0.02462775751338221,918038400.0,0.8256255947463635,0.025641025641025664,0.012987012987012941,0.04102564102564088,1
2017-07-12 00:00:00+00:00,3.96,4.08,3.91,4.06,1145208000,0.04102564102564088,0.04020642047804057,3.8120000000000003,3.785,3.8636059986200184,3.7454509126541278,0.026024388627265586,891673600.0,1.2843354339525135,0.04187192118226599,0.025252525252525162,-0.009852216748768461,0
2017-07-13 00:00:00+00:00,4.08,4.16,3.97,4.02,1369132000,-0.009852216748768461,-0.009901070982711646,3.8980000000000006,3.7964999999999995,3.9157373324133458,3.771598444782306,0.026186952422574558,900898200.0,1.5197410761837464,0.047263681592039794,-0.014705882352941298,0.024875621890547484,1
2017-07-14 00:00:00+00:00,4.03,4.13,4.03,4.12,941948000,0.024875621890547484,0.02457126073050553,3.9879999999999995,3.8120000000000003,3.9838248882755645,3.8047795452792297,0.026629053702692987,899804400.0,1.0468364013334455,0.024271844660194088,0.02233250620347391,-0.0024271844660194164,0
2017-07-17 00:00:00+00:00,4.16,4.19,4.04,4.11,930792000,-0.0024271844660194164,-0.002430134853291799,4.042,3.8280000000000003,4.025883258850376,3.8338481600145413,0.026585181552900183,900096000.0,1.0341030290102389,0.036496350364963584,-0.012019230769230727,0.009732360097323589,1
2017-07-18 00:00:00+00:00,4.04,4.16,4.03,4.15,776640000,0.009732360097323589,0.00968530573446369,4.0920000000000005,3.839,4.067255505900251,3.8639578590607755,0.025533135986617193,900019200.0,0.8629149244816111,0.03132530120481925,0.027227722772277307,-0.004819277108433884,0
2017-07-19 00:00:00+00:00,4.16,4.18,4.12,4.13,687044000,-0.004819277108433884,-0.004830927269665608,4.106,3.849,4.088170337266834,3.889295205816892,0.02558305785162929,879599200.0,0.7810875680650915,0.014527845036319518,-0.007211538461538521,0.014527845036319764,1
2017-07-20 00:00:00+00:00,4.15,4.19,4.1,4.19,699596000,0.014527845036319764,0.014423326961105154,4.14,3.8590000000000004,4.122113558177889,3.9179337576438544,0.025564581564715822,880446400.0,0.7945923795020344,0.02147971360381879,0.009638554216867478,0.0023866348448686736,1
2017-07-21 00:00:00+00:00,4.17,4.23,4.15,4.2,648332000,0.0023866348448686736,0.0023837913552762213,4.156000000000001,3.871,4.148075705451927,3.9447972092968207,0.02545649300020439,889406400.0,0.7289491058305855,0.019047619047619063,0.007194244604316606,-0.011904761904761862,0
2017-07-24 00:00:00+00:00,4.21,4.22,4.14,4.15,652524000,-0.011904761904761862,-0.011976191046715767,4.164000000000001,3.886,4.148717136967951,3.964340332220933,0.024659848881283874,867603200.0,0.7520995773182948,0.019277108433734955,-0.014251781472683992,-0.004819277108433884,0
2017-07-25 00:00:00+00:00,4.13,4.15,4.09,4.13,496556000,-0.004819277108433884,-0.004830927269665608,4.16,3.9025,4.142478091311967,3.9801174434379867,0.024431730712085774,839233000.0,0.5916783539255487,0.014527845036319733,0.0,0.012106537530266248,1
2017-07-26 00:00:00+00:00,4.19,4.25,4.15,4.18,640404000,0.012106537530266248,0.012033839563723614,4.17,3.9284999999999997,4.154985394207978,3.9991538773962736,0.02240924894132232,821278600.0,0.7797646255485045,0.02392344497607647,-0.002386634844868896,-0.03349282296650713,0
2017-07-27 00:00:00+00:00,4.21,4.22,3.94,4.04,782856000,-0.03349282296650713,-0.0340665545636063,4.14,3.9410000000000003,4.116656929471986,4.0030439843109145,0.023126699814644786,810674000.0,0.9656853433069273,0.06930693069306926,-0.040380047505938224,0.017326732673267342,1
2017-07-28 00:00:00+00:00,4.01,4.13,3.98,4.11,513348000,0.017326732673267342,0.017178336535084604,4.122,3.963,4.114437952981325,4.013230271519399,0.021746026573653484,783120200.0,0.6555162285432045,0.03649635036496348,0.02493765586034926,-0.012165450121654708,0
2017-07-31 00:00:00+00:00,4.12,4.16,4.02,4.06,559672000,-0.012165450121654708,-0.012240054894502084,4.104,3.9855000000000005,4.096291968654216,4.0176845313746945,0.02153827689220055,774550800.0,0.7225762338635503,0.0344827586206898,-0.014563106796116625,0.012315270935960854,1
2017-08-01 00:00:00+00:00,4.05,4.11,4.03,4.11,431384000,0.012315270935960854,0.012240054894502084,4.1,4.017,4.100861312436145,4.026476480767581,0.019090512372359036,760666400.0,0.5671132575331315,0.019464720194647216,0.014814814814814939,0.0,0
2017-08-02 00:00:00+00:00,4.14,4.15,4.03,4.11,478444000,0.0,0.0,4.086,4.0435,4.103907541624096,4.0344311016468595,0.018571555054095714,743579200.0,0.6434338131028947,0.029197080291970826,-0.007246376811594049,0.012165450121654375,1
2017-08-03 00:00:00+00:00,4.11,4.17,4.09,4.16,442420000,0.012165450121654375,0.012092045765028647,4.11,4.072,4.1226050277493975,4.0463900443471585,0.01857959806718778,728386000.0,0.607397725931031,0.019230769230769246,0.012165450121654457,0.004807692307692291,1
2017-08-04 00:00:00+00:00,4.18,4.25,4.16,4.18,589096000,0.004807692307692291,0.004796172263493048,4.124,4.0975,4.141736685166265,4.059114802028382,0.018260294570976686,725092200.0,0.8124428865735971,0.021531100478468866,0.0,0.031100478468899517,1
2017-08-07 00:00:00+00:00,4.21,4.31,4.2,4.31,717412000,0.031100478468899517,0.0306266575789913,4.1739999999999995,4.121,4.197824456777511,4.083008630406631,0.01686310133404204,713038200.0,1.0061340332116848,0.025522041763340938,0.02375296912114006,-0.011600928074245953,0
2017-08-08 00:00:00+00:00,4.35,4.36,4.22,4.26,755336000,-0.011600928074245953,-0.011668743834377215,4.204,4.139,4.218549637851674,4.099864951320285,0.017130358741804866,712907200.0,1.0595151795352888,0.03286384976525835,-0.02068965517241376,0.009389671361502261,1
2017-08-09 00:00:00+00:00,4.21,4.31,4.19,4.3,530784000,0.009389671361502261,0.00934586241823765,4.242,4.151,4.245699758567783,4.118925432146924,0.014993298027764971,682186000.0,0.7780634606984019,0.027906976744185866,0.021377672209026095,-0.041860465116279055,0
2017-08-10 00:00:00+00:00,4.3,4.32,4.11,4.12,1328088000,-0.041860465116279055,-0.04276185933808163,4.234,4.156000000000001,4.203799839045189,4.119027771942456,0.017971411225228662,680133800.0,1.9526863684763205,0.05097087378640776,-0.04186046511627901,-0.05339805825242727,0
2017-08-11 00:00:00+00:00,3.93,3.98,3.82,3.9,1497196000,-0.05339805825242727,-0.054876610225834455,4.178,4.145,4.1025332260301255,4.098167984138412,0.021056029925554783,707896200.0,2.1149936954033657,0.04102564102564106,-0.007633587786259605,0.07948717948717943,1
2017-08-14 00:00:00+00:00,3.99,4.21,3.98,4.21,1279020000,0.07948717948717943,0.07648609455868938,4.1579999999999995,4.15,4.138355484020083,4.108818652315706,0.027520007637210214,725307600.0,1.7634173418284877,0.05463182897862232,0.05513784461152876,-0.009501187648456089,0
2017-08-15 00:00:00+00:00,4.22,4.24,4.14,4.17,764532000,-0.009501187648456089,-0.009546611883579859,4.14,4.151,4.148903656013389,4.114645447333258,0.027543972215530194,724702200.0,1.0549602305609118,0.02398081534772195,-0.011848341232227447,-0.00959232613908878,0
2017-08-16 00:00:00+00:00,4.19,4.21,4.1,4.13,596632000,-0.00959232613908878,-0.009638628837768781,4.106,4.151,4.142602437342259,4.1161077856824715,0.027611457109126915,720181600.0,0.8284466029123766,0.026634382566586033,-0.014319809069212527,-0.021791767554479424,0
2017-08-17 00:00:00+00:00,4.12,4.14,4.03,4.04,525444000,-0.021791767554479424,-0.022032714999882685,4.089999999999999,4.1435,4.1084016248948405,4.108859425141284,0.027811787287104688,711474000.0,0.7385287445500468,0.027227722772277085,-0.019417475728155355,0.0,0
2017-08-18 00:00:00+00:00,4.09,4.11,3.99,4.04,601204000,0.0,0.0,4.118,4.1354999999999995,4.085601083263228,4.102301384651637,0.027797915281456684,709117600.0,0.8478198820618752,0.02970297029702973,-0.012224938875305581,-0.014851485148514865,0
2017-08-21 00:00:00+00:00,4.06,4.07,3.93,3.98,623672000,-0.014851485148514865,-0.014962872676712369,4.072000000000001,4.127000000000001,4.050400722175485,4.090653633732434,0.027862604591319506,707675000.0,0.8812972056381814,0.03517587939698496,-0.019704433497536856,0.02010050251256268,1
2017-08-22 00:00:00+00:00,4.01,4.07,3.99,4.06,450456000,0.02010050251256268,0.01990115431729489,4.05,4.1235,4.0536004814503235,4.0877342400436305,0.028280316688040943,705370000.0,0.6386095240795611,0.019704433497536967,0.01246882793017452,0.019704433497536922,1
2017-08-23 00:00:00+00:00,4.03,4.16,4.02,4.14,579520000,0.019704433497536922,0.019512814223581643,4.0520000000000005,4.1215,4.082400320966883,4.092711931468047,0.02850823951266146,702325800.0,0.825144114027991,0.03381642512077309,0.027295285359801347,-0.0024154589371979673,0
2017-08-24 00:00:00+00:00,4.18,4.18,4.1,4.13,469700000,-0.0024154589371979673,-0.0024183808642814775,4.069999999999999,4.1259999999999994,4.098266880644589,4.096263176090138,0.02740278888425934,686668000.0,0.6840277980042757,0.01937046004842617,-0.011961722488038236,-0.007263922518159882,0
2017-08-25 00:00:00+00:00,4.15,4.16,4.09,4.1,357200000,-0.007263922518159882,-0.007290433262679308,4.081999999999999,4.1255,4.0988445870963925,4.096619064081553,0.027192660013397003,678860600.0,0.5261757715796145,0.017073170731707388,-0.012048192771084508,0.004878048780487809,1
2017-08-28 00:00:00+00:00,4.11,4.13,4.06,4.12,389496000,0.004878048780487809,0.004866189651173025,4.109999999999999,4.1285,4.105896391397596,4.0988458198833095,0.02706013893667182,670351800.0,0.5810322281524417,0.01699029126213599,0.0024330900243308483,0.0,0
2017-08-29 00:00:00+00:00,4.06,4.14,4.06,4.12,324096000,0.0,0.0,4.122,4.129,4.110597594265064,4.100860503703947,0.02692427760643464,664987400.0,0.4873716404250667,0.019417475728155355,0.014778325123152834,0.004854368932038833,1
2017-08-30 00:00:00+00:00,4.14,4.15,4.11,4.14,384400000,0.004854368932038833,0.00484262447578776,4.122,4.1305,4.120398396176709,4.104588074779762,0.02694489445449108,660285200.0,0.5821726732630081,0.00966183574879228,0.0,0.024154589371980784,1
2017-08-31 00:00:00+00:00,4.16,4.24,4.16,4.24,612684000,0.024154589371980784,0.02386748140664352,4.144,4.1345,4.16026559745114,4.11748444861026,0.02734040914187123,668798400.0,0.9160966892265292,0.018867924528301903,0.019230769230769246,0.004716981132075304,1
2017-09-01 00:00:00+00:00,4.25,4.3,4.24,4.26,445432000,0.004716981132075304,0.004705891037412702,4.176,4.1385,4.19351039830076,4.1310573582664265,0.027339748557763572,661615200.0,0.6732493449364525,0.01408450704225343,0.002352941176470538,-0.025821596244131273,0
2017-09-05 00:00:00+00:00,4.21,4.21,4.09,4.15,695364000,-0.025821596244131273,-0.02616082603867209,4.182,4.1305,4.179006932200507,4.13286141938391,0.027042450200648247,660512800.0,1.052763852570306,0.02891566265060243,-0.014251781472683992,0.0,0
2017-09-06 00:00:00+00:00,4.18,4.2,4.11,4.15,397672000,0.0,0.0,4.188000000000001,4.125,4.169337954800339,4.134493665156871,0.026946108925674186,642629600.0,0.6188199236387493,0.021686746987951772,-0.007177033492822814,0.00240963855421672,1
2017-09-07 00:00:00+00:00,4.16,4.2,4.12,4.16,352868000,0.00240963855421672,0.0024067400305649578,4.192,4.118,4.1662253032002265,4.136922839903836,0.02684619869528303,633733800.0,0.5568079215594939,0.019230769230769246,0.0,-0.016826923076923128,0
2017-09-08 00:00:00+00:00,4.15,4.17,4.07,4.09,498856000,-0.016826923076923128,-0.016970104218461568,4.162000000000001,4.1165,4.140816868800151,4.132453998008232,0.025345161451762438,592272200.0,0.842274886445793,0.024449877750611162,-0.014457831325301323,0.0317848410757946,1
2017-09-11 00:00:00+00:00,4.14,4.24,4.13,4.22,567444000,0.0317848410757946,0.03129015799321011,4.154,4.1325,4.167211245866768,4.140791712483638,0.022785654941644872,545784600.0,1.039684886675073,0.026066350710900552,0.01932367149758456,0.004739336492891155,1
2017-09-12 00:00:00+00:00,4.25,4.25,4.17,4.24,411488000,0.004739336492891155,0.00472814119594589,4.172,4.1339999999999995,4.191474163911179,4.15024012081853,0.01512262301486195,502408000.0,0.8190315440836929,0.018867924528301903,-0.002352941176470538,0.004716981132075304,1
2017-09-13 00:00:00+00:00,4.21,4.29,4.18,4.26,580960000,0.004716981132075304,0.004705891037412702,4.194,4.1385,4.21431610927412,4.1606934426453375,0.01496647405515696,493229400.0,1.177869770131302,0.025821596244131533,0.01187648456057003,-0.004694835680751019,0
2017-09-14 00:00:00+00:00,4.22,4.31,4.2,4.24,513712000,-0.004694835680751019,-0.004705891037412702,4.209999999999999,4.144,4.2228774061827465,4.168246448107686,0.014820690161286535,489083400.0,1.0503566467395948,0.02594339622641496,0.004739336492891105,0.061320754716981174,1
2017-09-15 00:00:00+00:00,4.32,4.5,4.32,4.5,1364792000,0.061320754716981174,0.05951412753240781,4.292,4.167,4.315251604121832,4.199842024478382,0.018754715677123824,531050800.0,2.569983888547009,0.03999999999999994,0.041666666666666595,0.04222222222222238,1
2017-09-18 00:00:00+00:00,4.63,4.78,4.62,4.69,1684460000,0.04222222222222238,0.041355185681913875,4.386,4.1995000000000005,4.4401677360812215,4.246523736432822,0.020341612138072288,585213600.0,2.878367830139286,0.03411513859275056,0.012958963282937472,-0.002132196162047073,0
2017-09-19 00:00:00+00:00,4.64,4.75,4.62,4.68,874280000,-0.002132196162047073,-0.002134472528632747,4.473999999999999,4.2345,4.520111824054148,4.2878071901058865,0.019792207835698922,597744000.0,1.4626328327846034,0.027777777777777755,0.008620689655172422,-0.0064102564102562765,0
2017-09-20 00:00:00+00:00,4.69,4.74,4.61,4.65,724920000,-0.0064102564102562765,-0.0064308903302903175,4.5520000000000005,4.264,4.563407882702766,4.3223017434291355,0.019841678525651676,611467200.0,1.185541922771982,0.027956989247311805,-0.00852878464818764,-0.027956989247312047,0
2017-09-21 00:00:00+00:00,4.54,4.57,4.44,4.52,1075600000,-0.027956989247312047,-0.02835522575512517,4.6080000000000005,4.2829999999999995,4.548938588468511,4.341130148816837,0.021074238782347807,636271200.0,1.690474124870024,0.028761061946902634,-0.004405286343612437,-0.011061946902654829,0
2017-09-22 00:00:00+00:00,4.51,4.56,4.46,4.47,491232000,-0.011061946902654829,-0.011123585218662413,4.601999999999999,4.3,4.522625725645674,4.353403467977138,0.021310844311010005,637347800.0,0.770744011354554,0.02237136465324377,-0.008869179600886927,-0.042505592841163176,0
2017-09-25 00:00:00+00:00,4.44,4.45,4.25,4.28,874580000,-0.042505592841163176,-0.04343539903177196,4.5200000000000005,4.309,4.441750483763784,4.346412661503125,0.02371208509195284,663216800.0,1.31869397759526,0.04672897196261686,-0.036036036036036063,0.004672897196261516,1
2017-09-26 00:00:00+00:00,4.41,4.47,4.26,4.3,1125620000,0.004672897196261516,0.004662013105811269,4.444,4.318,4.394500322509189,4.341992408026637,0.023710897288737553,700023000.0,1.607975737940039,0.048837209302325574,-0.024943310657596442,0.020930232558139528,1
2017-09-27 00:00:00+00:00,4.39,4.41,4.32,4.39,713720000,0.020930232558139528,0.020714204387563218,4.3919999999999995,4.3315,4.3930002150061265,4.346564559643148,0.024062389209928193,719504200.0,0.9919608530429704,0.020501138952163978,0.0,0.0,0
2017-09-28 00:00:00+00:00,4.4,4.4,4.34,4.39,435244000,0.0,0.0,4.366,4.343999999999999,4.392000143337418,4.350701268248562,0.02406907649912028,722046400.0,0.602792285925115,0.013667425968109454,-0.002272727272727426,0.018223234624145768,1
2017-09-29 00:00:00+00:00,4.48,4.49,4.43,4.47,619092000,0.018223234624145768,0.018059181538397473,4.366,4.3555,4.418000095558279,4.362063052224889,0.023837095193934163,722366800.0,0.8570327429222938,0.013422818791946421,-0.0022321428571430075,0.0,0
2017-10-02 00:00:00+00:00,4.52,4.55,4.42,4.47,503480000,0.0,0.0,4.403999999999999,4.366,4.435333397038852,4.372342761536804,0.023838868407913712,725269200.0,0.6941974097342063,0.02908277404921698,-0.011061946902654829,0.0022371364653246406,1
2017-10-03 00:00:00+00:00,4.48,4.51,4.44,4.48,390332000,0.0022371364653246406,0.002234637801416417,4.44,4.3825,4.450222264692568,4.382595831866632,0.022874018959156164,710017600.0,0.5497497526821871,0.015624999999999863,0.0,0.008928571428571175,1
2017-10-04 00:00:00+00:00,4.49,4.54,4.45,4.52,427848000,0.008928571428571175,0.008888947417245996,4.465999999999999,4.401,4.473481509795046,4.395681943117428,0.022882127379802837,711526400.0,0.6013100849104123,0.019911504424778733,0.006681514476614556,0.0,0
2017-10-05 00:00:00+00:00,4.55,4.55,4.49,4.52,437364000,0.0,0.0,4.492,4.419,4.488987673196697,4.407521758058626,0.022898765466911143,715751200.0,0.6110559088130065,0.013274336283185756,-0.006593406593406648,0.0022123893805310324,1
2017-10-06 00:00:00+00:00,4.49,4.55,4.47,4.53,318800000,0.0022123893805310324,0.0022099456508029025,4.504,4.441,4.502658448797798,4.419186352529232,0.02236307216863442,706748400.0,0.45107990339985204,0.01766004415011039,0.008908685968819607,0.02207505518763786,1
2017-10-09 00:00:00+00:00,4.57,4.67,4.55,4.63,563492000,0.02207505518763786,0.02183492860320002,4.536,4.4615,4.5451056325318655,4.439263842764543,0.021875080342397695,706550800.0,0.7975251036443523,0.025917926565874754,0.013129102844638864,0.01943844492440605,1
2017-10-10 00:00:00+00:00,4.79,4.82,4.68,4.72,974876000,0.01943844492440605,0.01925193149932114,4.5840000000000005,4.4855,4.603403755021244,4.46600061964411,0.02211802203001257,734720200.0,1.326867016858935,0.029661016949152665,-0.014613778705636802,0.010593220338982912,1
2017-10-11 00:00:00+00:00,4.74,4.78,4.69,4.77,529508000,0.010593220338982912,0.010537505302785855,4.6339999999999995,4.511,4.658935836680829,4.494952941582767,0.022147333018381555,732147600.0,0.723225753932677,0.01886792452830186,0.0063291139240504975,0.002096436058700357,1
2017-10-12 00:00:00+00:00,4.78,4.83,4.75,4.78,528292000,0.002096436058700357,0.002094241603114888,4.686,4.538,4.6992905577872195,4.522100280479647,0.022031815781241224,732876600.0,0.7208471385223651,0.01673640167364018,0.0,0.01673640167364021,1
2017-10-13 00:00:00+00:00,4.84,4.88,4.79,4.86,628728000,0.01673640167364021,0.01659789140903789,4.752000000000001,4.556,4.752860371858146,4.554281206148252,0.018322482359622173,696073400.0,0.9032495710940829,0.01851851851851849,0.004132231404958773,0.01851851851851838,1
2017-10-16 00:00:00+00:00,4.89,4.95,4.83,4.95,576640000,0.01851851851851838,0.01834913866819643,4.816000000000001,4.569,4.8185735812387644,4.5919687103246085,0.016472603039008275,640682400.0,0.9000403319960093,0.024242424242424263,0.012269938650306851,-0.002020202020201922,0
2017-10-17 00:00:00+00:00,4.93,4.97,4.91,4.94,478596000,-0.002020202020201922,-0.0020222453807676732,4.86,4.582,4.859049054159176,4.625114547436551,0.016470889342431294,620898200.0,0.7708123489486682,0.012145748987854171,0.002028397565923058,0.0,0
2017-10-18 00:00:00+00:00,4.95,4.95,4.83,4.94,567316000,0.0,0.0,4.894,4.5965,4.886032702772785,4.655103638156879,0.01634547984173416,613018000.0,0.92544753987648,0.024291497975708523,-0.0020202020202019773,0.002024291497975561,1
2017-10-19 00:00:00+00:00,4.86,4.95,4.81,4.95,570772000,0.002024291497975561,0.0020222453807676732,4.928,4.618,4.907355135181857,4.683189005951462,0.014593568628729495,587776600.0,0.9710696206688051,0.028282828282828396,0.01851851851851849,-0.0060606060606061,0
2017-10-20 00:00:00+00:00,4.96,4.99,4.91,4.92,451620000,-0.0060606060606061,-0.006079046076382211,4.9399999999999995,4.6405,4.911570090121238,4.705742433956085,0.014350093346500335,585796000.0,0.7709509795218813,0.016260162601626032,-0.008064516129032265,0.0,0
2017-10-23 00:00:00+00:00,4.94,4.97,4.89,4.92,428696000,0.0,0.0,4.934,4.6725,4.914380060080825,4.726147916436458,0.00892948970550167,563501800.0,0.7607713054332745,0.016260162601626032,-0.00404858299595151,0.010162601626016121,1
2017-10-24 00:00:00+00:00,4.92,4.97,4.9,4.97,407244000,0.010162601626016121,0.010111309604320606,4.9399999999999995,4.706,4.932920040053884,4.749371924394891,0.008938563585584546,527583000.0,0.7719050841289428,0.0140845070422534,0.010162601626016224,-0.026156941649899346,0
2017-10-25 00:00:00+00:00,4.93,4.98,4.78,4.84,828160000,-0.026156941649899346,-0.026505119379997,4.92,4.7284999999999995,4.901946693369256,4.758003169690616,0.011153896839023495,533305000.0,1.552882496882647,0.04132231404958681,-0.01825557809330626,0.010330578512396604,1
2017-10-26 00:00:00+00:00,4.87,4.9,4.85,4.89,322744000,0.010330578512396604,0.0102775827582402,4.9079999999999995,4.7535,4.89796446224617,4.770574296386747,0.011154021820119785,527680000.0,0.6116282595512432,0.01022494887525577,0.0041067761806980645,0.0327198364008181,1
2017-10-27 00:00:00+00:00,4.95,5.05,4.92,5.05,572192000,0.0327198364008181,0.03219593980048785,4.934,4.782500000000001,4.94864297483078,4.797186268159438,0.012379525826212672,525335000.0,1.0891945139767958,0.025742574257425724,0.02020202020202013,0.00990099009900991,1
2017-10-30 00:00:00+00:00,5.05,5.15,5.03,5.1,504056000,0.00990099009900991,0.009852296443011666,4.97,4.814,4.999095316553854,4.826025671191872,0.012319896270470183,525363800.0,0.959441819173685,0.023529411764705906,0.009900990099009866,0.013725490196078383,1
2017-10-31 00:00:00+00:00,5.13,5.2,5.12,5.17,411908000,0.013725490196078383,0.013632148790057697,5.01,4.8485,5.056063544369236,4.858785131078361,0.012371199870683148,526442600.0,0.7824366797063915,0.01547388781431336,0.007797270955165699,0.0019342359767891004,1
2017-11-01 00:00:00+00:00,5.23,5.25,5.12,5.18,502576000,0.0019342359767891004,0.0019323677510538761,5.078,4.8815,5.097375696246157,4.889377023356612,0.012417811596783965,530179000.0,0.9479364516512347,0.025096525096525078,-0.009560229445506828,-0.005791505791505669,0
2017-11-02 00:00:00+00:00,5.15,5.2,5.09,5.15,342308000,-0.005791505791505669,-0.005808341595746835,5.13,4.913,5.114917130830772,4.914198259227411,0.012651300139283075,525426200.0,0.6514863552674001,0.021359223300970936,0.0,0.013592233009708687,1
2017-11-03 00:00:00+00:00,5.18,5.22,5.13,5.22,353640000,0.013592233009708687,0.013500687218902518,5.164,4.9475,5.149944753887182,4.943322234539086,0.012700468777643593,527168200.0,0.6708295378970127,0.0172413793103448,0.007722007722007729,0.003831417624521105,1
2017-11-06 00:00:00+00:00,5.18,5.25,5.17,5.24,389944000,0.003831417624521105,0.0038240964384035347,5.192,4.978,5.179963169258121,4.971577259821078,0.0122296571041198,518490800.0,0.7520750609268284,0.015267175572519097,0.01158301158301168,0.011450381679389166,1
2017-11-07 00:00:00+00:00,5.26,5.32,5.25,5.3,427700000,0.011450381679389166,0.011385322225125227,5.217999999999999,5.007,5.219975446172081,5.002855616028595,0.011909706484178975,491132000.0,0.8708453124618228,0.013207547169811375,0.0076045627376425924,-0.013207547169811207,0
2017-11-08 00:00:00+00:00,5.3,5.3,5.18,5.23,522988000,-0.013207547169811207,-0.013295542481244427,5.228,5.029999999999999,5.223316964114721,5.024488414502062,0.012583475155808245,490806000.0,1.065569695561994,0.02294455066921608,-0.013207547169811207,-0.019120458891013437,0
2017-11-09 00:00:00+00:00,5.13,5.16,5.01,5.13,978564000,-0.019120458891013437,-0.019305618894153387,5.224,5.0475,5.192211309409815,5.034537136930437,0.01367089536731098,513319600.0,1.9063445073985097,0.029239766081871416,0.0,0.052631578947368585,1
2017-11-10 00:00:00+00:00,5.33,5.47,5.29,5.4,1253256000,0.052631578947368585,0.05129329438755059,5.26,5.0745,5.26147420627321,5.069343123889443,0.017169621684750898,544546000.0,2.3014694809988505,0.03333333333333328,0.013133208255159528,-0.014814814814814836,0
2017-11-13 00:00:00+00:00,5.4,5.43,5.3,5.32,582376000,-0.014814814814814836,-0.01492565021667569,5.276,5.093,5.28098280418214,5.0932152073285435,0.01744529905680015,544832800.0,1.0689077456423328,0.024436090225563888,-0.014814814814814828,0.005639097744360777,1
2017-11-14 00:00:00+00:00,5.33,5.37,5.28,5.35,529292000,0.005639097744360777,0.005623257554361993,5.286,5.1135,5.303988536121427,5.117670901868682,0.01739922324985317,547367600.0,0.9669772196965988,0.016822429906542032,0.0037523452157597697,-0.01869158878504662,0
2017-11-15 00:00:00+00:00,5.3,5.3,5.2,5.25,501948000,-0.01869158878504662,-0.018868484304382704,5.290000000000001,5.129,5.285992357414285,5.130273673119284,0.01812324167129267,544099200.0,0.922530303297634,0.01904761904761898,-0.00943396226415091,0.007619047619047636,1
2017-11-16 00:00:00+00:00,5.32,5.36,5.28,5.29,441768000,0.007619047619047636,0.0075901692666755505,5.322,5.146,5.28732823827619,5.145485704250781,0.018149480311180684,537649000.0,0.8216661799798753,0.01512287334593574,-0.005639097744360949,-0.001890359168241873,0
2017-11-17 00:00:00+00:00,5.35,5.38,5.27,5.28,515664000,-0.001890359168241873,-0.0018921481520377537,5.298,5.164,5.284885492184127,5.15829658956023,0.0180592652271343,540851200.0,0.9534304444549628,0.020833333333333395,-0.013084112149532598,0.01325757575757569,1
2017-11-20 00:00:00+00:00,5.3,5.36,5.26,5.35,396100000,0.01325757575757569,0.013170463189744908,5.304,5.185499999999999,5.306590328122752,5.176554057221161,0.018163563279243237,539221400.0,0.7345776706933367,0.018691588785046828,0.00943396226415091,0.009345794392523477,1
2017-11-21 00:00:00+00:00,5.39,5.41,5.36,5.4,399176000,0.009345794392523477,0.009302392662313697,5.314,5.207,5.337726885415169,5.197834623200098,0.018150578582504826,538818000.0,0.7408364234305461,0.009259259259259226,0.0018552875695734092,-0.005555555555555647,0
2017-11-22 00:00:00+00:00,5.42,5.42,5.34,5.37,356640000,-0.005555555555555647,-0.005571045049455492,5.337999999999999,5.2335,5.3484845902767795,5.21423132575247,0.016846553416049487,515242000.0,0.6921795971601694,0.014897579143389213,-0.009225092250922476,0.009310986964618184,1
2017-11-24 00:00:00+00:00,5.39,5.42,5.37,5.42,180752000,0.009310986964618184,0.0092679069307815,5.364,5.26,5.37232306018452,5.233828342347473,0.01683202955621481,508142400.0,0.35571131241951076,0.009225092250922476,0.005565862708719898,-0.01291512915129156,0
2017-11-27 00:00:00+00:00,5.43,5.43,5.35,5.35,422896000,-0.01291512915129156,-0.012999254543639704,5.378,5.275,5.364882040123014,5.244892309742951,0.01602362299248755,500677600.0,0.8446473339330539,0.014953271028037398,-0.014732965009208118,-0.014953271028037451,0
2017-11-28 00:00:00+00:00,5.36,5.37,5.21,5.27,512752000,-0.014953271028037451,-0.015066198354644289,5.362,5.2835,5.333254693415343,5.247283518338861,0.016417336539631323,501112400.0,1.0232275234059265,0.03036053130929794,-0.01679104477611954,-0.06831119544592024,0
2017-11-29 00:00:00+00:00,5.25,5.25,4.78,4.91,1396788000,-0.06831119544592024,-0.07075642074684163,5.264,5.2705,5.192169795610229,5.215161278497065,0.022783099148318862,550356400.0,2.537969940932821,0.0957230142566191,-0.06476190476190473,0.02240325865580428,1
2017-11-30 00:00:00+00:00,4.98,5.07,4.92,5.02,823768000,0.02240325865580428,0.022155991897208516,5.194,5.2625,5.134779863740153,5.196574490068773,0.02343341976792918,566416000.0,1.4543515719894917,0.029880478087649476,0.008032128514056052,-0.015936254980079556,0
2017-12-01 00:00:00+00:00,4.98,5.0,4.81,4.94,811548000,-0.015936254980079556,-0.01606460250380648,5.098,5.252000000000001,5.069853242493436,5.172138824347938,0.023642372767191017,589878000.0,1.3757895700466876,0.03846153846153854,-0.008032128514056231,-0.05465587044534426,0
2017-12-04 00:00:00+00:00,5.0,5.01,4.61,4.67,1240844000,-0.05465587044534426,-0.05620625951902536,4.962000000000001,5.2245,4.936568828328958,5.124316079171944,0.026221723096355766,634238200.0,1.9564321417410682,0.08565310492505342,-0.06600000000000002,0.004282655246252709,1
2017-12-05 00:00:00+00:00,4.56,4.82,4.51,4.69,981488000,0.004282655246252709,0.004273510777382139,4.845999999999999,5.197000000000001,4.854379218885972,5.08295264306033,0.02623038542068558,663815400.0,1.4785556345935933,0.06609808102345426,0.028508771929824737,0.008528784648187626,1
2017-12-06 00:00:00+00:00,4.64,4.75,4.62,4.73,467032000,0.008528784648187626,0.008492620045653654,4.8100000000000005,5.1685,4.812919479257316,5.0493381056260125,0.026139940253775914,665782000.0,0.7014788624504718,0.027484143763213505,0.019396551724138095,0.014799154334038,1
2017-12-07 00:00:00+00:00,4.8,4.84,4.75,4.8,542600000,0.014799154334038,0.014690715410003552,4.766,5.147,4.808612986171544,5.025591619375916,0.02645845736981179,666762600.0,0.8137828966411733,0.01874999999999997,0.0,-0.002083333333333326,0
2017-12-08 00:00:00+00:00,4.85,4.87,4.78,4.79,466876000,-0.002083333333333326,-0.0020855064910214605,4.736,5.13,4.802408657447696,5.003154322292495,0.02622323772500378,641178200.0,0.7281532653480732,0.018789144050104355,-0.012371134020618476,0.016701461377870652,1
2017-12-11 00:00:00+00:00,4.8,4.87,4.79,4.87,372748000,0.016701461377870652,0.01656352567167474,4.776,5.1035,4.824939104965131,4.990472958264639,0.02340758534414049,597152800.0,0.624208745232376,0.016427104722792622,0.014583333333333393,-0.020533880903490842,0
2017-12-12 00:00:00+00:00,4.82,4.85,4.75,4.77,455016000,-0.020533880903490842,-0.0207476321942488,4.792,5.076,4.806626069976755,4.969475533668007,0.023570986202242312,590784800.0,0.7701890773086918,0.020964360587002025,-0.010373443983402637,-0.0251572327044024,0
2017-12-13 00:00:00+00:00,4.81,4.81,4.65,4.65,554280000,-0.0251572327044024,-0.02547908530098475,4.776,5.041,4.7544173799845035,4.939049292366292,0.023826147582689916,592034200.0,0.9362296975411217,0.034408602150537475,-0.03326403326403311,0.0021505376344086446,1
2017-12-14 00:00:00+00:00,4.65,4.73,4.62,4.66,438164000,0.0021505376344086446,0.002148228538289665,4.748,5.0115,4.722944919989669,4.912473169283788,0.023738982950349617,588845000.0,0.7441075325425197,0.023605150214592342,0.002150537634408556,0.027896995708154515,1
2017-12-15 00:00:00+00:00,4.71,4.81,4.64,4.79,670036000,0.027896995708154515,0.027514963285269145,4.748,4.9864999999999995,4.745296613326447,4.900809057923427,0.024734791488637952,600258400.0,1.1162459367499065,0.035490605427974935,0.016985138004246298,0.03340292275574108,1
2017-12-18 00:00:00+00:00,4.83,4.95,4.8,4.95,477704000,0.03340292275574108,0.03285716515777515,4.764,4.97,4.813531075550965,4.905493909549767,0.02614236734261567,598360400.0,0.7983549713517137,0.030303030303030373,0.024844720496894433,-0.010101010101010055,0
2017-12-19 00:00:00+00:00,4.94,4.94,4.87,4.9,373100000,-0.010101010101010055,-0.010152371464017929,4.790000000000001,4.9475,4.842354050367311,4.904970680068837,0.02589140654472115,597210400.0,0.6247379483009673,0.014285714285714343,-0.008097165991902841,0.004081632653061051,1
2017-12-20 00:00:00+00:00,4.94,4.95,4.86,4.92,288820000,0.004081632653061051,0.004073325387635718,4.843999999999999,4.9235,4.868236033578207,4.906402043871806,0.025771956141297587,591692600.0,0.4881250838695633,0.01829268292682924,-0.00404858299595151,-0.004065040650406471,0
2017-12-21 00:00:00+00:00,4.92,4.95,4.89,4.9,300904000,-0.004065040650406471,-0.004073325387635718,4.892,4.9,4.878824022385472,4.905792325407824,0.025771328783305004,588905800.0,0.5109543835363822,0.012244897959183773,-0.004065040650406418,-0.004081632653061273,0
2017-12-22 00:00:00+00:00,4.86,4.89,4.78,4.88,466276000,-0.004081632653061273,-0.004089985251525263,4.91,4.873,4.879216014923648,4.903335913464222,0.025565838667328315,603182000.0,0.7730270465630605,0.02254098360655726,0.0041152263374484715,0.012295081967213184,1
2017-12-26 00:00:00+00:00,4.83,4.94,4.8,4.94,355080000,0.012295081967213184,0.012220111334775519,4.908,4.8525,4.899477343282432,4.906827731229534,0.025784387827374987,599791200.0,0.5920060180942968,0.02834008097166003,0.022774327122153274,-0.002024291497975894,0
2017-12-27 00:00:00+00:00,4.92,5.0,4.91,4.93,329488000,-0.002024291497975894,-0.0020263431452325342,4.914,4.8355,4.909651562188288,4.909034613969578,0.02565401442742696,590628000.0,0.5578604468464076,0.01825557809330626,0.002032520325203209,0.0,0
2017-12-28 00:00:00+00:00,4.95,4.98,4.93,4.93,240248000,0.0,0.0,4.916,4.8365,4.916434374792193,4.911031317401047,0.02015666317059294,532801000.0,0.45091506960384836,0.01014198782961475,-0.004040404040404133,-0.018255578093306246,0
2017-12-29 00:00:00+00:00,4.96,4.96,4.84,4.84,279964000,-0.018255578093306246,-0.018424267326058397,4.904,4.827500000000001,4.890956249861462,4.9042664300295185,0.019870970858005096,505610800.0,0.5537144380618452,0.024793388429752088,-0.024193548387096794,0.02892561983471076,1
2018-01-02 00:00:00+00:00,4.89,4.99,4.86,4.98,355616000,0.02892561983471076,0.02851517030802131,4.924,4.8294999999999995,4.920637499907642,4.911479150979088,0.02067379964148246,482814200.0,0.7365483450983836,0.02610441767068271,0.018404907975460277,0.06626506024096379,1
2018-01-03 00:00:00+00:00,5.1,5.34,5.09,5.31,914704000,0.06626506024096379,0.06416194421728583,4.997999999999999,4.8615,5.050424999938428,4.9494335175525075,0.020846340630086974,466507200.0,1.9607500162912812,0.04708097928436912,0.04117647058823529,0.005649717514124353,1
2018-01-04 00:00:00+00:00,5.39,5.45,5.32,5.34,583268000,0.005649717514124353,0.005633817718255996,5.08,4.894,5.146949999958952,4.98663032540465,0.020841181555104518,446596200.0,1.3060299214368596,0.024344569288389493,-0.009276437847866387,0.0074906367041198685,1
2018-01-05 00:00:00+00:00,5.35,5.42,5.28,5.38,580124000,0.0074906367041198685,0.007462721201589639,5.17,4.9265,5.2246333333059685,5.02409410393754,0.020837244078413378,452250800.0,1.282748421893339,0.026022304832713696,0.005607476635514066,0.03159851301115246,1
2018-01-08 00:00:00+00:00,5.51,5.62,5.46,5.55,881216000,0.03159851301115246,0.03110955358464995,5.311999999999999,4.964,5.333088888870646,5.074180379753012,0.021492615867416534,469181600.0,1.8781981220064896,0.028828828828828857,0.007259528130671513,0.0,0
2018-01-09 00:00:00+00:00,5.56,5.6,5.47,5.55,497000000,0.0,0.0,5.426,5.002000000000001,5.405392592580431,5.119496534062249,0.021449909327597404,470687800.0,1.0559015976194837,0.023423423423423406,-0.0017985611510790984,0.007207207207207134,1
2018-01-10 00:00:00+00:00,5.46,5.6,5.4,5.59,582664000,0.007207207207207134,0.0071813594086647115,5.482,5.037999999999999,5.466928395053621,5.164306387961083,0.021340427058213568,481183600.0,1.2108974620082646,0.03577817531305891,0.02380952380952379,0.0017889087656528524,1
2018-01-11 00:00:00+00:00,5.62,5.66,5.58,5.6,406032000,0.0017889087656528524,0.0017873105740957573,5.534,5.0795,5.511285596702415,5.205801017679074,0.020377332506341248,478734400.0,0.848136252585985,0.0142857142857143,-0.0035587188612100466,-0.005357142857142727,0
2018-01-12 00:00:00+00:00,5.59,5.62,5.53,5.57,359916000,-0.005357142857142727,-0.00537154380191085,5.572,5.1255,5.530857064468277,5.240486635042972,0.019093076984012154,469016200.0,0.767385007170328,0.016157989228007156,-0.003577817531305827,-0.012567324955116699,0
2018-01-16 00:00:00+00:00,5.6,5.69,5.42,5.5,702348000,-0.012567324955116699,-0.0126469617007674,5.561999999999999,5.1674999999999995,5.520571376312185,5.265202193610308,0.019652034075220277,482225400.0,1.4564724296978135,0.04909090909090918,-0.017857142857142794,0.021818181818181737,1
2018-01-17 00:00:00+00:00,5.52,5.63,5.42,5.62,538408000,0.021818181818181737,0.021583571667174395,5.576,5.2090000000000005,5.5537142508747905,5.298992460885517,0.019389589223928774,475644000.0,1.1319558325133923,0.03736654804270462,0.018115942028985605,-0.001779359430604921,0
2018-01-18 00:00:00+00:00,5.6,5.67,5.57,5.61,408632000,-0.001779359430604921,-0.0017809443709946304,5.58,5.242,5.572476167249861,5.328612226515467,0.01858165067291614,472190400.0,0.8653966704956306,0.017825311942958937,0.0017857142857144064,0.024955436720142554,1
2018-01-19 00:00:00+00:00,5.7,5.78,5.67,5.75,609380000,0.024955436720142554,0.024649135274654066,5.61,5.2844999999999995,5.631650778166574,5.368744395418756,0.018593494159972065,484004400.0,1.259038140975578,0.01913043478260875,0.008771929824561372,0.01565217391304352,1
2018-01-22 00:00:00+00:00,5.76,5.84,5.7,5.84,550944000,0.01565217391304352,0.01553094203087646,5.664,5.3305,5.701100518777716,5.4136258815693505,0.01864264416090475,497110600.0,1.1082926012843017,0.023972602739725974,0.013888888888888902,0.022260273972602773,1
2018-01-23 00:00:00+00:00,5.9,6.0,5.88,5.97,475228000,0.022260273972602773,0.022016130564375125,5.758,5.384,5.790733679185145,5.46661389284846,0.018624077678238513,505826800.0,0.9395073570637222,0.02010050251256283,0.011864406779660913,-0.01340033500837523,0
2018-01-24 00:00:00+00:00,5.98,6.01,5.84,5.89,579972000,-0.01340033500837523,-0.013490929741015512,5.811999999999999,5.4345,5.823822452790097,5.506936379243845,0.019107462182029446,511511600.0,1.1338393889796439,0.028862478777589122,-0.015050167224080391,0.00339558573853993,1
2018-01-25 00:00:00+00:00,5.95,5.99,5.89,5.91,409884000,0.00339558573853993,0.0033898337545117396,5.872,5.483,5.852548301860065,5.545323390744431,0.019140993910614808,514251800.0,0.7970492276351779,0.01692047377326574,-0.006722689075630258,0.02876480541455151,1
2018-01-26 00:00:00+00:00,5.95,6.08,5.94,6.08,516356000,0.02876480541455151,0.028358864560068753,5.938000000000001,5.5405,5.928365534573377,5.596244972578296,0.01942649286602826,523595200.0,0.9861740520157557,0.02302631578947363,0.0218487394957983,0.014802631578947345,1
2018-01-29 00:00:00+00:00,6.07,6.2,6.02,6.17,455116000,0.014802631578947345,0.014694141939220806,6.004,5.6025,6.008910356382252,5.6508883085232195,0.019286510183579613,534338600.0,0.8517370820674381,0.029173419773095722,0.016474464579901094,-0.01620745542949753,0
2018-01-30 00:00:00+00:00,6.03,6.16,5.96,6.07,570832000,-0.01620745542949753,-0.01634023284588948,6.023999999999999,5.664,6.029273570921502,5.690803707711484,0.019122864631841888,548882000.0,1.0399903804460704,0.03294892915980233,0.006633499170812609,0.01153212520593061,1
2018-01-31 00:00:00+00:00,6.14,6.23,6.11,6.14,478576000,0.01153212520593061,0.011466137087644102,6.074,5.7219999999999995,6.066182380614334,5.733584306977057,0.01869123619412701,555030000.0,0.8622524908563501,0.019543973941368097,0.0,-0.021172638436482094,0
2018-02-01 00:00:00+00:00,5.96,6.17,5.95,6.01,519224000,-0.021172638436482094,-0.021399993611934898,6.093999999999999,5.757,6.047454920409557,5.75990961107448,0.015225790451821073,535256000.0,0.9700479770427608,0.03660565723793673,0.008389261744966413,-0.028286189683860208,0
2018-02-02 00:00:00+00:00,5.92,5.95,5.78,5.84,718464000,-0.028286189683860208,-0.028693951706980636,6.045999999999999,5.782,5.978303280273038,5.767537267162625,0.01711023569779152,542015800.0,1.3255406945701582,0.02910958904109588,-0.013513513513513526,-0.08561643835616439,0
2018-02-05 00:00:00+00:00,5.67,5.83,5.12,5.34,1165204000,-0.08561643835616439,-0.0895051438680321,5.88,5.78,5.765535520182025,5.726819432194756,0.02706298272617268,571269800.0,2.039673723344031,0.13295880149812733,-0.05820105820105821,0.05617977528089879,1
2018-02-06 00:00:00+00:00,5.11,5.64,5.1,5.64,1114800000,0.05617977528089879,0.054658412537863965,5.794,5.7845,5.723690346788017,5.718550914842875,0.028951211048778014,582949000.0,1.9123456768945482,0.09574468085106384,0.10371819960861044,0.014184397163120588,1
2018-02-07 00:00:00+00:00,5.74,5.87,5.67,5.72,802932000,0.014184397163120588,0.014084739881738972,5.709999999999999,5.793,5.722460231192012,5.718688922953077,0.02910153170023234,598245600.0,1.342144430314239,0.034965034965034995,-0.0034843205574913694,-0.04895104895104885,0
2018-02-08 00:00:00+00:00,5.85,5.88,5.44,5.44,1144000000,-0.04895104895104885,-0.05018974452385505,5.596,5.785500000000001,5.628306820794675,5.6921471207670695,0.03126040358060898,626312400.0,1.8265645067860703,0.08088235294117638,-0.07008547008546996,0.06617647058823528,1
2018-02-09 00:00:00+00:00,5.96,5.97,5.44,5.8,1674604000,0.06617647058823528,0.06407885668452229,5.588,5.7955,5.685537880529784,5.702418823551158,0.03452334967477363,689741000.0,2.4278736511241177,0.09137931034482748,-0.02684563758389264,-0.01724137931034475,0
2018-02-12 00:00:00+00:00,5.88,5.89,5.63,5.7,1093172000,-0.01724137931034475,-0.01739174271186905,5.66,5.8020000000000005,5.6903585870198565,5.702188459403429,0.034757768703466516,726403800.0,1.5049095282816527,0.04561403508771926,-0.030612244897959134,0.021052631578947434,1
2018-02-13 00:00:00+00:00,5.66,5.86,5.63,5.82,625524000,0.021052631578947434,0.02083408690284183,5.696,5.818,5.733572391346572,5.713408606126912,0.03486422324996214,722562600.0,0.8657021550797122,0.039518900343642686,0.02826855123674914,0.03780068728522323,1
2018-02-14 00:00:00+00:00,5.78,6.06,5.76,6.04,744988000,0.03780068728522323,0.037103750203377084,5.76,5.839,5.835714927564382,5.7445125484005395,0.03547110843093291,732891600.0,1.0165050329407515,0.0496688741721854,0.04498269896193768,0.019867549668874274,1
2018-02-15 00:00:00+00:00,6.12,6.21,6.04,6.16,698900000,0.019867549668874274,0.01967276559870501,5.904000000000001,5.8665,5.943809951709588,5.784082781886203,0.03562376651069801,747405000.0,0.9351021200018731,0.027597402597402586,0.006535947712418306,-0.009740259740259827,0
2018-02-16 00:00:00+00:00,6.13,6.25,6.09,6.1,637656000,-0.009740259740259827,-0.00978800636616306,5.964,5.884,5.995873301139726,5.814170135992279,0.03543935401058578,748818800.0,0.8515491331147135,0.026229508196721336,-0.0048939641109298935,0.021311475409836245,1
2018-02-20 00:00:00+00:00,6.12,6.3,6.12,6.23,686240000,0.021311475409836245,0.021087561620096285,6.07,5.903499999999999,6.073915534093151,5.853772980183491,0.03556469736283887,755583600.0,0.9082251123502416,0.028892455858747945,0.017973856209150377,-0.03049759229534521,0
2018-02-21 00:00:00+00:00,6.29,6.3,6.03,6.04,892292000,-0.03049759229534521,-0.030972320852638235,6.114,5.907,6.062610356062102,5.871508886832682,0.036061963348657744,776436800.0,1.149213947612993,0.04470198675496682,-0.0397456279809221,0.0016556291390728006,1
2018-02-22 00:00:00+00:00,6.07,6.14,5.99,6.05,534364000,0.0016556291390728006,0.0016542600960265386,6.1160000000000005,5.915,6.0584069040414015,5.888508040467665,0.035909569525943784,774156400.0,0.6902532873202366,0.02479338842975198,-0.0032948929159803066,0.016528925619834878,1
2018-02-23 00:00:00+00:00,6.11,6.15,6.06,6.15,415300000,0.016528925619834878,0.016393809775676615,6.114,5.9270000000000005,6.088937936027602,5.913412036613601,0.03606602405410845,774427200.0,0.5362673211891318,0.014634146341463535,0.0065466448445171905,0.001626016260162677,1
2018-02-26 00:00:00+00:00,6.2,6.2,6.1,6.16,469312000,0.001626016260162677,0.001624695727001857,6.126,5.931,6.112625290685068,5.936896604555163,0.0355287141694462,772075000.0,0.6078580448790597,0.01623376623376632,-0.006451612903225812,-0.0016233766233766378,0
2018-02-27 00:00:00+00:00,6.14,6.22,6.13,6.15,455436000,-0.0016233766233766378,-0.001624695727001857,6.11,5.93,6.12508352712338,5.9571921660261,0.03537635234803359,772091000.0,0.5898734734636202,0.014634146341463391,0.0016286644951141165,-0.016260162601626105,0
2018-02-28 00:00:00+00:00,6.16,6.2,6.04,6.05,523116000,-0.016260162601626105,-0.016393809775676615,6.112,5.929,6.10005568474892,5.966031007356947,0.035377643888142775,769705200.0,0.6796316303956372,0.02644628099173556,-0.017857142857142908,-0.03966942148760333,0
2018-03-01 00:00:00+00:00,6.05,6.1,5.7,5.81,1040120000,-0.03966942148760333,-0.04047770117893035,6.064,5.9125,6.0033704564992805,5.95117091141819,0.03637154522155368,797782400.0,1.3037640339019763,0.06884681583476755,-0.03966942148760334,0.017211703958692093,1
2018-03-02 00:00:00+00:00,5.7,5.92,5.55,5.91,913428000,0.017211703958692093,0.017065260554187223,6.016,5.907500000000001,5.972246970999521,5.947249872235505,0.03635112352246306,817492600.0,1.117353233533857,0.06260575296108292,0.036842105263157884,-0.0033840947546531774,0
2018-03-05 00:00:00+00:00,5.86,5.93,5.74,5.89,620776000,-0.0033840947546531774,-0.0033898337545117396,5.962000000000001,5.91,5.944831313999681,5.941797503451172,0.03576625151733935,812608200.0,0.7639302679938499,0.03225806451612895,0.005119453924914566,0.02716468590831922,1
2018-03-06 00:00:00+00:00,5.98,6.07,5.93,6.05,636808000,0.02716468590831922,0.026802274379254865,5.942,5.9455,5.979887542666455,5.952102503122489,0.02923312482238871,786188400.0,0.8099941438973152,0.02314049586776869,0.011705685618728996,0.0,0
2018-03-07 00:00:00+00:00,5.95,6.1,5.95,6.05,581208000,0.0,0.0,5.941999999999999,5.965999999999999,6.003258361777637,5.96142607425368,0.02693298922732323,759508800.0,0.765241956380229,0.02479338842975198,0.01680672268907557,-0.0033057851239668423,0
2018-03-08 00:00:00+00:00,6.07,6.07,5.98,6.03,411912000,-0.0033057851239668423,-0.003311261303655888,5.986,5.9815,6.012172241185092,5.967956924324758,0.026854246782339115,739957800.0,0.5566695830491956,0.014925373134328334,-0.006589785831960467,0.016583747927031434,1
2018-03-09 00:00:00+00:00,6.08,6.15,6.06,6.13,505524000,0.016583747927031434,0.01644773920902587,6.029999999999999,6.016,6.051448160790062,5.98338959819859,0.02392933688621532,708034000.0,0.7139826618495722,0.014681892332789681,0.008223684210526286,0.01794453507340954,1
2018-03-12 00:00:00+00:00,6.17,6.33,6.17,6.24,605060000,0.01794453507340954,0.017785432433216286,6.1,6.038,6.114298773860042,6.007828684084439,0.01991499554626401,654556800.0,0.9243811996147623,0.025641025641025664,0.011345218800648345,-0.008012820512820484,0
2018-03-13 00:00:00+00:00,6.29,6.36,6.15,6.19,619772000,-0.008012820512820484,-0.008045095684831471,6.128,6.0625,6.139532515906695,6.025178333219254,0.01950043449464524,630886800.0,0.9823822593847263,0.03392568659127625,-0.015898251192368783,0.004846526655896577,1
2018-03-14 00:00:00+00:00,6.24,6.26,6.16,6.22,505496000,0.004846526655896577,0.004834820054583133,6.162000000000001,6.0825000000000005,6.166355010604464,6.043732777674563,0.019102953281966584,624885400.0,0.8089419275918432,0.016077170418006374,-0.003205128205128279,0.001607717041800738,1
2018-03-15 00:00:00+00:00,6.23,6.32,6.19,6.23,401952000,0.001607717041800738,0.001606426048273768,6.202,6.0920000000000005,6.1875700070696436,6.061472513134129,0.01736962326604719,607733600.0,0.661395058624371,0.02086677367576242,0.0,0.004815409309791185,1
2018-03-16 00:00:00+00:00,6.25,6.28,6.21,6.26,399456000,0.004815409309791185,0.004803852312645462,6.228,6.0969999999999995,6.2117133380464296,6.080379892835641,0.016863897864670983,592761400.0,0.6738900340001897,0.01118210862619813,0.0015999999999999658,-0.036741214057507965,0
2018-03-19 00:00:00+00:00,6.2,6.23,5.92,6.03,713772000,-0.036741214057507965,-0.03743317437291305,6.186,6.093500000000001,6.1511422253642865,6.075581807803674,0.018799737991846917,596567200.0,1.1964653772450111,0.051409618573797757,-0.027419354838709664,0.03482587064676612,1
2018-03-20 00:00:00+00:00,6.03,6.28,6.03,6.24,554696000,0.03482587064676612,0.034233171642242155,6.196000000000001,6.094,6.180761483576192,6.091240683250944,0.019800225415136916,589990000.0,0.9401786470957135,0.04006410256410256,0.03482587064676616,-0.004807692307692402,0
2018-03-21 00:00:00+00:00,6.23,6.3,6.18,6.21,438688000,-0.004807692307692402,-0.004819286435948866,6.194,6.1025,6.190507655717461,6.102551094369902,0.018459738340330246,567309800.0,0.7732776694497433,0.019323671497584557,-0.003210272873194295,-0.025764895330112725,0
2018-03-22 00:00:00+00:00,6.15,6.2,6.01,6.05,551196000,-0.025764895330112725,-0.0261026239026374,6.1579999999999995,6.1025,6.143671770478308,6.097546228239435,0.01945522454641711,568151400.0,0.9701568983197084,0.031404958677686015,-0.0162601626016261,-0.0380165289256198,0
2018-03-23 00:00:00+00:00,6.06,6.06,5.81,5.82,735620000,-0.0380165289256198,-0.03875801029940362,6.07,6.086,6.035781180318873,6.071113254121394,0.020866681678804577,584167400.0,1.25926232788752,0.0429553264604811,-0.03960396039603949,0.04982817869415812,1
2018-03-26 00:00:00+00:00,5.95,6.11,5.9,6.11,611424000,0.04982817869415812,0.048626511440157616,6.086,6.0835,6.060520786879248,6.07481675372888,0.02382348763009642,591273000.0,1.0340807038373137,0.03436988543371521,0.02689075630252103,-0.07692307692307698,0
2018-03-27 00:00:00+00:00,6.19,6.25,5.5,5.64,1409000000,-0.07692307692307698,-0.0800427076735366,5.965999999999999,6.058000000000001,5.920347191252833,6.03340563432613,0.02975021288384476,638951200.0,2.2051762325510933,0.13297872340425532,-0.08885298869143791,-0.019503546099290725,0
2018-03-28 00:00:00+00:00,5.6,5.73,5.42,5.53,945904000,-0.019503546099290725,-0.019696249975724056,5.83,6.032,5.790231460835223,5.985462240580785,0.029829762208519392,660090600.0,1.4329911681820646,0.05605786618444855,-0.012499999999999893,0.047016274864376095,1
2018-03-29 00:00:00+00:00,5.6,5.89,5.52,5.79,916628000,0.047016274864376095,0.04594447605066043,5.7780000000000005,6.031000000000001,5.7901543072234825,5.966846789096901,0.030592543430945505,653916000.0,1.401751906972761,0.06390328151986185,0.0339285714285715,-0.04490500863557856,0
2018-04-02 00:00:00+00:00,5.72,5.87,5.44,5.53,922092000,-0.04490500863557856,-0.04594447605066043,5.720000000000001,6.012,5.703436204815656,5.925242332992434,0.031938760033801035,654349200.0,1.4091741840595204,0.07775768535262201,-0.03321678321678313,0.018083182640144635,1
2018-04-03 00:00:00+00:00,5.7,5.76,5.53,5.63,667432000,0.018083182640144635,0.017921626617355635,5.6240000000000006,5.999,5.678957469877105,5.897124015564583,0.03228998541604321,656682000.0,1.0163701761278672,0.040852575488454626,-0.012280701754386015,0.005328596802842034,1
2018-04-04 00:00:00+00:00,5.38,5.67,5.35,5.66,789168000,0.005328596802842034,0.005314450063492515,5.628,5.9795,5.6726383132514036,5.874540775987004,0.031622780777348404,664300000.0,1.1879692909829895,0.05653710247349828,0.05204460966542756,-0.0229681978798586,0
2018-04-05 00:00:00+00:00,5.71,5.73,5.46,5.53,701240000,-0.0229681978798586,-0.02323607668084815,5.628,5.9535,5.625092208834269,5.8417273687501465,0.03191938229712407,670301600.0,1.046155939356254,0.04882459312839068,-0.03152364273204899,-0.030741410488245968,0
2018-04-06 00:00:00+00:00,5.43,5.54,5.33,5.36,662988000,-0.030741410488245968,-0.031223840451532592,5.542,5.92,5.536728139222847,5.795848571726323,0.032470430996379,682855400.0,0.9709054069133817,0.03917910447761193,-0.01289134438305698,0.005597014925373012,1
2018-04-09 00:00:00+00:00,5.42,5.55,5.37,5.39,499524000,0.005597014925373012,0.005581409838194995,5.514,5.883000000000001,5.487818759481899,5.757196326800006,0.03216649296341388,682555400.0,0.731843891352995,0.03339517625231906,-0.005535055350553551,0.0575139146567718,1
2018-04-10 00:00:00+00:00,5.62,5.72,5.56,5.7,761676000,0.0575139146567718,0.05592078991959881,5.5280000000000005,5.856,5.558545839654599,5.751749057580958,0.03470756700306852,690386200.0,1.103260754632697,0.028070175438596516,0.01423487544483987,-0.007017543859649145,0
2018-04-11 00:00:00+00:00,5.68,5.72,5.62,5.66,460244000,-0.007017543859649145,-0.0070422826254130655,5.5280000000000005,5.8295,5.592363893103066,5.7430110520970565,0.034702939128791875,682409800.0,0.6744393178409805,0.017667844522968136,-0.0035211267605633053,0.03710247349823326,1
2018-04-12 00:00:00+00:00,5.75,5.88,5.71,5.87,593920000,0.03710247349823326,0.036430741624913665,5.596,5.811999999999999,5.684909262068711,5.755105237611622,0.035849328632628144,686831000.0,0.8647250924900012,0.02896081771720612,0.020869565217391323,-0.013628620102214661,0
2018-04-13 00:00:00+00:00,5.93,5.94,5.74,5.79,503036000,-0.013628620102214661,-0.013722342255101383,5.682,5.79,5.719939508045807,5.758428548315278,0.035911814094981585,691885200.0,0.7270512506988154,0.03454231433506048,-0.023608768971332156,0.0,0
2018-04-16 00:00:00+00:00,5.79,5.82,5.69,5.79,350792000,0.0,0.0,5.762,5.766500000000001,5.7432930053638716,5.761435353237633,0.03586824811774519,689452000.0,0.5087982919768164,0.022452504317789272,0.0,0.02590673575129543,1
2018-04-17 00:00:00+00:00,5.84,5.96,5.78,5.94,447224000,0.02590673575129543,0.025576841789649807,5.8100000000000005,5.7620000000000005,5.808862003575914,5.778441510072144,0.03553374402659631,676124600.0,0.6614520459690418,0.030303030303030252,0.01712328767123297,-0.005050505050505083,0
2018-04-18 00:00:00+00:00,5.89,5.98,5.82,5.91,391364000,-0.005050505050505083,-0.005063301956546695,5.86,5.7455,5.8425746690506095,5.790970890065273,0.034570838879239875,667958000.0,0.5859110902182473,0.027072758037225066,0.0033955857385399766,-0.030456852791878153,0
2018-04-19 00:00:00+00:00,5.79,5.83,5.67,5.73,471996000,-0.030456852791878153,-0.030930300691358603,5.832,5.721500000000001,5.8050497793670734,5.785164138630485,0.03514272503891174,669623400.0,0.7048678406399776,0.02792321116928449,-0.010362694300518067,-0.0017452006980803736,0
2018-04-20 00:00:00+00:00,5.72,5.8,5.69,5.72,386200000,-0.0017452006980803736,-0.001746725334941912,5.818,5.705,5.776699852911382,5.778958030189487,0.03475719300083049,661373600.0,0.5839362200124105,0.01923076923076913,0.0,-0.020979020979021046,0
2018-04-23 00:00:00+00:00,5.74,5.79,5.57,5.6,427508000,-0.020979020979021046,-0.021202207650602878,5.78,5.694,5.717799901940921,5.761914408266678,0.03401516406261158,645968000.0,0.6618098729348822,0.03928571428571424,-0.024390243902439122,-0.012499999999999845,0
2018-04-24 00:00:00+00:00,5.62,5.72,5.46,5.53,414596000,-0.012499999999999845,-0.01257878220686015,5.698,5.665,5.655199934627282,5.739827321765089,0.03191611840295131,636126600.0,0.651750767850299,0.04701627486437609,-0.016014234875444813,-0.019891500904159143,0
2018-04-25 00:00:00+00:00,5.5,5.54,5.26,5.42,588492000,-0.019891500904159143,-0.02009200008268852,5.6,5.654,5.5767999564181885,5.709367576835081,0.02692017910849638,595101200.0,0.9888939897953491,0.0516605166051661,-0.014545454545454558,0.03874538745387457,1
2018-04-26 00:00:00+00:00,5.58,5.64,5.51,5.63,375824000,0.03874538745387457,0.038013626700044156,5.58,5.659,5.594533304278793,5.701808759993645,0.02799380982357013,566597200.0,0.6633001363225939,0.023090586145648295,0.008960573476702477,0.005328596802842034,1
2018-04-27 00:00:00+00:00,5.74,5.76,5.62,5.66,400848000,0.005328596802842034,0.005314450063492515,5.568,5.652500000000001,5.616355536185862,5.697826973327583,0.02595242463590811,540808200.0,0.7412017791150356,0.02473498233215542,-0.013937282229965169,-0.007067137809187329,0
2018-04-30 00:00:00+00:00,5.67,5.72,5.6,5.62,327844000,-0.007067137809187329,-0.007092228309491855,5.572,5.657,5.617570357457242,5.690414880629718,0.02378543975902799,511095800.0,0.6414531287480743,0.021352313167259804,-0.008818342151675453,0.010676156583629748,1
2018-05-01 00:00:00+00:00,5.61,5.68,5.55,5.68,253788000,0.010676156583629748,0.01061956882746018,5.601999999999999,5.6594999999999995,5.638380238304828,5.689422987236411,0.023563920476823798,490413600.0,0.51749788341922,0.022887323943661955,0.012477718360071192,-0.0035211267605632646,0
2018-05-02 00:00:00+00:00,5.67,5.72,5.63,5.66,268248000,-0.0035211267605632646,-0.003527340517968325,5.65,5.6594999999999995,5.645586825536553,5.686620797975801,0.02355063551629944,464367600.0,0.5776630410907221,0.015901060070671352,-0.0017636684303350594,0.028268551236749095,1
2018-05-03 00:00:00+00:00,5.69,5.85,5.64,5.82,443144000,0.028268551236749095,0.027876369528254896,5.688000000000001,5.6739999999999995,5.703724550357702,5.699323579120962,0.023669399345205802,451462800.0,0.9815736756162412,0.036082474226804113,0.022847100175746905,0.027491408934708028,1
2018-05-04 00:00:00+00:00,5.8,5.98,5.78,5.98,400660000,0.027491408934708028,0.027120306219194035,5.752000000000001,5.705,5.795816366905135,5.726054666823728,0.02286889229407807,438346400.0,0.9140259849288143,0.03344481605351173,0.031034482758620793,0.04013377926421402,1
2018-05-07 00:00:00+00:00,6.08,6.27,6.07,6.22,687616000,0.04013377926421402,0.03934933878854752,5.872,5.746499999999999,5.937210911270091,5.773097079507183,0.02409119831771667,447751000.0,1.5357106963468534,0.03215434083601275,0.02302631578947363,0.006430868167202508,1
2018-05-08 00:00:00+00:00,6.22,6.26,6.17,6.26,506616000,0.006430868167202508,0.00641027836091923,5.988,5.7745,6.0448072741800605,5.819468786220785,0.021185689325003716,434998000.0,1.16463983742454,0.0143769968051118,0.006430868167202578,0.02076677316293929,1
2018-05-09 00:00:00+00:00,6.28,6.4,6.25,6.39,596760000,0.02076677316293929,0.02055408327743624,6.134,5.811,6.159871516120041,5.873805092294996,0.021280108359211364,441823800.0,1.350674182785083,0.023474178403755926,0.01751592356687889,0.017214397496087663,1
2018-05-10 00:00:00+00:00,6.45,6.51,6.43,6.5,994080000,0.017214397496087663,0.0170679085121479,6.2700000000000005,5.8425,6.2732476774133605,5.933442702552615,0.020241017606280054,461831800.0,2.1524719605709266,0.012307692307692318,0.007751937984496096,-0.021538461538461506,0
2018-05-11 00:00:00+00:00,6.32,6.49,6.26,6.36,1214456000,-0.021538461538461506,-0.021773799549560602,6.346,5.871,6.302165118275575,5.974067207071413,0.020709664768400013,497402800.0,2.441594619089398,0.036163522012578685,0.006329113924050638,0.0031446540880502027,1
2018-05-14 00:00:00+00:00,6.4,6.46,6.36,6.38,523140000,0.0031446540880502027,0.0031397200046676677,6.378,5.900499999999999,6.328110078850383,6.012727473064612,0.020684087819166294,506020200.0,1.0338322462225815,0.015673981191222514,-0.003125000000000072,-0.037617554858934255,0
2018-05-15 00:00:00+00:00,6.32,6.32,6.04,6.14,963528000,-0.037617554858934255,-0.03834335519764731,6.354,5.9105,6.265406719233589,6.024848666106078,0.022196255663393148,531835400.0,1.8117033954490431,0.045602605863192223,-0.02848101265822794,0.0016286644951140072,1
2018-05-16 00:00:00+00:00,6.1,6.21,6.06,6.15,553828000,0.0016286644951140072,0.0016273396593755596,6.306,5.9225,6.226937812822393,6.036767840762642,0.022140006716105446,539958600.0,1.0256860433373967,0.02439024390243908,0.008196721311475526,0.006504065040650486,1
2018-05-17 00:00:00+00:00,6.15,6.29,6.14,6.19,519784000,0.006504065040650486,0.00648300487807818,6.244000000000001,5.9455,6.214625208548263,6.051361379737629,0.020748935025459388,542348000.0,0.95839571640349,0.024232633279483093,0.006504065040650412,-0.00646203554119551,0
2018-05-18 00:00:00+00:00,6.25,6.31,6.14,6.15,483716000,-0.00646203554119551,-0.00648300487807818,6.202,5.9670000000000005,6.193083472365509,6.06075553404833,0.020843120555219554,547223800.0,0.8839454716699091,0.027642276422764213,-0.015999999999999945,-0.006504065040650375,0
2018-05-21 00:00:00+00:00,6.25,6.25,6.01,6.11,640624000,-0.006504065040650375,-0.006525308634922622,6.148000000000001,5.992500000000001,6.165388981577006,6.0654454831865845,0.02017054955485287,557879600.0,1.1483194581769973,0.039279869067103144,-0.022399999999999948,-0.006546644844517169,0
2018-05-22 00:00:00+00:00,6.12,6.14,6.01,6.07,518264000,-0.006546644844517169,-0.006568168112097039,6.134,6.0195,6.133592654384672,6.065879246692624,0.019948473620674863,563063000.0,0.9204369670889403,0.02141680395387148,-0.008169934640522847,0.01976935749588149,1
2018-05-23 00:00:00+00:00,6.01,6.19,6.01,6.19,442956000,0.01976935749588149,0.01957648162509784,6.142,6.058,6.152395102923116,6.077700270817137,0.01932024676139127,555786200.0,0.796989921664122,0.02907915993537974,0.029950083194675643,0.0,0
2018-05-24 00:00:00+00:00,6.18,6.24,6.13,6.19,437372000,0.0,0.0,6.142,6.086,6.164930068615411,6.088395483120267,0.01788832227825897,558863600.0,0.7826095669855757,0.01777059773828761,0.0016181229773463877,0.00646203554119551,1
2018-05-25 00:00:00+00:00,6.21,6.25,6.17,6.23,292112000,0.00646203554119551,0.006441246102856901,6.158,6.1145,6.186620045743608,6.101881627585003,0.017891996559812384,553426800.0,0.5278240952552352,0.012841091492776896,0.0032206119162641648,-0.0032102728731943087,0
2018-05-29 00:00:00+00:00,6.21,6.28,6.17,6.21,352684000,-0.0032102728731943087,-0.003215436853974296,6.178,6.144,6.194413363829073,6.1121786154340505,0.017777034820268257,554668800.0,0.6358461121303379,0.017713365539452547,0.0,0.017713365539452575,1
2018-05-30 00:00:00+00:00,6.25,6.33,6.22,6.32,390996000,0.017713365539452575,0.01755831221337867,6.228,6.176,6.236275575886049,6.131971128249855,0.01795942679951903,561529200.0,0.6963057308506841,0.01740506329113929,0.011200000000000045,-0.0031645569620254443,0
2018-05-31 00:00:00+00:00,6.29,6.38,6.28,6.3,493868000,-0.0031645569620254443,-0.0031695747612792147,6.250000000000001,6.208,6.2575170505907,6.147973877940345,0.017950307267634486,572810200.0,0.8621843675269749,0.015873015873015817,0.00158982511923685,0.022222222222222365,1
2018-06-01 00:00:00+00:00,6.35,6.45,6.34,6.44,421968000,0.022222222222222365,0.02197890671877545,6.3,6.239000000000001,6.3183447003938005,6.1757858895650735,0.017606032841047472,571751400.0,0.7380270516171888,0.017080745341614956,0.01417322834645681,0.02795031055900621,1
2018-06-04 00:00:00+00:00,6.47,6.64,6.44,6.62,642024000,0.02795031055900621,0.02756682983265457,6.378,6.271,6.418896466929201,6.218091995320781,0.017635736002084644,583819600.0,1.0996958649555444,0.030211480362537655,0.02318392581143746,0.0015105740181269312,1
2018-06-05 00:00:00+00:00,6.62,6.66,6.58,6.63,391712000,0.0015105740181269312,0.0015094342488541912,6.462000000000001,6.291500000000001,6.489264311286135,6.257321329099755,0.015688440250492187,569024400.0,0.688392272809391,0.012066365007541489,0.001510574018126856,0.0,0
2018-06-06 00:00:00+00:00,6.54,6.63,6.52,6.63,371356000,0.0,0.0,6.523999999999999,6.3100000000000005,6.536176207524091,6.292814535852159,0.01568470540040387,562261400.0,0.6604686005477167,0.01659125188536958,0.013761467889908235,-0.009049773755656076,0
2018-06-07 00:00:00+00:00,6.62,6.64,6.48,6.57,369448000,-0.009049773755656076,-0.009090971701251949,6.578,6.319,6.5474508050160605,6.319213151485286,0.015322256341172102,550895800.0,0.6706313607763936,0.024353120243531087,-0.007552870090634414,-0.0015220700152207556,0
2018-06-08 00:00:00+00:00,6.5,6.6,6.48,6.56,360456000,-0.0015220700152207556,-0.0015232295405216423,6.602000000000001,6.322,6.551633870010708,6.342145232296211,0.014878507681945199,519214600.0,0.694233174490856,0.01829268292682915,0.009230769230769171,-0.0060975609756097615,0
2018-06-11 00:00:00+00:00,6.54,6.59,6.5,6.52,265372000,-0.0060975609756097615,-0.006116227017435971,6.581999999999999,6.33,6.541089246673805,6.359083781601334,0.014035096775539605,471760400.0,0.5625143611036449,0.013803680981595071,-0.003058103975535239,0.006134969325153339,1
2018-06-12 00:00:00+00:00,6.54,6.58,6.49,6.56,319160000,0.006134969325153339,0.006116227017435971,6.568,6.339,6.547392831115871,6.378218659544064,0.01407200818178177,461561400.0,0.6914789668286819,0.01371951219512193,0.003058103975535103,0.0,0
2018-06-13 00:00:00+00:00,6.57,6.64,6.55,6.56,338208000,0.0,0.0,6.553999999999999,6.36,6.5515952207439145,6.395531168158915,0.010543150726076766,430295400.0,0.7859902755177025,0.01371951219512193,-0.0015220700152208029,0.0167682926829269,1
2018-06-14 00:00:00+00:00,6.61,6.73,6.59,6.67,430016000,0.0167682926829269,0.016629256971534723,6.574,6.386,6.591063480495944,6.421671056905685,0.01094332797709863,424104800.0,1.013938064365223,0.020989505247376396,0.009077155824508262,-0.005997001499250421,0
2018-06-15 00:00:00+00:00,6.62,6.69,6.58,6.63,432260000,-0.005997001499250421,-0.006015055729761132,6.587999999999999,6.4079999999999995,6.604042320330629,6.441511908628954,0.011152430854512235,419728600.0,1.029855959303226,0.01659125188536958,0.001510574018126856,0.0,0
2018-06-18 00:00:00+00:00,6.59,6.64,6.56,6.63,356268000,0.0,0.0,6.609999999999999,6.4319999999999995,6.61269488022042,6.459463155426197,0.010941250130904922,413356200.0,0.8618910276415354,0.012066365007541489,0.0060698027314112345,-0.019607843137254832,0
2018-06-19 00:00:00+00:00,6.52,6.59,6.38,6.5,594932000,-0.019607843137254832,-0.019802627296179764,6.598000000000001,6.4515,6.5751299201469475,6.463323807290369,0.011953948552568082,411071600.0,1.4472709863683115,0.0323076923076923,-0.003067484662576622,0.009230769230769154,1
2018-06-20 00:00:00+00:00,6.55,6.61,6.51,6.56,369780000,0.009230769230769154,0.009188426054406174,6.597999999999999,6.476000000000001,6.5700866134312985,6.472531063738905,0.011801915766532254,403647400.0,0.9160965733954932,0.015243902439024473,0.0015267175572518759,-0.01981707317073167,0
2018-06-21 00:00:00+00:00,6.59,6.61,6.42,6.43,359516000,-0.01981707317073167,-0.02001606470646955,6.55,6.4879999999999995,6.523391075620866,6.468480486239962,0.012339089947712016,399475400.0,0.8999703110629591,0.029548989113530388,-0.024279210925644938,-0.02488335925349927,0
2018-06-22 00:00:00+00:00,6.45,6.46,6.26,6.27,434160000,-0.02488335925349927,-0.02519818360469861,6.478,6.492,6.438927383747244,6.449577582788536,0.013749379347886436,399314800.0,1.087262480629318,0.03189792663476877,-0.02790697674418614,-0.046251993620414544,0
2018-06-25 00:00:00+00:00,6.17,6.17,5.89,5.98,665816000,-0.046251993620414544,-0.0473557866822889,6.348,6.4795,6.28595158916483,6.404855908237247,0.017346803545971564,418000000.0,1.5928612440191388,0.046822742474916426,-0.0307941653160453,0.011705685618728978,1
2018-06-26 00:00:00+00:00,6.09,6.14,6.0,6.05,478884000,0.011705685618728978,0.011637704080209588,6.258,6.471500000000001,6.20730105944322,6.371060107452747,0.017610132817310567,424310000.0,1.1286182272395182,0.02314049586776854,-0.006568144499178988,-0.026446280991735516,0
2018-06-27 00:00:00+00:00,6.09,6.16,5.89,5.89,453892000,-0.026446280991735516,-0.026802274379254865,6.124,6.45,6.101534039628814,6.325244859123914,0.017900456492571586,427454800.0,1.0618479427532455,0.045840407470288703,-0.03284072249589494,0.022071307300509213,1
2018-06-28 00:00:00+00:00,5.88,6.03,5.88,6.02,338012000,0.022071307300509213,0.02183126165723448,6.042,6.436,6.07435602641921,6.296173920159732,0.01877788469732709,419662000.0,0.8054386625427129,0.024916943521594744,0.023809523809523756,-0.01661129568106301,0
2018-06-29 00:00:00+00:00,6.09,6.1,5.92,5.92,392300000,-0.01661129568106301,-0.0167508104248153,5.9719999999999995,6.409999999999999,6.022904017612808,6.260347832525472,0.018131120950314245,418178600.0,0.938115915065955,0.03040540540540536,-0.027914614121510663,0.023648648648648685,1
2018-07-02 00:00:00+00:00,5.85,6.06,5.83,6.06,357572000,0.023648648648648685,0.0233733511853087,5.9879999999999995,6.382,6.035269345075205,6.241267086570666,0.017764855596838137,403956000.0,0.8851756131855945,0.03795379537953788,0.035897435897435895,-0.02310231023102305,0
2018-07-03 00:00:00+00:00,6.09,6.1,5.91,5.92,222732000,-0.02310231023102305,-0.0233733511853087,5.962000000000001,6.3465,5.996846230050137,6.210670221182983,0.01819392810721021,395507000.0,0.5631556457913514,0.03209459459459451,-0.027914614121510663,0.02533783783783794,1
2018-07-05 00:00:00+00:00,5.98,6.07,5.94,6.07,306216000,0.02533783783783794,0.025022156175492638,5.998,6.318499999999999,6.021230820033425,6.197273057260794,0.0194227025488676,392250000.0,0.7806653919694073,0.02141680395387148,0.015050167224080242,0.01812191103789118,1
2018-07-06 00:00:00+00:00,6.04,6.19,6.02,6.18,296352000,0.01812191103789118,0.017959666398192464,6.029999999999999,6.299,6.074153880022283,6.195628004188338,0.020012646936819325,388595200.0,0.7626239335946506,0.027508090614886866,0.023178807947019816,0.008090614886731462,1
2018-07-09 00:00:00+00:00,6.26,6.27,6.15,6.23,303880000,0.008090614886731462,0.008058061329762278,6.0920000000000005,6.282500000000001,6.126102586681522,6.198901527598973,0.02016546034211501,385766400.0,0.7877306058796204,0.019261637239165203,-0.004792332268370505,0.016051364365970988,1
2018-07-10 00:00:00+00:00,6.24,6.35,6.2,6.33,360016000,0.016051364365970988,0.015923903356723113,6.146,6.273,6.194068391121016,6.211387096399071,0.02056044061523658,390498600.0,0.9219392848015332,0.02369668246445489,0.0144230769230769,-0.02211690363349128,0
2018-07-11 00:00:00+00:00,6.24,6.27,6.18,6.19,367508000,-0.02211690363349128,-0.022365149459580014,6.200000000000001,6.2545,6.192712260747345,6.2093502300753505,0.020988597987036388,392916000.0,0.9353347789349378,0.014539579967689798,-0.008012820512820484,0.01453957996768973,1
2018-07-12 00:00:00+00:00,6.23,6.33,6.22,6.28,345508000,0.01453957996768973,0.01443489378360252,6.242,6.2405,6.221808173831564,6.216078779591984,0.021338936533778146,393281000.0,0.8785270582611415,0.017515923566879033,0.008025682182985525,-0.007961783439490389,0
2018-07-13 00:00:00+00:00,6.3,6.3,6.19,6.23,246988000,-0.007961783439490389,-0.00799364768074562,6.252,6.218500000000001,6.224538782554376,6.2174046101070335,0.020902403836568297,384129600.0,0.642980910609336,0.017656500802568125,-0.011111111111111016,-0.0032102728731943087,0
2018-07-16 00:00:00+00:00,6.21,6.26,6.19,6.21,197036000,-0.0032102728731943087,-0.003215436853974296,6.248,6.1975,6.2196925217029175,6.216699409144459,0.020893427660768838,372368400.0,0.5291426447571813,0.011272141706924218,0.0,0.02093397745571668,1
2018-07-17 00:00:00+00:00,6.16,6.36,6.13,6.34,362136000,0.02093397745571668,0.020717872503747126,6.25,6.183,6.2597950144686125,6.228442322559272,0.021566940652010178,372661800.0,0.9717550873204606,0.03627760252365937,0.029220779220779175,-0.007886435331230235,0
2018-07-18 00:00:00+00:00,6.33,6.35,6.24,6.29,277640000,-0.007886435331230235,-0.007917697736785412,6.2700000000000005,6.172499999999999,6.269863342979075,6.234304958506008,0.021218370321842032,356797200.0,0.7781451199729146,0.017488076311605632,-0.0063191153238546655,0.0015898251192367763,1
2018-07-19 00:00:00+00:00,6.27,6.33,6.26,6.3,235752000,0.0015898251192367763,0.00158856268513774,6.273999999999999,6.1595,6.279908895319384,6.240561629124483,0.02108181457918807,350095800.0,0.6733928256208729,0.011111111111111157,0.004784688995215351,-0.004761904761904856,0
2018-07-20 00:00:00+00:00,6.3,6.34,6.26,6.27,222352000,-0.004761904761904856,-0.004773278752657539,6.282,6.1515,6.276605930212923,6.2433652834935796,0.020668540465980857,343237600.0,0.6478078159269264,0.012759170653907508,-0.004761904761904801,-0.004784688995215225,0
2018-07-23 00:00:00+00:00,6.25,6.25,6.08,6.24,301584000,-0.004784688995215225,-0.004796172263493048,6.288,6.15,6.2644039534752824,6.243044780303715,0.01991460031143327,336608800.0,0.8959480560223024,0.02724358974358973,-0.0015999999999999658,-0.0032051282051283048,0
2018-07-24 00:00:00+00:00,6.28,6.37,6.2,6.22,354620000,-0.0032051282051283048,-0.003210275630248338,6.264,6.162,6.249602635650189,6.240850039322409,0.01658582429493489,321049000.0,1.1045665926385069,0.027331189710610923,-0.009554140127388614,0.012861736334405238,1
2018-07-25 00:00:00+00:00,6.23,6.31,6.17,6.3,319112000,0.012861736334405238,0.012779726646398926,6.266,6.1745,6.266401757100126,6.246483368910751,0.016622793555428565,313060400.0,1.0193304550815114,0.02222222222222217,0.011235955056179678,0.011111111111111072,1
2018-07-26 00:00:00+00:00,6.28,6.41,6.26,6.37,325124000,0.011111111111111072,0.011049836186585171,6.279999999999999,6.1985,6.3009345047334175,6.258246857585918,0.015267539614248914,306622000.0,1.0603413975513825,0.02354788069073789,0.014331210191082779,-0.010989010989011061,0
2018-07-27 00:00:00+00:00,6.41,6.42,6.25,6.3,295420000,-0.010989010989011061,-0.011049836186585171,6.286,6.2125,6.300623003155612,6.262223347339639,0.015005079933805628,304492400.0,0.9702048392669242,0.026984126984126975,-0.017160686427457147,-0.031746031746031744,0
2018-07-30 00:00:00+00:00,6.31,6.32,6.07,6.1,340340000,-0.031746031746031744,-0.03226086221822144,6.258,6.221500000000001,6.233748668770408,6.246773504735864,0.016378024310641733,301894400.0,1.1273478408344109,0.04098360655737705,-0.03328050713153724,0.003278688524590345,1
2018-07-31 00:00:00+00:00,6.09,6.2,6.05,6.12,283988000,0.003278688524590345,0.003273325344969269,6.2379999999999995,6.2245,6.195832445846939,6.234699837618162,0.015561353500376542,298215200.0,0.952292170218017,0.024509803921568686,0.004926108374384277,0.006535947712418277,1
2018-08-01 00:00:00+00:00,6.15,6.21,6.1,6.16,283556000,0.006535947712418277,0.006514681021193791,6.209999999999999,6.2365,6.183888297231293,6.227585567368814,0.014551134802712584,301256400.0,0.9412447337218396,0.017857142857142908,0.001626016260162567,0.017857142857142794,1
2018-08-02 00:00:00+00:00,6.09,6.27,6.03,6.27,269668000,0.017857142857142794,0.017699577099400843,6.19,6.2465,6.212592198154196,6.231625037143212,0.014023590741474015,299429000.0,0.9006074895885168,0.03827751196172238,0.029556650246305372,0.004784688995215447,1
2018-08-03 00:00:00+00:00,6.29,6.33,6.27,6.3,214288000,0.004784688995215447,0.004773278752657539,6.1899999999999995,6.2524999999999995,6.241728132102797,6.238136938367668,0.013515777683895286,295325800.0,0.7255986439383216,0.009523809523809603,0.00158982511923685,0.007936507936507908,1
2018-08-06 00:00:00+00:00,6.29,6.35,6.24,6.35,207508000,0.007936507936507908,0.007905179507113225,6.24,6.2585,6.277818754735199,6.2487905632850325,0.013511595480565646,290507200.0,0.7142955493013599,0.017322834645669204,0.009538950715421242,0.011023622047244164,1
2018-08-07 00:00:00+00:00,6.4,6.44,6.37,6.42,258132000,0.011023622047244164,0.010963304797269702,6.299999999999999,6.263,6.325212503156799,6.265096223924553,0.013265622530537214,285413000.0,0.9044157063623591,0.010903426791277303,0.0031249999999999334,0.006230529595015577,1
2018-08-08 00:00:00+00:00,6.42,6.51,6.39,6.46,262100000,0.006230529595015577,0.006211200092640645,6.359999999999999,6.2765,6.3701416687712005,6.283658488312692,0.012141193555493642,280142600.0,0.9355949434323805,0.01857585139318887,0.006230529595015582,-0.007739938080495334,0
2018-08-09 00:00:00+00:00,6.48,6.48,6.4,6.41,204280000,-0.007739938080495334,-0.007770046861931723,6.388,6.2829999999999995,6.383427779180801,6.295691013235293,0.01197128104007821,273081200.0,0.7480558896035319,0.01248049921996881,-0.010802469135802512,-0.006240249609984372,0
2018-08-10 00:00:00+00:00,6.33,6.4,6.32,6.37,256396000,-0.006240249609984372,-0.006259801348506677,6.401999999999999,6.29,6.378951852787201,6.302768059593836,0.011908651643776845,273551600.0,0.9372856894275157,0.012558869701726856,0.0063191153238546655,0.004709576138147709,1
2018-08-13 00:00:00+00:00,6.38,6.53,6.38,6.4,375208000,0.004709576138147709,0.004698520781554194,6.412000000000001,6.2995,6.385967901858134,6.312028244394423,0.011888787123919104,282460200.0,1.3283570570296275,0.023437500000000056,0.0031347962382445864,0.021874999999999867,1
2018-08-14 00:00:00+00:00,6.51,6.55,6.43,6.54,466220000,0.021874999999999867,0.021639175103481012,6.436,6.3095,6.437311934572089,6.333739840166382,0.011968657766915147,287664400.0,1.6207080194838153,0.018348623853211024,0.004608294930875614,-0.00917431192660545,0
2018-08-15 00:00:00+00:00,6.56,6.59,6.4,6.48,591136000,-0.00917431192660545,-0.009216655104923976,6.44,6.319000000000001,6.451541289714727,6.347669379198155,0.012026141238796612,303339200.0,1.948762309652033,0.02932098765432091,-0.012195121951219388,-0.006172839506172867,0
2018-08-16 00:00:00+00:00,6.55,6.55,6.38,6.44,801260000,-0.006172839506172867,-0.006191970247920953,6.446000000000001,6.326,6.4476941931431515,6.356462771655474,0.0121479431838278,331614600.0,2.4162386095183987,0.026397515527950298,-0.016793893129770907,-0.049689440993788914,0
2018-08-17 00:00:00+00:00,6.32,6.32,6.09,6.12,1143188000,-0.049689440993788914,-0.05096644359202762,6.396,6.3185,6.338462795428768,6.3339425076882865,0.016817142308296635,377656400.0,3.0270584584294085,0.037581699346405296,-0.031645569620253194,0.013071895424836555,1
2018-08-20 00:00:00+00:00,6.08,6.33,5.97,6.2,854388000,0.013071895424836555,0.012987195526811268,6.356,6.3165,6.292308530285846,6.32118607838464,0.01708557703459661,405296600.0,2.1080561741697315,0.05806451612903231,0.019736842105263174,0.020967741935483897,1
2018-08-21 00:00:00+00:00,6.21,6.34,6.19,6.33,673988000,0.020967741935483897,0.02075094410503886,6.314000000000001,6.322,6.304872353523898,6.322025499490866,0.017701352782374502,421265000.0,1.5999145431023227,0.02369668246445489,0.019323671497584557,0.03791469194312791,1
2018-08-22 00:00:00+00:00,6.3,6.58,6.3,6.57,749856000,0.03791469194312791,0.03721359634043431,6.332000000000001,6.335500000000001,6.393248235682599,6.345642118586974,0.019333998113194015,442802200.0,1.6934333207919925,0.042617960426179644,0.042857142857142934,0.01522070015220689,1
2018-08-23 00:00:00+00:00,6.53,6.74,6.52,6.67,720684000,0.01522070015220689,0.01510602743101308,6.378,6.3505,6.485498823788399,6.376533345388214,0.01945374439225937,462580200.0,1.5579655160337602,0.03298350824587716,0.021439509954058144,0.020989505247376306,1
2018-08-24 00:00:00+00:00,6.68,6.82,6.67,6.81,531512000,0.020989505247376306,0.020772260233888673,6.516,6.376,6.5936658825256,6.41781588392267,0.01960508035832399,474384800.0,1.120423757253605,0.022026431718061727,0.01946107784431136,0.013215859030837107,1
2018-08-27 00:00:00+00:00,6.84,6.97,6.8,6.9,505776000,0.013215859030837107,0.013129291441792867,6.656000000000001,6.4159999999999995,6.695777255017067,6.46373818069194,0.01773800240630818,482656600.0,1.0479003084180347,0.024637681159420277,0.008771929824561476,-0.005797101449275366,0
2018-08-28 00:00:00+00:00,6.89,6.91,6.74,6.86,475384000,-0.005797101449275366,-0.005813969865419821,6.7620000000000005,6.453,6.750518170011379,6.501477401578422,0.01793121599824183,492226400.0,0.9657832249550207,0.02478134110787171,-0.004354136429608035,0.014577259475218707,1
2018-08-29 00:00:00+00:00,6.85,6.99,6.83,6.96,420108000,0.014577259475218707,0.014472032608534358,6.840000000000001,6.492999999999999,6.820345446674253,6.545146220475715,0.01803803708941711,499054000.0,0.8418087020643057,0.022988505747126457,0.01605839416058399,-0.001436781609195359,0
2018-08-30 00:00:00+00:00,6.93,7.04,6.91,6.95,346608000,-0.001436781609195359,-0.0014378147696274546,6.896000000000001,6.526999999999999,6.863563631116169,6.583703723287552,0.017897659164605915,502901000.0,0.6892171620259255,0.018705035971223007,0.002886002886002953,0.010071942446043147,1
2018-08-31 00:00:00+00:00,6.92,7.03,6.92,7.02,306592000,0.010071942446043147,0.01002155846101882,6.938,6.563,6.91570908741078,6.625255749641118,0.01793031689884028,507516200.0,0.6041028838094232,0.015669515669515716,0.01445086705202307,0.009971509971510084,1
2018-09-04 00:00:00+00:00,7.0,7.13,6.97,7.09,391720000,0.009971509971510084,0.009922122506316411,6.976000000000001,6.6,6.973806058273854,6.669517106818154,0.01795074577486904,516726800.0,0.7580795112620441,0.022566995768688314,0.012857142857142836,-0.01833568406205921,0
2018-09-05 00:00:00+00:00,7.07,7.11,6.88,6.96,393156000,-0.01833568406205921,-0.018505866197707777,6.996,6.627000000000001,6.969204038849236,6.697182144264044,0.01867456454799299,523478000.0,0.7510458892255262,0.03304597701149432,-0.015558698727015603,-0.02011494252873558,0
2018-09-06 00:00:00+00:00,6.94,6.95,6.78,6.82,322796000,-0.02011494252873558,-0.020320002490957556,6.968000000000001,6.6450000000000005,6.919469359232825,6.708879082905563,0.019438764459609157,526512800.0,0.6130829108048276,0.024926686217008786,-0.017291066282420765,-0.0029325513196482023,0
2018-09-07 00:00:00+00:00,6.72,6.92,6.68,6.8,295420000,-0.0029325513196482023,-0.0029368596733096997,6.938,6.664499999999999,6.879646239488551,6.717557265485986,0.01933134731820833,531069800.0,0.5562733938175358,0.03529411764705886,0.011904761904761916,0.010294117647058787,1
2018-09-10 00:00:00+00:00,6.82,6.9,6.78,6.87,220140000,0.010294117647058787,0.010241494052196876,6.9079999999999995,6.6895,6.876430826325701,6.732075621153987,0.019269481023627865,529257000.0,0.41594159359252686,0.01746724890829696,0.007331378299120208,-0.00727802037845704,0
2018-09-11 00:00:00+00:00,6.82,6.91,6.8,6.82,243112000,-0.00727802037845704,-0.007304634378887176,6.854000000000001,6.710500000000001,6.8576205508838015,6.740449371520274,0.019425599339800686,522652200.0,0.46515062980697297,0.01612903225806456,0.0,-0.016129032258064613,0
2018-09-12 00:00:00+00:00,6.78,6.8,6.55,6.71,419092000,-0.016129032258064613,-0.016260520871780315,6.804,6.718999999999999,6.808413700589202,6.737549431375486,0.01937843573480355,520295800.0,0.8054879551209139,0.037257824143070044,-0.010324483775811251,0.010432190760059745,1
2018-09-13 00:00:00+00:00,6.77,6.88,6.75,6.78,305536000,0.010432190760059745,0.01037815096871375,6.796000000000001,6.734,6.798942467059468,6.741592342673059,0.01931488293480264,506015800.0,0.6038072328966803,0.019174041297935086,0.0014771048744461855,0.019174041297935096,1
2018-09-14 00:00:00+00:00,6.87,6.98,6.84,6.91,386936000,0.019174041297935096,0.018992535827274448,6.8180000000000005,6.7575,6.8359616447063125,6.757631167180387,0.019554129751760064,485299600.0,0.797313659438417,0.020260492040521067,0.005822416302765653,-0.00868306801736618,0
2018-09-17 00:00:00+00:00,6.88,6.93,6.83,6.85,205528000,-0.00868306801736618,-0.008720985505444867,6.814,6.794,6.8406410964708755,6.7664281988774935,0.015142442012703074,438416600.0,0.46879611766525264,0.01459854014598535,-0.004360465116279106,-0.010218978102189746,0
2018-09-18 00:00:00+00:00,6.85,6.96,6.77,6.78,299520000,-0.010218978102189746,-0.010271550321829581,6.806,6.823,6.820427397647251,6.767720751365352,0.015438266339074228,410673200.0,0.7293390462294593,0.028023598820059052,-0.010218978102189693,0.002949852507374562,1
2018-09-19 00:00:00+00:00,6.76,6.82,6.71,6.8,224860000,0.002949852507374562,0.0029455102297568647,6.824000000000001,6.846500000000001,6.813618265098167,6.770794965521032,0.014955924815476047,388216800.0,0.5792124400592659,0.01617647058823534,0.0059171597633136145,-0.020588235294117574,0
2018-09-20 00:00:00+00:00,6.68,6.72,6.6,6.66,430584000,-0.020588235294117574,-0.02080312762976333,6.8,6.851000000000001,6.762412176732112,6.760243064042839,0.01365951561562369,372253200.0,1.15669657104358,0.018018018018018035,-0.0029940119760478406,-0.010510510510510551,0
2018-09-21 00:00:00+00:00,6.67,6.71,6.55,6.59,435128000,-0.010510510510510551,-0.010566136037881924,6.736,6.8469999999999995,6.704941451154742,6.744029438895901,0.013436971364875877,357975400.0,1.2155248656751274,0.024279210925644938,-0.01199400299850076,0.007587253414264028,1
2018-09-24 00:00:00+00:00,6.55,6.65,6.47,6.64,293912000,0.007587253414264028,0.007558614973926625,6.694,6.838500000000001,6.683294300769828,6.734121873286767,0.012631338166519434,346095400.0,0.8492224976119301,0.02710843373493985,0.013740458015267154,0.010542168674698926,1
2018-09-25 00:00:00+00:00,6.71,6.74,6.62,6.71,280388000,0.010542168674698926,0.010486987495248012,6.68,6.829000000000001,6.6921962005132185,6.731824552021361,0.012485851176310353,334826000.0,0.8374140598400364,0.01788375558867364,0.0,-0.005961251862891204,0
2018-09-26 00:00:00+00:00,6.72,6.76,6.66,6.67,268548000,-0.005961251862891204,-0.005979091056058206,6.653999999999999,6.8195,6.6847974670088135,6.725936499447897,0.012488980351869742,324484200.0,0.8276150271723554,0.014992503748125883,-0.007440476190476164,0.0014992503748125774,1
2018-09-27 00:00:00+00:00,6.71,6.73,6.65,6.68,214428000,0.0014992503748125774,0.0014981276210219718,6.6579999999999995,6.8055,6.6831983113392095,6.721561594738574,0.01194607612433557,314200200.0,0.6824565993274352,0.011976047904191628,-0.004470938897168443,0.05239520958083843,1
2018-09-28 00:00:00+00:00,6.82,7.05,6.79,7.03,709396000,0.05239520958083843,0.051068718274019265,6.7459999999999996,6.8095,6.79879887422614,6.750936680953949,0.0168509963256324,332339600.0,2.134551525006349,0.036984352773826425,0.03079178885630498,0.02844950213371278,1
2018-10-01 00:00:00+00:00,7.1,7.3,7.07,7.23,622060000,0.02844950213371278,0.028052330348099952,6.864,6.82,6.942532582817427,6.796561758958335,0.01783664963167946,348113000.0,1.7869484908635989,0.03181189488243424,0.01830985915492969,-0.009681881051175734,0
2018-10-02 00:00:00+00:00,7.21,7.32,7.14,7.16,383964000,-0.009681881051175734,-0.009729055198119063,6.953999999999999,6.8235,7.015021721878285,6.831174924771827,0.017887949996330355,347725200.0,1.104216778076481,0.025139664804469358,-0.006934812760055454,0.0013966480446927498,1
2018-10-03 00:00:00+00:00,7.23,7.24,7.06,7.17,320552000,0.0013966480446927498,0.0013956736389746371,7.054,6.8340000000000005,7.066681147918857,6.863443979555463,0.017320084258716402,344095000.0,0.9315799415858993,0.025104602510460334,-0.00829875518672206,-0.026499302649930168,0
2018-10-04 00:00:00+00:00,7.13,7.16,6.9,6.98,391220000,-0.026499302649930168,-0.026856737837247735,7.114,6.8420000000000005,7.037787431945905,6.874544552931133,0.01780803735418573,347516200.0,1.1257604681450821,0.037249283667621744,-0.021037868162692774,-0.03295128939828085,0
2018-10-05 00:00:00+00:00,6.96,7.02,6.69,6.75,426636000,-0.03295128939828085,-0.03350641188984271,7.058,6.839499999999999,6.941858287963937,6.862683166937693,0.019417323254927517,354077000.0,1.2049243526125673,0.04888888888888877,-0.030172413793103443,-0.016296296296296364,0
2018-10-08 00:00:00+00:00,6.66,6.78,6.5,6.64,408612000,-0.016296296296296364,-0.01643054139609612,6.94,6.828,6.841238858642625,6.84147524627696,0.01956559382583713,363500600.0,1.1241026837369732,0.04216867469879522,-0.0030030030030030724,0.0,0
2018-10-09 00:00:00+00:00,6.62,6.72,6.57,6.64,273500000,0.0,0.0,6.836,6.819,6.774159239095083,6.822287127583916,0.019523649695302823,365020000.0,0.7492740123828832,0.022590361445783053,0.003021148036253712,-0.07530120481927716,0
2018-10-10 00:00:00+00:00,6.53,6.58,6.14,6.14,684940000,-0.07530120481927716,-0.07828722132929133,6.63,6.7905,6.562772826063389,6.757307401147353,0.02590315769013904,378312400.0,1.8105142733888713,0.07166123778501636,-0.05972434915773362,-0.04234527687296419,0
2018-10-11 00:00:00+00:00,6.05,6.19,5.86,5.88,725436000,-0.04234527687296419,-0.043267980248515636,6.409999999999999,6.7455,6.33518188404226,6.673754315323795,0.027040686138601736,399307400.0,1.816735677826156,0.05612244897959185,-0.028099173553718996,0.04761904761904767,1
2018-10-12 00:00:00+00:00,6.14,6.24,5.99,6.16,608236000,0.04761904761904767,0.04652001563489305,6.292,6.708,6.27678792269484,6.624825332912006,0.029064655750351925,410372400.0,1.4821562073862666,0.040584415584415584,0.0032573289902280886,-0.045454545454545525,0
2018-10-15 00:00:00+00:00,6.15,6.15,5.88,5.88,449760000,-0.045454545454545525,-0.04652001563489305,6.14,6.6594999999999995,6.144525281796561,6.553889586920386,0.030463666130262627,422584000.0,1.0643091077750222,0.045918367346938854,-0.04390243902439032,0.04591836734693877,1
2018-10-16 00:00:00+00:00,6.0,6.16,5.95,6.15,408712000,0.04591836734693877,0.044895319907891196,6.042,6.628,6.146350187864375,6.515423911975587,0.03263267116748498,428043600.0,0.9548373109655185,0.03414634146341463,0.02500000000000006,-0.011382113821138296,0
2018-10-17 00:00:00+00:00,6.21,6.25,6.03,6.08,329668000,-0.011382113821138296,-0.011447385840350988,6.029999999999999,6.5920000000000005,6.12423345857625,6.473954967977912,0.032609794633124634,433284000.0,0.7608589285549432,0.03618421052631575,-0.020933977455716568,-0.014802631578947345,0
2018-10-18 00:00:00+00:00,6.15,6.19,5.93,5.99,524020000,-0.014802631578947345,-0.014913283850717551,6.052,6.5585,6.079488972384167,6.427864018646683,0.032491614077265564,437955800.0,1.1965134381140745,0.04340567612687824,-0.026016260162601647,-0.04340567612687807,0
2018-10-19 00:00:00+00:00,6.04,6.06,5.69,5.73,613608000,-0.04340567612687807,-0.044375881400709805,5.965999999999999,6.5155,5.962992648256113,6.36140077877557,0.03363921363357235,446879800.0,1.3730940624302106,0.06457242582897019,-0.051324503311258214,0.008726003490401313,1
2018-10-22 00:00:00+00:00,5.78,5.88,5.68,5.78,368844000,0.008726003490401313,0.008688151957637835,5.946,6.472499999999999,5.901995098837409,6.306029276035039,0.03366586582558036,450626400.0,0.8185139618983708,0.034602076124567505,0.0,-0.04325259515570934,0
2018-10-23 00:00:00+00:00,5.51,5.6,5.42,5.53,626436000,-0.04325259515570934,-0.044215867150042776,5.822,6.413500000000001,5.7779967325582735,6.232121725936463,0.03439024640445917,467928800.0,1.3387421334185885,0.032549728752260344,0.003629764065335837,-0.0976491862567812,0
2018-10-24 00:00:00+00:00,5.49,5.53,4.97,4.99,884288000,-0.0976491862567812,-0.10275190577081594,5.604000000000001,6.3295,5.515331155038849,6.11382441870442,0.04016633418558581,498715800.0,1.7731301073677634,0.11222444889779569,-0.09107468123861566,0.04208416833667328,1
2018-10-25 00:00:00+00:00,4.89,5.24,4.84,5.2,951720000,0.04208416833667328,0.041222715823954204,5.446,6.2555,5.4102207700259,6.026793521684951,0.041942481414388985,535580400.0,1.7769881048671683,0.07692307692307698,0.06339468302658498,-0.04615384615384621,0
2018-10-26 00:00:00+00:00,4.96,5.12,4.83,4.96,664784000,-0.04615384615384621,-0.04725288485054557,5.292,6.151999999999999,5.260147180017267,5.925194138667337,0.039804238637474725,533349800.0,1.2464315164269304,0.05846774193548388,0.0,-0.06451612903225812,0
2018-10-29 00:00:00+00:00,5.1,5.1,4.4,4.64,758016000,-0.06451612903225812,-0.06669137449867213,5.064,6.0225,5.053431453344844,5.802794696889495,0.0397430420852471,540147600.0,1.4033497510680415,0.1508620689655171,-0.09019607843137255,0.09482758620689657,1
2018-10-30 00:00:00+00:00,4.66,5.08,4.64,5.08,807192000,0.09482758620689657,0.0905968953522267,4.974,5.9185,5.06228763556323,5.733957106709543,0.04705554389547371,561309000.0,1.4380528372073136,0.08661417322834654,0.09012875536480684,0.03740157480314954,1
2018-10-31 00:00:00+00:00,5.24,5.31,5.1,5.27,745772000,0.03740157480314954,0.036719100962880225,5.03,5.8235,5.1315250903754865,5.689770715594348,0.04843145604686768,582570000.0,1.2801414422301183,0.039848197343453504,0.005725190839694534,0.034155597722960174,1
2018-11-01 00:00:00+00:00,5.31,5.46,5.18,5.45,566528000,0.034155597722960174,0.03358524612188196,5.08,5.747,5.237683393583658,5.666935409347268,0.049551352855575125,591335400.0,0.9580485118935886,0.05137614678899087,0.026365348399246813,-0.014678899082568808,0
2018-11-02 00:00:00+00:00,5.44,5.55,5.26,5.37,452960000,-0.014678899082568808,-0.014787700154379468,5.162,5.678,5.2817889290557725,5.63865584655229,0.049307325725075304,592651600.0,0.764293895435362,0.05400372439478585,-0.01286764705882358,-0.014897579143389184,0
2018-11-05 00:00:00+00:00,5.36,5.38,5.13,5.29,379332000,-0.014897579143389184,-0.015009662650565359,5.292,5.6105,5.284525952703849,5.605450527833025,0.049300773422664874,591187600.0,0.6416440398952887,0.04725897920604915,-0.013059701492537365,-0.001890359168241873,0
2018-11-06 00:00:00+00:00,5.29,5.37,5.24,5.28,299012000,-0.001890359168241873,-0.0018921481520377537,5.332,5.5425,5.283017301802566,5.574455239467975,0.049279627912133146,592463200.0,0.5046929497055682,0.0246212121212121,-0.0018903591682419257,0.011363636363636243,1
2018-11-07 00:00:00+00:00,5.34,5.44,5.28,5.34,483812000,0.011363636363636243,0.011299555253933224,5.346,5.5024999999999995,5.302011534535044,5.552126169042453,0.04689958843374164,582406800.0,0.8307114546052691,0.02996254681647943,0.0,-0.03558052434456915,0
2018-11-08 00:00:00+00:00,5.29,5.29,5.1,5.15,511352000,-0.03558052434456915,-0.03622893829645868,5.286,5.466,5.251341023023363,5.513828438657458,0.04663862265732848,571702600.0,0.8944370727017859,0.03689320388349522,-0.026465028355387464,-0.001941747572815622,0
2018-11-09 00:00:00+00:00,5.06,5.23,5.03,5.14,413240000,-0.001941747572815622,-0.001943635208571104,5.24,5.415,5.214227348682242,5.478225730213891,0.04496071767904545,561952800.0,0.7353642512324878,0.03891050583657591,0.015810276679841914,-0.0778210116731517,0
2018-11-12 00:00:00+00:00,5.05,5.07,4.72,4.74,617116000,-0.0778210116731517,-0.08101594376008858,5.13,5.358,5.056151565788162,5.407918517812568,0.0470852370081174,570320600.0,1.082051042869572,0.0738396624472575,-0.06138613861386131,0.05063291139240511,1
2018-11-13 00:00:00+00:00,4.84,5.11,4.83,4.98,644712000,0.05063291139240511,0.04939275532957654,5.07,5.2995,5.030767710525442,5.367164373258991,0.0473749562318052,582120600.0,1.107523080268934,0.05622489959839362,0.028925619834710863,-0.010040160642570406,0
2018-11-14 00:00:00+00:00,5.16,5.17,4.82,4.93,526580000,-0.010040160642570406,-0.010090902981962913,4.9879999999999995,5.242,4.997178473683628,5.3255296710438484,0.04737457654743316,591966200.0,0.88954403139909,0.07099391480730216,-0.04457364341085279,0.026369168356997985,1
2018-11-15 00:00:00+00:00,4.92,5.13,4.89,5.06,840708000,0.026369168356997985,0.026027495244775434,4.970000000000001,5.1955,5.018118982455752,5.300241130944434,0.04805274755547855,607800600.0,1.3831970550868162,0.04743083003952574,0.028455284552845465,-0.18774703557312244,0
2018-11-16 00:00:00+00:00,4.08,4.27,4.04,4.11,1963520000,-0.18774703557312244,-0.2079434547912309,4.764,5.1145,4.7154126549705015,5.18688483275925,0.0653114061426494,675296200.0,2.907642601868632,0.05596107055961059,0.007352941176470649,-0.11922141119221419,0
2018-11-19 00:00:00+00:00,4.04,4.05,3.62,3.62,1697820000,-0.11922141119221419,-0.1269490026704636,4.54,5.0065,4.350275103313668,5.0376577058297975,0.06945638090976344,741745000.0,2.2889537509521465,0.11878453038674025,-0.10396039603960394,0.03038674033149169,1
2018-11-20 00:00:00+00:00,3.35,3.86,3.33,3.73,1692032000,0.03038674033149169,0.029934207818044456,4.29,4.9165,4.143516735542445,4.913118876703151,0.07026093930748532,795024800.0,2.1282757468697833,0.14209115281501336,0.11343283582089549,-0.029490616621983934,0
2018-11-21 00:00:00+00:00,3.87,3.88,3.59,3.62,1025496000,-0.029490616621983934,-0.029934207818044456,4.0280000000000005,4.848000000000001,3.9690111570282967,4.789964697969517,0.06756508998999045,802085200.0,1.2785374920270316,0.08011049723756906,-0.06459948320413436,0.0,0
2018-11-23 00:00:00+00:00,3.58,3.74,3.57,3.62,411968000,0.0,0.0,3.7399999999999998,4.769,3.8526741046855313,4.678539488639087,0.06634376834009428,775097600.0,0.531504677604472,0.04696132596685093,0.011173184357541908,0.058011049723756924,1
2018-11-26 00:00:00+00:00,3.75,3.84,3.66,3.83,814832000,0.058011049723756924,0.05639077735487508,3.684,4.7125,3.845116069790355,4.597726204006793,0.06797531068556582,782600000.0,1.0411857909532327,0.04699738903394248,0.021333333333333353,0.0026109660574411553,1
2018-11-27 00:00:00+00:00,3.8,3.93,3.76,3.84,738060000,0.0026109660574411553,0.002607563407080793,3.728,4.6725,3.84341071319357,4.525561803625194,0.06684735889973867,781602200.0,0.9442910984641548,0.04427083333333343,0.010526315789473694,0.04166666666666674,1
2018-11-28 00:00:00+00:00,3.96,4.01,3.83,4.0,804524000,0.04166666666666674,0.040821994520255034,3.782,4.6185,3.8956071421290472,4.475508298518033,0.06378237218134868,781468800.0,1.0295023934416832,0.04499999999999993,0.01010101010101011,-0.01749999999999996,0
2018-11-29 00:00:00+00:00,4.0,4.04,3.9,3.93,549172000,-0.01749999999999996,-0.017654935238720748,3.844,4.5515,3.9070714280860317,4.4235551272306015,0.06274911416138935,771638800.0,0.7116956793774497,0.03562340966921122,-0.01749999999999996,0.040712468193384144,1
2018-11-30 00:00:00+00:00,3.94,4.1,3.89,4.09,729564000,0.040712468193384144,0.03990554417354053,3.938,4.4835,3.9680476187240212,4.3917879722562585,0.06302025298502338,779790600.0,0.9355896313702678,0.0513447432762835,0.03807106598984769,0.03911980440097795,1
2018-12-03 00:00:00+00:00,4.32,4.37,4.18,4.25,890804000,0.03911980440097795,0.038374012881615016,4.022,4.4275,4.0620317458160144,4.378284355850901,0.06411264368811598,801682800.0,1.1111676588296517,0.04470588235294127,-0.01620370370370377,-0.07529411764705873,0
2018-12-04 00:00:00+00:00,4.21,4.21,3.91,3.93,812112000,-0.07529411764705873,-0.07827955705515555,4.04,4.3595,4.018021163877343,4.335590607674624,0.06582292687029596,823321800.0,0.9863846675746956,0.07633587786259537,-0.06650831353919236,0.007633587786259444,1
2018-12-06 00:00:00+00:00,3.79,3.96,3.77,3.96,692308000,0.007633587786259444,0.007604599385219402,4.032,4.2935,3.9986807759182286,4.299820073610374,0.06595551126281658,842986600.0,0.8212562334917305,0.04797979797979797,0.044854881266490745,-0.06818181818181823,0
2018-12-07 00:00:00+00:00,3.96,3.97,3.64,3.69,681676000,-0.06818181818181823,-0.07061756721395351,3.9840000000000004,4.211,3.895787183945486,4.241741971361767,0.06681454742296447,852879800.0,0.7992638587524291,0.0894308943089431,-0.06818181818181819,0.02981029810298108,1
2018-12-10 00:00:00+00:00,3.65,3.82,3.64,3.8,629472000,0.02981029810298108,0.02937460867990427,3.9260000000000006,4.1435,3.863858122630324,4.199671307422551,0.06750412595975719,858785800.0,0.7329790501892323,0.047368421052631504,0.04109589041095888,-0.02631578947368407,0
2018-12-11 00:00:00+00:00,3.89,3.9,3.62,3.7,671912000,-0.02631578947368407,-0.02666824708216109,3.8160000000000003,4.0715,3.8092387484202166,4.152083563858499,0.06747497326789309,871719400.0,0.7707893159197787,0.07567567567567562,-0.048843187660668363,0.00540540540540535,1
2018-12-12 00:00:00+00:00,3.71,3.82,3.62,3.72,654136000,0.00540540540540535,0.005390848634876377,3.774,4.0205,3.7794924989468113,4.110932748252927,0.06586953056260599,873570400.0,0.7488074229621333,0.05376344086021498,0.0026954177897574746,0.0,0
2018-12-13 00:00:00+00:00,3.77,3.83,3.69,3.72,471384000,0.0,0.0,3.7260000000000004,3.9575000000000005,3.7596616659645408,4.073701057943125,0.06435044947304708,864904000.0,0.5450130881577608,0.03763440860215057,-0.013262599469495973,-0.016129032258064502,0
2018-12-14 00:00:00+00:00,3.68,3.76,3.64,3.66,471820000,-0.016129032258064502,-0.016260520871780315,3.72,3.8939999999999997,3.7264411106430275,4.034300957186637,0.0643425577481963,862166000.0,0.5472496015848456,0.032786885245901544,-0.005434782608695656,-0.019125683060109422,0
2018-12-17 00:00:00+00:00,3.63,3.7,3.53,3.59,662868000,-0.019125683060109422,-0.01931094491308749,3.678,3.8205000000000005,3.6809607404286853,3.991986580311719,0.06361955624251772,853274000.0,0.7768524530221242,0.047353760445682555,-0.011019283746556485,0.022284122562674202,1
2018-12-18 00:00:00+00:00,3.63,3.76,3.61,3.67,564372000,0.022284122562674202,0.022039459566291386,3.6719999999999997,3.7985000000000007,3.6773071602857903,3.961321191710603,0.045535124204911126,783316600.0,0.7204902845158649,0.04087193460490461,0.011019283746556485,-0.05722070844686644,0
2018-12-19 00:00:00+00:00,3.64,3.69,3.41,3.46,745364000,-0.05722070844686644,-0.05892307299684596,3.62,3.7905,3.6048714401905273,3.9135763163095927,0.03789894664887144,735693800.0,1.0131443271643719,0.08092485549132943,-0.04945054945054949,-0.023121387283236983,0
2018-12-20 00:00:00+00:00,3.45,3.54,3.32,3.38,749588000,-0.023121387283236983,-0.023392879574705594,3.5520000000000005,3.7729999999999997,3.529914293460352,3.862759524280108,0.0373871541840689,688571600.0,1.0886130069843136,0.06508875739644976,-0.02028985507246385,-0.041420118343195145,0
2018-12-21 00:00:00+00:00,3.4,3.44,3.21,3.24,863740000,-0.041420118343195145,-0.042302379690689174,3.468000000000001,3.754,3.433276195640235,3.803449093396288,0.03792104393433437,680483800.0,1.2693028107355384,0.07098765432098765,-0.047058823529411674,-0.01851851851851849,0
2018-12-24 00:00:00+00:00,3.16,3.25,3.11,3.18,463840000,-0.01851851851851849,-0.018692133012152556,3.3860000000000006,3.732,3.3488507970934904,3.7440729892633082,0.03800743339823333,683077400.0,0.6790445709373492,0.04402515723270444,0.006329113924050638,0.047169811320754595,1
2018-12-26 00:00:00+00:00,3.22,3.33,3.11,3.33,695100000,0.047169811320754595,0.04609110720026699,3.318,3.707,3.3425671980623273,3.7046374664763264,0.037171313762333624,677090800.0,1.0265979097633582,0.06606606606606612,0.034161490683229774,-0.01501501501501512,0
2018-12-27 00:00:00+00:00,3.27,3.31,3.13,3.28,637044000,-0.01501501501501512,-0.015128881596300214,3.282,3.679,3.321711465374885,3.6641958030023907,0.03714173408435034,672040000.0,0.9479257187072198,0.054878048780487854,0.003058103975535103,0.018292682926829285,1
2018-12-28 00:00:00+00:00,3.3,3.43,3.26,3.34,628728000,0.018292682926829285,0.018127384592556695,3.274,3.646,3.327807643583257,3.6333200122402585,0.035901430578756326,663250200.0,0.9479499591556851,0.05089820359281449,0.012121212121212133,0.0,0
2018-12-31 00:00:00+00:00,3.38,3.42,3.31,3.34,465140000,0.0,0.0,3.2939999999999996,3.6165,3.3318717623888383,3.6053847729792814,0.03589489050741485,659048600.0,0.7057749610575001,0.03293413173652691,-0.011834319526627229,0.020958083832335328,1
2019-01-02 00:00:00+00:00,3.27,3.46,3.25,3.41,508752000,0.020958083832335328,0.020741484306816327,3.34,3.5825000000000005,3.357914508259226,3.5867766993622068,0.03478359766742155,648008000.0,0.7851014185010061,0.06158357771260996,0.042813455657492394,-0.061583577712609916,0
2019-01-03 00:00:00+00:00,3.34,3.38,3.19,3.2,705552000,-0.061583577712609916,-0.0635614814897445,3.314,3.5300000000000002,3.3052763388394846,3.5499408232324727,0.03493038873076783,638745400.0,1.1045903422553023,0.05937499999999998,-0.041916167664670566,0.0625,1
2019-01-04 00:00:00+00:00,3.27,3.44,3.24,3.4,585620000,0.0625,0.0606246218164348,3.338,3.5035,3.3368508925596565,3.5356607448293804,0.03532339671994939,627420800.0,0.9333767704226573,0.05882352941176463,0.03975535168195715,0.05294117647058827,1
2019-01-07 00:00:00+00:00,3.46,3.62,3.41,3.58,709160000,0.05294117647058827,0.051587368790493304,3.386,3.4845000000000006,3.417900595039771,3.539883531036106,0.03759266390710237,628263400.0,1.1287622357119642,0.05865921787709496,0.03468208092485552,-0.022346368715083775,0
2019-01-08 00:00:00+00:00,3.67,3.67,3.42,3.5,786016000,-0.022346368715083775,-0.02259983191724091,3.418,3.475,3.4452670633598474,3.536085099508858,0.03459844418960082,633480400.0,1.2407897702912356,0.07142857142857142,-0.046321525885558566,0.017142857142857126,1
2019-01-09 00:00:00+00:00,3.55,3.61,3.5,3.56,617260000,0.017142857142857126,0.01699757636857102,3.4480000000000004,3.4629999999999996,3.4835113755732316,3.5383627090794425,0.034102751529296586,632869800.0,0.9753348951079669,0.030898876404494346,0.0028169014084507694,0.0196629213483146,1
2019-01-10 00:00:00+00:00,3.54,3.64,3.48,3.63,523156000,0.0196629213483146,0.01947210341282024,3.5340000000000003,3.4595000000000007,3.5323409170488214,3.5470900701194954,0.033996515643249625,625432000.0,0.8364714309469294,0.04407713498622594,0.025423728813559282,0.024793388429752206,1
2019-01-11 00:00:00+00:00,3.61,3.74,3.58,3.72,874764000,0.024793388429752206,0.02449102000829595,3.5980000000000003,3.4595,3.5948939446992147,3.563557682489067,0.03444941988749969,636463400.0,1.374413674062012,0.04301075268817208,0.030470914127423913,0.010752688172043001,1
2019-01-14 00:00:00+00:00,3.67,3.79,3.64,3.76,730168000,0.010752688172043001,0.010695289116747775,3.6340000000000003,3.4614999999999996,3.6499292964661434,3.5822664746329655,0.03453233254574327,649402600.0,1.124368766001245,0.03989361702127658,0.024523160762942742,-0.0026595744680850686,0
2019-01-15 00:00:00+00:00,3.79,3.83,3.73,3.75,617012000,-0.0026595744680850686,-0.0026631174194835516,3.684,3.4659999999999997,3.683286197644096,3.598241096096493,0.03431744853122049,656662200.0,0.9396185740552753,0.02666666666666669,-0.010554089709762543,-0.007999999999999896,0
2019-01-16 00:00:00+00:00,3.77,3.81,3.72,3.72,470104000,-0.007999999999999896,-0.008032171697264223,3.716,3.4724999999999993,3.695524131762731,3.609837182182541,0.034054060485624545,647024000.0,0.7265634659610771,0.024193548387096735,-0.013262599469495973,0.018817204301075252,1
2019-01-17 00:00:00+00:00,3.69,3.83,3.66,3.79,493436000,0.018817204301075252,0.018642350809279673,3.748,3.4784999999999995,3.727016087841821,3.6269955457842036,0.03395601499907551,643477200.0,0.7668274804453056,0.044854881266490745,0.027100271002710053,0.03430079155672816,1
2019-01-18 00:00:00+00:00,3.84,3.95,3.79,3.92,651336000,0.03430079155672816,0.033725634708036134,3.7880000000000003,3.5015,3.791344058561214,3.6549007318999935,0.03149387378259274,638775800.0,1.0196629239867885,0.04081632653061228,0.020833333333333353,-0.05102040816326525,0
2019-01-22 00:00:00+00:00,3.89,3.9,3.69,3.72,661552000,-0.05102040816326525,-0.05236798551731581,3.7800000000000002,3.5185000000000004,3.7675627057074763,3.6611006621952322,0.033529480380735846,634374000.0,1.0428422350222424,0.05645161290322579,-0.04370179948586116,0.0026881720430107503,1
2019-01-23 00:00:00+00:00,3.77,3.86,3.7,3.73,591020000,0.0026881720430107503,0.0026845653706688566,3.7760000000000007,3.543,3.755041803804984,3.6676625038909245,0.031660725009356586,620738000.0,0.9521247289516672,0.04289544235924925,-0.010610079575596827,0.05898123324396787,1
2019-01-24 00:00:00+00:00,3.82,3.96,3.81,3.95,708972000,0.05898123324396787,0.05730734525730652,3.822,3.5815000000000006,3.820027869203323,3.694551789234646,0.032944315604072724,632994600.0,1.1200285120915723,0.03797468354430377,0.034031413612565536,0.012658227848101111,1
2019-01-25 00:00:00+00:00,3.89,4.02,3.78,4.0,1154572000,0.012658227848101111,0.012578782206859929,3.864,3.6150000000000007,3.8800185794688824,3.7236420950218228,0.03189256216925024,655968200.0,1.760103614778887,0.05999999999999994,0.028277634961439556,-0.13749999999999996,0
2019-01-28 00:00:00+00:00,3.41,3.54,3.27,3.45,2511528000,-0.13749999999999996,-0.1479201300766222,3.7700000000000005,3.6235,3.7366790529792553,3.697580943114983,0.04731180860527808,749692400.0,3.3500779786483097,0.0782608695652174,0.011730205278592386,-0.04637681159420293,0
2019-01-29 00:00:00+00:00,3.4,3.45,3.28,3.29,1153932000,-0.04637681159420293,-0.047486666265987854,3.684,3.621,3.5877860353195037,3.658763710437366,0.048434661228887295,775952600.0,1.4871166099578763,0.051671732522796464,-0.03235294117647055,0.042553191489361764,1
2019-01-30 00:00:00+00:00,3.37,3.45,3.29,3.43,974228000,0.042553191489361764,0.04167269640056803,3.624,3.6254999999999997,3.5351906902130024,3.636976690395712,0.04935641089919568,801407000.0,1.2156469808723906,0.04664723032069975,0.017804154302670638,0.04664723032069973,1
2019-01-31 00:00:00+00:00,3.43,3.63,3.41,3.59,842852000,0.04664723032069973,0.0455919413223389,3.5520000000000005,3.6345,3.553460460142002,3.6325027198818347,0.050176799688653906,818112000.0,1.0302403582883517,0.061281337047353696,0.04664723032069962,0.008356545961002881,1
2019-02-01 00:00:00+00:00,3.61,3.67,3.56,3.62,625048000,0.008356545961002881,0.008321823337492207,3.4760000000000004,3.6555,3.575640306761335,3.6313119846549933,0.047703898422849826,814086800.0,0.7677903633863121,0.030386740331491677,0.002770083102493139,0.03038674033149169,1
2019-02-04 00:00:00+00:00,3.63,3.77,3.61,3.73,528592000,0.03038674033149169,0.029934207818044456,3.532,3.6720000000000006,3.62709353784089,3.6407108432592796,0.04633384438667059,811235400.0,0.6515889222782931,0.042895442359249365,0.02754820936639121,0.00536193029490617,1
2019-02-05 00:00:00+00:00,3.74,3.79,3.71,3.75,542424000,0.00536193029490617,0.005347606326595367,3.624,3.6805,3.6680623585605936,3.6511193343774435,0.045002013958803086,802898600.0,0.6755821968054248,0.021333333333333353,0.0026737967914437933,0.021333333333333426,1
2019-02-06 00:00:00+00:00,3.78,3.89,3.78,3.83,702464000,0.021333333333333426,0.021108963210235254,3.7039999999999997,3.697,3.7220415723737297,3.6681555882462584,0.04478896630279032,798721000.0,0.8794860783677905,0.02872062663185387,0.013227513227513298,-0.03655352480417762,0
2019-02-07 00:00:00+00:00,3.78,3.78,3.64,3.69,637120000,-0.03655352480417762,-0.037238345140119034,3.724,3.7035000000000005,3.7113610482491532,3.6702360084132812,0.04562683544264516,799714000.0,0.7966848148212986,0.03794037940379395,-0.023809523809523774,0.0027100271002711285,1
2019-02-08 00:00:00+00:00,3.62,3.71,3.6,3.7,461604000,0.0027100271002711285,0.0027063615977431787,3.7400000000000007,3.707,3.7075740321661024,3.673070674278683,0.04543856064632764,796636400.0,0.5794412607809535,0.029729729729729693,0.022099447513812175,-0.010810810810810811,0
2019-02-11 00:00:00+00:00,3.66,3.71,3.61,3.66,495180000,-0.010810810810810811,-0.010869672236903938,3.7260000000000004,3.7039999999999997,3.6917160214440683,3.671825848156904,0.04516167063273578,777657200.0,0.6367587157940543,0.027322404371584723,0.0,0.032786885245901454,1
2019-02-12 00:00:00+00:00,3.7,3.79,3.69,3.78,591060000,0.032786885245901454,0.03226086221822122,3.732,3.7050000000000005,3.7211440142960455,3.6821281483324366,0.045705084631465935,770701800.0,0.7669114046444423,0.02645502645502648,0.02162162162162152,0.010582010582010692,1
2019-02-13 00:00:00+00:00,3.81,3.9,3.8,3.82,605372000,0.010582010582010692,0.010526412986987532,3.7300000000000004,3.7085,3.7540960095306968,3.6952588008722045,0.045755734951344544,770119800.0,0.7860751015621206,0.026178010471204213,0.0026246719160104427,0.010471204188481575,1
2019-02-14 00:00:00+00:00,3.82,3.89,3.78,3.86,827264000,0.010471204188481575,0.010416760858255714,3.7640000000000002,3.7154999999999996,3.7893973396871314,3.7109484388843756,0.04575162509396067,787977800.0,1.0498569883567785,0.028497409326424954,0.010471204188481685,0.0181347150259068,1
2019-02-15 00:00:00+00:00,4.07,4.1,3.91,3.93,1516748000,0.0181347150259068,0.017972242404430405,3.81,3.7225,3.8362648931247545,3.731810492323959,0.04573892169184129,839143400.0,1.807495596104313,0.048346055979643636,-0.034398034398034426,-0.0025445292620865922,0
2019-02-19 00:00:00+00:00,3.92,4.0,3.9,3.92,551892000,-0.0025445292620865922,-0.002547772078798749,3.8619999999999997,3.7225,3.8641765954165033,3.7497333025788198,0.04512193474133068,834171200.0,0.6616051956720634,0.025510204081632678,0.0,0.010204081632652962,1
2019-02-20 00:00:00+00:00,3.95,4.03,3.93,3.96,540988000,0.010204081632652962,0.01015237146401815,3.8980000000000006,3.7344999999999997,3.896117730277669,3.769758702333218,0.043437199609602836,828143000.0,0.6532543292643903,0.025252525252525276,0.002531645569620199,-0.017676767676767624,0
2019-02-21 00:00:00+00:00,3.98,4.0,3.88,3.89,448548000,-0.017676767676767624,-0.017834867636034257,3.9120000000000004,3.7424999999999997,3.8940784868517797,3.7812102544919592,0.04368977200073511,821019400.0,0.5463305739182289,0.030848329048843215,-0.022613065326633132,0.023136246786632286,1
2019-02-22 00:00:00+00:00,3.95,4.0,3.93,3.98,401740000,0.023136246786632286,0.022872661665991334,3.936,3.7439999999999998,3.92271899123452,3.8001426112070105,0.042047276452479895,805657800.0,0.49864843361536376,0.01758793969849242,0.00759493670886071,-0.002512562814070307,0
2019-02-25 00:00:00+00:00,4.06,4.13,3.96,3.97,656020000,-0.002512562814070307,-0.0025157245972471376,3.9440000000000004,3.7424999999999997,3.9384793274896803,3.8163195053777716,0.04195212023542747,780730200.0,0.8402646650533052,0.0428211586901763,-0.022167487684728922,-0.010075566750629705,0
2019-02-26 00:00:00+00:00,3.96,4.02,3.89,3.93,488464000,-0.010075566750629705,-0.01012666881792934,3.946,3.7665000000000006,3.9356528849931207,3.827146219151317,0.023859451048773975,679577000.0,0.7187765330492351,0.03307888040712454,-0.0075757575757575265,-0.010178117048346036,0
2019-02-27 00:00:00+00:00,3.91,3.94,3.83,3.89,500256000,-0.010178117048346036,-0.010230268250814856,3.932,3.7965000000000004,3.9204352566620804,3.833132293517858,0.020661617661946293,646893200.0,0.7733208511080345,0.028277634961439556,-0.005115089514066501,-0.007712082262210873,0
2019-02-28 00:00:00+00:00,3.88,3.9,3.83,3.86,324944000,-0.007712082262210873,-0.0077419741536155495,3.9259999999999997,3.8180000000000005,3.900290171108054,3.8356911227066335,0.019385538466541785,614429000.0,0.5288552460902725,0.018134715025906696,-0.005154639175257737,0.012953367875647714,1
2019-03-01 00:00:00+00:00,3.91,3.95,3.85,3.91,357188000,0.012953367875647714,0.012870190520535063,3.9120000000000004,3.8340000000000005,3.903526780738703,3.842768158639335,0.01710667844467306,590145800.0,0.6052538203271124,0.0255754475703325,0.0,0.002557544757033181,1
2019-03-04 00:00:00+00:00,3.95,3.97,3.86,3.92,409992000,0.002557544757033181,0.002554279805096593,3.902,3.849,3.909017853825802,3.8501235721022553,0.017083363935781495,579393000.0,0.7076233230294463,0.028061224489796,-0.0075949367088608225,-0.0025510204081632404,0
2019-03-05 00:00:00+00:00,3.9,3.95,3.85,3.91,362924000,-0.0025510204081632404,-0.002554279805096593,3.8980000000000006,3.8579999999999997,3.909345235883868,3.8558260890448977,0.015995629719235994,571109600.0,0.6354717203142795,0.0255754475703325,0.0025641025641026235,-0.02813299232736577,0
2019-03-06 00:00:00+00:00,3.9,3.91,3.8,3.8,403524000,-0.02813299232736577,-0.028536307264934502,3.8800000000000003,3.8604999999999996,3.872896823922579,3.8505093186596695,0.01739533083596591,564164600.0,0.7152593409795652,0.028947368421052718,-0.025641025641025664,-0.018421052631578894,0
2019-03-07 00:00:00+00:00,3.78,3.79,3.69,3.73,450104000,-0.018421052631578894,-0.018592833076615856,3.8540000000000005,3.8555,3.8252645492817194,3.839032240692082,0.017203476660509757,551546600.0,0.8160761030890228,0.026809651474530856,-0.013227513227513182,0.01072386058981234,1
2019-03-08 00:00:00+00:00,3.64,3.78,3.62,3.77,422416000,0.01072386058981234,0.010666767804195176,3.8260000000000005,3.8594999999999997,3.80684303285448,3.83245774157855,0.015152407598250872,540811400.0,0.7810782095199916,0.04244031830238719,0.035714285714285685,0.06896551724137945,1
2019-03-11 00:00:00+00:00,3.79,4.05,3.74,4.03,859728000,0.06896551724137945,0.06669137449867235,3.8480000000000003,3.876,3.8812286885696534,3.851271289999641,0.02110223993774309,560717600.0,1.5332638033833788,0.07692307692307682,0.06332453825857526,0.007444168734491052,1
2019-03-12 00:00:00+00:00,4.06,4.11,3.98,4.06,579576000,0.007444168734491052,0.007416597655049539,3.878,3.896,3.9408191257131024,3.8711502147615797,0.020805739002640725,564937400.0,1.0259118974951915,0.03201970443349762,0.0,0.039408866995073843,1
2019-03-13 00:00:00+00:00,4.1,4.25,4.09,4.22,768900000,0.039408866995073843,0.03865215443427927,3.9620000000000006,3.918,4.033879417142068,3.9043740038319057,0.021286998431496732,573829400.0,1.3399452868744612,0.037914691943128,0.02926829268292686,-0.018957345971563955,0
2019-03-14 00:00:00+00:00,4.22,4.24,4.13,4.14,519384000,-0.018957345971563955,-0.01913934021069763,4.044,3.934,4.069252944761379,3.9268145748955336,0.021942207340196782,569530000.0,0.9119519603883904,0.026570048309178824,-0.018957345971564,0.026570048309178862,1
2019-03-15 00:00:00+00:00,4.18,4.29,4.18,4.25,661484000,0.026570048309178862,0.026223195099102536,4.14,3.9535000000000005,4.129501963174253,3.957594139191197,0.02246312562608169,561241000.0,1.1786095456319121,0.025882352941176547,0.01674641148325366,-0.007058823529411784,0
2019-03-18 00:00:00+00:00,4.28,4.33,4.2,4.22,486992000,-0.007058823529411784,-0.007083854888404906,4.178,3.968,4.159667975449502,3.9825851735539404,0.022389150089197205,509753200.0,0.9553485882972388,0.030805687203791447,-0.014018691588785163,0.04028436018957349,1
2019-03-19 00:00:00+00:00,4.32,4.44,4.3,4.39,854972000,0.04028436018957349,0.03949409903915946,4.244,3.9915,4.236445316966335,4.021386585596423,0.023719638220753483,524907200.0,1.6288060060902194,0.03189066059225526,0.016203703703703564,-0.006833712984054552,0
2019-03-20 00:00:00+00:00,4.42,4.48,4.33,4.36,719148000,-0.006833712984054552,-0.006857169726136814,4.272,4.0115,4.27763021131089,4.053635482206287,0.023854713019471768,533815200.0,1.347185318065128,0.03440366972477072,-0.013574660633484075,0.05504587155963292,1
2019-03-21 00:00:00+00:00,4.38,4.62,4.38,4.6,824312000,0.05504587155963292,0.05358424613410606,4.364,4.047,4.385086807540594,4.105670198186641,0.025570132344265684,552603400.0,1.4916882523705066,0.052173913043478314,0.05022831050228305,-0.03478260869565197,0
2019-03-22 00:00:00+00:00,4.57,4.62,4.42,4.44,747644000,-0.03478260869565197,-0.035401927050915605,4.402,4.069999999999999,4.403391205027063,4.137511131692675,0.027106126656620235,569898600.0,1.311889518591553,0.045045045045045085,-0.0284463894967177,-0.022522522522522626,0
2019-03-25 00:00:00+00:00,4.4,4.46,4.28,4.34,525212000,-0.022522522522522626,-0.022780028331820024,4.426,4.0885,4.382260803351375,4.156795785817183,0.027790385062249564,563358200.0,0.9322878410219289,0.04147465437788012,-0.013636363636363748,0.018433179723502224,1
2019-03-26 00:00:00+00:00,4.49,4.54,4.37,4.42,703508000,0.018433179723502224,0.018265347977293178,4.432,4.1129999999999995,4.3948405355675835,4.181862853834594,0.027731396246666033,574110400.0,1.225388008996179,0.03846153846153844,-0.015590200445434362,-0.002262443438914019,0
2019-03-27 00:00:00+00:00,4.45,4.49,4.34,4.41,474372000,-0.002262443438914019,-0.002265006630852051,4.442,4.139,4.39989369037839,4.203590201088442,0.027544494125209446,572816200.0,0.8281399862643549,0.03401360544217695,-0.008988764044943828,0.0045351473922901064,1
2019-03-28 00:00:00+00:00,4.44,4.5,4.38,4.43,480264000,0.0045351473922901064,0.004524894598289642,4.4079999999999995,4.1674999999999995,4.409929126918927,4.225153039080019,0.027351887992527003,580582200.0,0.8272110305827495,0.027088036117381517,-0.002252252252252404,0.013544018058690765,1
2019-03-29 00:00:00+00:00,4.5,4.51,4.45,4.49,456896000,0.013544018058690765,0.013453117697118655,4.418000000000001,4.1964999999999995,4.436619417945952,4.250376559167636,0.027358909396500625,585567600.0,0.780261749454717,0.01336302895322931,-0.002222222222222175,0.015590200445434244,1
2019-04-01 00:00:00+00:00,4.58,4.59,4.51,4.56,483824000,0.015590200445434244,0.01546992177213169,4.462000000000001,4.2284999999999995,4.477746278630635,4.279864505913576,0.02740293766686596,589259200.0,0.8210716099129212,0.017543859649122823,-0.004366812227074336,0.004385964912280826,1
2019-04-02 00:00:00+00:00,4.58,4.62,4.54,4.58,440920000,0.004385964912280826,0.004376374599798893,4.494,4.262,4.511830852420424,4.308448838683711,0.027311952766867424,593159000.0,0.7433420044203999,0.01746724890829696,0.0,0.03056768558951961,1
2019-04-03 00:00:00+00:00,4.62,4.78,4.62,4.72,783504000,0.03056768558951961,0.030109801471370323,4.556,4.308,4.581220568280283,4.347644187380501,0.026323560732411797,612158000.0,1.2799048611632944,0.0338983050847458,0.021645021645021568,-0.0021186440677966045,0
2019-04-04 00:00:00+00:00,4.7,4.75,4.64,4.71,457376000,-0.0021186440677966045,-0.0021208915691375285,4.612,4.357,4.624147045520189,4.382154264772835,0.02560199540948239,612521600.0,0.7467099935741042,0.02335456475583871,0.0021276595744680396,0.01273885350318471,1
2019-04-05 00:00:00+00:00,4.75,4.79,4.71,4.77,481744000,0.01273885350318471,0.012658396871923383,4.668000000000001,4.407,4.672764697013459,4.419091953842089,0.025601785812114402,615488000.0,0.7827025059789955,0.016771488469601692,0.004210526315789384,0.004192872117400492,1
2019-04-08 00:00:00+00:00,4.74,4.82,4.72,4.79,424192000,0.004192872117400492,0.00418410652257406,4.714,4.444999999999999,4.711843131342306,4.454416529666652,0.022122390809122757,593711200.0,0.7144753206609543,0.020876826722338315,0.010548523206751016,-0.012526096033402823,0
2019-04-09 00:00:00+00:00,4.76,4.77,4.69,4.73,439972000,-0.012526096033402823,-0.012605208918982092,4.744000000000001,4.4784999999999995,4.717895420894871,4.480662574460304,0.022627823896362316,586731000.0,0.7498700426600947,0.01691331923890046,-0.006302521008403227,0.014799154334038,1
2019-04-10 00:00:00+00:00,4.73,4.83,4.73,4.8,444772000,0.014799154334038,0.014690715410003552,4.760000000000001,4.507499999999999,4.7452636139299145,4.511075662606942,0.02150576762375253,570524600.0,0.7795842633253676,0.02083333333333326,0.014799154334037926,-0.002083333333333326,0
2019-04-11 00:00:00+00:00,4.8,4.84,4.74,4.79,374600000,-0.002083333333333326,-0.0020855064910214605,4.776000000000001,4.54,4.760175742619943,4.537639885215804,0.02076349972323669,563285400.0,0.6650270005222929,0.02087682672233813,-0.002083333333333289,-0.008350730688935326,0
2019-04-12 00:00:00+00:00,4.83,4.83,4.74,4.75,471708000,-0.008350730688935326,-0.008385793376273876,4.772,4.5649999999999995,4.756783828413296,4.557864658052394,0.0205437028900498,553796600.0,0.8517712098629714,0.0189473684210526,-0.01656314699792962,-0.027368421052631597,0
2019-04-15 00:00:00+00:00,4.74,4.75,4.58,4.62,440092000,-0.027368421052631597,-0.02774991295290241,4.738000000000001,4.585,4.711189218942197,4.563782309666452,0.021700367150205263,551451600.0,0.7980609721687271,0.03679653679653678,-0.025316455696202552,0.01948051948051943,1
2019-04-16 00:00:00+00:00,4.66,4.72,4.62,4.71,394964000,0.01948051948051943,0.019293202934678844,4.734,4.601,4.7107928126281315,4.577707803983933,0.02041953557094626,528451200.0,0.7473991922054487,0.02123142250530778,0.010729613733905541,-0.006369426751592355,0
2019-04-17 00:00:00+00:00,4.74,4.76,4.66,4.68,351004000,-0.006369426751592355,-0.006389798098771049,4.71,4.617,4.700528541752088,4.5874499178902255,0.020407300914761235,510044000.0,0.6881837645379615,0.02136752136752129,-0.01265822784810137,-0.004273504273504147,0
2019-04-18 00:00:00+00:00,4.69,4.72,4.63,4.66,380988000,-0.004273504273504147,-0.004282661792000653,4.684,4.62,4.687019027834726,4.594359449519728,0.016705167739324202,487877800.0,0.780908661964123,0.019313304721030013,-0.006396588486140778,0.010729613733905463,1
2019-04-22 00:00:00+00:00,4.63,4.73,4.6,4.71,279936000,0.010729613733905463,0.010672459890771702,4.676,4.6335,4.6946793518898176,4.605372835279754,0.01450398129536591,464492400.0,0.6026707864326736,0.02760084925690038,0.01727861771058317,0.01273885350318471,1
2019-04-23 00:00:00+00:00,4.72,4.8,4.72,4.77,346856000,0.01273885350318471,0.012658396871923383,4.706,4.654999999999999,4.719786234593212,4.621051612872159,0.013310561056379979,455574600.0,0.761359390975704,0.016771488469601692,0.010593220338983014,0.002096436058700357,1
2019-04-24 00:00:00+00:00,4.78,4.82,4.72,4.78,318204000,0.002096436058700357,0.002094241603114888,4.720000000000001,4.673,4.7398574897288075,4.636189554503382,0.012930398618898383,436309400.0,0.7293081469250949,0.02092050209205032,0.0,-0.023012552301255318,0
2019-04-25 00:00:00+00:00,4.74,4.76,4.59,4.67,499296000,-0.023012552301255318,-0.023281474822558712,4.718,4.686,4.716571659819206,4.639409596931632,0.014246111033046672,437555600.0,1.1411029821124448,0.036402569593147735,-0.014767932489451536,-0.047109207708779355,0
2019-04-26 00:00:00+00:00,4.52,4.52,4.33,4.45,868988000,-0.047109207708779355,-0.048254975502657116,4.676,4.686999999999999,4.627714439879471,4.621370587700048,0.018248590994265887,456991800.0,1.9015395899882668,0.04269662921348303,-0.015486725663716682,0.006741573033707926,1
2019-04-29 00:00:00+00:00,4.46,4.51,4.39,4.48,391920000,0.006741573033707926,0.006718950248745026,4.63,4.6865000000000006,4.578476293252981,4.607906722204806,0.018052750588272604,453743000.0,0.863748862241401,0.02678571428571431,0.00448430493273553,0.01116071428571419,1
2019-04-30 00:00:00+00:00,4.45,4.55,4.43,4.53,362920000,0.01116071428571419,0.011098893068048898,4.582000000000001,4.6850000000000005,4.5623175288353215,4.600487034375777,0.017879820051792443,447697800.0,0.8106361031928234,0.026490066225165584,0.017977528089887656,-0.004415011037527727,0
2019-05-01 00:00:00+00:00,4.58,4.62,4.51,4.51,354280000,-0.004415011037527727,-0.004424785980355672,4.5280000000000005,4.6815,4.544878352556881,4.591869221578084,0.01786619127607332,443365800.0,0.799069301240646,0.024390243902439098,-0.015283842794759887,0.015521064301552201,1
2019-05-02 00:00:00+00:00,4.52,4.62,4.48,4.58,394684000,0.015521064301552201,0.01540184461150651,4.51,4.6745,4.556585568371254,4.590738819523028,0.01679906408731211,423924800.0,0.9310236155091658,0.03056768558951958,0.013274336283185952,0.0,0
2019-05-03 00:00:00+00:00,4.59,4.6,4.51,4.58,336824000,0.0,0.0,4.5360000000000005,4.668,4.56439037891417,4.5897160748065495,0.016801668780356365,417897200.0,0.8059972643989958,0.01965065502183403,-0.0021786492374727207,-0.017467248908296984,0
2019-05-06 00:00:00+00:00,4.39,4.51,4.35,4.5,422176000,-0.017467248908296984,-0.017621601349819382,4.540000000000001,4.6545000000000005,4.5429269192761135,4.581171686729736,0.016832482532972745,414918800.0,1.0174906511828339,0.03555555555555559,0.02505694760820053,-0.0377777777777778,0
2019-05-07 00:00:00+00:00,4.45,4.45,4.28,4.33,555220000,-0.0377777777777778,-0.03850985476187563,4.5,4.631500000000001,4.471951279517409,4.557250573707856,0.01850875652703081,421470200.0,1.3173410599373336,0.03926096997690529,-0.026966292134831482,0.004618937644341736,1
2019-05-08 00:00:00+00:00,4.3,4.43,4.29,4.35,419168000,0.004618937644341736,0.004608303086194088,4.468000000000001,4.6125,4.4313008530116065,4.5375124238309175,0.01853904807567349,420430000.0,0.9969983112527651,0.03218390804597694,0.011627906976744146,-0.02298850574712641,0
2019-05-09 00:00:00+00:00,4.28,4.29,4.13,4.25,660248000,-0.02298850574712641,-0.023256862164267256,4.402,4.585,4.370867235341072,4.510130288227973,0.018446915061000047,431203800.0,1.5311738903970697,0.03764705882352944,-0.007009345794392581,-0.007058823529411784,0
2019-05-10 00:00:00+00:00,4.22,4.29,4.1,4.22,569500000,-0.007058823529411784,-0.007083854888404906,4.33,4.5565,4.320578156894048,4.482498832206261,0.018423724622740514,440948800.0,1.2915331666624335,0.04502369668246455,0.0,-0.06161137440758291,0
2019-05-13 00:00:00+00:00,4.09,4.11,3.95,3.96,656912000,-0.06161137440758291,-0.06359110278153124,4.222,4.517,4.2003854379293655,4.4327370386628075,0.022444011312037288,450209000.0,1.459126761126499,0.04040404040404044,-0.031784841075794594,0.022727272727272707,1
2019-05-14 00:00:00+00:00,4.0,4.09,3.96,4.05,524880000,0.022727272727272707,0.022472855852058604,4.1659999999999995,4.4885,4.150256958619577,4.396285892123492,0.023048404019781536,454448400.0,1.1549826118872901,0.03209876543209874,0.012499999999999956,-0.014814814814814725,0
2019-05-15 00:00:00+00:00,4.0,4.03,3.94,3.99,502320000,-0.014814814814814725,-0.01492565021667569,4.094,4.4525,4.096837972413052,4.357591997635541,0.022283772803137286,459816200.0,1.0924364996274598,0.022556390977443684,-0.0024999999999999467,0.0025062656641603454,1
2019-05-16 00:00:00+00:00,3.98,4.05,3.94,4.0,781088000,0.0025062656641603454,0.0025031302181184323,4.0440000000000005,4.4185,4.064558648275368,4.323535616908346,0.02241214043033018,481320400.0,1.6228026071614667,0.02749999999999997,0.005025125628140708,-0.022499999999999964,0
2019-05-17 00:00:00+00:00,3.96,4.09,3.87,3.91,1022068000,-0.022499999999999964,-0.02275698712261609,3.982,4.381,4.013039098850246,4.284151272440885,0.02263694829883396,513374400.0,1.9908822878585297,0.05626598465473139,-0.012626262626262581,-0.03069053708439895,0
2019-05-20 00:00:00+00:00,3.81,3.87,3.77,3.79,572064000,-0.03069053708439895,-0.03117135490293954,3.9480000000000004,4.335,3.938692732566831,4.237089246494134,0.022678690042079515,527980800.0,1.0834939452343721,0.026385224274406354,-0.005249343832021002,0.0237467018469657,1
2019-05-21 00:00:00+00:00,3.85,3.89,3.82,3.88,361848000,0.0237467018469657,0.023469134540847092,3.914,4.2905,3.919128488377887,4.203080746828026,0.023386680097698436,528730400.0,0.6843714679541786,0.018041237113402137,0.007792207792207741,-0.018041237113401998,0
2019-05-22 00:00:00+00:00,3.84,3.86,3.79,3.81,325868000,-0.018041237113401998,-0.018205964496572413,3.878,4.242,3.8827523255852583,4.165644485225357,0.02325945625192256,529113600.0,0.615875305416455,0.01837270341207345,-0.00781249999999995,-0.034120734908136496,0
2019-05-23 00:00:00+00:00,3.74,3.74,3.62,3.68,591844000,-0.034120734908136496,-0.034716436957769936,3.814,4.192500000000001,3.815168217056839,4.119392629489609,0.02370470958804156,533741000.0,1.1088599152023173,0.03260869565217394,-0.016042780748663114,-0.013586956521739246,0
2019-05-24 00:00:00+00:00,3.7,3.74,3.62,3.63,357584000,-0.013586956521739246,-0.013680103904080365,3.7580000000000005,4.1515,3.753445478037893,4.072783807633456,0.022122763891438513,508170800.0,0.7036689239129836,0.03305785123966945,-0.018918918918918996,-0.01377410468319551,0
2019-05-28 00:00:00+00:00,3.65,3.68,3.58,3.58,428356000,-0.01377410468319551,-0.013869847864150353,3.716,4.1065,3.695630318691929,4.02585201643027,0.02177107616039538,509992600.0,0.8399259126504973,0.02793296089385477,-0.019178082191780778,-0.019553072625698387,0
2019-05-29 00:00:00+00:00,3.54,3.57,3.47,3.51,559800000,-0.019553072625698387,-0.019746762934834683,3.6420000000000003,4.0555,3.6337535457946193,3.97672325296072,0.021192161461060233,519836600.0,1.0768768493792087,0.02849002849002839,-0.00847457627118651,-0.008547008547008517,0
2019-05-30 00:00:00+00:00,3.51,3.54,3.44,3.48,394300000,-0.008547008547008517,-0.008583743691391366,3.5760000000000005,4.0040000000000004,3.58250236386308,3.9294162764882707,0.021126419046619806,521837600.0,0.7555990599374212,0.028735632183908073,-0.008547008547008492,-0.025862068965517238,0
2019-05-31 00:00:00+00:00,3.43,3.5,3.38,3.39,389720000,-0.025862068965517238,-0.0262023723940239,3.5180000000000007,3.9444999999999992,3.5183349092420535,3.8780432977751023,0.02021507626856762,521589400.0,0.7471777608977483,0.0353982300884956,-0.011661807580174937,-0.014749262536873253,0
2019-06-03 00:00:00+00:00,3.4,3.44,3.31,3.34,478644000,-0.014749262536873253,-0.014859114403749984,3.460000000000001,3.8824999999999994,3.4588899394947026,3.8268010789393783,0.019903749548875586,528680400.0,0.9053560525413842,0.03892215568862272,-0.01764705882352943,0.07185628742514982,1
2019-06-04 00:00:00+00:00,3.41,3.58,3.39,3.58,641836000,0.07185628742514982,0.06939199342399993,3.46,3.8364999999999996,3.4992599596631355,3.803296214278485,0.02753031802219922,539663400.0,1.189326532056834,0.05307262569832401,0.04985337243401757,-0.013966480446927498,0
2019-06-05 00:00:00+00:00,3.65,3.65,3.5,3.53,511616000,-0.013966480446927498,-0.014064929467403564,3.464000000000001,3.7964999999999995,3.5095066397754238,3.77726800339482,0.026797954093511742,537483200.0,0.9518734725103966,0.042492917847025476,-0.032876712328767155,0.016997167138810276,1
2019-06-06 00:00:00+00:00,3.54,3.62,3.53,3.59,408140000,0.016997167138810276,0.01685433155498206,3.4860000000000007,3.7585,3.5363377598502828,3.759432955452456,0.027289827990481942,536931800.0,0.7601337823537365,0.025069637883008443,0.014124293785310684,0.013927576601671321,1
2019-06-07 00:00:00+00:00,3.6,3.67,3.58,3.64,348856000,0.013927576601671321,0.013831479148461945,3.536,3.728,3.570891839900189,3.748058388266508,0.02757171919460764,521362200.0,0.6691240753549068,0.024725274725274686,0.01111111111111112,0.019230769230769162,1
2019-06-10 00:00:00+00:00,3.69,3.78,3.69,3.71,402780000,0.019230769230769162,0.019048194970694432,3.6100000000000003,3.7024999999999997,3.6172612266001263,3.744433779860174,0.028216438396109787,513026200.0,0.7851061017936316,0.024258760107816673,0.005420054200542011,0.016172506738544534,1
2019-06-11 00:00:00+00:00,3.77,3.81,3.73,3.77,383872000,0.016172506738544534,0.016043124840575462,3.6480000000000006,3.693,3.6681741510667507,3.746868657968729,0.025182876654136207,499374200.0,0.7687061125704933,0.021220159151193654,0.0,-0.03183023872679047,0
2019-06-12 00:00:00+00:00,3.73,3.73,3.64,3.65,358892000,-0.03183023872679047,-0.032347833865519204,3.6720000000000006,3.6729999999999996,3.6621161007111676,3.737643071495517,0.025309565468392983,491074800.0,0.730829600704414,0.024657534246575304,-0.021447721179624683,0.016438356164383494,1
2019-06-13 00:00:00+00:00,3.68,3.73,3.66,3.71,308080000,0.016438356164383494,0.016304709024943742,3.6960000000000006,3.6590000000000003,3.6780774004741117,3.7350103980197535,0.02563916958785086,481362800.0,0.640016220613641,0.018867924528301844,0.008152173913043424,-0.02425876010781669,0
2019-06-14 00:00:00+00:00,3.61,3.64,3.57,3.62,394428000,-0.02425876010781669,-0.02455785078166417,3.692,3.6399999999999997,3.658718266982741,3.724057026779777,0.026009398013076293,462029800.0,0.8536851951973661,0.019337016574585714,0.002770083102493139,0.0027624309392264568,1
2019-06-17 00:00:00+00:00,3.61,3.66,3.59,3.63,276040000,0.0027624309392264568,0.00275862243907965,3.6760000000000006,3.626,3.649145511321828,3.7150992147055124,0.025716226500919,424728400.0,0.6499212202433367,0.01928374655647391,0.005540166204986155,0.052341597796143224,1
2019-06-18 00:00:00+00:00,3.69,3.88,3.68,3.82,581920000,0.052341597796143224,0.05101777434172439,3.686,3.6275,3.7060970075478856,3.7250897656859396,0.02759602675258311,425221200.0,1.3685112595514992,0.05235602094240831,0.035230352303523005,0.002617801047120505,1
2019-06-19 00:00:00+00:00,3.86,3.87,3.8,3.83,331644000,0.002617801047120505,0.00261438057407104,3.7220000000000004,3.625,3.7473980050319238,3.735081216572993,0.027067172347758926,423711000.0,0.7827127452438101,0.018276762402088847,-0.007772020725388551,0.005221932114882533,1
2019-06-20 00:00:00+00:00,3.92,3.93,3.84,3.85,350168000,0.005221932114882533,0.005208345107138079,3.75,3.6270000000000002,3.7815986700212827,3.7460258626136604,0.026772562506426067,424926000.0,0.8240681906967331,0.023376623376623454,-0.017857142857142818,-0.01558441558441559,0
2019-06-21 00:00:00+00:00,3.84,3.89,3.79,3.79,434428000,-0.01558441558441559,-0.015707129205357884,3.7840000000000003,3.6324999999999994,3.784399113347522,3.7502138756980736,0.02577452224319524,417055200.0,1.0416558767280686,0.026385224274406354,-0.013020833333333287,0.0079155672823219,1
2019-06-24 00:00:00+00:00,3.82,3.85,3.77,3.82,282948000,0.0079155672823219,0.007884403524148764,3.8220000000000005,3.6420000000000003,3.796266075565015,3.756860173250638,0.02555741379531507,413323400.0,0.6845680646196175,0.02094240837696337,0.0,-0.007853403141361182,0
2019-06-25 00:00:00+00:00,3.82,3.9,3.78,3.79,311868000,-0.007853403141361182,-0.007884403524148764,3.8160000000000003,3.6525,3.79417738371001,3.7600163472267676,0.025389502653952865,407499000.0,0.7653221234898736,0.03166226912928763,-0.007853403141361206,0.05013192612137196,1
2019-06-26 00:00:00+00:00,3.92,4.04,3.9,3.98,584072000,0.05013192612137196,0.04891580020201136,3.846,3.6759999999999997,3.8561182558066736,3.7809671713004085,0.02677745008622508,408712600.0,1.4290530803307753,0.03517587939698496,0.015306122448979605,0.025125628140703515,1
2019-06-27 00:00:00+00:00,4.07,4.1,4.03,4.08,445440000,0.025125628140703515,0.024815169119724034,3.8920000000000003,3.7059999999999995,3.930745503871116,3.8094464883194172,0.026842849066457845,411269600.0,1.0830851587377235,0.01715686274509789,0.0024570024570024045,0.007352941176470562,1
2019-06-28 00:00:00+00:00,4.12,4.13,4.06,4.11,397668000,0.007352941176470562,0.0073260400920729385,3.9560000000000004,3.7419999999999995,3.9904970025807445,3.838070632288997,0.02561641386514744,411667000.0,0.9659943595187372,0.01703163017031637,-0.0024271844660193657,0.009732360097323589,1
2019-07-01 00:00:00+00:00,4.31,4.35,4.12,4.15,709756000,0.009732360097323589,0.00968530573446369,4.022,3.7825,4.043664668387163,3.867778191118616,0.02496101629123292,423222600.0,1.6770276445539534,0.05542168674698784,-0.03712296983758684,-0.021686746987952032,0
2019-07-02 00:00:00+00:00,4.14,4.16,4.04,4.06,400228000,-0.021686746987952032,-0.021925360628965773,4.0760000000000005,3.8065000000000007,4.049109778924775,3.8860850300597,0.021847999458903387,411142200.0,0.9734539534010374,0.02955665024630545,-0.01932367149758456,0.0024630541871923928,1
2019-07-03 00:00:00+00:00,4.08,4.08,4.01,4.07,246636000,0.0024630541871923928,0.0024600258408624676,4.094,3.8335,4.056073185949851,3.903600741482586,0.021344326291205817,397893200.0,0.6198547751004541,0.01719901719901727,-0.0024509803921568107,-0.014742014742014864,0
2019-07-05 00:00:00+00:00,4.01,4.01,3.94,4.01,396552000,-0.014742014742014864,-0.014851758136025905,4.08,3.8545000000000003,4.040715457299901,3.9137340041985302,0.021756533434004504,397313800.0,0.9980826238605355,0.01745635910224435,0.0,-0.01995012468827917,0
2019-07-08 00:00:00+00:00,3.95,3.96,3.9,3.93,329788000,-0.01995012468827917,-0.02015181543730793,4.0440000000000005,3.8689999999999998,4.003810304866601,3.915283146655813,0.02239198486014092,396360400.0,0.8320407386812608,0.015267175572519097,-0.005063291139240511,0.0,0
2019-07-09 00:00:00+00:00,3.89,3.96,3.88,3.93,342860000,0.0,0.0,4.0,3.8800000000000003,3.9792068699110676,3.9166847517362116,0.022114128219797965,393364400.0,0.8716091237539544,0.02035623409669213,0.010282776349614406,0.01781170483460559,1
2019-07-10 00:00:00+00:00,3.98,4.06,3.96,4.0,452076000,0.01781170483460559,0.017654935238720748,3.9880000000000004,3.8914999999999997,3.986137913274045,3.924619537285144,0.022167494473969145,396774600.0,1.1393773694183045,0.02499999999999991,0.005025125628140708,0.040000000000000036,1
2019-07-11 00:00:00+00:00,4.08,4.2,4.04,4.16,682560000,0.040000000000000036,0.03922071315328135,4.006,3.9170000000000003,4.044091942182697,3.9470367242103683,0.021943124087336188,412958000.0,1.6528557383559588,0.03846153846153849,0.01960784313725492,0.007211538461538547,1
2019-07-12 00:00:00+00:00,4.18,4.26,4.18,4.19,506392000,0.007211538461538547,0.007185659660874588,4.042000000000001,3.941,4.0927279614551315,3.9701760838093807,0.021823950692281754,422873600.0,1.1975020431637255,0.019093078758949895,0.002392344497607817,-0.0023866348448688957,0
2019-07-15 00:00:00+00:00,4.21,4.23,4.15,4.18,289840000,-0.0023866348448688957,-0.00238948739738154,4.0920000000000005,3.9690000000000003,4.121818640970088,3.9901593139227733,0.02072087874922851,417644200.0,0.693987848987248,0.01913875598086126,-0.007125890736342102,0.0,0
2019-07-16 00:00:00+00:00,4.17,4.2,4.12,4.18,341444000,0.0,0.0,4.142,3.9964999999999997,4.141212427313392,4.008239379263461,0.020761084886309476,420914400.0,0.811195815586257,0.01913875598086126,0.0023980815347721313,0.014354066985646119,1
2019-07-17 00:00:00+00:00,4.18,4.25,4.15,4.24,348204000,0.014354066985646119,0.014252022707201384,4.1899999999999995,4.0175,4.174141618208928,4.030311819333607,0.018123606539149784,409228600.0,0.8508789463884,0.023584905660377273,0.014354066985646053,0.002358490566037652,1
2019-07-18 00:00:00+00:00,4.25,4.32,4.2,4.25,442192000,0.002358490566037652,0.002355713692459016,4.208,4.038500000000001,4.199427745472619,4.051234503206597,0.018125652727839083,414756000.0,1.0661497362304584,0.028235294117647084,0.0,-0.009411764705882342,0
2019-07-19 00:00:00+00:00,4.29,4.3,4.21,4.21,344896000,-0.009411764705882342,-0.009456335242035374,4.212000000000001,4.0565,4.2029518303150795,4.066355026710731,0.018419642480180184,414492400.0,0.8320924581488105,0.021377672209026095,-0.018648018648018665,0.016627078384798155,1
2019-07-22 00:00:00+00:00,4.23,4.3,4.22,4.28,315940000,0.016627078384798155,0.01649036189941544,4.232000000000001,4.081,4.228634553543387,4.0867021670239945,0.01796481033594277,408568000.0,0.7732862093947641,0.018691588785046745,0.011820330969267096,0.025700934579439227,1
2019-07-23 00:00:00+00:00,4.32,4.39,4.31,4.39,428176000,0.025700934579439227,0.025376217493374487,4.274000000000001,4.1095,4.282423035695591,4.115587674926471,0.018475825618437,415829400.0,1.0296915032943799,0.018223234624145802,0.016203703703703564,0.018223234624145768,1
2019-07-24 00:00:00+00:00,4.43,4.47,4.36,4.47,366236000,0.018223234624145768,0.018059181538397473,4.32,4.1435,4.344948690463728,4.149341229695378,0.018289000105862378,418547800.0,0.8750159479992489,0.024608501118568108,0.009029345372460505,-0.031319910514541305,0
2019-07-25 00:00:00+00:00,4.42,4.44,4.31,4.33,392700000,-0.031319910514541305,-0.03182086661107886,4.336,4.161,4.339965793642485,4.166546826867247,0.01774303468180151,408979200.0,0.960195530726257,0.03002309468822189,-0.020361990950226214,0.011547344110854452,1
2019-07-26 00:00:00+00:00,4.36,4.42,4.36,4.38,274160000,0.011547344110854452,0.011481182373956234,4.37,4.176,4.3533105290949905,4.186875700498938,0.0171694526102355,400415200.0,0.68468929251437,0.013698630136986212,0.0045871559633026545,-0.0022831050228310223,0
2019-07-29 00:00:00+00:00,4.37,4.39,4.28,4.37,248160000,-0.0022831050228310223,-0.002285715280855971,4.388,4.189,4.358873686063327,4.204316109975229,0.017192629031926476,392939800.0,0.6315471224854291,0.02517162471395868,0.0,0.004576659038901587,1
2019-07-30 00:00:00+00:00,4.32,4.4,4.31,4.39,197772000,0.004576659038901587,0.004566217979581122,4.388,4.201,4.369249124042218,4.222000289977588,0.01712689296247183,367340600.0,0.5383886235281371,0.02050113895216418,0.016203703703703564,-0.038724373576309756,0
2019-07-31 00:00:00+00:00,4.35,4.36,4.18,4.22,359416000,-0.038724373576309756,-0.03949409903915946,4.338,4.209,4.319499416028146,4.221809786170199,0.018828423636545147,365300000.0,0.9838926909389543,0.042654028436019106,-0.029885057471264347,-0.023696682464454888,0
2019-08-01 00:00:00+00:00,4.23,4.32,4.07,4.12,421212000,-0.023696682464454888,-0.02398196468648539,4.296,4.2115,4.252999610685431,4.212113616058751,0.019697727822721087,374028800.0,1.1261485746552138,0.06067961165048544,-0.02600472813238778,-0.021844660194174748,0
2019-08-02 00:00:00+00:00,4.03,4.1,3.98,4.03,428348000,-0.021844660194174748,-0.022086787402843422,4.226000000000001,4.2125,4.178666407123621,4.194769462148394,0.02005974944893478,375618600.0,1.140380162217739,0.029776674937965174,0.0,-0.06451612903225812,0
2019-08-05 00:00:00+00:00,3.85,3.85,3.72,3.77,589156000,-0.06451612903225812,-0.06669137449867235,4.106,4.2045,4.042444271415747,4.154315227658071,0.024710938029428073,388587000.0,1.5161495366545974,0.03448275862068963,-0.020779220779220797,0.010610079575596787,1
2019-08-06 00:00:00+00:00,3.85,3.89,3.76,3.81,361272000,0.010610079575596787,0.010554187678690319,3.9899999999999998,4.1985,3.9649628476104986,4.121523301214444,0.024869837909106608,389507600.0,0.9275095017401458,0.03412073490813657,-0.010389610389610398,0.01049868766404205,1
2019-08-07 00:00:00+00:00,3.75,3.86,3.73,3.85,372560000,0.01049868766404205,0.010443959161083205,3.9160000000000004,4.191,3.926641898406999,4.095663939194021,0.024627847036299094,385531800.0,0.9663534888691413,0.033766233766233736,0.02666666666666669,0.02857142857142847,1
2019-08-08 00:00:00+00:00,3.91,3.96,3.85,3.96,309300000,0.02857142857142847,0.0281708769666964,3.8840000000000003,4.181,3.9377612656046663,4.082743564032686,0.023765389865810334,366868800.0,0.8430806871557353,0.027777777777777745,0.012787723785166195,-0.02777777777777779,0
2019-08-09 00:00:00+00:00,3.92,3.92,3.8,3.85,341816000,-0.02777777777777779,-0.0281708769666964,3.8480000000000003,4.164,3.908507510403111,4.060577510315287,0.024318431778680615,358640000.0,0.9530894490296676,0.031168831168831197,-0.017857142857142818,-0.01558441558441559,0
2019-08-12 00:00:00+00:00,3.8,3.85,3.76,3.79,279200000,-0.01558441558441559,-0.015707129205357884,3.8520000000000003,4.1445,3.8690050069354074,4.034808223618594,0.024447331843160506,358108000.0,0.7796530655556424,0.023746701846965777,-0.002631578947368365,0.029023746701847042,1
2019-08-13 00:00:00+00:00,3.78,3.95,3.75,3.9,351956000,0.029023746701847042,0.02861053404126568,3.87,4.1305,3.8793366712902717,4.021969345178728,0.025560691142902794,358633600.0,0.981380439534946,0.05128205128205133,0.03174603174603178,-0.038461538461538436,0
2019-08-14 00:00:00+00:00,3.81,3.82,3.71,3.75,419880000,-0.038461538461538436,-0.03922071315328113,3.85,4.106,3.836224447526848,3.996067502780754,0.026392837587735786,362217400.0,1.1591933463163282,0.0293333333333333,-0.015748031496063006,-0.007999999999999896,0
2019-08-15 00:00:00+00:00,3.77,3.79,3.68,3.72,477200000,-0.007999999999999896,-0.008032171697264223,3.8020000000000005,4.0794999999999995,3.797482965017899,3.9697753596587773,0.026318950226757086,363967800.0,1.3111049933538077,0.029569892473118243,-0.013262599469495973,0.07258064516129026,1
2019-08-16 00:00:00+00:00,3.98,4.04,3.92,3.99,1007960000,0.07258064516129026,0.07006756261671687,3.8300000000000005,4.0685,3.861655310011933,3.9717015158817506,0.03139235179885325,397121000.0,2.538168467545156,0.030075187969924838,0.00251256281407041,0.070175438596491,1
2019-08-19 00:00:00+00:00,4.1,4.29,4.09,4.27,815112000,0.070175438596491,0.06782259633876087,3.9260000000000006,4.068,3.9977702066746224,4.000110895321583,0.03494043448399371,422079600.0,1.9311807535829735,0.046838407494145244,0.04146341463414633,-0.016393442622950727,0
2019-08-20 00:00:00+00:00,4.26,4.26,4.18,4.2,463188000,-0.016393442622950727,-0.016529301951210273,3.9859999999999998,4.0585,4.065180137783082,4.0191479529100045,0.03458589961564316,423830200.0,1.0928621886783905,0.019047619047619063,-0.01408450704225343,0.01904761904761898,1
2019-08-21 00:00:00+00:00,4.26,4.34,4.24,4.28,427244000,0.01904761904761898,0.018868484304382704,4.0920000000000005,4.049,4.136786758522055,4.0439910050138135,0.034611329329964274,426880600.0,1.0008512919069172,0.023364485981308327,0.004694835680751282,0.002336448598130758,1
2019-08-22 00:00:00+00:00,4.29,4.33,4.25,4.29,303488000,0.002336448598130758,0.0023337233462201734,4.206,4.047,4.187857839014703,4.067420433107736,0.03390687089051336,422420000.0,0.718450830926566,0.018648018648018665,0.0,-0.053613053613053685,0
2019-08-23 00:00:00+00:00,4.21,4.26,4.04,4.06,568056000,-0.053613053613053685,-0.05510375932628442,4.220000000000001,4.031000000000001,4.145238559343135,4.066713725192713,0.03588356520539087,437114800.0,1.2995579193383524,0.05418719211822654,-0.0356294536817103,0.019704433497536922,1
2019-08-26 00:00:00+00:00,4.14,4.16,4.1,4.14,318208000,0.019704433497536922,0.019512814223581643,4.194,4.0195,4.143492372895423,4.073693370412455,0.03626083692531117,440617200.0,0.7221869686430761,0.014492753623188527,0.0,-0.02415458937198056,0
2019-08-27 00:00:00+00:00,4.17,4.18,4.02,4.04,290968000,-0.02415458937198056,-0.024451095864164163,4.162000000000001,4.002000000000001,4.108994915263615,4.070484477992221,0.03653414737238552,445277000.0,0.6534539174491384,0.03960396039603964,-0.031175059952038345,-0.0024752475247524774,0
2019-08-28 00:00:00+00:00,4.01,4.08,3.98,4.03,255612000,-0.0024752475247524774,-0.002478316014467019,4.112,3.9925000000000006,4.0826632768424105,4.066628813421533,0.03557462745632606,440086800.0,0.580821783339105,0.024813895781637736,0.004987531172069941,0.03473945409429269,1
2019-08-29 00:00:00+00:00,4.12,4.21,4.12,4.17,357976000,0.03473945409429269,0.034149659852118486,4.088,3.995,4.111775517894941,4.076473688333768,0.0360813654657811,436925000.0,0.8193076614979687,0.021582733812949607,0.012135922330097044,0.004796163069544557,1
2019-08-30 00:00:00+00:00,4.22,4.27,4.17,4.19,290616000,0.004796163069544557,0.004784698123336373,4.114000000000001,4.003,4.137850345263295,4.0872857180162665,0.03569017433340011,430038400.0,0.6757908130994813,0.023866348448687263,-0.007109004739336342,-0.02147971360381884,0
2019-09-03 00:00:00+00:00,4.11,4.15,4.08,4.1,296140000,-0.02147971360381884,-0.021713760223784462,4.106,4.0195,4.125233563508863,4.088496602014717,0.03240326781990077,415387600.0,0.7129245071350228,0.017073170731707388,-0.0024330900243310642,0.029268292682926855,1
2019-09-04 00:00:00+00:00,4.17,4.23,4.17,4.22,227728000,0.029268292682926855,0.028848154337658416,4.142,4.04,4.156822375672576,4.1010207351561725,0.03284737186540427,408710400.0,0.5571867023692081,0.014218009478673105,0.01199040767386087,0.0639810426540286,1
2019-09-05 00:00:00+00:00,4.32,4.5,4.32,4.49,695676000,0.0639810426540286,0.0620175737062425,4.234,4.072,4.267881583781717,4.138066379427014,0.03522636963879669,424866200.0,1.6374001979917443,0.04008908685968813,0.03935185185185183,-0.0044543429844099425,0
2019-09-06 00:00:00+00:00,4.47,4.53,4.43,4.47,376976000,-0.0044543429844099425,-0.00446429312868557,4.294,4.0975,4.335254389187812,4.169679105195869,0.03498269219935377,428250000.0,0.8802708698190309,0.022371364653243967,0.0,0.008948545861297452,1
2019-09-09 00:00:00+00:00,4.5,4.6,4.5,4.51,417524000,0.008948545861297452,0.008908744889109643,4.3580000000000005,4.1305,4.393502926125208,4.202090618986739,0.03404316921426216,432035400.0,0.9664115486832792,0.022172949002217217,0.002222222222222175,0.015521064301552201,1
2019-09-10 00:00:00+00:00,4.48,4.61,4.47,4.58,352812000,0.015521064301552201,0.01540184461150651,4.454,4.17,4.455668617416806,4.23808198860705,0.033615242380965527,435716000.0,0.8097292731963022,0.030567685589519774,0.02232142857142849,0.0065502183406114245,1
2019-09-11 00:00:00+00:00,4.59,4.66,4.57,4.61,361512000,0.0065502183406114245,0.006528858882463684,4.532000000000001,4.2055,4.507112411611204,4.273502751596855,0.033314662602115186,436193800.0,0.8287875710292076,0.01952277657266808,0.004357298474945635,0.0,0
2019-09-12 00:00:00+00:00,4.66,4.71,4.6,4.61,327840000,0.0,0.0,4.556,4.2485,4.54140827440747,4.305550108587631,0.03146955006361978,431591800.0,0.7596066468362003,0.02386117136659443,-0.010729613733905541,-0.013015184381778844,0
2019-09-13 00:00:00+00:00,4.54,4.58,4.5,4.55,324592000,-0.013015184381778844,-0.013100624045698117,4.572,4.290000000000001,4.544272182938313,4.328831050626904,0.03164506655541561,423961400.0,0.7656168698376786,0.0175824175824176,0.0022026431718061203,-0.00879120879120876,0
2019-09-16 00:00:00+00:00,4.47,4.54,4.46,4.51,231832000,-0.00879120879120876,-0.008830079448272077,4.572000000000001,4.316,4.532848121958875,4.346085236281485,0.028537220589164188,385155000.0,0.6019187080526022,0.017738359201773853,0.008948545861297548,0.004434589800443645,1
2019-09-17 00:00:00+00:00,4.51,4.53,4.47,4.53,223048000,0.004434589800443645,0.004424785980355672,4.562,4.329,4.531898747972584,4.3636009280642005,0.024568333259691516,355551800.0,0.6273291261638951,0.01324503311258289,0.004434589800443561,-0.0066225165562914245,0
2019-09-18 00:00:00+00:00,4.52,4.54,4.41,4.5,258152000,-0.0066225165562914245,-0.006644542718668545,4.540000000000001,4.343999999999999,4.521265831981723,4.37659131586761,0.024253135163461143,345300000.0,0.7476165653055314,0.028888888888888867,-0.004424778761061853,-0.01777777777777778,0
2019-09-19 00:00:00+00:00,4.51,4.52,4.41,4.42,245476000,-0.01777777777777778,-0.017937700686667446,4.502000000000001,4.351,4.487510554654483,4.380725476261171,0.024417443961111517,336211600.0,0.7301235293487791,0.024886877828054172,-0.019955654101995533,-0.02262443438914019,0
2019-09-20 00:00:00+00:00,4.42,4.45,4.31,4.32,350244000,-0.02262443438914019,-0.02288429383358781,4.456,4.352500000000001,4.431673703102989,4.3749420975696305,0.025021712133422205,338549400.0,1.0345432601564204,0.03240740740740754,-0.02262443438914019,0.011574074074073959,1
2019-09-23 00:00:00+00:00,4.32,4.42,4.31,4.37,249712000,0.011574074074073959,0.01150760685147989,4.428000000000001,4.368,4.411115802068659,4.374471421610618,0.021427187898685914,322632200.0,0.7739835019567173,0.02517162471395888,0.011574074074074032,-0.013729977116704872,0
2019-09-24 00:00:00+00:00,4.4,4.43,4.28,4.31,317268000,-0.013729977116704872,-0.01382510499184253,4.384,4.3765,4.377410534712439,4.368331286219131,0.021427327040380775,322585200.0,0.9835169127411921,0.0348027842227377,-0.02045454545454562,0.03480278422273786,1
2019-09-25 00:00:00+00:00,4.31,4.48,4.27,4.46,308432000,0.03480278422273786,0.03421086191631639,4.376,4.397499999999999,4.40494035647496,4.377061639912547,0.021628288158612702,323458400.0,0.9535445670911623,0.047085201793722165,0.03480278422273791,-0.006726457399103158,0
2019-09-26 00:00:00+00:00,4.45,4.45,4.38,4.43,234564000,-0.006726457399103158,-0.006749181974928353,4.378,4.4174999999999995,4.413293570983306,4.382103388492305,0.021726302421565556,322406000.0,0.7275422913965621,0.015801354401805936,-0.004494382022472014,-0.03160270880361171,0
2019-09-27 00:00:00+00:00,4.39,4.44,4.23,4.29,362056000,-0.03160270880361171,-0.0321128511171187,4.372,4.423500000000001,4.372195713988871,4.373331637207324,0.022053971406503243,322610000.0,1.12227147329593,0.048951048951048945,-0.022779043280182154,0.013986013986013957,1
2019-09-30 00:00:00+00:00,4.32,4.36,4.29,4.35,186184000,0.013986013986013957,0.013889112160667016,4.368,4.4315,4.364797142659247,4.371109576520912,0.022220444789938214,317388400.0,0.586612491193755,0.01609195402298857,0.006944444444444296,0.0,0
2019-10-01 00:00:00+00:00,4.38,4.53,4.35,4.35,366008000,0.0,0.0,4.3759999999999994,4.444,4.359864761772831,4.369099140661778,0.021526948663623494,320881800.0,1.1406318463683511,0.04137931034482773,-0.0068493150684932076,-0.0045977011494251485,0
2019-10-02 00:00:00+00:00,4.33,4.34,4.25,4.33,293372000,-0.0045977011494251485,-0.004608303086194088,4.3500000000000005,4.4495,4.349909841181888,4.365375412979703,0.020693069744545874,324164000.0,0.9050110437926482,0.020785219399538073,0.0,0.04618937644341803,1
2019-10-03 00:00:00+00:00,4.33,4.54,4.3,4.53,450588000,0.04618937644341803,0.04515439748054417,4.37,4.4515,4.409939894121259,4.381053945076874,0.01829261344245108,311909600.0,1.4446108744328485,0.05298013245033117,0.046189376443418056,0.004415011037527394,1
2019-10-04 00:00:00+00:00,4.54,4.58,4.47,4.55,265524000,0.004415011037527394,0.004405293467916405,4.422,4.4555,4.45662659608084,4.397144045545743,0.01827487633539415,306337000.0,0.866770909162132,0.024175824175824246,0.0022026431718061203,0.013186813186813362,1
2019-10-07 00:00:00+00:00,4.61,4.71,4.61,4.61,480984000,0.013186813186813362,0.013100624045698117,4.474000000000001,4.460500000000001,4.507751064053894,4.417416041208053,0.018395361426112894,309510000.0,1.5540176407870505,0.021691973969631156,0.0,-0.03904555314533631,0
2019-10-08 00:00:00+00:00,4.52,4.52,4.41,4.43,444436000,-0.03904555314533631,-0.03982827295151292,4.49,4.453,4.481834042702596,4.418614513473953,0.02019259487213368,314091200.0,1.4149902958121718,0.02483069977426624,-0.019911504424778733,0.020316027088036037,1
2019-10-09 00:00:00+00:00,4.51,4.57,4.48,4.52,292412000,0.020316027088036037,0.020112409787095498,4.5280000000000005,4.4485,4.494556028468398,4.428270274095481,0.02070464819503149,310636200.0,0.9413326585890505,0.019911504424778733,0.0022172949002216822,0.013274336283185972,1
2019-10-10 00:00:00+00:00,4.52,4.63,4.51,4.58,309124000,0.013274336283185972,0.01318700428195374,4.538,4.447,4.523037352312265,4.442720724181625,0.02094625732899016,309700400.0,0.9981388464464366,0.026200873362445438,0.013274336283185952,0.015283842794759916,1
2019-10-11 00:00:00+00:00,4.66,4.73,4.64,4.65,446404000,0.015283842794759916,0.015168221473171428,4.558,4.452,4.565358234874844,4.4624616075929,0.02099262623297882,315791000.0,1.4136058342384679,0.01935483870967758,-0.00214592274678107,0.0021505376344086446,1
2019-10-14 00:00:00+00:00,4.64,4.68,4.61,4.66,200040000,0.0021505376344086446,0.002148228538289665,4.5680000000000005,4.4595,4.596905489916563,4.481274787822147,0.02086279534252702,314201400.0,0.6366617080636815,0.015021459227467681,0.004310344827586307,0.05364806866952798,1
2019-10-15 00:00:00+00:00,4.75,4.98,4.74,4.91,664124000,0.05364806866952798,0.052258493668874584,4.664,4.4785,4.701270326611042,4.522105760410514,0.0237424036344473,336255200.0,1.975059419155451,0.048879837067209816,0.033684210526315816,-0.010183299389001976,0
2019-10-16 00:00:00+00:00,4.88,4.98,4.84,4.86,428944000,-0.010183299389001976,-0.01023550389402672,4.732000000000001,4.4965,4.754180217740695,4.554286164180941,0.023840732094999647,344794800.0,1.24405588483353,0.028806584362140033,-0.0040983606557376175,0.0,0
2019-10-17 00:00:00+00:00,4.9,4.95,4.8,4.86,263436000,0.0,0.0,4.788000000000001,4.5185,4.789453478493797,4.58340176759228,0.023309507949853366,345692800.0,0.7620523192846366,0.03086419753086427,-0.008163265306122455,-0.020576131687242927,0
2019-10-18 00:00:00+00:00,4.86,4.89,4.69,4.76,307440000,-0.020576131687242927,-0.020790769669073894,4.8100000000000005,4.5405,4.7796356523291985,4.6002206468692055,0.02318326169380059,343552600.0,0.8948848007554011,0.042016806722688926,-0.020576131687242906,0.02941176470588247,1
2019-10-21 00:00:00+00:00,4.82,4.91,4.8,4.9,261868000,0.02941176470588247,0.028987536873252395,4.8580000000000005,4.567,4.819757101552799,4.628771061453091,0.023769553625043002,344160400.0,0.7608893992452357,0.0224489795918368,0.016597510373443997,-0.0020408163265307477,0
2019-10-22 00:00:00+00:00,4.96,5.06,4.88,4.89,328720000,-0.0020408163265307477,-0.0020429016298004754,4.854000000000001,4.596,4.8431714010352,4.653650007981367,0.02340272964860093,344733000.0,0.953549558643936,0.03680981595092019,-0.014112903225806508,-0.002044989775051076,0
2019-10-23 00:00:00+00:00,4.81,4.89,4.78,4.88,279916000,-0.002044989775051076,-0.002047083621724788,4.8580000000000005,4.617,4.855447600690133,4.67520715007838,0.022515392870683534,343307200.0,0.8153513820857821,0.02254098360655726,0.014553014553014613,0.008196721311475308,1
2019-10-24 00:00:00+00:00,4.92,4.96,4.88,4.92,232020000,0.008196721311475308,0.008163310639160981,4.87,4.6415,4.876965067126756,4.6985207548328205,0.02236971322129636,343180000.0,0.6760883501369543,0.016260162601626032,0.0,0.03861788617886197,1
2019-10-25 00:00:00+00:00,5.0,5.13,4.99,5.11,423092000,0.03861788617886197,0.03789087371139632,4.94,4.682499999999999,4.954643378084504,4.737709254372551,0.021682800180634912,346231800.0,1.2219905854979236,0.02739726027397254,0.022000000000000065,0.011741682974559575,1
2019-10-28 00:00:00+00:00,5.16,5.22,5.13,5.17,330792000,0.011741682974559575,0.011673284304724696,4.994000000000001,4.7235,5.026428918723003,4.778879801575165,0.021660785476747053,353462200.0,0.9358624486578763,0.017408123791102487,0.0019379844961239896,-0.01934235976789156,0
2019-10-29 00:00:00+00:00,5.16,5.16,5.05,5.07,211236000,-0.01934235976789156,-0.01953187091724584,5.03,4.759500000000001,5.040952612482002,4.806605534758483,0.02249483151131207,345723600.0,0.6109967615748534,0.021696252465483297,-0.01744186046511625,0.0019723865877712132,1
2019-10-30 00:00:00+00:00,5.1,5.11,5.01,5.08,205960000,0.0019723865877712132,0.001970443987298731,5.070000000000001,4.797000000000001,5.053968408321335,4.832643102876722,0.022353676590078694,341353000.0,0.6033636733821001,0.019685039370078844,-0.003921568627450897,-0.009842519685039353,0
2019-10-31 00:00:00+00:00,5.05,5.08,4.95,5.03,209732000,-0.009842519685039353,-0.009891277478742744,5.0920000000000005,4.822000000000001,5.045978938880891,4.851438997840844,0.020876563052712717,329310200.0,0.6368827931840556,0.025844930417495006,-0.003960396039603876,0.005964214711729587,1
2019-11-01 00:00:00+00:00,4.99,5.1,4.96,5.06,283640000,0.005964214711729587,0.005946499187726273,5.082000000000001,4.847499999999999,5.050652625920595,4.87130195042743,0.02087618407200934,330216000.0,0.8589529277806042,0.027667984189723258,0.014028056112224328,0.03952569169960474,1
2019-11-04 00:00:00+00:00,5.15,5.28,5.12,5.26,376716000,0.03952569169960474,0.03876454345024438,5.1,4.88,5.120435083947063,4.908320812291484,0.022131147675778666,325002600.0,1.1591168809111065,0.03041825095057037,0.021359223300970762,-0.0038022813688212143,0
2019-11-05 00:00:00+00:00,5.26,5.29,5.19,5.24,300868000,-0.0038022813688212143,-0.003809528416667707,5.134,4.9205,5.160290055964709,4.939909306358961,0.01945875702829103,317824200.0,0.9466491223764585,0.019083969465648786,-0.003802281368821212,-0.009541984732824416,0
2019-11-06 00:00:00+00:00,5.22,5.24,5.1,5.19,269012000,-0.009541984732824416,-0.009587801155153564,5.156000000000001,4.954000000000001,5.17019337064314,4.963727467658108,0.019649915871339015,316654200.0,0.849545024193584,0.026974951830443267,-0.005747126436781487,0.0038535645472059787,1
2019-11-07 00:00:00+00:00,5.28,5.29,5.16,5.21,280340000,0.0038535645472059787,0.0038461585874782767,5.192,4.9855,5.183462247095427,4.987181994547812,0.019603851293940086,315215000.0,0.8893612296369144,0.024952015355086354,-0.01325757575757581,-0.0038387715930900956,0
2019-11-08 00:00:00+00:00,5.19,5.23,5.15,5.19,189100000,-0.0038387715930900956,-0.0038461585874782767,5.218000000000001,5.0125,5.185641498063619,5.006497995067068,0.019619550329198508,302349800.0,0.6254345132690678,0.015414258188824675,0.0,0.0019267822736031004,1
2019-11-11 00:00:00+00:00,5.19,5.23,5.11,5.2,243436000,0.0019267822736031004,0.0019249284095843588,5.206,5.0395,5.190427665375747,5.024926757441634,0.01962161755969462,304519600.0,0.7994099558780453,0.023076923076923096,0.0019267822736030416,0.007692307692307665,1
2019-11-12 00:00:00+00:00,5.24,5.3,5.21,5.24,283504000,0.007692307692307665,0.007662872745569205,5.206000000000001,5.055999999999999,5.206951776917165,5.045409923399574,0.01627468357402081,285488600.0,0.9930484089382203,0.017175572519083943,0.0,-0.005725190839694694,0
2019-11-13 00:00:00+00:00,5.21,5.24,5.15,5.21,300188000,-0.005725190839694694,-0.005741642567675287,5.210000000000001,5.0735,5.20796785127811,5.061085168790091,0.01610884179135633,279050800.0,1.0757467815895887,0.017274472168905923,0.0,0.0057581573896352545,1
2019-11-14 00:00:00+00:00,5.22,5.25,5.16,5.24,518080000,0.0057581573896352545,0.005741642567675287,5.216,5.092499999999999,5.2186452341854075,5.078124676524368,0.0160947700450049,291783000.0,1.7755660884972737,0.017175572519083943,0.0038314176245211615,-0.026717557251908497,0
2019-11-15 00:00:00+00:00,5.24,5.29,5.02,5.1,1053628000,-0.026717557251908497,-0.02708095860267079,5.198,5.109500000000001,5.179096822790272,5.080208040664904,0.016651677949511473,329092400.0,3.201617539633246,0.05294117647058833,-0.026717557251908504,0.04117647058823537,1
2019-11-18 00:00:00+00:00,5.1,5.33,5.09,5.31,574588000,0.04117647058823537,0.04035129552356742,5.220000000000001,5.13,5.222731215193515,5.102092989173008,0.017728033648868213,344728400.0,1.6667846339321042,0.04519774011299439,0.04117647058823529,-0.020715630885122294,0
2019-11-19 00:00:00+00:00,5.28,5.3,5.14,5.2,414564000,-0.020715630885122294,-0.020933209666465835,5.212000000000001,5.1455,5.215154143462344,5.111417466394626,0.018552003930127667,349020600.0,1.1877923538037582,0.030769230769230795,-0.015151515151515164,0.01538461538461533,1
2019-11-20 00:00:00+00:00,5.18,5.36,5.16,5.28,472588000,0.01538461538461533,0.015267472130788606,5.226000000000001,5.1655,5.236769428974896,5.127472945785614,0.01870385465819029,358654200.0,1.3176703353815458,0.03787878787878791,0.01930501930501941,-0.005681818181818232,0
2019-11-21 00:00:00+00:00,5.28,5.33,5.23,5.25,288388000,-0.005681818181818232,-0.005698021114637797,5.228,5.182,5.241179619316598,5.139142189044128,0.018795675830989414,361472600.0,0.7978142741662854,0.01904761904761898,-0.005681818181818229,0.003809523809523707,1
2019-11-22 00:00:00+00:00,5.28,5.32,5.25,5.27,224100000,0.003809523809523707,0.0038022859497384154,5.2620000000000005,5.1899999999999995,5.250786412877732,5.151604837706592,0.01694295414874943,351523000.0,0.6375116279731341,0.013282732447817892,-0.0018939393939395217,0.04933586337760931,1
2019-11-25 00:00:00+00:00,5.4,5.54,5.39,5.53,506476000,0.04933586337760931,0.048157452980972515,5.306,5.208,5.3438576085851555,5.187642472210726,0.01981233800193779,360307200.0,1.4056782656577498,0.02712477396021706,0.024074074074074053,-0.019891500904159143,0
2019-11-26 00:00:00+00:00,5.51,5.52,5.42,5.42,385244000,-0.019891500904159143,-0.02009200008268852,5.35,5.225499999999999,5.369238405723437,5.209771760571609,0.01984677531822479,369007600.0,1.0440001777741164,0.018450184501844952,-0.016333938294010864,0.007380073800737907,1
2019-11-27 00:00:00+00:00,5.47,5.5,5.43,5.46,215784000,0.007380073800737907,0.007352974305258719,5.386000000000001,5.2445,5.399492270482291,5.233603021469552,0.019863745393536875,369498800.0,0.583991071148269,0.012820512820512872,-0.0018281535648994127,-0.0073260073260073,0
2019-11-29 00:00:00+00:00,5.42,5.45,5.39,5.42,141556000,-0.0073260073260073,-0.007352974305258719,5.42,5.264,5.406328180321528,5.251355114662928,0.019780898894322756,366090000.0,0.3866699445491546,0.011070110701107102,0.0,-0.03505535055350539,0
2019-12-02 00:00:00+00:00,5.41,5.42,5.22,5.23,372036000,-0.03505535055350539,-0.03568453737472321,5.412000000000001,5.2725,5.3475521202143526,5.24932129421884,0.021638959360084583,370509800.0,1.0041191892899999,0.0382409177820268,-0.033271719038816955,-0.007648183556405397,0
2019-12-03 00:00:00+00:00,5.05,5.2,5.01,5.19,465232000,-0.007648183556405397,-0.007677580899034364,5.344,5.269,5.295034746809568,5.2436716471503795,0.019866032372431192,374935600.0,1.2408317588407183,0.036608863198458644,0.027722772277227838,0.00963391136801528,1
2019-12-04 00:00:00+00:00,5.28,5.3,5.21,5.24,273424000,0.00963391136801528,0.009587801155153564,5.308000000000002,5.269,5.2766898312063795,5.2433219664693915,0.01998013941319488,373563400.0,0.7319346595517655,0.017175572519083943,-0.007575757575757582,-0.003816793893129833,0
2019-12-05 00:00:00+00:00,5.26,5.27,5.19,5.22,184884000,-0.003816793893129833,-0.0038240964384035347,5.260000000000001,5.2705,5.257793220804253,5.24110082680564,0.019875865047602616,369357000.0,0.5005563722902233,0.015325670498084136,-0.0076045627376425924,0.015325670498084198,1
2019-12-06 00:00:00+00:00,5.29,5.34,5.28,5.3,232236000,0.015325670498084198,0.015209418663528762,5.236,5.275,5.271862147202835,5.24671027187177,0.02014353502801775,366951800.0,0.6328787595537071,0.011320754716981058,0.0018903591682419257,0.0,0
2019-12-09 00:00:00+00:00,5.28,5.36,5.27,5.3,211880000,0.0,0.0,5.25,5.2805,5.281241431468557,5.251785484074459,0.02011461655001554,368090800.0,0.5756188418727118,0.01698113207547184,0.003787878787878707,0.00943396226415083,1
2019-12-10 00:00:00+00:00,5.33,5.4,5.28,5.35,256388000,0.00943396226415083,0.009389740349839082,5.282000000000001,5.288,5.304160954312372,5.261139247495938,0.020200804884349832,368738400.0,0.6953113643710555,0.022429906542056097,0.0037523452157597697,0.01495327102803734,1
2019-12-11 00:00:00+00:00,5.36,5.44,5.36,5.43,233796000,0.01495327102803734,0.014842573037928908,5.32,5.2975,5.346107302874914,5.277221223924896,0.02038054439531594,366253000.0,0.6383456244727006,0.014732965009208118,0.0130597014925372,0.03130755064456725,1
2019-12-12 00:00:00+00:00,5.4,5.62,5.4,5.6,404348000,0.03130755064456725,0.03082746379525947,5.396,5.317,5.4307382019166095,5.307962059741572,0.0212902445961215,371461000.0,1.0885341933608104,0.03928571428571424,0.0370370370370369,0.0,0
2019-12-13 00:00:00+00:00,5.6,5.72,5.55,5.6,454704000,0.0,0.0,5.456,5.335,5.48715880127774,5.335775196909042,0.021298687937105997,368292200.0,1.234628373883563,0.030357142857142846,0.0,0.005357142857142838,1
2019-12-16 00:00:00+00:00,5.65,5.7,5.62,5.63,320976000,0.005357142857142838,0.005342844410495484,5.522,5.3614999999999995,5.53477253418516,5.363796606727228,0.02006071086139536,331659600.0,0.9677874543658619,0.014209591474245128,-0.003539823008849639,0.014209591474245054,1
2019-12-17 00:00:00+00:00,5.65,5.73,5.64,5.71,321196000,0.014209591474245054,0.014109581516319913,5.594,5.381500000000001,5.593181689456774,5.396768358467492,0.01841349775745782,318990000.0,1.0069155772908243,0.01576182136602465,0.010619469026548603,0.005253940455341555,1
2019-12-18 00:00:00+00:00,5.74,5.8,5.73,5.74,343548000,0.005253940455341555,0.005240186663556079,5.656000000000001,5.4085,5.642121126304517,5.429457086232493,0.017482320438691593,315439200.0,1.0891100408573189,0.012195121951219407,0.0,0.026132404181184565,1
2019-12-19 00:00:00+00:00,5.77,5.9,5.77,5.89,445360000,0.026132404181184565,0.025796787332020177,5.714,5.439,5.724747417536345,5.4733183161151135,0.01796166090678443,314077800.0,1.4179926120216073,0.022071307300509473,0.020797227036395166,0.015280135823429575,1
2019-12-20 00:00:00+00:00,5.95,6.01,5.93,5.98,603044000,0.015280135823429575,0.015164570299045277,5.790000000000001,5.4755,5.809831611690897,5.521573714580342,0.017884788959803024,329810600.0,1.8284554832379554,0.013377926421404692,0.005042016806722731,-0.0016722408026756952,0
2019-12-23 00:00:00+00:00,6.01,6.05,5.96,5.97,355060000,-0.0016722408026756952,-0.0016736405580297653,5.858,5.5105,5.863221074460599,5.564280979858404,0.017970128289044526,336358600.0,1.055599589247904,0.015075376884422087,-0.0066555740432612375,0.0,0
2019-12-24 00:00:00+00:00,5.96,5.98,5.92,5.97,138864000,0.0,0.0,5.910000000000001,5.532500000000001,5.8988140496404,5.6029208865385565,0.01504570339621658,317978000.0,0.43670945788702364,0.01005025125628149,0.0016778523489932528,0.0016750418760469454,1
2019-12-26 00:00:00+00:00,5.97,6.01,5.95,5.98,182852000,0.0016750418760469454,0.0016736405580297653,5.958,5.5605,5.9258760330936004,5.6388331830586935,0.013973433931924167,307858400.0,0.5939483866608805,0.010033444816053446,0.0016750418760470144,-0.010033444816053616,0
2019-12-27 00:00:00+00:00,6.0,6.01,5.9,5.92,254644000,-0.010033444816053616,-0.010084119066626096,5.964,5.583499999999999,5.923917355395734,5.665610975148342,0.014352242929665257,309801400.0,0.8219588420194357,0.018581081081080985,-0.013333333333333345,-0.01858108108108114,0
2019-12-30 00:00:00+00:00,5.9,5.91,5.78,5.81,258056000,-0.01858108108108114,-0.018755878032094664,5.930000000000001,5.603,5.8859449035971565,5.6793623108485,0.015038899566171497,315626400.0,0.8175995417366861,0.022375215146299466,-0.015254237288135719,0.012048192771084487,1
2019-12-31 00:00:00+00:00,5.77,5.89,5.75,5.88,231004000,0.012048192771084487,0.011976191046715767,5.912000000000001,5.6355,5.883963269064772,5.698470662196262,0.011970353268342351,308574800.0,0.7486158947522611,0.023809523809523756,0.019064124783362276,0.020408163265306145,1
2020-01-02 00:00:00+00:00,5.97,6.0,5.92,6.0,237536000,0.020408163265306145,0.020202707317519497,5.918000000000001,5.676,5.922642179376515,5.727187741987094,0.01193453947185156,297190000.0,0.7992731922339245,0.013333333333333345,0.005025125628140745,-0.016666666666666607,0
2020-01-03 00:00:00+00:00,5.88,5.95,5.85,5.9,205384000,-0.016666666666666607,-0.016807118316381153,5.902,5.709,5.915094786251011,5.743646052274037,0.013068130135581706,293788000.0,0.6990891391071112,0.01694915254237297,0.003401360544217766,0.005084745762711673,1
2020-01-06 00:00:00+00:00,5.81,5.93,5.78,5.93,262636000,0.005084745762711673,0.005071862097960178,5.904000000000001,5.7445,5.920063190834007,5.761394047295557,0.01286847255618936,297675600.0,0.8822893109142973,0.025295109612141563,0.02065404475043031,0.01180438448566612,1
2020-01-07 00:00:00+00:00,5.96,6.04,5.91,6.0,314856000,0.01180438448566612,0.011735256218420975,5.942,5.7795000000000005,5.946708793889338,5.784118423743599,0.012766002033867256,301806600.0,1.0432376230340887,0.02166666666666665,0.00671140939597316,0.0016666666666667052,1
2020-01-08 00:00:00+00:00,5.99,6.05,5.95,6.01,277108000,0.0016666666666667052,0.0016652793190612414,5.968000000000001,5.8149999999999995,5.9678058625928925,5.805630954815637,0.012728793751641727,305068000.0,0.9083483026735023,0.01663893510815302,0.0033388981636059386,0.011647254575707144,1
2020-01-09 00:00:00+00:00,6.1,6.15,6.02,6.08,255112000,0.011647254575707144,0.01157994743095947,5.984,5.8515,6.005203908395262,5.83176134007129,0.012766269074911466,305004200.0,0.8364212689530177,0.02138157894736855,-0.003278688524590094,0.00493421052631593,1
2020-01-10 00:00:00+00:00,6.18,6.21,6.09,6.11,316296000,0.00493421052631593,0.004922077205428366,6.026000000000001,5.8855,6.040135938930176,5.858260260064501,0.012612588042799962,309129200.0,1.0231838338144699,0.019639934533551572,-0.011326860841423852,0.03109656301145658,1
2020-01-13 00:00:00+00:00,6.19,6.32,6.17,6.3,319840000,0.03109656301145658,0.03062286021398286,6.1000000000000005,5.9205,6.126757292620117,5.900330711486929,0.01259136961211611,304903800.0,1.048986598395953,0.023809523809523867,0.01777059773828747,-0.01904761904761909,0
2020-01-14 00:00:00+00:00,6.26,6.28,6.17,6.18,359088000,-0.01904761904761909,-0.019231361927887436,6.136,5.9495,6.144504861746745,5.926965881821507,0.013746147827392733,300123000.0,1.196469447526514,0.017799352750809114,-0.012779552715654964,-0.006472491909385147,0
2020-01-15 00:00:00+00:00,6.19,6.22,6.11,6.14,263104000,-0.006472491909385147,-0.006493529310548363,6.162000000000001,5.975,6.143003241164497,5.947254845457555,0.013980135183511013,297229400.0,0.8851883427413304,0.01791530944625398,-0.00807754442649446,0.013029315960912058,1
2020-01-16 00:00:00+00:00,6.19,6.23,6.17,6.22,284192000,0.013029315960912058,0.012945164592036873,6.19,6.0005,6.168668827442998,5.9732305744615966,0.013939655462665297,295379200.0,0.9621259723094924,0.009646302250803939,0.004846526655896504,0.001607717041800738,1
2020-01-17 00:00:00+00:00,6.24,6.25,6.18,6.23,253792000,0.001607717041800738,0.001606426048273768,6.214,6.025,6.189112551628666,5.997684805465254,0.013950125210648603,290891400.0,0.8724630566596331,0.01123595505617982,-0.0016025641025640682,-0.0048154093097914075,0
2020-01-21 00:00:00+00:00,6.2,6.23,6.16,6.2,217916000,-0.0048154093097914075,-0.004827040748315747,6.194000000000001,6.0405,6.192741701085778,6.016952919230468,0.013097429650225801,279519200.0,0.7796101305384389,0.011290322580645207,0.0,0.008064516129032251,1
2020-01-22 00:00:00+00:00,6.24,6.34,6.22,6.25,239240000,0.008064516129032251,0.008032171697264223,6.208,6.054,6.211827800723852,6.039147879303756,0.012830684975470713,261329000.0,0.9154743637330721,0.019200000000000016,0.0016025641025640682,0.011200000000000099,1
2020-01-23 00:00:00+00:00,6.29,6.33,6.2,6.32,244516000,0.011200000000000099,0.011137744410455896,6.244000000000001,6.0714999999999995,6.2478852004825685,6.065895700322446,0.012945977909849235,255801800.0,0.9558806857496702,0.020569620253164538,0.004769475357710691,-0.009493670886076,0
2020-01-24 00:00:00+00:00,6.44,6.49,6.21,6.26,373512000,-0.009493670886076,-0.00953902304675891,6.252000000000001,6.086,6.25192346698838,6.084381824101261,0.013229070539356591,267534200.0,1.396128046432942,0.04472843450479237,-0.027950310559006302,-0.04153354632587858,0
2020-01-27 00:00:00+00:00,5.96,6.06,5.81,6.0,470536000,-0.04153354632587858,-0.04242071588395224,6.206,6.087,6.167948977992254,6.07634545990114,0.016597102135318904,281918400.0,1.6690503351324355,0.041666666666666664,0.00671140939597316,0.03333333333333344,1
2020-01-28 00:00:00+00:00,6.07,6.23,6.02,6.2,310976000,0.03333333333333344,0.03278982282299103,6.206,6.101,6.178632651994836,6.088122082767698,0.017919514912645835,284735000.0,1.0921593762621384,0.03387096774193562,0.02141680395387148,-0.00967741935483879,0
2020-01-29 00:00:00+00:00,6.18,6.22,6.1,6.14,258848000,-0.00967741935483879,-0.009724549891994894,6.184,6.117500000000001,6.165755101329891,6.093062836789822,0.017468830301203216,284774600.0,0.9089574702238191,0.019543973941368097,-0.00647249190938512,0.0016286644951140072,1
2020-01-30 00:00:00+00:00,6.04,6.16,5.99,6.15,290504000,0.0016286644951140072,0.0016273396593755596,6.15,6.130999999999999,6.160503400886594,6.09848542376222,0.01733429234017033,287749600.0,1.0095722113949073,0.027642276422764213,0.018211920529801376,-0.039024390243902474,0
2020-01-31 00:00:00+00:00,6.1,6.11,5.87,5.91,370420000,-0.039024390243902474,-0.03980625040041974,6.08,6.1265,6.07700226725773,6.080534431022961,0.019159747692036905,294393800.0,1.2582466070956657,0.0406091370558376,-0.03114754098360648,0.016920473773265554,1
2020-02-03 00:00:00+00:00,5.89,6.03,5.89,6.01,255564000,0.016920473773265554,0.016778917129109283,6.082000000000001,6.132,6.05466817817182,6.073816866163632,0.01915069761464663,296902800.0,0.8607665539024894,0.023294509151414403,0.020373514431239408,0.028286189683860208,1
2020-02-04 00:00:00+00:00,6.15,6.2,6.1,6.18,271544000,0.028286189683860208,0.02789352292248326,6.078,6.1445,6.096445452114547,6.08392954557662,0.020068778461536933,297348200.0,0.9132189130453792,0.01618122977346287,0.004878048780487701,0.014563106796116498,1
2020-02-05 00:00:00+00:00,6.3,6.31,6.19,6.27,208220000,0.014563106796116498,0.014458083175229897,6.104000000000001,6.1579999999999995,6.154296968076365,6.10165054123599,0.0201469170862595,292016400.0,0.713042144208339,0.019138755980861122,-0.004761904761904801,0.014354066985646119,1
2020-02-06 00:00:00+00:00,6.3,6.36,6.22,6.36,218284000,0.014354066985646119,0.014252022707201384,6.146,6.1755,6.222864645384244,6.126255251594467,0.020325107444479677,289075200.0,0.7551114727240524,0.02201257861635229,0.009523809523809603,-0.011006289308176154,0
2020-02-07 00:00:00+00:00,6.32,6.34,6.26,6.29,189752000,-0.011006289308176154,-0.011067306639681584,6.2219999999999995,6.186000000000001,6.24524309692283,6.14184998953785,0.020442508245726965,285807200.0,0.6639160944860731,0.012718600953895083,-0.004746835443038014,0.044515103338632844,1
2020-02-10 00:00:00+00:00,6.31,6.58,6.31,6.57,529608000,0.044515103338632844,0.04355276178417,6.3340000000000005,6.209,6.353495397948555,6.182626181010436,0.022486078323963855,296472800.0,1.7863628636421285,0.04109589041095897,0.041204437400950984,0.019786910197869156,1
2020-02-11 00:00:00+00:00,6.68,6.81,6.62,6.7,638556000,0.019786910197869156,0.019593693900401332,6.438000000000001,6.229,6.4689969319657035,6.23189987805706,0.021917283821190632,312408600.0,2.0439770223995115,0.028358208955223806,0.0029940119760479733,0.016417910447761086,1
2020-02-12 00:00:00+00:00,6.75,6.82,6.71,6.81,374644000,0.016417910447761086,0.01628459376450042,6.546000000000001,6.2605,6.582664621310469,6.286957032527816,0.021448376320440752,313186400.0,1.1962332974867362,0.016152716593245277,0.008888888888888832,-0.005873715124816492,0
2020-02-13 00:00:00+00:00,6.76,6.84,6.73,6.77,528016000,-0.005873715124816492,-0.005891033237237275,6.628,6.292,6.645109747540314,6.3329611246680235,0.021432016909331053,326432000.0,1.6175374963238898,0.01624815361890686,0.0014792899408283709,0.06942392909896622,1
2020-02-14 00:00:00+00:00,7.18,7.37,7.15,7.24,1041924000,0.06942392909896622,0.06712011947344143,6.8180000000000005,6.343,6.84340649836021,6.419345779461545,0.025535240185369883,364318600.0,2.8599253510526226,0.030386740331491677,0.008356545961002855,0.023480662983425438,1
2020-02-18 00:00:00+00:00,7.14,7.43,7.12,7.41,620164000,0.023480662983425438,0.02320923291037058,6.986,6.401999999999999,7.032270998906807,6.513693800465207,0.02572489448578126,382637200.0,1.620762435016773,0.04183535762483125,0.037815126050420235,0.062078272604588314,1
2020-02-19 00:00:00+00:00,7.54,7.89,7.54,7.87,694332000,0.062078272604588314,0.06022762312131613,7.220000000000001,6.4855,7.311513999271205,6.642865819468521,0.027945148030149313,406458000.0,1.7082502989238741,0.0444726810673443,0.04376657824933688,-0.019059720457433316,0
2020-02-20 00:00:00+00:00,7.82,7.91,7.41,7.72,810052000,-0.019059720457433316,-0.019243698392627184,7.402000000000001,6.559,7.4476759995141375,6.745450027138186,0.02879770969047436,434998600.0,1.8621944990167785,0.06476683937823835,-0.012787723785166308,-0.04792746113989643,0
2020-02-21 00:00:00+00:00,7.6,7.63,7.27,7.35,768180000,-0.04792746113989643,-0.049114050811939425,7.518000000000001,6.6105,7.415117333009425,6.803026215029788,0.03173591392910015,461181800.0,1.6656771798019783,0.04897959183673474,-0.03289473684210526,-0.07074829931972781,0
2020-02-24 00:00:00+00:00,6.75,7.05,6.7,6.83,856916000,-0.07074829931972781,-0.07337563964204641,7.436,6.639,7.220078222006284,6.805595146931713,0.03641084610560065,485352000.0,1.7655557203843808,0.05124450951683743,0.011851851851851862,-0.040995607613469986,0
2020-02-25 00:00:00+00:00,6.91,6.97,6.45,6.55,1055496000,-0.040995607613469986,-0.041859623935538215,7.264,6.666499999999999,6.9967188146708565,6.781252751985836,0.036373103278467316,514600000.0,2.051099883404586,0.07938931297709917,-0.05209840810419686,0.021374045801526798,1
2020-02-26 00:00:00+00:00,6.55,6.89,6.55,6.69,747732000,0.021374045801526798,0.021148824492976503,7.0280000000000005,6.691,6.894479209780572,6.77256201370147,0.0359857229775334,536437800.0,1.39388387619217,0.05082212257100147,0.021374045801526805,-0.05530642750373693,0
2020-02-27 00:00:00+00:00,6.37,6.67,6.22,6.32,906416000,-0.05530642750373693,-0.05689466598137094,6.748,6.7,6.702986139853715,6.729460869539425,0.038384793848317326,568816200.0,1.5935129836316195,0.07120253164556964,-0.00784929356357925,0.06803797468354422,1
2020-02-28 00:00:00+00:00,6.06,6.81,6.04,6.75,1133252000,0.06803797468354422,0.06582329672567244,6.628,6.7299999999999995,6.718657426569144,6.731416977202336,0.040996127480266834,610953600.0,1.8548904532193606,0.11407407407407401,0.11386138613861393,0.023703703703703782,1
2020-03-02 00:00:00+00:00,6.92,6.94,6.53,6.91,890744000,0.023703703703703782,0.02342713289514009,6.644,6.779999999999999,6.782438284379429,6.7484248841354475,0.03980789038785301,636969800.0,1.3984085273744533,0.05933429811866862,-0.0014450867052022813,-0.03762662807525319,0
2020-03-03 00:00:00+00:00,6.97,7.03,6.56,6.65,652792000,-0.03762662807525319,-0.03835278311181578,6.6640000000000015,6.811999999999999,6.738292189586287,6.7390510856463575,0.04104423994628969,656831200.0,0.993850474825191,0.07067669172932341,-0.04591104734576749,0.069172932330827,1
2020-03-04 00:00:00+00:00,6.75,7.12,6.68,7.11,597408000,0.069172932330827,0.06688538914738662,6.748,6.858500000000001,6.862194793057525,6.7743795536800375,0.04306236878058162,673124400.0,0.8875149972278527,0.06188466947960624,0.05333333333333338,-0.039381153305203975,0
2020-03-05 00:00:00+00:00,6.91,7.08,6.79,6.83,540328000,-0.039381153305203975,-0.04017757023245072,6.85,6.8865,6.851463195371684,6.779676739043843,0.0442807056931935,689729800.0,0.7833908292783638,0.04245973645680821,-0.011577424023154858,-0.026354319180087793,0
2020-03-06 00:00:00+00:00,6.65,6.71,6.45,6.65,515412000,-0.026354319180087793,-0.0267078189149359,6.830000000000001,6.901000000000001,6.784308796914456,6.76732657342062,0.044739917185293555,704586200.0,0.7315102112417189,0.03909774436090222,0.0,-0.07669172932330837,0
2020-03-09 00:00:00+00:00,6.0,6.49,5.95,6.14,614160000,-0.07669172932330837,-0.07979211250871177,6.676,6.8935,6.569539197942971,6.707581185475799,0.0483115536171775,725806600.0,0.8461758270040531,0.08794788273615636,0.02333333333333328,0.06351791530944628,1
2020-03-10 00:00:00+00:00,6.41,6.53,6.15,6.53,580648000,0.06351791530944628,0.06158220112928858,6.652000000000001,6.891500000000001,6.556359465295315,6.690668691620962,0.04934780211343816,728358600.0,0.7972007195356793,0.0581929555895865,0.018720748829953213,-0.05666156202143957,0
2020-03-11 00:00:00+00:00,6.39,6.42,6.06,6.16,499964000,-0.05666156202143957,-0.058330165742911166,6.462000000000001,6.864500000000001,6.4242396435302105,6.64012881622849,0.05075026972041873,721429000.0,0.693018994246142,0.05844155844155849,-0.03599374021909226,-0.12175324675324672,0
2020-03-12 00:00:00+00:00,5.64,5.9,5.39,5.41,816540000,-0.12175324675324672,-0.12982768468703831,6.178000000000001,6.794500000000001,6.086159762353475,6.522973690873396,0.05768837110816272,743523800.0,1.0982029089048662,0.09426987060998164,-0.04078014184397155,0.11275415896487972,1
2020-03-13 00:00:00+00:00,5.76,6.03,5.49,6.02,634836000,0.11275415896487972,0.10683816646233946,6.0520000000000005,6.757,6.06410650823565,6.475071434599739,0.06348215451968693,748864800.0,0.8477311258320595,0.08970099667774088,0.04513888888888885,-0.1843853820598006,0
2020-03-16 00:00:00+00:00,5.31,5.65,4.85,4.91,726972000,-0.1843853820598006,-0.20381331751430043,5.806,6.6405,5.679404338823767,6.326017012256907,0.07495720649834467,733117200.0,0.9916177113291026,0.16293279022403273,-0.0753295668549905,0.10590631364562109,1
2020-03-17 00:00:00+00:00,5.02,5.52,4.78,5.43,833632000,0.10590631364562109,0.10066519213941483,5.586,6.541499999999999,5.596269559215845,6.24068205870863,0.07915869983744374,743790600.0,1.1207885660292023,0.13627992633517483,0.0816733067729084,-0.0662983425414364,0
2020-03-18 00:00:00+00:00,5.0,5.25,4.52,5.07,874268000,-0.0662983425414364,-0.06859831634275215,5.368,6.4015,5.420846372810564,6.129188529307808,0.07789985652137446,752787400.0,1.1613743800706546,0.1439842209072979,0.014000000000000058,0.04930966469428011,1
2020-03-19 00:00:00+00:00,5.05,5.42,4.83,5.32,765512000,0.04930966469428011,0.04813248575046125,5.35,6.2815,5.387230915207043,6.052122955088017,0.07946579900812739,750560400.0,1.0199205820077903,0.11090225563909771,0.05346534653465356,-0.03383458646616555,0
2020-03-20 00:00:00+00:00,5.47,5.76,5.13,5.14,804636000,-0.03383458646616555,-0.03442022388647947,5.174000000000001,6.171,5.304820610138029,5.965254102222492,0.07923659738438443,752383200.0,1.0694497165805934,0.12256809338521399,-0.060329067641681916,0.035019455252918386,1
2020-03-23 00:00:00+00:00,5.14,5.41,4.96,5.32,643876000,0.035019455252918386,0.03442022388647947,5.256,6.0954999999999995,5.309880406758687,5.9038013305822545,0.07892881139156457,741731200.0,0.8680718837228365,0.08458646616541356,0.035019455252918406,0.17105263157894735,1
2020-03-24 00:00:00+00:00,5.72,6.32,5.7,6.23,1101644000,0.17105263157894735,0.15790302944580858,5.416,6.0795,5.616586937839125,5.934867870526802,0.08722094390582961,744038600.0,1.480627483574105,0.09951845906902088,0.08916083916083928,-0.014446227929374111,0
2020-03-25 00:00:00+00:00,6.34,6.55,6.09,6.14,793432000,-0.014446227929374111,-0.014551590640310641,5.630000000000001,6.0520000000000005,5.791057958559417,5.954404263809964,0.08707658434808427,746323600.0,1.0631206088082972,0.07491856677524429,-0.03154574132492116,0.04723127035830621,1
2020-03-26 00:00:00+00:00,6.35,6.56,6.25,6.43,696108000,0.04723127035830621,0.04614979609047687,5.852000000000001,6.057499999999999,6.004038639039612,5.999699095828063,0.08684838615971388,735808200.0,0.9460454504312401,0.048211508553654685,0.012598425196850406,-0.01710730948678063,0
2020-03-27 00:00:00+00:00,6.25,6.58,6.22,6.32,638828000,-0.01710730948678063,-0.017255330090761856,6.088000000000001,6.036,6.109359092693075,6.030203943844438,0.08555499721426635,711087000.0,0.8983823357760724,0.05696202531645574,0.011200000000000045,0.05063291139240489,1
2020-03-30 00:00:00+00:00,6.38,6.65,6.34,6.64,602252000,0.05063291139240489,0.04939275532957632,6.352,6.0225,6.2862393951287165,6.088279758716396,0.08617653568518113,696662400.0,0.8644818494582168,0.04668674698795188,0.04075235109717865,-0.0075301204819276935,0
2020-03-31 00:00:00+00:00,6.68,6.88,6.44,6.59,949960000,-0.0075301204819276935,-0.007558614973926625,6.424000000000001,6.0195,6.387492930085811,6.136062638838644,0.08576682949534697,711520800.0,1.3351120585652592,0.06676783004552345,-0.013473053892215548,-0.07738998482549309,0
2020-04-01 00:00:00+00:00,6.39,6.54,6.03,6.08,656912000,-0.07738998482549309,-0.08054865253634014,6.412000000000001,5.968,6.284995286723874,6.13072333990163,0.08601009584842685,714496000.0,0.9194061268362594,0.08388157894736839,-0.04851330203442874,0.05098684210526305,1
2020-04-02 00:00:00+00:00,6.11,6.4,6.06,6.39,675764000,0.05098684210526305,0.04972957241136777,6.404000000000001,5.946,6.319996857815917,6.155416355149094,0.08657781665933487,721267800.0,0.9369113663468687,0.05320813771518009,0.04582651391162019,-0.04538341158059467,0
2020-04-03 00:00:00+00:00,6.35,6.39,5.96,6.1,663212000,-0.04538341158059467,-0.04644549721017799,6.36,5.9185,6.246664571877278,6.150138607039656,0.08696993195945382,728657800.0,0.9101830790804682,0.07049180327868848,-0.03937007874015748,0.10000000000000009,1
2020-04-06 00:00:00+00:00,6.38,6.75,6.32,6.71,727884000,0.10000000000000009,0.09531017980432499,6.3740000000000006,5.947,6.401109714584853,6.203458739702546,0.08778186039797356,734344000.0,0.9912030329110063,0.06408345752608044,0.051724137931034496,-0.03427719821162434,0
2020-04-07 00:00:00+00:00,6.93,6.96,6.43,6.48,784520000,-0.03427719821162434,-0.03487844061940715,6.352,5.9445,6.427406476389902,6.229796002588018,0.08712443380555636,744537600.0,1.0537009816562657,0.08179012345679015,-0.06493506493506483,0.029320987654321007,1
2020-04-08 00:00:00+00:00,6.59,6.7,6.51,6.67,542444000,0.029320987654321007,0.02889934956334894,6.470000000000001,5.97,6.508270984259935,6.271720192817731,0.08624995361928223,746661600.0,0.7264924297700591,0.028485757121439338,0.012139605462822469,-0.014992503748125885,0
2020-04-09 00:00:00+00:00,6.8,6.82,6.51,6.57,525564000,-0.014992503748125885,-0.01510602743101308,6.506,6.0280000000000005,6.528847322839958,6.300127793501757,0.08050642847336272,732112800.0,0.7178729835074595,0.04718417047184178,-0.03382352941176464,0.02739726027397249,1
2020-04-13 00:00:00+00:00,6.51,6.75,6.42,6.75,398408000,0.02739726027397249,0.027028672387919395,6.636,6.064500000000001,6.602564881893306,6.342972765549208,0.07735513118580764,720291400.0,0.5531205842524289,0.0488888888888889,0.03686635944700464,0.051851851851851816,1
2020-04-14 00:00:00+00:00,6.88,7.13,6.85,7.1,530948000,0.051851851851851816,0.050552279162831226,6.714,6.174,6.768376587928871,6.415070597401664,0.060070894127977406,710490200.0,0.7472981330354732,0.0394366197183099,0.03197674418604648,-0.011267605633802802,0
2020-04-15 00:00:00+00:00,6.93,7.1,6.88,7.02,366148000,-0.011267605633802802,-0.011331566009550098,6.822,6.2535,6.852251058619248,6.472682921458648,0.05715176829248631,687116000.0,0.5328765448628762,0.031339031339031306,0.012987012987012967,0.049857549857549976,1
2020-04-16 00:00:00+00:00,7.18,7.47,7.16,7.37,745620000,0.049857549857549976,0.04865448816352558,6.962000000000001,6.3685,7.024834039079499,6.558141690843539,0.05430079603609342,680683600.0,1.0953988020278438,0.0420624151967435,0.026462395543175542,-0.008141112618724633,0
2020-04-17 00:00:00+00:00,7.45,7.47,7.17,7.31,539120000,-0.008141112618724633,-0.008174432439558066,7.109999999999999,6.467999999999999,7.119889359386333,6.629747244096535,0.05415417850360694,669364000.0,0.8054212655595461,0.04103967168262652,-0.018791946308724907,-0.017783857729138153,0
2020-04-20 00:00:00+00:00,7.18,7.34,7.13,7.18,449388000,-0.017783857729138153,-0.017943890701554333,7.196,6.57,7.1399262395908885,6.682152268468294,0.05346957593913228,651601600.0,0.689666814814451,0.029247910863509745,0.0,-0.06128133704735372,0
2020-04-21 00:00:00+00:00,7.06,7.12,6.68,6.74,735160000,-0.06128133704735372,-0.06323945813591725,7.1240000000000006,6.641,7.006617493060594,6.687661576233219,0.05615896648752927,656165800.0,1.1203875605830111,0.06528189910979235,-0.045325779036827114,0.060830860534124565,1
2020-04-22 00:00:00+00:00,6.93,7.2,6.88,7.15,483356000,0.060830860534124565,0.05905243178170072,7.15,6.687,7.054411662040396,6.731693807068151,0.04607013227815167,625251400.0,0.7730586448906792,0.04475524475524479,0.03174603174603184,-0.006993006993007089,0
2020-04-23 00:00:00+00:00,7.2,7.33,7.08,7.1,424160000,-0.006993006993007089,-0.007017572658646554,7.096000000000001,6.734999999999999,7.069607774693598,6.766770587347375,0.04591615560816245,606787800.0,0.6990252605606111,0.035211267605633804,-0.013888888888888963,0.019718309859154903,1
2020-04-24 00:00:00+00:00,7.09,7.24,7.01,7.24,352328000,0.019718309859154903,0.019526422350355288,7.082000000000001,6.775499999999999,7.126405183129066,6.8118400552190534,0.045108272506455674,589598800.0,0.5975724509615691,0.03176795580110503,0.021156558533145325,0.026243093922651894,1
2020-04-27 00:00:00+00:00,7.37,7.59,7.35,7.43,479388000,0.026243093922651894,0.025904652332042755,7.132000000000001,6.831,7.227603455419378,6.8707124309124765,0.04497277264160888,581626800.0,0.8242192416167893,0.032301480484522235,0.008141112618724506,-0.020188425302826274,0
2020-04-28 00:00:00+00:00,7.58,7.61,7.28,7.28,442904000,-0.020188425302826274,-0.02039499652107324,7.24,6.863000000000001,7.245068970279586,6.909692199397003,0.04430187273504748,573659400.0,0.7720678855780974,0.045329670329670335,-0.039577836411609474,0.024725274725274637,1
2020-04-29 00:00:00+00:00,7.42,7.51,7.34,7.46,379160000,0.024725274725274637,0.02442455200707494,7.302000000000001,6.906499999999999,7.316712646853058,6.962102466121097,0.044416946138070144,545119400.0,0.6955540382529039,0.022788203753351197,0.005390835579514829,-0.020107238605898137,0
2020-04-30 00:00:00+00:00,7.41,7.46,7.29,7.31,375916000,-0.020107238605898137,-0.02031214045398233,7.343999999999999,6.967999999999999,7.314475097902039,6.995235564585754,0.04005296988958038,531069600.0,0.7078469564064672,0.023255813953488365,-0.013495276653171462,-0.03283173734610112,0
2020-05-01 00:00:00+00:00,7.11,7.22,7.02,7.07,342096000,-0.03283173734610112,-0.03338279385320586,7.3100000000000005,7.002000000000001,7.23298339860136,7.002355987006158,0.03993930608478051,514386200.0,0.6650567219727124,0.02828854314002831,-0.005625879043600567,0.02970297029702973,1
2020-05-04 00:00:00+00:00,7.02,7.3,7.02,7.28,317556000,0.02970297029702973,0.02927038230011325,7.280000000000001,7.061,7.248655599067574,7.028798273957952,0.038357772549253086,497103400.0,0.638812770139975,0.03846153846153849,0.03703703703703713,0.008241758241758212,1
2020-05-05 00:00:00+00:00,7.39,7.51,7.28,7.34,368896000,0.008241758241758212,0.008207980417829663,7.292,7.092499999999999,7.279103732711716,7.058436533581005,0.032524800256232854,479154000.0,0.7698902649252641,0.03133514986376015,-0.006765899864681979,0.013623978201634968,1
2020-05-06 00:00:00+00:00,7.42,7.55,7.39,7.44,323464000,0.013623978201634968,0.01353200621857642,7.287999999999999,7.1405,7.332735821807811,7.094775911335194,0.031216043598724822,456101200.0,0.7091934860070528,0.02150537634408604,0.0026954177897574746,0.024193548387096753,1
2020-05-07 00:00:00+00:00,7.58,7.69,7.53,7.62,373732000,0.024193548387096753,0.02390552085355413,7.35,7.188,7.428490547871874,7.144797253112795,0.03105040952326391,447665600.0,0.8348463674671451,0.020997375328084007,0.0052770448548812715,0.02493438320209962,1
2020-05-08 00:00:00+00:00,7.69,7.82,7.66,7.81,339216000,0.02493438320209962,0.024628594153039973,7.498,7.25,7.555660365247917,7.208149895673481,0.03085515560822886,438348200.0,0.7738505598973602,0.020486555697823323,0.015604681404421224,0.033290653008962945,1
2020-05-11 00:00:00+00:00,7.81,8.11,7.78,8.07,469060000,0.033290653008962945,0.0327485184302625,7.656000000000001,7.316,7.727106910165279,7.290230857990292,0.031060349877375756,441880800.0,1.0615079903901685,0.04089219330855008,0.03329065300896296,-0.03345724907063208,0
2020-05-12 00:00:00+00:00,8.12,8.17,7.79,7.8,493060000,-0.03345724907063208,-0.034029748586311026,7.748,7.351000000000001,7.751404606776853,7.338780300086455,0.03085251342625768,439986400.0,1.1206255466078043,0.048717948717948704,-0.03940886699507382,-0.002564102564102555,0
2020-05-13 00:00:00+00:00,7.92,8.08,7.59,7.78,625852000,-0.002564102564102555,-0.002567395505245873,7.816000000000001,7.389,7.760936404517903,7.380801223887745,0.030674532666748612,452971600.0,1.381658364453754,0.0629820051413882,-0.017676767676767638,0.032133676092544805,1
2020-05-14 00:00:00+00:00,7.84,8.04,7.69,8.03,602312000,0.032133676092544805,0.031628189768369896,7.898000000000001,7.422,7.850624269678603,7.442629678755578,0.029621488638034685,445806200.0,1.3510624123217667,0.04358655043586535,0.024234693877550957,0.05728518057285181,1
2020-05-15 00:00:00+00:00,7.89,8.5,7.87,8.49,987660000,0.05728518057285181,0.055704472364585644,8.034,7.481,8.06374951311907,7.542379233159809,0.03158571570975402,468233200.0,2.109333554305846,0.07420494699646642,0.07604562737642592,0.03062426383981154,1
2020-05-18 00:00:00+00:00,8.76,8.92,8.68,8.75,774460000,0.03062426383981154,0.030164700046267257,8.17,7.5595,8.292499675412714,7.657390734763637,0.03137864752511644,484486800.0,1.5985162031246258,0.02742857142857145,-0.0011415525114155008,0.006857142857142895,1
2020-05-19 00:00:00+00:00,8.79,9.09,8.76,8.81,717320000,0.006857142857142895,0.0068337395785649235,8.372,7.663000000000001,8.464999783608476,7.767163045738529,0.02628187431375838,483594800.0,1.4833079263879596,0.03745743473325767,0.0022753128555177875,0.018161180476730987,1
2020-05-20 00:00:00+00:00,8.99,9.04,8.89,8.97,587536000,0.018161180476730987,0.01799823612261653,8.610000000000001,7.7540000000000004,8.633333189072317,7.881718946144383,0.024035084232319984,488803800.0,1.201987382258485,0.016722408026755693,-0.0022246941045605756,-0.021181716833890918,0
2020-05-21 00:00:00+00:00,9.05,9.05,8.74,8.78,761068000,-0.021181716833890918,-0.021409268423679517,8.76,7.838000000000001,8.682222126048211,7.96726952270206,0.024816314532029975,505649200.0,1.5051304343010925,0.03530751708428252,-0.029834254143646554,0.028473804100227706,1
2020-05-22 00:00:00+00:00,8.83,9.09,8.71,9.03,1038764000,0.028473804100227706,0.028075959781868942,8.868,7.9275,8.798148084032142,8.068481949111387,0.02505035668028559,539971000.0,1.9237403490187437,0.042081949058693134,0.022650056625141482,-0.034330011074196976,0
2020-05-26 00:00:00+00:00,9.16,9.18,8.67,8.72,770780000,-0.034330011074196976,-0.034933129508005756,8.862,7.992,8.772098722688096,8.130531287291255,0.026784907321148892,554540600.0,1.389943315241481,0.05848623853211006,-0.04803493449781654,-0.021788990825688193,0
2020-05-27 00:00:00+00:00,8.62,8.63,8.0,8.53,1175892000,-0.021788990825688193,-0.02202987641730081,8.806000000000001,8.0545,8.69139914845873,8.16857592659685,0.026878472327768053,591190000.0,1.989025524788985,0.0738569753810083,-0.01044083526682133,-0.004689331770222682,0
2020-05-28 00:00:00+00:00,8.41,8.76,8.38,8.49,734896000,-0.004689331770222682,-0.004700361180331569,8.71,8.106,8.624266098972488,8.199187743111436,0.026725922610695844,608976800.0,1.2067717522243868,0.04475853945818598,0.009512485136741982,0.04593639575971742,1
2020-05-29 00:00:00+00:00,8.55,8.88,8.48,8.88,745256000,0.04593639575971742,0.044912556680822835,8.73,8.1845,8.709510732648326,8.26402700567225,0.02726043121652997,627443800.0,1.1877653424896382,0.045045045045045085,0.03859649122807018,-0.007882882882882969,0
2020-06-01 00:00:00+00:00,8.83,8.84,8.69,8.81,389876000,-0.007882882882882969,-0.007914117055990655,8.686000000000002,8.2715,8.743007155098883,8.316024433703465,0.025690226010704163,629832800.0,0.619015078287444,0.01702610669693534,-0.002265005662514108,0.002270147559591429,1
2020-06-02 00:00:00+00:00,8.8,8.84,8.66,8.83,391320000,0.002270147559591429,0.002267574667780714,8.708000000000002,8.349,8.772004770065923,8.364974487636468,0.02538734676400984,633521000.0,0.6176906527171159,0.020385050962627375,0.003409090909090836,-0.006795016987542479,0
2020-06-03 00:00:00+00:00,8.82,8.87,8.7,8.77,365440000,-0.006795016987542479,-0.006818208231777145,8.756,8.4205,8.771336513377282,8.403548345956803,0.025653254205277812,633348200.0,0.5769969820708419,0.019384264538198397,-0.005668934240362892,0.0,0
2020-06-04 00:00:00+00:00,8.73,8.94,8.68,8.77,424280000,0.0,0.0,8.812000000000001,8.487,8.770891008918188,8.438448503484727,0.025703056933105886,638389000.0,0.6646104491148813,0.029646522234891653,0.004581901489117886,0.01710376282782211,1
2020-06-05 00:00:00+00:00,8.79,9.0,8.71,8.92,481748000,0.01710376282782211,0.016959140207826184,8.820000000000002,8.552000000000001,8.820594005945459,8.484310550771896,0.025526318505006248,643789800.0,0.7483001439289656,0.032511210762331745,0.01478953356086471,-0.013452914798206206,0
2020-06-08 00:00:00+00:00,8.88,8.89,8.69,8.8,387736000,-0.013452914798206206,-0.01354422510775688,8.818000000000001,8.6015,8.813729337296973,8.514376212603144,0.02563466259736977,646215800.0,0.6000100895087987,0.022727272727272846,-0.009009009009009016,0.02840909090909083,1
2020-06-09 00:00:00+00:00,8.8,9.11,8.75,9.05,468488000,0.02840909090909083,0.028013036227673815,8.862,8.6505,8.89248622486465,8.565388001879036,0.025395029090397453,646187200.0,0.7250035283892965,0.03977900552486181,0.028409090909090908,0.03535911602209918,1
2020-06-10 00:00:00+00:00,9.17,9.5,9.15,9.37,632180000,0.03535911602209918,0.034748338538495904,8.982000000000001,8.729000000000001,9.051657483243101,8.642017715985794,0.024363335371166483,653143200.0,0.967904128834228,0.037353255069370296,0.02181025081788433,-0.06083244397011722,0
2020-06-11 00:00:00+00:00,9.15,9.26,8.79,8.8,583652000,-0.06083244397011722,-0.06276137476616972,8.988,8.78,8.967771655495401,8.65706364779667,0.02913940769209502,651033200.0,0.8965011308179061,0.053409090909090975,-0.03825136612021854,0.01477272727272716,1
2020-06-12 00:00:00+00:00,9.16,9.19,8.7,8.93,570908000,0.01477272727272716,0.01466467340424682,8.99,8.825,8.955181103663602,8.68305758610175,0.028600976645068017,649463000.0,0.8790462274217314,0.05487122060470327,-0.0251091703056769,0.026875699888017968,1
2020-06-15 00:00:00+00:00,8.82,9.18,8.74,9.17,400004000,0.026875699888017968,0.026520891379965494,9.064,8.859,9.026787402442402,8.729433054092059,0.02656680698418976,620080200.0,0.6450842971602706,0.04798255179934564,0.03968253968253964,-0.010905125408942173,0
2020-06-16 00:00:00+00:00,9.22,9.27,8.84,9.07,535716000,-0.010905125408942173,-0.010965022141327996,9.068000000000001,8.875,9.041191601628269,8.761868001321387,0.026008851501668557,608143000.0,0.8809046556484248,0.04740904079382577,-0.016268980477223464,0.018743109151047488,1
2020-06-17 00:00:00+00:00,9.11,9.3,9.07,9.24,408304000,0.018743109151047488,0.018569621526547397,9.042,8.8965,9.10746106775218,8.807404382147922,0.02625967237403138,592692200.0,0.6888972049910561,0.024891774891774937,0.014270032930845312,-0.0021645021645021467,0
2020-06-18 00:00:00+00:00,9.23,9.28,9.11,9.22,254408000,-0.0021645021645021467,-0.002166848085090045,9.126000000000001,8.909,9.14497404516812,8.846699202895739,0.02601453061345907,576035800.0,0.44165310558822907,0.018438177874186543,-0.0010834236186348632,0.00433839479392617,1
2020-06-19 00:00:00+00:00,9.24,9.45,9.23,9.26,524160000,0.00433839479392617,0.004329011089585499,9.192,8.933,9.18331603011208,8.886061183572336,0.025458808817493152,564190400.0,0.9290480660429529,0.023758099352051712,0.002164502164502118,0.029157667386608965,1
2020-06-22 00:00:00+00:00,9.3,9.53,9.27,9.53,398468000,0.029157667386608965,0.028740669008022746,9.264,8.958,9.298877353408054,8.94738868989878,0.02549414208952701,532175600.0,0.7487528552605569,0.02728226652675759,0.02473118279569878,-0.008394543546694666,0
2020-06-23 00:00:00+00:00,9.55,9.64,9.41,9.45,375108000,-0.008394543546694666,-0.008429976160459596,9.34,8.994499999999999,9.349251568938703,8.995256433717945,0.02408522447089418,512392000.0,0.7320723196302831,0.024338624338624385,-0.010471204188481823,-0.022222222222222143,0
2020-06-24 00:00:00+00:00,9.48,9.56,9.14,9.24,449372000,-0.022222222222222143,-0.022472855852058604,9.34,9.03,9.312834379292468,9.018565344792426,0.024110631044126814,476066000.0,0.9439279427642385,0.04545454545454545,-0.025316455696202552,0.027056277056277,1
2020-06-25 00:00:00+00:00,9.36,9.51,9.18,9.49,376072000,0.027056277056277,0.026696726968243656,9.394,9.080000000000002,9.371889586194978,9.063463883383625,0.024532935318091163,458124800.0,0.8208942192171216,0.03477344573234985,0.013888888888888973,-0.035827186512118026,0
2020-06-26 00:00:00+00:00,9.5,9.5,9.12,9.15,592084000,-0.035827186512118026,-0.03648473333440627,9.372,9.0935,9.297926390796652,9.071705418299471,0.024413662199063636,450466200.0,1.314380523999359,0.04153005464480883,-0.03684210526315786,0.005464480874316724,1
2020-06-29 00:00:00+00:00,9.17,9.2,8.9,9.2,342248000,0.005464480874316724,0.005449604767564509,9.306000000000001,9.113000000000001,9.265284260531102,9.083923949889998,0.024325229676452603,448084800.0,0.7638018517923393,0.0326086956521738,0.003271537622682591,0.03260869565217406,1
2020-06-30 00:00:00+00:00,9.31,9.53,9.27,9.5,367892000,0.03260869565217406,0.03208831455150074,9.316,9.1465,9.343522840354069,9.123550240376666,0.025228953436522643,446913400.0,0.8231840889084999,0.027368421052631556,0.02040816326530607,0.0031578947368420263,1
2020-07-01 00:00:00+00:00,9.52,9.58,9.41,9.53,326648000,0.0031578947368420263,0.0031529190596155665,9.374,9.1845,9.40568189356938,9.162259741293173,0.025109295706223098,444973800.0,0.734083669645269,0.01783840503672612,0.0010504201680672045,0.008394543546694555,1
2020-07-02 00:00:00+00:00,9.64,9.74,9.58,9.61,364056000,0.008394543546694555,0.00835950531609031,9.398,9.2265,9.473787929046253,9.204901670693824,0.025106060336148924,441962600.0,0.8237258084733866,0.016649323621227903,-0.0031120331950208646,0.02393340270551514,1
2020-07-06 00:00:00+00:00,9.74,9.91,9.71,9.84,315892000,0.02393340270551514,0.023651488081960714,9.536,9.272499999999999,9.595858619364169,9.26538722586584,0.025323484986368057,433669800.0,0.7284159514912036,0.020325203252032447,0.010266940451745343,0.0030487804878047697,1
2020-07-07 00:00:00+00:00,9.95,10.07,9.85,9.87,357800000,0.0030487804878047697,0.0030441423812281876,9.67,9.326,9.687239079576113,9.322969394830999,0.02495630918324188,432173000.0,0.8279091937719385,0.022289766970618102,-0.008040201005025133,0.03546099290780158,1
2020-07-08 00:00:00+00:00,9.99,10.22,9.97,10.22,365480000,0.03546099290780158,0.03484673133016836,9.813999999999998,9.3845,9.864826053050743,9.40840088103757,0.025321453494561517,427022600.0,0.855879759057249,0.02446183953033268,0.023023023023023066,0.02837573385518577,1
2020-07-09 00:00:00+00:00,10.38,10.57,10.23,10.51,494548000,0.02837573385518577,0.02798060011330117,10.010000000000002,9.4415,10.079884035367161,9.513315082843516,0.024960815999750915,420141000.0,1.1771000687864313,0.032350142721217875,0.012524084778419941,-0.0028544243577544037,0
2020-07-10 00:00:00+00:00,10.59,10.66,10.38,10.48,497676000,-0.0028544243577544037,-0.0028585059959636006,10.184000000000001,9.525500000000001,10.213256023578108,9.605380313048896,0.019248784313316312,415842200.0,1.1967905133245256,0.026717557251908334,-0.010387157695939512,-0.04103053435114501,0
2020-07-13 00:00:00+00:00,10.6,10.79,10.03,10.05,457076000,-0.04103053435114501,-0.04189604438781114,10.226,9.5815,10.158837349052073,9.647725045139477,0.02225247479418826,410150600.0,1.114410170313051,0.07562189054726365,-0.05188679245283009,0.032835820895522394,1
2020-07-14 00:00:00+00:00,10.07,10.4,9.79,10.38,542676000,0.032835820895522394,0.032308243232657574,10.328,9.642,10.232558232701383,9.717465517030957,0.02256999534867815,417284200.0,1.3004949624260875,0.05876685934489414,0.030784508440913655,-0.014450867052023142,0
2020-07-15 00:00:00+00:00,10.41,10.43,10.06,10.23,403984000,-0.014450867052023142,-0.014556297774207305,10.330000000000002,9.7,10.23170548846759,9.766278324932772,0.022727458354708623,410697600.0,0.9836531793709046,0.03616813294232641,-0.017291066282420723,-0.009775171065493637,0
2020-07-16 00:00:00+00:00,10.02,10.21,9.9,10.13,344964000,-0.009775171065493637,-0.009823261702943231,10.254000000000001,9.7445,10.197803658978394,9.800918484462985,0.022788827667788194,407530600.0,0.8464738598770252,0.030602171767028674,0.01097804391217577,0.006910167818361179,1
2020-07-17 00:00:00+00:00,10.23,10.25,10.09,10.2,266284000,0.006910167818361179,0.0068864020296333095,10.198,9.7935,10.198535772652264,9.838926247847462,0.022737239016758386,408124400.0,0.6524579270438131,0.015686274509803935,-0.002932551319648205,0.030392156862745212,1
2020-07-20 00:00:00+00:00,10.27,10.53,10.16,10.51,284852000,0.030392156862745212,0.02993946459863439,10.290000000000001,9.856,10.302357181768176,9.902838033766752,0.023405798988514373,396159000.0,0.71903452906535,0.035204567078972335,0.0233690360272639,-0.01712654614652709,0
2020-07-21 00:00:00+00:00,10.51,10.56,10.29,10.33,277036000,-0.01712654614652709,-0.01727490175731239,10.280000000000001,9.895999999999999,10.31157145451212,9.943520125788966,0.023348599897337178,390087400.0,0.7101895626467299,0.026137463697967215,-0.017126546146527092,0.010648596321394033,1
2020-07-22 00:00:00+00:00,10.37,10.6,10.29,10.44,367292000,0.010648596321394033,0.010592299322945475,10.322,9.9455,10.354380969674747,9.990803923332875,0.023201283146426412,389696600.0,0.9425075815390742,0.029693486590038363,0.0067502410800386005,-0.02969348659003823,0
2020-07-23 00:00:00+00:00,10.45,10.55,10.03,10.13,411660000,-0.02969348659003823,-0.030143264193900787,10.322000000000001,9.989999999999998,10.2795873131165,10.004060692539268,0.023736222349854327,387811000.0,1.0614964505906228,0.05133267522211267,-0.03062200956937785,0.005923000987166693,1
2020-07-24 00:00:00+00:00,9.88,10.36,9.78,10.19,473292000,0.005923000987166693,0.005905528974041285,10.32,10.025,10.249724875411001,10.021769198011718,0.02316587531195742,392672000.0,1.2053113030722842,0.05691854759568205,0.03137651821862335,0.02257114818449457,1
2020-07-27 00:00:00+00:00,10.23,10.44,10.22,10.42,292132000,0.02257114818449457,0.02232018909058775,10.302000000000001,10.0885,10.306483250274,10.059695941058221,0.021487018943327593,377674400.0,0.7735022548523278,0.021113243761996053,0.01857282502443788,-0.019193857965451033,0
2020-07-28 00:00:00+00:00,10.37,10.38,10.21,10.22,271636000,-0.019193857965451033,-0.019380451549662503,10.280000000000001,10.1395,10.277655500182668,10.074962994290772,0.022254448265642948,374143800.0,0.7260203162527349,0.016634050880626215,-0.014464802314368235,0.024461839530332652,1
2020-07-29 00:00:00+00:00,10.39,10.52,10.35,10.47,284508000,0.024461839530332652,0.024167440106887206,10.286,10.187999999999999,10.341770333455113,10.112585566263078,0.02181802686876086,369974600.0,0.7689933308935262,0.016236867239732562,0.0076997112608277254,0.013371537726838412,1
2020-07-30 00:00:00+00:00,10.38,10.62,10.3,10.61,308880000,0.013371537726838412,0.01328292774344586,10.382,10.242,10.431180222303409,10.159958369476119,0.02189373600619974,369086200.0,0.8368776724786784,0.030160226201696373,0.02215799614643532,0.0,0
2020-07-31 00:00:00+00:00,10.56,10.77,10.43,10.61,386080000,0.0,0.0,10.466,10.292,10.49078681486894,10.20281947714506,0.021913398463487544,370187400.0,1.042931228885694,0.03204524033930253,0.0047348484848483835,0.03770028275212067,1
2020-08-03 00:00:00+00:00,10.73,11.1,10.72,11.01,412720000,0.03770028275212067,0.0370069981086969,10.584,10.3505,10.663857876579295,10.279693812655053,0.022702585420771623,375028800.0,1.1005021481016926,0.03451407811080827,0.02609506057781914,0.019981834695731227,1
2020-08-04 00:00:00+00:00,11.05,11.23,10.91,11.23,310336000,0.019981834695731227,0.019784818015763594,10.786,10.4185,10.85257191771953,10.370199163830762,0.02291037627153447,372655600.0,0.832768915856893,0.02849510240427429,0.01628959276018097,0.005342831700801298,1
2020-08-05 00:00:00+00:00,11.24,11.37,11.17,11.29,249924000,0.005342831700801298,0.005328609411218377,10.95,10.472,10.998381278479687,10.457799243465928,0.021914188060871337,366877800.0,0.6812186510058662,0.017714791851195687,0.0044483985765123605,0.004428697962798989,1
2020-08-06 00:00:00+00:00,11.35,11.36,11.18,11.34,244316000,0.004428697962798989,0.004418920138035798,11.096,10.5135,11.112254185653125,10.541818363135839,0.021235350219764457,354366200.0,0.6894449865703897,0.015873015873015848,-0.0008810572687224482,-0.012345679012345734,0
2020-08-07 00:00:00+00:00,11.31,11.5,11.04,11.2,342516000,-0.012345679012345734,-0.01242251999855748,11.214,10.549499999999998,11.141502790435418,10.604502328551472,0.021499242986742554,346608200.0,0.9881935857259003,0.04107142857142865,-0.009725906277630522,-0.0035714285714284477,0
2020-08-10 00:00:00+00:00,11.33,11.41,10.86,11.16,427796000,-0.0035714285714284477,-0.0035778213478838694,11.244,10.605,11.147668526956945,10.657406868689426,0.018794783257958154,345144200.0,1.2394703431203538,0.04928315412186386,-0.015004413062665483,-0.02777777777777779,0
2020-08-11 00:00:00+00:00,11.07,11.14,10.8,10.85,354512000,-0.02777777777777779,-0.0281708769666964,11.168,10.6285,11.048445684637965,10.675749071671385,0.01907343504365879,335736000.0,1.0559248933685992,0.031336405529953905,-0.019873532068654078,0.05437788018433176,1
2020-08-12 00:00:00+00:00,10.99,11.47,10.96,11.44,464412000,0.05437788018433176,0.05295090596518337,11.197999999999999,10.689,11.178963789758644,10.748534874369348,0.02173673074528986,338757400.0,1.3709279856321959,0.04458041958041956,0.04094631483166508,0.0,0
2020-08-13 00:00:00+00:00,11.55,11.72,11.36,11.44,374460000,0.0,0.0,11.218,10.7545,11.265975859839097,10.814388695857982,0.021479594831823285,340232200.0,1.100601295233079,0.031468531468531576,-0.009523809523809627,0.010489510489510634,1
2020-08-14 00:00:00+00:00,11.53,11.7,11.44,11.56,366436000,0.010489510489510634,0.010434877292579525,11.290000000000001,10.822500000000002,11.3639839065594,10.885399296252459,0.021501244482976783,345239800.0,1.0613955864880005,0.02249134948096884,0.0026019080659151032,0.06747404844290661,1
2020-08-17 00:00:00+00:00,11.85,12.41,11.82,12.34,621300000,0.06747404844290661,0.06529515523301033,11.526,10.913999999999998,11.689322604372933,11.023932696609368,0.024757591445374573,362062200.0,1.716003493322418,0.047811993517017815,0.04135021097046415,-0.00648298217179899,0
2020-08-18 00:00:00+00:00,12.45,12.5,12.09,12.26,503448000,-0.00648298217179899,-0.006504087969176453,11.808,11.0105,11.879548402915288,11.14165339217038,0.024291017303177096,373382800.0,1.3483427731539857,0.03344208809135401,-0.015261044176706788,-0.009787928221859588,0
2020-08-19 00:00:00+00:00,12.3,12.31,12.1,12.14,622624000,-0.009787928221859588,-0.009836144876712805,11.948,11.0955,11.966365601943526,11.236734021487486,0.02462841949076701,386149400.0,1.612391473352024,0.01729818780889628,-0.013008130081300823,0.0,0
2020-08-20 00:00:00+00:00,11.97,12.38,11.88,12.14,921388000,0.0,0.0,12.088,11.196000000000002,12.024243734629017,11.322759352774392,0.023074056723808602,411635800.0,2.238357305171222,0.04118616144975288,0.014202172096908933,0.04448105436573302,1
2020-08-21 00:00:00+00:00,12.2,12.81,12.2,12.68,999868000,0.04448105436573302,0.04352016337772735,12.312000000000001,11.320500000000001,12.242829156419345,11.452020366795878,0.024304401166859717,437964600.0,2.282988168450144,0.04810725552050483,0.039344262295082005,0.003154574132492094,1
2020-08-24 00:00:00+00:00,12.88,12.91,12.51,12.72,490564000,0.003154574132492094,0.0031496089028961727,12.388,11.435500000000001,12.401886104279566,11.572780331862937,0.02420943003045581,447886200.0,1.0952871510664985,0.03144654088050317,-0.012422360248447215,0.002358490566037652,1
2020-08-25 00:00:00+00:00,12.63,12.76,12.57,12.75,289076000,0.002358490566037652,0.002355713692459016,12.486,11.562000000000001,12.517924069519712,11.684896490733133,0.023292909903976883,448758200.0,0.6441687305101055,0.014901960784313686,0.009501187648455995,0.0015686274509802978,1
2020-08-26 00:00:00+00:00,12.8,12.87,12.68,12.77,321244000,0.0015686274509802978,0.0015673984400130792,12.612,11.677,12.601949379679809,11.788239682091882,0.023171403860344043,450595000.0,0.7129328998324438,0.014878621769772867,-0.002343750000000089,-0.0109631949882536,0
2020-08-27 00:00:00+00:00,12.78,12.85,12.57,12.63,317604000,-0.0109631949882536,-0.011023733682048231,12.71,11.777999999999999,12.611299586453207,11.868407331416465,0.023619354239492567,451031200.0,0.7041730150818835,0.022169437846397414,-0.011737089201877824,0.041171813143309643,1
2020-08-28 00:00:00+00:00,12.68,13.15,12.64,13.15,537160000,0.041171813143309643,0.04034682226137365,12.804000000000002,11.905,12.790866390968805,11.99046377604347,0.024540965192483083,458585200.0,1.1713417702969917,0.03878326996197717,0.03706624605678239,0.016730038022813698,1
2020-08-31 00:00:00+00:00,13.18,13.57,13.04,13.37,500840000,0.016730038022813698,0.016591632490078112,12.934000000000001,12.023,12.983910927312536,12.121848178325044,0.02380403533848772,462991200.0,1.0817484220002453,0.03964098728496643,0.014415781487101632,0.03365744203440557,1
2020-09-01 00:00:00+00:00,13.48,13.99,13.44,13.82,511316000,0.03365744203440557,0.03310342722567228,13.148000000000001,12.1525,13.262607284875024,12.283576923246468,0.024282198924964086,473040200.0,1.0809144761903957,0.039797395079594844,0.025222551928783372,0.03835021707670028,1
2020-09-02 00:00:00+00:00,14.7,14.73,13.9,14.35,874012000,0.03835021707670028,0.03763312386610629,13.463999999999999,12.3055,13.625071523250018,12.480379121032518,0.024992786402627917,504244600.0,1.7333095882434835,0.05783972125435541,-0.023809523809523787,-0.09268292682926826,0
2020-09-03 00:00:00+00:00,13.83,13.88,12.88,13.02,945128000,-0.09268292682926826,-0.09726330542520678,13.542000000000002,12.3895,13.423381015500013,12.531771585696088,0.034966509492663625,539285200.0,1.7525569031006227,0.07680491551459294,-0.058568329718004374,-0.030721966205837226,0
2020-09-04 00:00:00+00:00,12.78,13.18,11.7,12.62,1463684000,-0.030721966205837226,-0.031203779667356102,13.435999999999998,12.4605,13.155587343666674,12.540174291820271,0.0357562381385706,595343600.0,2.4585533463364686,0.11727416798732175,-0.012519561815336476,-0.05625990491283672,0
2020-09-08 00:00:00+00:00,11.73,12.55,11.7,11.91,795728000,-0.05625990491283672,-0.057904473745858276,13.144,12.498000000000001,12.74039156244445,12.480157692599292,0.038479463430400346,613740200.0,1.296522535105245,0.07136859781696066,0.015345268542199463,0.06717044500419811,1
2020-09-09 00:00:00+00:00,12.4,12.81,12.23,12.71,736200000,0.06717044500419811,0.06501070183415392,12.922,12.591,12.730261041629635,12.502047436161265,0.04008234296007639,632824600.0,1.1633555332709886,0.04563335955940205,0.02500000000000004,-0.03147128245476005,0
2020-09-10 00:00:00+00:00,12.99,13.07,12.17,12.31,698684000,-0.03147128245476005,-0.03197714500500082,12.514,12.6345,12.590174027753092,12.483757204145906,0.03955486292030063,644538200.0,1.0840071232395536,0.07311129163281888,-0.05234795996920706,-0.012185215272136452,0
2020-09-11 00:00:00+00:00,12.49,12.65,11.9,12.16,636928000,-0.012185215272136452,-0.012260063658341203,12.342000000000002,12.6705,12.446782685168728,12.45292318470344,0.039709346269312336,657661600.0,0.9684737561080045,0.061677631578947366,-0.026421136909527628,0.058388157894736725,1
2020-09-14 00:00:00+00:00,13.08,13.31,12.63,12.87,1201744000,0.058388157894736725,0.056747145070014327,12.392,12.736,12.587855123445818,12.492644786160255,0.041473676428137714,699427000.0,1.7181835988602099,0.05283605283605282,-0.0160550458715597,0.009324009324009452,1
2020-09-15 00:00:00+00:00,13.28,13.3,12.83,12.99,727556000,0.009324009324009452,0.00928080907447315,12.608,12.7685,12.721903415630546,12.540011949383087,0.03903328563004313,704739800.0,1.0323753532864186,0.036181678214010825,-0.0218373493975903,-0.036951501154734445,0
2020-09-16 00:00:00+00:00,12.96,13.09,12.51,12.51,556384000,-0.036951501154734445,-0.03765150620368862,12.568000000000001,12.781,12.6512689437537,12.53715366848946,0.040023063484004785,707386600.0,0.7865345484350424,0.0463629096722622,-0.0347222222222223,-0.003996802557953538,0
2020-09-17 00:00:00+00:00,12.13,12.59,12.03,12.46,792512000,-0.003996802557953538,-0.0040048111195125635,12.598,12.797,12.587512629169133,12.529805700061893,0.03996108882768401,715881000.0,1.1070443271996324,0.044943820224719135,0.027205276174773294,-0.02166934189406111,0
2020-09-18 00:00:00+00:00,12.59,12.63,11.99,12.19,698460000,-0.02166934189406111,-0.021907569866126853,12.604000000000001,12.7995,12.45500841944609,12.49744325243695,0.040297464228011885,704734600.0,0.9910965064011331,0.052502050861361824,-0.03177124702144562,0.027071369975389725,1
2020-09-21 00:00:00+00:00,11.93,12.52,11.9,12.52,721044000,0.027071369975389725,0.026711422178772093,12.534,12.7915,12.476672279630726,12.499591514109621,0.03951422413063996,690793400.0,1.043791095861657,0.04952076677316288,0.049455155071248945,0.009584664536741228,1
2020-09-22 00:00:00+00:00,12.57,12.65,12.16,12.64,646452000,0.009584664536741228,0.00953902304675891,12.464000000000002,12.7875,12.531114853087152,12.512963750861086,0.03957221886285947,698587800.0,0.925369724464126,0.03876582278481014,0.005568814638027071,-0.04113924050632922,0
2020-09-23 00:00:00+00:00,12.58,12.73,12.08,12.12,647012000,-0.04113924050632922,-0.04200940807754305,12.386,12.755999999999998,12.394076568724769,12.47553863173146,0.04064356405415489,716484600.0,0.903036855223406,0.05363036303630366,-0.0365659777424484,0.018976897689769068,1
2020-09-24 00:00:00+00:00,12.07,12.57,12.01,12.35,731240000,0.018976897689769068,0.018799082432817915,12.363999999999999,12.735000000000001,12.379384379149847,12.463582571566558,0.04091680212982142,736984400.0,0.9922055337942024,0.045344129554655915,0.023198011599005745,0.042105263157894646,1
2020-09-25 00:00:00+00:00,12.45,12.88,12.25,12.87,588016000,0.042105263157894646,0.04124295853404902,12.5,12.747,12.542922919433233,12.502288993322125,0.041944305960227954,750505000.0,0.7834937808542248,0.048951048951049014,0.03373493975903614,0.013209013209013243,1
2020-09-28 00:00:00+00:00,13.04,13.05,12.75,13.04,573808000,0.013209013209013243,0.013122534890471549,12.604000000000001,12.7415,12.708615279622155,12.553499565386684,0.04102996032558296,752337400.0,0.7627003522621633,0.023006134969325208,0.0,0.014570552147239457,1
2020-09-29 00:00:00+00:00,12.94,13.44,12.93,13.23,621460000,0.014570552147239457,0.014465421628357511,12.722,12.7345,12.882410186414772,12.617928178206999,0.04098629379216031,758368400.0,0.8194697985833798,0.038548752834467105,0.022411128284389563,0.0226757369614512,1
2020-09-30 00:00:00+00:00,13.16,13.62,13.15,13.53,689184000,0.0226757369614512,0.02242246405583259,13.004,12.72,13.09827345760985,12.704792161234904,0.04059273458853119,767261800.0,0.8982383848642015,0.03473762010347368,0.02811550151975678,0.00591278640059123,1
2020-10-01 00:00:00+00:00,13.76,13.76,13.46,13.61,525004000,0.00591278640059123,0.005895374480677784,13.256,12.683000000000002,13.2688489717399,12.791002431593485,0.03960891956877504,749811400.0,0.7001814056174659,0.02204261572373247,-0.0109011627906977,-0.040411462160176215,0
2020-10-02 00:00:00+00:00,13.22,13.52,13.05,13.06,552496000,-0.040411462160176215,-0.04125069281508953,13.294,12.684999999999999,13.199232647826602,12.816621247632202,0.03417418354338675,730179800.0,0.7566574698450984,0.03598774885145473,-0.012102874432677772,0.04441041347626351,1
2020-10-05 00:00:00+00:00,13.24,13.64,13.22,13.64,479820000,0.04441041347626351,0.04345252856703086,13.414000000000001,12.736,13.346155098551069,12.89503827166723,0.03464290694140086,680986600.0,0.7045953620820146,0.03079178885630498,0.03021148036253779,0.007331378299120228,1
2020-10-06 00:00:00+00:00,13.83,14.14,13.66,13.74,784420000,0.007331378299120228,0.007304634378887176,13.516,12.8275,13.47743673236738,12.975510817222732,0.031442074813511675,680421200.0,1.152844737935855,0.03493449781659392,-0.00650759219088936,0.01601164483260553,1
2020-10-07 00:00:00+00:00,14.0,14.12,13.86,13.96,418084000,0.01601164483260553,0.01588481054002333,13.602,12.89,13.638291154911588,13.069271691772949,0.028461346015949768,664515400.0,0.6291562242199353,0.018624641833810872,-0.0028571428571427964,-0.008595988538682042,0
2020-10-08 00:00:00+00:00,14.07,14.08,13.76,13.84,378900000,-0.008595988538682042,-0.008633147144702757,13.648000000000001,12.9665,13.705527436607726,13.142674387794573,0.027334843168465874,648526200.0,0.5842477913768171,0.023121387283237014,-0.01634683724235966,-0.005780346820809301,0
2020-10-09 00:00:00+00:00,13.77,13.82,13.66,13.76,346892000,-0.005780346820809301,-0.005797117684326114,13.788,13.0465,13.723684957738485,13.201467303242708,0.027146943449169146,634024400.0,0.5471272083534956,0.011627906976744196,-0.0007262164124909068,0.03415697674418605,1
2020-10-12 00:00:00+00:00,13.99,14.35,13.91,14.23,434744000,0.03415697674418605,0.033586579596563304,13.906,13.114499999999998,13.892456638492323,13.299422798171975,0.025308070703384748,595674400.0,0.7298349568153341,0.03092059030217846,0.01715511079342389,0.0014054813773716202,1
2020-10-13 00:00:00+00:00,14.3,14.35,14.02,14.25,344604000,0.0014054813773716202,0.0014044946128985991,14.008000000000001,13.1775,14.011637758994883,13.389953960250836,0.025299602693588163,576526800.0,0.5977241647743001,0.02315789473684211,-0.003496503496503546,-0.010526315789473717,0
2020-10-14 00:00:00+00:00,14.29,14.34,13.96,14.1,276100000,-0.010526315789473717,-0.010582109330536937,14.036000000000001,13.257,14.041091839329923,13.457577392607899,0.02358460132942574,562512600.0,0.49083344977516946,0.02695035460992901,-0.013296011196640974,-0.009219858156028327,0
2020-10-15 00:00:00+00:00,13.81,14.01,13.77,13.97,267224000,-0.009219858156028327,-0.009262624115252027,14.062000000000001,13.332500000000001,14.017394559553283,13.50637954569286,0.023730635672532772,536248200.0,0.4983214862073197,0.017179670722977824,0.011585807385952218,-0.01145311381531855,0
2020-10-16 00:00:00+00:00,14.04,14.12,13.79,13.81,242392000,-0.01145311381531855,-0.011519205847669856,14.072,13.413500000000003,13.94826303970219,13.535295779436398,0.023201907584606253,513444800.0,0.47208969688659813,0.023895727733526436,-0.016381766381766288,-0.022447501810282433,0
2020-10-19 00:00:00+00:00,13.9,13.98,13.41,13.5,298068000,-0.022447501810282433,-0.022703281976816925,13.925999999999998,13.4625,13.798842026468128,13.531934276632931,0.02353571983667246,492296000.0,0.6054650047938639,0.042222222222222244,-0.028776978417266213,0.011111111111111072,1
2020-10-20 00:00:00+00:00,13.58,13.8,13.51,13.65,229212000,0.011111111111111072,0.011049836186585171,13.806000000000001,13.513,13.749228017645418,13.54317863123932,0.02355763147030905,471434000.0,0.48620167404132925,0.021245421245421312,0.005154639175257753,-0.009523809523809601,0
2020-10-21 00:00:00+00:00,13.62,13.79,13.48,13.52,219596000,-0.009523809523809601,-0.009569451016151032,13.690000000000001,13.583000000000002,13.672818678430279,13.54097114254986,0.02123684531689392,450063200.0,0.4879225850947156,0.022928994082840142,-0.007342143906020533,-0.01183431952662728,0
2020-10-22 00:00:00+00:00,13.52,13.61,13.23,13.36,290480000,-0.01183431952662728,-0.011904902506318038,13.568000000000001,13.633500000000002,13.568545785620186,13.52373579564035,0.021331824010756624,428025200.0,0.6786516307918319,0.028443113772455016,-0.011834319526627229,0.017215568862275488,1
2020-10-23 00:00:00+00:00,13.45,13.59,13.29,13.59,233484000,0.017215568862275488,0.017069060054552665,13.524000000000001,13.6695,13.575697190413457,13.53004667224603,0.019731178591359828,410298600.0,0.569058729422913,0.022075055187638023,0.010408921933085544,-0.0331125827814569,0
2020-10-26 00:00:00+00:00,13.43,13.69,13.04,13.14,336896000,-0.0331125827814569,-0.03367321510658794,13.452000000000002,13.6745,13.430464793608973,13.49289937012736,0.021156055221229857,398453000.0,0.845510009963534,0.04946727549467278,-0.021593447505584448,0.019786910197869156,1
2020-10-27 00:00:00+00:00,13.31,13.44,13.19,13.4,250520000,0.019786910197869156,0.01959369390040111,13.401999999999997,13.683000000000002,13.420309862405983,13.484051811067612,0.02136577011012869,379906000.0,0.6594262791322064,0.018656716417910446,0.006761833208114189,-0.057462686567164134,0
2020-10-28 00:00:00+00:00,13.2,13.26,12.61,12.63,376520000,-0.057462686567164134,-0.059179770594465886,13.224,13.638,13.15687324160399,13.402713543346888,0.0245422794744676,364272800.0,1.0336209566017556,0.051464766429137,-0.04318181818181807,0.030878859857482066,1
2020-10-29 00:00:00+00:00,12.84,13.19,12.75,13.02,320080000,0.030878859857482066,0.030411700418023546,13.156,13.608500000000001,13.111248827735993,13.366264634456709,0.025621708150534477,354026600.0,0.9041128547967865,0.03379416282642085,0.014018691588785024,-0.037634408602150504,0
2020-10-30 00:00:00+00:00,12.85,12.94,12.3,12.53,416820000,-0.037634408602150504,-0.0383608678724463,12.943999999999999,13.581999999999999,12.917499218490663,13.28662038355607,0.02539715358318351,347242800.0,1.2003704612449848,0.05107741420590573,-0.024902723735408583,0.003990422984836428,1
2020-11-02 00:00:00+00:00,12.66,12.84,12.39,12.58,299652000,0.003990422984836428,0.00398248236431753,12.831999999999999,13.529000000000002,12.804999478993777,13.219323204169777,0.02310344994016902,338234400.0,0.8859299941105931,0.03577106518282983,-0.0063191153238546655,0.0349761526232113,1
2020-11-03 00:00:00+00:00,12.71,13.11,12.6,13.02,272900000,0.0349761526232113,0.03437838550812877,12.756,13.493,12.876666319329185,13.200340041867895,0.02455124309027301,312658400.0,0.8728375760894318,0.03917050691244238,0.02439024390243892,0.05913978494623651,1
2020-11-04 00:00:00+00:00,13.39,13.83,13.34,13.79,410228000,0.05913978494623651,0.05745705502478726,12.988,13.4845,13.18111087955279,13.256498133118571,0.027757257704207366,312265600.0,1.313714991340705,0.035532994923857884,0.02987303958177734,0.026831036983321344,1
2020-11-05 00:00:00+00:00,14.16,14.34,13.99,14.16,319028000,0.026831036983321344,0.026477396460363067,13.216,13.500499999999999,13.507407253035193,13.342545929964421,0.028327729015040843,309272000.0,1.03154504772498,0.02471751412429376,0.0,0.02824858757062154,1
2020-11-06 00:00:00+00:00,14.11,14.59,13.89,14.56,383348000,0.02824858757062154,0.027856954502966325,13.622,13.5405,13.858271502023463,13.458493936634477,0.028887796513725066,311094800.0,1.2322546053485948,0.048076923076923024,0.03189227498228215,-0.06387362637362637,0
2020-11-09 00:00:00+00:00,14.55,14.69,13.61,13.63,582976000,-0.06387362637362637,-0.06600479706009876,13.831999999999999,13.510499999999999,13.782181001348976,13.474827847431193,0.031748233795452156,318506400.0,1.83034312654314,0.07923697725605283,-0.06323024054982818,-0.06309611151870886,0
2020-11-10 00:00:00+00:00,13.61,13.61,12.63,12.77,644068000,-0.06309611151870886,-0.0651745756639932,13.782000000000002,13.4365,13.44478733423265,13.40770138577108,0.03470807097607368,333479600.0,1.9313565207586911,0.07674236491777593,-0.06171932402645113,0.05090054815974954,1
2020-11-11 00:00:00+00:00,13.05,13.44,12.95,13.42,404744000,0.05090054815974954,0.04964746149908761,13.707999999999998,13.4025,13.436524889488433,13.408872682364311,0.03679268363717891,339911800.0,1.1907324194099764,0.03651266766020866,0.028352490421455878,0.0029806259314457684,1
2020-11-12 00:00:00+00:00,13.48,13.77,13.32,13.46,365812000,0.0029806259314457684,0.002976192673046274,13.568000000000001,13.377,13.444349926325623,13.413741950710568,0.03677556163607351,344841200.0,1.0608129191059537,0.03343239227340262,-0.0014836795252225203,-0.011887072808320909,0
2020-11-13 00:00:00+00:00,13.63,13.67,13.06,13.3,346312000,-0.011887072808320909,-0.011958288988873633,13.315999999999999,13.351500000000001,13.396233284217084,13.40290938397623,0.03678176230590236,350037200.0,0.9893577025527572,0.045864661654135296,-0.024211298606016146,0.016541353383458635,1
2020-11-16 00:00:00+00:00,13.17,13.65,13.16,13.52,413776000,0.016541353383458635,0.016406035387109608,13.294,13.352500000000001,13.437488856144723,13.41406087121659,0.03665591713756372,355822600.0,1.1628716107408579,0.03624260355029588,0.026575550493545912,-0.007396449704141994,0
2020-11-17 00:00:00+00:00,13.55,13.6,13.3,13.42,312028000,-0.007396449704141994,-0.007423939071282248,13.424000000000001,13.341,13.431659237429816,13.414626502529295,0.03659749471292293,359963400.0,0.8668325724226408,0.022354694485841948,-0.009594095940959467,0.0007451564828613311,1
2020-11-18 00:00:00+00:00,13.47,13.61,13.19,13.43,510924000,0.0007451564828613311,0.0007448789916106868,13.425999999999998,13.336499999999997,13.431106158286545,13.416090645145552,0.036540780744621436,374529800.0,1.3641744929241946,0.031273268801191356,-0.0029695619896066014,0.0007446016381236209,1
2020-11-19 00:00:00+00:00,13.21,13.49,13.1,13.44,565936000,0.0007446016381236209,0.0007443245598572901,13.422,13.3405,13.434070772191031,13.41836772656026,0.036439293535495416,388302600.0,1.4574612686085542,0.029017857142857185,0.017411052233156595,-0.02604166666666663,0
2020-11-20 00:00:00+00:00,13.45,13.49,13.06,13.09,341088000,-0.02604166666666663,-0.02638675517319511,13.38,13.3155,13.319380514794021,13.387094609744997,0.03668145354181564,393682800.0,0.8664031042250259,0.03284950343773871,-0.026765799256505535,0.0038197097020626902,1
2020-11-23 00:00:00+00:00,13.17,13.38,13.02,13.14,361356000,0.0038197097020626902,0.003812433134656068,13.303999999999998,13.3155,13.259587009862681,13.363561789769282,0.035920936254694134,394905800.0,0.915043536965018,0.027397260273972695,-0.0022779043280181746,-0.013698630136986245,0
2020-11-24 00:00:00+00:00,13.14,13.16,12.88,12.96,346500000,-0.013698630136986245,-0.01379332213233564,13.212,13.2935,13.159724673241788,13.32512733360078,0.035737764059640006,399704800.0,0.866889764646309,0.02160493827160489,-0.01369863013698628,0.02083333333333326,1
2020-11-25 00:00:00+00:00,13.03,13.27,13.02,13.23,259916000,0.02083333333333326,0.020619287202735315,13.172000000000002,13.323500000000001,13.183149782161193,13.316067587543563,0.03335416673863443,393874600.0,0.6598953067803813,0.01889644746787604,0.015349194167306299,0.0022675736961450532,1
2020-11-27 00:00:00+00:00,13.38,13.41,13.17,13.26,167276000,0.0022675736961450532,0.002265006630852273,13.136000000000001,13.3355,13.208766521440797,13.31072781730132,0.03269378647281214,386234400.0,0.43309451462635123,0.018099547511312233,-0.008968609865470926,0.010558069381598756,1
2020-11-30 00:00:00+00:00,13.27,13.41,12.97,13.4,286952000,0.010558069381598756,0.010502722199149161,13.198000000000002,13.379,13.272511014293865,13.31922992993929,0.03140474924274157,379741000.0,0.7556518785171998,0.03283582089552235,0.009796533534287926,-0.0007462686567164534,0
2020-12-01 00:00:00+00:00,13.49,13.53,13.23,13.39,296948000,-0.0007462686567164534,-0.0007465472537844242,13.248000000000001,13.4195,13.311674009529245,13.325969936611738,0.03141758783294893,379605800.0,0.7822535904351303,0.022404779686333004,-0.007412898443291301,0.01120238984316635,1
2020-12-02 00:00:00+00:00,13.35,13.67,13.23,13.54,283360000,0.01120238984316635,0.011140107781047792,13.364,13.445500000000001,13.387782673019498,13.346353752172524,0.030620311502289707,380128800.0,0.7454315484646257,0.03249630723781385,0.014232209737827678,-0.010339734121122546,0
2020-12-03 00:00:00+00:00,13.59,13.66,13.33,13.4,199520000,-0.010339734121122546,-0.010393560527263368,13.398,13.426000000000002,13.391855115346333,13.351462918632283,0.027774190741109907,369593400.0,0.5398364797639784,0.024626865671641796,-0.01398086828550401,0.011940298507462588,1
2020-12-04 00:00:00+00:00,13.45,13.56,13.39,13.56,202244000,0.011940298507462588,0.011869575555383705,13.458000000000002,13.396,13.44790341023089,13.371323593048256,0.027187423833023507,363754200.0,0.555990831171159,0.012536873156342178,0.008178438661710127,0.0036873156342183133,1
2020-12-07 00:00:00+00:00,13.6,13.73,13.5,13.61,223244000,0.0036873156342183133,0.0036805341511252365,13.5,13.348499999999998,13.501935606820595,13.394054679424613,0.026305492275908764,355749000.0,0.6275323331899738,0.01689933872152832,0.0007352941176470432,-0.019103600293901568,0
2020-12-08 00:00:00+00:00,13.59,13.6,13.28,13.35,271920000,-0.019103600293901568,-0.01928843181711626,13.492,13.3345,13.451290404547064,13.389858995669886,0.022206091351495233,340196200.0,0.7993034607676394,0.023970037453183542,-0.017660044150110393,-0.03146067415730336,0
2020-12-09 00:00:00+00:00,13.3,13.41,12.87,12.93,401300000,-0.03146067415730336,-0.031966192062492294,13.370000000000001,13.342500000000001,13.277526936364712,13.346062900844183,0.018001464609740215,328057800.0,1.223260047467245,0.04176334106728546,-0.027819548872180525,0.0030935808197989356,1
2020-12-10 00:00:00+00:00,12.87,13.07,12.85,12.97,207764000,0.0030935808197989356,0.0030888055445865703,13.284,13.319999999999999,13.175017957576475,13.310247386478071,0.013862595098295074,318208800.0,0.652917204049668,0.016962220508866664,0.007770007770007881,0.0030840400925211675,1
2020-12-11 00:00:00+00:00,12.97,13.02,12.82,13.01,209264000,0.0030840400925211675,0.003079294196061344,13.174000000000001,13.2975,13.12001197171765,13.281652397289685,0.013864446697800426,310381400.0,0.6742156585413945,0.015372790161414242,0.0030840400925211367,0.023059185242121583,1
2020-12-14 00:00:00+00:00,13.09,13.39,13.08,13.31,270156000,0.023059185242121583,0.022797339882606238,13.114,13.297999999999998,13.183341314478433,13.284352168976381,0.014665997653574833,306573600.0,0.8812109066142682,0.023290758827948947,0.016806722689075678,0.0037565740045077956,1
2020-12-15 00:00:00+00:00,13.44,13.46,13.19,13.36,193016000,0.0037565740045077956,0.0037495357014796227,13.116,13.290000000000001,13.242227542985622,13.291556724311965,0.014187802743171806,295535600.0,0.6531057510499582,0.020209580838323454,-0.005952380952380958,-0.008982035928143617,0
2020-12-16 00:00:00+00:00,13.42,13.44,13.21,13.24,223116000,-0.008982035928143617,-0.009022617599637517,13.178,13.281,13.241485028657081,13.286646560091777,0.014232732740643902,291090000.0,0.7664845923941049,0.01737160120845911,-0.013412816691505194,0.007552870090634434,1
2020-12-17 00:00:00+00:00,13.37,13.38,13.18,13.34,231384000,0.007552870090634434,0.007524489978615545,13.252,13.276499999999999,13.274323352438056,13.291727840083036,0.014348597575280174,277113000.0,0.8349806757532126,0.014992503748126017,-0.0022438294689603113,-0.005247376311844132,0
2020-12-18 00:00:00+00:00,13.38,13.4,13.07,13.27,342064000,-0.005247376311844132,-0.005261192143361626,13.303999999999998,13.268,13.272882234958704,13.28965852197989,0.014387581479766345,265919400.0,1.286344659321584,0.024868123587038438,-0.008221225710015037,0.0045214770158252815,1
2020-12-21 00:00:00+00:00,13.07,13.37,12.97,13.33,302332000,0.0045214770158252815,0.0045112858465010675,13.308000000000002,13.280000000000001,13.29192148997247,13.293500567505614,0.013076164617059256,263981600.0,1.1452767920188376,0.03000750187546876,0.019892884468247878,-0.0037509377344336903,0
2020-12-22 00:00:00+00:00,13.32,13.34,13.05,13.28,185580000,-0.0037509377344336903,-0.0037579901423296924,13.292000000000002,13.287,13.287947659981647,13.292214799171745,0.01309723189606105,255192800.0,0.7272148744008452,0.0218373493975903,-0.0030030030030030724,-0.02033132530120474,0
2020-12-23 00:00:00+00:00,13.26,13.28,13.01,13.01,179144000,-0.02033132530120474,-0.020540851523873638,13.246,13.2895,13.195298439987765,13.265337199250627,0.01356418987379716,246825000.0,0.7257935784462676,0.02075326671790927,-0.01885369532428356,-0.001537279016141424,0
2020-12-24 00:00:00+00:00,13.04,13.13,12.94,12.99,97884000,-0.001537279016141424,-0.0015384618419056473,13.175999999999998,13.2775,13.12686562665851,13.239114608845805,0.012684332080133264,238723400.0,0.41003102335171165,0.014626635873749136,-0.0038343558282207773,-0.006928406466512715,0
2020-12-28 00:00:00+00:00,13.06,13.06,12.76,12.9,212564000,-0.006928406466512715,-0.006952519314881833,13.102,13.2595,13.051243751105673,13.206817979431918,0.012730067589775441,240987800.0,0.8820529503983189,0.023255813953488427,-0.012251148545176121,0.0031007751937983663,1
2020-12-29 00:00:00+00:00,12.93,13.07,12.84,12.94,170372000,0.0031007751937983663,0.003095977705128039,13.024000000000001,13.236499999999998,13.014162500737116,13.181406743295545,0.012471411275424152,235158800.0,0.7244976586034628,0.017774343122102042,0.0007733952049497129,0.016228748068006338,1
2020-12-30 00:00:00+00:00,12.99,13.21,12.9,13.15,225396000,0.016228748068006338,0.0160984695510189,12.998000000000001,13.2245,13.059441667158078,13.178415624886444,0.013095687471087065,231581200.0,0.9732914416196133,0.023574144486692053,0.012317167051578148,-0.0076045627376425395,0
2020-12-31 00:00:00+00:00,13.14,13.15,12.91,13.05,192424000,-0.0076045627376425395,-0.0076336248550710195,13.006,13.2,13.056294444772053,13.16618556537345,0.012857592935583292,227034400.0,0.8475543794244397,0.018390804597701163,-0.00684931506849314,0.0045977011494251485,1
2021-01-04 00:00:00+00:00,13.1,13.65,12.96,13.11,560640000,0.0045977011494251485,0.004587164006906175,13.030000000000001,13.1855,13.074196296514703,13.160834559147407,0.01276930992779243,245090400.0,2.287482496254443,0.05263157894736838,0.0007633587786259379,0.02212051868802445,1
2021-01-05 00:00:00+00:00,13.1,13.44,13.09,13.4,322760000,0.02212051868802445,0.02187940918125708,13.13,13.1775,13.182797531009804,13.183612220180986,0.013480518209969483,251116200.0,1.2853013863701346,0.026119402985074598,0.02290076335877868,-0.05895522388059704,0
2021-01-06 00:00:00+00:00,13.22,13.24,12.59,12.61,580424000,-0.05895522388059704,-0.060764556980037465,13.064000000000002,13.127500000000001,12.991865020673204,13.128982484925654,0.018983921215956177,268975200.0,2.157908981943317,0.05154639175257735,-0.046142208774584054,0.05789056304520224,1
2021-01-07 00:00:00+00:00,12.97,13.38,12.89,13.34,461480000,0.05789056304520224,0.05627689051064966,13.102,13.127,13.107910013782138,13.14907939112321,0.022865291066142185,278453200.0,1.6572982461684764,0.03673163418290856,0.028527370855821063,-0.004497751124437843,0
2021-01-08 00:00:00+00:00,13.36,13.42,13.04,13.28,292528000,-0.004497751124437843,-0.004507896439190251,13.148000000000001,13.144499999999999,13.165273342521425,13.161548020540048,0.021638723260499093,273014600.0,1.0714738332675249,0.028614457831325362,-0.005988023952095814,0.025602409638554313,1
2021-01-11 00:00:00+00:00,13.42,13.96,13.36,13.62,518344000,0.025602409638554313,0.02528015667307848,13.25,13.176999999999998,13.316848895014283,13.205210113821948,0.022292439796397428,288543600.0,1.7964148225779397,0.044052863436123454,0.014903129657227966,-0.010279001468428639,0
2021-01-12 00:00:00+00:00,13.75,13.75,13.35,13.48,291476000,-0.010279001468428639,-0.010332195237205077,13.266,13.2005,13.37123259667619,13.231380579172239,0.0224733362027557,292654200.0,0.9959740881900891,0.029673590504451064,-0.019636363636363605,0.0037091988130562026,1
2021-01-13 00:00:00+00:00,13.49,13.62,13.38,13.53,210028000,0.0037091988130562026,0.003702336698535813,13.45,13.211500000000001,13.424155064450794,13.259820524012978,0.021932299535259464,289647800.0,0.7251151225730007,0.01773835920177372,0.0029651593773164673,-0.024390243902439046,0
2021-01-14 00:00:00+00:00,13.57,13.6,13.18,13.2,283120000,-0.024390243902439046,-0.0246926125903717,13.422,13.2035,13.349436709633864,13.254123331249836,0.022642920725497426,294153000.0,0.9624923084245274,0.031818181818181815,-0.02726602800294775,-0.025757575757575757,0
2021-01-15 00:00:00+00:00,13.23,13.33,12.85,12.86,277780000,-0.025757575757575757,-0.026095110782851982,13.338,13.1845,13.186291139755909,13.21658777589271,0.023289640208932396,296886200.0,0.9356447015725218,0.03732503888024887,-0.027966742252456614,0.013219284603421366,1
2021-01-19 00:00:00+00:00,13.02,13.09,12.84,13.03,226188000,0.013219284603421366,0.013132672327280659,13.219999999999999,13.169,13.134194093170606,13.198817511521977,0.023436754222414074,296626400.0,0.7625349598012854,0.019186492709132773,0.000768049155145913,0.02609363008442056,1
2021-01-20 00:00:00+00:00,13.11,13.43,13.06,13.37,258572000,0.02609363008442056,0.02575899997709774,13.197999999999999,13.173999999999998,13.212796062113739,13.215120605662742,0.024167199968746594,292451800.0,0.8841525338534418,0.02767389678384437,0.019832189168573593,0.037397157816005944,1
2021-01-21 00:00:00+00:00,13.42,14.0,13.25,13.87,337780000,0.037397157816005944,0.03671484321288876,13.266,13.200999999999999,13.43186404140916,13.2774900717901,0.02549366807932531,294224200.0,1.1480360894855013,0.054073540014419615,0.033532041728762986,-0.011535688536409405,0
2021-01-22 00:00:00+00:00,13.74,13.84,13.63,13.71,246820000,-0.011535688536409405,-0.011602740752516993,13.368,13.2225,13.524576027606107,13.318681493524377,0.025646577278350083,297286200.0,0.8302437180064194,0.015317286652078706,-0.0021834061135370714,-0.004376367614879695,0
2021-01-25 00:00:00+00:00,13.78,13.83,13.24,13.65,251112000,-0.004376367614879695,-0.0043859719432544075,13.526,13.254500000000002,13.566384018404072,13.350235636998246,0.025162600750147042,300884600.0,0.8345791044141175,0.04322344322344321,-0.009433962264150872,-0.015384615384615441,0
2021-01-26 00:00:00+00:00,13.58,13.64,13.39,13.44,163980000,-0.015384615384615441,-0.015504186535965303,13.607999999999999,13.277000000000001,13.524256012269383,13.358784623950793,0.025469588720486006,304189400.0,0.539072038670644,0.018601190476190476,-0.010309278350515505,-0.038690476190476164,0
2021-01-27 00:00:00+00:00,13.23,13.23,12.79,12.92,371272000,-0.038690476190476164,-0.03945883674054773,13.518,13.278,13.322837341512923,13.316995612145956,0.027039766217009768,312124800.0,1.1894985595505387,0.03405572755417967,-0.023431594860166327,0.010061919504644079,1
2021-01-28 00:00:00+00:00,13.0,13.34,12.96,13.05,228316000,0.010061919504644079,0.010011635414246545,13.354000000000003,13.2835,13.231891561008617,13.291567458608245,0.027124484248589036,315022000.0,0.7247620801086908,0.029118773946360074,0.003846153846153901,-0.0045977011494253706,0
2021-01-29 00:00:00+00:00,13.07,13.33,12.91,12.99,271552000,-0.0045977011494253706,-0.004608303086194088,13.209999999999999,13.2755,13.151261040672413,13.262846748264602,0.026888835919036663,317329800.0,0.8557406206413642,0.032332563510392605,-0.006120887528691665,0.019245573518090753,1
2021-02-01 00:00:00+00:00,13.05,13.27,12.9,13.24,217204000,0.019245573518090753,0.01906271982635399,13.128,13.285,13.180840693781608,13.260670867477497,0.02718294960478352,318568800.0,0.6818119037394748,0.027945619335347373,0.014559386973180037,0.024169184290030232,1
2021-02-02 00:00:00+00:00,13.4,13.57,13.29,13.56,220440000,0.024169184290030232,0.023881732003387057,13.152000000000001,13.3075,13.307227129187739,13.289178403908211,0.02766542026904075,301558800.0,0.7310017150884006,0.020648967551622502,0.011940298507462697,-0.0022123893805310324,0
2021-02-03 00:00:00+00:00,13.64,13.93,13.52,13.53,245408000,-0.0022123893805310324,-0.0022148403295525476,13.274000000000001,13.313999999999998,13.381484752791827,13.312113794012191,0.02726152104985162,297691200.0,0.8243710260834045,0.030303030303030314,-0.008064516129032346,0.009608277900960971,1
2021-02-04 00:00:00+00:00,13.53,13.67,13.34,13.66,201340000,0.009608277900960971,0.009562411959947337,13.396,13.366499999999998,13.474323168527885,13.345245813630077,0.02317500406193199,278737000.0,0.7223296512483094,0.02415812591508053,0.009608277900960886,-0.00512445095168379,0
2021-02-05 00:00:00+00:00,13.72,13.74,13.55,13.59,169152000,-0.00512445095168379,-0.0051376259795916646,13.516000000000002,13.379,13.512882112351924,13.368555736141499,0.01969031136913152,264120600.0,0.6404347105072455,0.01398086828550401,-0.009475218658892184,0.0625459896983076,1
2021-02-08 00:00:00+00:00,13.73,14.47,13.73,14.44,434624000,0.0625459896983076,0.06066790530162747,13.756,13.437000000000001,13.821921408234617,13.470598046985167,0.02372354491896819,271225400.0,1.6024457886318906,0.0512465373961219,0.05171158048069913,-0.012465373961218829,0
2021-02-09 00:00:00+00:00,14.34,14.58,14.22,14.26,287560000,-0.012465373961218829,-0.012543718478529975,13.896,13.469,13.967947605489744,13.545779185367532,0.023459707675135624,259686200.0,1.1073364699394885,0.025245441795231378,-0.005578800557880061,0.035063113604488105,1
2021-02-10 00:00:00+00:00,14.46,14.9,14.34,14.76,485352000,0.035063113604488105,0.03446240418617652,14.142,13.533000000000001,14.231965070326497,13.661419262951577,0.02431339483961507,269380000.0,1.8017373227411093,0.03794037940379407,0.020746887966804906,0.033197831978319714,1
2021-02-11 00:00:00+00:00,14.98,15.27,14.93,15.25,450828000,0.033197831978319714,0.03265868388109405,14.459999999999999,13.619,14.571310046884332,13.81271266648,0.025110248755652372,281420000.0,1.601975694691209,0.022295081967213106,0.0180240320427236,-0.019016393442622848,0
2021-02-12 00:00:00+00:00,15.05,15.29,14.78,14.96,374756000,-0.019016393442622848,-0.019199530507089335,14.734,13.706999999999999,14.700873364589555,13.921978126815238,0.024784990863245874,286001800.0,1.31032741751975,0.034090909090909075,-0.0059800664451827145,0.024732620320855547,1
2021-02-16 00:00:00+00:00,15.06,15.37,14.95,15.33,321960000,0.024732620320855547,0.024431720337391383,14.912,13.830499999999997,14.910582243059704,14.056075448070931,0.02387193473274396,288210800.0,1.1170990122507554,0.027397260273972598,0.01792828685258961,-0.0273972602739726,0
2021-02-17 00:00:00+00:00,15.17,15.22,14.78,14.91,274756000,-0.0273972602739726,-0.027779564107075494,15.042000000000002,13.9245,14.910388162039805,14.1374015958737,0.025195916138043277,290639200.0,0.9453507992039615,0.029510395707578893,-0.017139090309822004,-0.005365526492287054,0
2021-02-18 00:00:00+00:00,14.73,14.87,14.57,14.83,233868000,-0.005365526492287054,-0.005379972626806229,15.056000000000001,13.997499999999999,14.883592108026537,14.203363348647633,0.024919311770902217,289404000.0,0.8081021685947671,0.020229265003371473,0.006788866259334667,0.006743088334457248,1
2021-02-19 00:00:00+00:00,15.02,15.18,14.85,14.93,271724000,0.006743088334457248,0.006720455401258096,14.991999999999999,14.0505,14.899061405351025,14.272566839252619,0.023799081868953034,286101200.0,0.9497478514595534,0.02210314802411253,-0.005992010652463373,-0.03817816476892166,0
2021-02-22 00:00:00+00:00,14.77,15.13,14.32,14.36,325884000,-0.03817816476892166,-0.038926047931020946,14.872,14.083000000000002,14.719374270234017,14.280893806942846,0.02544967780913212,290054400.0,1.1235271728337857,0.05640668523676884,-0.027758970886932983,-0.01532033426183832,0
2021-02-23 00:00:00+00:00,14.08,14.24,13.39,14.14,391780000,-0.01532033426183832,-0.015438903151651306,14.634,14.107499999999998,14.526249513489345,14.267475349138767,0.02572143166134932,297087800.0,1.3187347309448587,0.060113154172560086,0.004261363636363672,0.02545968882602545,1
2021-02-24 00:00:00+00:00,14.12,14.51,13.76,14.5,448320000,0.02545968882602545,0.025140988958102017,14.552000000000001,14.160499999999999,14.517499675659565,14.289620553982694,0.025890446245815997,311304800.0,1.4401319864004667,0.05172413793103448,0.026912181303116203,-0.0820689655172413,0
2021-02-25 00:00:00+00:00,14.05,14.37,13.22,13.31,824436000,-0.0820689655172413,-0.08563301701950854,14.248000000000001,14.180000000000001,14.114999783773044,14.196323358365294,0.03141900488911175,333963000.0,2.468644730104832,0.08640120210368134,-0.05266903914590749,0.03005259203606303,1
2021-02-26 00:00:00+00:00,13.75,13.85,13.36,13.71,500932000,0.03005259203606303,0.0296098611672031,14.004,14.213,13.979999855848698,14.150006848044791,0.031999133690553676,347593800.0,1.4411419306098094,0.035740335521517154,-0.002909090909090847,0.009482129832239172,1
2021-03-01 00:00:00+00:00,13.88,13.93,13.55,13.84,353184000,0.009482129832239172,0.009437456615300377,13.9,14.255500000000001,13.933333237232466,14.12048238632624,0.03198981209015986,351675400.0,1.0042897512876932,0.027456647398843858,-0.002881844380403525,-0.03106936416184969,0
2021-03-02 00:00:00+00:00,13.9,13.92,13.4,13.41,264116000,-0.03106936416184969,-0.03156225289593673,13.754,14.264,13.758888824821646,14.052817397152312,0.03266185161771339,354021000.0,0.7460461385059078,0.038777032065622635,-0.03525179856115109,-0.04548844146159581,0
2021-03-03 00:00:00+00:00,13.43,13.45,12.8,12.8,377592000,-0.04548844146159581,-0.04655552636801552,13.413999999999998,14.225999999999999,13.439259216547764,13.933501454566379,0.03380128376771946,361878600.0,1.0434217441981923,0.05078124999999989,-0.04690990320178697,-0.03359375000000009,0
2021-03-04 00:00:00+00:00,12.8,12.97,12.08,12.37,573344000,-0.03359375000000009,-0.03417098452117484,13.226000000000003,14.168000000000001,13.08283947769851,13.784596554131486,0.034515732194695094,378275400.0,1.5156787885228593,0.07194826192400976,-0.03359375000000012,0.007275666936136016,1
2021-03-05 00:00:00+00:00,12.55,12.55,11.68,12.46,542840000,0.007275666936136016,0.00724932695491054,12.976000000000003,14.107999999999999,12.875226318465675,13.65844450135706,0.03447004169440884,395350400.0,1.373060454725732,0.0698234349919744,-0.0071713147410358445,-0.06982343499197441,0
2021-03-08 00:00:00+00:00,12.45,12.47,11.57,11.59,543112000,-0.06982343499197441,-0.07238085600764688,12.526,14.008000000000001,12.446817545643784,13.461449786942103,0.03765753708533584,414048400.0,1.3117113844661639,0.07765314926660918,-0.0690763052208835,0.08024158757549604,1
2021-03-09 00:00:00+00:00,12.13,12.62,12.06,12.52,521824000,0.08024158757549604,0.07718470832029212,12.348,13.912,12.471211697095857,13.371787902471427,0.039383331830110474,418408400.0,1.2471642538725323,0.04472843450479223,0.03215169002473197,-0.003993610223642086,0
2021-03-10 00:00:00+00:00,12.84,12.98,12.46,12.47,384376000,-0.003993610223642086,-0.004001605980007206,12.282,13.822500000000002,12.470807798063905,13.285903340331291,0.039367889452769166,423249200.0,0.9081552900749724,0.04170008019246187,-0.02881619937694698,0.04170008019246185,1
2021-03-11 00:00:00+00:00,12.95,13.05,12.73,12.99,299916000,0.04170008019246185,0.04085407099056315,12.406,13.734,12.643871865375939,13.257722069823549,0.03974383232345956,413977400.0,0.7244743312074524,0.024634334103156297,0.0030888030888031603,-0.01000769822940728,0
2021-03-12 00:00:00+00:00,12.65,12.89,12.59,12.86,243964000,-0.01000769822940728,-0.01005811187303518,12.486,13.614499999999998,12.715914576917292,13.219843777459403,0.03866832181345219,403634200.0,0.6044185552165797,0.023328149300155577,0.016600790513833917,0.025660964230171057,1
2021-03-15 00:00:00+00:00,12.86,13.21,12.77,13.19,221988000,0.025660964230171057,0.025337247919750006,12.806000000000001,13.526,12.873943051278196,13.21700151293946,0.039298376229430686,395995800.0,0.5605817031392757,0.03335860500379085,0.025660964230171078,0.007581501137225111,1
2021-03-16 00:00:00+00:00,13.36,13.51,13.12,13.29,272128000,0.007581501137225111,0.007552905995930725,12.959999999999999,13.424000000000001,13.012628700852131,13.223953749802368,0.038781600422243274,393504200.0,0.691550433260941,0.02934537246049666,-0.005239520958083854,0.003762227238525151,1
2021-03-17 00:00:00+00:00,13.04,13.45,12.99,13.34,243864000,0.003762227238525151,0.0037551677623239854,13.134,13.345499999999998,13.121752467234757,13.235005773630713,0.038538585337234275,391959600.0,0.6221661620228207,0.034482758620689585,0.023006134969325208,-0.04647676161919034,0
2021-03-18 00:00:00+00:00,13.14,13.18,12.72,12.72,293896000,-0.04647676161919034,-0.04759148257550194,13.080000000000002,13.24,12.987834978156506,13.185957604713503,0.039667351302422424,394961000.0,0.7441139758102698,0.03616352201257854,-0.031963470319634694,0.010220125786163381,1
2021-03-19 00:00:00+00:00,12.75,12.92,12.61,12.85,299208000,0.010220125786163381,0.010168253429252871,13.078,13.136000000000001,12.941889985437673,13.153961642359835,0.039740623886157754,396335200.0,0.7549367303232214,0.024124513618677082,0.007843137254901933,0.0264591439688715,1
2021-03-22 00:00:00+00:00,12.91,13.39,12.91,13.19,297804000,0.0264591439688715,0.02611515538799436,13.078,13.0775,13.024593323625115,13.157393866896994,0.03969494078006699,394931200.0,0.7540655182472289,0.03639120545868085,0.02168861347792404,-0.0090978013646702,0
2021-03-23 00:00:00+00:00,13.25,13.34,13.02,13.07,222048000,-0.0090978013646702,-0.009139439093092339,13.034,13.024000000000001,13.039728882416746,13.149070641478232,0.0396264141254358,386444600.0,0.5745920631314294,0.02448355011476666,-0.013584905660377337,-0.03289977046671766,0
2021-03-24 00:00:00+00:00,13.15,13.16,12.64,12.64,245840000,-0.03289977046671766,-0.03345313891741952,12.894,12.931000000000001,12.906485921611164,13.10058772324221,0.03952954562375243,376320600.0,0.6532727679537076,0.041139240506329076,-0.03878326996197717,-0.007911392405063444,0
2021-03-25 00:00:00+00:00,12.5,12.71,12.27,12.54,295144000,-0.007911392405063444,-0.007942853513936754,12.858,12.892500000000002,12.784323947740777,13.047198416266761,0.03493147422422104,349856000.0,0.8436156590139944,0.035087719298245716,0.0031999999999999316,0.02392344497607657,1
2021-03-26 00:00:00+00:00,12.55,12.86,12.37,12.84,363968000,0.02392344497607657,0.023641763057040688,12.856,12.848999999999998,12.802882631827185,13.027465233765165,0.034662882440164945,343007800.0,1.061107065203765,0.03816199376947042,0.023107569721115467,0.008566978193146335,1
2021-03-29 00:00:00+00:00,12.82,13.06,12.7,12.95,273520000,0.008566978193146335,0.008530489883731285,12.808000000000002,12.8045,12.851921754551457,13.020087592454196,0.03464596081219662,339024600.0,0.8067851123487794,0.027799227799227895,0.010140405616224571,-0.00617760617760621,0
2021-03-30 00:00:00+00:00,12.84,12.98,12.71,12.87,200204000,-0.00617760617760621,-0.0061967665375113334,12.768,12.7775,12.857947836367638,13.005793536029987,0.03401637400874945,335829000.0,0.5961486351684935,0.02097902097902095,0.0023364485981307915,0.037296037296037365,1
2021-03-31 00:00:00+00:00,13.02,13.47,12.98,13.35,314776000,0.037296037296037365,0.03661736323822318,12.91,12.805000000000001,13.021965224245092,13.038575104027132,0.03336760373684755,332688200.0,0.9461591965089233,0.03670411985018728,0.025345622119815673,0.03445692883895135,1
2021-04-01 00:00:00+00:00,13.57,13.87,13.51,13.81,308276000,0.03445692883895135,0.033876582574942304,13.163999999999998,12.877,13.284643482830063,13.112044141738833,0.03294069737131575,319434800.0,0.9650670496764912,0.02606806661839243,0.01768607221812824,0.01303403330919628,1
2021-04-05 00:00:00+00:00,13.87,14.01,13.73,13.99,255672000,0.01303403330919628,0.012949821256189153,13.394,12.9535,13.51976232188671,13.195658985382753,0.032981213569643786,305076400.0,0.8380589255674972,0.02001429592566114,0.00865176640230721,-0.009292351679771271,0
2021-04-06 00:00:00+00:00,14.0,14.05,13.77,13.86,191744000,-0.009292351679771271,-0.009335794915632523,13.575999999999999,13.066999999999998,13.633174881257807,13.258929558203443,0.0277077796002065,287508000.0,0.6669170944808492,0.020202020202020284,-0.01000000000000004,0.020202020202020332,1
2021-04-07 00:00:00+00:00,13.88,14.24,13.71,14.14,251284000,0.020202020202020332,0.020000666706669445,13.830000000000002,13.148,13.802116587505205,13.342841028850735,0.022813390876280086,273981000.0,0.9171584890923093,0.03748231966053744,0.018731988472622463,0.012729844413012614,1
2021-04-08 00:00:00+00:00,14.25,14.47,14.25,14.32,244416000,0.012729844413012614,0.012649501064073032,14.024000000000001,13.2405,13.974744391670137,13.435903788007808,0.02272963305708489,266983000.0,0.9154740189450264,0.015363128491620156,0.004912280701754406,0.005586592178770999,1
2021-04-09 00:00:00+00:00,14.21,14.41,14.18,14.4,195172000,0.005586592178770999,0.005571045049455048,14.142000000000001,13.311000000000002,14.116496261113426,13.527722474864207,0.021279963436984874,261745800.0,0.7456547535815283,0.015972222222222252,0.013370865587614321,0.05625000000000013,1
2021-04-12 00:00:00+00:00,14.29,15.35,14.14,15.21,869324000,0.05625000000000013,0.054724899689246875,14.386000000000001,13.4285,14.480997507408953,13.687939382019996,0.02364221104982595,293013800.0,2.966836374259506,0.07955292570677179,0.06438068579426184,0.030900723208415526,1
2021-04-13 00:00:00+00:00,15.23,15.7,15.13,15.68,676212000,0.030900723208415526,0.030432908651059964,14.75,13.553,14.880665004939303,13.877659440875235,0.02386088524740988,315725000.0,2.141775279119487,0.03635204081632644,0.029546946815495686,-0.025510204081632626,0
2021-04-14 00:00:00+00:00,15.62,15.72,15.23,15.28,385500000,-0.025510204081632626,-0.02584123118388737,14.978,13.6525,15.013776669959537,14.011215684601401,0.025078754300648525,321393600.0,1.1994638349985811,0.032068062827225144,-0.021766965428937253,0.05628272251308908,1
2021-04-15 00:00:00+00:00,15.66,16.21,15.63,16.14,598480000,0.05628272251308908,0.054755879103428384,15.342000000000002,13.7925,15.389184446639693,14.213957047972697,0.02723422579659438,339124400.0,1.7647801219847348,0.03593556381660471,0.03065134099616861,-0.014250309789343274,0
2021-04-16 00:00:00+00:00,16.05,16.17,15.87,15.91,335208000,-0.014250309789343274,-0.014352820492107288,15.644,13.952000000000002,15.562789631093128,14.375484948165774,0.02443559050221994,341190000.0,0.9824672469884815,0.01885606536769343,-0.008722741433021841,-0.034569453174104425,0
2021-04-19 00:00:00+00:00,15.54,15.81,15.23,15.36,404420000,-0.034569453174104425,-0.035181114630169485,15.674000000000001,14.0775,15.49519308739542,14.4692482864357,0.02654801602176705,346450600.0,1.1673237107974412,0.03776041666666667,-0.011583011583011565,-0.01236979166666663,0
2021-04-20 00:00:00+00:00,15.32,15.5,14.96,15.17,334132000,-0.01236979166666663,-0.012446934359084949,15.572,14.1765,15.386795391596948,14.535986544870395,0.026633729195471727,348267000.0,0.9594133236855631,0.03559657218193798,-0.009791122715404723,0.012524719841793042,1
2021-04-21 00:00:00+00:00,15.12,15.36,15.1,15.36,216776000,0.012524719841793042,0.012446934359084949,15.588,14.291,15.377863594397965,14.614464016787501,0.026381756590153207,348003400.0,0.6229134542938374,0.016927083333333322,0.01587301587301589,-0.033203125,0
2021-04-22 00:00:00+00:00,15.38,15.44,14.78,14.85,277788000,-0.033203125,-0.033766862470817394,15.330000000000002,14.401500000000002,15.201909062931977,14.636896015188691,0.02640782688040254,349600800.0,0.7945862824112531,0.04444444444444445,-0.0344603381014305,0.028282828282828243,1
2021-04-23 00:00:00+00:00,14.93,15.34,14.9,15.27,227500000,0.028282828282828243,0.027890253981832647,15.202000000000002,14.538,15.224606041954653,14.697191632789767,0.02648065683056157,346218600.0,0.6570993008463439,0.028814669286182024,0.022772940388479563,0.013752455795677854,1
2021-04-26 00:00:00+00:00,15.19,15.48,15.12,15.48,197796000,0.013752455795677854,0.0136587489310398,15.225999999999999,14.670000000000002,15.309737361303103,14.771744810619314,0.026300446253781806,337910000.0,0.5853511289988459,0.023255813953488448,0.019091507570770307,-0.006459948320413411,0
2021-04-27 00:00:00+00:00,15.58,15.67,15.35,15.38,164572000,-0.006459948320413411,-0.006480904084082972,15.268,14.7915,15.333158240868737,14.829673876274619,0.026538165323279333,332462600.0,0.49500906267351574,0.020806241872561786,-0.012836970474967862,-0.006501950585175664,0
2021-04-28 00:00:00+00:00,15.36,15.53,15.22,15.28,209416000,-0.006501950585175664,-0.006523180339123691,15.252,14.911999999999997,15.315438827245824,14.872562078534179,0.026547841823155074,332923200.0,0.6290219486055643,0.020287958115183163,-0.005208333333333338,0.002617801047120505,1
2021-04-29 00:00:00+00:00,15.4,15.44,15.07,15.32,173196000,0.002617801047120505,0.002614380574070818,15.346,15.010500000000002,15.316959218163884,14.915175213911875,0.025734280378157122,325844200.0,0.5315300993542312,0.02415143603133154,-0.005194805194805199,-0.020234986945169786,0
2021-04-30 00:00:00+00:00,15.17,15.37,15.0,15.01,201912000,-0.020234986945169786,-0.020442518667074694,15.294,15.070500000000001,15.214639478775922,14.924206145920268,0.025601417761795805,320526000.0,0.6299395368862433,0.02465023317788136,-0.01054713249835202,-0.011325782811459018,0
2021-05-03 00:00:00+00:00,15.12,15.25,14.79,14.84,203912000,-0.011325782811459018,-0.01139040790613599,15.166,15.113,15.089759652517284,14.91618651297548,0.025740048831431907,317938000.0,0.6413577489950871,0.0309973045822103,-0.018518518518518476,-0.03301886792452835,0
2021-05-04 00:00:00+00:00,14.64,14.64,14.01,14.35,405324000,-0.03301886792452835,-0.033576295533604306,14.960000000000003,15.1375,14.84317310167819,14.862263987930197,0.026893808187731665,328617000.0,1.2334237121025389,0.0439024390243903,-0.01980874316939897,0.0076655052264809065,1
2021-05-05 00:00:00+00:00,14.71,14.81,14.39,14.46,292024000,0.0076655052264809065,0.007636274524988718,14.796000000000001,15.1535,14.715448734452128,14.823953131936845,0.026592303112931936,330654000.0,0.8831709279186097,0.029045643153526965,-0.01699524133242692,0.004149377593360981,1
2021-05-06 00:00:00+00:00,14.5,14.57,14.22,14.52,193380000,0.004149377593360981,0.004140792666031068,14.636000000000001,15.163499999999999,14.65029915630142,14.795005214609526,0.026465885443553144,328102200.0,0.589389525580749,0.024104683195592263,0.0013793103448275568,0.019972451790633672,1
2021-05-07 00:00:00+00:00,14.81,14.97,14.67,14.81,229328000,0.019972451790633672,0.019775618883057344,14.596,15.184000000000001,14.703532770867614,14.796433289408618,0.026792248770556887,329810000.0,0.6953336769655256,0.02025658338960167,0.0,-0.036461850101283,0
2021-05-10 00:00:00+00:00,14.79,14.81,14.25,14.27,268904000,-0.036461850101283,-0.03714319679096212,14.482,15.137,14.559021847245077,14.746296785655417,0.024983570097913094,299789000.0,0.8969775408704121,0.03924316748423269,-0.035158891142663934,0.002803083391730965,1
2021-05-11 00:00:00+00:00,13.82,14.35,13.75,14.31,285584000,0.002803083391730965,0.0027991620796146144,14.474,15.0685,14.476014564830052,14.704744710831092,0.023760430484797392,280257600.0,1.0190053722004326,0.04192872117400417,0.03545586107091174,-0.03843466107617055,0
2021-05-12 00:00:00+00:00,14.01,14.26,13.71,13.76,303408000,-0.03843466107617055,-0.03919276106316216,14.334,14.992500000000001,14.237343043220035,14.614769024085273,0.02456347696113595,276153000.0,1.0986952884813854,0.039970930232558065,-0.017844396859386154,-0.006540697674418561,0
2021-05-13 00:00:00+00:00,14.03,14.08,13.46,13.67,285404000,-0.006540697674418561,-0.006562181769339315,14.164000000000001,14.869000000000003,14.048228695480024,14.524791021791438,0.020102762445311062,260499200.0,1.095604132373535,0.045354791514264754,-0.025659301496792547,0.04169714703730798,1
2021-05-14 00:00:00+00:00,13.89,14.33,13.75,14.24,258616000,0.04169714703730798,0.04085125524797162,14.05,14.785499999999999,14.11215246365335,14.497668067335113,0.022833113540034186,256669600.0,1.0075832899572057,0.04073033707865169,0.025197984161267072,-0.004915730337078705,0
2021-05-17 00:00:00+00:00,14.16,14.17,13.85,14.17,216980000,-0.004915730337078705,-0.004927852281240597,14.030000000000001,14.725999999999999,14.1314349757689,14.466461584731768,0.021742473134044957,247297600.0,0.8774043904995439,0.02258292166549049,0.0007062146892655217,-0.010585744530698715,0
2021-05-18 00:00:00+00:00,14.27,14.4,14.0,14.02,186256000,-0.010585744530698715,-0.010642172096145153,13.972,14.668499999999998,14.094289983845936,14.423941433804933,0.0217094303537573,239903800.0,0.7763778647941383,0.028530670470756088,-0.01751927119831815,0.003566333808844524,1
2021-05-19 00:00:00+00:00,13.57,14.08,13.54,14.07,344000000,0.003566333808844524,0.0035599895198537013,14.034,14.604000000000003,14.086193322563958,14.39023272582351,0.02144567956637017,246265000.0,1.396869226240026,0.038379530916844415,0.036845983787767135,0.03837953091684421,1
2021-05-20 00:00:00+00:00,14.3,14.68,14.27,14.61,321592000,0.03837953091684421,0.03766135463631004,14.222,14.591999999999999,14.260795548375972,14.411162942411748,0.02222857924875675,248455200.0,1.29436614729738,0.02806297056810405,0.021678321678321587,0.02600958247775509,1
2021-05-21 00:00:00+00:00,15.16,15.22,14.87,14.99,672992000,0.02600958247775509,0.02567708635189847,14.372,14.578,14.503863698917316,14.466290281229677,0.022083192594562533,270729800.0,2.4858438191879872,0.023348899266177545,-0.011213720316622686,0.0413609072715142,1
2021-05-24 00:00:00+00:00,15.21,15.74,15.18,15.61,554816000,0.0413609072715142,0.040528422412834164,14.66,14.5845,14.872575799278211,14.57521501635066,0.023770061142785164,288580800.0,1.9225672671224143,0.03587443946188344,0.02629848783694928,0.002562459961563235,1
2021-05-25 00:00:00+00:00,15.77,15.82,15.48,15.65,435408000,0.002562459961563235,0.002559182458821585,14.986,14.597999999999999,15.131717199518809,14.67757549098393,0.02371786065084944,302122600.0,1.4411632893401554,0.02172523961661341,-0.007609384908053216,0.0031948881789136685,1
2021-05-26 00:00:00+00:00,15.73,15.79,15.59,15.7,370440000,0.0031948881789136685,0.0031897953681001567,15.312000000000001,14.619,15.321144799679207,14.774949253747366,0.02365787254663614,310173800.0,1.1942981644484478,0.012738853503184669,-0.0019071837253656157,-0.013375796178343946,0
2021-05-27 00:00:00+00:00,15.7,15.75,15.46,15.49,581476000,-0.013375796178343946,-0.013466057925485053,15.488,14.627499999999998,15.377429866452804,14.843049324819045,0.023885007456364172,330587800.0,1.7589154832694975,0.018721755971594523,-0.01337579617834389,0.048418334409296104,1
2021-05-28 00:00:00+00:00,15.5,16.28,15.5,16.24,644536000,0.048418334409296104,0.0472826803047548,15.738,14.688999999999998,15.66495324430187,14.97609224626485,0.0254982560030992,352719000.0,1.827335641119418,0.04802955665024638,0.047741935483870866,0.0012315270935963074,1
2021-06-01 00:00:00+00:00,16.27,16.39,15.9,16.26,472804000,0.0012315270935963074,0.0012307693861326463,15.868,14.76,15.863302162867914,15.098369175192007,0.025253935136746865,366163600.0,1.2912370317530197,0.030135301353013542,-0.0006146281499691464,0.03198031980319804,1
2021-06-02 00:00:00+00:00,16.25,16.92,16.24,16.78,594168000,0.03198031980319804,0.031479596919395725,16.094,14.881499999999999,16.16886810857861,15.258524491840387,0.024251917573770546,375605800.0,1.581892505387297,0.040524433849821406,0.032615384615384685,0.011323003575685275,1
2021-06-03 00:00:00+00:00,16.7,17.26,16.58,16.97,580008000,0.011323003575685275,0.011259378207074455,16.348,15.007,16.43591207238574,15.421522159284159,0.024263986912667596,390005000.0,1.4871809335777746,0.04007071302298193,0.01616766467065866,0.03594578668238069,1
2021-06-04 00:00:00+00:00,17.11,17.66,17.1,17.58,617120000,0.03594578668238069,0.03531481301089601,16.766,15.160000000000002,16.817274714923826,15.627091477447573,0.024993162196978305,411192000.0,1.5008074087044494,0.0318543799772468,0.02746931618936288,0.0022753128555177415,1
2021-06-07 00:00:00+00:00,17.57,17.81,17.19,17.62,575756000,0.0022753128555177415,0.0022727282510026647,17.042,15.3005,17.08484980994922,15.816892289119233,0.02492303302900207,428513400.0,1.343612591811598,0.03518728717366614,0.002845759817871412,-0.009080590238365494,0
2021-06-08 00:00:00+00:00,17.53,17.62,17.25,17.46,323848000,-0.009080590238365494,-0.009122070096577506,17.282,15.459999999999999,17.20989987329948,15.973378737774542,0.02291806140574636,431260600.0,0.7509334263320137,0.021191294387170732,-0.003993154592127797,-0.005727376861397571,0
2021-06-09 00:00:00+00:00,17.52,17.57,17.26,17.36,381656000,-0.005727376861397571,-0.005743841179251863,17.398000000000003,15.6125,17.25993324886632,16.105437905605537,0.023139597238123,436064200.0,0.8752289227136738,0.017857142857142783,-0.009132420091324209,0.0040322580645162365,1
2021-06-10 00:00:00+00:00,17.35,17.49,17.18,17.43,287772000,0.0040322580645162365,0.00402415029972536,17.490000000000002,15.795999999999998,17.316622165910882,16.231586676500246,0.02016395950660479,435282400.0,0.6611156343559951,0.017785427423981568,0.0046109510086454345,0.022948938611589087,1
2021-06-11 00:00:00+00:00,17.48,17.94,17.44,17.83,416308000,0.022948938611589087,0.022689572343119302,17.54,16.003999999999998,17.487748110607257,16.383816516833555,0.01981825405009816,441827600.0,0.9422408197224438,0.028042624789680316,0.020022883295194385,0.010656197420078506,1
2021-06-14 00:00:00+00:00,17.91,18.04,17.66,18.02,321376000,0.010656197420078506,0.010599820305142948,17.619999999999997,16.193,17.665165407071505,16.53964351523036,0.01872795656369883,444965600.0,0.7222490907162261,0.021087680355160877,0.006141820212171939,-0.012763596004439548,0
2021-06-15 00:00:00+00:00,17.91,18.02,17.73,17.79,243032000,-0.012763596004439548,-0.012845750502448183,17.686,16.374000000000002,17.70677693804767,16.65872508520842,0.01917783079057217,446268200.0,0.5445873131896918,0.016301292861157907,-0.00670016750418766,0.0011242270938729426,1
2021-06-16 00:00:00+00:00,17.79,17.95,17.58,17.81,307124000,0.0011242270938729426,0.0011235956238264677,17.776,16.5635,17.741184625365115,16.76837031518857,0.018639795185523413,452311600.0,0.6790097799835335,0.020774845592363898,0.0011242270938729385,0.047725996631106105,1
2021-06-17 00:00:00+00:00,17.77,18.84,17.76,18.66,809656000,0.047725996631106105,0.046622098117627964,18.022,16.793,18.047456416910077,16.948525523265847,0.020051587470911878,475594400.0,1.7024086069978956,0.05787781350482306,0.0500844119302195,-0.001071811361200381,0
2021-06-18 00:00:00+00:00,18.78,19.38,18.58,18.64,968856000,-0.001071811361200381,-0.0010723861617529806,18.184,16.9945,18.24497094460672,17.109618330573863,0.019521394957805964,507957600.0,1.9073560470401467,0.04291845493562235,-0.007454739084132085,-0.011266094420600892,0
2021-06-21 00:00:00+00:00,18.44,18.54,17.82,18.43,672384000,-0.011266094420600892,-0.01133003757571327,18.266,17.1665,18.30664729640448,17.235368965757303,0.01992446233588686,507927200.0,1.3237802582732328,0.03906673901247959,-0.0005422993492408656,0.024959305480195315,1
2021-06-22 00:00:00+00:00,18.47,18.96,18.39,18.89,580144000,0.024959305480195315,0.024652909831686554,18.485999999999997,17.3305,18.50109819760299,17.392952873780416,0.018950480624828146,509193600.0,1.1393387505263224,0.03017469560614083,0.022739577693557212,0.008999470619375227,1
2021-06-23 00:00:00+00:00,19.01,19.15,18.91,19.06,332356000,0.008999470619375227,0.008959216712637552,18.736,17.500999999999998,18.687398798401993,17.55171926675371,0.018880373644675524,504041000.0,0.6593828676635433,0.012591815320041892,0.002630194634402796,0.007869884575026243,1
2021-06-24 00:00:00+00:00,19.23,19.42,19.09,19.21,320924000,0.007869884575026243,0.007839078554409351,18.845999999999997,17.676499999999997,18.861599198934663,17.70965076515812,0.01882250907584962,501565200.0,0.6398450291208401,0.017178552837064126,-0.0010400416016640443,-0.00937011972930768,0
2021-06-25 00:00:00+00:00,19.28,19.35,18.89,19.03,278364000,-0.00937011972930768,-0.00941429547240702,18.924,17.8535,18.917732799289777,17.835398311333538,0.018575834608130656,486409600.0,0.5722831128332994,0.024172359432475084,-0.012966804979253111,0.049921177088807056,1
2021-06-28 00:00:00+00:00,19.36,20.08,19.32,19.98,495436000,0.049921177088807056,0.04871509191234935,19.234,18.0405,19.271821866193186,18.039646091206535,0.018728102361818294,478954600.0,1.0344111947144885,0.03803803803803794,0.032024793388429805,0.0025025025025025016,1
2021-06-29 00:00:00+00:00,19.88,20.1,19.66,20.03,367632000,0.0025025025025025016,0.0024993764573193467,19.462,18.229000000000003,19.52454791079546,18.229203606329722,0.018697669035694087,473696000.0,0.7760926839154225,0.021967049425861272,0.00754527162977878,-0.0014977533699451762,0
2021-06-30 00:00:00+00:00,20.0,20.16,19.86,20.0,326568000,-0.0014977533699451762,-0.0014988761237360038,19.65,18.39,19.683031940530306,18.397850881917368,0.018190560748993147,460316000.0,0.7094430782332137,0.015000000000000036,0.0,0.010499999999999954,1
2021-07-01 00:00:00+00:00,20.12,20.46,20.02,20.21,480136000,0.010499999999999954,0.010445257861539048,19.85,18.552,19.85868796035354,18.57043651221095,0.018185624198487856,455322400.0,1.0544967697613823,0.021771400296882792,0.00447316103379721,0.01385452746165261,1
2021-07-02 00:00:00+00:00,20.44,20.51,20.29,20.49,342764000,0.01385452746165261,0.013759430835278419,20.142,18.697499999999998,20.06912530690236,18.753252082476575,0.017136010073566847,441604600.0,0.7761785090100963,0.01073694485114702,0.0024461839530331288,0.01024890190336758,1
2021-07-06 00:00:00+00:00,20.74,20.84,20.35,20.7,446708000,0.01024890190336758,0.010196738020515017,20.286,18.8515,20.279416871268243,18.938656646050234,0.017096485610688973,435152200.0,1.0265557660055493,0.023671497584540988,-0.0019286403085824085,-0.015942028985507117,0
2021-07-07 00:00:00+00:00,20.85,20.88,20.33,20.37,418428000,-0.015942028985507117,-0.016070470032608863,20.354000000000003,18.997,20.309611247512162,19.074975060712116,0.01752904131522158,439881200.0,0.9512295592537258,0.027000490918016724,-0.023021582733812967,-0.02307314678448713,0
2021-07-08 00:00:00+00:00,19.86,20.13,19.7,19.9,503300000,-0.02307314678448713,-0.023343498508267668,20.334,19.124,20.17307416500811,19.15354886445382,0.018646035598953947,445963400.0,1.1285679497465486,0.021608040201005013,0.002014098690835808,0.007537688442211143,1
2021-07-09 00:00:00+00:00,19.96,20.08,19.75,20.05,296624000,0.007537688442211143,0.007509422022131229,20.302,19.255,20.132049443338744,19.238925163077266,0.018634739436383985,446406000.0,0.6644713556717428,0.01645885286783034,0.004509018036072137,0.02294264339152119,1
2021-07-12 00:00:00+00:00,20.24,20.53,20.19,20.51,321984000,0.02294264339152119,0.02268341833171128,20.306,19.389,20.25803296222583,19.35997990945086,0.018634466812131198,441689800.0,0.7289821951967195,0.01657727937591418,0.013339920948616756,-0.012676743052169703,0
2021-07-13 00:00:00+00:00,20.4,20.46,20.11,20.25,290708000,-0.012676743052169703,-0.012757778531740982,20.216,19.5005,20.255355308150556,19.444743727598397,0.019122632429272687,440156400.0,0.660465234630236,0.017283950617284022,-0.007352941176470519,-0.020246913580246884,0
2021-07-14 00:00:00+00:00,20.36,20.42,19.75,19.84,380100000,-0.020246913580246884,-0.02045469169582148,20.110000000000003,19.603,20.11690353876704,19.482387182112834,0.019583946308393132,447009800.0,0.850316928174729,0.03377016129032267,-0.025540275049115893,-0.04385080645161299,0
2021-07-15 00:00:00+00:00,19.81,19.85,18.86,18.97,550564000,-0.04385080645161299,-0.04484131790980417,19.924,19.660999999999998,19.734602359178027,19.43358840286399,0.022585790436670052,459181800.0,1.199010936409065,0.0521876647337903,-0.04240282685512367,-0.04269899841855551,0
2021-07-16 00:00:00+00:00,19.03,19.16,18.07,18.16,688224000,-0.04269899841855551,-0.043637410773775365,19.546,19.636000000000003,19.209734906118683,19.312294269257894,0.022460527890229967,453110200.0,1.518888782463957,0.060022026431718056,-0.04571728849185502,0.034140969162995694,1
2021-07-19 00:00:00+00:00,17.92,19.04,17.87,18.78,749060000,0.034140969162995694,0.03357110060696966,19.2,19.643,19.066489937412456,19.26159957694762,0.023780781418668913,442120400.0,1.694244373252173,0.06230031948881779,0.04799107142857139,-0.009052183173589023,0
2021-07-20 00:00:00+00:00,18.73,18.84,18.16,18.61,434687000,-0.009052183173589023,-0.009093403125957522,18.872,19.652,18.914326624941637,19.199542474381182,0.023728044961832263,430235550.0,1.010346541563104,0.036539494895217614,-0.0064068339562200205,0.0429876410531973,1
2021-07-21 00:00:00+00:00,18.88,19.53,18.74,19.41,371017000,0.0429876410531973,0.04208932652675923,18.785999999999998,19.678,19.079551083294426,19.219586048249642,0.02495151010593599,419779200.0,0.8838384560264063,0.04070066975785691,0.028072033898305145,0.009273570324574987,1
2021-07-22 00:00:00+00:00,19.64,19.89,19.28,19.59,323826000,0.009273570324574987,0.00923083477553055,18.91,19.7045,19.249700722196284,19.254863567463964,0.024955938787146036,419352700.0,0.7722043997809004,0.03113833588565592,-0.0025458248472505452,-0.0015313935681470214,0
2021-07-23 00:00:00+00:00,19.66,19.7,19.25,19.56,195672000,-0.0015313935681470214,-0.0015325673497779135,19.19,19.722,19.353133814797523,19.28392418008644,0.02491605789862103,413090100.0,0.47367874466127363,0.023006134969325118,-0.005086469989827132,-0.013803680981595123,0
2021-07-26 00:00:00+00:00,19.31,19.44,18.91,19.29,203943000,-0.013803680981595123,-0.013899837689033578,19.291999999999998,19.735000000000003,19.332089209865018,19.28450282960202,0.025033722899564664,409369050.0,0.49818861489406685,0.02747537584240545,-0.0010357327809424948,-0.004147226542249749,0
2021-07-27 00:00:00+00:00,19.27,19.62,18.74,19.21,248863000,-0.004147226542249749,-0.004155850137172568,19.412,19.6965,19.29139280657668,19.277407322020874,0.02234083950375486,397040400.0,0.626795157369376,0.045809474232170876,-0.003113648157758107,0.015096304008328953,1
2021-07-28 00:00:00+00:00,19.32,19.65,19.0,19.5,202191000,0.015096304008328953,0.014983488789235722,19.43,19.669999999999998,19.36092853771779,19.298606624685554,0.02264448119271018,388768350.0,0.5200809170808272,0.033333333333333263,0.009316770186335388,0.00820512820512831,1
2021-07-29 00:00:00+00:00,19.52,19.85,19.33,19.66,190781000,0.00820512820512831,0.00817164914931956,19.444,19.653,19.460619025145192,19.333025041382168,0.02274395749786158,381979000.0,0.49945415847468055,0.026449643947100872,0.007172131147541013,-0.008138351983723258,0
2021-07-30 00:00:00+00:00,19.42,19.63,19.26,19.5,183497000,-0.008138351983723258,-0.00817164914931956,19.432,19.6175,19.473746016763464,19.34892741839339,0.02263774977525805,367147050.0,0.499791568528196,0.018974358974358844,0.004119464469618862,0.012820512820512775,1
2021-08-02 00:00:00+00:00,19.7,19.96,19.36,19.75,217444000,0.012820512820512775,0.012739025777429802,19.524,19.5805,19.56583067784231,19.38712480711783,0.02260198649985451,360881050.0,0.6025364867454248,0.03037974683544311,0.002538071065989884,0.0035443037974682845,1
2021-08-03 00:00:00+00:00,19.74,20.22,19.22,19.82,301811000,0.0035443037974682845,0.0035380375547111598,19.645999999999997,19.5365,19.650553785228208,19.42835101596375,0.022463983335263994,353636200.0,0.853450523447543,0.050454086781029264,0.0040526849037488275,0.022704339051463185,1
2021-08-04 00:00:00+00:00,19.99,20.32,19.83,20.27,231309000,0.022704339051463185,0.02245043156206661,19.8,19.5315,19.857035856818804,19.50850806206244,0.022857559427396576,344280250.0,0.6718625305982553,0.024173655648742083,0.014007003501750933,0.018253576714356345,1
2021-08-05 00:00:00+00:00,20.5,20.73,20.34,20.64,211435000,0.018253576714356345,0.018088980149453704,19.996000000000002,19.5685,20.118023904545872,19.616269199008872,0.022529211730678882,329687000.0,0.6413204038982429,0.01889534883720933,0.006829268292682955,-0.013081395348837233,0
2021-08-06 00:00:00+00:00,20.52,20.57,20.21,20.37,178497000,-0.013081395348837233,-0.013167710374647701,20.169999999999998,19.5845,20.202015936363917,19.688053084817554,0.022728207538222432,323780650.0,0.5512898933274734,0.017673048600883624,-0.007309941520467767,-0.0034364261168384758,0
2021-08-09 00:00:00+00:00,20.45,20.51,20.14,20.3,146443000,-0.0034364261168384758,-0.003442344190972779,20.28,19.574,20.23467729090928,19.74633374340636,0.022147126658425057,315003600.0,0.4648930996344169,0.018226600985221723,-0.007334963325183305,-0.017733990147783207,0
2021-08-10 00:00:00+00:00,20.32,20.43,19.84,19.94,179238000,-0.017733990147783207,-0.017893121514049426,20.304000000000002,19.558500000000002,20.136451527272854,19.76477814879623,0.022325591084967015,309430100.0,0.5792519861513149,0.02958876629889668,-0.018700787401574753,-0.012036108324975037,0
2021-08-11 00:00:00+00:00,20.04,20.05,19.43,19.7,185925000,-0.012036108324975037,-0.012109128789749679,20.19,19.551499999999997,19.99096768484857,19.758608801291825,0.02201415479968783,299721350.0,0.6203261796331826,0.03147208121827416,-0.01696606786427145,0.010659898477157315,1
2021-08-12 00:00:00+00:00,19.87,20.03,19.62,19.91,151652000,0.010659898477157315,0.01060348233216235,20.044,19.5985,19.963978456565712,19.773027010692605,0.01945992375538005,279775750.0,0.5420484084128092,0.020592667001506786,0.0020130850528434397,0.014063284781516971,1
2021-08-13 00:00:00+00:00,19.91,20.21,19.85,20.19,183063000,0.014063284781516971,0.013965314248641114,20.008,19.7,20.039318971043812,19.812738723959978,0.016289164499205772,254517700.0,0.7192544958562803,0.017830609212481398,0.014063284781516883,-0.01188707280832102,0
2021-08-16 00:00:00+00:00,20.14,20.29,19.45,19.95,210876000,-0.01188707280832102,-0.011958288988873633,19.938,19.7585,20.009545980695876,19.825811226439978,0.015280178654225787,227608500.0,0.9264856101595503,0.04210526315789473,-0.009433962264151007,-0.024561403508771895,0
2021-08-17 00:00:00+00:00,19.68,19.77,19.27,19.46,204585000,-0.024561403508771895,-0.024868066578013437,19.842000000000002,19.801,19.826363987130584,19.790972062017122,0.016310827693998175,216103400.0,0.9466995891781435,0.025693730729701953,-0.011178861788617829,-0.021582733812949728,0
2021-08-18 00:00:00+00:00,19.5,19.63,19.0,19.04,285913000,-0.021582733812949728,-0.02181904739463958,19.71,19.7825,19.564242658087057,19.719450913253585,0.014217468737414219,211848200.0,1.349612599965447,0.0330882352941176,-0.023589743589743632,0.0399159663865547,1
2021-08-19 00:00:00+00:00,19.49,20.5,18.76,19.8,766555000,0.0399159663865547,0.039139908337270324,19.688,19.793,19.642828438724706,19.72712225484848,0.01670195782993238,233984650.0,3.27609097434383,0.08787878787878779,0.01590559261159581,0.051515151515151514,1
2021-08-20 00:00:00+00:00,19.99,20.86,19.93,20.82,675741000,0.051515151515151514,0.05023212548633316,19.814,19.856,20.035218959149805,19.831205849624816,0.020041924269301636,257988100.0,2.619271974172452,0.04466858789625359,0.04152076038019019,0.05475504322766578,1
2021-08-23 00:00:00+00:00,20.97,22.0,20.95,21.96,575807000,0.05475504322766578,0.053308553454507024,20.216,19.9895,20.676812639433205,20.03394814966055,0.022519090531968135,276581300.0,2.0818724910180118,0.047814207650273256,0.04721030042918465,-0.007741347905282359,0
2021-08-24 00:00:00+00:00,21.75,21.96,21.54,21.79,297299000,-0.007741347905282359,-0.007771467684801525,20.682000000000002,20.1185,21.047875092955472,20.20119118302621,0.02262325498715853,279003100.0,1.0655759738870285,0.019274896741624678,0.0018390804597700758,0.019274896741624747,1
2021-08-25 00:00:00+00:00,21.74,22.47,21.72,22.21,347701000,0.019274896741624747,0.019091488949807722,21.316,20.253999999999998,21.435250061970315,20.392506308452287,0.0227246548234684,286278600.0,1.214554633144077,0.03376857271499324,0.02161913523459073,-0.006303466906798727,0
2021-08-26 00:00:00+00:00,22.2,22.34,21.79,22.07,237940000,-0.006303466906798727,-0.0063234176376911755,21.770000000000003,20.374499999999998,21.646833374646878,20.552267612409214,0.022899224151074753,288636550.0,0.824358522855127,0.02492070684186682,-0.005855855855855812,0.02582691436338913,1
2021-08-27 00:00:00+00:00,22.18,22.72,22.17,22.64,304722000,0.02582691436338913,0.025499033066337162,22.134,20.5315,21.977888916431255,20.75109926837024,0.02305657733318338,294697800.0,1.0340151843685295,0.024293286219081146,0.020739404869251618,0.0022084805653710404,1
2021-08-30 00:00:00+00:00,22.83,23.04,22.55,22.69,262580000,0.0022084805653710404,0.0022060454567682797,22.28,20.6785,22.215259277620838,20.935756480906406,0.02305006846548911,296954600.0,0.8842429112059554,0.021595416483032103,-0.006132282084975778,-0.013221683561040143,0
2021-08-31 00:00:00+00:00,22.7,22.7,22.12,22.39,259850000,-0.013221683561040143,-0.013309868181087037,22.4,20.807,22.27350618508056,21.074255863677223,0.02348465288579239,294856550.0,0.8812759967516407,0.025904421616793134,-0.013656387665198182,0.0022331397945511977,1
2021-09-01 00:00:00+00:00,22.48,22.7,22.36,22.44,201767000,0.0022331397945511977,0.002230650043832494,22.446,20.9155,22.329004123387044,21.2043267338032,0.02317676569062202,293379450.0,0.6877339227406691,0.015151515151515145,-0.0017793594306049442,-0.0017825311942960553,0
2021-09-02 00:00:00+00:00,22.52,22.59,22.3,22.4,187834000,-0.0017825311942960553,-0.0017841217935017362,22.512,21.0035,22.352669415591365,21.318200378202896,0.023015358048500967,292199400.0,0.6428281509133831,0.012946428571428534,-0.005328596802841963,0.019642857142857295,1
2021-09-03 00:00:00+00:00,22.32,22.99,22.2,22.84,280532000,0.019642857142857295,0.019452425926815398,22.552,21.127000000000002,22.51511294372758,21.463133675516907,0.02288334420069909,297301150.0,0.9435954082249598,0.03458844133099821,0.023297491039426504,-0.007880910683012221,0
2021-09-07 00:00:00+00:00,22.83,22.9,22.52,22.66,198107000,-0.007880910683012221,-0.007912129187949368,22.546,21.244999999999997,22.563408629151724,21.577120944515297,0.022999097532154948,299884350.0,0.6606113323352819,0.016769638128861387,-0.00744634253175638,-0.014121800529567574,0
2021-09-08 00:00:00+00:00,22.51,22.61,21.98,22.34,254434000,-0.014121800529567574,-0.01422246195880561,22.536,21.365000000000002,22.48893908610115,21.649776092656694,0.02281652465430999,303644150.0,0.8379347996659906,0.028200537153088585,-0.0075521990226566724,-0.0071620411817368,0
2021-09-09 00:00:00+00:00,22.31,22.54,22.13,22.18,196856000,-0.0071620411817368,-0.007187811718833537,22.484,21.489,22.3859593907341,21.700273607641773,0.02264040815017033,304190700.0,0.6471466747668485,0.018485121731289456,-0.005826983415508696,0.01352569882777277,1
2021-09-10 00:00:00+00:00,22.35,22.63,22.27,22.48,248376000,0.01352569882777277,0.013435043103269262,22.5,21.6175,22.4173062604894,21.774533264056842,0.022679998980460653,309026900.0,0.8037358560047685,0.016014234875444813,0.005816554809843355,-0.014679715302491236,0
2021-09-13 00:00:00+00:00,22.68,22.96,21.86,22.15,297500000,-0.014679715302491236,-0.014788528534345868,22.362,21.7155,22.3282041736596,21.810292000813334,0.02306133584378265,314748750.0,0.9451983526542996,0.0496613995485328,-0.023368606701940086,0.004063205417607296,1
2021-09-14 00:00:00+00:00,22.27,22.41,22.09,22.24,199755000,0.004063205417607296,0.004054972891237352,22.278,21.830000000000002,22.298802782439736,21.851216572164446,0.022730615726522258,314192700.0,0.6357722505965289,0.014388489208633108,-0.001347103726987029,0.004496402877697925,1
2021-09-15 00:00:00+00:00,22.31,22.37,21.97,22.34,166538000,0.004496402877697925,0.004486324258672791,22.278,21.974,22.312535188293158,21.89776737481545,0.021590183828898588,312290350.0,0.5332793664613716,0.017905102954342084,0.0013446884805020682,-0.004476275738585556,0
2021-09-16 00:00:00+00:00,22.18,22.28,21.93,22.24,156033000,-0.004476275738585556,-0.004486324258672791,22.29,22.134,22.288356792195437,21.93036095816636,0.020706466751980502,305796350.0,0.510251348650826,0.01573741007194251,0.002705139765554496,-0.015287769784172678,0
2021-09-17 00:00:00+00:00,22.3,22.32,21.83,21.9,294503000,-0.015287769784172678,-0.015405832559926669,22.174,22.238999999999997,22.158904528130293,21.927469438340992,0.019934647682569168,282193750.0,1.0436198533808776,0.022374429223744385,-0.017937219730941797,-0.036073059360730575,0
2021-09-20 00:00:00+00:00,21.15,21.43,20.66,21.11,349440000,-0.036073059360730575,-0.0367397749622258,21.966,22.2535,21.809269685420198,21.84961520611804,0.019022798056448315,265878700.0,1.3142835435858533,0.03647560397915678,-0.0018912529550827021,0.006631927996210374,1
2021-09-21 00:00:00+00:00,21.42,21.43,20.95,21.25,204688000,0.006631927996210374,0.006610033510196622,21.768,22.218,21.6228464569468,21.792508996011563,0.014569109855859347,247322750.0,0.8276149282668093,0.022588235294117666,-0.007936507936508016,0.03247058823529425,1
2021-09-22 00:00:00+00:00,21.37,21.96,21.2,21.94,268726000,0.03247058823529425,0.03195455947665815,21.688,22.2255,21.728564304631202,21.806555758296177,0.016295419167600883,245894100.0,1.092852573526571,0.03463992707383781,0.026672905942910635,0.024612579762989917,1
2021-09-23 00:00:00+00:00,22.14,22.54,21.89,22.48,248555000,0.024612579762989917,0.024314570178406214,21.735999999999997,22.239,21.979042869754135,21.870693305125112,0.01664970235450806,240936800.0,1.0316190801903238,0.028914590747330896,0.015356820234869008,-0.017793594306049876,0
2021-09-24 00:00:00+00:00,22.07,22.15,21.86,22.08,217655000,-0.017793594306049876,-0.01795380361659582,21.772,22.2395,22.01269524650276,21.89062727606558,0.017101373885674634,239922550.0,0.9071885906514415,0.013134057971014456,0.0004531037607611242,-0.0190217391304347,0
2021-09-27 00:00:00+00:00,21.71,21.8,21.32,21.66,245215000,-0.0190217391304347,-0.01920497983604985,21.881999999999998,22.1905,21.895130164335175,21.868662773583146,0.016507440122185076,236947200.0,1.0348930056991599,0.02216066481994462,-0.0023030861354214976,-0.04432132963988922,0
2021-09-28 00:00:00+00:00,21.21,21.42,20.65,20.7,343069000,-0.04432132963988922,-0.04533354130152123,21.772,22.091,21.496753442890117,21.757361557051418,0.01906265464752334,240971650.0,1.423690297178112,0.03719806763285039,-0.02404526166902412,-0.008695652173912993,0
2021-09-29 00:00:00+00:00,20.94,21.02,20.47,20.52,218394000,-0.008695652173912993,-0.008733679968754515,21.488,21.9975,21.171168961926746,21.639517599236996,0.018979759090271747,238898850.0,0.9141693231256659,0.026803118908382103,-0.02005730659025796,0.00974658869395717,1
2021-09-30 00:00:00+00:00,20.77,21.07,20.69,20.72,221009000,0.00974658869395717,0.009699397088713368,21.136,21.9115,21.020779307951166,21.551944494547758,0.019188600617419407,239860950.0,0.9214046721652691,0.018339768339768293,-0.00240731824747235,0.0009652509652509078,1
2021-10-01 00:00:00+00:00,20.75,20.86,20.2,20.74,240978000,0.0009652509652509078,0.0009647854100989228,20.868000000000002,21.8285,20.927186205300778,21.47461644744797,0.01921503895395006,242518150.0,0.9936493412967236,0.031822565091610425,-0.0004819277108434488,-0.04869816779170677,0
2021-10-04 00:00:00+00:00,20.5,20.54,19.55,19.73,345635000,-0.04869816779170677,-0.04992388276685711,20.482,21.673,20.528124136867184,21.308462500071972,0.02096903134077402,245773300.0,1.4063163085656578,0.05017739483020772,-0.037560975609756075,0.036492650785605596,1
2021-10-05 00:00:00+00:00,19.95,20.65,19.85,20.45,279282000,0.036492650785605596,0.03584256245428685,20.432,21.5625,20.50208275791146,21.226704166731782,0.023080089284586384,249832050.0,1.1178789911062252,0.039119804400977856,0.025062656641604012,0.012224938875305513,1
2021-10-06 00:00:00+00:00,20.12,20.72,20.08,20.7,297202000,0.012224938875305513,0.01215081778251248,20.468,21.4805,20.568055171940973,21.17654186513828,0.023285803973066177,251970450.0,1.1795113276179805,0.030917874396135293,0.028827037773359755,0.017874396135265647,1
2021-10-07 00:00:00+00:00,21.09,21.32,20.97,21.07,256919000,0.017874396135265647,0.017716527544774152,20.538,21.425,20.735370114627315,21.166395020839396,0.023756913053995847,254973600.0,1.0076298095175344,0.01661129568106319,-0.0009483167377904018,-0.011390602752729073,0
2021-10-08 00:00:00+00:00,21.1,21.21,20.77,20.83,151258000,-0.011390602752729073,-0.011455972543216841,20.555999999999997,21.3425,20.766913409751545,21.134357399807072,0.023525345658403595,250117700.0,0.6047472849782323,0.021123379740758584,-0.012796208530805835,-0.006240998559769562,0
2021-10-11 00:00:00+00:00,20.57,21.06,20.51,20.7,163388000,-0.006240998559769562,-0.006260555001557311,20.75,21.27,20.744608939834364,21.092990028396876,0.023392828170153666,243412100.0,0.6712402546956375,0.02657004830917861,0.00631988332523087,-0.0014492753623187582,0
2021-10-12 00:00:00+00:00,20.83,21.06,20.53,20.67,162134000,-0.0014492753623187582,-0.0014503265776464325,20.794,21.191499999999998,20.71973929322291,21.05270526378765,0.023332985511539325,241531050.0,0.6712760119247608,0.025641025641025522,-0.007681228996639299,0.013062409288824295,1
2021-10-13 00:00:00+00:00,20.92,20.99,20.71,20.94,180652000,0.013062409288824295,0.012977831748714141,20.842,21.1215,20.793159528815277,21.041971429141206,0.02356513183516079,242236750.0,0.745766280302225,0.01337153772683847,0.0009560229445506488,0.0386819484240688,1
2021-10-14 00:00:00+00:00,21.29,21.75,21.12,21.75,243589000,0.0386819484240688,0.03795255209230186,20.978,21.097,21.11210635254352,21.10940272160395,0.02529391823693631,246614550.0,0.9877316646564447,0.028965517241379263,0.021606387975575427,0.005057471264367841,1
2021-10-15 00:00:00+00:00,21.81,21.93,21.66,21.86,226994000,0.005057471264367841,0.005044725213699586,21.184,21.095000000000002,21.361404235029013,21.18088817668929,0.025098357268628368,243239100.0,0.9332134512913426,0.012351326623970704,0.0022925263640532195,0.01646843549862753,1
2021-10-18 00:00:00+00:00,21.75,22.29,21.64,22.22,189494000,0.01646843549862753,0.01633430146309145,21.488,21.1505,21.647602823352678,21.279851207480785,0.023791287031387023,235241800.0,0.8055286092862748,0.02925292529252919,0.0216091954022988,0.0031503150315030926,1
2021-10-19 00:00:00+00:00,22.28,22.38,22.04,22.29,161473000,0.0031503150315030926,0.0031453631862934373,21.812,21.2025,21.86173521556845,21.376055854387378,0.023772869350287884,233081050.0,0.6927761823623156,0.015253476895468814,0.00044883303411122127,-0.008524001794526614,0
2021-10-20 00:00:00+00:00,22.3,22.43,21.98,22.1,146276000,-0.008524001794526614,-0.008560538874070378,22.044,21.2105,21.94115681037897,21.445002915874294,0.02282835094793651,226958550.0,0.6445053513075405,0.02036199095022621,-0.00896860986547082,0.026696832579185426,1
2021-10-21 00:00:00+00:00,22.1,22.71,22.08,22.69,187590000,0.026696832579185426,0.02634669026804337,22.232,21.220999999999997,22.190771206919315,21.56357406674341,0.022944791007147077,223910300.0,0.8377908474956266,0.027765535478184333,0.026696832579185512,0.0017628911414719894,1
2021-10-22 00:00:00+00:00,22.82,23.13,22.56,22.73,249384000,0.0017628911414719894,0.0017613390727015954,22.406,21.2535,22.37051413794621,21.674662250863086,0.022531618114070236,225496750.0,1.105931681942201,0.02507699076110868,-0.003943908851884306,0.01935767707875069,1
2021-10-25 00:00:00+00:00,22.97,23.36,22.77,23.17,230235000,0.01935767707875069,0.019172700579833002,22.596,21.329,22.637009425297475,21.81707536982851,0.02231305329408975,224747750.0,1.0244151498735805,0.02546396201985325,0.008707009142359723,0.0668968493741906,1
2021-10-26 00:00:00+00:00,23.99,25.26,23.92,24.72,485898000,0.0668968493741906,0.06475429414520484,23.082,21.529999999999998,23.331339616864984,22.093544382225794,0.023226235923306596,231889200.0,2.0953886597564697,0.05420711974110032,0.03042934556065029,-0.010922330097087318,0
2021-10-27 00:00:00+00:00,24.47,25.09,24.28,24.45,245990000,-0.010922330097087318,-0.010982416668608774,23.552,21.726499999999998,23.704226411243322,22.317968726775717,0.02332120841439057,233269000.0,1.0545336071231068,0.03312883435582817,-0.0008173273395994923,0.020040899795501055,1
2021-10-28 00:00:00+00:00,24.88,24.95,24.52,24.94,234204000,0.020040899795501055,0.01984272433100953,24.002,21.9375,24.11615094082888,22.56768599089232,0.02345260147747867,233928750.0,1.0011766403231752,0.017241379310344817,0.0024115755627010563,0.025260625501202894,1
2021-10-29 00:00:00+00:00,25.0,25.71,25.0,25.57,292503000,0.025260625501202894,0.02494684905120481,24.57,22.179000000000002,24.600767293885923,22.853620658426383,0.023618190292071052,236505000.0,1.236773006913173,0.02776691435275717,0.02280000000000001,0.010168165819319341,1
2021-11-01 00:00:00+00:00,25.65,25.89,25.23,25.83,265740000,0.010168165819319341,0.010116817804653788,25.102,22.484,25.010511529257283,23.13708535762387,0.018878120694662485,232510250.0,1.1429173552563812,0.025551684088269463,0.0070175438596491125,0.022067363530778206,1
2021-11-02 00:00:00+00:00,25.82,26.68,25.8,26.4,294112000,0.022067363530778206,0.021827403044521354,25.438,22.7815,25.473674352838188,23.447839133088262,0.018253728638237935,233251750.0,1.2609208719763088,0.0333333333333333,0.022463206816421312,0.007575757575757791,1
2021-11-03 00:00:00+00:00,26.67,26.78,26.23,26.6,239910000,0.007575757575757791,0.007547205635383136,25.868000000000002,23.076500000000003,25.849116235225463,23.748044929937002,0.018290922998774575,230387150.0,1.0413341195461638,0.020676691729323335,-0.002624671916010509,0.12030075187969924,1
2021-11-04 00:00:00+00:00,27.23,31.36,27.12,29.8,1153631000,0.12030075187969924,0.11359717772370503,26.839999999999996,23.512999999999998,27.16607749015031,24.324421603276335,0.029094145531187294,275222750.0,4.191626600635304,0.1422818791946308,0.09438119720896071,-0.001677852348993314,0
2021-11-05 00:00:00+00:00,30.19,31.4,29.41,29.75,851260000,-0.001677852348993314,-0.0016792615197198657,27.676,23.959,28.027384993433543,24.841143355345253,0.028663933432867408,310222850.0,2.7440273983686243,0.06689075630252096,-0.014574362371646282,0.03529411764705892,1
2021-11-08 00:00:00+00:00,30.15,31.1,29.91,30.8,503101000,0.03529411764705892,0.03468555798789019,28.669999999999998,24.464000000000002,28.951589995622363,25.40865351197904,0.028313473098452575,327208500.0,1.53755480068519,0.03863636363636368,0.021558872305141034,-0.004545454545454519,0
2021-11-09 00:00:00+00:00,32.28,32.31,29.96,30.66,646746000,-0.004545454545454519,-0.0045558165358610125,29.522000000000002,24.9635,29.521059997081576,25.908781748933414,0.028444755783507372,351439100.0,1.84027901277917,0.07664709719504245,-0.050185873605947985,-0.03913894324853229,0
2021-11-10 00:00:00+00:00,29.36,30.85,28.78,29.46,636206000,-0.03913894324853229,-0.0399254624091836,30.094,25.389499999999998,29.500706664721054,26.246993010939754,0.03140944065202462,374216800.0,1.7001000489555786,0.07026476578411406,0.003405994550408768,0.031568228105906204,1
2021-11-11 00:00:00+00:00,30.47,30.59,29.78,30.39,332172000,0.031568228105906204,0.03108019589421751,30.212,25.821499999999997,29.797137776480703,26.641565105135967,0.03120587859699879,378645950.0,0.8772627833468177,0.0266535044422507,-0.0026255333114538334,0.0,0
2021-11-12 00:00:00+00:00,30.01,30.68,29.63,30.39,413054000,0.0,0.0,30.339999999999996,26.248,29.994758517653803,26.998558904646828,0.031325418120885525,387948950.0,1.0647122514444234,0.03455083909180654,0.012662445851382839,-0.012175057584731808,0
2021-11-15 00:00:00+00:00,30.55,30.64,29.25,30.02,384909000,-0.012175057584731808,-0.012249780723386117,30.184000000000005,26.637999999999998,30.003172345102534,27.286315199442367,0.031977349762565985,397719700.0,0.9677896267144926,0.04630246502331781,-0.017348608837970576,0.005996002664889977,1
2021-11-16 00:00:00+00:00,29.76,30.39,29.71,30.2,264484000,0.005996002664889977,0.005978098175507984,30.092000000000002,27.033499999999997,30.068781563401693,27.563808989971665,0.03192811118662866,402870250.0,0.6564992078715169,0.02251655629139072,0.014784946236559062,-0.031125827814569407,0
2021-11-17 00:00:00+00:00,30.42,30.51,28.8,29.26,428508000,-0.031125827814569407,-0.03162052878884536,30.052,27.391499999999997,29.799187708934465,27.725350990926742,0.033220957919526284,416981850.0,1.0276418505985332,0.05844155844155847,-0.0381328073635766,0.08270676691729317,1
2021-11-18 00:00:00+00:00,32.37,32.76,31.32,31.68,781711000,0.08270676691729317,0.07946417135424655,30.310000000000002,27.841,30.426125139289645,28.1019842298861,0.03624306311315714,446687900.0,1.7500160626692596,0.045454545454545386,-0.021316033364226068,0.04103535353535337,1
2021-11-19 00:00:00+00:00,32.24,33.09,31.91,32.98,533867000,0.04103535353535337,0.040215750185227606,30.827999999999996,28.353500000000004,31.27741675952643,28.566557160373137,0.0364290519631094,460912050.0,1.158283885179396,0.03577926015767142,0.022952853598014727,-0.030927835051546282,0
2021-11-22 00:00:00+00:00,33.52,34.65,31.9,31.96,754335000,-0.030927835051546282,-0.031416196233378546,31.216,28.793,31.504944506350956,28.889742192718554,0.03810571298856344,487117050.0,1.5485703076909338,0.08604505632040049,-0.0465393794749404,-0.0065707133917396465,0
2021-11-23 00:00:00+00:00,31.54,32.36,30.88,31.75,532163000,-0.0065707133917396465,-0.0065923955593731876,31.526,29.1445,31.58662967090064,29.162147698173932,0.036619944287079535,489430300.0,1.0873111043594972,0.04661417322834647,0.006658211794546635,0.028976377952755872,1
2021-11-24 00:00:00+00:00,31.46,32.85,30.93,32.67,435162000,0.028976377952755872,0.028564500274277815,32.208000000000006,29.555500000000002,31.94775311393376,29.496228869776417,0.03635115630984882,498888900.0,0.8722623413750036,0.05876951331496791,0.038461538461538484,-0.03581267217630857,0
2021-11-26 00:00:00+00:00,32.6,32.71,31.35,31.5,283069000,-0.03581267217630857,-0.036469679781391484,32.172000000000004,29.883500000000005,31.79850207595584,29.687064215511995,0.03805574843988755,501332150.0,0.5646336465754291,0.04317460317460316,-0.0337423312883436,0.05968253968253978,1
2021-11-29 00:00:00+00:00,32.37,33.41,32.04,33.38,454964000,0.05968253968253978,0.05796937240210198,32.251999999999995,30.274,32.32566805063723,30.038772385463233,0.03935600947371913,509455200.0,0.8930402516256581,0.04104254044337919,0.03120172999691088,-0.02097064110245661,0
2021-11-30 00:00:00+00:00,33.17,33.35,31.86,32.68,622066000,-0.02097064110245661,-0.021193648241887075,32.396,30.616500000000002,32.44377870042482,30.290317872561975,0.0401060159445018,527271500.0,1.1797830908744356,0.04559363525091805,-0.014772384684956345,-0.03824969400244793,0
2021-12-01 00:00:00+00:00,33.22,33.29,31.38,31.43,484368000,-0.03824969400244793,-0.039000419182325885,32.332,30.868000000000002,32.105852466949884,30.39885902755607,0.04158174341428085,536784300.0,0.9023512796480821,0.06076996500159084,-0.053883202889825385,0.022271714922049046,1
2021-12-02 00:00:00+00:00,31.21,32.48,31.02,32.13,472890000,0.022271714922049046,0.022027322318291187,32.224000000000004,31.144500000000004,32.11390164463326,30.563729596360254,0.041686179517472714,548433300.0,0.8622561759105437,0.045440398381574765,0.029477731496315336,-0.04481792717086841,0
2021-12-03 00:00:00+00:00,32.0,32.13,30.13,30.69,544325000,-0.04481792717086841,-0.04585330449612268,32.062,31.189,31.639267763088842,30.57575534908785,0.035508102639300244,517968000.0,1.0508853828807958,0.06516780710329109,-0.04093749999999996,-0.021179537308569585,0
2021-12-06 00:00:00+00:00,29.88,30.24,28.04,30.04,658938000,-0.021179537308569585,-0.02140704173571084,31.394,31.203500000000002,31.106178508725897,30.5247310301271,0.035872375977943155,508351900.0,1.2962241313546778,0.0732356857523302,0.005354752342704155,0.07956058588548598,1
2021-12-07 00:00:00+00:00,30.96,32.45,30.65,32.43,593053000,0.07956058588548598,0.07655409342329289,31.344,31.285000000000004,31.5474523391506,30.706185217734042,0.039053874390234576,512849500.0,1.1563879851691383,0.05550416281221105,0.04748062015503872,-0.018501387604070385,0
2021-12-08 00:00:00+00:00,32.0,32.29,31.42,31.83,475551000,-0.018501387604070385,-0.018674679025225238,31.424,31.3435,31.64163489276707,30.813215196997465,0.039316347168327166,504289750.0,0.9430114334070839,0.027332704995287387,-0.005312500000000053,-0.04209864907320138,0
2021-12-09 00:00:00+00:00,31.73,32.2,30.43,30.49,488507000,-0.04209864907320138,-0.04301048029383825,31.096000000000004,31.395000000000003,31.257756595178044,30.782432797283423,0.03949461285300135,496904800.0,0.9830997808835817,0.05805182026894074,-0.03907973526630955,-0.009511315185306679,0
2021-12-10 00:00:00+00:00,31.15,31.3,29.86,30.2,488825000,-0.009511315185306679,-0.009556836619339482,30.998,31.3855,30.90517106345203,30.726963007065955,0.03894604983477356,504737450.0,0.9684738075211181,0.04768211920529806,-0.030497592295345082,-0.06754966887417213,0
2021-12-13 00:00:00+00:00,30.25,30.29,28.12,28.16,598344000,-0.06754966887417213,-0.06993939309098218,30.622000000000003,31.273999999999994,29.990114042301357,30.48249033972634,0.04194117444359486,514001950.0,1.1640889689231724,0.07705965909090902,-0.06909090909090909,0.006392045454545414,1
2021-12-14 00:00:00+00:00,27.7,28.68,27.25,28.34,667035000,0.006392045454545414,0.006371702972692628,29.803999999999995,31.189999999999998,29.440076028200906,30.278443640704783,0.041950660228760345,528108250.0,1.2630649114078412,0.050458715596330264,0.023104693140794243,0.0748059280169373,1
2021-12-15 00:00:00+00:00,28.4,30.5,27.84,30.46,698297000,0.0748059280169373,0.07214011320448144,29.53,31.203000000000003,29.780050685467273,30.29573472254242,0.04517096877853528,549798900.0,1.2700953021186474,0.08732764281024294,0.07253521126760572,-0.06795797767564016,0
2021-12-16 00:00:00+00:00,31.15,31.16,28.09,28.39,707366000,-0.06795797767564016,-0.07037737698213586,29.110000000000003,31.1595,29.316700456978182,30.11423617753838,0.04739484131564174,563741800.0,1.2547694707044963,0.10813666784078901,-0.08860353130016045,-0.020781965480803133,0
2021-12-17 00:00:00+00:00,27.98,28.92,27.76,27.8,713758000,-0.020781965480803133,-0.02100094978828837,28.630000000000003,30.9655,28.811133637985456,29.893832732058534,0.04352719889275891,560344150.0,1.2737850479923811,0.041726618705035974,-0.006433166547533942,-0.0028776978417266452,0
2021-12-20 00:00:00+00:00,27.3,28.14,27.14,27.72,461847000,-0.0028776978417266452,-0.0028818463748891965,28.542,30.702499999999997,28.447422425323637,29.686801043291055,0.042135610652516045,556743150.0,0.829551293087306,0.03607503607503608,0.015384615384615316,0.04870129870129869,1
2021-12-21 00:00:00+00:00,28.37,29.12,27.4,29.07,524385000,0.04870129870129869,0.0475525402490824,28.688,30.558000000000003,28.654948283549096,29.628058086787142,0.043569247291219346,545245650.0,0.9617408226915704,0.05916752665978681,0.0246739513570673,0.011351909184726505,1
2021-12-22 00:00:00+00:00,28.89,29.55,28.45,29.4,395184000,0.011351909184726505,0.01128795977385133,28.476,30.440500000000004,28.903298855699397,29.60633826899789,0.04371242569372108,538396700.0,0.734001527126745,0.037414965986394606,0.017653167185877398,0.008163265306122547,1
2021-12-23 00:00:00+00:00,29.75,30.06,29.43,29.64,343022000,0.008163265306122547,0.008130126083250033,28.726,30.288999999999998,29.1488659037996,29.609544148140948,0.04315022764926024,533789700.0,0.6426163712038655,0.021255060728744904,-0.0036974789915966196,0.04419703103913619,1
2021-12-27 00:00:00+00:00,29.66,31.09,29.64,30.95,403686000,0.04419703103913619,0.0432481987027189,29.356,30.2615,29.749243935866403,29.73720661022276,0.043754961440176814,539820550.0,0.747815176728637,0.04684975767366718,0.04349291975724879,-0.020355411954765756,0
2021-12-28 00:00:00+00:00,31.31,31.33,30.01,30.32,420591000,-0.020355411954765756,-0.020565438356433763,29.875999999999998,30.1085,29.93949595724427,29.792710742582496,0.041669883196048814,538101900.0,0.7816196151695431,0.04353562005277034,-0.03161929096135415,-0.01055408970976257,0
2021-12-29 00:00:00+00:00,30.27,30.55,29.37,30.0,343139000,-0.01055408970976257,-0.010610179112015672,30.062,29.9745,29.95966397149618,29.81245257662226,0.041517762974402524,524155550.0,0.6546510859228716,0.039333333333333324,-0.008919722497522285,-0.013666666666666716,0
2021-12-30 00:00:00+00:00,29.83,30.46,29.54,29.59,308864000,-0.013666666666666716,-0.013760915250037087,30.1,29.8825,29.83644264766412,29.79126661694395,0.04078390467306762,515380350.0,0.5992933180320127,0.03109158499493078,-0.008045591686221872,-0.006083136194660388,0
2021-12-31 00:00:00+00:00,29.67,30.03,29.33,29.41,266530000,-0.006083136194660388,-0.006101713846214718,30.053999999999995,29.746499999999997,29.69429509844275,29.754955510568337,0.0403576016918138,505062350.0,0.5277170234526489,0.023801428085685236,-0.008763060330300018,0.024141448486909134,1
2022-01-03 00:00:00+00:00,29.82,30.71,29.79,30.12,391547000,0.024141448486909134,0.023854650365789265,29.887999999999998,29.718,29.836196732295168,29.789721652418972,0.039594090322378664,497423450.0,0.7871502640255501,0.030544488711819445,0.010060362173038254,-0.027556440903054535,0
2022-01-04 00:00:00+00:00,30.28,30.47,28.35,29.29,527154000,-0.027556440903054535,-0.0279432420920509,29.682,29.680499999999995,29.654131154863446,29.742129114093355,0.03979838750268504,490834250.0,1.073995956883612,0.07237965175827919,-0.03269484808454432,-0.0576988733356093,0
2022-01-05 00:00:00+00:00,28.95,29.42,27.53,27.6,498064000,-0.0576988733356093,-0.05943038811653745,29.201999999999998,29.439,28.969420769908965,29.53811681751304,0.03734431228256132,486084800.0,1.0246442596024397,0.06847826086956524,-0.046632124352331536,0.021014492753623104,1
2022-01-06 00:00:00+00:00,27.64,28.44,27.07,28.18,454186000,0.021014492753623104,0.02079673374742974,28.919999999999998,29.2565,28.706280513272645,29.408772358702272,0.037794294038796646,485016550.0,0.9364340247770927,0.048616039744499684,0.019536903039073773,-0.03300212916962386,0
2022-01-07 00:00:00+00:00,28.14,28.42,27.06,27.25,409939000,-0.03300212916962386,-0.03355898536128121,28.488,29.0945,28.220853675515098,29.20317499120682,0.037364997865069985,481088150.0,0.8521078725385358,0.04990825688073405,-0.031627576403695824,0.005504587155963359,1
2022-01-10 00:00:00+00:00,26.58,27.47,25.64,27.4,594681000,0.005504587155963359,0.005489492284771469,27.944,28.954500000000003,27.947235783676735,29.031444039663313,0.03743291429899296,486380950.0,1.2226650735395783,0.06678832116788315,0.03085026335590671,0.01532846715328473,1
2022-01-11 00:00:00+00:00,27.32,28.07,26.84,27.82,404089000,0.01532846715328473,0.01521217310127243,27.65,28.9375,27.904823855784493,28.916068416838236,0.03435810323069471,476668200.0,0.8477364338548281,0.04421279654924516,0.018301610541727673,0.006470165348670065,1
2022-01-12 00:00:00+00:00,28.07,28.59,27.61,28.0,383413000,0.006470165348670065,0.006449323679906804,27.73,28.920499999999997,27.936549237189663,28.828823805710787,0.03435893744073237,462487100.0,0.8290242041345586,0.03500000000000002,-0.0024937655860349226,-0.051071428571428545,0
2022-01-13 00:00:00+00:00,28.38,28.48,26.5,26.57,540171000,-0.051071428571428545,-0.05242175040348185,27.407999999999998,28.726,27.48103282479311,28.613697728976426,0.03166262400224808,454580800.0,1.1882837990517858,0.07452013549115545,-0.06377730796335443,0.013925479864508983,1
2022-01-14 00:00:00+00:00,26.3,27.2,26.21,26.94,395832000,0.013925479864508983,0.01382941121049619,27.346000000000004,28.653499999999998,27.300688549862077,28.454297945264386,0.028174440074436678,439004100.0,0.9016590050070148,0.03674832962138078,0.024334600760456293,-0.03860430586488506,0
2022-01-18 00:00:00+00:00,26.26,26.64,25.77,25.9,424270000,-0.03860430586488506,-0.039369202276726245,27.046,28.558500000000002,26.83379236657472,28.211031474286823,0.02908961811746771,424529700.0,0.999388264236872,0.03359073359073363,-0.013709063214013821,-0.032046332046332004,0
2022-01-19 00:00:00+00:00,26.08,26.54,25.05,25.07,488315000,-0.032046332046332004,-0.03257105653528969,26.496000000000002,28.426,26.245861577716482,27.91188561959284,0.02980306325445791,425853100.0,1.1466747570934672,0.059433585959313855,-0.038726993865030604,-0.03669724770642213,0
2022-01-20 00:00:00+00:00,25.3,25.58,24.08,24.15,435181000,-0.03669724770642213,-0.03738753207162038,25.726,28.179999999999996,25.547241051810992,27.553610798679237,0.027908284586065004,421392900.0,1.0327202950025973,0.06211180124223603,-0.04545454545454554,-0.032298136645962594,0
2022-01-21 00:00:00+00:00,23.51,24.82,23.26,23.37,718958000,-0.032298136645962594,-0.03283123154781542,25.086,27.878499999999995,24.821494034540663,27.1551716749955,0.027941341615452038,437581600.0,1.6430261235847212,0.06675224646983306,-0.00595491280306255,0.0,0
2022-01-24 00:00:00+00:00,22.33,23.38,20.89,23.37,913982000,0.0,0.0,24.372,27.564999999999998,24.337662689693776,26.79467913451974,0.027699162824054192,466129600.0,1.9607894456820592,0.10654685494223357,0.04657411553963291,-0.04492939666238771,0
2022-01-25 00:00:00+00:00,22.55,22.94,22.0,22.32,664616000,-0.04492939666238771,-0.04597001103765619,23.656,27.133499999999998,23.665108459795853,26.36851921694643,0.02544551004708825,479176100.0,1.3869973898948633,0.04211469534050185,-0.010199556541019974,0.020161290322580516,1
2022-01-26 00:00:00+00:00,23.24,24.06,22.3,22.77,755959000,0.020161290322580516,0.01996074256253788,23.196,26.756,23.366738973197236,26.025803101046773,0.02667557609369873,495944500.0,1.5242814468151173,0.07729468599033808,-0.020223752151462947,-0.03645147123407988,0
2022-01-27 00:00:00+00:00,23.57,24.0,21.68,21.94,573353000,-0.03645147123407988,-0.03713242522856408,22.754,26.353,22.891159315464826,25.636678996185175,0.02713679737383533,507455200.0,1.129859345219046,0.105742935278031,-0.06915570640644883,0.04102096627164986,1
2022-01-28 00:00:00+00:00,22.01,22.86,21.3,22.84,543774000,0.04102096627164986,0.04020192994072547,22.648000000000003,26.015499999999996,22.874106210309886,25.370328615596108,0.02987814206772016,519200700.0,1.0473290964361182,0.06830122591943952,0.037710131758291604,0.07224168126094566,1
2022-01-31 00:00:00+00:00,23.18,24.51,23.05,24.49,564680000,0.07224168126094566,0.06975148617626692,22.872,25.7695,23.412737473539927,25.286487795063145,0.035143114949934176,534108200.0,1.0572389639402653,0.05961616986525116,0.056514236410698825,0.0061249489587587025,1
2022-02-01 00:00:00+00:00,25.1,25.14,23.89,24.64,518925000,0.0061249489587587025,0.0061062677012424516,23.336,25.4955,23.821824982359953,25.224917528866655,0.0344836380077979,540477100.0,0.9601239349456249,0.05073051948051948,-0.018326693227091666,0.024350649350649345,1
2022-02-02 00:00:00+00:00,25.79,25.82,24.55,25.24,543419000,0.024350649350649345,0.024058899007693313,23.83,25.293,24.29454998823997,25.22635395468888,0.035019090429050374,541290350.0,1.0039325474765992,0.05031695721077653,-0.021326095385808482,-0.0511093502377179,0
2022-02-03 00:00:00+00:00,24.46,25.08,23.78,23.95,410178000,-0.0511093502377179,-0.05246171381608811,24.232,25.110500000000002,24.179699992159982,25.1047964351947,0.03450547978460209,536896050.0,0.7639802900393847,0.05427974947807922,-0.02085036794766973,0.01544885177453037,1
2022-02-04 00:00:00+00:00,23.97,24.64,23.63,24.32,354829000,0.01544885177453037,0.015330733241042171,24.528,24.9175,24.22646666143999,25.03005391755711,0.03429395691316826,531928200.0,0.6670618327811911,0.04152960526315796,0.014601585314977114,0.016858552631578982,1
2022-02-07 00:00:00+00:00,24.37,25.18,24.2,24.73,376868000,0.016858552631578982,0.016718024435358636,24.576,24.791500000000003,24.39431110762666,25.001477353980246,0.034115114774175906,530274650.0,0.7107034062442925,0.03962798220784474,0.014772260976610562,0.015365952284674522,1
2022-02-08 00:00:00+00:00,24.36,25.23,23.98,25.11,410359000,0.015365952284674522,0.015249091636168721,24.669999999999998,24.677,24.63287407175111,25.01181284407736,0.03433988131323337,521058550.0,0.7875487313277941,0.04978096375945838,0.03078817733990148,0.06332138590203096,1
2022-02-09 00:00:00+00:00,25.62,26.73,25.35,26.7,524282000,0.06332138590203096,0.06139739223671015,24.962,24.621,25.321916047834076,25.172592573212853,0.037162507537011245,527068200.0,0.994713777078564,0.05168539325842693,0.04215456674473061,-0.032958801498127355,0
2022-02-10 00:00:00+00:00,26.0,26.93,25.6,25.82,513200000,-0.032958801498127355,-0.03351417998770723,25.336000000000002,24.512,25.487944031889384,25.23425042338306,0.03775093114945739,533557550.0,0.9618456340838959,0.05151045701006965,-0.006923076923076912,-0.07242447714949651,0
2022-02-11 00:00:00+00:00,25.92,26.15,23.77,23.95,605472000,-0.07242447714949651,-0.07518106156157245,25.262,24.381,24.975296021259588,25.11194085925134,0.03958422077956479,536822600.0,1.1278809796755949,0.09937369519832981,-0.07600308641975317,0.013361169102296566,1
2022-02-14 00:00:00+00:00,23.93,24.88,23.75,24.27,440424000,0.013361169102296566,0.013272695881585861,25.169999999999998,24.2475,24.740197347506395,25.031756015513118,0.03957033511152931,539052200.0,0.8170340460534249,0.046559538524927856,0.014208106978687834,0.09188298310671605,1
2022-02-15 00:00:00+00:00,24.95,26.55,24.78,26.5,699869000,0.09188298310671605,0.08790371325366664,25.448,24.2775,25.32679823167093,25.171588775940442,0.043797373168068345,552832150.0,1.2659701502526581,0.06679245283018867,0.062124248496994015,0.0003773584905661931,1
2022-02-16 00:00:00+00:00,26.26,26.58,25.55,26.51,732676000,0.0003773584905661931,0.0003772873087575235,25.41,24.3495,25.721198821113955,25.299056511565162,0.043076137896438896,565050200.0,1.2966564740619506,0.03885326291965287,0.00952018278750952,-0.07544322897019995,0
2022-02-17 00:00:00+00:00,25.63,25.79,24.16,24.51,810595000,-0.07544322897019995,-0.0784408227609128,25.148,24.3675,25.31746588074264,25.223908272368483,0.04597234238618557,583820900.0,1.3884309383237223,0.06650346797225618,-0.04369879047990626,-0.03549571603427182,0
2022-02-18 00:00:00+00:00,24.67,24.99,23.1,23.64,761255000,-0.03549571603427182,-0.036141005002123805,25.086000000000002,24.381,24.75831058716176,25.07305986547625,0.046105314903084844,585935750.0,1.299212413647742,0.07994923857868007,-0.04175111471422785,-0.010575296108290999,0
2022-02-22 00:00:00+00:00,23.04,24.06,23.0,23.39,633422000,-0.010575296108290999,-0.010631611941809727,24.91,24.381999999999998,24.302207058107843,24.912768449716605,0.046173524754708484,571907750.0,1.1075597419339045,0.04531851218469426,0.015190972222222284,-0.04275331338178712,0
2022-02-23 00:00:00+00:00,23.8,24.16,22.3,22.39,566511000,-0.04275331338178712,-0.043694149985424424,24.088,24.3855,23.66480470540523,24.672504787838832,0.04605681648145523,567002500.0,0.9991331607885326,0.08307280035730234,-0.0592436974789916,0.060741402411790935,1
2022-02-24 00:00:00+00:00,21.02,23.8,20.89,23.75,735801000,0.060741402411790935,0.05896809986998708,23.536,24.4345,23.693203136936823,24.58464718899704,0.04773495302146984,565994600.0,1.3000141697464958,0.12252631578947369,0.12987630827783067,0.01726315789473687,1
2022-02-25 00:00:00+00:00,23.72,24.22,23.38,24.16,528866000,0.01726315789473687,0.01711584258596366,23.466,24.5455,23.84880209129122,24.54420459956875,0.046922268036477734,563770250.0,0.9380878114799424,0.0347682119205298,0.018549747048903935,0.009519867549668826,1
2022-02-28 00:00:00+00:00,23.99,24.66,23.71,24.39,477319000,0.009519867549668826,0.009474839161214721,23.616,24.622999999999998,24.029201394194146,24.52951844722887,0.046200264396285086,560447500.0,0.8516747777445702,0.03895038950389501,0.016673614005835856,-0.03731037310373109,0
2022-03-01 00:00:00+00:00,24.29,24.38,23.13,23.48,412056000,-0.03731037310373109,-0.038024217267933036,23.634,24.5725,23.8461342627961,24.42956430939755,0.04428512209884346,552816300.0,0.7453759956064971,0.05323679727427598,-0.0333470564018114,0.03151618398637135,1
2022-03-02 00:00:00+00:00,23.76,24.41,23.41,24.22,389642000,0.03151618398637135,0.031029743165050583,24.0,24.551499999999997,23.9707561751974,24.40960580374064,0.04487511068527192,546352150.0,0.7131700680595839,0.04128819157720892,0.019360269360269244,-0.021056977704376423,0
2022-03-03 00:00:00+00:00,24.26,24.33,23.47,23.71,365095000,-0.021056977704376423,-0.021281838047632284,23.992,24.475,23.8838374501316,24.342976679574864,0.04469491958498361,537435950.0,0.6793274621840985,0.036271615352172056,-0.02267106347897777,-0.032475748629270385,0
2022-03-04 00:00:00+00:00,23.38,23.68,22.48,22.94,431415000,-0.032475748629270385,-0.0330147883760894,23.748,24.424500000000002,23.569224966754405,24.209359852948687,0.04376704138085352,538497800.0,0.8011453342984873,0.05231037489102002,-0.018819503849443874,-0.06931124673060152,0
2022-03-07 00:00:00+00:00,22.82,23.03,21.33,21.35,450821000,-0.06931124673060152,-0.07183037202659115,23.14,24.276,22.829483311169604,23.937039866953576,0.0462058883102813,543297400.0,0.8297867797637168,0.07962529274004697,-0.06441717791411038,0.007494145199063329,1
2022-03-08 00:00:00+00:00,21.31,22.37,20.65,21.51,557467000,0.007494145199063329,0.007466203605005273,22.746000000000002,24.115,22.389655540779735,23.705893212957996,0.04600696042172339,552327350.0,1.0093054417819434,0.0799628079962809,0.009385265133740162,0.06973500697350077,1
2022-03-09 00:00:00+00:00,22.39,23.22,22.25,23.01,492742000,0.06973500697350077,0.06741096076763586,22.504,24.01,22.59643702718649,23.63961766886676,0.04873099150241024,556446500.0,0.8855154987945831,0.04215558452846583,0.027690933452434167,-0.01521077792264236,0
2022-03-10 00:00:00+00:00,22.53,22.79,21.88,22.66,428066000,-0.01521077792264236,-0.015327648447414521,22.294,23.808,22.617624684790997,23.546320748022307,0.04623757073997372,551635700.0,0.7759940119901595,0.04015887025595764,0.005770084332001731,-0.024713150926743088,0
2022-03-11 00:00:00+00:00,23.02,23.14,22.05,22.1,367209000,-0.024713150926743088,-0.02502364707615312,22.125999999999998,23.622,22.445083123194,23.408575914877325,0.04603146626872716,544336150.0,0.674599693590073,0.04932126696832578,-0.039965247610773164,-0.034841628959276116,0
2022-03-14 00:00:00+00:00,21.87,22.26,21.16,21.33,385354000,-0.034841628959276116,-0.03546307604044774,22.122000000000003,23.491,22.073388748796,23.210616303936625,0.043771826696357694,533330250.0,0.7225429272012979,0.051570557899671896,-0.02469135802469148,0.07688701359587435,1
2022-03-15 00:00:00+00:00,21.52,23.04,21.32,22.97,491996000,0.07688701359587435,0.07407448421774765,22.413999999999998,23.426000000000002,22.372259165864,23.18770046546647,0.04714698019430654,535908850.0,0.9180591065066382,0.07488027862429252,0.0673791821561338,0.06660861993905098,1
2022-03-16 00:00:00+00:00,23.5,24.6,23.17,24.5,671422000,0.06660861993905098,0.0644841008496746,22.712,23.326,23.081506110576,23.312681373517282,0.04501970327501332,534486500.0,1.2562001098250377,0.058367346938775495,0.0425531914893617,0.011020408163265216,1
2022-03-17 00:00:00+00:00,24.12,24.84,23.91,24.77,471941000,0.011020408163265216,0.010960125950586708,23.134,23.239,23.64433740705067,23.451473623658494,0.04513495984985135,521449750.0,0.905055568633411,0.03754541784416632,0.026948590381426142,0.06782398062171979,1
2022-03-18 00:00:00+00:00,24.8,26.57,24.62,26.45,730719000,0.06782398062171979,0.06562291480304028,24.003999999999998,23.336,24.579558271367116,23.737047564262447,0.04400947550635218,517455950.0,1.412137593547818,0.07372400756143664,0.06653225806451607,0.010586011342154977,1
2022-03-21 00:00:00+00:00,26.51,27.15,25.97,26.73,591727000,0.010586011342154977,0.01053037184651906,25.084,23.4905,25.296372180911412,24.02209065338031,0.0430055879724882,508979550.0,1.1625751958010886,0.044145155256266354,0.008298755186721948,-0.007856341189674598,0
2022-03-22 00:00:00+00:00,26.73,27.24,26.07,26.52,547007000,-0.007856341189674598,-0.007887364833165655,25.794,23.647,25.70424812060761,24.259986781629806,0.042953599246634666,504658800.0,1.0839145180862793,0.04411764705882346,-0.007856341189674555,-0.03355957767722473,0
2022-03-23 00:00:00+00:00,26.13,26.61,25.57,25.63,502120000,-0.03355957767722473,-0.034135624941681986,26.02,23.809,25.67949874707174,24.390464230998397,0.04241813780299108,501439250.0,1.001357592170936,0.04057744830277016,-0.019135093761959435,0.09832227857978926,1
2022-03-24 00:00:00+00:00,26.17,28.32,25.91,28.15,877379000,0.09832227857978926,0.09378381420971937,26.695999999999998,24.029000000000003,26.502999164714495,24.748515256617598,0.04529069784015055,508518150.0,1.7253641782500782,0.08561278863232683,0.0756591517004202,-0.0163410301953818,0
2022-03-25 00:00:00+00:00,27.89,28.36,27.27,27.69,579016000,-0.0163410301953818,-0.01647601740282889,26.944,24.2055,26.898666109809668,25.028656660749256,0.045576268520441124,511025650.0,1.1330468441261217,0.03936439147706753,-0.0071710290426675975,0.01914048392921619,1
2022-03-28 00:00:00+00:00,27.76,28.25,27.21,28.22,425494000,0.01914048392921619,0.018959609241797626,27.242,24.397,27.339110739873114,25.33259412163028,0.04565464081674349,508434400.0,0.8368709906332066,0.03685329553508147,0.016570605187319787,0.015591778880226892,1
2022-03-29 00:00:00+00:00,28.7,28.95,27.98,28.66,488984000,0.015591778880226892,0.015471475975357585,27.669999999999998,24.656,27.779407159915408,25.64948991957025,0.04441001444889719,512280800.0,0.9545233785845575,0.033845080251221175,-0.001393728222996486,-0.03384508025122113,0
2022-03-30 00:00:00+00:00,28.3,28.5,27.5,27.69,463487000,-0.03384508025122113,-0.03443108521715521,28.082,24.829500000000003,27.749604773276943,25.84382421294451,0.04518157577428281,515973050.0,0.8982775360069678,0.03611412062116287,-0.02155477031802118,-0.014445648248465282,0
2022-03-31 00:00:00+00:00,27.78,28.25,27.27,27.29,523440000,-0.014445648248465282,-0.014551002462623419,27.910000000000004,25.008499999999998,27.59640318218463,25.98155524028313,0.04498686938667718,523890300.0,0.9991404689111442,0.035910589959692214,-0.01763858891288704,-0.02125320630267491,0
2022-04-01 00:00:00+00:00,27.38,27.5,26.27,26.71,517235000,-0.02125320630267491,-0.02148230759837766,27.714,25.197,27.300935454789755,26.050930931684736,0.04451802686550726,528181300.0,0.9792754874131288,0.046050168476226144,-0.02447041636230819,0.02433545488581057,1
2022-04-04 00:00:00+00:00,26.73,27.56,26.61,27.36,397120000,0.02433545488581057,0.024044065632480294,27.542,25.497500000000002,27.320623636526506,26.17560417628619,0.04049390641491326,525496250.0,0.7557047267225979,0.034722222222222196,0.02356902356902353,-0.05226608187134507,0
2022-04-05 00:00:00+00:00,27.25,27.32,25.82,25.93,436615000,-0.05226608187134507,-0.053681493203776576,26.996,25.7185,26.857082424351006,26.152213302354173,0.043110035244018276,519453650.0,0.8405273502265312,0.057848052448900886,-0.04844036697247708,-0.058619359814886196,0
2022-04-06 00:00:00+00:00,24.93,25.3,24.0,24.41,703833000,-0.058619359814886196,-0.06040771514570453,26.339999999999996,25.7885,26.041388282900673,25.98628822593949,0.04352114472513586,530008200.0,1.3279662465599589,0.05325686194182715,-0.02085840352988366,-0.008193363375665674,0
2022-04-07 00:00:00+00:00,24.44,24.72,23.48,24.21,557992000,-0.008193363375665674,-0.008227113454901236,25.724,25.866000000000003,25.430925521933784,25.817117918707154,0.04339294136669723,536504500.0,1.0400509222196646,0.0512185047501032,-0.00941080196399347,-0.045022717885171426,0
2022-04-08 00:00:00+00:00,23.92,23.92,23.06,23.12,524781000,-0.045022717885171426,-0.04606772714579055,25.006,25.917,24.660617014622524,25.560249545496948,0.044360453518270886,544383100.0,0.9639920857205155,0.03719723183391016,-0.03344481605351173,-0.05190311418685123,0
2022-04-11 00:00:00+00:00,22.21,22.32,21.66,21.92,575207000,-0.05190311418685123,-0.05329858172436186,23.918,25.946500000000004,23.74707800974835,25.213559112592474,0.045327362049524714,553875750.0,1.0385126989220959,0.030109489051094895,-0.01305718144979735,-0.019160583941605913,0
2022-04-12 00:00:00+00:00,22.54,22.73,21.28,21.5,662258000,-0.019160583941605913,-0.019346526946197873,23.032,25.873,22.998052006498902,24.859886816155097,0.04214174605746147,562388850.0,1.177580245412049,0.06744186046511624,-0.046140195208518156,0.032558139534883734,1
2022-04-13 00:00:00+00:00,21.73,22.5,21.45,22.2,516943000,0.032558139534883734,0.03203935374461686,22.59,25.758,22.73203467099927,24.606564262235562,0.039962956173126,554664900.0,0.9319915502134712,0.04729729729729733,0.021629084215370402,-0.04234234234234224,0
2022-04-14 00:00:00+00:00,22.5,22.78,21.16,21.26,569097000,-0.04234234234234224,-0.04326491596443205,22.0,25.5825,22.241356447332848,24.287843856308367,0.04066155259750451,559522700.0,1.0171115488254543,0.07619943555973664,-0.05511111111111104,0.024459078080903085,1
2022-04-18 00:00:00+00:00,21.2,22.09,21.08,21.78,525701000,0.024459078080903085,0.0241647445910127,21.732,25.349,22.087570964888567,24.049001584279,0.0376772995274671,549271800.0,0.9570871834308624,0.046372819100091896,0.027358490566037823,0.01928374655647369,1
2022-04-19 00:00:00+00:00,21.72,22.37,21.31,22.2,512781000,0.01928374655647369,0.01910017137341935,21.788,25.1225,22.125047309925712,23.872906195300047,0.03796725405186074,545324500.0,0.9403226886010073,0.04774774774774785,0.022099447513812175,-0.032432432432432434,0
2022-04-20 00:00:00+00:00,22.52,22.67,21.2,21.48,468974000,-0.032432432432432434,-0.032970019237569925,21.784,24.8705,21.910031539950477,23.645010367176234,0.03833118796377796,541422850.0,0.8661880450741967,0.06843575418994424,-0.04618117229129659,-0.06052141527001864,0
2022-04-21 00:00:00+00:00,21.71,22.39,20.0,20.18,656209000,-0.06052141527001864,-0.06243025471520092,21.380000000000003,24.598000000000003,21.333354359966986,23.31500937982612,0.03974404988947235,549127300.0,1.1950034172404105,0.11843409316154611,-0.07047443574389688,-0.032705649157581784,0
2022-04-22 00:00:00+00:00,20.3,20.49,19.5,19.52,624713000,-0.032705649157581784,-0.03325243394051647,21.032000000000004,24.1665,20.728902906644656,22.953579915080773,0.031185806239616014,536494000.0,1.1644361353528652,0.05071721311475402,-0.0384236453201971,0.019467213114753967,1
2022-04-25 00:00:00+00:00,19.2,19.95,19.1,19.9,641566000,0.019467213114753967,0.01928015074550027,20.656,23.776999999999997,20.452601937763106,22.662762780311176,0.03230116235654099,539621500.0,1.1889185290059792,0.04271356783919587,0.0364583333333333,-0.05577889447236184,0
2022-04-26 00:00:00+00:00,19.72,19.79,18.67,18.79,653143000,-0.05577889447236184,-0.05739491830507282,19.974,23.305500000000002,19.89840129184207,22.293928229805353,0.03239944914819324,551003950.0,1.185368997808455,0.05960617349654058,-0.0471602434077079,-0.020223523150611933,0
2022-04-27 00:00:00+00:00,18.6,19.17,18.29,18.41,499460000,-0.020223523150611933,-0.02043081818038761,19.36,22.793,19.402267527894715,21.924030303157224,0.03128661770521561,551527750.0,0.9055935988714983,0.047800108636610675,-0.010215053763440929,0.0744160782183596,1
2022-04-28 00:00:00+00:00,18.97,20.04,18.49,19.78,570327000,0.0744160782183596,0.07177733094957972,19.28,22.3975,19.52817835192981,21.719836940951776,0.037487924181987715,556869750.0,1.0241658843921762,0.07836198179979781,0.042698998418555734,-0.062184024266936366,0
2022-04-29 00:00:00+00:00,19.4,20.13,18.52,18.55,500435000,-0.062184024266936366,-0.06420153714112198,19.086,21.960500000000003,19.20211890128654,21.417947708480177,0.03894540551768055,555719500.0,0.9005172573573539,0.08679245283018865,-0.043814432989690615,0.05283018867924527,1
2022-05-02 00:00:00+00:00,18.54,19.57,18.39,19.53,572049000,0.05283018867924527,0.05148195583514337,19.012,21.601499999999998,19.311412600857693,21.238143164815398,0.04202608840696098,558460200.0,1.0243326203013214,0.06041986687147976,0.05339805825242729,0.0035842293906809264,1
2022-05-03 00:00:00+00:00,19.4,19.82,19.13,19.6,475751000,0.0035842293906809264,0.0035778213478843135,19.174,21.2135,19.407608400571796,21.082129530071075,0.0412505951161362,562391750.0,0.8459423524616071,0.03520408163265312,0.010309278350515611,0.03724489795918351,1
2022-05-04 00:00:00+00:00,19.92,20.4,18.75,20.33,648855000,0.03724489795918351,0.036568061403783325,19.558,20.933500000000002,19.715072267047866,21.010498146254783,0.041920468774887275,573003750.0,1.1323747881231143,0.08116084604033441,0.020582329317268902,-0.0732907033939989,0
2022-05-05 00:00:00+00:00,19.87,19.93,18.5,18.84,626331000,-0.0732907033939989,-0.07611535849203799,19.369999999999997,20.655,19.423381511365243,20.80378403708766,0.04300497887901424,569128650.0,1.1005086459801312,0.07590233545647557,-0.05183694011071973,-0.00849256900212314,0
2022-05-06 00:00:00+00:00,18.74,19.51,17.99,18.68,633297000,-0.00849256900212314,-0.008528836347520663,19.396,20.378500000000003,19.175587674243495,20.60151889069836,0.0430032875841806,572893900.0,1.105435055251941,0.08137044967880103,-0.0032017075773745317,-0.09261241970021417,0
2022-05-09 00:00:00+00:00,18.03,18.25,16.83,16.95,644455000,-0.09261241970021417,-0.0971855989742374,18.880000000000003,20.07,18.433725116162332,20.25375518682233,0.046454831460242374,578877600.0,1.113283706261911,0.08377581120943964,-0.05990016638935118,0.03775811209439528,1
2022-05-10 00:00:00+00:00,17.69,18.2,17.02,17.59,761474000,0.03775811209439528,0.03706272492300755,18.477999999999998,19.8535,18.15248341077489,20.000064216648774,0.04697855746680181,588190950.0,1.2946033936768324,0.06708357021034678,-0.005652911249293466,-0.054576463899943195,0
2022-05-11 00:00:00+00:00,17.35,17.75,16.57,16.63,670167000,-0.054576463899943195,-0.05612226554463051,17.738,19.61,17.644988940516598,19.67910571982508,0.04803024845308006,588586400.0,1.1386042898714615,0.07095610342754058,-0.041498559077809936,-0.027059530968129852,0
2022-05-12 00:00:00+00:00,16.22,16.79,15.57,16.18,708728000,-0.027059530968129852,-0.02743238157449035,17.205999999999996,19.309,17.156659293677734,19.345857556032215,0.04693380664180582,598175650.0,1.1848158647046232,0.07540173053152033,-0.0024660912453760265,0.09456118665018542,1
2022-05-13 00:00:00+00:00,16.79,17.93,16.59,17.71,670437000,0.09456118665018542,0.09035354016439667,17.012,19.1315,17.34110619578516,19.190061598314863,0.05205192103510327,603242650.0,1.1113885929650364,0.07566346696781479,0.054794520547945307,-0.02540937323546011,0
2022-05-16 00:00:00+00:00,17.51,17.79,17.11,17.26,521446000,-0.02540937323546011,-0.02573776613946066,17.074,18.9055,17.314070797190105,19.006246207999162,0.05156545323759862,603029900.0,0.8647100251579565,0.03939745075318654,-0.01427755568246716,0.05330243337195828,1
2022-05-17 00:00:00+00:00,18.07,18.37,17.63,18.18,585830000,0.05330243337195828,0.05193040309405106,17.192,18.704500000000003,17.602713864793404,18.927556092951626,0.05309505626964047,606682350.0,0.9656288830555232,0.04070407040704081,0.0060874377421139695,-0.06820682068206807,0
2022-05-18 00:00:00+00:00,17.7,18.12,16.86,16.94,545161000,-0.06820682068206807,-0.07064439952542445,17.253999999999998,18.4775,17.381809243195605,18.738265036480044,0.05460028640061001,610491700.0,0.8929867514988328,0.07438016528925628,-0.04293785310734452,0.010625737898465104,1
2022-05-19 00:00:00+00:00,16.94,17.69,16.73,17.12,621310000,0.010625737898465104,0.010569681489687621,17.442,18.3245,17.294539495463738,18.58414455681528,0.05347095132504376,608746750.0,1.0206378925226294,0.056074766355140235,0.010625737898465154,-0.025116822429906538,0
2022-05-20 00:00:00+00:00,17.33,17.41,15.76,16.69,739105000,-0.025116822429906538,-0.025437633039852248,17.238,18.183,17.09302633030916,18.40374983711859,0.053306717038935865,614466350.0,1.202840481012508,0.0988615937687238,-0.036930178880553784,0.012582384661473878,1
2022-05-23 00:00:00+00:00,16.27,16.91,16.18,16.9,639889000,0.012582384661473878,0.012503884255283815,17.166000000000004,18.033,17.02868422020611,18.260535566916822,0.053146622416509505,614382500.0,1.041515668170887,0.04319526627218938,0.03872157344806386,-0.044378698224852076,0
2022-05-24 00:00:00+00:00,16.51,16.6,15.78,16.15,588550000,-0.044378698224852076,-0.045393572260362,16.759999999999998,17.901,16.735789480137406,18.05953217959141,0.05262679599550561,611152850.0,0.9630160441860003,0.050773993808049665,-0.02180496668685663,0.05139318885448918,1
2022-05-25 00:00:00+00:00,16.02,17.11,16.0,16.98,781132000,0.05139318885448918,0.05011613121453573,16.768,17.829500000000003,16.817192986758272,17.956719591058896,0.054064042224761084,625236450.0,1.2493385502396732,0.0653710247349823,0.05992509363295886,0.051236749116607916,1
2022-05-26 00:00:00+00:00,16.04,18.09,16.02,17.85,996575000,0.051236749116607916,0.04996732734244702,16.913999999999998,17.733,17.16146199117218,17.94655582048186,0.05265583708348077,646548850.0,1.541376185264269,0.11596638655462185,0.11284289276807995,0.053781512605041826,1
2022-05-27 00:00:00+00:00,18.19,18.88,18.1,18.81,738379000,0.053781512605041826,0.05238513508729081,17.338,17.746000000000002,17.710974660781453,18.028788599483587,0.05222412163189698,658446050.0,1.121396354340648,0.041467304625199236,0.03408466190214389,-0.0074428495481125845,0
2022-05-31 00:00:00+00:00,18.98,19.2,18.35,18.67,664100000,-0.0074428495481125845,-0.007470685759307649,17.692,17.703,18.030649773854304,18.089856351913724,0.050852481551232946,663048600.0,1.0015857057838595,0.045527584359935605,-0.016332982086406676,-0.018746652383503037,0
2022-06-01 00:00:00+00:00,18.72,19.05,18.12,18.32,544514000,-0.018746652383503037,-0.018924598307647145,18.126,17.639,18.127099849236203,18.11177479458861,0.0509655236778091,666486750.0,0.8169914855771702,0.05076419213973798,-0.02136752136752129,0.06932314410480345,1
2022-06-02 00:00:00+00:00,18.29,19.62,18.2,19.59,648656000,0.06932314410480345,0.0670258727104649,18.648000000000003,17.602,18.614733232824136,18.252558147484933,0.05264917081392866,666476800.0,0.9732611847854269,0.07248596222562541,0.07107709130672503,-0.0444104134762634,0
2022-06-03 00:00:00+00:00,19.08,19.33,18.52,18.72,598779000,-0.0444104134762634,-0.04542676090700315,18.822000000000003,17.595999999999997,18.649822155216093,18.297076419153036,0.05078515648450533,665099200.0,0.9002852506814021,0.043269230769230706,-0.01886792452830186,0.003739316239316226,1
2022-06-06 00:00:00+00:00,19.14,19.34,18.56,18.79,422406000,0.003739316239316226,0.0037323423759278995,18.818,17.6015,18.696548103477397,18.344021522090845,0.05075483768210085,654554650.0,0.6453334339615493,0.04151144225651949,-0.018286311389759738,0.007450771687067537,1
2022-06-07 00:00:00+00:00,18.47,19.0,18.19,18.93,388914000,0.007450771687067537,0.007423151795857397,18.869999999999997,17.700499999999998,18.774365402318267,18.39982899617743,0.045274897560444685,641777600.0,0.6059949739598266,0.04278922345483353,0.024905251759610225,-0.014791336502905539,0
2022-06-08 00:00:00+00:00,18.8,19.18,18.54,18.65,363252000,-0.014791336502905539,-0.014901819131406757,18.936,17.7535,18.73291026821218,18.423654806065294,0.04485885381207783,621866500.0,0.5841318032085665,0.034316353887399495,-0.007978723404255433,-0.03217158176943691,0
2022-06-09 00:00:00+00:00,18.48,18.93,18.04,18.05,395574000,-0.03217158176943691,-0.032700461310934514,18.628,17.8245,18.505273512141454,18.388068634059074,0.0435220131310529,608136850.0,0.6504687226238633,0.04930747922437676,-0.023268398268398254,-0.059833795013850555,0
2022-06-10 00:00:00+00:00,17.6,17.7,16.87,16.97,465248000,-0.059833795013850555,-0.0616986055327553,18.278,17.864,17.99351567476097,18.253014478434398,0.045459866090440434,595962850.0,0.7806661103120773,0.04890984089569819,-0.035795454545454686,-0.07778432527990564,0
2022-06-13 00:00:00+00:00,16.0,16.31,15.61,15.65,604153000,-0.07778432527990564,-0.08097616225997273,17.65,17.761000000000003,17.21234378317398,18.00510833763112,0.04413366125396287,592648650.0,1.0194117543337018,0.04472843450479229,-0.021874999999999978,0.012140575079872207,1
2022-06-14 00:00:00+00:00,15.73,16.07,15.41,15.84,469680000,0.012140575079872207,0.012067469400117492,17.032,17.689999999999998,16.75489585544932,17.798907543571016,0.04406158637369561,590060350.0,0.7959863766477446,0.04166666666666668,0.006993006993006957,0.04356060606060619,1
2022-06-15 00:00:00+00:00,16.09,16.87,15.93,16.53,563936000,0.04356060606060619,0.042638525446653475,16.607999999999997,17.6075,16.679930570299547,17.67805920608806,0.04348274357269512,588965650.0,0.9575023602819621,0.0568663036902602,0.027346177750155454,-0.056261343012704246,0
2022-06-16 00:00:00+00:00,15.86,15.94,15.4,15.6,545749000,-0.056261343012704246,-0.05790599757744186,16.118000000000002,17.540499999999998,16.31995371353303,17.480148805508247,0.04255015032516288,588995050.0,0.9265765476297296,0.03461538461538456,-0.016393442622950807,0.017948717948718107,1
2022-06-17 00:00:00+00:00,15.65,15.99,15.33,15.88,630334000,0.017948717948718107,0.017789541563498545,15.9,17.4785,16.173302475688686,17.327753681174126,0.04271165895488979,589446250.0,1.0693663756449379,0.04156171284634761,0.014696485623003222,0.04345088161209065,1
2022-06-21 00:00:00+00:00,16.48,17.01,16.41,16.57,483089000,0.04345088161209065,0.042533375619481895,16.084,17.4725,16.30553498379246,17.25558666391945,0.043591099654838955,576645450.0,0.8377574122886082,0.03621001810500914,0.005461165048543681,-0.012673506336753237,0
2022-06-22 00:00:00+00:00,16.23,16.66,16.18,16.36,437135000,-0.012673506336753237,-0.012754500263870483,16.188,17.4455,16.323689989194975,17.17029269592712,0.04356465253287657,566507750.0,0.7716311030166842,0.029339853300733524,0.008009858287122551,-0.007946210268948595,0
2022-06-23 00:00:00+00:00,16.52,16.59,15.85,16.23,463680000,-0.007946210268948595,-0.00797794964810139,16.127999999999997,17.4495,16.29245999279665,17.08074101060073,0.04237320371842497,560264250.0,0.8276094717805036,0.045594577942082576,-0.017554479418886146,0.05545286506469482,1
2022-06-24 00:00:00+00:00,16.5,17.14,16.31,17.13,472153000,0.05545286506469482,0.05396993080952894,16.434,17.457,16.571639995197767,17.08543234292447,0.04261996037115359,544815300.0,0.8666294797521289,0.04845300642148289,0.03818181818181812,-0.015178050204319837,0
2022-06-27 00:00:00+00:00,17.31,17.33,16.63,16.87,427968000,-0.015178050204319837,-0.015294415778151826,16.631999999999998,17.407999999999998,16.671093330131846,17.064914976931664,0.04109961491443669,516384950.0,0.8287770586652458,0.041493775933609915,-0.02541883304448283,-0.05275637225844698,0
2022-06-28 00:00:00+00:00,16.9,17.2,15.95,15.98,461149000,-0.05275637225844698,-0.05419895621974824,16.514,17.2665,16.440728886754563,16.96158974103341,0.04046952094056268,502523450.0,0.9176666282936647,0.07822277847309136,-0.0544378698224851,-0.027534418022528206,0
2022-06-29 00:00:00+00:00,15.81,15.82,15.17,15.54,482352000,-0.027534418022528206,-0.027920595398627235,16.35,17.11,16.140485924503043,16.82620024188737,0.04070901990135837,493436050.0,0.9775370080884849,0.04182754182754185,-0.01707779886148016,-0.02445302445302444,0
2022-06-30 00:00:00+00:00,15.36,15.57,14.86,15.16,686070000,-0.02445302445302444,-0.024756964725275665,16.136000000000003,16.952,15.81365728300203,16.667514504564764,0.040803317396475844,500513850.0,1.3707312994435619,0.0468337730870713,-0.013020833333333287,-0.04221635883905017,0
2022-07-01 00:00:00+00:00,14.9,15.06,14.39,14.52,577610000,-0.04221635883905017,-0.043133370817575845,15.613999999999999,16.6985,15.38243818866802,16.462989313653836,0.03721126940566744,496961550.0,1.1622830780369227,0.04614325068870523,-0.025503355704698038,0.030303030303030498,1
2022-07-05 00:00:00+00:00,14.18,14.97,14.05,14.96,651397000,0.030303030303030498,0.029852963149681333,15.232,16.5105,15.241625459112015,16.319847474258232,0.03777197442799722,499592450.0,1.3038567736562072,0.061497326203208545,0.055007052186177796,0.011363636363636465,1
2022-07-06 00:00:00+00:00,15.01,15.32,14.79,15.13,529066000,0.011363636363636465,0.011299555253933224,15.062000000000001,16.3275,15.204416972741344,16.20652866718602,0.037966932839811916,504925450.0,1.0478101272177902,0.035029742233972316,0.007994670219853497,0.04824851288830123,1
2022-07-07 00:00:00+00:00,15.46,15.95,15.39,15.86,492903000,0.04824851288830123,0.04712068840643724,15.126000000000001,16.174,15.42294464849423,16.17352593697783,0.03995705693841762,510124900.0,0.9662398365576744,0.03530895334174015,0.025873221216041305,-0.0012610340479192184,0
2022-07-08 00:00:00+00:00,15.43,16.04,15.39,15.84,467972000,-0.0012610340479192184,-0.0012618298204221112,15.262,16.0335,15.561963098996154,16.141761562027558,0.03996468418661753,515360900.0,0.9080471568564864,0.041035353535353446,0.026571613739468578,-0.04356060606060608,0
2022-07-11 00:00:00+00:00,15.53,15.53,15.04,15.15,437321000,-0.04356060606060608,-0.04453785443090119,15.388,15.888499999999999,15.424642065997435,16.047308079929696,0.04043208988638698,517448250.0,0.8451492492244393,0.032343234323432356,-0.02446877012234379,-0.0046204620462045876,0
2022-07-12 00:00:00+00:00,15.27,15.43,14.88,15.08,458483000,-0.0046204620462045876,-0.004631169375568511,15.412,15.794,15.309761377331625,15.955183500888772,0.03846510902469873,517110000.0,0.8866256695867417,0.03647214854111399,-0.01244269810085131,0.0053050397877985045,1
2022-07-13 00:00:00+00:00,14.59,15.38,14.46,15.16,521918000,0.0053050397877985045,0.005291017634415862,15.418000000000001,15.769499999999999,15.259840918221084,15.879451738899364,0.034204574557692546,512998250.0,1.0173874862146215,0.06068601583113456,0.039067854694996594,0.01385224274406327,1
2022-07-14 00:00:00+00:00,15.11,15.47,14.73,15.37,456235000,0.01385224274406327,0.01375717733627857,15.319999999999999,15.746,15.29656061214739,15.830932525670853,0.034242151539724354,512326000.0,0.8905169755194935,0.04814573845152897,0.017207147584381192,0.025374105400130187,1
2022-07-15 00:00:00+00:00,15.66,15.78,15.45,15.76,385935000,0.025374105400130187,0.025057526879228575,15.303999999999998,15.7075,15.451040408098262,15.824177047035533,0.03326085078188795,503425950.0,0.766617215501108,0.020939086294416247,0.006385696040868432,0.021573604060913798,1
2022-07-18 00:00:00+00:00,16.3,16.9,16.0,16.1,670517000,0.021573604060913798,0.021344187560684347,15.494,15.732500000000002,15.66736027206551,15.850445899698816,0.030937864520122784,509664350.0,1.3156050643918884,0.05590062111801233,-0.012269938650306704,0.05527950310558993,1
2022-07-19 00:00:00+00:00,16.49,17.11,16.17,16.99,702366000,0.05527950310558993,0.05380566369342343,15.876,15.788,16.108240181377006,15.958974861632262,0.032916142587132616,513265950.0,1.3684250825522324,0.055326662742789745,0.03032140691328078,0.04826368452030616,1
2022-07-20 00:00:00+00:00,16.95,17.93,16.8,17.81,760538000,0.04826368452030616,0.04713516161772935,16.406,15.85,16.675493454251338,16.135262970048238,0.0332189398126028,527138400.0,1.442767212557461,0.06344750140370574,0.05073746312684363,0.013475575519371175,1
2022-07-21 00:00:00+00:00,17.89,18.14,17.55,18.05,557049000,0.013475575519371175,0.013385587477320104,16.942,15.9345,17.133662302834228,16.317618877662692,0.03305509714401709,533134100.0,1.0448571944657077,0.03268698060941827,0.008943543879262165,-0.04044321329639888,0
2022-07-22 00:00:00+00:00,17.89,17.97,17.14,17.32,536671000,-0.04044321329639888,-0.041283781644601,17.253999999999998,15.989,17.195774868556153,16.41308374645672,0.03454425537631974,536783650.0,0.9997901389135082,0.04792147806004609,-0.03186137506987145,-0.01732101616628179,0
2022-07-25 00:00:00+00:00,17.02,17.12,16.65,17.02,480748000,-0.01732101616628179,-0.01747277998906105,17.438,15.983500000000001,17.137183245704104,16.470885294413222,0.03266619765858895,537213400.0,0.89489204848576,0.027614571092832104,0.0,-0.028789659224441766,0
2022-07-26 00:00:00+00:00,16.89,16.92,16.48,16.53,397865000,-0.028789659224441766,-0.02921221131229501,17.346,15.9665,16.934788830469405,16.476515266373866,0.03314665315872204,535708250.0,0.7426897009706309,0.026618269812462264,-0.02131438721136764,0.07622504537205077,1
2022-07-27 00:00:00+00:00,17.03,17.94,16.91,17.79,569776000,0.07622504537205077,0.07345958984481049,17.342000000000002,16.057,17.219859220312937,16.601609050528737,0.03462519129139466,541139600.0,1.0529186923300382,0.05789769533445763,0.04462712859659412,0.010680157391793177,1
2022-07-28 00:00:00+00:00,17.98,18.14,17.44,17.98,474646000,0.010680157391793177,0.010623527365730911,17.328,16.179000000000002,17.473239480208626,16.732884379049807,0.033736297718730324,540754300.0,0.8777479901685479,0.03893214682981086,0.0,0.010011123470522687,1
2022-07-29 00:00:00+00:00,17.81,18.24,17.69,18.16,435460000,0.010011123470522687,0.009961344129672867,17.496,16.329,17.702159653472417,16.868800152473636,0.03288283009209611,528223800.0,0.8243854214823338,0.030286343612334645,0.01965188096574966,0.01541850220264318,1
2022-08-01 00:00:00+00:00,18.18,18.85,17.99,18.44,476469000,0.01541850220264318,0.015300844955300708,17.78,16.525,17.948106435648278,17.018438233190434,0.03051499724448276,523166750.0,0.9107402181044572,0.046637744034707315,0.014301430143014387,0.0048806941431669415,1
2022-08-02 00:00:00+00:00,18.12,18.94,18.09,18.53,489527000,0.0048806941431669415,0.0048688221688202304,18.18,16.7035,18.142070957098852,17.162396496696108,0.03025378683050173,515073250.0,0.950402685443284,0.045871559633027595,0.022626931567328926,0.019427954668105762,1
2022-08-03 00:00:00+00:00,18.18,18.97,18.14,18.89,418146000,0.019427954668105762,0.01924164121615002,18.400000000000002,16.8915,18.391380638065904,17.32693016367743,0.030314125833305203,509527250.0,0.8206548324942385,0.04393859184753829,0.0390539053905391,0.01694017998941244,1
2022-08-04 00:00:00+00:00,18.85,19.27,18.76,19.21,409652000,0.01694017998941244,0.016798295267046903,18.646,17.058999999999997,18.664253758710604,17.506270148089104,0.029153716406544225,505364700.0,0.8106066767227708,0.026548672566371577,0.019098143236074238,-0.01145236855804277,0
2022-08-05 00:00:00+00:00,18.81,19.23,18.67,18.99,386068000,-0.01145236855804277,-0.01151845195627077,18.812,17.2165,18.772835839140402,17.647577753032998,0.02944326878853394,501269500.0,0.7701805116808423,0.029489204844655018,0.009569377990430608,-0.06319115323854652,0
2022-08-08 00:00:00+00:00,17.5,18.24,17.24,17.79,981859000,-0.06319115323854652,-0.06527602314645087,18.682,17.3485,18.445223892760268,17.661141776553666,0.03170853060455804,528496400.0,1.8578347931982129,0.056211354693648116,0.01657142857142852,-0.03934794828555366,0
2022-08-09 00:00:00+00:00,17.25,17.45,16.72,17.09,668263000,-0.03934794828555366,-0.04014300455024422,18.394,17.448999999999998,17.993482595173514,17.606747321643795,0.0334039027971569,538985400.0,1.2398536212669211,0.042715038033938,-0.009275362318840588,0.059098888238736214,1
2022-08-10 00:00:00+00:00,17.7,18.12,17.32,18.1,597422000,0.059098888238736214,0.05741844114428085,18.235999999999997,17.596,18.028988396782346,17.65372376720153,0.035304221416001896,542760600.0,1.1007099631034383,0.04419889502762434,0.022598870056497296,-0.008839779005524906,0
2022-08-11 00:00:00+00:00,18.13,18.71,17.88,17.94,509327000,-0.008839779005524906,-0.00887908164113016,17.982,17.7245,17.9993255978549,17.680988170325193,0.03550134342509863,545415200.0,0.9338335271917614,0.046265328874024625,-0.010479867622724641,0.04292084726867329,1
2022-08-12 00:00:00+00:00,18.16,18.72,17.95,18.71,478094000,0.04292084726867329,0.0420252836553483,17.926,17.872,18.236217065236602,17.778989296960887,0.03613429950264614,550023150.0,0.8692252317016111,0.0411544628540887,0.03028634361233484,0.017103153393907,1
2022-08-15 00:00:00+00:00,18.7,19.16,18.61,19.03,457666000,0.017103153393907,0.016958541022059848,18.174,18.0185,18.5008113768244,17.8981331734408,0.03606599998984692,539380600.0,0.8485028938749373,0.028901734104046277,0.017647058823529512,-0.0078822911192854,0
2022-08-16 00:00:00+00:00,18.92,19.14,18.5,18.88,451240000,-0.0078822911192854,-0.007913520590703715,18.532,18.113,18.627207584549602,17.991644299779775,0.03458278473388194,526824300.0,0.8565284479094833,0.0338983050847458,-0.0021141649048627216,-0.028601694915254217,0
2022-08-17 00:00:00+00:00,18.52,18.69,18.14,18.34,446799000,-0.028601694915254217,-0.029018693889035774,18.580000000000002,18.139499999999998,18.53147172303307,18.02482103313408,0.03391712732897674,511137350.0,0.8741270814977619,0.0299890948745911,-0.009719222462203008,0.023446019629225656,1
2022-08-18 00:00:00+00:00,18.3,18.86,18.18,18.77,415447000,0.023446019629225656,0.02317538377009898,18.746000000000002,18.175500000000003,18.610981148688715,18.09579045854988,0.03416791623234316,504057250.0,0.8242059805706594,0.03622802344166221,0.025683060109289554,-0.04901438465636643,0
2022-08-19 00:00:00+00:00,18.41,18.52,17.77,17.85,441588000,-0.04901438465636643,-0.050256342372769325,18.574,18.201999999999998,18.35732076579248,18.072381843449893,0.03481825209182798,499303100.0,0.884408688830492,0.04201680672268907,-0.030418250950570273,-0.045938375350140115,0
2022-08-22 00:00:00+00:00,17.49,17.56,16.97,17.03,409593000,-0.045938375350140115,-0.04702701355105132,18.174,18.2025,17.91488051052832,17.97310738216895,0.03626333034497341,495745350.0,0.8262165242699705,0.03464474456840868,-0.026300743281875205,0.008807985907222537,1
2022-08-23 00:00:00+00:00,16.99,17.46,16.97,17.18,369986000,0.008807985907222537,0.008769421881512418,17.834,18.235000000000003,17.669920340352213,17.897573345771907,0.035640560676112404,494351400.0,0.7484271309841541,0.028521536670547264,0.011183048852266115,0.002328288707799775,1
2022-08-24 00:00:00+00:00,17.01,17.41,16.89,17.22,522661000,0.002328288707799775,0.002325582443475138,17.61,18.2065,17.519946893568143,17.833042550936486,0.031426767982485344,491995650.0,1.0623284982296084,0.03019744483159115,0.012345679012345519,0.04006968641114983,1
2022-08-25 00:00:00+00:00,16.84,17.95,16.83,17.91,770691000,0.04006968641114983,0.03928771707303591,17.438,18.203,17.649964595712095,17.84037183179968,0.032644917153061385,506797900.0,1.5207067748307561,0.06253489670575103,0.0635391923990499,-0.09212730318257945,0
2022-08-26 00:00:00+00:00,17.86,17.92,16.24,16.26,769127000,-0.09212730318257945,-0.09665111195295584,17.119999999999997,18.108,17.186643063808063,17.68986022877114,0.03898746927762069,523481250.0,1.469254151891782,0.1033210332103323,-0.08958566629339294,-0.02829028290282909,0
2022-08-29 00:00:00+00:00,16.02,16.34,15.77,15.8,496132000,-0.02829028290282909,-0.02869816408674364,16.874000000000002,17.976000000000003,16.724428709205377,17.509873540316747,0.03899180625541011,524464400.0,0.9459784114994269,0.036075949367088626,-0.013732833957552988,-0.02088607594936709,0
2022-08-30 00:00:00+00:00,15.96,16.04,15.18,15.47,530181000,-0.02088607594936709,-0.021107275447945995,16.532000000000004,17.823,16.30628580613692,17.31559986981039,0.03898283651301157,526497100.0,1.0069969996036066,0.0555914673561732,-0.030701754385964924,-0.024563671622495176,0
2022-08-31 00:00:00+00:00,15.38,15.54,14.96,15.09,573710000,-0.024563671622495176,-0.02487039180521755,16.106,17.633000000000003,15.900857204091281,17.103637977447498,0.03854484773369047,534275300.0,1.0738097007291934,0.038436050364479675,-0.01885565669700916,-0.07620941020543404,0
2022-09-01 00:00:00+00:00,14.21,14.38,13.27,13.94,1178865000,-0.07620941020543404,-0.07926986744737974,15.312000000000001,17.369500000000002,15.247238136060854,16.802339122452498,0.04078878854934415,572735950.0,2.05830452933852,0.07962697274031573,-0.01900070372976786,-0.020803443328550886,0
2022-09-02 00:00:00+00:00,14.1,14.17,13.59,13.65,743157000,-0.020803443328550886,-0.021022883701408812,14.790000000000001,17.1025,14.71482542404057,16.502116348885593,0.04078878399281589,590590400.0,1.2583289535353097,0.04249084249084249,-0.031914893617021226,-0.01391941391941387,0
2022-09-06 00:00:00+00:00,13.73,13.78,13.35,13.46,535751000,-0.01391941391941387,-0.014017197414387006,14.322,16.886000000000003,14.296550282693714,16.21239098232506,0.039140334829415965,568285000.0,0.9427505564989398,0.03194650817236253,-0.019664967225054595,0.01857355126300142,1
2022-09-07 00:00:00+00:00,13.56,13.84,13.35,13.71,512657000,0.01857355126300142,0.018403169357641413,13.970000000000002,16.717000000000002,14.101033521795811,15.974068031627437,0.03926704745353227,560504700.0,0.914634614125448,0.035740335521517154,0.011061946902654893,0.020423048869438354,1
2022-09-08 00:00:00+00:00,13.46,14.01,13.37,13.99,624873000,0.020423048869438354,0.0202172951031665,13.75,16.5115,14.064022347863876,15.785109171472442,0.036648393692704916,561877250.0,1.11211656994477,0.04574696211579704,0.0393759286775631,0.028591851322373074,1
2022-09-09 00:00:00+00:00,14.16,14.47,14.13,14.39,486612000,0.028591851322373074,0.028190732221886616,13.84,16.334,14.172681565242586,15.65224163133221,0.03778120197128855,560741500.0,0.8678009385786499,0.02362751911049339,0.016242937853107375,0.008339124391938846,1
2022-09-12 00:00:00+00:00,14.37,14.55,14.2,14.51,484159000,0.008339124391938846,0.008304545996820067,14.012,16.124000000000002,14.285121043495058,15.543456714062476,0.03599957003441479,561044750.0,0.8629596836972452,0.02412129565816688,0.009742519137091203,-0.09510682288077177,0
2022-09-13 00:00:00+00:00,13.8,13.92,13.1,13.13,714956000,-0.09510682288077177,-0.09993837858139143,13.946000000000002,15.828999999999999,13.900080695663373,15.313603693675573,0.04017625665133806,573909250.0,1.24576490098391,0.06245239908606247,-0.048550724637681154,0.0,0
2022-09-14 00:00:00+00:00,13.25,13.29,12.91,13.13,588507000,0.0,0.0,13.830000000000002,15.5415,13.64338713044225,15.105641437135041,0.040325275846470214,580772600.0,1.0133174326750263,0.028941355674028862,-0.009056603773584847,-0.01523229246001534,0
2022-09-15 00:00:00+00:00,13.02,13.23,12.79,12.93,523625000,-0.01523229246001534,-0.015349495530939006,13.618,15.271,13.405591420294833,14.898437490741228,0.040247314176154465,584613900.0,0.8956766166524607,0.03402938901778819,-0.006912442396313353,0.02088167053364276,1
2022-09-16 00:00:00+00:00,12.74,13.21,12.62,13.2,670751000,0.02088167053364276,0.02066663680855907,13.38,14.992499999999998,13.337060946863222,14.736681539242063,0.04011764747406317,597379100.0,1.1228230113842281,0.044696969696969825,0.0361067503924646,0.013636363636363669,1
2022-09-19 00:00:00+00:00,13.01,13.46,13.01,13.38,569685000,0.013636363636363669,0.013544225107757324,13.154000000000002,14.769,13.351373964575483,14.607473773599962,0.03992055403484093,603783950.0,0.9435245835865627,0.03363228699551577,0.028439661798616525,-0.014947683109118204,0
2022-09-20 00:00:00+00:00,13.21,13.48,13.06,13.18,524818000,-0.014947683109118204,-0.015060525625721244,13.163999999999998,14.5765,13.294249309716989,14.471523890399965,0.03917904821163442,609545200.0,0.8609993155552698,0.031866464339908945,-0.002271006813020525,0.006069802731411222,1
2022-09-21 00:00:00+00:00,13.21,14.03,13.11,13.26,807679000,0.006069802731411222,0.0060514556833553,13.190000000000001,14.380500000000001,13.28283287314466,14.356140662742826,0.03910488703082001,631429850.0,1.2791270479214754,0.06938159879336349,0.003785011355033984,-0.05279034690799389,0
2022-09-22 00:00:00+00:00,13.07,13.15,12.43,12.56,759162000,-0.05279034690799389,-0.05423482371766397,13.116,14.147500000000003,13.04188858209644,14.18507964724351,0.03997751025614343,643254900.0,1.1801884447362936,0.05732484076433126,-0.03902065799540932,-0.0031847133757962887,0
2022-09-23 00:00:00+00:00,12.42,12.61,12.26,12.52,663309000,-0.0031847133757962887,-0.0031897953681001567,12.98,13.878,12.86792572139763,14.02650063322032,0.03797635136446451,637885800.0,1.0398554098554944,0.02795527156549518,0.008051529790660197,-0.02316293929712454,0
2022-09-26 00:00:00+00:00,12.49,12.66,12.21,12.23,547343000,-0.02316293929712454,-0.023435415972871354,12.75,13.676499999999999,12.655283814265086,13.855405334818384,0.03321617510252196,626796600.0,0.8732386231833421,0.03679476696647582,-0.02081665332265811,0.014717906786590351,1
2022-09-27 00:00:00+00:00,12.51,12.74,12.26,12.41,553854000,0.014717906786590351,0.014610649517434737,12.596,13.507,12.573522542843392,13.7177476838833,0.03363314487173108,629682700.0,0.8795763326513496,0.03867848509266724,-0.007993605115907246,0.02659145850120881,1
2022-09-28 00:00:00+00:00,12.41,12.82,12.35,12.74,542414000,0.02659145850120881,0.026244050927501483,12.492,13.370499999999998,12.629015028562263,13.624628856846794,0.03461614717818587,630294350.0,0.8605725245672915,0.03689167974882265,0.02659145850120871,-0.04081632653061218,0
2022-09-29 00:00:00+00:00,12.45,12.5,11.95,12.22,532763000,-0.04081632653061218,-0.04167269640056803,12.424000000000001,13.227,12.492676685708176,13.490854680004242,0.03520242947594758,628247000.0,0.8480151914772375,0.0450081833060557,-0.01847389558232921,-0.006546644844517169,0
2022-09-30 00:00:00+00:00,12.09,12.63,12.07,12.14,565638000,-0.006546644844517169,-0.006568168112096817,12.348000000000003,13.137,12.37511779047212,13.36220185333717,0.03126614505076104,597585650.0,0.9465387932257074,0.046128500823723266,0.0041356492969396785,0.030477759472817167,1
2022-10-03 00:00:00+00:00,12.35,12.68,12.11,12.51,547478000,0.030477759472817167,0.030022538847467306,12.404,13.080000000000002,12.420078526981413,13.281039772066965,0.032125339153824074,587801700.0,0.9313991436227558,0.045563549160671485,0.012955465587044546,0.052757793764988126,1
2022-10-04 00:00:00+00:00,12.88,13.22,12.88,13.17,584182000,0.052757793764988126,0.05141319127637001,12.556000000000001,13.0655,12.670052351320944,13.270464555679634,0.034345086814531876,590223250.0,0.9897644662422228,0.025816249050873187,0.02251552795031049,0.0030372057706911093,1
2022-10-05 00:00:00+00:00,12.91,13.32,12.62,13.21,507131000,0.0030372057706911093,0.003032602779044158,12.65,13.0405,12.85003490088063,13.26470602656729,0.0340567203062617,589946950.0,0.8596213608698205,0.052990158970476986,0.023237800154918723,-0.006056018168054456,0
2022-10-06 00:00:00+00:00,13.22,13.66,13.1,13.13,644157000,-0.006056018168054456,-0.006074430219528804,12.832000000000003,12.997499999999999,12.943356600587087,13.251876881179928,0.03366496173811785,590911150.0,1.0901080475465728,0.042650418888042683,-0.00680786686838123,-0.07996953541508,0
2022-10-07 00:00:00+00:00,12.51,12.67,12.02,12.08,672478000,-0.07996953541508,-0.08334849580803638,12.820000000000002,12.882,12.655571067058059,13.140269559162792,0.03724444733231529,600204450.0,1.1204148852945026,0.05380794701986758,-0.03437250199840126,-0.03394039735099341,0
2022-10-10 00:00:00+00:00,12.04,12.12,11.41,11.67,698699000,-0.03394039735099341,-0.03452974620820415,12.652,12.74,12.327047378038706,13.000243886861576,0.03744322222817995,610931450.0,1.1436618625543014,0.06083976006855176,-0.030730897009966715,-0.006855184233076295,0
2022-10-11 00:00:00+00:00,11.56,11.85,11.28,11.59,667482000,-0.006855184233076295,-0.006878788946804271,12.336000000000002,12.663,12.081364918692472,12.865934945255711,0.031027601736907374,608557750.0,1.0968260612899927,0.049180327868852486,0.0025951557093425053,-0.007765314926660882,0
2022-10-12 00:00:00+00:00,11.58,11.73,11.35,11.5,492590000,-0.007765314926660882,-0.00779562198245598,11.994,12.5815,11.88757661246165,12.735845902850405,0.030994062752339444,603761900.0,0.8158679770949442,0.03304347826086963,-0.0069084628670120956,0.040000000000000036,1
2022-10-13 00:00:00+00:00,10.97,12.08,10.81,11.96,850103000,0.040000000000000036,0.03922071315328157,11.760000000000002,12.533000000000001,11.911717741641102,12.661955816864651,0.032548838712178806,620085800.0,1.3709441499869857,0.10618729096989962,0.09024612579762992,-0.06103678929765888,0
2022-10-14 00:00:00+00:00,12.06,12.11,11.2,11.23,713432000,-0.06103678929765888,-0.06297897977213385,11.59,12.4345,11.684478494427402,12.525579072401351,0.034539249011241564,622219850.0,1.1465915142372909,0.08103294746215495,-0.06882255389718077,0.05877114870881561,1
2022-10-17 00:00:00+00:00,11.52,11.95,11.52,11.89,580774000,0.05877114870881561,0.05710894195233829,11.634,12.360000000000001,11.752985662951602,12.465047732172652,0.03724276954402723,622774300.0,0.9325593557730305,0.03616484440706474,0.03211805555555564,0.006728343145500526,1
2022-10-18 00:00:00+00:00,12.34,12.49,11.62,11.97,659362000,0.006728343145500526,0.006705808867191632,11.709999999999999,12.2995,11.825323775301069,12.41790032910859,0.03727909967651428,629501500.0,1.0474351530536463,0.07268170426065171,-0.02998379254457044,0.006683375104427736,1
2022-10-19 00:00:00+00:00,11.88,12.35,11.83,12.05,523131000,0.006683375104427736,0.0066611403667820035,11.82,12.239,11.900215850200713,12.38286220252682,0.037288701090729334,615274100.0,0.8502405675779299,0.04315352697095432,0.014309764309764304,0.011618257261410747,1
2022-10-20 00:00:00+00:00,12.11,12.77,12.11,12.19,652398000,0.011618257261410747,0.011551283556516356,11.866,12.2205,11.996810566800475,12.364494373714741,0.035558411889371394,609935900.0,1.0696173155244675,0.05414273995077934,0.006606110652353433,0.022969647251845915,1
2022-10-21 00:00:00+00:00,12.1,12.5,11.89,12.47,609494000,0.022969647251845915,0.022709816198764887,12.114,12.218,12.154540377866983,12.374542528599052,0.03596275626189671,607245150.0,1.0037033642837658,0.04891740176423411,0.030578512396694298,0.010425020048115297,1
2022-10-24 00:00:00+00:00,12.51,12.71,12.06,12.6,517457000,0.010425020048115297,0.010371054265486901,12.256,12.236500000000001,12.30302691857799,12.396014668732475,0.035605884427705584,605750850.0,0.8542406502607467,0.05158730158730162,0.007194244604316536,0.05238095238095242,1
2022-10-25 00:00:00+00:00,12.69,13.3,12.66,13.26,505482000,0.05238095238095242,0.05105517080028443,12.514000000000001,12.279,12.62201794571866,12.47829898599605,0.03720917256769097,603332250.0,0.8378169739807544,0.048265460030165956,0.04491725768321515,-0.02714932126696823,0
2022-10-26 00:00:00+00:00,12.87,13.39,12.71,12.9,532953000,-0.02714932126696823,-0.027524673390090015,12.684000000000001,12.287,12.714678630479106,12.51846098732976,0.037407039926658725,602859200.0,0.8840422440264659,0.05271317829457362,0.0023310023310024195,0.021705426356589008,1
2022-10-27 00:00:00+00:00,13.63,13.84,13.12,13.18,583113000,0.021705426356589008,0.021473217706734715,12.882,12.334999999999999,12.869785753652739,12.581464702822164,0.03629756475753384,605376700.0,0.963223394623546,0.05462822458270111,-0.033015407190022085,0.04931714719271629,1
2022-10-28 00:00:00+00:00,13.1,13.85,13.06,13.83,521040000,0.04931714719271629,0.04813961660230559,13.154000000000002,12.419500000000001,13.189857169101826,12.70037282636291,0.037517469241801646,603146800.0,0.863869293511961,0.05712219812002886,0.05572519083969469,-0.02386117136659438,0
2022-10-31 00:00:00+00:00,13.78,13.84,13.3,13.5,486341000,-0.02386117136659438,-0.024150460232283066,13.334,12.469,13.293238112734551,12.776527795280728,0.03768628536223982,600089950.0,0.8104468338454927,0.03999999999999994,-0.020319303338171217,0.002962962962962834,1
2022-11-01 00:00:00+00:00,13.81,13.93,13.52,13.54,432817000,0.002962962962962834,0.0029585820397453055,13.389999999999997,12.4875,13.37549207515637,12.84923943382542,0.03598387606369688,592521700.0,0.7304660740695236,0.03028064992614477,-0.019551049963794448,-0.023633677991137247,0
2022-11-02 00:00:00+00:00,13.85,14.21,13.21,13.22,672628000,-0.023633677991137247,-0.02391743306058869,13.453999999999999,12.488,13.32366138343758,12.884549963937285,0.03642089401269575,600796550.0,1.119560356996058,0.075642965204236,-0.04548736462093856,0.015128593040847127,1
2022-11-03 00:00:00+00:00,13.04,13.78,12.96,13.42,500065000,0.015128593040847127,0.015015297119995274,13.501999999999999,12.502500000000001,13.355774255625054,12.935545205467069,0.036539722159924785,593591950.0,0.8424389852321953,0.06110283159463476,0.02914110429447859,0.055141579731743606,1
2022-11-04 00:00:00+00:00,13.99,14.23,13.7,14.16,612576000,0.055141579731743606,0.053674956722038036,13.568000000000001,12.6065,13.623849503750037,13.052159947803538,0.032495979513084326,590596850.0,1.0372151493865909,0.037429378531073525,0.012151536812008572,0.009887005649717562,1
2022-11-07 00:00:00+00:00,14.23,14.41,13.95,14.3,410061000,0.009887005649717562,0.009838449000287852,13.728,12.738,13.849233002500025,13.171001857536535,0.030920077635931055,576164950.0,0.7117076455275525,0.03216783216783223,0.004919184820801144,0.020979020979020824,1
2022-11-08 00:00:00+00:00,14.8,14.89,14.22,14.6,595292000,0.020979020979020824,0.020761991448429384,13.940000000000001,12.888499999999999,14.09948866833335,13.307096918723532,0.03073550046656792,572555450.0,1.0397106516058838,0.04589041095890411,-0.013513513513513585,-0.05616438356164388,0
2022-11-09 00:00:00+00:00,14.16,14.21,13.76,13.78,454414000,-0.05616438356164388,-0.05780326312877859,14.052000000000001,13.002500000000001,13.992992445555569,13.352135307416528,0.034227356604119026,570646650.0,0.7963141464161754,0.032656023222061036,-0.02683615819209045,0.14296081277213357,1
2022-11-10 00:00:00+00:00,14.8,15.77,14.55,15.75,700819000,0.14296081277213357,0.13362209968612992,14.518,13.191999999999998,14.57866163037038,13.580503373376859,0.04378313630280184,563182450.0,1.2443906943478087,0.07746031746031738,0.06418918918918914,0.03682539682539665,1
2022-11-11 00:00:00+00:00,15.81,16.39,15.48,16.33,655487000,0.03682539682539665,0.03616354171073155,14.952000000000002,13.447,15.162441086913589,13.842360194960015,0.04009407569529505,560285200.0,1.169916678148914,0.05572565829761177,0.0328905755850726,-0.0018371096142068,0
2022-11-14 00:00:00+00:00,16.22,16.54,15.92,16.3,527852000,-0.0018371096142068,-0.0018387991696569017,15.351999999999999,13.6675,15.541627391275727,14.076421128773347,0.039282019455610426,557639100.0,0.9465835519783315,0.03803680981595087,0.004932182490752272,0.022699386503067576,1
2022-11-15 00:00:00+00:00,16.72,17.0,16.38,16.67,545876000,0.022699386503067576,0.02244558894998594,15.766,13.9025,15.91775159418382,14.323428640318744,0.03924844938889709,551964800.0,0.9889688617824904,0.037192561487702516,-0.0029904306220094,-0.045590881823635354,0
2022-11-16 00:00:00+00:00,16.16,16.36,15.87,15.91,649547000,-0.045590881823635354,-0.04666285441300744,16.192,14.095499999999998,15.91516772945588,14.474530674574101,0.041691462307874315,558285600.0,1.1634672289595147,0.030798240100565696,-0.01547029702970297,-0.014456316781898182,0
2022-11-17 00:00:00+00:00,15.71,16.27,15.54,15.68,710894000,-0.014456316781898182,-0.014561827427433727,16.178,14.27,15.836778486303922,14.589337276995614,0.042174787887815264,561210400.0,1.2667156560177788,0.04655612244897962,-0.0019096117122852408,-0.01721938775510201,0
2022-11-18 00:00:00+00:00,15.97,16.0,15.12,15.41,492072000,-0.01721938775510201,-0.017369365590237162,15.994,14.417000000000002,15.694518990869282,14.66749563156746,0.042618415743374695,555339300.0,0.8860745133650725,0.05710577547047377,-0.03506574827802132,-0.005840363400389403,0
2022-11-21 00:00:00+00:00,15.15,15.48,15.08,15.32,404739000,-0.005840363400389403,-0.005857485019579389,15.798000000000002,14.553,15.569679327246188,14.72963890475151,0.042776890176773746,549703400.0,0.7362861499492271,0.026109660574412556,0.011221122112211216,0.04699738903394257,1
2022-11-22 00:00:00+00:00,15.33,16.06,15.12,16.04,472866000,0.04699738903394257,0.04592643812592323,15.672,14.691999999999998,15.726452884830792,14.85443519953708,0.04253105602383707,548072600.0,0.862779857996915,0.05860349127182042,0.04631441617742982,0.029925187032419087,1
2022-11-23 00:00:00+00:00,16.1,16.53,16.05,16.52,427241000,0.029925187032419087,0.029486165654463825,15.794,14.873000000000001,15.990968589887196,15.013060418628786,0.04182238786674945,542787000.0,0.7871245995206223,0.02905569007263925,0.026086956521739015,-0.015133171912832921,0
2022-11-25 00:00:00+00:00,16.32,16.49,16.17,16.27,167934000,-0.015133171912832921,-0.015248846861885657,15.912,15.0275,16.083979059924797,15.132768950187948,0.042205906965197014,522028050.0,0.3216953571747725,0.019668100799016396,-0.0030637254901961218,-0.02704363859864778,0
2022-11-28 00:00:00+00:00,16.03,16.36,15.72,15.83,303741000,-0.02704363859864778,-0.027416047338025606,15.996,15.127500000000001,15.9993193732832,15.199171907312907,0.04204357926303954,511163100.0,0.594215427522057,0.040429564118761765,-0.01247660636306931,-0.012002526847757378,0
2022-11-29 00:00:00+00:00,15.83,15.93,15.52,15.64,298384000,-0.012002526847757378,-0.012075138775755612,16.06,15.2345,15.879546248855467,15.241155535187868,0.04166139494669259,501765250.0,0.5946685227803241,0.0262148337595908,-0.012002526847757392,0.08184143222506401,1
2022-11-30 00:00:00+00:00,15.7,16.93,15.6,16.92,565298000,0.08184143222506401,0.07866461906091216,16.236,15.4035,16.226364165903647,15.401045484217596,0.044577909023612486,508389300.0,1.1119392166593594,0.07860520094562648,0.07770700636942691,0.013002364066193817,1
2022-12-01 00:00:00+00:00,17.0,17.27,16.64,17.14,470977000,0.013002364066193817,0.01291855899155614,16.360000000000003,15.5995,16.530909443935766,15.566660200006396,0.04380742997368673,498306750.0,0.9451547666171489,0.03675612602100344,0.008235294117647092,-0.015169194865811031,0
2022-12-02 00:00:00+00:00,16.66,16.93,16.45,16.88,371389000,-0.015169194865811031,-0.015285424001822534,16.482,15.772500000000003,16.647272962623845,15.691740180958169,0.04425516165932373,491872950.0,0.755050669080298,0.028436018957345998,0.013205282112845069,-0.015995260663507094,0
2022-12-05 00:00:00+00:00,16.68,17.0,16.47,16.61,352255000,-0.015995260663507094,-0.01612456554260744,16.637999999999998,15.895,16.63484864174923,15.77919349705739,0.04349734062260207,478856900.0,0.7356164231944867,0.031908488862131316,-0.004196642685851336,-0.03732691149909684,0
2022-12-06 00:00:00+00:00,16.53,16.57,15.82,15.99,352694000,-0.03732691149909684,-0.03804139677934071,16.708,15.979499999999998,16.41989909449949,15.799270306861448,0.04469084913675911,475988550.0,0.7409716053043713,0.04690431519699812,-0.03266787658802183,0.008130081300813163,1
2022-12-07 00:00:00+00:00,15.77,16.19,15.67,16.12,372388000,0.008130081300813163,0.008097210232619556,16.548000000000002,16.055500000000002,16.319932729666327,15.829815991922263,0.044554002291782725,464843350.0,0.8011042859922596,0.032258064516129115,0.02219403931515545,0.06513647642679898,1
2022-12-08 00:00:00+00:00,16.27,17.18,15.96,17.17,515456000,0.06513647642679898,0.0631029378309016,16.554,16.225,16.60328848644422,15.957452564120144,0.0437868797365515,467895450.0,1.1016478146987752,0.07105416423995334,0.0553165334972343,-0.00990099009901002,0
2022-12-09 00:00:00+00:00,17.16,17.58,16.98,17.0,465338000,-0.00990099009901002,-0.009950330853167877,16.578,16.2875,16.73552565762948,16.056742796108704,0.03308667009654106,456121400.0,1.020206462577726,0.0352941176470587,-0.009324009324009333,0.03176470588235292,1
2022-12-12 00:00:00+00:00,17.04,17.54,16.8,17.54,457328000,0.03176470588235292,0.03127064288782089,16.764,16.348000000000003,17.00368377175299,16.198005386955494,0.03285218080070221,446213450.0,1.0249085947543715,0.042189281641961146,0.029342723004694836,0.030216647662485885,1
2022-12-13 00:00:00+00:00,18.53,18.79,17.71,18.07,656589000,0.030216647662485885,0.029769117660100264,17.18,16.436500000000002,17.359122514501994,16.376290588197826,0.03333481063803231,452650300.0,1.4505436094928028,0.05976757055893737,-0.024824608742579645,-0.022136137244050835,0
2022-12-14 00:00:00+00:00,17.99,18.25,17.42,17.67,496888000,-0.022136137244050835,-0.022384818272532137,17.490000000000002,16.4865,17.46274834300133,16.49950100836946,0.033616973663833774,450200900.0,1.1037028135661213,0.04697226938313516,-0.017787659811005933,-0.04074702886247894,0
2022-12-15 00:00:00+00:00,17.15,17.32,16.7,16.95,478542000,-0.04074702886247894,-0.0416004525051461,17.446,16.538500000000003,17.291832228667555,16.542405674239035,0.03324100146199794,441650650.0,1.0835306140724574,0.03657817109144549,-0.011661807580174887,-0.022418879056047114,0
2022-12-16 00:00:00+00:00,16.86,17.04,16.41,16.57,478232000,-0.022418879056047114,-0.022674002387987446,17.36,16.583000000000002,17.05122148577837,16.54503370526389,0.03351704897495808,430017550.0,1.112122051762771,0.03802051901025944,-0.017200474495848113,-0.01931200965600488,0
2022-12-19 00:00:00+00:00,16.57,16.61,16.14,16.25,354039000,-0.01931200965600488,-0.019500922662725184,17.101999999999997,16.625,16.78414765718558,16.51693525714352,0.03358774108752745,423115900.0,0.836742367753138,0.028923076923076853,-0.019312009656004846,-0.009846153846153838,0
2022-12-20 00:00:00+00:00,16.06,16.31,15.85,16.09,403260000,-0.009846153846153838,-0.00989494777145472,16.706,16.6635,16.55276510479039,16.476274756463184,0.033653657675078226,423041950.0,0.9532387981853809,0.028589185829707837,0.0018679950186800212,0.025481665630826544,1
2022-12-21 00:00:00+00:00,16.11,16.63,16.1,16.5,325025000,0.025481665630826544,0.025162419902243105,16.472,16.686500000000002,16.535176736526928,16.47853430346669,0.03254388252312176,415649900.0,0.7819681900561025,0.032121212121211974,0.024208566108007486,-0.07030303030303031,0
2022-12-22 00:00:00+00:00,16.09,16.14,14.88,15.34,565045000,-0.07030303030303031,-0.0728965849674248,16.15,16.6275,16.136784491017956,16.370102465041292,0.035786525850734954,422540100.0,1.3372576945951402,0.08213820078226856,-0.04661280298321939,-0.008474576271186418,0
2022-12-23 00:00:00+00:00,15.2,15.34,14.88,15.21,349326000,-0.008474576271186418,-0.008510689667908355,15.878,16.5745,15.827856327345305,16.25961651598974,0.03570375382247247,431609700.0,0.8093562308724758,0.03024326101249172,0.0006578947368422081,-0.07166337935568712,0
2022-12-27 00:00:00+00:00,15.07,15.1,14.06,14.12,464902000,-0.07166337935568712,-0.07436087420610571,15.452000000000002,16.489,15.25857088489687,16.055843514466908,0.03877861958125648,439667750.0,1.0573939071037164,0.07365439093484413,-0.06303915063039157,-0.005665722379603388,0
2022-12-28 00:00:00+00:00,13.93,14.26,13.88,14.04,351066000,-0.005665722379603388,-0.005681833467431119,15.041999999999998,16.409,14.852380589931247,15.863858417851011,0.03874977811415567,442301850.0,0.7937249188534934,0.027065527065526996,0.007896625987078208,0.03988603988603989,1
2022-12-29 00:00:00+00:00,14.4,14.68,14.23,14.6,354923000,0.03988603988603989,0.039111130116626036,14.662,16.293,14.76825372662083,15.743490949484249,0.03506822562224425,431783100.0,0.8219937278693863,0.03082191780821913,0.01388888888888884,0.00068493150684934,1
2022-12-30 00:00:00+00:00,14.33,14.63,14.23,14.61,310490000,0.00068493150684934,0.0006846970483169734,14.516,16.166500000000003,14.715502484413888,15.63553943048575,0.03480132039751892,423758750.0,0.7327046344175784,0.02737850787132104,0.01953942777390086,-0.02053388090349073,0
2023-01-03 00:00:00+00:00,14.85,15.0,14.1,14.31,401277000,-0.02053388090349073,-0.020747632194248133,14.336000000000002,16.038,14.580334989609259,15.509297579963297,0.03488296084243663,425253150.0,0.943619112521565,0.06289308176100632,-0.036363636363636306,0.030747728860936352,1
2023-01-04 00:00:00+00:00,14.57,14.85,14.24,14.75,431324000,0.030747728860936352,0.03028448921746918,14.462,15.945000000000002,14.63688999307284,15.436983524728698,0.03586201579040063,429206600.0,1.0049332885375015,0.04135593220338979,0.012354152367879184,-0.032542372881355974,0
2023-01-05 00:00:00+00:00,14.49,14.56,14.15,14.27,389168000,-0.032542372881355974,-0.033083651297083794,14.508,15.859,14.514593328715227,15.325842236659298,0.03564490781131591,431030300.0,0.9028785215331729,0.028731604765241777,-0.015182884748102183,0.041345480028030845,1
2023-01-06 00:00:00+00:00,14.47,15.01,14.03,14.86,405044000,0.041345480028030845,0.0405136078008681,14.559999999999999,15.796000000000001,14.629728885810152,15.281476309358412,0.03701549316206895,432663100.0,0.936164882098797,0.06594885598923288,0.02695231513476149,0.05181695827725452,1
2023-01-09 00:00:00+00:00,15.28,16.06,15.14,15.63,504231000,0.05181695827725452,0.05051910514377189,14.764000000000001,15.719,14.963152590540101,15.31466904180047,0.035903857444714825,432101850.0,1.166926269813471,0.058861164427383116,0.02290575916230376,0.01791426743442104,1
2023-01-10 00:00:00+00:00,15.51,15.96,15.47,15.91,384101000,0.01791426743442104,0.017755697916310265,15.084,15.664499999999999,15.278768393693401,15.371367228295663,0.03622363645640107,428040000.0,0.8973483786562003,0.030798240100565696,0.0257898130238556,0.0056568196103079504,1
2023-01-11 00:00:00+00:00,15.84,16.03,15.56,16.0,353285000,0.0056568196103079504,0.00564087989008577,15.334,15.5875,15.519178929128934,15.431237016077029,0.035379275970522185,422837850.0,0.8355094039003368,0.02937500000000004,0.01010101010101011,0.0318750000000001,1
2023-01-12 00:00:00+00:00,16.1,16.64,15.49,16.51,551409000,0.0318750000000001,0.03137753569225543,15.782,15.5095,15.84945261941929,15.533976347879216,0.035463228416933626,417578850.0,1.320490728876714,0.06965475469412478,0.025465838509316777,0.023622047244094224,1
2023-01-13 00:00:00+00:00,16.28,16.92,16.16,16.9,447287000,0.023622047244094224,0.023347363996991,16.19,15.471,16.19963507961286,15.664073838557385,0.03572373526905173,415098800.0,1.0775434667602026,0.04497041420118353,0.03808353808353793,0.047337278106508895,1
2023-01-17 00:00:00+00:00,16.9,17.73,16.9,17.7,511102000,0.047337278106508895,0.04625101765075579,16.604000000000003,15.508499999999998,16.69975671974191,15.857971568218586,0.03602747795748873,416726800.0,1.226467796167657,0.04689265536723174,0.04733727810650892,-0.01807909604519775,0
2023-01-18 00:00:00+00:00,17.67,17.87,17.28,17.38,439624000,-0.01807909604519775,-0.0182445197425376,16.898000000000003,15.548999999999998,16.92650447982794,16.002926656959673,0.03588006120331625,414796400.0,1.0598549071303416,0.0339470655926352,-0.016411997736276326,-0.03509781357882624,0
2023-01-19 00:00:00+00:00,17.04,17.2,16.73,16.77,452932000,-0.03509781357882624,-0.03572854400212844,17.052,15.575,16.874336319885295,16.07598126105875,0.036577762548349546,419741050.0,1.0790748248235429,0.028026237328562843,-0.015845070422535187,0.06380441264162195,1
2023-01-20 00:00:00+00:00,17.01,17.86,16.82,17.84,564967000,0.06380441264162195,0.06185155131674591,17.318,15.6625,17.196224213256865,16.243983045719823,0.038841822306291886,427826400.0,1.3205519808969246,0.05829596412556049,0.04879482657260425,0.0756726457399104,1
2023-01-23 00:00:00+00:00,18.06,19.25,17.82,19.19,655163000,0.0756726457399104,0.07294618286774535,17.776,15.797,17.860816142171245,16.524556088984603,0.041514452528591685,444333300.0,1.4744854819569004,0.07451797811360081,0.06256921373200458,0.004168837936425085,1
2023-01-24 00:00:00+00:00,18.83,19.5,18.82,19.27,496204000,0.004168837936425085,0.00416017240666644,18.09,15.993499999999997,18.33054409478083,16.786026937652736,0.03698383245149255,440891250.0,1.1254566744066705,0.035288012454592614,0.02336696760488589,0.002594706798131785,1
2023-01-25 00:00:00+00:00,18.91,19.37,18.58,19.32,449537000,0.002594706798131785,0.002591346358097102,18.478,16.199,18.660362729853887,17.027357705495334,0.03675177927629009,445901800.0,1.0081524676509492,0.04089026915113886,0.021681649920676897,0.024844720496894457,1
2023-01-26 00:00:00+00:00,19.7,20.17,19.28,19.8,489535000,0.024844720496894457,0.024541108916117604,19.084,16.482999999999997,19.04024181990259,17.291418876400538,0.030677614512048184,447133450.0,1.094829742664075,0.044949494949494975,0.005076142131979768,0.028282828282828243,1
2023-01-27 00:00:00+00:00,19.46,20.63,19.41,20.36,542142000,0.028282828282828243,0.027890253981832203,19.588,16.799,19.480161213268396,17.583664697695724,0.030292778084407893,456687250.0,1.1871187557787086,0.05992141453831036,0.04624871531346344,-0.058939096267190516,0
2023-01-30 00:00:00+00:00,19.95,20.14,19.15,19.16,488611000,-0.058939096267190516,-0.06074741913960757,19.582,17.027,19.3734408088456,17.73379186934375,0.03464765380120765,463371650.0,1.054468912804657,0.05167014613778716,-0.03959899749373429,0.019832985386221136,1
2023-01-31 00:00:00+00:00,19.17,19.69,18.95,19.54,498017000,0.019832985386221136,0.01963887407192244,19.636000000000003,17.2735,19.428960539230403,17.905811691311012,0.0345351165354002,472748000.0,1.053451310211783,0.03787103377686807,0.019300991131976912,0.07164790174002067,1
2023-02-01 00:00:00+00:00,19.69,21.19,19.61,20.94,660477000,0.07164790174002067,0.06919755882775425,19.96,17.604999999999997,19.93264035948694,18.194782006424248,0.035540132296093846,485708000.0,1.3598231859471122,0.07545367717287496,0.06348400203148806,0.036771728748806076,1
2023-02-02 00:00:00+00:00,21.0,21.95,20.7,21.71,564276000,0.036771728748806076,0.03611177844780933,20.342000000000002,17.953,20.525093572991295,18.52956467247908,0.035660891918733,492355600.0,1.146074097664371,0.057577153385536615,0.03380952380952385,-0.028097650852141887,0
2023-02-03 00:00:00+00:00,21.0,21.75,20.79,21.1,429366000,-0.028097650852141887,-0.02849994340817963,20.490000000000002,18.2945,20.716729048660866,18.77436803700488,0.035319429044734375,494365500.0,0.8685193444930926,0.045497630331753594,0.00476190476190483,-0.00047393364928915993,0
2023-02-06 00:00:00+00:00,20.81,21.57,20.79,21.09,452197000,-0.00047393364928915993,-0.0004740459913374906,20.876,18.606,20.841152699107248,18.994904414432987,0.03522837905584823,496723150.0,0.9103602278250973,0.036984352773826515,0.01345506967803946,0.05120910384068278,1
2023-02-07 00:00:00+00:00,21.38,22.26,21.15,22.17,664150000,0.05120910384068278,0.04994102913753684,21.402,18.933,21.284101799404834,19.297294470201276,0.03520009327643859,504719100.0,1.315880457070081,0.05006765899864695,0.0369504209541629,0.0013531799729362692,1
2023-02-08 00:00:00+00:00,22.39,22.88,22.01,22.2,559651000,0.0013531799729362692,0.001352265250013751,21.654000000000003,19.2475,21.589401199603223,19.573742615896393,0.03538388977708472,513496600.0,1.0898825815010265,0.03918918918918907,-0.008485931219294385,0.006306306306306242,1
2023-02-09 00:00:00+00:00,22.61,23.02,22.12,22.34,523876000,0.006306306306306242,0.006286504762820666,21.779999999999998,19.564500000000002,21.839600799735482,19.837195700096736,0.03537360345014662,522026150.0,1.0035435964271138,0.04028648164726941,-0.011941618752764244,-0.04789615040286488,0
2023-02-10 00:00:00+00:00,21.69,22.08,20.81,21.27,550737000,-0.04789615040286488,-0.04908116442890886,21.814,19.8025,21.649733866490322,19.973653252468477,0.038086402436168204,521992550.0,1.0550667820833841,0.05970850963798776,-0.01936376210235139,0.02444757874941228,1
2023-02-13 00:00:00+00:00,21.54,22.05,20.96,21.79,474919000,0.02444757874941228,0.024153519744382734,21.954,20.047,21.696489244326884,20.14663865699529,0.038098725715705106,523374150.0,0.9074177622261245,0.050022946305644786,0.011606313834726092,0.05415328132170716,1
2023-02-14 00:00:00+00:00,21.58,23.05,21.37,22.97,675474000,0.05415328132170716,0.05273786774447853,22.113999999999997,20.3105,22.120992829551255,20.41553021347193,0.03842553428539622,531592750.0,1.2706606702217065,0.07313887679582062,0.06441149212233553,-0.009142359599477512,0
2023-02-15 00:00:00+00:00,22.55,22.86,22.11,22.76,420575000,-0.009142359599477512,-0.00918440744287663,22.226000000000003,20.579500000000003,22.33399521970084,20.638813050284128,0.03808934784263464,530640300.0,0.7925802092302451,0.032952548330404216,0.009312638580931301,-0.033391915641476366,0
2023-02-16 00:00:00+00:00,22.13,22.55,21.93,22.0,412026000,-0.033391915641476366,-0.03396215589981422,22.158,20.841,22.22266347980056,20.76844990263802,0.037971094536448854,528595000.0,0.7794738883266017,0.028181818181818228,-0.005874378671486625,-0.02772727272727271,0
2023-02-17 00:00:00+00:00,21.63,21.74,20.98,21.39,465888000,-0.02772727272727271,-0.028118930264001918,22.182000000000002,21.0185,21.945108986533707,20.82764515000583,0.03727342673044051,523641050.0,0.8897087040826918,0.03553062178588116,-0.011095700416088693,-0.03412809724170174,0
2023-02-21 00:00:00+00:00,21.0,21.49,20.62,20.66,410015000,-0.03412809724170174,-0.03472405940282153,21.956,21.092000000000002,21.516739324355807,20.811678945243372,0.03528517874115885,511383650.0,0.8017757313907083,0.04211035818005796,-0.016190476190476182,0.004356243949661165,1
2023-02-22 00:00:00+00:00,20.71,21.1,20.42,20.75,513184000,0.004356243949661165,0.004346782985214848,21.512,21.166000000000004,21.26115954957054,20.8058047599821,0.035285334144625084,512232650.0,1.0018572615392634,0.032771084337349383,0.001931434089811644,0.14024096385542162,1
2023-02-23 00:00:00+00:00,23.44,23.89,23.02,23.66,1117995000,0.14024096385542162,0.13123961187353306,21.692,21.383,22.060773033047028,21.077632878079044,0.0453603627158542,545655550.0,2.04890246236843,0.03677092138630604,0.00938566552901019,-0.015638207945900318,0
2023-02-24 00:00:00+00:00,23.23,23.47,22.95,23.29,589716000,-0.015638207945900318,-0.01576177465399109,21.95,21.5575,22.470515355364686,21.28833450873818,0.04558125012999021,550664600.0,1.0709168521092514,0.022327179046801184,0.002582866982350354,0.009016745384285096,1
2023-02-27 00:00:00+00:00,23.67,23.88,23.45,23.5,452994000,0.009016745384285096,0.008976337253864042,22.372,21.7145,22.813676903576457,21.498969317429783,0.04534501135407633,546207200.0,0.8293446150105674,0.01829787234042552,-0.007182087029995847,-0.01191489361702136,0
2023-02-28 00:00:00+00:00,23.37,23.82,23.21,23.22,455963000,-0.01191489361702136,-0.01198644488036793,22.884,21.917499999999997,22.949117935717638,21.662877001484087,0.04273689723302928,544574800.0,0.8372825918496413,0.02627045650301462,-0.006418485237484044,-0.02239448751076656,0
2023-03-01 00:00:00+00:00,23.19,23.26,22.51,22.7,460026000,-0.02239448751076656,-0.02264905178238852,23.274,22.075499999999998,22.86607862381176,21.761650620390366,0.04325749970566095,542675250.0,0.8477003511768779,0.03303964757709251,-0.021129797326433893,0.026872246696035162,1
2023-03-02 00:00:00+00:00,22.49,23.38,22.43,23.31,389415000,0.026872246696035162,0.026517528560308534,23.204,22.194,23.01405241587451,21.909112466067473,0.041049771694113696,529122150.0,0.7359642759238108,0.040755040755040724,0.0364606491774122,0.024882024882024956,1
2023-03-03 00:00:00+00:00,23.32,23.9,23.13,23.89,412393000,0.024882024882024956,0.024577508290052563,23.323999999999998,22.303,23.30603494391634,22.097768421680094,0.04067431923020491,521528000.0,0.7907399027473118,0.032231059020510655,0.024442538593482003,-0.014231896190874838,0
2023-03-06 00:00:00+00:00,23.89,24.25,23.49,23.55,437429000,-0.014231896190874838,-0.014334140875291279,23.333999999999996,22.4255,23.387356629277562,22.236076191043896,0.040184602767147866,521931150.0,0.838097132160056,0.032271762208068,-0.014231896190874838,-0.011040339702760193,0
2023-03-07 00:00:00+00:00,23.6,24.12,23.24,23.29,515154000,-0.011040339702760193,-0.011101736566177411,23.348,22.5355,23.354904419518377,22.336449887134954,0.040337633121984656,525079000.0,0.9810980823837937,0.037784456848432915,-0.013135593220339078,0.038213825676255864,1
2023-03-08 00:00:00+00:00,23.49,24.2,23.42,24.18,513573000,0.038213825676255864,0.03750176129039717,23.644,22.636,23.62993627967892,22.512026088360198,0.03969842629623672,517550150.0,0.9923154306882145,0.032258064516128934,0.029374201787994946,-0.03060380479735314,0
2023-03-09 00:00:00+00:00,24.18,24.45,23.38,23.44,501257000,-0.03060380479735314,-0.031081880477834556,23.67,22.698,23.566624186452614,22.60040455613542,0.04048162308101111,514630450.0,0.9740134887082565,0.04564846416382254,-0.03060380479735312,-0.020477815699658675,0
2023-03-10 00:00:00+00:00,23.41,23.63,22.73,22.96,474866000,-0.020477815699658675,-0.02069039325744626,23.484,22.729,23.364416124301744,22.63465174126538,0.0408045939618737,512179950.0,0.9271467967459484,0.03919860627177694,-0.019222554463904282,0.0004355400696862688,1
2023-03-13 00:00:00+00:00,22.75,23.3,22.3,22.97,421890000,0.0004355400696862688,0.00043544524964111986,23.368000000000002,22.814,23.23294408286783,22.666589670668678,0.03904677791131268,505737600.0,0.8342073043412236,0.043535045711798,0.00967032967032962,0.047453199825859826,1
2023-03-14 00:00:00+00:00,23.5,24.22,23.46,24.06,474910000,0.047453199825859826,0.04636169384552602,23.522,22.927500000000002,23.508629388578555,22.799295416319282,0.0399598210694638,505737150.0,0.9390451146410739,0.03158769742310882,0.0238297872340425,0.007065669160432275,1
2023-03-15 00:00:00+00:00,23.76,24.29,23.36,24.23,524486000,0.007065669160432275,0.007040824281901337,23.532000000000004,22.9905,23.74908625905237,22.935552995717448,0.038358210483718125,498187750.0,1.052787829487979,0.03838217086256705,0.019781144781144733,0.05406520841931495,1
2023-03-16 00:00:00+00:00,24.03,25.59,23.89,25.54,583253000,0.05406520841931495,0.05265431577595914,23.951999999999998,23.1295,24.346057506034914,23.183595567553883,0.0398169375558978,506321650.0,1.1519416560599374,0.06656225528582613,0.06283811901789421,0.007439310884886474,1
2023-03-17 00:00:00+00:00,25.98,26.4,25.67,25.73,848547000,0.007439310884886474,0.007411775689259326,24.506,23.316,24.807371670689946,23.426110275405897,0.03870366483494048,528147700.0,1.6066471557104196,0.02837155071900493,-0.00962278675904542,0.00660707345511069,1
2023-03-20 00:00:00+00:00,25.61,26.02,25.13,25.9,432747000,0.00660707345511069,0.006585342411839168,25.092000000000002,23.5415,25.171581113793298,23.661718820605333,0.03777387802727669,526490650.0,0.8219462206973666,0.03436293436293439,0.011323701679031595,0.01158301158301156,1
2023-03-21 00:00:00+00:00,26.18,26.39,25.38,26.2,547408000,0.01158301158301156,0.011516442061559218,25.52,23.818499999999997,25.514387409195535,23.903459885309587,0.036306980328015985,533360300.0,1.0263381057795264,0.03854961832061075,0.0007639419404125124,0.010305343511450404,1
2023-03-22 00:00:00+00:00,26.43,27.59,26.24,26.47,797295000,0.010305343511450404,0.01025260547195872,25.968,24.104499999999998,25.832924939463695,24.147892277184862,0.03626649777918272,547565850.0,1.45607144784504,0.051001133358519135,0.0015134317063942168,0.027200604457876976,1
2023-03-23 00:00:00+00:00,27.11,27.5,26.69,27.19,564889000,0.027200604457876976,0.026837242405369555,26.298000000000002,24.281,26.285283292975798,24.437616822214878,0.023489267204778175,519910550.0,1.0865119009414215,0.02979036410445012,0.0029509406123202453,-0.015079073188672298,0
2023-03-24 00:00:00+00:00,27.03,27.17,26.36,26.78,454920000,-0.015079073188672298,-0.015193918381352756,26.508,24.4555,26.450188861983868,24.660700934384888,0.02346069107949989,513170750.0,0.8864885615557785,0.03024645257654975,-0.00924898261191269,-0.00933532486930544,0
2023-03-27 00:00:00+00:00,26.84,27.0,26.36,26.53,361026000,-0.00933532486930544,-0.009379172113378242,26.633999999999997,24.607,26.476792574655914,24.838729416824425,0.02373596513718273,508572350.0,0.7098812981083222,0.024123633622314383,-0.011549925484351665,-0.004523181304183943,0
2023-03-28 00:00:00+00:00,26.45,26.51,25.85,26.41,356104000,-0.004523181304183943,-0.004533441840607555,26.676,24.7665,26.45452838310394,24.98837423426972,0.023494946600123443,503579400.0,0.7071456854668797,0.024990533888678536,-0.0015122873345935406,0.021582733812949728,1
2023-03-29 00:00:00+00:00,26.82,27.08,26.6,26.98,393694000,0.021582733812949728,0.02135312447056892,26.778000000000002,24.9805,26.629685588735963,25.178052878624985,0.0226738547399163,500262800.0,0.7869743662730868,0.01779095626389907,0.005965697240865032,0.014825796886582587,1
2023-03-30 00:00:00+00:00,27.23,27.5,27.1,27.38,364516000,0.014825796886582587,0.014716969080692976,26.816000000000003,25.184,26.879790392490644,25.387762128279746,0.022335067355018973,499017850.0,0.7304668560453298,0.014609203798392936,0.005508630187293374,0.014609203798393144,1
2023-03-31 00:00:00+00:00,27.14,27.83,27.11,27.78,433933000,0.014609203798393144,0.014503517465894955,27.016000000000002,25.3785,27.17986026166043,25.615594306538817,0.022054471304323076,500094850.0,0.8677013970449806,0.025917926565874688,0.023581429624170987,0.00647948164146861,1
2023-04-03 00:00:00+00:00,27.51,28.0,27.34,27.96,398716000,0.00647948164146861,0.00645858003941191,27.302000000000003,25.598999999999997,27.439906841106957,25.838871039249405,0.02145074128602399,498159200.0,0.8003786741266647,0.02360515021459228,0.016357688113413277,-0.018240343347639576,0
2023-04-04 00:00:00+00:00,27.97,28.0,27.31,27.45,368592000,-0.018240343347639576,-0.01840874941006998,27.51,25.807,27.44327122740464,25.99231189265422,0.02186193498740035,490831100.0,0.7509548600323003,0.02513661202185797,-0.018591347872720758,-0.020765027322404372,0
2023-04-05 00:00:00+00:00,26.83,27.0,26.39,26.88,515015000,-0.020765027322404372,-0.02098365230059107,27.490000000000002,25.942,27.255514151603094,26.07685361716334,0.021649122610128354,490903200.0,1.049117219036258,0.02269345238095236,0.0018635855385762473,0.005952380952380931,1
2023-04-06 00:00:00+00:00,26.58,27.08,26.43,27.04,397654000,0.005952380952380931,0.005934735519814716,27.421999999999997,26.122000000000003,27.18367610106873,26.168581844100167,0.019886237521519416,485723050.0,0.8186846393227581,0.024038461538461488,0.017306245297215986,0.019970414201183395,1
2023-04-10 00:00:00+00:00,26.82,27.62,26.67,27.58,395279000,0.019970414201183395,0.019773621190392277,27.381999999999998,26.353,27.315784067379155,26.30300262085253,0.018941323021481802,481743700.0,0.8205172169350632,0.034445250181290764,0.0283370618941088,-0.01486584481508324,0
2023-04-11 00:00:00+00:00,27.72,27.79,27.13,27.17,314378000,-0.01486584481508324,-0.014977448926899228,27.224,26.563,27.267189378252773,26.385573799818957,0.01961676643036374,476368100.0,0.6599476329334395,0.024291497975708506,-0.01984126984126974,-0.02465955097534056,0
2023-04-12 00:00:00+00:00,27.37,27.47,26.45,26.5,446259000,-0.02465955097534056,-0.024968690446079744,27.034,26.685000000000002,27.01145958550185,26.39647153316953,0.018819043945097518,474935550.0,0.9396201231935575,0.03849056603773583,-0.03178662769455612,-0.0015094339622641062,0
2023-04-13 00:00:00+00:00,26.73,26.89,26.33,26.46,353615000,-0.0015094339622641062,-0.0015105743053669407,26.95,26.796499999999998,26.827639723667904,26.40252186334386,0.018863255274020316,466392000.0,0.7581926791197104,0.02116402116402125,-0.010101010101010085,0.01133786848072571,1
2023-04-14 00:00:00+00:00,26.5,26.88,26.22,26.76,395660000,0.01133786848072571,0.011274076573218217,26.894,26.857499999999998,26.80509314911194,26.436567400168254,0.015207269206351466,457012350.0,0.8657534090708927,0.02466367713004485,0.00981132075471704,0.008968609865470878,1
2023-04-17 00:00:00+00:00,26.57,27.01,26.43,27.0,321471000,0.008968609865470878,0.00892863074430128,26.778,26.921,26.870062099407964,26.490227647771277,0.015237682991098832,430658550.0,0.7464637588177455,0.02148148148148155,0.01618366578848324,0.024814814814814845,1
2023-04-18 00:00:00+00:00,27.53,28.11,27.36,27.67,604812000,0.024814814814814845,0.024511927794505617,26.877999999999997,27.009500000000003,27.13670806627198,26.602586919412108,0.016004248608154154,439261800.0,1.3768827610322592,0.027105168052041922,0.005085361423901219,0.00939645825804103,1
2023-04-19 00:00:00+00:00,27.36,28.0,27.23,27.93,358660000,0.00939645825804103,0.009352586158250631,27.163999999999998,27.095999999999997,27.401138710847988,26.72900721280143,0.01595304980111351,429824400.0,0.8344337827261551,0.027568922305764396,0.020833333333333343,-0.029717150017901872,0
2023-04-20 00:00:00+00:00,27.67,28.03,27.0,27.1,427713000,-0.029717150017901872,-0.03016765207143024,27.292,27.127500000000005,27.300759140565326,26.764339859201296,0.017497718195561125,411345300.0,1.0397906576299765,0.03800738007380078,-0.02059992771955187,0.0007380073800737907,1
2023-04-21 00:00:00+00:00,26.95,27.18,26.72,27.12,345103000,0.0007380073800737907,0.0007377351865396342,27.363999999999997,27.124000000000002,27.24050609371022,26.79821225356308,0.016423459900068233,400356000.0,0.8619903286075393,0.01696165191740416,0.006307977736549229,-0.002949852507374673,0
2023-04-24 00:00:00+00:00,27.01,27.37,26.67,27.04,339282000,-0.002949852507374673,-0.0029542118974315024,27.372000000000003,27.137,27.17367072914015,26.821239657985643,0.016056491561829332,394574100.0,0.8598689067528761,0.025887573964497018,0.0011106997408366376,-0.029585798816568087,0
2023-04-25 00:00:00+00:00,27.08,27.25,26.23,26.24,378527000,-0.029585798816568087,-0.030032287098875177,27.086000000000002,27.122500000000002,26.8624471527601,26.76588350008225,0.017337219167622694,395449150.0,0.957207772478459,0.03887195121951218,-0.031019202363367797,0.027439024390244038,1
2023-04-26 00:00:00+00:00,27.0,27.33,26.7,26.96,406337000,0.027439024390244038,0.02706932196821832,26.891999999999996,27.15,26.89496476850674,26.784370785788703,0.018364724203538085,397960800.0,1.021047801693031,0.023367952522255157,-0.00148148148148145,0.010014836795252169,1
2023-04-27 00:00:00+00:00,27.36,27.5,26.62,27.23,377161000,0.010014836795252169,0.009965020641562017,26.918,27.1625,27.00664317900449,26.826811663332638,0.017871371889277846,397134150.0,0.9497067930320271,0.03231729709878806,-0.004751461988304057,0.019096584649283876,1
2023-04-28 00:00:00+00:00,27.23,27.76,27.07,27.75,292216000,0.019096584649283876,0.018916533506775135,27.044,27.181,27.254428786002997,26.914734362062863,0.018071238452716878,393519150.0,0.7425712319209878,0.02486486486486491,0.019096584649283863,0.04180180180180182,1
2023-05-01 00:00:00+00:00,27.84,29.06,27.78,28.91,570329000,0.04180180180180182,0.04095171583581125,27.418,27.2375,27.806285857335332,27.10475966091402,0.02000136535576366,400338950.0,1.4246153165960993,0.044275337253545405,0.038433908045977024,-0.02421307506053272,0
2023-05-02 00:00:00+00:00,28.68,28.84,28.08,28.21,402730000,-0.02421307506053272,-0.024511031014349705,27.812,27.25,27.940857238223558,27.210020645588877,0.020819574372721292,400539650.0,1.005468497313562,0.026940801134349577,-0.016387726638772623,-0.014533853243530626,0
2023-05-03 00:00:00+00:00,27.84,28.37,27.47,27.8,383387000,-0.014533853243530626,-0.014640504317313674,27.98,27.267500000000002,27.893904825482373,27.266209155532795,0.020656382788886256,401279400.0,0.9554116159463955,0.03237410071942454,-0.0014367816091953717,-0.008633093525179936,0
2023-05-04 00:00:00+00:00,27.65,27.86,27.24,27.56,321850000,-0.008633093525179936,-0.008670574551133736,28.046,27.301499999999997,27.78260321698825,27.294189235958243,0.02015560646217444,391621150.0,0.8218401891726226,0.022496371552975365,-0.003254972875226035,0.04063860667634267,1
2023-05-05 00:00:00+00:00,27.83,28.75,27.73,28.68,361494000,0.04063860667634267,0.039834569585961876,28.232,27.383499999999998,28.08173547799217,27.42617121348603,0.02191867883601919,389813150.0,0.9273519890234591,0.035564853556485344,0.03054257994969463,0.016387726638772637,1
2023-05-08 00:00:00+00:00,28.52,29.22,28.35,29.15,344979000,0.016387726638772637,0.016254897065081764,28.28,27.462,28.43782365199478,27.590345383630215,0.021790228241452603,387298150.0,0.8907323724629204,0.02984562607204108,0.022089761570827454,-0.01989708404802737,0
2023-05-09 00:00:00+00:00,28.9,28.97,28.45,28.57,314869000,-0.01989708404802737,-0.020097696553819766,28.351999999999997,27.532,28.481882434663188,27.68364582328448,0.02203836037549599,387322700.0,0.812937119358096,0.01820091004550226,-0.011418685121107207,0.011200560028001405,1
2023-05-10 00:00:00+00:00,29.0,29.11,28.46,28.89,369350000,0.011200560028001405,0.011138298235462418,28.57,27.6515,28.617921623108792,27.798536697257386,0.021128830989110076,383477250.0,0.9631601353144157,0.022499134648667308,-0.0037931034482758426,-0.010730356524749074,0
2023-05-11 00:00:00+00:00,28.9,28.95,28.25,28.58,322149000,-0.010730356524749074,-0.010788341976422533,28.774,27.7575,28.60528108207253,27.87296177370906,0.021364061520602377,381903950.0,0.8435340875631163,0.024492652204338675,-0.011072664359861602,-0.008397480755773179,0
2023-05-12 00:00:00+00:00,28.53,28.78,28.05,28.34,274222000,-0.008397480755773179,-0.008432938239187227,28.706,27.8365,28.516854054715022,27.91744160478439,0.02145806018858358,375832050.0,0.7296397420071014,0.025758645024700086,-0.0066596565019278395,0.02152434721242069,1
2023-05-15 00:00:00+00:00,28.51,28.97,28.15,28.95,293926000,0.02152434721242069,0.02129596975647008,28.665999999999997,27.934000000000005,28.661236036476684,28.015780499566826,0.021817089445426874,374454800.0,0.7849438703950383,0.028324697754749578,0.015433181339880662,0.00898100172711569,1
2023-05-16 00:00:00+00:00,28.84,29.87,28.83,29.21,449405000,0.00898100172711569,0.008940912380645205,28.794,28.010999999999996,28.844157357651127,28.129515690084272,0.021298982947769822,366684450.0,1.2255905588578955,0.03560424512153381,0.01282940360610267,0.033207805546045854,1
2023-05-17 00:00:00+00:00,29.58,30.2,29.43,30.18,432535000,0.033207805546045854,0.03266833694005333,29.052,28.1235,29.289438238434087,28.324799910076248,0.022296532011292673,370378200.0,1.1678198122891683,0.02551358515573226,0.020283975659229257,0.0497017892644136,1
2023-05-18 00:00:00+00:00,30.41,31.83,30.32,31.68,748725000,0.0497017892644136,0.04850611360652213,29.672000000000004,28.3525,30.08629215895606,28.644342775783272,0.022906331038476942,386428800.0,1.937549685737709,0.04766414141414135,0.04176257809930942,-0.01325757575757569,0
2023-05-19 00:00:00+00:00,31.54,31.58,30.92,31.26,473908000,-0.01325757575757569,-0.013346241952894466,30.256,28.559499999999996,30.477528105970705,28.89345298761344,0.023347358607344645,392869050.0,1.2062747116373764,0.02111324376199605,-0.008877615726062067,-0.002559181062060212,0
2023-05-22 00:00:00+00:00,30.9,31.52,30.68,31.18,372000000,-0.002559181062060212,-0.002562461363699864,30.702000000000005,28.7665,30.711685403980475,29.111219369745495,0.02333863926902876,394504950.0,0.9429539477261312,0.026940346375881972,0.009061488673139197,-0.0157152020525978,0
2023-05-23 00:00:00+00:00,31.0,31.29,30.63,30.69,356253000,-0.0157152020525978,-0.01583999499798594,30.998,28.988999999999997,30.704456935986986,29.261579429769736,0.02234403587891478,393391250.0,0.9055946211309988,0.021505376344086027,-0.009999999999999959,-0.00488758553274693,0
2023-05-24 00:00:00+00:00,30.21,30.61,29.81,30.54,721419000,-0.00488758553274693,-0.004899568841158164,31.07,29.168,30.64963795732466,29.383333769791665,0.022036833633260308,409145350.0,1.7632340194016625,0.026195153896529166,0.010923535253227352,0.24361493123772093,1
2023-05-25 00:00:00+00:00,38.52,39.48,36.63,37.98,1543911000,0.24361493123772093,0.21802240559365327,32.33,29.705499999999994,33.093091971549775,30.202063886954363,0.05226590437823419,467482850.0,3.3026045768310004,0.07503949447077395,-0.014018691588785208,0.02553975776724604,1
2023-05-26 00:00:00+00:00,37.89,39.17,37.55,38.95,714397000,0.02553975776724604,0.02521906693261755,33.868,30.265499999999996,35.04539464769985,31.035200659625374,0.05229936081987742,488591900.0,1.4621548167294627,0.04159178433889613,0.027975719187120673,0.029781771501925514,1
2023-05-30 00:00:00+00:00,40.59,41.94,39.95,40.11,923401000,0.029781771501925514,0.029346907465204186,35.654,30.825499999999998,36.7335964317999,31.899467263470576,0.052083009097253025,506245500.0,1.8240181888036535,0.04961356270256781,-0.011825572801182654,-0.05684367988032912,0
2023-05-31 00:00:00+00:00,39.49,40.3,37.82,37.83,1002580000,-0.05684367988032912,-0.058523241137023785,37.082,31.3065,37.099064287866604,32.464279905044805,0.054007886321068246,536238000.0,1.8696548920442042,0.06555643669045723,-0.04203595847049895,0.05128205128205132,1
2023-06-01 00:00:00+00:00,38.49,40.05,38.34,39.77,635873000,0.05128205128205132,0.05001042057466165,38.928000000000004,31.905,37.98937619191108,33.16006277123101,0.054095854952154944,548862300.0,1.158529197578336,0.04299723409605214,0.03325539101065215,-0.011063615790797177,0
2023-06-02 00:00:00+00:00,40.1,40.5,39.06,39.33,482731000,-0.011063615790797177,-0.011125272775881268,39.198,32.4935,38.43625079460739,33.747675840637584,0.054162065550479324,556906350.0,0.8668082164981599,0.03661327231121276,-0.019201995012468904,-0.004068141367912448,0
2023-06-05 00:00:00+00:00,38.91,39.56,38.71,39.17,396094000,-0.004068141367912448,-0.004076438765978185,39.242000000000004,33.018,38.6808338630716,34.264087665338764,0.054111019313931585,558636350.0,0.7090372833776392,0.02170028082716368,0.006682086867129405,-0.013275465917794271,0
2023-06-06 00:00:00+00:00,38.83,39.16,38.15,38.65,388729000,-0.013275465917794271,-0.013364372644308897,38.95,33.493,38.670555908714405,34.68179360197317,0.05449569328333169,560823850.0,0.6931392093970326,0.02613195342820176,-0.004635591037857319,-0.03027166882276844,0
2023-06-07 00:00:00+00:00,38.91,39.5,37.36,37.48,511998000,-0.03027166882276844,-0.030739317663209587,38.88,33.9385,38.27370393914293,34.9482894494043,0.05489767929733294,570680300.0,0.8971713234187337,0.057097118463180385,-0.036751477769211,0.02748132337246534,1
2023-06-08 00:00:00+00:00,37.72,38.86,37.51,38.51,417772000,0.02748132337246534,0.027110490456596192,38.628,34.4195,38.35246929276195,35.28749997803246,0.05497652349122591,573101400.0,0.7289669855980111,0.0350558296546352,0.020943796394485664,0.006751493118670515,1
2023-06-09 00:00:00+00:00,39.04,39.71,38.57,38.77,427717000,0.006751493118670515,0.00672880385602026,38.516000000000005,34.929,38.49164619517464,35.61916664679127,0.054693407886827757,578379800.0,0.7395088832632122,0.029404178488522066,-0.0069159836065572754,0.018313128707763582,1
2023-06-12 00:00:00+00:00,39.2,39.53,38.62,39.48,388701000,0.018313128707763582,0.018147462882442955,38.577999999999996,35.486000000000004,38.82109746344976,35.986865061382574,0.05440992406649253,584103750.0,0.6654656813964985,0.023049645390071018,0.00714285714285699,0.03900709219858167,1
2023-06-13 00:00:00+00:00,40.19,41.1,39.74,41.02,613208000,0.03900709219858167,0.03826553807895383,39.052,36.0895,39.554064975633175,36.466211246012804,0.05461931245595202,600067850.0,1.0218977737267545,0.03315455875182836,0.02065190345857192,0.04826913700633839,1
2023-06-14 00:00:00+00:00,40.82,43.0,40.55,43.0,740465000,0.04826913700633839,0.04714036304932767,40.156,36.779,40.702709983755454,37.08847684163063,0.05497378305806366,614620850.0,1.2047508638862479,0.05697674418604658,0.05340519353258206,-0.008139534883720989,0
2023-06-15 00:00:00+00:00,42.6,43.29,42.15,42.65,568622000,-0.008139534883720989,-0.008172841755874405,40.984,37.402499999999996,41.35180665583697,37.618145713856286,0.055210448149570185,621425200.0,0.9150288723405487,0.026729191090269652,0.0011737089201877267,0.0009378663540444698,1
2023-06-16 00:00:00+00:00,43.45,43.72,42.66,42.69,655709000,0.0009378663540444698,0.000937426832182453,41.768,37.953,41.79787110389131,38.10117945539378,0.05481822953198077,616774400.0,1.0631261608782725,0.0248301710002343,-0.017491369390103685,0.026235652377606167,1
2023-06-20 00:00:00+00:00,43.0,43.99,42.67,43.81,451153000,0.026235652377606167,0.02589740105593652,42.634,38.5805,42.468580735927546,38.644876650118185,0.05445457862837247,615636650.0,0.7328234925584759,0.030130107281442598,0.018837209302325634,-0.017347637525679138,0
2023-06-21 00:00:00+00:00,43.5,43.62,42.08,43.05,551603000,-0.017347637525679138,-0.017499870952067287,43.04,39.174,42.66238715728503,39.06441220724979,0.05483631916867708,624616800.0,0.8831062501040639,0.03577235772357722,-0.010344827586206962,-0.0006968641114981633,0
2023-06-22 00:00:00+00:00,42.25,43.43,42.23,43.02,417737000,-0.0006968641114981633,-0.0006971070341554864,43.044,39.7905,42.78159143819002,39.44113485417838,0.05447502752628619,627691000.0,0.6655137639379886,0.02789400278940034,0.018224852071005992,-0.01882845188284521,0
2023-06-23 00:00:00+00:00,42.46,42.81,42.02,42.21,358140000,-0.01882845188284521,-0.019007964045176795,42.956,40.374,42.59106095879335,39.70483629663758,0.05486196496997029,609527050.0,0.5875703137375118,0.018715944089078396,-0.005887894488930758,-0.03743188817815679,0
2023-06-26 00:00:00+00:00,42.46,42.76,40.1,40.63,594322000,-0.03743188817815679,-0.038150449794772,42.544,40.5065,41.9373739725289,39.792947125529246,0.02912549258994004,562047600.0,1.0574228944310056,0.06546886537041587,-0.04309938765897311,0.030765444253014973,1
2023-06-27 00:00:00+00:00,40.8,41.94,40.45,41.88,462175000,0.030765444253014973,0.030301676002700617,42.158,40.653000000000006,41.918249315019274,39.99171406595503,0.029347473632556485,549436500.0,0.8411800089728294,0.03557784145176683,0.026470588235294253,-0.018147086914995336,0
2023-06-28 00:00:00+00:00,40.66,41.84,40.52,41.12,582639000,-0.018147086914995336,-0.018313764855426573,41.772000000000006,40.703500000000005,41.65216621001285,40.09916986919741,0.029082882467640528,532398400.0,1.094366549561381,0.03210116731517511,0.011313330054107253,-0.007295719844357951,0
2023-06-29 00:00:00+00:00,41.56,41.6,40.6,40.82,380514000,-0.007295719844357951,-0.007322463765210507,41.332,40.852999999999994,41.37477747334191,40.16782035784528,0.02558855503737232,501295100.0,0.7590618779238018,0.02449779519843214,-0.017805582290664146,0.036256736893679475,1
2023-06-30 00:00:00+00:00,41.68,42.55,41.5,42.3,501148000,0.036256736893679475,0.035614928670533175,41.35,40.979499999999994,41.68318498222794,40.37088508566954,0.0243950322811072,494558850.0,1.0133232880171894,0.024822695035460928,0.014875239923224507,0.002600472813238719,1
2023-07-03 00:00:00+00:00,42.52,42.9,42.2,42.41,198209000,0.002600472813238719,0.0025970974342670594,41.706,41.133500000000005,41.92545665481863,40.56508650608197,0.024166267040914343,480332750.0,0.4126493560974137,0.016505541145956044,-0.0025870178739418282,-0.0021221410044799383,0
2023-07-05 00:00:00+00:00,42.13,43.18,42.09,42.32,323618000,-0.0021221410044799383,-0.0021243959364554144,41.794,41.291,42.05697110321242,40.73222112455036,0.024136833867743276,476708950.0,0.6788586620830174,0.0257561436672967,0.00450985046285302,-0.0051984877126654006,0
2023-07-06 00:00:00+00:00,41.84,42.18,41.35,42.1,303582000,-0.0051984877126654006,-0.005212046861708064,41.989999999999995,41.463499999999996,42.071314068808285,40.86248577935508,0.023898168899732987,472451600.0,0.6425674079630591,0.019714964370546276,0.006214149139579302,0.009501187648456089,1
2023-07-07 00:00:00+00:00,42.32,43.21,42.18,42.5,355881000,0.009501187648456089,0.009456335242035596,42.326,41.7145,42.21420937920553,41.0184395146546,0.022444530977004364,464645750.0,0.7659189823645218,0.024235294117647084,0.004253308128544416,-0.007529411764705896,0
2023-07-10 00:00:00+00:00,42.66,42.81,41.65,42.18,353908000,-0.007529411764705896,-0.007557900879742618,42.302,41.898,42.20280625280368,41.12906432278274,0.022087387096169402,461452550.0,0.7669434267943692,0.027501185395922327,-0.011251758087201053,0.0054528212422948474,1
2023-07-11 00:00:00+00:00,42.48,42.76,42.07,42.41,298244000,0.0054528212422948474,0.0054380084358705005,42.302,42.08,42.271870835202456,41.25105819680343,0.022082575191456223,454978900.0,0.6555117171367727,0.01626974770101386,-0.0016478342749529258,0.035133223296392346,1
2023-07-12 00:00:00+00:00,43.03,43.94,42.78,43.9,481277000,0.035133223296392346,0.03453013659462645,42.618,42.301,42.814580556801644,41.50333836853643,0.02290452590579459,459607700.0,1.047147382430712,0.026423690205011313,0.020218452242621365,0.04738041002277904,1
2023-07-13 00:00:00+00:00,44.52,46.16,44.49,45.98,478204000,0.04738041002277904,0.04629219925391004,43.394,42.549,43.8697203712011,41.92968709534249,0.023573005036028005,452857500.0,1.055970145133955,0.03632013919095247,0.03279424977538171,-0.011091779034362759,0
2023-07-14 00:00:00+00:00,46.58,48.09,45.06,45.47,772075000,-0.011091779034362759,-0.011153751498116371,43.988,42.6725,44.40314691413407,42.266859752928916,0.021710699988628707,454438000.0,1.6989666357126825,0.06663734330327692,-0.02382996994418204,0.02177259731691228,1
2023-07-17 00:00:00+00:00,46.29,46.5,45.26,46.46,510488000,0.02177259731691228,0.02153895950534368,44.844,42.863,45.08876460942272,42.66620644312616,0.021936246108578087,451531300.0,1.1305705717410952,0.0266896254842876,0.003672499459926587,0.022169608265174334,1
2023-07-18 00:00:00+00:00,46.7,47.9,45.73,47.49,569164000,0.022169608265174334,0.0219274352187675,45.86,43.102999999999994,45.88917640628181,43.12561535330462,0.022267611288636694,447204050.0,1.2727165597002084,0.045693830280058995,0.016916488222698055,-0.008633396504527324,0
2023-07-19 00:00:00+00:00,47.46,47.82,46.74,47.08,427502000,-0.008633396504527324,-0.008670880168954564,46.495999999999995,43.2665,46.28611760418788,43.50222341489466,0.02192593354639918,446021500.0,0.9584784589980527,0.022939677145284585,-0.00800674252001691,-0.03313508920985542,0
2023-07-20 00:00:00+00:00,46.51,47.09,45.06,45.52,537865000,-0.03313508920985542,-0.0336964925740002,46.404,43.39,46.03074506945859,43.69439261347612,0.023018150240576837,445334600.0,1.2077772533281717,0.04459578207381373,-0.02128574500107493,-0.026581722319859447,0
2023-07-21 00:00:00+00:00,45.79,45.87,44.1,44.31,963769000,-0.026581722319859447,-0.026941404606677377,46.172000000000004,43.454499999999996,45.45716337963906,43.75302188838315,0.02395632046510015,472636200.0,2.039134962577983,0.039945836154366865,-0.032321467569338215,0.00677048070413,1
2023-07-24 00:00:00+00:00,44.73,45.11,44.04,44.61,382516000,0.00677048070413,0.006747663928774905,45.802,43.57449999999999,45.174775586426044,43.83463885139428,0.023484782857049677,473855000.0,0.8072427219297043,0.023985653440932533,-0.002682763246143471,0.02398565344093262,1
2023-07-25 00:00:00+00:00,44.94,46.18,44.92,45.68,348081000,0.02398565344093262,0.02370251620758168,45.44,43.827,45.34318372428403,44.01038753221387,0.02182728383542897,461542950.0,0.7541681657145884,0.027583187390542864,0.016466399643969783,-0.005035026269702203,0
2023-07-26 00:00:00+00:00,46.02,46.05,44.63,45.45,364237000,-0.005035026269702203,-0.005047744724266945,45.114,44.0055,45.37878914952269,44.14749348152684,0.0211649129285712,456646050.0,0.797635280103704,0.031243124312431123,-0.012385919165580187,0.00990099009900991,1
2023-07-27 00:00:00+00:00,46.52,47.4,45.75,45.9,455976000,0.00990099009900991,0.009852296443011443,45.19,44.2445,45.55252609968179,44.31439886423857,0.020523047103415754,450312900.0,1.0125759222087576,0.03594771241830062,-0.01332760103181437,0.0185185185185186,1
2023-07-28 00:00:00+00:00,46.67,47.03,46.38,46.75,331194000,0.0185185185185186,0.018349138668196652,45.678,44.541000000000004,45.95168406645453,44.546360877168226,0.02048172838667254,447846900.0,0.739525047510656,0.013903743315507991,0.001714163274051817,-0.00042780748663107104,0
2023-07-31 00:00:00+00:00,46.75,47.13,46.51,46.73,251055000,-0.00042780748663107104,-0.00042789902236117783,46.102,44.762499999999996,46.21112271096969,44.75432650791411,0.019366575813754727,435342250.0,0.57668420650649,0.01326770811042167,-0.0004278074866310829,-0.004707896426278557,0
2023-08-01 00:00:00+00:00,46.46,46.9,46.03,46.51,237858000,-0.004707896426278557,-0.004719013476329081,46.268,44.967499999999994,46.31074847397979,44.92153350716038,0.019482700486232386,437324700.0,0.5438933588704228,0.018705654697914374,0.001076194575979276,-0.04816168565899792,0
2023-08-02 00:00:00+00:00,45.83,45.84,43.39,44.27,530142000,-0.04816168565899792,-0.04936009649195627,46.032,45.065000000000005,45.6304989826532,44.859482696954636,0.022905053698583436,447650900.0,1.184275514692364,0.05534221820646042,-0.0340388391883045,0.005647165123108255,1
2023-08-03 00:00:00+00:00,43.8,45.12,43.8,44.52,324176000,0.005647165123108255,0.005631279663294464,45.756,45.186,45.26033265510213,44.82715101153039,0.022847329424153243,448680600.0,0.7225095089914741,0.02964959568733154,0.0164383561643837,0.003593890386343057,1
2023-08-04 00:00:00+00:00,44.98,45.64,44.39,44.68,362666000,0.003593890386343057,0.00358744779365594,45.342,45.295,45.06688843673476,44.81313662947987,0.022794892965711678,449019850.0,0.8076836692186325,0.027976723366159355,-0.006669630947087532,0.016562220232766434,1
2023-08-07 00:00:00+00:00,45.11,45.54,44.56,45.42,322154000,0.016562220232766434,0.01642656247641261,45.080000000000005,45.457,45.184592291156505,44.87093314095798,0.022868627426878712,447432150.0,0.720006374150807,0.021576398062527452,0.006872090445577528,-0.016732716864817365,0
2023-08-08 00:00:00+00:00,44.85,45.24,44.06,44.66,353843000,-0.016732716864817365,-0.01687429026540066,44.71,45.5695,45.00972819410434,44.85084427039055,0.023319193917847304,450212100.0,0.785947334600736,0.0264218540080609,-0.004236343366778257,-0.047245857590685114,0
2023-08-09 00:00:00+00:00,44.27,44.31,42.13,42.55,586449000,-0.047245857590685114,-0.04839839139262869,44.366,45.501999999999995,44.18981879606956,44.63171624463907,0.024673466962922743,455470700.0,1.2875669060600385,0.05123384253819036,-0.03885249604698455,-0.0037602820211515287,0
2023-08-10 00:00:00+00:00,42.16,43.57,41.84,42.39,492705000,-0.0037602820211515287,-0.0037673696548372604,43.94,45.3225,43.58987919737971,44.41821945943535,0.02195256659519834,456195750.0,1.0800297898435047,0.04081151214909169,0.005455407969639564,-0.036329322953526755,0
2023-08-11 00:00:00+00:00,41.75,42.02,40.64,40.85,533085000,-0.036329322953526755,-0.037005664058534116,43.174,45.091499999999996,42.676586131586475,44.07838903472722,0.02312190204251172,444246250.0,1.1999763644600263,0.033782129742962116,-0.021556886227544876,0.07099143206854341,1
2023-08-14 00:00:00+00:00,40.49,43.8,40.31,43.75,690286000,0.07099143206854341,0.06858479149761143,42.839999999999996,44.956,43.034390754390984,44.04711388856273,0.02790131394748563,453236150.0,1.5230162024807599,0.07977142857142845,0.08051370708816986,0.004342857142856982,1
2023-08-15 00:00:00+00:00,44.56,45.27,43.71,43.94,676512000,0.004342857142856982,0.004333454152841032,42.696000000000005,44.7785,43.336260502927324,44.03691256584247,0.027345674201672,458603550.0,1.4751564831977424,0.03550295857988171,-0.01391382405745073,-0.010241238051888812,0
2023-08-16 00:00:00+00:00,44.52,44.67,43.41,43.49,527451000,-0.010241238051888812,-0.010294040346917388,42.884,44.599000000000004,43.38750700195155,43.98482565480985,0.027363029638010725,463601000.0,1.1377261912722363,0.028972177512071855,-0.02313566936208448,-0.0034490687514371343,0
2023-08-17 00:00:00+00:00,43.97,44.06,43.0,43.34,452395000,-0.0034490687514371343,-0.003455030501333667,43.074,44.489999999999995,43.37167133463437,43.923413687685105,0.026454126858681256,459327500.0,0.9849072829299356,0.02445777572681131,-0.014327950875596894,-0.0009229349330873715,0
2023-08-18 00:00:00+00:00,42.63,43.58,41.66,43.3,583768000,-0.0009229349330873715,-0.0009233610997689823,43.564,44.4395,43.34778088975625,43.864040955524615,0.025818646594008926,440327450.0,1.3257588188063225,0.044341801385681334,0.01571663148017815,0.08475750577367203,1
2023-08-21 00:00:00+00:00,44.49,47.06,44.22,46.97,692573000,0.08475750577367203,0.08135646503045946,44.208,44.557500000000005,44.5551872598375,44.159846578807986,0.03173284750979641,455830300.0,1.5193658692719638,0.0604641260378966,0.05574286356484596,-0.02767724079199485,0
2023-08-22 00:00:00+00:00,48.13,48.19,45.33,45.67,755293000,-0.02767724079199485,-0.028067472841995844,44.553999999999995,44.557,44.92679150655834,44.30367071415961,0.032029053844601967,476190900.0,1.5861138883586394,0.06262316619224872,-0.051111572823602756,0.031749507335230964,1
2023-08-23 00:00:00+00:00,45.87,47.2,45.21,47.12,779046000,0.031749507335230964,0.03125591214642354,45.279999999999994,44.6405,45.65786100437223,44.57189255090631,0.032749202385765376,496931350.0,1.567713528236848,0.04223259762309003,0.027250926531502073,0.000848896434634927,1
2023-08-24 00:00:00+00:00,50.22,50.27,47.16,47.16,1156044000,0.000848896434634927,0.0008485363258388112,46.044,44.7035,46.15857400291482,44.81837897462952,0.032694586369982306,531934750.0,2.1732815913981933,0.06594571670907563,-0.06093189964157711,-0.024173027989821794,0
2023-08-25 00:00:00+00:00,47.01,47.8,45.02,46.02,925341000,-0.024173027989821794,-0.024469991061950136,46.588,44.666999999999994,46.11238266860988,44.93281907228385,0.0329242812072822,561642100.0,1.647563457226586,0.060408518035636544,-0.021059349074664856,0.01781833985223824,1
2023-08-28 00:00:00+00:00,46.48,46.98,44.89,46.84,685192000,0.01781833985223824,0.017661454122296583,46.562,44.6725,46.35492177907326,45.11445535111396,0.033182120685160334,583348950.0,1.1745834118669451,0.04461998292058062,0.007745266781411501,0.04141759180187865,1
2023-08-29 00:00:00+00:00,46.67,49.08,46.39,48.78,701397000,0.04141759180187865,0.04058285405825757,47.184,44.786,47.16328118604884,45.46355484148406,0.03435989417889712,606525900.0,1.1564172280194465,0.05514555145551451,0.04521105635311762,0.009840098400983877,1
2023-08-30 00:00:00+00:00,49.04,49.93,48.42,49.26,735206000,0.009840098400983877,0.009791999904617654,47.612,45.0355,47.86218745736589,45.82512104705701,0.03214611547677653,616779100.0,1.1920086137808497,0.03065367438083634,0.0044861337683523425,0.0018270401948843329,1
2023-08-31 00:00:00+00:00,49.38,49.74,48.96,49.35,528570000,0.0018270401948843329,0.0018253731870987444,48.05,45.277,48.35812497157727,46.16082380448015,0.03215556556129251,626998800.0,0.8430159674946747,0.015805471124620083,-0.0006075334143378116,-0.017021276595744705,0
2023-09-01 00:00:00+00:00,49.76,49.8,48.14,48.51,463830000,-0.017021276595744705,-0.017167803622365252,48.548,45.4685,48.408749981051514,46.38455487072014,0.03254125294577084,632057000.0,0.7338420427271591,0.03421974850546272,-0.02512057877813505,0.0008245722531436961,1
2023-09-05 00:00:00+00:00,48.22,48.85,47.86,48.55,382653000,0.0008245722531436961,0.0008242324802085754,48.89,45.625,48.45583332070101,46.59078774017536,0.03241728362580525,635081950.0,0.6025253906208482,0.020391349124613843,0.00684363334715882,-0.03069001029866103,0
2023-09-06 00:00:00+00:00,48.44,48.55,46.58,47.06,468670000,-0.03069001029866103,-0.031170811438117507,48.546,45.745,47.990555547134015,46.63547462206341,0.03303798288673012,640823300.0,0.7313560540011576,0.041861453463663385,-0.02848885218827406,-0.01742456438589035,0
2023-09-07 00:00:00+00:00,45.52,46.34,45.15,46.24,433330000,-0.01742456438589035,-0.01757815893509429,47.942,45.929500000000004,47.40703703142268,46.59781037234308,0.031200895793720578,633167350.0,0.6843846259602615,0.02573529411764716,0.015817223198593997,-0.014489619377162644,0
2023-09-08 00:00:00+00:00,45.94,46.61,45.27,45.57,473069000,-0.014489619377162644,-0.014595619088330736,47.186,46.0885,46.79469135428179,46.49992367021517,0.03143870567661587,632185550.0,0.7483072018966583,0.029405310511301214,-0.008053983456682574,-0.008558262014483176,0
2023-09-11 00:00:00+00:00,46.15,46.16,44.31,45.18,473966000,-0.008558262014483176,-0.008595094235934297,46.519999999999996,46.305,46.25646090285453,46.3742166540042,0.030120841400515835,629229600.0,0.7532480989451227,0.04094732182381572,-0.02101841820151677,-0.006861443116423227,0
2023-09-12 00:00:00+00:00,44.74,45.67,44.53,44.87,349256000,-0.006861443116423227,-0.006885091051965109,45.784000000000006,46.361000000000004,45.79430726856969,46.23095792505142,0.026214825027655896,612178100.0,0.5705137116143162,0.0254067305549365,0.0029056772463119233,0.013594829507465933,1
2023-09-13 00:00:00+00:00,44.6,45.93,44.5,45.48,398355000,0.013594829507465933,0.01350324889444332,45.468,46.438,45.68953817904646,46.15943812266558,0.02635117034459986,598270250.0,0.6658445744210079,0.03144239226033421,0.019730941704035772,0.0021987686895339476,1
2023-09-14 00:00:00+00:00,45.95,45.99,45.13,45.58,370097000,0.0021987686895339476,0.002196354935202649,45.336,46.5425,45.65302545269764,46.10425353955457,0.02619896460914859,590402550.0,0.6268553548760926,0.018867924528301876,-0.008052230685527847,-0.03685827117156648,0
2023-09-15 00:00:00+00:00,45.34,45.6,43.81,43.9,506831000,-0.03685827117156648,-0.03755470373641234,45.001999999999995,46.5705,45.06868363513176,45.89432463102557,0.027664974410153715,593124350.0,0.8545105254909868,0.04077448747152618,-0.0317600352889282,0.0015945330296127658,1
2023-09-18 00:00:00+00:00,42.75,44.24,42.0,43.97,500271000,0.0015945330296127658,0.001593263111593135,44.76,46.604,44.70245575675451,45.71105561854694,0.027663203444316765,588949500.0,0.8494293653360772,0.050943825335456036,0.028538011695906407,-0.010234250625426378,0
2023-09-19 00:00:00+00:00,43.83,43.97,43.0,43.52,373064000,-0.010234250625426378,-0.01028698064503164,44.489999999999995,46.4315,44.30830383783635,45.50238365487581,0.020193202633017663,572974050.0,0.6511010402652616,0.022288602941176443,-0.007072781200091151,-0.02941176470588236,0
2023-09-20 00:00:00+00:00,43.6,43.9,42.22,42.24,367108000,-0.02941176470588236,-0.02985296314968089,43.842,46.260000000000005,43.61886922522424,45.19168044964954,0.020309680035827827,553564800.0,0.6631707796449485,0.039772727272727265,-0.0311926605504587,-0.02888257575757569,0
2023-09-21 00:00:00+00:00,41.58,42.1,40.98,41.02,450736000,-0.02888257575757569,-0.029307886753771495,42.92999999999999,45.955,42.752579483482826,44.79437754968291,0.019280416469299743,537149300.0,0.8391261051629407,0.027303754266211712,-0.013468013468013353,0.014383227693807843,1
2023-09-22 00:00:00+00:00,41.57,42.12,41.23,41.61,479236000,0.014383227693807843,0.014280770350615146,42.472,45.6775,42.37171965565522,44.49110349733216,0.019792842123634257,503308900.0,0.9521707245788819,0.021389089161259325,0.0009622323791195368,0.014659937515020482,1
2023-09-25 00:00:00+00:00,41.59,42.54,41.18,42.22,419091000,0.014659937515020482,0.01455351942532479,42.122,45.4875,42.32114643710348,44.27480792615767,0.01982668875614795,477996400.0,0.8767660174846506,0.032212221695878715,0.01514787208463562,-0.007342491710090049,0
2023-09-26 00:00:00+00:00,42.0,42.82,41.66,41.91,402282000,-0.007342491710090049,-0.007369580483194582,41.8,45.241,42.18409762473566,44.04958812366647,0.019145135022695717,463850900.0,0.8672657528529103,0.027678358387019895,-0.002142857142857224,0.01336196611787166,1
2023-09-27 00:00:00+00:00,42.33,42.87,41.63,42.47,444935000,0.01336196611787166,0.01327348238819992,41.846,44.9255,42.27939841649044,43.89915115950776,0.016467510250223815,451027800.0,0.9864912983190837,0.029197080291970684,0.0033073470351996357,0.014598540145985606,1
2023-09-28 00:00:00+00:00,42.46,43.45,42.12,43.09,424663000,0.014598540145985606,0.014493007302566863,42.26,44.617000000000004,42.54959894432696,43.82208914431654,0.016749827200202485,435500650.0,0.9751145032734164,0.03086563007658402,0.014837494112105571,0.009514968670224944,1
2023-09-29 00:00:00+00:00,43.83,44.14,43.31,43.5,397830000,0.009514968670224944,0.009469986466891456,42.638,44.3245,42.86639929621798,43.79141398771496,0.0170391275425982,428963650.0,0.9274212395385949,0.019080459770114903,-0.0075290896646132395,0.029425287356321883,1
2023-10-02 00:00:00+00:00,44.03,45.17,43.86,44.78,433298000,0.029425287356321883,0.02900067307597043,43.15,44.138,43.50426619747866,43.88556503650401,0.018550888501635474,427437050.0,1.0137118436504275,0.02925413130861997,0.017033840563252328,-0.02813756141134427,0
2023-10-03 00:00:00+00:00,44.81,45.13,43.25,43.52,470850000,-0.02813756141134427,-0.028541008622921638,43.472,43.8865,43.50951079831911,43.85074931874173,0.019296060836879,431846900.0,1.090316961867736,0.04319852941176476,-0.028788216915866974,0.011948529411764719,1
2023-10-04 00:00:00+00:00,43.74,44.14,43.29,44.04,361821000,0.011948529411764719,0.011877709306792106,43.786,43.7355,43.686340532212746,43.86877319314728,0.018668944355423444,426504450.0,0.8483405038329612,0.01930063578564944,0.006858710562414201,0.014759309718437752,1
2023-10-05 00:00:00+00:00,44.05,44.9,43.89,44.69,393483000,0.014759309718437752,0.01465145109088084,44.106,43.658,44.02089368814183,43.94698526999039,0.018763849988927675,424512100.0,0.9269064415360598,0.022600134258223274,0.014528944381384804,0.02394271649138502,1
2023-10-06 00:00:00+00:00,44.19,45.79,44.03,45.76,434436000,0.02394271649138502,0.02366058412618255,44.558,43.6675,44.60059579209456,44.11965333951512,0.019322212255120336,422580450.0,1.0280551312773698,0.03846153846153842,0.035528400090518227,-0.01070804195804187,0
2023-10-09 00:00:00+00:00,44.84,45.6,44.37,45.27,409675000,-0.01070804195804187,-0.01076578562367514,44.656,43.672000000000004,44.82373052806304,44.2292101643232,0.019380271997113716,419365900.0,0.9768915402992947,0.027170311464546144,0.009589652096342544,0.011707532582283964,1
2023-10-10 00:00:00+00:00,45.31,46.26,45.09,45.8,368582000,0.011707532582283964,0.011639529672271554,45.112,43.7185,45.14915368537536,44.378809196292416,0.019471346710387225,420332200.0,0.8768826180816031,0.025545851528384164,0.01081438975943489,0.02205240174672496,1
2023-10-11 00:00:00+00:00,46.2,46.86,46.05,46.81,378137000,0.02205240174672496,0.021812764191840195,45.666,43.785,45.70276912358358,44.6103511775979,0.019836825620157567,419321300.0,0.9017834295562853,0.017303994872890457,0.013203463203463191,0.00299081392864764,1
2023-10-12 00:00:00+00:00,46.78,47.61,46.33,46.95,481325000,0.00299081392864764,0.002986350342292887,46.118,43.853500000000004,46.118512749055725,44.83317487496953,0.019839194824288402,424882700.0,1.132842076177731,0.027263045793397254,0.0036340316374519387,-0.03173588924387649,0
2023-10-13 00:00:00+00:00,46.96,47.12,45.28,45.46,474115000,-0.03173588924387649,-0.03225038722987472,46.05800000000001,43.9315,45.89900849937048,44.892872505924814,0.019318515784165567,423246900.0,1.120185404783827,0.04047514298284198,-0.031942078364565585,0.013858336999560184,1
2023-10-16 00:00:00+00:00,45.06,46.23,44.91,46.09,375099000,0.013858336999560184,0.013763188308019814,46.222,44.0375,45.962672332913655,45.006884648217685,0.019504226194896477,416988300.0,0.8995432245940713,0.028639618138424826,0.02285841100754552,-0.04664786287697997,0
2023-10-17 00:00:00+00:00,44.0,44.75,42.48,43.94,812333000,-0.04664786287697997,-0.047770939775952925,45.85,44.058499999999995,45.28844822194244,44.90527658648267,0.022372888151795438,438951750.0,1.8506202560987626,0.051661356395084276,-0.0013636363636364154,-0.03959945380063712,0
2023-10-18 00:00:00+00:00,42.59,43.22,41.83,42.2,627294000,-0.03959945380063712,-0.04040484591449811,44.928,44.05650000000001,44.258965481294965,44.64763119729385,0.023233705022198674,451961050.0,1.3879381862662723,0.03293838862559243,-0.009157079126555542,-0.0023696682464455776,0
2023-10-19 00:00:00+00:00,42.81,43.3,41.88,42.1,501233000,-0.0023696682464455776,-0.0023724803536304684,43.958000000000006,44.110499999999995,43.539310320863315,44.404999654694436,0.02220626804959259,454485900.0,1.102857096336762,0.033729216152018876,-0.0165849100677412,-0.016864608076009535,0
2023-10-20 00:00:00+00:00,41.89,42.47,41.08,41.39,477266000,-0.016864608076009535,-0.017008434927694438,43.144,44.0995,42.82287354724221,44.11785683043782,0.022345326322734324,454387400.0,1.0503504278507723,0.03358299106064268,-0.011936022917164,0.03841507610533945,1
2023-10-23 00:00:00+00:00,41.23,43.25,40.95,42.98,478530000,0.03841507610533945,0.03769558545372309,42.522,44.1375,42.8752490314948,44.00948951325327,0.023710536350877272,457359350.0,1.0462888754761437,0.053513261982317296,0.04244482173174873,0.01582131223825045,1
2023-10-24 00:00:00+00:00,43.08,43.7,42.69,43.66,401463000,0.01582131223825045,0.01569745990743332,42.465999999999994,44.225,43.1368326876632,43.976204797705336,0.023848140943029464,457318400.0,0.877863213026198,0.02313330279431986,0.013463324048282226,-0.04306000916170394,0
2023-10-25 00:00:00+00:00,43.4,43.65,41.55,41.78,398379000,-0.04306000916170394,-0.0440145949933779,42.382,44.1905,42.6845551251088,43.76704243601912,0.025789940084484184,454990600.0,0.8755763305879286,0.0502632838678794,-0.037327188940092106,-0.03470560076591678,0
2023-10-26 00:00:00+00:00,41.85,42.26,39.88,40.33,541001000,-0.03470560076591678,-0.035322147243142865,42.028000000000006,44.052499999999995,41.8997034167392,43.439705061160154,0.026625304905678705,460807500.0,1.1740282004958686,0.059013141581948814,-0.03632019115890091,0.004215224398710582,1
2023-10-27 00:00:00+00:00,41.13,41.21,40.02,40.5,416784000,0.004215224398710582,0.004206365227216402,41.85,43.902499999999996,41.43313561115947,43.15973315057347,0.02651813205217777,461755200.0,0.9026081352197008,0.02938271604938266,-0.015317286652078837,0.016296296296296253,1
2023-10-30 00:00:00+00:00,41.09,41.77,40.48,41.16,388028000,0.016296296296296253,0.016164936853355627,41.486000000000004,43.721500000000006,41.34209040743965,42.96928237432838,0.025834820159042426,459491700.0,0.8444722722956693,0.03134110787172027,0.0017035775127766653,-0.009232264334305018,0
2023-10-31 00:00:00+00:00,40.45,40.88,39.23,40.78,517969000,-0.009232264334305018,-0.009275145819539699,40.910000000000004,43.584500000000006,41.1547269382931,42.76077929105901,0.025232187272518084,461847650.0,1.121514854519667,0.0404610102991664,0.008158220024721836,0.03800882785679249,1
2023-11-01 00:00:00+00:00,40.88,42.38,40.87,42.33,437593000,0.03800882785679249,0.03730428938652297,41.019999999999996,43.499,41.546484625528734,42.71975269191053,0.02663609817151597,465636250.0,0.939774341022633,0.035672100165367475,0.03546966731898228,0.027876210725253925,1
2023-11-02 00:00:00+00:00,43.33,43.88,42.89,43.51,409172000,0.027876210725253925,0.027494742199756672,41.65599999999999,43.440000000000005,42.20098975035249,42.7950143403,0.027206871660456416,466420700.0,0.8772595212862551,0.02275339002528159,0.004154165705054228,0.0344748333716387,1
2023-11-03 00:00:00+00:00,44.02,45.31,43.72,45.01,424610000,0.0344748333716387,0.03389389057225234,42.558,43.4025,43.137326500235,43.005965355509524,0.027791690602594652,465929400.0,0.9113183241924635,0.03532548322594987,0.022489777373920827,0.01644079093534767,1
2023-11-06 00:00:00+00:00,45.28,45.94,44.9,45.75,400733000,0.01644079093534767,0.016307104416688922,43.476,43.4265,44.008217666823334,43.26730198831814,0.02794100499928605,465482300.0,0.8608984702533264,0.022732240437158453,0.010379858657243791,0.004371584699453646,1
2023-11-07 00:00:00+00:00,45.72,46.22,45.16,45.95,343165000,0.004371584699453646,0.004362057080165904,44.51,43.434,44.65547844454889,43.52279703704974,0.027835864763560023,464211450.0,0.7392428601233338,0.023068552774755217,0.005030621172353543,0.013492927094667984,1
2023-11-08 00:00:00+00:00,46.1,46.87,45.97,46.57,346719000,0.013492927094667984,0.01340270819259004,45.358000000000004,43.422000000000004,45.293652296365934,43.813006843045,0.027553700022053398,462640550.0,0.7494349554962271,0.01932574618853336,0.010195227765726657,0.008159759501825237,1
2023-11-09 00:00:00+00:00,47.47,48.23,46.75,46.95,540496000,0.008159759501825237,0.008126648659986024,46.04600000000001,43.422000000000004,45.84576819757729,44.11176809608834,0.027609463077011617,465599100.0,1.1608613504622325,0.03152289669861548,-0.010954286918053424,0.029605963791267342,1
2023-11-10 00:00:00+00:00,47.5,48.47,47.28,48.34,421245000,0.029605963791267342,0.02917616962106484,46.712,43.565999999999995,46.677178798384865,44.51445684884183,0.027247275942616514,462955600.0,0.9099036711079853,0.024617294166321836,0.01768421052631586,0.005792304509722568,1
2023-11-13 00:00:00+00:00,48.32,49.12,48.1,48.62,384136000,0.005792304509722568,0.00577559361264024,47.286,43.6925,47.32478586558991,44.90546095847594,0.02714064147058309,463407450.0,0.8289379033504964,0.020979020979020897,0.00620860927152312,0.021390374331550888,1
2023-11-14 00:00:00+00:00,49.68,49.83,49.04,49.66,416954000,0.021390374331550888,0.021164811192043498,48.028000000000006,43.9785,48.10319057705994,45.358274200525855,0.02466146378908496,443638500.0,0.9398508019479824,0.015908175594039453,-0.0004025764895330742,-0.015505436971405495,0
2023-11-15 00:00:00+00:00,49.94,49.96,48.2,48.89,475497000,-0.015505436971405495,-0.015626903489466493,48.492,44.313,48.36546038470663,45.69462903857101,0.022749551743802453,436048650.0,1.0904677723460443,0.035999181836776396,-0.021025230276331543,0.0120679075475556,1
2023-11-16 00:00:00+00:00,48.68,49.52,48.33,49.48,339756000,0.0120679075475556,0.011995670933732772,48.998000000000005,44.682,48.73697358980442,46.0551405587071,0.022652772682807718,427974800.0,0.7938691717362798,0.024050121261115703,0.016433853738701668,-0.003637833468067897,0
2023-11-17 00:00:00+00:00,49.52,49.72,49.01,49.3,325205000,-0.003637833468067897,-0.0036444664756425382,49.19,45.0775,48.924649059869616,46.36417479121119,0.02206333430452667,420371750.0,0.7736128795524437,0.014401622718052757,-0.00444264943457201,0.022515212981744304,1
2023-11-20 00:00:00+00:00,49.31,50.55,49.18,50.41,414120000,0.022515212981744304,0.02226548704589515,49.547999999999995,45.449,49.419766039913085,46.749491477762504,0.02125257009244747,417151250.0,0.9927334509964911,0.027177147391390547,0.0223078483066314,-0.009323546915294578,0
2023-11-21 00:00:00+00:00,50.13,50.52,49.22,49.94,565747000,-0.009323546915294578,-0.009367283242912361,49.604,45.763,49.59317735994206,47.053349432261314,0.021510530722750644,425365450.0,1.33002574609668,0.026031237484982064,-0.0037901456213844968,-0.024429315178213784,0
2023-11-22 00:00:00+00:00,49.85,50.34,47.69,48.72,899420000,-0.024429315178213784,-0.02473266144998565,49.57,46.11,49.30211823996137,47.21207805776024,0.019450417736436208,450417500.0,1.9968584701970948,0.054392446633826065,-0.02266800401203616,-0.019293924466338264,0
2023-11-24 00:00:00+00:00,48.47,48.92,47.74,47.78,294645000,-0.019293924466338264,-0.019482481503978022,49.230000000000004,46.4825,48.79474549330759,47.26616586178307,0.01786501049589984,438099700.0,0.6725523893305565,0.024696525742988692,-0.014235609655456937,0.009627459187944831,1
2023-11-27 00:00:00+00:00,47.8,48.53,47.65,48.24,395662000,0.009627459187944831,0.009581410521266598,49.018,46.8695,48.60983032887173,47.35891197018468,0.01783781545972624,437043600.0,0.9053147100197784,0.018242122719734712,0.009205020920502193,-0.008706467661691586,0
2023-11-28 00:00:00+00:00,48.24,48.32,47.47,47.82,401491000,-0.008706467661691586,-0.008744590388751305,48.5,47.2025,48.346553552581156,47.40282511588137,0.018159147609274284,437716750.0,0.9172392877357333,0.017774989544123827,-0.008706467661691577,0.006691760769552468,1
2023-11-29 00:00:00+00:00,48.38,48.76,47.86,48.14,382005000,0.006691760769552468,0.006669470324747184,48.14,47.570499999999996,48.277702368387445,47.47303224770219,0.017728875510226498,430918550.0,0.8864900339054793,0.018695471541337737,-0.0049607275733774695,-0.02845866223514748,0
2023-11-30 00:00:00+00:00,48.02,48.11,46.42,46.77,526247000,-0.02845866223514748,-0.028871460617131195,47.75,47.7925,47.775134912258295,47.40607679554008,0.01819909819097401,435351250.0,1.2087871574963893,0.03613427410733371,-0.026030820491461888,0.0,0
2023-12-01 00:00:00+00:00,46.52,47.2,46.19,46.77,369317000,0.0,0.0,47.548,47.9555,47.44008994150553,47.3454980531077,0.017431710761183716,433358500.0,0.8522205056552485,0.02159503955527058,0.005374032674118658,-0.02694034637588205,0
2023-12-04 00:00:00+00:00,46.08,46.08,45.01,45.51,437543000,-0.02694034637588205,-0.027309889709244306,47.001999999999995,47.9805,46.79672662767035,47.17068871471648,0.017206745750232344,434005150.0,1.008151631380411,0.023511316194243032,-0.012369791666666673,0.023291584267194132,1
2023-12-05 00:00:00+00:00,45.47,46.6,45.27,46.57,371718000,0.023291584267194132,0.023024474965735564,46.751999999999995,48.021499999999996,46.721151085113576,47.11348026569587,0.01759171094008391,432554400.0,0.8593554937829785,0.028559158256388197,0.0241917747965692,-0.022976164913034114,0
2023-12-06 00:00:00+00:00,47.22,47.39,45.41,45.5,380590000,-0.022976164913034114,-0.02324423103738127,46.224000000000004,47.999,46.314100723409055,46.95981547848674,0.01837060134591909,434425650.0,0.876076262992298,0.0435164835164836,-0.03642524354087249,0.024175824175824312,1
2023-12-07 00:00:00+00:00,45.7,46.63,45.6,46.6,350823000,0.024175824175824312,0.023888215174695304,46.190000000000005,48.0005,46.40940048227271,46.92554733767847,0.018929143727063325,434630850.0,0.8071746402723139,0.02210300429184552,0.01969365426695839,0.019527896995708005,1
2023-12-08 00:00:00+00:00,46.59,47.74,46.55,47.51,359224000,0.019527896995708005,0.019339674067230028,46.338,48.028499999999994,46.77626698818181,46.981209495994804,0.019343037696385342,425567250.0,0.844106307522489,0.025047358450852555,0.019746726765400183,-0.018522416333403346,0
2023-12-11 00:00:00+00:00,47.49,47.53,45.83,46.63,509728000,-0.018522416333403346,-0.018696104378600698,46.562,47.943,46.72751132545454,46.947760972566726,0.018566210046619507,429991400.0,1.185437662241617,0.03645721638430201,-0.018109075594862065,0.022088784044606458,1
2023-12-12 00:00:00+00:00,46.05,47.67,46.05,47.66,372387000,0.022088784044606458,0.021848360850366344,46.78,47.894999999999996,47.038340883636366,47.01559326089371,0.01924679351094134,429403950.0,0.8672183849263613,0.033990767939572064,0.034961997828447326,0.00902224087284953,1
2023-12-13 00:00:00+00:00,47.63,48.59,47.61,48.09,447792000,0.00902224087284953,0.008981783618975392,47.297999999999995,47.816500000000005,47.388893922424245,47.117917712237166,0.01869329748359989,430945850.0,1.039091106225991,0.020378457059679847,0.00965777871089651,0.005406529423996664,1
2023-12-14 00:00:00+00:00,48.39,48.67,47.42,48.35,391232000,0.005406529423996664,0.0053919666097321794,47.648,47.7895,47.7092626149495,47.23525888250029,0.01845286429753244,426732600.0,0.9168083244636103,0.025853154084798345,-0.0008266170696424705,0.011168562564632945,1
2023-12-15 00:00:00+00:00,48.19,49.4,48.12,48.89,479948000,0.011168562564632945,0.011106654691250828,47.924,47.760000000000005,48.10284174329967,47.392853274643116,0.018422084222653293,433742200.0,1.1065282557242528,0.02618122315401925,0.014525835235526103,0.024340355901002253,1
2023-12-18 00:00:00+00:00,49.4,50.43,49.15,50.08,412587000,0.024340355901002253,0.024048850201288996,48.614,47.799,48.76189449553311,47.64877201039139,0.019205303019163095,438111300.0,0.9417401468530942,0.025559105431309927,0.013765182186234813,-0.009584664536741117,0
2023-12-19 00:00:00+00:00,49.42,49.7,48.9,49.6,464444000,-0.009584664536741117,-0.00963089306096121,49.002,47.758500000000005,49.04126299702208,47.83460324749697,0.018643797697618963,440627500.0,1.054051324531492,0.016129032258064602,0.003642250101173608,-0.03004032258064515,0
2023-12-20 00:00:00+00:00,49.66,50.0,48.1,48.11,397894000,-0.03004032258064515,-0.030500778019519448,49.006,47.666999999999994,48.730841998014725,47.860831509640114,0.01972204124533114,432234850.0,0.9205504831459101,0.03949282893369359,-0.031212243254128014,0.01829141550613178,1
2023-12-21 00:00:00+00:00,48.81,49.09,48.42,48.99,300425000,0.01829141550613178,0.018126139939120822,49.134,47.6805,48.817227998676486,47.96837136586487,0.019433055574200418,402285100.0,0.74679623978119,0.01367626046131867,0.0036877688998156054,-0.0032659726474791873,0
2023-12-22 00:00:00+00:00,49.2,49.38,48.47,48.83,252507000,-0.0032659726474791873,-0.0032713175769143454,49.122,47.733,48.82148533245099,48.0504312357825,0.018896204651678045,400178200.0,0.6309863955607776,0.018636084374360103,-0.007520325203252125,0.009215646119189014,1
2023-12-26 00:00:00+00:00,48.97,49.6,48.96,49.28,244200000,0.009215646119189014,0.009173441151695272,48.962,47.785000000000004,48.97432355496733,48.16753302285083,0.01888677002924268,392605100.0,0.621999051973599,0.012987012987012998,0.006330406371247749,0.0028409090909091717,1
2023-12-27 00:00:00+00:00,49.51,49.68,49.09,49.42,233648000,0.0028409090909091717,0.00283688133519977,48.926,47.865,49.12288236997823,48.28681559210314,0.018747157064158342,384212950.0,0.608121095345693,0.011938486442735659,-0.0018178145829124684,0.0020234722784298054,1
2023-12-28 00:00:00+00:00,49.64,49.88,49.41,49.52,246587000,0.0020234722784298054,0.002021427815876553,49.208000000000006,47.934000000000005,49.25525491331882,48.40426172618856,0.018710373517876955,377442050.0,0.653310885737294,0.009491114701130976,-0.0024174053182916488,0.0,0
2023-12-29 00:00:00+00:00,49.81,50.0,48.75,49.52,389293000,0.0,0.0,49.314,48.0715,49.343503275545885,48.5105225141706,0.01731236885374065,370594350.0,1.0504558420817802,0.02524232633279483,-0.005822124071471575,-0.02726171243941844,0
2024-01-02 00:00:00+00:00,49.24,49.3,47.59,48.17,411254000,-0.02726171243941844,-0.027640207734211053,49.182,48.14149999999999,48.95233551703059,48.47809179853531,0.018607224966992995,372691200.0,1.1034711847234386,0.035499273406684524,-0.021730300568643383,-0.012455885405854294,0
2024-01-03 00:00:00+00:00,47.48,48.18,47.32,47.57,320896000,-0.012455885405854294,-0.012534110197939263,48.839999999999996,48.2445,48.491557011353734,48.39160686534147,0.017674133509031503,366858850.0,0.8747124404931216,0.018078620979608984,0.0018955349620893727,0.009039310489804553,1
2024-01-04 00:00:00+00:00,47.77,48.5,47.51,48.0,306535000,0.009039310489804553,0.008998700463700882,48.556,48.316,48.327704674235825,48.35431097340419,0.01707295704009552,363599700.0,0.8430562511465218,0.020625000000000043,0.004814737282813415,0.022916666666666696,1
2024-01-05 00:00:00+00:00,48.46,49.55,48.31,49.1,415039000,0.022916666666666696,0.022658023892583756,48.472,48.496,48.585136449490555,48.42532897593713,0.016649867134296763,365322150.0,1.1360904341551696,0.025254582484724945,0.013206768468840292,0.0641547861507128,1
2024-01-08 00:00:00+00:00,49.51,52.27,49.48,52.25,642510000,0.0641547861507128,0.062180856044445676,49.01800000000001,48.7785,49.80675763299371,48.78958335918121,0.020772012161658266,379906500.0,1.6912319215385891,0.05339712918660299,0.055342355079781906,0.01703349282296651,1
2024-01-09 00:00:00+00:00,52.4,54.33,51.69,53.14,773100000,0.01703349282296651,0.016890049486746772,50.012,49.06,50.91783842199581,49.2039087535449,0.020694567537411876,400600300.0,1.9298537719517435,0.04968009032743697,0.01412213740458019,0.022770041400075325,1
2024-01-10 00:00:00+00:00,53.62,54.6,53.49,54.35,533796000,0.022770041400075325,0.022514673235551008,51.36800000000001,49.446000000000005,52.06189228133054,49.69401268177872,0.020193757245726824,401803700.0,1.328499463792892,0.02042318307267708,0.013614323013800896,0.008647654093836277,1
2024-01-11 00:00:00+00:00,55.0,55.35,53.56,54.82,596759000,0.008647654093836277,0.00861047730742115,52.732000000000006,49.804,52.98126152088703,50.182201950180755,0.019919312518884836,413022300.0,1.4448590306140854,0.03265231667274716,-0.0032727272727272674,-0.0020065669463699143,0
2024-01-12 00:00:00+00:00,54.62,54.97,54.33,54.71,352994000,-0.0020065669463699143,-0.0020085827989051452,53.854,50.135000000000005,53.55750768059136,50.613420812068306,0.02001308495702238,408282400.0,0.8645829455298587,0.011698044233229767,0.0016477480776273053,0.030524584171083946,1
2024-01-16 00:00:00+00:00,55.02,56.84,54.9,56.38,449580000,0.030524584171083946,0.03006797761023261,54.67999999999999,50.536500000000004,54.49833845372757,51.16261882996657,0.020693579534796454,411199800.0,1.0933371076542353,0.03440936502305791,0.02471828426026898,-0.005853139411138852,0
2024-01-17 00:00:00+00:00,56.35,56.47,54.74,56.05,474394000,-0.005853139411138852,-0.005870336167798307,55.262,50.8945,55.01555896915171,51.62808370330308,0.020892961695317836,410922100.0,1.1544621231128722,0.030865298840321086,-0.00532386867790602,0.018911685994647653,1
2024-01-18 00:00:00+00:00,57.26,57.6,56.11,57.11,491650000,0.018911685994647653,0.01873508315860306,55.814,51.246,55.71370597943448,52.15017096965517,0.020695371195106147,414875250.0,1.1850550255769656,0.026090001751006862,-0.0026196297589940374,0.0416739625284539,1
2024-01-19 00:00:00+00:00,57.99,59.5,57.23,59.49,543501000,0.0416739625284539,0.04082899852304234,56.748000000000005,51.74050000000001,56.972470652956325,52.84920230587849,0.021669507833165683,418828100.0,1.297670810530621,0.03815767355858132,0.02586652871184687,0.0026895276517060474,1
2024-01-22 00:00:00+00:00,60.05,60.33,59.07,59.65,452955000,0.0026895276517060474,0.002685917344111388,57.736000000000004,52.31750000000001,57.86498043530422,53.49689732436626,0.01965524012286942,421581150.0,1.0744194800929785,0.021123218776194434,-0.006661115736885905,0.0036881810561608663,1
2024-01-23 00:00:00+00:00,59.57,59.91,58.59,59.87,294654000,0.0036881810561608663,0.003681396393335312,58.434000000000005,52.8615,58.533320290202816,54.10385948395043,0.019635322520502124,421292600.0,0.6994046418095167,0.022047770168698733,0.005036091992613684,0.024887255720728252,1
2024-01-24 00:00:00+00:00,60.3,62.85,59.94,61.36,560271000,0.024887255720728252,0.024582612121739622,59.496,53.488,59.47554686013522,54.79492048547896,0.019630194984835352,436680800.0,1.2830218319651334,0.04742503259452418,0.01757877280265344,0.004237288135593209,1
2024-01-25 00:00:00+00:00,62.35,62.72,60.85,61.62,482777000,0.004237288135593209,0.004228336109521003,60.398,54.105000000000004,60.19036457342348,55.444928058290486,0.019691039124125582,448609650.0,1.0761627619914105,0.030347289840960686,-0.01170809943865283,-0.00957481337228172,0
2024-01-26 00:00:00+00:00,60.96,61.78,60.57,61.03,390309000,-0.00957481337228172,-0.009620946612117542,60.705999999999996,54.685500000000005,60.470243048948994,55.976839671786635,0.020160084409261776,456442700.0,0.8551106195805082,0.019826314927085052,0.001148293963254598,0.023594953301654842,1
2024-01-29 00:00:00+00:00,61.23,62.49,60.91,62.47,348733000,0.023594953301654842,0.023320894949074855,61.27,55.333000000000006,61.13682869929933,56.59523589352124,0.020248203139583806,461550000.0,0.7555692774347308,0.025292140227309197,0.020251510697370603,0.004802305106451188,1
2024-01-30 00:00:00+00:00,62.9,63.49,62.26,62.77,410735000,0.004802305106451188,0.0047908108239616,61.85,55.99550000000001,61.681219132866225,57.183308665566834,0.02013155929780986,462622100.0,0.8878412855762835,0.019595348096224374,-0.002066772655007877,-0.01975465986936442,0
2024-01-31 00:00:00+00:00,61.44,62.27,60.7,61.53,453795000,-0.01975465986936442,-0.019952391577040984,61.884,56.6635,61.63081275524415,57.59727926884618,0.019397771216089422,464749150.0,0.9764299730295365,0.025516008451162038,0.0014648437500000555,0.024378352023403327,1
2024-02-01 00:00:00+00:00,62.1,63.19,61.65,63.03,369146000,0.024378352023403327,0.02408594277261944,62.166,57.4365,62.097208503496105,58.11468124324178,0.0186501838249087,467161650.0,0.7901890063107706,0.024432809773123895,0.014975845410628014,0.04965889259082967,1
2024-02-02 00:00:00+00:00,63.97,66.6,63.69,66.16,476578000,0.04965889259082967,0.04846524719041678,63.19200000000001,58.3445,63.45147233566408,58.88090207721876,0.02011566395789754,475663800.0,1.0019219457103945,0.04398428053204348,0.034234797561356854,0.047914147521160855,1
2024-02-05 00:00:00+00:00,68.22,69.5,67.2,69.33,680078000,0.047914147521160855,0.04680166223896354,64.564,59.35600000000001,65.41098155710938,59.87605426034078,0.021227233599302574,488915750.0,1.3909922108256894,0.03317467185922396,0.016270888302550565,-0.016010385114669012,0
2024-02-06 00:00:00+00:00,69.63,69.75,66.3,68.22,683111000,-0.016010385114669012,-0.016139935963899177,65.65400000000001,60.154500000000006,66.34732103807292,60.67071575935594,0.019669450590131095,490945800.0,1.3914183602344699,0.050571679859278844,-0.020249892287806933,0.027557900908824262,1
2024-02-07 00:00:00+00:00,68.32,70.22,67.6,70.1,495575000,0.027557900908824262,0.02718501705004428,67.368,61.0025,67.59821402538195,61.56874282989347,0.019900735106255514,477069550.0,1.0387898368277748,0.03737517831669051,0.026053864168618285,-0.0065620542082738265,0
2024-02-08 00:00:00+00:00,70.07,70.79,69.45,69.64,414422000,-0.0065620542082738265,-0.006583679140556242,68.69000000000001,61.76700000000001,68.27880935025463,62.33743398895123,0.020293696296968228,471100850.0,0.8796884998190939,0.019241815048822563,-0.006136720422434603,0.03575531303848356,1
2024-02-09 00:00:00+00:00,70.53,72.19,70.21,72.13,436637000,0.03575531303848356,0.03513093161559322,69.88399999999999,62.63249999999999,69.56253956683642,63.270059323336824,0.020891065719176476,463094750.0,0.9428675233308087,0.027450436711493196,0.02268538210690478,0.0016636628309996127,1
2024-02-12 00:00:00+00:00,72.6,74.61,71.25,72.25,613710000,0.0016636628309996127,0.001662280476960376,70.468,63.5095,70.45835971122429,64.12529176873332,0.02076132150511913,476130550.0,1.2889532083165005,0.04650519031141868,-0.004820936639118379,-0.0016608996539793086,0
2024-02-13 00:00:00+00:00,70.4,73.45,69.62,72.13,602580000,-0.0016608996539793086,-0.001662280476960376,71.25,64.297,71.0155731408162,64.88764493361586,0.0206733108614414,483780550.0,1.2455647503811387,0.053098572022736705,0.024573863636363488,0.024539026757244065,1
2024-02-14 00:00:00+00:00,73.2,74.24,71.94,73.9,504917000,0.024539026757244065,0.024242781438575278,72.01,65.1895,71.97704876054414,65.74596446374768,0.020373341808449234,485306700.0,1.0404080553596313,0.031123139377537173,0.009562841530054683,-0.016779431664411537,0
2024-02-15 00:00:00+00:00,73.87,73.97,72.4,72.66,420122000,-0.016779431664411537,-0.01692180116110098,72.61399999999999,65.967,72.2046991736961,66.40444403862885,0.02145247205058586,481730300.0,0.8721103903989431,0.021607486925405907,-0.01638012725057544,-0.0006881365262867423,0
2024-02-16 00:00:00+00:00,74.1,74.4,72.5,72.61,495327000,-0.0006881365262867423,-0.0006883734008997777,72.71,66.62299999999999,72.33979944913074,66.99544936828325,0.020508062593594306,479321600.0,1.0333917770448902,0.026167194601294665,-0.020107962213225302,-0.043520176284258305,0
2024-02-20 00:00:00+00:00,71.95,71.96,67.73,69.45,704833000,-0.043520176284258305,-0.044495584191802884,72.15,67.113,71.37653296608715,67.22921609511342,0.0238334916500431,491915500.0,1.4328334846127029,0.06090712742980547,-0.03474635163307853,-0.02850971922246226,0
2024-02-21 00:00:00+00:00,68.01,68.89,66.25,67.47,673755000,-0.02850971922246226,-0.028924014561019007,71.21799999999999,67.493,70.07435531072477,67.2521478955788,0.025192450714569093,510870550.0,1.3188370321992529,0.03912850155624723,-0.007940008822232116,0.16407292129835493,1
2024-02-22 00:00:00+00:00,75.03,78.58,74.22,78.54,865100000,0.16407292129835493,0.1519249945105301,72.146,68.352,72.89623687381652,68.32718142933321,0.041168964938413814,526112000.0,1.6443266832917707,0.055513114336643736,0.04678128748500607,0.0035650623885916666,1
2024-02-23 00:00:00+00:00,80.79,82.39,77.57,78.82,829388000,0.0035650623885916666,0.003558722616993748,73.37800000000001,69.21199999999999,74.87082458254434,69.32649748368243,0.04117618273701055,543442550.0,1.5261742018544555,0.06115199188023354,-0.024384205966085072,0.00342552651611272,1
2024-02-26 00:00:00+00:00,79.7,80.65,78.5,79.09,503973000,0.00342552651611272,0.0034196727644681957,74.674,70.115,76.2772163883629,70.25635486618887,0.040913050806967347,549125750.0,0.9177733879716986,0.027184220508281776,-0.007653701380175651,-0.004931091161967438,0
2024-02-27 00:00:00+00:00,79.38,79.48,77.16,78.7,391705000,-0.004931091161967438,-0.004943289107968596,76.524,70.9265,77.08481092557528,71.06051154559945,0.04102436521108331,551274350.0,0.7105445773052927,0.029479034307496915,-0.008566389518770378,-0.013214739517153795,0
2024-02-28 00:00:00+00:00,77.62,78.93,77.12,77.66,393110000,-0.013214739517153795,-0.013302831119836434,78.562,71.67099999999999,77.27654061705019,71.68903425554235,0.04137918466076337,550393100.0,0.7142349713323077,0.023306721607004924,0.0005153311002317964,0.018671130569147598,1
2024-02-29 00:00:00+00:00,79.09,79.99,78.35,79.11,507289000,0.018671130569147598,0.018498964729784184,78.676,72.55,77.88769374470013,72.39579289787166,0.040771637835785045,553067800.0,0.9172275080921363,0.02073062823916067,0.00025287646984443064,0.040070787511060635,1
2024-03-01 00:00:00+00:00,80.0,82.3,79.44,82.28,479135000,0.040070787511060635,0.03928877575145151,79.368,73.5125,79.3517958298001,73.33714595521722,0.04113779950290069,558567250.0,0.8577928620054255,0.03475935828877005,0.028500000000000015,0.03597472046669892,1
2024-03-04 00:00:00+00:00,84.13,87.69,83.72,85.24,615616000,0.03597472046669892,0.0353427424456596,80.598,74.46650000000001,81.31453055320007,74.47075110233939,0.04064959963888655,565519150.0,1.088585594316302,0.046574378226184876,0.013193866634969683,0.008446738620365934,1
2024-03-05 00:00:00+00:00,85.27,86.1,83.42,85.96,520639000,0.008446738620365934,0.008411264543893182,82.04999999999998,75.298,82.86302036880005,75.56496528306897,0.039851609136115754,557547200.0,0.9338025551917398,0.0311772917636109,0.00809194323912276,0.0318752908329456,1
2024-03-06 00:00:00+00:00,88.02,89.72,87.03,88.7,582520000,0.0318752908329456,0.03137781754122493,84.258,76.32199999999999,84.80868024586671,76.81592097039574,0.03957962321789952,552517650.0,1.0543011612389215,0.030326944757609893,0.007725516927970993,0.04475760992108224,1
2024-03-07 00:00:00+00:00,90.16,92.77,89.6,92.67,608119000,0.04475760992108224,0.04378490628306597,86.97,77.4505,87.42912016391115,78.32583325892948,0.04006108241360522,558144850.0,1.0895361661045515,0.03420740261141687,0.02783939662821656,-0.055465630732707494,0
2024-03-08 00:00:00+00:00,95.14,97.4,86.51,87.53,1142269000,-0.055465630732707494,-0.057063203854253786,88.02000000000001,78.345,87.46274677594077,79.20242056760287,0.04291200668610781,594537200.0,1.9212742280886714,0.12441448646178453,-0.07998738700861888,-0.020107391751399528,0
2024-03-11 00:00:00+00:00,86.43,88.8,84.17,85.77,678364000,-0.020107391751399528,-0.0203122967420164,88.126,79.027,86.8984978506272,79.82790432306926,0.043090933964396935,606623550.0,1.118261894052745,0.05398157864055026,-0.0076362374175634705,0.07158680191209044,1
2024-03-12 00:00:00+00:00,88.05,91.96,86.15,91.91,668075000,0.07158680191209044,0.06914054236768852,89.316,80.01,88.5689985670848,80.97858010182456,0.0451086468632381,609341800.0,1.0963879385921005,0.06321401370906309,0.04383872799545712,-0.011097813078011054,0
2024-03-13 00:00:00+00:00,91.06,91.5,88.44,90.89,635713000,-0.011097813078011054,-0.011159853239339768,89.75399999999999,80.948,89.34266571138988,81.92252485403175,0.0453099643886086,610998450.0,1.0404494479486814,0.033667070084717816,-0.0018669009444322612,-0.03245681593134564,0
2024-03-14 00:00:00+00:00,89.58,90.65,86.6,87.94,602318000,-0.03245681593134564,-0.032995220378015055,88.808,81.65,88.87511047425993,82.49561772507634,0.046264260974762245,615868500.0,0.9779977381535182,0.04605412781441905,-0.018307657959365935,-0.0011371389583806346,0
2024-03-15 00:00:00+00:00,86.93,89.55,86.26,87.84,642086000,-0.0011371389583806346,-0.0011377859914434296,88.86999999999999,82.409,88.53007364950662,83.00460651316432,0.045937712553110334,626966700.0,1.02411499685709,0.0374544626593806,0.010468192798803596,0.00694444444444442,1
2024-03-18 00:00:00+00:00,90.39,92.41,87.08,88.45,668976000,0.00694444444444442,0.0069204428445743815,89.40599999999999,83.201,88.50338243300442,83.52321541667249,0.045880485609113446,635649150.0,1.0524296304022431,0.060260033917467475,-0.021462551167164483,0.010740531373657491,1
2024-03-19 00:00:00+00:00,86.7,90.54,85.01,89.4,672171000,0.010740531373657491,0.010683261573674052,88.90400000000001,84.1985,88.80225495533628,84.0829091865132,0.04406247334045611,634016050.0,1.0601797856694637,0.061856823266219246,0.03114186851211076,0.010850111856823164,1
2024-03-20 00:00:00+00:00,89.8,90.41,88.22,90.37,479063000,0.010850111856823164,0.010791671734395436,88.8,85.34349999999999,89.32483663689086,84.68167974017862,0.04297284896208841,624281450.0,0.7673830449391056,0.02423370587584373,0.006347438752784047,0.01184021245988709,1
2024-03-21 00:00:00+00:00,92.3,92.65,90.41,91.44,480372000,0.01184021245988709,0.011770665572691463,89.5,85.9885,90.02989109126058,85.32532928873304,0.02833776739620707,605045050.0,0.7939441864700818,0.024496937882764754,-0.009317443120260015,0.03116797900262469,1
2024-03-22 00:00:00+00:00,91.14,94.78,90.83,94.29,586719000,0.03116797900262469,0.03069211999103061,90.79,86.762,91.44992739417373,86.17910745171085,0.02877997454296121,592911600.0,0.9895556099762596,0.04189203521052076,0.034562211981566886,0.0075299607593593,1
2024-03-25 00:00:00+00:00,93.94,96.77,93.51,95.0,552136000,0.0075299607593593,0.007501752122954564,92.1,87.55749999999999,92.63328492944916,87.01919245630982,0.02875307437640838,595319750.0,0.9274612508656063,0.03431578947368411,0.011283798169044096,-0.025684210526315754,0
2024-03-26 00:00:00+00:00,95.85,96.38,92.5,92.56,513648000,-0.025684210526315754,-0.026019808715119552,92.732,88.2505,92.60885661963277,87.54688841285176,0.029669000533415937,601416900.0,0.854063129918697,0.04191875540190142,-0.03432446531038072,-0.02495678478824548,0
2024-03-27 00:00:00+00:00,93.11,93.24,89.12,90.25,586067000,-0.02495678478824548,-0.025273485672430596,92.708,88.88000000000001,91.82257107975519,87.80432761162777,0.030238997027211532,611064750.0,0.9590914874405699,0.04565096952908577,-0.030716356997100198,0.0012188365650969146,1
2024-03-28 00:00:00+00:00,90.0,91.3,89.19,90.36,435212000,0.0012188365650969146,0.0012180943868118632,92.492,89.4425,91.33504738650348,88.04772498194893,0.03015531372289532,607460900.0,0.7164444658084166,0.023351040283311194,0.003999999999999994,0.0,0
2024-04-01 00:00:00+00:00,90.3,92.22,89.2,90.36,452441000,0.0,0.0,91.70599999999999,89.8465,91.01003159100233,88.26794165033475,0.029181032660499137,606126200.0,0.7464468620561197,0.033421868083222624,0.0006644518272425501,-0.01007082779991142,0
2024-04-02 00:00:00+00:00,88.45,90.09,87.62,89.45,433064000,-0.01007082779991142,-0.010121881645074104,90.596,90.05699999999999,90.49002106066823,88.38051863601714,0.028428114087472294,596998600.0,0.7254020361186777,0.0276131917272219,0.011305822498586773,-0.005477920626048127,0
2024-04-03 00:00:00+00:00,88.48,90.37,88.4,88.96,370067000,-0.005477920626048127,-0.005492979452456304,89.876,90.207,89.9800140404455,88.43570733734884,0.028443650449051457,589470000.0,0.6277961558688313,0.022144784172661858,0.0054249547920432835,-0.03428507194244601,0
2024-04-04 00:00:00+00:00,90.41,90.63,85.88,85.91,434965000,-0.03428507194244601,-0.03488659385230708,89.008,90.06750000000001,88.62334269363033,88.19516378141086,0.028665090282430646,582092250.0,0.747244100913558,0.055290420207193575,-0.04977325517088818,0.024444185775811977,1
2024-04-05 00:00:00+00:00,86.87,88.48,85.93,88.01,399678000,0.024444185775811977,0.02415020773575538,88.53799999999998,89.8345,88.4188951290869,88.17752913556221,0.0273343308801382,571670200.0,0.6991408682838461,0.028973980229519337,0.01312305744215495,-0.009998863765481314,0
2024-04-08 00:00:00+00:00,88.7,88.83,86.73,87.13,283220000,-0.009998863765481314,-0.01004918814252509,87.89200000000001,89.8145,87.98926341939128,88.07776445598486,0.0242497683950233,528717750.0,0.5356733342128196,0.024101916676230857,-0.017700112739571672,-0.02042924365890053,0
2024-04-09 00:00:00+00:00,87.44,87.64,83.02,85.35,501700000,-0.02042924365890053,-0.02064080700274573,87.07199999999999,89.79350000000001,87.10950894626086,87.81797736493868,0.024264194681346586,519884550.0,0.9650219457377605,0.054130052724077386,-0.023902104300091532,0.019800820152314103,1
2024-04-10 00:00:00+00:00,83.93,87.4,83.71,87.04,431929000,0.019800820152314103,0.019607333867183385,86.688,89.55,87.08633929750725,87.74388428256357,0.018698877878453174,508077250.0,0.8501246611612703,0.04239430147058837,0.03705468843083521,0.04113051470588225,1
2024-04-11 00:00:00+00:00,87.42,90.74,86.93,90.62,431637000,0.04113051470588225,0.04030715613135882,87.63000000000001,89.5365,88.26422619833818,88.01780006517656,0.02088967445066051,497873450.0,0.8669612729901545,0.042043698962701256,0.0366048959048273,-0.026815272566762416,0
2024-04-12 00:00:00+00:00,89.7,90.17,87.53,88.19,426805000,-0.026815272566762416,-0.027181361338902477,87.666,89.549,88.23948413222546,88.03420005896928,0.020444241129930877,489097800.0,0.8726373334740005,0.029935366821635112,-0.016833890746934282,-0.02483274747703823,0
2024-04-15 00:00:00+00:00,89.1,90.61,85.93,86.0,443077000,-0.02483274747703823,-0.025146281646581947,87.44000000000001,89.457,87.49298942148364,87.84046672001982,0.021213710820096078,479147350.0,0.924719713048606,0.0544186046511627,-0.0347923681257014,0.0165116279069768,1
2024-04-16 00:00:00+00:00,86.43,88.12,86.06,87.42,370453000,0.0165116279069768,0.016376793181660965,87.854,89.4055,87.46865961432243,87.80042227049412,0.021504300057828957,464221200.0,0.7980096557417025,0.02356440173873258,0.01145435612634496,-0.03877831159917644,0
2024-04-17 00:00:00+00:00,88.34,88.78,83.95,84.03,495400000,-0.03877831159917644,-0.03955021149504123,87.252,89.137,86.32243974288163,87.44133443520897,0.023000389503107996,455382650.0,1.0878763167634955,0.05747947161727952,-0.048788770658818224,0.0076163275020826315,1
2024-04-18 00:00:00+00:00,84.97,86.19,82.4,84.67,447260000,0.0076163275020826315,0.00758746971405877,86.062,88.852,85.77162649525442,87.17739782233193,0.022909533287279835,453792500.0,0.9856046541095325,0.04476201724341552,-0.003530657879251467,-0.10003543167591822,0
2024-04-19 00:00:00+00:00,83.15,84.32,75.61,76.2,875198000,-0.10003543167591822,-0.10539988496158514,83.664,88.09,82.58108433016963,86.13193136306222,0.032030289901668625,473533800.0,1.8482270959327507,0.11430446194225713,-0.08358388454600123,0.0435695538057741,1
2024-04-22 00:00:00+00:00,78.1,80.07,76.4,79.52,596341000,0.0435695538057741,0.042647099655718,82.368,87.35150000000002,81.56072288677976,85.50222361419915,0.03291171428427568,474014900.0,1.2580638287952552,0.04615191146881272,0.018181818181818205,0.03646881287726367,1
2024-04-23 00:00:00+00:00,80.77,82.77,80.26,82.42,438559000,0.03646881287726367,0.035819563562352386,81.368,86.7225,81.84714859118651,85.20867850808494,0.03422029914107279,468336050.0,0.9364194791325587,0.030453773355981446,0.020428376872601284,-0.03324435816549376,0
2024-04-24 00:00:00+00:00,83.95,84.08,79.18,79.68,512208000,-0.03324435816549376,-0.03380951263432852,80.498,86.07849999999999,81.12476572745769,84.68213769779113,0.034490208782040614,468264050.0,1.093844381177671,0.06149598393574286,-0.05086360929124474,0.03702309236947787,1
2024-04-25 00:00:00+00:00,78.87,83.32,78.22,82.63,424641000,0.03702309236947787,0.036354197436750724,80.09,85.69749999999999,81.62651048497179,84.48669601228723,0.03555449141364414,460192750.0,0.9227459580795221,0.06172092460365478,0.04767338658552036,0.06172092460365497,1
2024-04-26 00:00:00+00:00,83.82,88.33,83.39,87.73,551011000,0.06172092460365497,0.05989110542719889,82.396,85.566,83.66100698998119,84.79558210635511,0.038353761376732465,465982700.0,1.1824709372257811,0.05630913028610507,0.04664757814364127,0.00034195828108973814,1
2024-04-29 00:00:00+00:00,87.59,87.99,85.27,87.76,388971000,0.00034195828108973814,0.0003418998266830897,84.04400000000001,85.43599999999999,85.0273379933208,85.07790762003557,0.03835453048781323,462809200.0,0.8404564991361451,0.030993618960802174,0.0019408608288617615,-0.015496809480401108,0
2024-04-30 00:00:00+00:00,87.24,88.82,86.3,86.4,363709000,-0.015496809480401108,-0.015618140156965055,84.84,85.2835,85.4848919955472,85.2038211800322,0.03843945802572612,459341450.0,0.7918053117131058,0.02916666666666662,-0.009628610729023261,-0.03888888888888886,0
2024-05-01 00:00:00+00:00,85.08,86.0,81.25,83.04,559863000,-0.03888888888888886,-0.03966525639243201,85.512,84.9875,84.66992799703146,84.99774297241008,0.03936366767732422,468831250.0,1.1941674109820963,0.057201348747591516,-0.02397743300423122,0.03347784200385351,1
2024-05-02 00:00:00+00:00,84.45,86.24,83.2,85.82,377898000,0.03347784200385351,0.032929660145800455,86.15,84.983,85.05328533135432,85.07605316551388,0.039433366073566255,465977900.0,0.8109783747254966,0.035422978326730276,0.01622261693309639,0.03460731764157554,1
2024-05-03 00:00:00+00:00,87.79,89.28,87.04,88.79,398341000,0.03460731764157554,0.03402195148085685,86.362,85.022,86.29885688756956,85.42976238784588,0.03981221687293816,465911050.0,0.8549722098241713,0.025228066223673778,0.011390818999886091,0.03772947403986926,1
2024-05-06 00:00:00+00:00,89.39,92.22,89.06,92.14,376203000,0.03772947403986926,0.037035128463535294,87.238,85.27250000000001,88.24590459171304,86.06883263662246,0.04054462278196835,470560200.0,0.799479003961661,0.03429563707401776,0.030764067569079314,-0.017256349034078577,0
2024-05-07 00:00:00+00:00,91.1,91.78,89.01,90.55,437342000,-0.017256349034078577,-0.017406975178348105,88.068,85.5325,89.01393639447537,86.49561048075365,0.04045258407343642,467342300.0,0.9358065811718734,0.03059083379348422,-0.006037321624588333,-0.0015461071231364087,0
2024-05-08 00:00:00+00:00,89.48,91.19,89.42,90.41,325721000,-0.0015461071231364087,-0.001547303580148096,89.542,85.701,89.47929092965025,86.86840948258664,0.04027046879031652,462031900.0,0.7049751326694109,0.019577480367215974,0.0103933839964237,-0.018360800796372034,0
2024-05-09 00:00:00+00:00,90.53,91.07,88.23,88.75,378013000,-0.018360800796372034,-0.018531452393749426,90.128,85.6075,89.23619395310017,87.04760857948315,0.039457947016062124,459350700.0,0.8229289734401188,0.031999999999999876,-0.019661990500386625,0.01273239436619722,1
2024-05-10 00:00:00+00:00,90.31,91.4,89.23,89.88,335325000,0.01273239436619722,0.012652018961603062,90.346,85.69200000000001,89.45079596873344,87.3173601433419,0.03907255932928648,454776700.0,0.7373398857065456,0.02414330218068538,-0.004761377477577309,0.005785491766800321,1
2024-05-13 00:00:00+00:00,90.48,91.0,88.53,90.4,289680000,0.005785491766800321,0.005768820081002879,89.998,85.912,89.76719731248897,87.61094489159505,0.038594454840728286,447106850.0,0.6478988188170233,0.027323008849557507,-0.0008841732979663825,0.010619469026548645,1
2024-05-14 00:00:00+00:00,89.6,91.65,88.93,91.36,296507000,0.010619469026548645,0.01056347850956918,90.16,86.10900000000001,90.29813154165933,87.9679977590622,0.038506193361031296,443409550.0,0.6686978212354695,0.029772329246935188,0.0196428571428572,0.03579246935201397,1
2024-05-15 00:00:00+00:00,92.47,94.86,91.6,94.63,417735000,0.03579246935201397,0.03516680461244093,91.00399999999999,86.639,91.74208769443956,88.60247416296104,0.03786109305666176,439526300.0,0.9504209418184987,0.03444996301384345,0.023358927219638764,-0.002853217795624974,0
2024-05-16 00:00:00+00:00,94.91,95.82,94.1,94.36,323952000,-0.002853217795624974,-0.002857295980667196,92.126,87.1235,92.61472512962638,89.15080995696475,0.037909177674753616,433360900.0,0.747533983799646,0.018228062738448483,-0.00579496364977344,-0.019923696481559894,0
2024-05-17 00:00:00+00:00,94.37,94.74,91.81,92.48,359691000,-0.019923696481559894,-0.020124849615406504,92.64599999999999,87.9375,92.56981675308427,89.46787567534905,0.028389477431692012,407585550.0,0.8824920314275125,0.03168252595155701,-0.020027551128536616,0.024870242214532823,1
2024-05-20 00:00:00+00:00,93.75,95.2,93.44,94.78,318764000,0.024870242214532823,0.024566011615374528,93.522,88.7005,93.30654450205618,89.97379227769676,0.027560230204747137,393706700.0,0.8096484007003183,0.01856931842160799,0.01098666666666668,0.006435956952943744,1
2024-05-21 00:00:00+00:00,93.6,95.4,93.18,95.39,328946000,0.006435956952943744,0.006415334617674517,94.328,89.349,94.00102966803746,90.48962158458278,0.026815976434606755,388226050.0,0.8473053263684908,0.02327287975678791,0.01912393162393169,-0.00461264283467866,0
2024-05-22 00:00:00+00:00,95.46,96.02,93.25,94.95,548648000,-0.00461264283467866,-0.004623313898821202,94.392,90.1125,94.31735311202499,90.91441952890823,0.02520650699345866,390048050.0,1.4066164412307662,0.029173249078462304,-0.005342551854179666,0.09320695102685628,1
2024-05-23 00:00:00+00:00,102.03,106.32,101.52,103.8,835065000,0.09320695102685628,0.08911553347349255,96.28,91.17099999999999,97.47823540801666,92.1416176690122,0.030459360741715718,410569250.0,2.0339199781766415,0.046242774566473965,0.017347838870920278,0.025722543352601157,1
2024-05-24 00:00:00+00:00,104.45,106.47,103.0,106.47,429494000,0.025722543352601157,0.025397284594727232,99.078,92.108,100.47549027201111,93.50622551005867,0.028481801493768073,404493400.0,1.0618071889430087,0.03259134028364796,0.019339396840593548,0.06978491593876224,1
2024-05-28 00:00:00+00:00,110.24,114.94,109.88,113.9,652728000,0.06978491593876224,0.06745761512662174,102.902,93.415,104.95032684800742,95.44848974719594,0.03115232396352403,417681250.0,1.5627419234164808,0.044424934152765605,0.03320029027576207,0.008165057067603065,1
2024-05-29 00:00:00+00:00,113.05,115.49,110.9,114.83,557442000,0.008165057067603065,0.008131903334961166,106.79,94.8365,108.24355123200496,97.2943478665106,0.030447260192639252,427367900.0,1.3043609498982025,0.039972132717930764,0.015745245466607705,-0.03770791604981272,0
2024-05-30 00:00:00+00:00,114.65,115.82,109.66,110.5,484553000,-0.03770791604981272,-0.03843725283029009,109.9,96.2095,108.99570082133664,98.55202902208102,0.030333895785503412,423602400.0,1.143886342475869,0.055746606334841596,-0.03619712167466206,-0.007873303167420853,0
2024-05-31 00:00:00+00:00,112.52,112.72,106.94,109.63,613263000,-0.007873303167420853,-0.007904461271359686,111.066,97.4,109.20713388089109,99.60707387712092,0.03038707207254658,435370650.0,1.408599775846167,0.0527227948554228,-0.025684322787060083,0.04898294262519398,1
2024-06-03 00:00:00+00:00,113.62,115.0,112.0,115.0,438392000,0.04898294262519398,0.047821068676801914,112.772,98.7105,111.1380892539274,101.07306684120465,0.031056879653508028,437373200.0,1.0023293608296073,0.02608695652173913,0.012145748987854211,0.012521739130434861,1
2024-06-04 00:00:00+00:00,115.72,116.6,114.05,116.44,403324000,0.012521739130434861,0.01244399051417222,113.28,99.9255,112.90539283595162,102.53658428489945,0.030534838906653497,438729250.0,0.9193004569446874,0.02189969082789417,0.006221914967162106,0.051528684300927496,1
2024-06-05 00:00:00+00:00,118.37,122.45,117.47,122.44,528402000,0.051528684300927496,0.05024499519978942,114.80199999999999,101.52000000000001,116.08359522396775,104.4321476863376,0.03088549272532648,443282250.0,1.1920215618829764,0.040672982685396965,0.03438371208921173,-0.011760862463247257,0
2024-06-06 00:00:00+00:00,124.05,125.59,118.32,121.0,664696000,-0.011760862463247257,-0.011830568480470482,116.902,103.04950000000001,117.7223968159785,106.01003838287687,0.03126028761206628,460231000.0,1.44426603162325,0.06008264462809926,-0.024586860137041495,-0.0009090909090908594,0
2024-06-07 00:00:00+00:00,119.77,121.69,118.02,120.89,412386000,-0.0009090909090908594,-0.0009095043828404314,119.154,104.65650000000001,118.77826454398567,107.42717758450765,0.030517661370151886,461949650.0,0.8927076792892905,0.030358176854992154,0.009351256575102317,0.007444784514848202,1
2024-06-10 00:00:00+00:00,120.37,123.1,117.01,121.79,313434100,0.007444784514848202,0.0074172088851183204,120.51200000000001,106.252,119.78217636265713,108.79506543360216,0.030565359208352155,460855105.0,0.6801141977151365,0.0500041054273749,0.01179695937525963,-0.007225552179981998,0
2024-06-11 00:00:00+00:00,121.77,122.87,118.74,120.91,222551200,-0.007225552179981998,-0.007251782912863547,121.40599999999999,107.7775,120.15811757510475,109.94886872564004,0.030913300120020866,457498665.0,0.48645212986577785,0.03415763791249698,-0.007062494867372912,0.03548093623356219,1
2024-06-12 00:00:00+00:00,123.06,126.88,122.57,125.2,299595000,0.03548093623356219,0.03486599147984215,121.958,109.4695,121.83874505006985,111.40135741843623,0.031224827853811178,457653065.0,0.6546334394155101,0.03442492012779554,0.017389891110027634,0.03522364217252405,1
2024-06-13 00:00:00+00:00,129.39,129.8,127.16,129.61,260704500,0.03522364217252405,0.03461748276928578,123.68000000000002,111.21849999999999,124.42916336671324,113.13551385477564,0.031207090864746604,449801540.0,0.5795989493499734,0.02036879870380383,0.0017002859571839193,0.01751408070364935,1
2024-06-14 00:00:00+00:00,129.96,132.84,128.32,131.88,309320400,0.01751408070364935,0.017362476768246538,125.87800000000001,113.09450000000001,126.91277557780883,114.92070301146367,0.03089932168489971,449069960.0,0.6888022525488011,0.03427358204428276,0.014773776546629635,-0.006824385805277555,0
2024-06-17 00:00:00+00:00,132.99,133.73,129.58,130.98,288504400,-0.006824385805277555,-0.00684777841362294,127.71600000000001,115.01950000000002,128.26851705187255,116.45015986751476,0.030200364784194775,445510630.0,0.6475814056333515,0.03168422659948066,-0.015113918339724936,0.03511986562834046,1
2024-06-18 00:00:00+00:00,131.14,136.33,130.69,135.58,294335100,0.03511986562834046,0.03451723221291214,130.65,117.0595,130.70567803458172,118.27204940394192,0.030405871338654106,444289185.0,0.6624854035103285,0.041599055907951134,0.03385694677443973,-0.035403451836554134,0
2024-06-20 00:00:00+00:00,139.8,140.76,129.52,130.78,517768400,-0.035403451836554134,-0.036045349869689325,131.76600000000002,118.829,130.7304520230545,119.4632827940427,0.03264957132368655,453730305.0,1.1411369139207046,0.08594586328184722,-0.06452074391988562,-0.032191466585104855,0
2024-06-21 00:00:00+00:00,127.12,130.63,124.3,126.57,649445800,-0.032191466585104855,-0.0327210073287727,131.158,120.41,129.34363468203634,120.14011300413387,0.034143900834309404,458770195.0,1.4156233492892885,0.0500118511495615,-0.004326620516047918,-0.06684048352690208,0
2024-06-24 00:00:00+00:00,123.24,124.46,118.04,118.11,476060900,-0.06684048352690208,-0.06917912118060165,128.404,121.12550000000002,125.59908978802423,119.94676890850207,0.034252720110310025,440819990.0,1.0799439925580507,0.05435610871221732,-0.04162609542356374,0.06756413512827031,1
2024-06-25 00:00:00+00:00,121.2,126.5,119.32,126.09,414192600,0.06756413512827031,0.06537954406137914,127.426,122.10649999999998,125.76272652534949,120.53183853626378,0.036508750901671265,440054920.0,0.9412293356474687,0.05694345308906342,0.04034653465346535,0.002458561345070942,1
2024-06-26 00:00:00+00:00,126.13,128.12,122.6,126.4,362975900,0.002458561345070942,0.0024555440276223806,125.59,122.73150000000001,125.97515101689967,121.09071105661961,0.033770528116073346,425567315.0,0.8529224101714672,0.04367088607594945,0.002140648537223581,-0.019066455696202578,0
2024-06-27 00:00:00+00:00,124.1,126.41,122.92,123.99,252571700,-0.019066455696202578,-0.019250564521006375,124.23200000000001,123.1895,125.31343401126645,121.36683381313203,0.03419804898430804,410323800.0,0.6155424082151706,0.028147431244455158,-0.0008863819500402856,-0.0036293249455600085,0
2024-06-28 00:00:00+00:00,124.58,127.71,122.75,123.54,315516700,-0.0036293249455600085,-0.0036359269239980563,123.626,123.8415,124.7222893408443,121.57380202140517,0.03279021978900623,401871985.0,0.7851174298701115,0.04014893961469964,-0.008348049446138964,0.006151853650639305,1
2024-07-01 00:00:00+00:00,123.47,124.84,118.83,124.3,284885500,0.006151853650639305,0.00613300824891283,124.864,124.575,124.58152622722955,121.83343992412848,0.0326363256522669,385453110.0,0.739092492988317,0.04835076427996786,0.006722280715963378,-0.013113435237328996,0
2024-07-02 00:00:00+00:00,121.13,123.41,121.03,122.67,218374000,-0.013113435237328996,-0.013200175472005249,124.17999999999999,124.9585,123.94435081815304,121.91311231230672,0.03137634276966308,374452210.0,0.5831825642049222,0.019401646694383268,0.012713613473128096,0.045732452922474964,1
2024-07-03 00:00:00+00:00,121.66,128.28,121.36,128.28,215749000,0.045732452922474964,0.044717551780293796,124.556,125.55050000000001,125.38956721210204,122.51948256827751,0.03267815440865004,365073460.0,0.5909742110533042,0.053944496414094184,0.05441394048988989,-0.019098846273776116,0
2024-07-05 00:00:00+00:00,127.38,128.85,125.68,125.83,214176700,-0.019098846273776116,-0.019283585221077537,124.924,125.72,125.53637814140136,122.83476994272728,0.03126143519337746,349362195.0,0.6130505906627933,0.02519272033696247,-0.012168315277123545,0.018834936024795246,1
2024-07-08 00:00:00+00:00,127.49,130.77,127.04,128.2,237677300,0.018834936024795246,0.01865975488269278,125.856,126.08,126.42425209426759,123.3457442338961,0.03132742136196268,328011260.0,0.7246010396106524,0.029095163806552294,0.005569064240332526,0.024804992199688014,1
2024-07-09 00:00:00+00:00,130.35,133.82,128.65,131.38,285366600,0.024804992199688014,0.02450234297775733,127.272,126.6045,128.07616806284506,124.11091144971552,0.03167857133305419,321660290.0,0.8871676388776495,0.0393514994671943,0.00790180283851171,0.02686862536154666,1
2024-07-10 00:00:00+00:00,134.03,135.1,132.42,134.91,248978600,0.02686862536154666,0.026514001986399194,129.71999999999997,127.26050000000001,130.3541120418967,125.13939607355213,0.03206731311664245,318437515.0,0.7818758414818053,0.01986509524868436,0.0065656942475564835,-0.05566674079015632,0
2024-07-11 00:00:00+00:00,135.75,136.15,127.05,127.4,374782700,-0.05566674079015632,-0.0572761463126632,129.544,127.585,129.36940802793117,125.35469168559479,0.034907835820730745,326049090.0,1.1494670940501628,0.0714285714285715,-0.06151012891344379,0.014442700156985788,1
2024-07-12 00:00:00+00:00,128.26,131.92,127.22,129.24,252680500,0.014442700156985788,0.0143393978182349,130.22599999999997,127.787,129.32627201862078,125.72472104887147,0.03420435553136123,323703365.0,0.7805927504028264,0.036366450015475,0.007640729767659584,-0.006190034045187365,0
2024-07-15 00:00:00+00:00,130.56,131.39,127.18,128.44,208326200,-0.006190034045187365,-0.006209271734984867,130.274,127.72849999999998,129.03084801241386,125.98331904421704,0.033336659881904214,321084450.0,0.6488205828715778,0.032777950794144965,-0.01623774509803925,-0.01619433198380571,0
2024-07-16 00:00:00+00:00,128.44,129.04,124.58,126.36,214769500,-0.01619433198380571,-0.016326893287428312,129.27,127.45249999999999,128.14056534160923,126.01919342095827,0.033240066460488715,316356905.0,0.6788835540036656,0.03529597974042414,-0.016194331983805654,-0.06623931623931623,0
2024-07-17 00:00:00+00:00,121.35,121.85,116.72,117.99,390086200,-0.06623931623931623,-0.06853510082205627,125.88600000000001,126.803,124.75704356107283,125.25450833324797,0.03641087230859465,321435995.0,1.2135734829573148,0.04347826086956518,-0.027688504326328797,0.026273413001101753,1
2024-07-18 00:00:00+00:00,121.85,122.4,116.56,121.09,320979500,0.026273413001101753,0.025934195654446768,124.624,126.07849999999999,123.5346957073819,124.85788849198626,0.03596569656492178,322768215.0,0.9944582058676379,0.04822859030473205,-0.006237176856791062,-0.02609629201420427,0
2024-07-19 00:00:00+00:00,120.35,121.6,117.37,117.93,217223800,-0.02609629201420427,-0.026442842664396338,122.362,125.436,121.66646380492128,124.19808958798757,0.03560084014376188,307740985.0,0.7058656811669073,0.035868735690663865,-0.020108018280016515,0.047570592724497596,1
2024-07-22 00:00:00+00:00,120.35,124.07,119.86,123.54,258068900,0.047570592724497596,0.04647376216587418,121.38199999999999,125.28450000000001,122.29097586994752,124.13541438913161,0.036760681559341785,288172140.0,0.8955372993378194,0.034078031406831744,0.026506024096385642,-0.007689817063299409,0
2024-07-23 00:00:00+00:00,122.78,124.69,122.1,122.59,173911000,-0.007689817063299409,-0.007719536160849749,120.628,125.5085,122.39065057996501,123.98823206635718,0.03317378694518076,273064645.0,0.6368858187408333,0.021127335019169618,-0.001547483303469602,-0.06803165021616775,0
2024-07-24 00:00:00+00:00,119.17,119.95,113.44,114.25,327776900,-0.06803165021616775,-0.0704564243325887,119.88,124.91650000000001,119.67710038664335,123.06078139337079,0.0333894559832551,268743860.0,1.2196628417854831,0.05698030634573309,-0.04128555844591761,-0.017242888402625778,0
2024-07-25 00:00:00+00:00,113.04,116.63,106.3,112.28,460067000,-0.017242888402625778,-0.01739327828063253,118.11800000000001,124.2105,117.21140025776224,122.03404030828786,0.03345329359323842,273598415.0,1.6815411741328985,0.09200213751335944,-0.006723283793347533,0.006946918418240022,1
2024-07-26 00:00:00+00:00,116.19,116.2,111.58,113.06,293399100,0.006946918418240022,0.006922899753463163,117.144,123.66399999999999,115.8276001718415,121.17936980273663,0.03341640289768278,275639785.0,1.0644294327830797,0.040863258446842424,-0.026938634994405675,-0.013001945869449805,0
2024-07-29 00:00:00+00:00,113.69,116.28,111.3,111.59,248152100,-0.013001945869449805,-0.013087211049534808,114.75399999999999,123.06649999999999,114.41506678122767,120.26609648819029,0.033468629355784894,272271555.0,0.9114139741847069,0.044627654807778507,-0.01847128155510594,-0.07043641903396358,0
2024-07-30 00:00:00+00:00,111.52,111.99,102.54,103.73,486833300,-0.07043641903396358,-0.07304007075387364,110.98200000000001,122.03800000000001,110.85337785415179,118.69123015598169,0.03660687119284406,282368945.0,1.7241035482850282,0.09110189916128399,-0.06985294117647052,0.12812108358237717,1
2024-07-31 00:00:00+00:00,112.9,118.34,110.88,117.02,473174200,0.12812108358237717,0.12055349091635392,111.53600000000002,121.75550000000001,112.90891856943453,118.53206537922152,0.046648341325122585,295108955.0,1.6033881452360537,0.06374978636130584,0.036492471213463155,-0.06674072808067,0
2024-08-01 00:00:00+00:00,117.53,120.16,106.81,109.21,523462300,-0.06674072808067,-0.06907222615045328,110.922,120.80199999999999,111.67594571295635,117.64424962881947,0.04753538405846628,310494620.0,1.685898132470057,0.12224155297133958,-0.07079043648430194,-0.017763941031041064,0
2024-08-02 00:00:00+00:00,103.76,108.72,101.37,107.27,482027500,-0.017763941031041064,-0.01792361360029915,109.76399999999998,119.874,110.2072971419709,116.65622585464618,0.04751943456129924,323887160.0,1.4882575153643016,0.06851869115316486,0.033828064764841854,-0.06357788757341287,0
2024-08-05 00:00:00+00:00,92.06,103.41,90.69,100.45,552842400,-0.06357788757341287,-0.06568892934839443,107.53600000000002,118.4865,106.95486476131394,115.1127757732513,0.048757666528348204,339645415.0,1.627704587150102,0.12663016426082627,0.09113621551162286,0.03782976605276245,1
2024-08-06 00:00:00+00:00,103.84,107.71,100.55,104.25,409012100,0.03782976605276245,0.03713176941796714,107.64000000000001,117.13,106.0532431742093,114.07822569960832,0.049336327313599666,345827690.0,1.1827048898253347,0.06868105515587526,0.003948382126348195,-0.05122302158273384,0
2024-08-07 00:00:00+00:00,107.81,108.8,98.69,98.91,411440400,-0.05122302158273384,-0.052581514927161344,104.018,115.33000000000001,103.67216211613955,112.6336327758361,0.04929338254767269,353950780.0,1.1624226396675832,0.10221413406126782,-0.08255263890177168,0.06126781922960278,1
2024-08-08 00:00:00+00:00,102.0,105.5,97.52,104.97,391910000,0.06126781922960278,0.059464249295957394,103.16999999999999,114.2085,104.10477474409304,111.90376298766124,0.05097188642623367,354807145.0,1.1045718935564277,0.07602172049156906,0.02911764705882352,-0.002095836905782633,0
2024-08-09 00:00:00+00:00,105.64,106.6,103.43,104.75,290844200,-0.002095836905782633,-0.002098036245459234,102.66599999999998,112.984,104.31984982939537,111.22245222693161,0.05069593683252832,356715330.0,0.8153397836868967,0.030262529832935443,-0.00842483907610754,0.04076372315035792,1
2024-08-12 00:00:00+00:00,106.32,111.07,106.26,109.02,325559900,0.04076372315035792,0.039954792833887254,104.38,112.01299999999999,105.88656655293025,111.01269487198574,0.051937532607062194,362577015.0,0.8979055111918774,0.04412034489084561,0.025395033860045175,0.0653091175931022,1
2024-08-13 00:00:00+00:00,112.44,116.23,111.58,116.14,312646700,0.0653091175931022,0.06326500830776904,106.758,111.502,109.30437770195351,111.50100964608235,0.05427829993220529,367470875.0,0.8508067476095895,0.04003788531083181,0.032906438989683415,0.016703977957637228,1
2024-08-14 00:00:00+00:00,118.53,118.6,114.07,118.08,339246400,0.016703977957637228,0.016566000908258438,110.59200000000001,111.50649999999999,112.22958513463568,112.12758015597927,0.052269310914779245,364928885.0,0.9296233155125553,0.03836382113821139,-0.003796507213363729,0.04048102981029822,1
2024-08-15 00:00:00+00:00,118.76,123.24,117.47,122.86,318086700,0.04048102981029822,0.039683134883619076,114.17,111.595,115.7730567564238,113.14971537921934,0.05271632379416449,364784245.0,0.8719858501564397,0.04696402409246293,0.034523408555068996,0.013999674426176112,1
2024-08-16 00:00:00+00:00,121.94,125.0,121.18,124.58,302589900,0.013999674426176112,0.013902584090217829,118.136,111.92749999999998,118.70870450428254,114.23831391453179,0.05239291252437148,369052550.0,0.8199100642984312,0.030663027773318294,0.021649991799245535,0.043506180767378444,1
2024-08-19 00:00:00+00:00,124.28,130.0,123.42,130.0,318333600,0.043506180767378444,0.04258637062958304,122.33200000000002,112.25049999999999,122.4724696695217,115.73942687505257,0.05222909361747407,372065785.0,0.8555841811683921,0.050615384615384604,0.04602510460251045,-0.02115384615384619,0
2024-08-20 00:00:00+00:00,128.4,129.88,125.89,127.25,300087400,-0.02115384615384619,-0.021380795024950494,124.554,112.48349999999998,124.06497977968115,116.83567193457138,0.0524592736965424,378374605.0,0.7930960377216647,0.031355599214145345,-0.008956386292834935,0.00982318271119853,1
2024-08-21 00:00:00+00:00,127.32,129.35,126.66,128.5,257883600,0.00982318271119853,0.009775248904642986,126.638,113.19599999999998,125.54331985312078,117.94656032175506,0.049629041947936284,374879940.0,0.6879098412147633,0.020933852140077803,0.009267986176563044,-0.03704280155642026,0
2024-08-22 00:00:00+00:00,130.02,130.75,123.1,123.74,376189100,-0.03704280155642026,-0.037746314232432354,126.814,113.769,124.94221323541385,118.4983164815879,0.05033496714023622,370686045.0,1.0148455952799627,0.06182317763051565,-0.048300261498231155,0.04549862615160838,1
2024-08-23 00:00:00+00:00,125.86,129.6,125.22,129.37,323230300,0.04549862615160838,0.044493925826968095,127.772,114.5845,126.41814215694258,119.53371491191287,0.05111114426471123,372177605.0,0.868484013163554,0.033856380922934186,0.02788812966788499,-0.022493622941949565,0
2024-08-26 00:00:00+00:00,129.57,131.26,124.37,126.46,331964700,-0.022493622941949565,-0.02275046329934316,127.06400000000001,115.328,126.43209477129506,120.19336111077831,0.05135351767887667,376368235.0,0.8820210345328425,0.05448363118772724,-0.024002469707494017,0.014550055353471647,1
2024-08-27 00:00:00+00:00,125.05,129.2,123.88,128.3,303134600,0.014550055353471647,0.014445218991123276,127.274,116.5565,127.05472984753004,120.96542195737085,0.04785021946842864,367183300.0,0.8255675026614773,0.0414653156664068,0.02598960415833678,-0.020966484801247187,0
2024-08-28 00:00:00+00:00,128.12,128.33,122.64,125.61,448101100,-0.020966484801247187,-0.021189402922429323,126.696,116.98599999999999,126.57315323168669,121.40776272333554,0.040670492237146715,365929645.0,1.2245553376797336,0.045298941167104624,-0.019591008429597292,-0.06384841971180633,0
2024-08-29 00:00:00+00:00,121.36,124.43,116.71,117.59,453023300,-0.06384841971180633,-0.06597787086383722,125.46600000000001,117.405,123.57876882112447,121.04416627349406,0.040384597517861755,362407695.0,1.2500377509920146,0.06565184114295444,-0.031064601186552375,0.015137341610681254,1
2024-08-30 00:00:00+00:00,119.53,121.75,117.22,119.37,333751600,0.015137341610681254,0.015023915271623167,123.46600000000001,118.00999999999999,122.17584588074965,120.88472186649463,0.040127427400464884,354993900.0,0.9401615070005428,0.03794923347574768,-0.0013385760896845694,-0.09525006282985682,0
2024-09-03 00:00:00+00:00,116.01,116.21,107.29,108.0,477155100,-0.09525006282985682,-0.10009668598272725,119.774,118.3875,117.45056392049977,119.65760549825706,0.043893927692976335,351209535.0,1.3586051984607992,0.08259259259259248,-0.06904577191621417,-0.016574074074074185,0
2024-09-04 00:00:00+00:00,105.41,113.27,104.12,106.21,372470300,-0.016574074074074185,-0.016712960790771447,115.356,118.4855,113.70370928033319,118.37688116508971,0.04337879166717457,349382445.0,1.0660818977324404,0.08615008003012892,0.007589412769186957,0.009415309292910345,1
2024-09-05 00:00:00+00:00,104.99,109.65,104.76,107.21,306850700,0.009415309292910345,0.009371261534699471,111.676,118.9005,111.53913952022214,117.3133686731764,0.041528920496284705,344152960.0,0.8916113927946457,0.04561141684544353,0.021144870940089523,-0.040854397910642604,0
2024-09-06 00:00:00+00:00,108.04,108.15,100.95,102.83,413638100,-0.040854397910642604,-0.04171238862704829,108.724,118.7935,108.63609301348143,115.93400022811198,0.04057205247914035,345239365.0,1.1981197451223444,0.07001847709812314,-0.04822288041466131,0.03539823008849563,1
2024-09-09 00:00:00+00:00,104.88,106.55,103.69,106.47,273912000,0.03539823008849563,0.034786116085415486,106.144,118.87950000000001,107.91406200898763,115.0326668730537,0.04135173862338265,344392755.0,0.7953477418536287,0.026862026862026857,0.015160183066361589,0.015309476847938264,1
2024-09-10 00:00:00+00:00,107.81,109.4,104.95,108.1,268283700,0.015309476847938264,0.015193469318647068,106.16399999999999,118.8335,107.97604133932509,114.37241288514382,0.04047968129356561,341528945.0,0.7855372258418682,0.04116558741905646,0.0026899174473610245,0.08149861239592981,1
2024-09-11 00:00:00+00:00,109.39,117.19,107.42,116.91,441422400,0.08149861239592981,0.07834768337356568,108.304,118.872,110.95402755955007,114.61408784846346,0.041846079624544424,347967730.0,1.2685728070243756,0.08356855700966552,0.06874485784806651,0.019074501753485684,1
2024-09-12 00:00:00+00:00,116.84,120.79,115.38,119.14,366052700,0.019074501753485684,0.01889486418181363,110.68999999999998,118.925,113.68268503970006,115.04512710099074,0.04189684488876587,349308045.0,1.0479366428563075,0.04540876280006724,0.019685039370078716,-0.0003357394661742674,0
2024-09-13 00:00:00+00:00,119.08,119.96,117.6,119.1,238358300,-0.0003357394661742674,-0.00033579583928755596,113.944,118.73700000000001,115.48845669313337,115.43130547232495,0.04086731869463572,345321625.0,0.6902501399963006,0.019815281276238453,0.00016795431642589875,-0.019479429051217356,0
2024-09-16 00:00:00+00:00,116.79,118.18,114.36,116.78,248772300,-0.019479429051217356,-0.01967165350586253,116.006,118.34700000000001,115.91897112875559,115.55975257019877,0.04088854693194153,342630745.0,0.7260653155921545,0.032711080664497405,-8.562376915836215e-05,-0.010190101044699418,0
2024-09-17 00:00:00+00:00,118.17,118.8,114.83,115.59,231925900,-0.010190101044699418,-0.010242375549215588,117.50399999999999,117.62650000000001,115.80931408583707,115.56263327779888,0.03945402701574176,338310360.0,0.6855418202386708,0.034345531620382376,-0.02183295252602182,-0.019205813651699932,0
2024-09-18 00:00:00+00:00,115.89,117.7,113.22,113.37,310318900,-0.019205813651699932,-0.019392641276668954,116.796,116.9325,114.99620939055805,115.35381106086565,0.039415386412159324,338821935.0,0.9158760633369265,0.039516626973626214,-0.021744757960134576,0.039693040486901365,1
2024-09-19 00:00:00+00:00,117.35,119.66,117.25,117.87,293506400,0.039693040486901365,0.038925516208971445,116.542,116.401,115.95413959370538,115.59344810268797,0.04054348598107403,340603075.0,0.8617256318076401,0.02044625434801049,0.004431188751597872,-0.01586493594638161,0
2024-09-20 00:00:00+00:00,117.06,118.62,115.39,116.0,382462400,-0.01586493594638161,-0.01599213113211384,115.922,116.01399999999998,115.9694263958036,115.6321673310034,0.03988592456259708,340916740.0,1.1218645350181395,0.02784482758620693,-0.009055185375021375,0.0022413793103448487,1
2024-09-23 00:00:00+00:00,116.55,116.99,114.86,116.26,206228500,0.0022413793103448487,0.002238871166840184,115.81800000000001,115.3585,116.06628426386906,115.69196091852689,0.03831307711159225,335066650.0,0.6154850087288604,0.0183210046447617,-0.00248820248820242,0.03965250301049372,1
2024-09-24 00:00:00+00:00,116.52,121.8,115.38,120.87,354966800,0.03965250301049372,0.03888652559816119,116.874,115.079,117.66752284257939,116.1851074977148,0.039305245117800675,336216755.0,1.0557677293625656,0.053114916852817086,0.0373326467559218,0.021841648051625695,1
2024-09-25 00:00:00+00:00,122.02,124.94,121.61,123.51,284692900,0.021841648051625695,0.021606536578556934,118.902,114.8395,119.61501522838627,116.88271630745625,0.039497590918553524,335294670.0,0.8490826889672896,0.02696137964537283,0.012211112932306254,0.004291150514128317,1
2024-09-26 00:00:00+00:00,126.8,127.67,121.8,124.04,302582900,0.004291150514128317,0.004281969782325312,120.13600000000001,114.76100000000001,121.09001015225752,117.56436237341279,0.03925286138247481,328018760.0,0.92245608147534,0.04732344405030639,-0.021766561514195513,-0.02128345694937117,0
2024-09-27 00:00:00+00:00,123.97,124.03,119.26,121.4,271009200,-0.02128345694937117,-0.021513215606850267,121.21600000000001,114.95150000000001,121.19334010150503,117.92966119499252,0.03652091381498272,318918055.0,0.8497769121287285,0.039291598023064214,-0.020730821973057943,0.0003294892915979286,1
2024-09-30 00:00:00+00:00,118.31,121.5,118.15,121.44,226553700,0.0003294892915979286,0.00032943502192228635,122.252,115.05500000000002,121.27556006767003,118.2639791764218,0.03638407401424005,313558160.0,0.7225252884504744,0.02758563899868243,0.02645592088580843,-0.0365612648221344,0
2024-10-01 00:00:00+00:00,121.77,122.44,115.79,117.0,302094500,-0.0365612648221344,-0.03724637884956383,121.47800000000002,115.50500000000002,119.85037337844669,118.14360020723876,0.029213010230223994,304805130.0,0.9911070066307611,0.05683760683760677,-0.03917220990391719,0.015811965811965756,1
2024-10-02 00:00:00+00:00,116.44,119.38,115.14,118.85,221845900,0.015811965811965756,0.015688259008446614,120.546,116.13700000000001,119.51691558563112,118.21087637797794,0.02890051692411962,297273910.0,0.7462676425253734,0.03567522086663858,0.020697354860872524,0.033655868742112016,1
2024-10-03 00:00:00+00:00,120.92,124.36,120.34,122.85,277118000,0.033655868742112016,0.033101905160985545,120.30799999999999,116.91900000000001,120.6279437237541,118.65269767531338,0.029542546859754333,295787275.0,0.9368827648180605,0.03272283272283269,0.015960965927886143,0.016849816849817012,1
2024-10-04 00:00:00+00:00,124.94,125.04,121.83,124.92,243678100,0.016849816849817012,0.016709433447688937,121.01199999999999,118.02350000000001,122.0586291491694,119.24958361099782,0.02729521753397362,287289275.0,0.8481976920300975,0.025696445725264232,-0.00016007683688167137,0.022414345180915785,1
2024-10-07 00:00:00+00:00,124.99,130.64,124.95,127.72,346250200,0.022414345180915785,0.022166835431703724,122.268,119.08599999999998,123.94575276611295,120.05628993375993,0.026827370315461556,290906185.0,1.1902469519511936,0.04455057939242079,0.021841747339787217,0.04047917319135608,1
2024-10-08 00:00:00+00:00,130.26,133.48,129.42,132.89,285722500,0.04047917319135608,0.039681350496834966,125.446,120.32549999999999,126.92716851074198,121.2785480353066,0.02766587297608381,291778125.0,0.9792457882166458,0.03055158401685607,0.020190388453861473,-0.001806004966513508,0
2024-10-09 00:00:00+00:00,134.11,134.52,131.38,132.65,246191600,-0.001806004966513508,-0.0018076377596676352,128.206,121.1125,128.83477900716133,122.36154346051549,0.02264276473178436,282016585.0,0.8729685170820716,0.023671315491896078,-0.010886585638654894,0.01628345269506215,1
2024-10-10 00:00:00+00:00,131.91,135.0,131.0,134.81,242311300,0.01628345269506215,0.016152299119224445,130.598,121.896,130.82651933810757,123.54711074999021,0.02257076257370863,275829515.0,0.8784821305290698,0.029671389362806912,0.02198468652869385,-7.41784734069606e-05,0
2024-10-11 00:00:00+00:00,134.01,135.78,133.66,134.8,170209500,-7.41784734069606e-05,-7.418122476643418e-05,132.574,122.681,132.15101289207172,124.61881448808637,0.022566864117427407,272422075.0,0.6248006884170455,0.015727002967359082,0.005895082456533247,0.024258160237388582,1
2024-10-14 00:00:00+00:00,136.47,139.6,136.3,138.07,232347700,0.024258160237388582,0.023968604449854602,134.64399999999998,123.74550000000002,134.1240085947145,125.8998797749353,0.022038134974749136,271600845.0,0.8554748789533405,0.023900919823277925,0.011724188466329555,-0.04686028825957844,0
2024-10-15 00:00:00+00:00,137.87,138.57,128.74,131.6,377831000,-0.04686028825957844,-0.04799378403684429,134.386,124.546,133.28267239647633,126.4427483677986,0.025118001580809096,278896100.0,1.3547374810906283,0.07469604863221872,-0.045477623848553056,0.03130699088145894,1
2024-10-16 00:00:00+00:00,133.98,136.62,131.58,135.72,264879700,0.03130699088145894,0.030826921024812215,135.0,125.6635,134.0951149309842,127.32629614229398,0.024904083791484868,276624140.0,0.9575436908723873,0.0371352785145888,0.012987012987013056,0.008915414087828033,1
2024-10-17 00:00:00+00:00,139.34,140.89,136.87,136.93,306435900,0.008915414087828033,0.008875906428113645,135.424,126.61650000000002,135.04007662065615,128.24093460493265,0.02388921295502144,277270615.0,1.1051870750890787,0.02935806616519376,-0.017295823166355653,0.007814211640984503,1
2024-10-18 00:00:00+00:00,138.67,138.9,137.28,138.0,176090200,0.007814211640984503,0.007783838813062438,136.064,127.71650000000002,136.0267177471041,129.1703694044629,0.023241748214147703,266952005.0,0.6596324309307959,0.01173913043478264,-0.004831614624648356,0.04137681159420303,1
2024-10-21 00:00:00+00:00,138.13,143.71,138.0,143.71,264554500,0.04137681159420303,0.04054369492895038,137.192,129.089,138.58781183140275,130.55509612784738,0.024239592520688916,269868305.0,0.9803096365836662,0.03973279521258095,0.04039672772026361,-0.0008350149606847213,0
2024-10-22 00:00:00+00:00,142.91,144.42,141.78,143.59,226311600,-0.0008350149606847213,-0.0008353637798697022,139.59,130.225,140.25520788760184,131.79651554424285,0.023413021351998145,263435545.0,0.8590776920403813,0.018385681454140164,0.004758239451403029,-0.02806602131067626,0
2024-10-23 00:00:00+00:00,142.03,142.43,137.46,139.56,285930000,-0.02806602131067626,-0.028467399987712305,140.358,131.02749999999997,140.0234719250679,132.53589501621974,0.024597719153840156,263497400.0,1.0851340468634605,0.03561192318715964,-0.017390692107301268,0.006090570364001069,1
2024-10-24 00:00:00+00:00,140.82,141.35,138.46,140.41,172354900,0.006090570364001069,0.00607209780797735,141.054,131.846,140.15231461671192,133.28580977657975,0.024593979154451613,256986000.0,0.6706781692387912,0.02058257958834831,-0.0029115182502485203,0.00804785983904277,1
2024-10-25 00:00:00+00:00,140.93,144.13,140.8,141.54,205122100,0.00804785983904277,0.008015648521087826,141.762,132.853,140.61487641114127,134.0719231311912,0.023713419863682653,253691645.0,0.8085488980135708,0.023526918185671784,0.004328389980841447,-0.007206443408223739,0
2024-10-28 00:00:00+00:00,143.0,143.14,140.05,140.52,173586700,-0.007206443408223739,-0.00723253525001244,141.124,133.807,140.58325094076088,134.68602569012538,0.023896279190549544,251043295.0,0.6914612079163477,0.021989752348419975,-0.01734265734265727,0.005194990037005409,1
2024-10-29 00:00:00+00:00,140.29,142.26,138.9,141.25,157593600,0.005194990037005409,0.0051815426289243405,140.656,135.01950000000002,140.80550062717393,135.31116610058962,0.021496648024362,243818250.0,0.6463568662313014,0.02378761061946892,0.006842968137429667,-0.013522123893805249,0
2024-10-30 00:00:00+00:00,139.54,140.33,136.81,139.34,179418100,-0.013522123893805249,-0.013614380424577632,140.61200000000002,136.04399999999998,140.31700041811595,135.69486456720014,0.022038538374531923,241696860.0,0.7423269793409811,0.02526194918903409,-0.0014332807797046627,-0.0472226209272284,0
2024-10-31 00:00:00+00:00,137.6,137.61,132.11,132.76,270039600,-0.0472226209272284,-0.0483740027501991,139.08200000000002,136.5395,137.79800027874398,135.41535365603823,0.024534134682572192,241342940.0,1.1189040789840383,0.04142814100632721,-0.03517441860465119,0.019885507683037096,1
2024-11-01 00:00:00+00:00,134.7,137.31,134.57,135.4,207127800,0.019885507683037096,0.019690373626400692,137.85399999999998,137.0635,136.998666852496,135.4138914030822,0.024625069674093048,239515425.0,0.8647785419248051,0.02023633677991144,0.00519673348181156,0.004800590841949726,1
2024-11-04 00:00:00+00:00,137.21,138.96,135.57,136.05,187528200,0.004800590841949726,0.004789104751081297,136.95999999999998,137.48,136.68244456833068,135.47447317421725,0.024255167032029224,231579325.0,0.8097795431435859,0.024917309812569014,-0.00845419430070692,0.028371922087467638,1
2024-11-05 00:00:00+00:00,137.45,140.37,137.33,139.91,160537400,0.028371922087467638,0.02797689351593835,136.692,137.83100000000002,137.75829637888714,135.89690430048228,0.023455610841766564,225320070.0,0.7124860204419429,0.021728253877492616,0.017897417242633745,0.040740476020298955,1
2024-11-06 00:00:00+00:00,142.96,146.49,141.96,145.61,242043900,0.040740476020298955,0.03993245597761952,137.946,138.47899999999998,140.3755309192581,136.8219610337697,0.024860136639065954,225112685.0,1.075212176515064,0.031110500652427722,0.01853665360940127,0.022457248815328512,1
2024-11-07 00:00:00+00:00,146.39,148.93,146.17,148.88,207323300,0.022457248815328512,0.022208797611181552,141.17000000000002,139.1825,143.21035394617206,137.9703456972202,0.02504369238763393,223363285.0,0.9281888023808389,0.018538420204191424,0.01700935856274342,-0.008396023643202577,0
2024-11-08 00:00:00+00:00,148.77,149.77,146.26,147.63,175665800,-0.008396023643202577,-0.008431468787998497,143.616,139.824,144.68356929744806,138.89031277367542,0.025201401716437647,223636100.0,0.7854984056688522,0.023775655354602854,-0.007662835249042244,-0.01605364763259498,0
2024-11-11 00:00:00+00:00,148.68,148.85,143.57,145.26,182325600,-0.01605364763259498,-0.016183903367974928,145.458,140.18349999999998,144.87571286496538,139.496949652373,0.025172008462304378,221134995.0,0.8244990803016049,0.03634861627426684,-0.023002421307506158,0.020859149111937203,1
2024-11-12 00:00:00+00:00,146.78,149.65,146.01,148.29,198634700,0.020859149111937203,0.020644575808955956,147.134,141.01799999999997,146.01380857664358,140.33438301881364,0.022452013626032358,212175180.0,0.9361825450083275,0.02454649672938172,0.010287505109687907,-0.013621956976195171,0
2024-11-13 00:00:00+00:00,149.07,149.33,145.9,146.27,191903300,-0.013621956976195171,-0.013715587087980374,147.266,141.5455,146.0992057177624,140.89967987416472,0.022062389913354893,208526360.0,0.9202831718733305,0.02344978464483494,-0.018783122023210457,0.0033499692349763244,1
2024-11-14 00:00:00+00:00,147.64,149.0,145.55,146.76,194463300,0.0033499692349763244,0.0033443705880840113,146.84199999999998,142.03699999999998,146.31947047850826,141.45780560043474,0.02202930388979754,202927730.0,0.9582884507701338,0.023507767784137292,-0.005960444324031398,-0.0325701826110657,0
2024-11-15 00:00:00+00:00,144.87,145.24,140.08,141.98,250132900,-0.0325701826110657,-0.033112396875841554,145.712,142.236,144.8729803190055,141.50753840039334,0.023459102650185047,206629865.0,1.2105360471488475,0.036343146922101686,-0.01994891972112939,-0.01288913931539637,0
2024-11-18 00:00:00+00:00,139.5,141.55,137.15,140.15,221205300,-0.01288913931539637,-0.012972925000442892,144.69,142.05800000000002,143.29865354600366,141.3782490289273,0.021751861170279035,204462405.0,1.0818874012559914,0.03139493399928652,0.004659498207885345,0.048947556189796515,1
2024-11-19 00:00:00+00:00,141.32,147.13,140.99,147.01,227834900,0.048947556189796515,0.04778733406507829,144.434,142.22899999999998,144.53576903066912,141.91460626426758,0.024361763206113853,204538570.0,1.1138970024088855,0.04176586626760075,0.04026323238041323,-0.007618529351744785,0
2024-11-20 00:00:00+00:00,147.41,147.56,142.73,145.89,309871700,-0.007618529351744785,-0.007647698592070817,144.358,142.5455,144.98717935377942,142.2932151914802,0.023456375414801858,205735655.0,1.5061643058418823,0.03310713551305787,-0.01031137643307788,0.005346493933785723,1
2024-11-21 00:00:00+00:00,149.35,152.89,140.7,146.67,400946600,0.005346493933785723,0.005332252174859775,144.34,142.8585,145.5481195691863,142.71005183991065,0.023450559870441808,217165240.0,1.846274293252456,0.08311174746028499,-0.01794442584532981,-0.03218108679348197,0
2024-11-22 00:00:00+00:00,145.93,147.16,141.1,141.95,236406200,-0.03218108679348197,-0.03271028233968387,144.334,142.879,144.34874637945754,142.63766595039536,0.024654527166549884,218729445.0,1.0808156167542966,0.04269108841141249,-0.027273350236414844,-0.041775272983444744,0
2024-11-25 00:00:00+00:00,141.99,142.05,135.82,136.02,344941900,-0.041775272983444744,-0.04267294917148767,143.50799999999998,142.654,141.57249758630502,142.0074120503577,0.026422866468458178,227297205.0,1.517580913500454,0.04580208792824598,-0.04204521445172194,0.006616674018526503,1
2024-11-26 00:00:00+00:00,137.7,139.3,135.67,136.92,190287700,0.006616674018526503,0.006594879914492147,141.49,142.4375,140.0216650575367,141.5228966169903,0.026443916693649455,228931910.0,0.8311978002542328,0.02651183172655583,-0.005664488017429203,-0.011539585159216936,0
2024-11-27 00:00:00+00:00,135.01,137.22,131.8,135.34,226370900,-0.011539585159216936,-0.011606682857904893,139.38,142.2375,138.4611100383578,140.93404932013408,0.02639950850754705,231279550.0,0.9787761174734212,0.040047288310920554,0.0024442633878972854,0.021501403871730496,1
2024-11-29 00:00:00+00:00,136.78,139.35,136.05,138.25,141863200,0.021501403871730496,0.02127350959836427,137.696,142.512,138.39074002557186,140.6784255753594,0.024402963080308735,224870730.0,0.6308655644067149,0.023869801084990833,0.010747185261003062,0.0027486437613020165,1
2024-12-02 00:00:00+00:00,138.83,140.45,137.82,138.63,171682800,0.0027486437613020165,0.00274487314784011,137.03199999999998,142.6735,138.47049335038125,140.48333742532517,0.024048982718412753,223098480.0,0.769538187799397,0.018971362619923507,-0.0014406108189873733,0.011757916756834685,1
2024-12-03 00:00:00+00:00,138.26,140.54,137.95,140.26,164414000,0.011757916756834685,0.011689329558479677,137.88,142.88400000000001,139.06699556692084,140.4620671943418,0.024152775460545926,221942770.0,0.7407945751060059,0.018465706544987904,0.014465499783017505,0.03479252816198475,1
2024-12-04 00:00:00+00:00,142.0,145.79,140.29,145.14,231224300,0.03479252816198475,0.03420095074122642,139.524,143.1455,141.09133037794723,140.9075846044045,0.024548414198219407,225477115.0,1.0254889947478705,0.037894446741077586,0.022112676056337932,-0.0005511919525973408,0
2024-12-05 00:00:00+00:00,145.11,146.54,143.95,145.06,172621200,-0.0005511919525973408,-0.0005513439147240007,141.46800000000002,143.118,142.41422025196482,141.30305273731835,0.02285215347334336,222005980.0,0.7775520281030268,0.017854680821728964,-0.0003445661911654012,-0.018061491796498075,0
2024-12-06 00:00:00+00:00,144.6,145.7,141.31,142.44,188505600,-0.018061491796498075,-0.018226591525689173,142.30599999999998,142.796,142.4228135013099,141.41133342900233,0.022553004392355937,221065095.0,0.8527153506527116,0.030819994383600016,-0.014937759336099561,-0.02548441449031169,0
2024-12-09 00:00:00+00:00,138.97,139.95,137.13,138.81,189308600,-0.02548441449031169,-0.025814766822559676,142.342,142.355,141.2185423342066,141.16358738814495,0.023132862460617184,221747235.0,0.853713463439578,0.020315539226280478,-0.0011513276246671697,-0.026943303796556517,0
2024-12-10 00:00:00+00:00,139.01,141.82,133.79,135.07,210020900,-0.026943303796556517,-0.02731292901434479,141.304,141.84550000000002,139.1690282228044,140.58324573213116,0.023593914910001016,223132000.0,0.9412406109388165,0.05945065521581403,-0.028343284655780145,0.03139113052491305,1
2024-12-11 00:00:00+00:00,137.36,140.17,135.21,139.31,184905200,0.03139113052491305,0.030908503145460564,140.138,141.3965,139.21601881520294,140.46198423383296,0.024252297684882726,222445525.0,0.8312381199846569,0.035604048524872436,0.01419627256843323,-0.014141124111693326,0
2024-12-12 00:00:00+00:00,137.08,138.44,135.8,137.34,159211400,-0.014141124111693326,-0.014242062525602783,138.594,140.95,138.5906792101353,140.16465240203937,0.024264682239233015,220810930.0,0.7210304308758629,0.01922236784622096,0.001896702655383651,-0.02249890782000874,0
2024-12-13 00:00:00+00:00,138.94,139.6,132.54,134.25,231514900,-0.02249890782000874,-0.022755869803556372,136.956,140.3245,137.1437861400902,139.6013521732737,0.024596627347192954,222663510.0,1.0397523150515322,0.05258845437616389,-0.033755577947315374,-0.016759776536312887,0
2024-12-16 00:00:00+00:00,134.18,134.4,130.42,132.0,237951100,-0.016759776536312887,-0.016901810802603556,135.594,139.82549999999998,135.42919076006015,138.87741387105717,0.023858592942073355,222054420.0,1.0715891176586352,0.03015151515151529,-0.016246832612908085,-0.012196969696969817,0
2024-12-17 00:00:00+00:00,129.09,131.59,126.86,130.39,259410300,-0.012196969696969817,-0.012271963150990217,134.658,139.3375,133.74946050670678,138.0690887404803,0.023844678679721516,223964670.0,1.1582643816098317,0.036275788020553756,0.010070493454179123,-0.01135056369353471,0
2024-12-18 00:00:00+00:00,133.86,136.7,128.28,128.91,277444500,-0.01135056369353471,-0.01141547298036727,132.578,138.4325,132.13630700447118,137.1967945747203,0.020579620639789457,226445150.0,1.225217232517455,0.06531688775114411,-0.03697893321380559,0.013730509657901013,1
2024-12-19 00:00:00+00:00,131.76,134.03,129.55,130.68,209719200,0.013730509657901013,0.013637100277856362,131.24599999999998,137.67199999999997,131.65087133631414,136.57614747236596,0.021065535247393418,221437525.0,0.9470806720766952,0.03428221610039784,-0.008196721311475289,0.030762167125803375,1
2024-12-20 00:00:00+00:00,129.81,135.28,128.22,134.7,306528600,0.030762167125803375,0.030298496683449194,131.336,137.07350000000002,132.66724755754277,136.39746676071206,0.02243664848921304,216716625.0,1.4144212517152295,0.05241276911655533,0.03767044141437475,0.036896807720861124,1
2024-12-23 00:00:00+00:00,136.28,139.79,135.12,139.67,176053500,0.036896807720861124,0.03623241390136123,132.87,136.9595,135.00149837169516,136.7091365930252,0.02312070773816751,213698990.0,0.8238387088305845,0.03343595618242993,0.0248752568241854,0.003937853511849498,1
2024-12-24 00:00:00+00:00,140.0,141.9,138.65,140.22,105157000,0.003937853511849498,0.003930120461141939,134.836,137.1695,136.74099891446343,137.0435045365466,0.020923557408889164,201709745.0,0.521328307663073,0.023177863357580944,0.0015714285714285633,-0.002068178576522528,0
2024-12-26 00:00:00+00:00,139.7,140.85,137.73,139.93,116205600,-0.002068178576522528,-0.002070320211199572,137.04,137.32,137.80399927630896,137.3184088663993,0.020902657605593716,198005640.0,0.5868802525018985,0.022296862717072853,0.0016463851109521704,-0.02086757664546568,0
2024-12-27 00:00:00+00:00,138.55,139.02,134.71,137.01,170582600,-0.02086757664546568,-0.021088381702605297,138.30599999999998,137.4035,137.53933285087265,137.2890365934089,0.021309287378167542,195216225.0,0.8738136392095482,0.03145755784249327,-0.011115120894983907,0.0035033939128532587,1
2024-12-30 00:00:00+00:00,134.83,140.27,134.02,137.49,167734700,0.0035033939128532587,0.0034972713241252507,138.86399999999998,137.3655,137.52288856724846,137.30817596546518,0.020765987123436313,196509800.0,0.853569134974439,0.04545785148010764,0.01972854705925978,-0.023274419957815207,0
2024-12-31 00:00:00+00:00,138.03,138.07,133.83,134.29,155659200,-0.023274419957815207,-0.023549546596058235,137.788,137.14849999999998,136.4452590448323,137.02073063542088,0.021387749220845274,195708620.0,0.7953620029613412,0.03157346042147577,-0.027095558936463152,0.0299352148335692,1
2025-01-02 00:00:00+00:00,136.0,138.88,134.63,138.31,198247200,0.0299352148335692,0.02949590204353303,137.406,137.051,137.06683936322156,137.14351819395222,0.02231996011064723,197400280.0,1.004290368787724,0.0307280746149953,0.016985294117647074,0.044537632853734355,1
2025-01-03 00:00:00+00:00,140.01,144.9,139.73,144.47,229322500,0.044537632853734355,0.043574330904673,138.31400000000002,137.01749999999998,139.53455957548107,137.84127836595675,0.02317346378346907,197305190.0,1.1622730248504867,0.03578597632726529,0.03185486750946367,0.034332387346854176,1
2025-01-06 00:00:00+00:00,148.59,152.16,147.82,149.43,265377400,0.034332387346854176,0.03375618221201204,140.798,137.236,142.8330397169874,138.94496614062754,0.024386556272344668,201943000.0,1.314120321080701,0.029043699391019227,0.0056531395114072505,-0.062169577728702574,0
2025-01-07 00:00:00+00:00,153.03,153.13,140.01,140.14,351782200,-0.062169577728702574,-0.06418613281091456,141.328,137.121,141.93535981132493,139.0587788891392,0.02820771278188915,210106830.0,1.6743015921947897,0.09362066504923652,-0.08423184996405943,-0.0002140716426428657,0
2025-01-08 00:00:00+00:00,142.58,143.95,137.56,140.11,227349900,-0.0002140716426428657,-0.00021409455924725762,142.492,137.18599999999998,141.3269065408833,139.15889518541167,0.0275875403282133,212008895.0,1.0723601950757773,0.04560702305331515,-0.017323607799130305,-0.02997644707729652,0
2025-01-10 00:00:00+00:00,137.45,139.92,134.22,135.91,207602500,-0.02997644707729652,-0.030434926415884078,142.012,137.228,139.52127102725552,138.84947659632485,0.027761282012780546,211887975.0,0.9797748078908206,0.04193951879920527,-0.011204074208803145,-0.019718931645942184,0
2025-01-13 00:00:00+00:00,129.99,133.49,129.51,133.23,204808900,-0.019718931645942184,-0.01991594399513552,139.76399999999998,136.924,137.42418068483704,138.31428834905583,0.027131987017415767,212883160.0,0.9620718707858339,0.029873151692561873,0.024924994230325258,-0.01103355100202652,0
2025-01-14 00:00:00+00:00,136.05,136.38,130.05,131.76,195590500,-0.01103355100202652,-0.011094872102735742,136.23,136.645,135.53612045655802,137.6900704110505,0.027067710923038404,214702115.0,0.910985436729396,0.04804189435336965,-0.03153252480705638,0.03400121432908332,1
2025-01-15 00:00:00+00:00,133.65,136.45,131.29,136.24,185217300,0.03400121432908332,0.03343595048504788,135.45,136.74450000000002,135.7707469710387,137.5519684671409,0.027716502189270673,212387235.0,0.8720735970784684,0.03787433940105693,0.019378974934530516,-0.019597768643570324,0
2025-01-16 00:00:00+00:00,138.64,138.75,133.49,133.57,209235600,-0.019597768643570324,-0.019792351365419236,134.142,136.823,135.03716464735913,137.17273337503224,0.02782065382942239,210951460.0,0.9918660909007219,0.03938010032192851,-0.036569532602423495,0.03099498390357125,1
2025-01-17 00:00:00+00:00,136.69,138.5,135.46,137.71,201188800,0.03099498390357125,0.03052433975002078,134.502,137.189,135.92810976490608,137.22390162502916,0.02841862208149782,208040385.0,0.9670660819052032,0.02207537578970294,0.0074621406101398075,0.02265630673153729,1
2025-01-21 00:00:00+00:00,139.16,141.83,137.09,140.83,197749000,0.02265630673153729,0.02240346447092456,136.022,137.785,137.56207317660406,137.56733956550258,0.02853846937622573,204055610.0,0.9690936701029685,0.03365760136334594,0.012000574877838574,0.0443087410352907,1
2025-01-22 00:00:00+00:00,144.66,147.79,143.67,147.07,237651400,0.0443087410352907,0.043355174702263355,139.084,138.6045,140.73138211773605,138.47235484497853,0.029789753835425096,205452220.0,1.1567234464538763,0.02801387094580815,0.016659753905709916,0.0010199224858911116,1
2025-01-23 00:00:00+00:00,145.05,147.23,143.72,147.22,155915500,0.0010199224858911116,0.0010194027183372256,141.28000000000003,139.23049999999998,142.89425474515738,139.3054639073615,0.029242443439487842,197921565.0,0.7877640822009466,0.023841869311234824,0.014960358497069889,-0.03124575465290036,0
2025-01-24 00:00:00+00:00,148.37,148.97,141.88,142.62,234657600,-0.03124575465290036,-0.03174431603040162,143.09,139.378,142.8028364967716,139.62113401142233,0.029303605783708008,200851770.0,1.1683123330205156,0.04971252278782782,-0.038754465188380396,-0.16968167157481417,0
2025-01-27 00:00:00+00:00,124.8,128.4,116.7,118.42,818830900,-0.16968167157481417,-0.18594612349652806,139.232,138.28799999999998,134.67522433118108,137.60197839128688,0.05102633771366672,236535465.0,3.461767984771332,0.09880087823002874,-0.051121794871794836,0.08925857118729952,1
2025-01-28 00:00:00+00:00,121.81,129.0,116.25,128.99,579666400,0.08925857118729952,0.08549725487341497,136.864,137.741,132.78014955412073,136.78178997306907,0.055189538979227695,259708505.0,2.231988513429701,0.09884487169548026,0.0589442574501273,-0.0410109310799287,0
2025-01-29 00:00:00+00:00,126.5,126.89,120.05,123.7,467120600,-0.0410109310799287,-0.04187560257860223,132.19,137.07549999999998,129.75343303608048,135.53590521372917,0.05572008825609368,274535405.0,1.7014949310454146,0.0552950687146322,-0.022134387351778632,0.007679870654810017,1
2025-01-30 00:00:00+00:00,123.1,125.0,118.1,124.65,392925500,0.007679870654810017,0.007650530571124747,127.676,136.4335,128.05228869072033,134.49915233623116,0.055761577879748975,285794945.0,1.3748511192176616,0.05535499398315287,0.012591389114541116,-0.036742880064179806,0
2025-01-31 00:00:00+00:00,123.78,127.85,119.19,120.07,388161100,-0.036742880064179806,-0.0374349039269406,123.16600000000001,135.72250000000003,125.39152579381356,133.1249473518282,0.0560914359535465,297420040.0,1.305093967440795,0.07212459398684098,-0.029972531911455873,-0.028400099941700674,0
2025-02-03 00:00:00+00:00,114.75,118.57,113.01,116.66,371235700,-0.028400099941700674,-0.028811184717135063,122.81400000000001,134.64000000000001,122.48101719587572,131.55685712784458,0.055685305954734574,306069465.0,1.212913218899507,0.047659866278072935,0.016644880174291908,0.01705811760672038,1
2025-02-04 00:00:00+00:00,116.96,121.2,116.7,118.65,256550000,0.01705811760672038,0.016914261556281396,120.74600000000001,133.349,121.20401146391715,130.32763263947842,0.05468291376719405,307430840.0,0.8344966302014463,0.03792667509481669,0.014449384404924864,0.05208596713021496,1
2025-02-05 00:00:00+00:00,121.76,125.0,120.76,124.83,262230800,0.05208596713021496,0.05077482878118644,120.97200000000001,132.119,122.41267430927812,129.80404857857573,0.055523067060688984,307273510.0,0.85341167222648,0.03396619402387242,0.02521353482260178,0.03084194504526172,1
2025-02-06 00:00:00+00:00,127.42,128.77,125.21,128.68,251483600,0.03084194504526172,0.03037589070786595,121.77799999999999,131.546,124.50178287285209,129.6969963329971,0.054594236018957375,302258580.0,0.8320147603419562,0.027665526888405473,0.009888557526291046,0.009014609884985925,1
2025-02-07 00:00:00+00:00,129.22,130.37,125.0,129.84,228186300,0.009014609884985925,0.008974220835510138,123.732,131.0325,126.2811885819014,129.7106157298545,0.054668734231642264,302300400.0,0.754832941008348,0.04135859519408506,0.00479801888252596,0.02872766481823774,1
2025-02-10 00:00:00+00:00,130.09,135.0,129.96,133.57,216989100,0.02872766481823774,0.028322761782678008,127.114,130.9155,128.71079238793428,130.07817613653503,0.0547411625573611,302769730.0,0.7166802969372137,0.03773302388260831,0.026750711046198705,-0.005764767537620563,0
2025-02-11 00:00:00+00:00,132.58,134.48,131.02,132.8,178902400,-0.005764767537620563,-0.005781447946679563,129.94400000000002,130.89399999999998,130.0738615919562,130.33739745686503,0.054573292815928306,301474405.0,0.5934248381715854,0.026054216867469723,0.0016593754714134775,-0.012500000000000178,0
2025-02-12 00:00:00+00:00,130.02,132.24,129.08,131.14,160278600,-0.012500000000000178,-0.012578782206860595,131.206,130.863,130.42924106130414,130.41383579430646,0.05458994569820891,299708810.0,0.5347810763387303,0.02409638554216865,0.008614059375480512,0.03164556962025311,1
2025-02-13 00:00:00+00:00,131.56,136.5,131.17,135.29,197430000,0.03164556962025311,0.031155167779795434,132.52799999999996,130.8155,132.04949404086943,130.8782323853249,0.054518237938445804,300319445.0,0.6573999895344772,0.03939685120851514,0.028352082699908708,0.026313844334392877,1
2025-02-14 00:00:00+00:00,136.48,139.25,135.5,138.85,195479600,0.026313844334392877,0.025973591137539387,134.32999999999998,131.0795,134.31632936057963,131.6374483486273,0.05461960107159386,299631645.0,0.6523997156575367,0.027007562117392872,0.017365181711606132,0.003961109110551142,1
2025-02-18 00:00:00+00:00,141.27,143.44,137.93,139.4,219176600,0.003961109110551142,0.003953284573615434,135.496,131.16400000000002,136.0108862403864,132.37673898209135,0.05420930186637524,300531035.0,0.7292977246093736,0.039526542324246704,-0.013237063778580055,-0.0012195121951220633,0
2025-02-19 00:00:00+00:00,139.51,141.36,137.22,139.23,167536000,-0.0012195121951220633,-0.0012202564052294917,136.78199999999998,131.084,137.0839241602576,133.02943050760646,0.05396626847787282,299020385.0,0.560282871684484,0.02973497091144161,-0.0020070245860511872,0.006320476908712402,1
2025-02-20 00:00:00+00:00,140.03,140.66,136.79,140.11,143903600,0.006320476908712402,0.006300586461946089,138.576,130.736,138.09261610683842,133.70377045926298,0.053006374560576816,294332995.0,0.4889142652864997,0.027621154806937435,0.0005713061486825145,-0.040539576047391335,0
2025-02-21 00:00:00+00:00,140.04,141.46,134.03,134.43,228217600,-0.040539576047391335,-0.04138421091697886,138.404,130.09650000000002,136.87174407122563,133.77293517742842,0.05370483330403525,297948100.0,0.7659642736436312,0.05527040095216846,-0.040059982862039316,-0.030871085323216585,0
2025-02-24 00:00:00+00:00,136.56,138.59,130.08,130.28,251381100,-0.030871085323216585,-0.03135763705812877,136.69,129.47949999999997,134.67449604748376,133.44027468434,0.053694594415869545,298784275.0,0.841346486524433,0.0653208474055879,-0.04598711189220856,-0.028016579674547182,0
2025-02-25 00:00:00+00:00,129.98,130.2,124.44,126.63,271428700,-0.028016579674547182,-0.02841653194551519,134.136,129.89000000000001,131.99299736498918,132.79167709535525,0.033399848275251914,271414165.0,1.0000535528423875,0.04548685145700064,-0.025773195876288617,0.036721156124141174,1
2025-02-26 00:00:00+00:00,129.99,133.73,128.49,131.28,322553800,0.036721156124141174,0.03606299831931814,132.546,130.0045,131.75533157665947,132.64770784817856,0.0284654788413302,258558535.0,1.2475078418896517,0.03991468616697121,0.009923840295407277,-0.084780621572212,0
2025-02-27 00:00:00+00:00,135.0,135.01,120.01,120.15,443175800,-0.084780621572212,-0.08859148459935717,128.554,129.827,127.88688771777299,131.45744995787584,0.03361027503789319,257361295.0,1.7219986400830007,0.12484394506866404,-0.10999999999999996,0.03970037453183517,1
2025-02-28 00:00:00+00:00,118.02,125.09,116.4,124.92,389091100,0.03970037453183517,0.038932570232399044,126.652,129.8405,126.897925145182,130.83483567617338,0.03476442170739938,257169575.0,1.5129748532655933,0.0695645212936279,0.05846466700559232,-0.0869356388088377,0
2025-03-03 00:00:00+00:00,123.51,123.7,112.28,114.06,411381400,-0.0869356388088377,-0.09094890668648414,123.40799999999999,129.54,122.61861676345467,129.23723227844258,0.039537762383853495,258330590.0,1.592461039941108,0.10012274241627216,-0.07651202331794998,0.016920918814658847,1
2025-03-04 00:00:00+00:00,110.65,119.31,110.11,115.99,398163300,0.016920918814658847,0.01677935476539183,121.28,129.50650000000002,120.40907784230312,127.9755911090671,0.039258324392046726,259676970.0,1.5333023178759364,0.07931718251573415,0.048260280162675,0.011294077075610032,1
2025-03-05 00:00:00+00:00,117.58,118.28,114.51,117.3,284337900,0.011294077075610032,0.011230775165644857,118.48400000000001,129.43900000000002,119.37271856153542,126.95886814629881,0.03914766516694298,261066365.0,1.0891403034626848,0.032139812446717785,-0.0023813573737030205,-0.05737425404944585,0
2025-03-06 00:00:00+00:00,113.53,115.35,110.22,110.57,321181900,-0.05737425404944585,-0.059085951105119605,116.56800000000001,128.726,116.43847904102361,125.39802356093702,0.03927107862973159,264013920.0,1.2165339615426338,0.04639594826806544,-0.026072403769928722,0.019173374333001814,1
2025-03-07 00:00:00+00:00,111.25,113.48,107.56,112.69,341755500,0.019173374333001814,0.018991881409947453,114.122,127.9265,115.18898602734909,124.18773560275254,0.03879470878424777,268527515.0,1.2727019799069752,0.052533498979501304,0.01294382022471908,-0.05066997959002573,0
2025-03-10 00:00:00+00:00,109.9,111.85,105.46,106.98,366487400,-0.05066997959002573,-0.05199878486115406,112.70599999999999,126.7835,112.45265735156606,122.54890364058562,0.039884024015467485,275442570.0,1.3305401557936378,0.059730790802019075,-0.026569608735213846,0.016638624041876993,1
2025-03-11 00:00:00+00:00,106.99,112.24,104.77,108.76,354865700,0.016638624041876993,0.01650171866116601,111.25999999999999,125.543,111.22177156771072,121.23567472243462,0.0393755103980871,282336400.0,1.2568896536188745,0.06868333946303787,0.016543602205813725,0.06417800662008077,1
2025-03-12 00:00:00+00:00,114.12,116.76,112.88,115.74,323857500,0.06417800662008077,0.06220267638142296,110.94800000000001,124.69000000000001,112.72784771180716,120.71227712982181,0.04258724366746566,289584155.0,1.1183536613044316,0.033523414549853206,0.014195583596214426,-0.001382408847416583,0
2025-03-13 00:00:00+00:00,117.03,117.76,113.79,115.58,299033100,-0.001382408847416583,-0.0013833652560606424,111.95,123.91199999999999,113.67856514120479,120.22348883174354,0.04258190181907663,296521880.0,1.0084689197303078,0.034348503201245884,-0.012389985473810159,0.05269077695102964,1
2025-03-14 00:00:00+00:00,118.61,121.88,118.15,121.67,277593500,0.05269077695102964,0.05134953090972605,113.74600000000001,123.231,116.3423767608032,120.3612518001489,0.043740832435879215,300530055.0,0.9236796632536469,0.030656694337141365,0.025798836523058782,-0.017588559217555644,0
2025-03-17 00:00:00+00:00,122.74,122.89,118.03,119.53,255501500,-0.017588559217555644,-0.01774507590946861,116.256,122.26500000000001,117.40491784053548,120.28208496203948,0.04318427557155245,303531150.0,0.8417636871866364,0.04065924872416966,-0.026152843408831627,-0.03430101229816773,0
2025-03-18 00:00:00+00:00,118.0,119.02,114.54,115.43,299686900,-0.03430101229816773,-0.034903100263068865,117.59,121.06649999999999,116.74661189369033,119.81998163232144,0.0435150824456912,307556665.0,0.9744119835608179,0.038811400848999304,-0.021779661016949094,0.0181062115567876,1
2025-03-19 00:00:00+00:00,117.27,120.45,115.68,117.52,273426200,0.0181062115567876,0.017944246238800865,117.946,119.981,117.0044079291269,119.60093576257654,0.04391464845944849,312851175.0,0.8739816943311784,0.04058883594281821,0.0021318325232369748,0.008594281824370276,1
2025-03-20 00:00:00+00:00,116.55,120.2,116.47,118.53,248829700,0.008594281824370276,0.008557561225787325,118.53600000000002,118.90200000000002,117.51293861941795,119.4989418804264,0.043957497623868524,318097480.0,0.782243543708677,0.03146882645743697,0.016988416988417025,-0.007002446637981885,0
2025-03-21 00:00:00+00:00,116.94,117.99,115.42,117.7,266498500,-0.007002446637981885,-0.007027078825177391,117.742,118.0655,117.57529241294532,119.32761408229055,0.04326499739995462,320011525.0,0.8327778194863451,0.02183517417162271,0.006499059346673552,0.03152081563296516,1
2025-03-24 00:00:00+00:00,119.88,122.22,119.34,121.41,228452500,0.03152081563296516,0.03103423328965249,118.11800000000001,117.622,118.85352827529688,119.52593655064383,0.043637104948368366,318865095.0,0.7164550262235507,0.02372127501853221,0.012762762762762773,-0.005930318754633013,0
2025-03-25 00:00:00+00:00,120.55,121.29,118.92,120.69,167447200,-0.005930318754633013,-0.005947972926077405,119.16999999999999,117.325,119.4656855168646,119.6367997362968,0.04325007506783433,313666020.0,0.533839145215666,0.019637086751180748,0.0011613438407299924,-0.05741983594332578,0
2025-03-26 00:00:00+00:00,118.73,118.84,112.71,113.76,293463300,-0.05741983594332578,-0.059134308574876115,118.418,116.449,117.5637903445764,119.07710452331615,0.04402549710939875,312211495.0,0.9399503371904997,0.05388537271448672,-0.0418596816305904,-0.02048171589310832,0
2025-03-27 00:00:00+00:00,111.35,114.45,110.66,111.43,236902100,-0.02048171589310832,-0.02069437499596738,116.998,116.01299999999999,115.51919356305095,118.34880885442891,0.039834207006476344,301897810.0,0.7847095677838802,0.03401238445660958,0.000718455321059834,-0.015794669299111552,0
2025-03-28 00:00:00+00:00,111.49,112.87,109.07,109.67,229872500,-0.015794669299111552,-0.015920734286845928,115.39200000000001,115.25050000000002,113.5694623753673,117.52225563019759,0.03860904491795323,293936880.0,0.7820471524362645,0.034649402753715794,-0.01632433402098837,-0.011762560408498324,0
2025-03-31 00:00:00+00:00,105.13,110.96,103.65,108.38,299212700,-0.011762560408498324,-0.01183228663414937,112.78600000000002,114.96650000000002,111.8396415835782,116.65156461779782,0.03317252830177342,288328445.0,1.0377495012675562,0.06744786861044462,0.030914106344525828,0.016331426462447007,1
2025-04-01 00:00:00+00:00,108.52,110.2,106.47,110.15,222614000,0.016331426462447007,0.01619950311038476,110.678,114.6745,111.27642772238548,116.03236798753136,0.03315499045117154,279550980.0,0.7963270241442187,0.03386291420789835,0.015020272760781512,0.002451202905129346,1
2025-04-02 00:00:00+00:00,107.29,111.98,106.79,110.42,220601200,0.002451202905129346,0.002448203607546162,110.01000000000002,114.33049999999999,110.99095181492365,115.49785675062361,0.03302028849613234,276364145.0,0.7982265572113199,0.047002354645897464,0.029173268710970222,-0.07806556783191454,0
2025-04-03 00:00:00+00:00,103.51,105.63,101.6,101.8,338769400,-0.07806556783191454,-0.08128117273947666,108.08400000000002,113.89200000000001,107.92730120994909,114.19329896484993,0.03529808551904535,277243520.0,1.221919992936174,0.03958742632612968,-0.016520142981354534,-0.0735756385068762,0
2025-04-04 00:00:00+00:00,98.91,100.13,92.11,94.31,532273800,-0.0735756385068762,-0.07642287556062843,105.01199999999999,112.973,103.38820080663274,112.29965144438803,0.03832630839604105,286769435.0,1.8561036673939815,0.08503870215247583,-0.04650692548781715,0.0353090870533348,1
2025-04-07 00:00:00+00:00,87.46,101.75,86.62,97.64,611041300,0.0353090870533348,0.03470001696896574,102.864,112.506,101.4721338710885,110.90349416397012,0.038097726117166456,298997130.0,2.0436360041315447,0.1549569848422777,0.1163960667733822,-0.013723883654240154,0
2025-04-08 00:00:00+00:00,103.81,105.85,94.46,96.3,476243400,-0.013723883654240154,-0.013818926720679414,100.09400000000001,111.883,99.74808924739234,109.51268519597298,0.037817424067705954,305066015.0,1.5611158784763357,0.11827622014537903,-0.07234370484539067,0.18722741433021817,1
2025-04-09 00:00:00+00:00,98.89,115.1,97.53,114.33,612918300,0.18722741433021817,0.17162068474979897,100.876,111.8125,104.60872616492824,109.97147708207079,0.053059158674812076,319519055.0,1.9182527314372535,0.1536779497944546,0.15613307715643643,-0.05912708825330193,0
2025-04-10 00:00:00+00:00,109.37,110.86,99.15,107.57,437812400,-0.05912708825330193,-0.0609472051099651,102.03,111.412,105.59581744328551,109.74276497901643,0.05474940926640122,326458020.0,1.341098619663257,0.10885934740169187,-0.016457895218067214,0.031235474574695665,1
2025-04-11 00:00:00+00:00,108.5,111.55,107.48,110.93,313417300,0.031235474574695665,0.03075757330665496,105.354,110.875,107.3738782955237,109.85583498101487,0.05384804021704549,328249210.0,0.9548150930812598,0.036689804381141194,0.022396313364055363,-0.001983232669251045,0
2025-04-14 00:00:00+00:00,114.11,114.29,109.07,110.71,264705000,-0.001983232669251045,-0.00198520187919371,107.968,110.434,108.48591886368246,109.93718403044203,0.05376111574700867,328709385.0,0.8052857997954637,0.0471502122662814,-0.02979581105950404,0.013458585493631992,1
2025-04-15 00:00:00+00:00,110.97,113.62,110.5,112.2,228966900,0.013458585493631992,0.013368823217221326,111.148,110.2725,109.72394590912165,110.15269031325707,0.05337499102681227,325173385.0,0.7041378863156343,0.027807486631016082,0.01108407677750747,-0.06871657754010707,0
2025-04-16 00:00:00+00:00,104.55,106.79,100.45,104.49,397016900,-0.06871657754010707,-0.07119162004257706,109.17999999999999,109.62100000000001,107.97929727274777,109.61338647389924,0.05535764827289089,331352920.0,1.1981693114398992,0.06067566274284624,-0.0005738880918221165,-0.028710881424059753,0
2025-04-17 00:00:00+00:00,104.45,104.47,100.05,101.49,292517500,-0.028710881424059753,-0.02913110158529264,107.96400000000001,108.76899999999998,105.81619818183185,108.83973061924218,0.05548180177067321,333537310.0,0.8770158277045528,0.04355108877721945,-0.02833891814265206,-0.045127598778204714,0
2025-04-21 00:00:00+00:00,98.77,99.44,95.04,96.91,288501100,-0.045127598778204714,-0.046177558714267875,105.16,107.7295,102.84746545455457,107.70356579836196,0.056141309996837994,334637440.0,0.8621303701104096,0.045402951191827384,-0.018831629037157026,0.020431328036322416,1
2025-04-22 00:00:00+00:00,98.78,99.81,97.28,98.89,241004800,0.020431328036322416,0.02022540853544097,102.796,106.60350000000001,101.52831030303639,106.86417857947035,0.05577922303938907,335265055.0,0.7188485540194459,0.025583982202447175,0.0011135857461024442,0.03862877945191623,1
2025-04-23 00:00:00+00:00,104.52,104.8,102.02,102.71,247526000,0.03862877945191623,0.0379013618958135,100.898,105.70450000000001,101.92220686869094,106.4685425242827,0.05680981420478825,339268995.0,0.7295862682648027,0.02706649790672769,-0.01731725985457331,0.03621847921331911,1
2025-04-24 00:00:00+00:00,103.48,106.54,103.11,106.43,220815000,0.03621847921331911,0.03557800887524021,101.286,105.33800000000001,103.42480457912731,106.46487180768435,0.0562737721303071,335636580.0,0.6578990883532421,0.032227755332143254,0.028507924236567478,0.04303297942309503,1
2025-04-25 00:00:00+00:00,106.85,111.92,105.73,111.01,251064700,0.04303297942309503,0.042132795291601965,103.19000000000001,105.31700000000001,105.95320305275155,106.89774115933346,0.057002315078692696,336344710.0,0.746450568525368,0.055760742275470655,0.03893308376228368,-0.020538690208089405,0
2025-04-28 00:00:00+00:00,109.69,110.37,106.02,108.73,207708500,-0.020538690208089405,-0.020752542334896873,105.554,105.27000000000001,106.8788020351677,107.0722420013017,0.05708268280102733,335236510.0,0.619587944045832,0.040007357674974785,-0.008751937277782786,0.0026671571783316583,1
2025-04-29 00:00:00+00:00,107.67,110.2,107.44,109.02,170444300,0.0026671571783316583,0.002663606626476245,107.58,105.30199999999999,107.59253469011179,107.2577427630825,0.057022287569546234,328798090.0,0.518385918847643,0.02531645569620258,0.01253831150738362,-0.0009172628875435684,0
2025-04-30 00:00:00+00:00,104.47,108.92,104.08,108.92,235044600,-0.0009172628875435684,-0.0009176838305755552,108.822,105.2405,108.03502312674121,107.41605297612227,0.056899325163616656,329419620.0,0.7135112353052924,0.04443628351083367,0.04259596056284103,0.024697025339698753,1
2025-05-01 00:00:00+00:00,113.08,114.94,111.3,111.61,236121500,0.024697025339698753,0.024396983862064126,109.85799999999999,105.3,109.22668208449414,107.81547650220585,0.05717144563577293,330195635.0,0.7150957643640565,0.03261356509273363,-0.012999646268128748,0.02589373712032983,1
2025-05-02 00:00:00+00:00,114.18,115.4,113.37,114.5,190194800,0.02589373712032983,0.025564171326671215,110.556,105.93499999999999,110.9844547229961,108.45209778771006,0.054029465466290984,322766905.0,0.5892636359356608,0.017729257641921407,0.0028025923979680604,-0.005938864628820983,0
2025-05-05 00:00:00+00:00,112.91,114.67,112.66,113.82,133163200,-0.005938864628820983,-0.005956569819316471,111.574,106.9105,111.9296364819974,108.96332656983292,0.05056668046577145,302811375.0,0.4397562674123454,0.01765946230890885,0.00805951642901423,-0.002460024600245858,0
2025-05-06 00:00:00+00:00,111.48,114.74,110.82,113.54,158525600,-0.002460024600245858,-0.002463055432397887,112.478,107.70549999999999,112.46642432133162,109.39920022984883,0.05027005811681168,280185590.0,0.5657878408379247,0.034525277435265116,0.01847865087908147,0.03100228994187071,1
2025-05-07 00:00:00+00:00,113.05,117.68,112.28,117.06,206758800,0.03100228994187071,0.03053142612049431,114.106,108.74350000000001,113.99761621422108,110.12880020795846,0.05025631616881558,266711360.0,0.7752155738698194,0.04613018964633526,0.03547103051747019,0.0026482145908082177,1
2025-05-08 00:00:00+00:00,118.25,118.68,115.85,117.37,198428100,0.0026482145908082177,0.002644714248957847,115.258,108.8955,115.12174414281407,110.81843828339099,0.03277728705510323,245986850.0,0.8066614129982964,0.024111783249552803,-0.0074418604651162405,-0.006134446621794298,0
2025-05-09 00:00:00+00:00,117.35,118.23,115.21,116.65,132972200,-0.006134446621794298,-0.006153339644593636,115.68800000000002,109.3495,115.63116276187606,111.37382511354423,0.029417191434213535,230744840.0,0.576273774962855,0.02588941277325341,-0.005965061780996921,0.05443634804972142,1
2025-05-12 00:00:00+00:00,121.97,123.0,120.28,123.0,225023300,0.05443634804972142,0.05300635690497835,117.524,109.953,118.08744184125071,112.48107986463525,0.030865285674766704,226325140.0,0.994247921375416,0.02211382113821137,0.008444699516274502,0.056341463414634196,1
2025-05-13 00:00:00+00:00,124.98,131.22,124.47,129.93,330430100,0.056341463414634196,0.05481148852222795,120.80199999999999,110.91400000000002,122.03496122750049,114.14288178228904,0.032729426529154435,229611395.0,1.4390840663635183,0.051951050565689216,0.03960633701392225,0.041637804971907943,1
2025-05-14 00:00:00+00:00,133.2,135.44,131.68,135.34,281180800,0.041637804971907943,0.040794286909434874,124.458,112.071,126.469974151667,116.16165494588056,0.03353074084529078,232222090.0,1.210827100901555,0.02778188266587846,0.016066066066066177,-0.003768287276488813,0
2025-05-15 00:00:00+00:00,134.29,136.3,132.66,134.83,226632600,-0.003768287276488813,-0.00377540515809649,127.95,113.58800000000001,129.25664943444468,117.93959257008241,0.0279252371431673,223702875.0,1.0130965013301685,0.026996959133724057,0.004021148261225858,0.0042275457984126685,1
2025-05-16 00:00:00+00:00,136.22,136.35,133.46,135.4,226542500,0.0042275457984126685,0.004218634832191093,131.7,115.2835,131.30443295629647,119.60248851578885,0.026237740408640003,220404125.0,1.0278505449932027,0.021344165435745837,-0.006019674056672979,0.0012555391432791385,1
2025-05-19 00:00:00+00:00,132.39,135.87,132.39,135.57,193154600,0.0012555391432791385,0.0012547516131231617,134.214,117.2165,132.72628863753098,121.12320389523754,0.02232455789765894,215636800.0,0.895740430204863,0.02566939588404528,0.024019941083163434,-0.008777753190233772,0
2025-05-20 00:00:00+00:00,134.29,134.58,132.62,134.38,161514200,-0.008777753190233772,-0.008816504599293395,135.104,118.99100000000001,133.277525758354,122.38575590521492,0.023022616446549394,211662270.0,0.7630750629292599,0.01458550379520768,0.0006701913768709764,-0.019199285607977234,0
2025-05-21 00:00:00+00:00,133.06,137.4,130.59,131.8,270608700,-0.019199285607977234,-0.019385985423597596,134.39600000000002,120.44550000000001,132.785017172236,123.28235058090874,0.023622894165646467,212816405.0,1.2715593988160827,0.051669195751138104,-0.009469412295205102,0.007814871016691871,1
2025-05-22 00:00:00+00:00,132.23,134.25,131.55,132.83,187344000,0.007814871016691871,0.007784493076005816,133.996,121.7655,132.80001144815736,124.1916505255841,0.023001218563813434,211142855.0,0.8872855299792172,0.020326733418655336,0.004537548211449919,-0.011593766468418476,0
2025-05-23 00:00:00+00:00,130.0,132.68,129.16,131.29,198821300,-0.011593766468418476,-0.011661498198393794,133.174,122.77950000000001,132.2966742987716,124.8676838088618,0.022313767191691578,208530685.0,0.953439058621037,0.02681087668520078,0.009923076923076863,0.03206641785360653,1
2025-05-27 00:00:00+00:00,134.15,135.66,133.31,135.5,192953600,0.03206641785360653,0.031563023373736954,133.16,124.11800000000001,133.3644495325144,125.88028535087496,0.02177770019699431,207792940.0,0.9285859278953366,0.017343173431734277,0.010063361908311549,-0.0050922509225092005,0
2025-05-28 00:00:00+00:00,136.03,137.25,134.79,134.81,304021100,-0.0050922509225092005,-0.005105260616782736,133.246,125.4075,133.84629968834295,126.73073436507734,0.022002443891249994,214471780.0,1.417534278868763,0.01824790445812631,-0.008968609865470843,0.03249017135227361,1
2025-05-29 00:00:00+00:00,142.25,143.49,137.91,139.19,369241900,0.03249017135227361,0.031973526536336117,134.724,126.921,135.62753312556197,127.91733109221283,0.022321832914401023,221181645.0,1.6694057049806281,0.04008908685968829,-0.02151142355008789,-0.029168762123715775,0
2025-05-30 00:00:00+00:00,138.72,139.62,132.92,135.13,333170900,-0.029168762123715775,-0.029602628189314473,135.184,128.097,135.46168875037466,128.6042519405735,0.023980844671044436,226034115.0,1.4739850221281863,0.04958188411159637,-0.025879469434832783,0.016650632724043435,1
2025-06-02 00:00:00+00:00,135.49,138.12,135.4,137.38,197663100,0.016650632724043435,0.016513530735741355,136.402,129.24099999999999,136.10112583358313,129.4400374700427,0.023747225649884705,226407530.0,0.8730411925787097,0.01979909739408938,0.013949368957118504,0.02795166690930273,1
2025-06-03 00:00:00+00:00,138.78,142.0,137.95,141.22,225578800,0.02795166690930273,0.027568149302465095,137.546,130.61100000000002,137.80741722238875,130.56193866337196,0.023810955806724574,231028310.0,0.9764119384329998,0.02867865741396411,0.017581784118749083,0.004956804985129404,1
2025-06-04 00:00:00+00:00,142.19,142.39,139.54,141.92,167120800,0.004956804985129404,0.004944560473068016,138.968,132.03000000000003,139.17827814825915,131.64365879066986,0.023651111370850495,231458070.0,0.722034880874968,0.02008173618940244,-0.001898867712216121,-0.013599210822998753,0
2025-06-05 00:00:00+00:00,142.17,144.0,138.83,139.99,231397900,-0.013599210822998753,-0.013692527074534944,139.128,133.17649999999998,139.44885209883944,132.43854842965368,0.023811020138967152,232690025.0,0.9944470116413456,0.036931209372097915,-0.01533375536329731,0.01235802557325516,1
2025-06-06 00:00:00+00:00,142.51,143.27,141.51,141.72,153986200,0.01235802557325516,0.012282288510537143,140.446,134.394,140.2059013992263,133.32249619825808,0.023774315795237474,230467930.0,0.6681458891048312,0.012418854078464714,-0.005543470633639689,0.006421112051933298,1
2025-06-09 00:00:00+00:00,143.19,145.0,141.94,142.63,185114500,0.006421112051933298,0.006400584538059917,141.496,135.69299999999998,141.01393426615087,134.20892513175733,0.023505540853628562,233075045.0,0.7942270267501181,0.02145411203814066,-0.00391088763181788,0.009324826474093939,1
2025-06-10 00:00:00+00:00,142.69,144.29,141.53,143.96,155881900,0.009324826474093939,0.009281618675498926,142.044,136.74099999999999,141.99595617743392,135.1375989287328,0.021222851962047234,229617975.0,0.6788749879010997,0.019171992220061065,0.00890041348377609,-0.007849402611836642,0
2025-06-11 00:00:00+00:00,144.61,144.99,141.87,142.83,167694000,-0.007849402611836642,-0.007880371336292491,142.22600000000003,137.38600000000002,142.27397078495596,135.87020855456777,0.018361186840880263,221481170.0,0.7571478875608252,0.02184415038857386,-0.012308968950971586,0.015192886648463189,1
2025-06-12 00:00:00+00:00,141.97,145.0,141.85,145.0,162365000,0.015192886648463189,0.015078630546036642,143.228,137.869,143.18264718997065,136.7397125017518,0.01651009179130865,215540380.0,0.7532927240826057,0.02172413793103452,0.021342537155737137,-0.020896551724137957,0
2025-06-13 00:00:00+00:00,142.48,143.58,140.85,141.97,180820600,-0.020896551724137957,-0.021117974745092027,143.278,138.226,142.77843145998045,137.23783512063258,0.017343772374859224,213249780.0,0.8479286590588745,0.019229414665070214,-0.0035794497473328954,0.019158977248714404,1
2025-06-16 00:00:00+00:00,143.35,146.18,143.2,144.69,183133700,0.019158977248714404,0.018977755073508185,143.69,138.6905,143.4156209733203,137.94756510914377,0.017726920490578304,211079340.0,0.867605991187958,0.020595756444813176,0.009347750261597513,-0.003939456769645355,0
2025-06-17 00:00:00+00:00,144.49,145.22,143.78,144.12,139108000,-0.003939456769645355,-0.003947236869097814,143.722,139.118,143.65041398221354,138.53541605113008,0.017796812568797397,208377010.0,0.667578443514474,0.009991673605328877,-0.0025607308464253896,0.009436580627254942,1
2025-06-18 00:00:00+00:00,144.01,145.65,143.12,145.48,161494100,0.009436580627254942,0.009392334238895295,144.252,139.673,144.26027598814235,139.19680499864148,0.01762227863285825,208376005.0,0.7750129387498335,0.0173907066263404,0.010207624470522873,-0.011204289249381327,0
2025-06-20 00:00:00+00:00,145.45,146.2,142.65,143.85,242956200,-0.011204289249381327,-0.011267530121230607,144.022,140.2755,144.12351732542825,139.6399664273423,0.017142991454208945,206993380.0,1.1737389862419754,0.024678484532499014,-0.011000343760742486,0.002224539450816687,1
2025-06-23 00:00:00+00:00,142.5,144.78,142.03,144.17,154308900,0.002224539450816687,0.0022220688262546417,144.462,140.8425,144.1390115502855,140.07139819616685,0.017129869760243287,205341625.0,0.7514740374729186,0.019074703475064163,0.011719298245613947,0.025872234167996222,1
2025-06-24 00:00:00+00:00,145.56,147.96,145.5,147.9,187566100,0.025872234167996222,0.025543210892942092,145.10399999999998,141.673,145.392674366857,140.81697932034143,0.017347348629234375,204778865.0,0.9159446215311331,0.016632860040568003,0.016075845012366058,0.04334009465855315,1
2025-06-25 00:00:00+00:00,149.27,154.45,149.26,154.31,269146500,0.04334009465855315,0.04242719636635961,147.142,142.6135,148.36511624457134,142.10202890888033,0.01833345829446853,208588510.0,1.290322750759378,0.03363359471194347,0.033764319689153825,0.004601127600285082,1
2025-06-26 00:00:00+00:00,155.98,156.72,154.0,155.02,198145700,0.004601127600285082,0.004590574770252154,149.05,143.624,150.58341082971424,143.33231186993936,0.018137587267509865,203294740.0,0.9746720451301396,0.01754612308089278,-0.006154635209642131,0.017610630886337075,1
2025-06-27 00:00:00+00:00,156.04,158.71,155.26,157.75,263234500,0.017610630886337075,0.017457360567957103,151.83,144.552,152.97227388647616,144.70542502518322,0.01735869192775893,197994370.0,1.3295049753182375,0.021870047543581725,0.010958728531145911,0.0015213946117274002,1
2025-06-30 00:00:00+00:00,158.4,158.66,155.96,157.99,194580300,0.0015213946117274002,0.0015202384634349642,154.594,145.695,154.64484925765078,145.97062264183245,0.015240447439029357,191064840.0,1.0183993036081365,0.017089689220836687,-0.002588383838383817,-0.029685423128046118,0
2025-07-01 00:00:00+00:00,156.29,157.2,151.49,153.3,213143600,-0.029685423128046118,-0.03013495400698929,155.674,146.491,154.1965661717672,146.66865858070554,0.01727312821107,191838865.0,1.111055364094236,0.03724722765818642,-0.019131102437775806,0.025766470971950284,1
2025-07-02 00:00:00+00:00,152.98,157.6,152.97,157.25,171224100,0.025766470971950284,0.025440109702781655,156.262,147.2925,155.2143774478448,147.67640538254312,0.017135929016550106,189121130.0,0.9053673695794859,0.029443561208267063,0.027912145378480916,0.013290937996820462,1
2025-07-03 00:00:00+00:00,158.37,160.98,157.77,159.34,143716100,0.013290937996820462,0.013203388371669789,157.126,148.1635,156.58958496522988,148.787223917539,0.01722427045598406,187950895.0,0.764647063798233,0.020145600602485124,0.0061248973921828554,-0.006903476841973122,0
2025-07-07 00:00:00+00:00,158.2,159.31,157.34,158.24,140139000,-0.006903476841973122,-0.006927416077817661,157.22400000000002,149.076,157.13972331015327,149.68748830634482,0.016884632618689558,183387950.0,0.7641668931900923,0.0124494438827098,0.00025284450063224064,0.011122345803842304,1
2025-07-08 00:00:00+00:00,159.33,160.22,158.39,160.0,138133000,0.011122345803842304,0.011060947359424311,157.62600000000003,149.98999999999998,158.09314887343552,150.66963227716911,0.01686339458249325,182595290.0,0.7564981550181278,0.011437500000000078,0.004205108893491417,0.018000000000000016,1
2025-07-09 00:00:00+00:00,161.22,164.42,161.16,162.88,183656400,0.018000000000000016,0.017839918128331078,159.542,151.0025,159.6887659156237,151.83252444124827,0.01706809447540783,182522385.0,1.006213018748358,0.020014734774066744,0.010296489269321403,0.007490176817288807,1
2025-07-10 00:00:00+00:00,164.32,164.5,161.61,164.1,167704100,0.007490176817288807,0.007462264733887558,160.91199999999998,152.0095,161.15917727708248,153.00085544684367,0.01705810857929031,183113495.0,0.9158478461677552,0.017611212675197968,-0.0013388510223953194,0.004996953077391897,1
2025-07-11 00:00:00+00:00,163.72,167.89,163.47,164.92,193633300,0.004996953077391897,0.004984509742653742,162.028,153.11399999999998,162.41278485138832,154.13601207095383,0.016724735399104063,184410460.0,1.0500125643632146,0.02680087315061841,0.007329587099926635,-0.005154014067426549,0
2025-07-14 00:00:00+00:00,165.37,165.49,162.02,164.07,136975800,-0.005154014067426549,-0.005167341811907811,163.194,154.0675,162.96518990092557,155.0821061594344,0.016834501022435885,183141000.0,0.7479253689780005,0.021149509355762777,-0.007861159823426325,0.04040958127628458,1
2025-07-15 00:00:00+00:00,171.19,172.4,169.2,170.7,230627400,0.04040958127628458,0.03961446377360378,165.334,155.504,165.54345993395037,156.56952462044066,0.017126644350360487,185631340.0,1.2423947378713098,0.018746338605741167,-0.0028623167241077696,0.003925014645577152,1
2025-07-16 00:00:00+00:00,171.06,171.75,168.9,171.37,158831500,0.003925014645577152,0.0039173318723628725,167.03199999999998,156.838,167.48563995596692,157.97909370420822,0.01700544466216641,184416230.0,0.8612663863695728,0.01663068214973446,0.0018122296270314641,0.009511583124234058,1
2025-07-17 00:00:00+00:00,172.02,174.16,170.83,173.0,160841100,0.009511583124234058,0.00946663282502147,168.81199999999998,158.28199999999998,169.32375997064463,159.40965620856934,0.016752930350349193,185502885.0,0.8670544396115457,0.019248554913294705,0.005697011975351643,-0.003410404624277441,0
2025-07-18 00:00:00+00:00,173.64,174.25,171.26,172.41,146456400,-0.003410404624277441,-0.003416233310019834,170.31,159.6285,170.35250664709645,160.6477841887056,0.01698567050236362,184751000.0,0.7927231787649323,0.017342381532393765,-0.007083621285418048,-0.005974131430891538,0
2025-07-21 00:00:00+00:00,172.75,173.38,171.0,171.38,123126100,-0.005974131430891538,-0.0059920479467869825,171.772,161.005,170.69500443139765,161.66989998025744,0.016701254040262115,178759495.0,0.6887807553942799,0.013887268059283437,-0.007930535455861098,-0.025382191620959227,0
2025-07-22 00:00:00+00:00,171.34,171.39,164.58,167.03,193114300,-0.025382191620959227,-0.025709876239115914,171.03799999999998,162.148,169.47333628759844,162.1803856964234,0.018361686100233077,180699765.0,1.0687025519928042,0.04077111896066559,-0.025154663242675394,0.022451056696401794,1
2025-07-23 00:00:00+00:00,169.53,171.26,167.97,170.78,154082200,0.022451056696401794,0.022202741477603816,170.92,163.292,169.908890858399,162.9993965824783,0.018202070593334743,179025570.0,0.8606714672099633,0.01926455088417843,0.007373326254940128,0.0173322403091698,1
2025-07-24 00:00:00+00:00,172.44,173.83,171.3,173.74,128984600,0.0173322403091698,0.017183750352313787,171.06799999999998,164.2635,171.18592723893266,164.02231119367087,0.016417971627481712,172017475.0,0.7498342828250444,0.014561989179233343,0.007538854094177751,-0.001381374467595342,0
2025-07-25 00:00:00+00:00,173.61,174.72,172.96,173.5,122316800,-0.001381374467595342,-0.0013823294448602752,171.286,165.1875,171.95728482595513,164.92494822284507,0.016497744989584184,168226030.0,0.7270979407883548,0.01014409221902012,-0.0006336040550660309,0.018731988472622474,1
2025-07-28 00:00:00+00:00,174.02,177.0,173.97,176.75,140023500,0.018731988472622474,0.01855870538976845,172.35999999999999,166.1375,173.55485655063677,166.05114363019317,0.016541077955267255,162065480.0,0.8639933686063189,0.01714285714285715,0.015687851971037753,-0.0070155586987270535,0
2025-07-29 00:00:00+00:00,177.96,179.38,175.02,175.51,154077500,-0.0070155586987270535,-0.0070402834370835166,174.05599999999998,167.01350000000002,174.20657103375785,166.95198709398431,0.016763812285657105,160040340.0,0.9627416437630663,0.024841889351034045,-0.013767138682850174,0.021423280724745197,1
2025-07-30 00:00:00+00:00,176.51,179.89,176.04,179.27,174312200,0.021423280724745197,0.021197027927148504,175.75400000000002,168.312,175.89438068917192,168.12513118027152,0.014883943072861026,158098770.0,1.1025525372525036,0.021475985942990987,0.015636507846581042,-0.007809449433814897,0
2025-07-31 00:00:00+00:00,182.9,183.3,175.93,177.87,221685400,-0.007809449433814897,-0.007840102879360877,176.57999999999998,169.34300000000002,176.55292045944796,169.05321392500755,0.014669724931785212,160621835.0,1.3801697633450645,0.04143475572047003,-0.02750136686714052,-0.02333164670827015,0
2025-08-01 00:00:00+00:00,174.09,176.54,170.89,173.72,204529000,-0.02333164670827015,-0.02360813872076495,176.62400000000002,170.06199999999998,175.60861363963198,169.49766974167352,0.015989557750676765,163662480.0,1.2496999923256693,0.03252360119732907,-0.002125337469125191,0.036150126640571045,1
2025-08-04 00:00:00+00:00,175.16,180.2,174.52,180.0,148174600,0.036150126640571045,0.03551204322358892,177.27400000000003,171.15,177.072409093088,170.49789167103793,0.017189375225975002,164064260.0,0.9031497780199051,0.031555555555555434,0.02763187942452617,-0.009666666666666712,0
2025-08-05 00:00:00+00:00,179.62,180.26,175.9,178.26,156407600,-0.009666666666666712,-0.009713692187639289,177.824,172.06300000000002,177.46827272872534,171.23714008332004,0.01752009147422162,164977990.0,0.9480513127842084,0.024458655895882336,-0.0075715399176039064,0.006507348816335634,1
2025-08-06 00:00:00+00:00,176.33,179.9,176.25,179.42,137192300,0.006507348816335634,0.0064862674285661726,177.85399999999998,172.89000000000001,178.1188484858169,172.0164600753848,0.017278188828793097,162654785.0,0.8434568955349208,0.020343328502953995,0.01752396075540166,0.007524244788764012,1
2025-08-07 00:00:00+00:00,181.57,183.88,178.8,180.77,151878400,0.007524244788764012,0.007496078855625754,178.434,173.7235,179.00256565721128,172.85013054439577,0.017278461014139525,161863500.0,0.9383116020597603,0.028102008076561286,-0.004406014209395731,0.010676550312551658,1
2025-08-08 00:00:00+00:00,181.55,183.3,180.4,182.7,123396700,0.010676550312551658,0.010619958397198204,180.23000000000002,174.6125,180.23504377147418,173.7882133496914,0.017326867883493673,158351670.0,0.7792573327455278,0.015873015873015907,0.0063343431561552034,-0.003503010399562023,0
2025-08-11 00:00:00+00:00,182.05,183.84,180.25,182.06,138323200,-0.003503010399562023,-0.0035091603068186927,180.642,175.512,180.84336251431614,174.5760025544827,0.017278956908062696,158419040.0,0.8731475711505384,0.019718774030539402,5.4929964295473246e-05,0.0060419641876303665,1
2025-08-12 00:00:00+00:00,182.96,184.48,179.46,183.16,145485700,0.0060419641876303665,0.006023784711752356,181.622,176.135,181.6155750095441,175.39352612072244,0.015274223562830631,154161955.0,0.9437198691467036,0.027407730945621215,0.0010931351114997192,-0.00857174055470622,0
2025-08-13 00:00:00+00:00,182.62,183.97,179.35,181.59,179871700,-0.00857174055470622,-0.008608689217189713,182.05599999999998,176.64600000000002,181.60705000636275,175.98366649017743,0.015512141393759732,155213965.0,1.1588628639182048,0.025441929621675227,-0.005640127039754688,0.002367971804614788,1
2025-08-14 00:00:00+00:00,179.75,183.02,179.46,182.02,129554000,0.002367971804614788,0.0023651725775044596,182.30599999999998,177.097,181.74470000424185,176.5585553958748,0.015434915439842975,153649610.0,0.8431781896485127,0.01955829029776949,0.012628650904033437,-0.00862542577738723,0
2025-08-15 00:00:00+00:00,181.88,181.9,178.04,180.45,156602200,-0.00862542577738723,-0.008662840060412513,181.856,177.499,181.31313333616123,176.92916916769624,0.015585349646365583,154156900.0,1.0158624103105343,0.021390967026877327,-0.007862326808885017,0.008645054031587662,1
2025-08-18 00:00:00+00:00,180.6,182.94,180.59,182.01,132008000,0.008645054031587662,0.008607899533519259,181.846,178.03050000000002,181.54542222410748,177.41305781839185,0.015519340294192104,154600995.0,0.8538625511433481,0.01291137849568702,0.007807308970099649,-0.0349980770287347,0
2025-08-19 00:00:00+00:00,182.43,182.5,175.49,175.64,185229200,-0.0349980770287347,-0.03562518492879985,180.342,178.46099999999998,179.57694814940498,177.2441951690212,0.016605416993698933,154206740.0,1.2011744752531568,0.03991118196310631,-0.03721975552266634,-0.0013664313368252357,0
2025-08-20 00:00:00+00:00,175.17,176.0,168.8,175.4,215142700,-0.0013664313368252357,-0.001367365755434058,179.10399999999998,178.69199999999998,178.18463209960333,177.06855753387632,0.015958265487248484,157259765.0,1.3680721194006618,0.04104903078677302,0.001313010218644849,-0.0023945267958951355,0
2025-08-21 00:00:00+00:00,174.85,176.9,173.81,174.98,140040900,-0.0023945267958951355,-0.002397398259963879,177.696,178.754,177.11642139973557,176.86964729255476,0.015529634574108303,157812580.0,0.8873874313441932,0.017659161046976818,0.0007434944237917955,0.017201965938964614,1
2025-08-22 00:00:00+00:00,172.61,178.59,171.2,177.99,172789400,0.017201965938964614,0.01705568726054274,177.204,178.9785,177.40761426649038,176.9763475504067,0.015962285152585826,160336210.0,1.0776692301757662,0.041519186471150146,0.031168530212618013,0.010225293555817805,1
2025-08-25 00:00:00+00:00,178.35,181.91,176.57,179.81,163012800,0.010225293555817805,0.010173368904885294,176.76399999999998,179.13150000000002,178.2084095109936,177.24621921227273,0.015590275200584886,161485675.0,1.0094567211611805,0.029698014570936005,0.008186150827025557,0.010900394861242502,1
2025-08-26 00:00:00+00:00,180.06,182.39,178.81,181.77,168688200,0.010900394861242502,0.010841413781460751,177.99,179.4445,179.39560634066243,177.67705547777055,0.01562617056398807,162216210.0,1.039897307426921,0.01969521923309668,0.009496834388537198,-0.0009352478406778886,0
2025-08-27 00:00:00+00:00,181.98,182.49,179.1,181.6,235518900,-0.0009352478406778886,-0.0009356854578141949,179.23,179.56099999999998,180.1304042271083,178.0506692417924,0.014945518925911158,165276545.0,1.4249989313365667,0.01866740088105735,-0.0020881415540169,-0.007874449339207112,0
2025-08-28 00:00:00+00:00,180.82,184.47,176.41,180.17,281787800,-0.007874449339207112,-0.00790561653958477,180.26799999999997,179.676,180.14360281807222,178.2525102663836,0.014947483732900767,168281665.0,1.6745009029949876,0.044735527557307,-0.003594735095675289,-0.033246378420380696,0
2025-08-29 00:00:00+00:00,178.11,178.15,173.15,174.18,243257900,-0.033246378420380696,-0.033811602363014615,179.506,179.699,178.15573521204817,177.86465214577566,0.015958667249625632,170218110.0,1.4290952942668673,0.028705936387644963,-0.02206501600134752,-0.01952003674359859,0
2025-09-02 00:00:00+00:00,170.0,172.38,167.22,170.78,231164900,-0.01952003674359859,-0.01971306878513346,177.7,179.238,175.6971568080321,177.18992336998753,0.014195097952602456,174367625.0,1.3257329163025533,0.030214310809228227,0.004588235294117653,-0.0009368778545496559,0
2025-09-03 00:00:00+00:00,171.06,172.41,168.88,170.62,164424900,-0.0009368778545496559,-0.0009373169989119745,175.47,178.856,174.00477120535476,176.5642163823697,0.014099894721216519,174768490.0,0.9408154753754524,0.020689250967061312,-0.0025721968899801106,0.006095416715508062,1
2025-09-04 00:00:00+00:00,170.57,171.86,169.41,171.66,141670100,0.006095416715508062,0.0060769148095252135,173.48200000000003,178.468,173.22318080356985,176.09714815547736,0.01408692806045472,174992380.0,0.8095786799402351,0.014272398928113814,0.006390338277540033,-0.027030175929162237,0
2025-09-05 00:00:00+00:00,168.03,169.03,164.07,167.02,224441400,-0.027030175929162237,-0.027402210564989815,170.852,177.7805,171.1554538690466,175.2326578549557,0.014955876581310793,178620530.0,1.2565263354665894,0.029697042270386827,-0.006010831399154859,0.0077236259130641916,1
2025-09-08 00:00:00+00:00,167.55,170.96,167.35,168.31,163769100,0.0077236259130641916,0.007693951412990785,169.678,177.06099999999998,170.20696924603106,174.5733571068647,0.014819481718075109,180639150.0,0.9066091154658334,0.02144851761630333,0.004535959415099915,0.014556473174499374,1
2025-09-09 00:00:00+00:00,169.09,170.98,166.74,170.76,157548400,0.014556473174499374,0.01445154475168664,169.674,176.496,170.39131283068738,174.21018023954426,0.015390484514805335,181600410.0,0.8675553100348177,0.024830171000234134,0.009876397184931027,0.03847505270555174,1
2025-09-10 00:00:00+00:00,176.64,179.29,175.47,177.33,226852000,0.03847505270555174,0.037753341614626734,171.01600000000002,176.2045,172.7042085537916,174.50730593101622,0.017833260007204668,185668725.0,1.2218105122443212,0.021541758303727475,0.003906250000000148,-0.0009022725991091329,0
2025-09-11 00:00:00+00:00,179.68,180.28,176.48,177.17,151159300,-0.0009022725991091329,-0.0009026798920421797,172.118,175.9835,174.19280570252772,174.76089584234802,0.017757343054641772,184233105.0,0.8204784910942037,0.021448326466106067,-0.0139692787177205,0.003668792684991873,1
2025-09-12 00:00:00+00:00,177.77,178.6,176.45,177.82,124911000,0.003668792684991873,0.003662079080647196,174.278,175.7735,175.40187046835183,175.05223909545774,0.017773531315802463,184000955.0,0.6788606070006539,0.012090878416376143,0.0002812623052257577,-0.0003936565065796316,0
2025-09-15 00:00:00+00:00,175.67,178.85,174.51,177.75,147061600,-0.0003936565065796316,-0.0003937340096431541,176.166,175.6385,176.18458031223457,175.30916870541412,0.017685952279565115,183523925.0,0.8013211356502974,0.02441631504922646,0.011840382535435833,-0.016146272855133592,0
2025-09-16 00:00:00+00:00,177.0,177.5,174.38,174.88,140737800,-0.016146272855133592,-0.016278044255121138,176.99,175.28199999999998,175.7497202081564,175.2682954953747,0.01786714321173769,183960415.0,0.7650439362185609,0.01784080512351329,-0.011977401129943529,-0.02624656907593781,0
2025-09-17 00:00:00+00:00,172.64,173.2,168.41,170.29,211843800,-0.02624656907593781,-0.026597158389715325,175.582,175.0145,173.92981347210426,174.79417211486282,0.017069083375922223,185291145.0,1.1433023418361412,0.02812848669916021,-0.013612140871176985,0.034940395795407975,1
2025-09-18 00:00:00+00:00,173.98,177.1,172.96,176.24,191763300,0.034940395795407975,0.03434383645557482,175.39600000000002,175.0565,174.6998756480695,174.9318700086854,0.018862453635137992,184122175.0,1.0415002972890148,0.02349069450748971,0.012989998850442691,0.0024398547435313667,1
2025-09-19 00:00:00+00:00,175.77,178.08,175.18,176.67,237182100,0.0024398547435313667,0.002436883130500611,175.166,175.14100000000002,175.35658376537967,175.0974061983344,0.018857866871027164,188979235.0,1.2550696376773882,0.01641478462670519,0.005120327700972733,0.039282277692873846,1
2025-09-22 00:00:00+00:00,175.3,184.55,174.71,183.61,269637000,0.039282277692873846,0.038530357309507046,176.338,175.42199999999997,178.10772251025313,175.90812941754066,0.020399634107640088,193821615.0,1.391160629839969,0.053591852295626616,0.04740444951511695,-0.028211971025543292,0
2025-09-23 00:00:00+00:00,181.97,182.42,176.21,178.43,192559600,-0.028211971025543292,-0.028617575490758718,177.048,175.353,178.21514834016875,176.14830756825108,0.02135856224568862,195298955.0,0.9859735296586712,0.03480356442302292,-0.01945375611364506,-0.008182480524575486,0
2025-09-24 00:00:00+00:00,179.77,179.78,175.4,176.97,143564100,-0.008182480524575486,-0.008216140760243462,178.38400000000001,175.113,177.80009889344586,176.2265639903224,0.02125620899247136,194042750.0,0.7398580982798894,0.024749957619935557,-0.015575457529064978,0.004068486184098941,1
2025-09-25 00:00:00+00:00,174.48,180.26,173.13,177.69,191586700,0.004068486184098941,0.004060232273889852,178.674,174.9175,177.76339926229724,176.36593884838695,0.021290514382279364,191846140.0,0.9986476663017562,0.04012606224323257,0.01839752407152687,0.002813889357870414,1
2025-09-26 00:00:00+00:00,178.17,179.77,174.93,178.19,148573700,0.002813889357870414,0.002809937782339844,178.978,174.8185,177.90559950819818,176.53965895806436,0.02124470628315185,185185435.0,0.802296897701485,0.027162018070598818,0.00011225234326772315,0.020539873169089118,1
2025-09-29 00:00:00+00:00,180.43,184.0,180.32,181.85,193063500,0.020539873169089118,0.020331774693675086,178.626,175.202,179.22039967213215,177.045405723963,0.020207900466105894,182675715.0,1.056864619361145,0.020236458619741583,0.007870088122817644,0.026010448171570166,1
2025-09-30 00:00:00+00:00,182.08,187.35,181.48,186.58,236981000,0.026010448171570166,0.02567793009981667,180.256,175.992,181.67359978142144,177.9534623216808,0.02017157506404035,182966520.0,1.2952151027412009,0.031461035480758945,0.024714411247803162,0.0035373566298637638,1
2025-10-01 00:00:00+00:00,185.24,188.14,183.9,187.24,173844900,0.0035373566298637638,0.003531114899054444,182.31,176.823,183.52906652094765,178.83789448152072,0.020133776017049625,183437520.0,0.9477063361955613,0.02264473403118981,0.010796804145972791,0.00881221961119416,1
2025-10-02 00:00:00+00:00,189.6,191.05,188.06,188.89,136805800,0.00881221961119416,0.008773618611858325,184.55,177.6845,185.31604434729843,179.79523786423303,0.02015287256507731,183194305.0,0.7467797647967277,0.015829318651066807,-0.0037447257383966667,-0.00672348986182425,0
2025-10-03 00:00:00+00:00,189.19,190.36,185.38,187.62,137596900,-0.00672348986182425,-0.006746194345923051,186.43599999999998,178.7145,186.08402956486563,180.54045330573467,0.01890746270512489,178852080.0,0.7693335185142941,0.026543012472018006,-0.008298535863417692,-0.011086238140923244,0
2025-10-06 00:00:00+00:00,185.5,187.23,183.33,185.54,157678100,-0.011086238140923244,-0.011148148472679864,187.174,179.576,185.9026863765771,181.01660060995042,0.019274781788062505,178547530.0,0.8831155491201699,0.02101972620459188,0.00021563342318055008,-0.002694836692896385,0
2025-10-07 00:00:00+00:00,186.23,189.06,184.0,185.04,140088000,-0.002694836692896385,-0.002698474301941367,186.86599999999999,180.29000000000002,185.61512425105138,181.39978150424088,0.019207598132974357,177674510.0,0.7884529975627905,0.02734543882403806,-0.006389947913869934,0.021995244271509007,1
2025-10-08 00:00:00+00:00,186.57,189.6,186.54,189.11,130168900,0.021995244271509007,0.021756838415997848,187.24,180.879,186.78008283403426,182.13408802764653,0.018025461742515493,172840355.0,0.7531163656774484,0.016181058643117772,0.013614193064265534,0.018296229707577494,1
2025-10-09 00:00:00+00:00,192.23,195.3,191.06,192.57,182997200,0.018296229707577494,0.018130867652614846,187.976,181.649,188.7100552226895,183.12798440596592,0.018296981139457828,174432250.0,1.0491018719302194,0.022017967492340494,0.0017687145606825336,-0.048865347665783876,0
2025-10-10 00:00:00+00:00,193.51,195.62,182.05,183.16,268774400,-0.048865347665783876,-0.050099636202901365,187.084,181.916,186.86003681512636,183.13103351015965,0.02195804777467452,181625420.0,1.479828098952228,0.07408822887093248,-0.05348560797891579,0.0281720899759772,1
2025-10-13 00:00:00+00:00,187.97,190.11,185.96,188.32,153482800,0.0281720899759772,0.02778255572307131,187.64000000000001,182.4445,187.34669121008426,183.62522079490637,0.02272213479239013,181946480.0,0.8435601502156018,0.0220369583687341,0.0018619992552002676,-0.044020815632965116,0
2025-10-14 00:00:00+00:00,184.77,184.8,179.7,180.03,205641400,-0.044020815632965116,-0.04501913984243533,186.638,182.702,184.90779414005618,183.2828188144391,0.024810948555470072,185191660.0,1.1104247351095615,0.028328611898017123,-0.02565351518103593,-0.0011109259567849694,0
2025-10-15 00:00:00+00:00,184.8,184.87,177.29,179.83,214450500,-0.0011109259567849694,-0.0011115434924251488,184.78199999999998,183.17900000000003,183.2151960933708,182.95397892734968,0.023933529597531526,185321995.0,1.1571778082790443,0.0421509203136296,-0.026893939393939387,0.011010398709892621,1
2025-10-16 00:00:00+00:00,182.23,183.28,179.77,181.81,179723300,0.011010398709892621,0.010950225554076098,182.63,183.4575,182.74679739558053,182.84502855331638,0.022854257556199468,184719995.0,0.9729498964094276,0.019305868764094333,-0.002304779674038235,0.007755348990704514,1
2025-10-17 00:00:00+00:00,180.18,184.1,179.75,183.22,173135200,0.007755348990704514,0.007725430855880511,182.642,183.785,182.9045315970537,182.8807401196672,0.022895546055386587,181517650.0,0.953820193242916,0.023741949568824333,0.016872016872016827,-0.0031655932758433147,0
2025-10-20 00:00:00+00:00,183.13,185.2,181.73,182.64,128544700,-0.0031655932758433147,-0.0031706143655227947,181.506,183.7365,182.8163543980358,182.85781248922268,0.021213499562206573,174463035.0,0.7368019248318132,0.01899912395970214,-0.002675694861573795,-0.00810337275514672,0
2025-10-21 00:00:00+00:00,182.79,182.79,179.8,181.16,124240200,-0.00810337275514672,-0.008136383533526192,181.732,183.873,182.2642362653572,182.69611606167766,0.020245010593421126,171047065.0,0.7263509607721126,0.0165047471848089,-0.008917336834618938,-0.004857584455729702,0
2025-10-22 00:00:00+00:00,181.14,183.44,176.76,180.28,162249600,-0.004857584455729702,-0.004869420865565743,181.82199999999997,184.0385,181.60282417690482,182.4660097700893,0.02018064881452097,171981340.0,0.9434139773535897,0.03705347237630357,-0.004747708954399831,0.010428222764588435,1
2025-10-23 00:00:00+00:00,180.42,183.03,179.79,182.16,111363700,0.010428222764588435,0.01037422393303622,181.892,184.262,181.7885494512699,182.43686598246174,0.020281386873534778,167970190.0,0.6629968091361925,0.017786561264822184,0.009644163618224195,0.022507685551163892,1
2025-10-24 00:00:00+00:00,183.84,187.47,183.5,186.26,131296700,0.022507685551163892,0.022258125338027845,182.5,184.6655,183.27903296751327,182.80097398413207,0.020819596361419904,167106340.0,0.7857074722598796,0.021314291850102002,0.013163620539599583,0.028079029313862414,1
2025-10-27 00:00:00+00:00,189.99,192.0,188.43,191.49,153452700,0.028079029313862414,0.027692040842564047,184.27,185.1475,186.0160219783422,183.62850027135758,0.02121793520241198,165125800.0,0.9293078368129026,0.018643271189096,0.007895152376440865,0.04981983393388689,1
2025-10-28 00:00:00+00:00,193.05,203.15,191.91,201.03,297986200,0.04981983393388689,0.04861856271711318,188.244,185.87,191.0206813188948,185.2857859597997,0.023071300719498943,168176060.0,1.7718705028527841,0.055912052927423815,0.04133644133644128,0.02989603541759922,1
2025-10-29 00:00:00+00:00,207.98,212.19,204.78,207.04,308829600,0.02989603541759922,0.02945786065934719,193.596,186.85999999999999,196.36045421259652,187.3576158683902,0.02377714769881419,174925295.0,1.765494235696444,0.03579018547140648,-0.004519665352437724,-0.020044435857805243,0
2025-10-30 00:00:00+00:00,205.15,206.16,201.41,202.89,178864400,-0.020044435857805243,-0.02024805105757821,197.742,187.56,198.53696947506435,188.83689054759114,0.024413461293322662,177028225.0,1.0103722160689348,0.0234117009216817,-0.011016329514989126,-0.001971511656562508,0
2025-10-31 00:00:00+00:00,206.45,207.97,202.07,202.49,179802200,-0.001971511656562508,-0.0019734576437802076,200.988,188.3035,199.8546463167096,190.1371866859158,0.024330449354798056,179138490.0,1.0037050105758958,0.029137241345251644,-0.019181399854686268,0.021680082967060033,1
2025-11-03 00:00:00+00:00,208.08,211.34,205.56,206.88,180267300,0.021680082967060033,0.0214484124123695,204.06599999999997,189.37050000000002,202.1964308778064,191.7317403348762,0.024367202831523434,180267950.0,0.9999963942564388,0.027938901778808978,-0.005767012687427994,-0.03958816705336421,0
2025-11-04 00:00:00+00:00,203.0,203.97,197.93,198.69,188919300,-0.03958816705336421,-0.04039309385854928,203.598,190.053,201.02762058520426,192.39443173155468,0.026402853047054135,182709515.0,1.0339872009402467,0.03039911419799684,-0.021231527093596072,-0.017514721425335944,0
2025-11-05 00:00:00+00:00,198.77,202.92,194.65,195.21,171350300,-0.017514721425335944,-0.017669918989995814,201.23200000000003,190.358,199.08841372346953,192.66258109045424,0.026444440384905593,184768585.0,0.9273778873178035,0.04236463295937699,-0.017910147406550295,-0.03652476819835049,0
2025-11-06 00:00:00+00:00,196.42,197.62,186.38,188.08,223029800,-0.03652476819835049,-0.0372084979431877,198.27,190.1335,195.41894248231304,192.22614479612525,0.027496571981439778,186770215.0,1.1941400827749757,0.059761803487877546,-0.042460034619692374,0.00037218205019140527,1
2025-11-07 00:00:00+00:00,184.9,188.32,178.91,188.15,264942300,0.00037218205019140527,0.00037211280763216337,195.402,190.38299999999998,192.99596165487537,191.83794052982762,0.0249705485004984,186578610.0,1.4200036113464454,0.05001328727079456,0.017577068685776093,0.05793250066436362,1
2025-11-10 00:00:00+00:00,195.11,199.94,193.79,199.05,198897100,0.05793250066436362,0.05631653240687928,193.836,190.9195,195.0139744365836,192.5248033365107,0.027269910045311367,188849325.0,1.053205247093152,0.030896759608138685,0.020193736866383052,-0.029590555136900343,0
2025-11-11 00:00:00+00:00,195.16,195.42,191.3,193.16,176483300,-0.029590555136900343,-0.030037188440984686,192.73,191.576,194.3959829577224,192.585298256843,0.026067300126822596,187391420.0,0.9417896507748327,0.021329467798715966,-0.010248001639680263,0.003313315386208382,1
2025-11-12 00:00:00+00:00,195.72,195.89,191.13,193.8,154935300,0.003313315386208382,0.0033078384513247627,192.44800000000004,192.2745,194.19732197181494,192.70098413714368,0.026044696302670027,184415660.0,0.8401417753785118,0.02456140350877188,-0.00980993255671361,-0.0358101135190918,0
2025-11-13 00:00:00+00:00,191.05,191.44,183.85,186.86,207423100,-0.0358101135190918,-0.0364670260918567,192.204,192.527,191.75154798120997,192.14469993360618,0.02747292025652731,185800650.0,1.1163744583240156,0.0406186449748475,-0.021931431562418204,0.017713796425131045,1
2025-11-14 00:00:00+00:00,182.86,191.01,180.58,190.17,186591900,0.017713796425131045,0.017558735599375375,192.608,192.8745,191.22436532080664,191.95663327326272,0.027679858757938214,186473485.0,1.0006350232581325,0.054845664405531784,0.03997593787597054,-0.018772677078403466,0
2025-11-17 00:00:00+00:00,185.97,189.0,184.32,186.6,173628900,-0.018772677078403466,-0.01895112055094117,190.118,193.07250000000002,189.6829102138711,191.4464777234282,0.028053248303497792,188727695.0,0.9199969299683335,0.02508038585209007,0.0033876431682529195,-0.02808145766345116,0
2025-11-18 00:00:00+00:00,183.38,184.8,179.65,181.36,213598900,-0.02808145766345116,-0.028483282213970007,187.758,193.0825,186.90860680924743,190.4858607973874,0.028764700188304317,193195630.0,1.1056093763611528,0.028396559329510396,-0.011015377903806205,0.02845169827966476,1
2025-11-19 00:00:00+00:00,184.79,187.86,182.83,186.52,247246400,0.02845169827966476,0.0280544657408468,186.302,193.39450000000002,186.77907120616499,190.1081597690648,0.02940306236645037,197445470.0,1.2522262475811676,0.026967617413682185,0.009361978462038088,-0.031524769461720004,0
2025-11-20 00:00:00+00:00,195.95,196.0,179.85,180.64,343504800,-0.031524769461720004,-0.0320323715387687,185.058,193.3185,184.73271413744334,189.20643026724912,0.030261223995180383,209052525.0,1.6431506866515964,0.08940434012400358,-0.07813217657565708,-0.009743135518157642,0
2025-11-21 00:00:00+00:00,181.24,184.56,172.93,178.88,346926200,-0.009743135518157642,-0.009790910434617217,182.8,192.9495,182.78180942496223,188.22296071798732,0.029842849542877595,219834000.0,1.5781280420681059,0.06501565295169943,-0.013021408077687119,0.02051654740608244,1
2025-11-24 00:00:00+00:00,179.49,183.5,176.48,182.55,256618300,0.02051654740608244,0.020308918134911202,181.99,192.5025,182.7045396166415,187.68267874484565,0.02949964001611104,224992280.0,1.140564911827197,0.038455217748562094,0.017048303526658877,-0.025910709394686537,0
2025-11-25 00:00:00+00:00,174.91,178.16,169.55,177.82,320600300,-0.025910709394686537,-0.026252305408652532,181.28199999999998,191.342,181.0763597444277,186.74337600724132,0.027358741809193874,226122985.0,1.4178138502815183,0.04841975030930146,0.016637127665656604,0.013721741086492045,1
2025-11-26 00:00:00+00:00,181.63,182.91,178.24,180.26,183852000,0.013721741086492045,0.013628450435271056,180.03,190.003,180.80423982961847,186.1259116255993,0.026490073600847534,219874105.0,0.8361694070340844,0.025907023188727327,-0.007542806805043245,-0.018084988350160813,0
2025-11-28 00:00:00+00:00,179.01,179.29,176.5,177.0,121332800,-0.018084988350160813,-0.018250520554435212,179.302,188.70850000000002,179.53615988641232,185.25677718506603,0.026440919799334345,216997525.0,0.5591437045192106,0.015762711864406736,-0.011228422993128826,0.016497175141242826,1
2025-12-01 00:00:00+00:00,174.76,180.3,173.68,179.92,188131000,0.016497175141242826,0.016362575077231156,179.51,187.57999999999998,179.66410659094157,184.74851269125023,0.026931359450037346,217413965.0,0.8653124007006634,0.03679413072476659,0.029526207370107558,0.008559359715429204,1
2025-12-02 00:00:00+00:00,181.76,185.66,180.0,181.46,182632200,0.008559359715429204,0.008522936090423094,179.292,186.309,180.2627377272944,184.43532100636926,0.026389956239693035,217532210.0,0.8395639431971936,0.031191447150887227,-0.0016505281690139908,-0.01030530144384445,0
2025-12-03 00:00:00+00:00,181.08,182.45,179.11,179.59,165138000,-0.01030530144384445,-0.010358768710838184,179.64600000000002,185.35399999999998,180.0384918181963,183.97386186290552,0.025190355369137146,216343145.0,0.7633151491811769,0.018597917478701348,-0.008228407333775176,0.021103624923436648,1
2025-12-04 00:00:00+00:00,181.62,184.52,179.96,183.38,167364900,0.021103624923436648,0.020884027591109522,180.27,184.7625,181.15232787879754,183.91730359024785,0.0256451334436342,216143875.0,0.7743217336137792,0.024866397644236024,0.00969056271335751,-0.005289562656778268,0
2025-12-05 00:00:00+00:00,183.89,184.66,180.91,182.41,143971100,-0.005289562656778268,-0.005303601922931556,181.352,184.47899999999998,181.57155191919838,183.7737508673671,0.024374273543183715,212190940.0,0.6784978661200144,0.02055808343840798,-0.008048289738430529,0.01721396853242707,1
2025-12-08 00:00:00+00:00,182.64,188.0,182.4,185.55,204378100,0.01721396853242707,0.01706748680778425,182.478,184.34900000000002,182.8977012794656,183.9429174514274,0.024726214777485638,209162730.0,0.9771248443735651,0.03018054432767445,0.01593298291721433,-0.0031258420910806883,0
2025-12-09 00:00:00+00:00,185.56,185.72,183.32,184.97,144719700,-0.0031258420910806883,-0.003130737740149492,183.18,183.645,183.58846751964376,184.04073483700574,0.020768343066518445,206453860.0,0.7009784171630407,0.012975077039519953,-0.0031795645613278906,-0.006433475698761959,0
2025-12-10 00:00:00+00:00,184.97,185.48,182.04,183.78,162785400,-0.006433475698761959,-0.006454259693718711,184.01799999999997,183.17600000000002,183.6523116797625,184.0159029477671,0.019841191175008113,205768965.0,0.7911076386081837,0.01871803243007943,-0.0064334756987619495,-0.015507672216780954,0
2025-12-11 00:00:00+00:00,180.28,181.32,176.62,180.93,182136600,-0.015507672216780954,-0.015629173941733576,183.528,182.5325,182.74487445317502,183.72200742893216,0.020001204954210393,207129030.0,0.8793388353143932,0.025976897142541252,0.0036055025515864527,-0.03266456640689763,0
2025-12-12 00:00:00+00:00,181.11,182.82,174.62,175.02,204274900,-0.03266456640689763,-0.03320996302332002,182.05,181.9405,180.1699163021167,182.8932448166529,0.01972951891245938,206971620.0,0.9869705807975026,0.0468517883670437,-0.03362597316547956,0.0072563135641638965,1
2025-12-15 00:00:00+00:00,177.94,178.42,175.03,176.29,164775600,0.0072563135641638965,0.0072301131899665805,180.198,181.2465,178.8766108680778,182.26436435792405,0.019285725794748656,205880805.0,0.8003446460198171,0.01922967837086611,-0.009272788580420398,0.008111634239037935,1
2025-12-16 00:00:00+00:00,176.26,178.49,174.9,177.72,148588100,0.008111634239037935,0.008078911770056152,178.748,180.80249999999998,178.4910739120519,181.8315677524075,0.019113639668743763,204628765.0,0.726134959569345,0.0202003151024083,0.00828321797344836,-0.038149898717083075,0
2025-12-17 00:00:00+00:00,176.1,176.13,170.31,170.94,222775500,-0.038149898717083075,-0.03889666032983641,176.18,180.2815,175.97404927470126,180.79427558551154,0.019982558899804808,205087595.0,1.0862456112959928,0.034047034047034005,-0.02930153321976148,0.018720018720018716,1
2025-12-18 00:00:00+00:00,174.53,176.15,171.82,174.14,176096000,0.018720018720018716,0.018546955662597675,174.822,179.6625,175.3626995164675,180.16053505355805,0.019307634384843102,201530075.0,0.8737951395095744,0.024865051108303737,-0.00223457285280476,0.03933616630297476,1
2025-12-19 00:00:00+00:00,176.67,181.45,176.34,180.99,324925900,0.03933616630297476,0.03858220772031107,176.01600000000002,179.68,177.2384663443117,180.23953171512395,0.02023685577779062,200601130.0,1.6197610651545182,0.02823360406652293,0.024452368823229875,0.014917951268025753,1
2025-12-22 00:00:00+00:00,183.92,184.16,182.35,183.69,129064400,0.014917951268025753,0.014807773037192717,177.49599999999998,179.9205,179.38897756287446,180.568147742255,0.020351475101941418,189708040.0,0.6803317350176619,0.009853557624258274,-0.0012505437146584917,0.03005062877674347,1
2025-12-23 00:00:00+00:00,182.97,189.33,182.9,189.21,174873600,0.03005062877674347,0.029607955185696255,179.794,180.2535,182.66265170858298,181.39118129061168,0.020906620814903073,185620805.0,0.9421012908547617,0.0339834046826278,0.03410395146745373,-0.0031710797526557366,0
2025-12-24 00:00:00+00:00,187.94,188.91,186.59,188.61,65528500,-0.0031710797526557366,-0.0031761182805896127,183.328,180.793,184.64510113905533,182.07868783436294,0.019889481383331215,172867215.0,0.379068408084205,0.012300514288743932,0.0035649675428329037,0.010179735963098402,1
2025-12-26 00:00:00+00:00,189.92,192.69,188.0,190.53,139740300,0.010179735963098402,0.010128271419913126,186.606,181.3065,186.60673409270356,182.88357470728076,0.01980575672931211,170661630.0,0.8188149849500441,0.024615546108224414,0.0032118786857624985,-0.012124074948826946,0
2025-12-29 00:00:00+00:00,187.71,188.76,185.91,188.22,120006100,-0.012124074948826946,-0.01219817105235066,188.052,181.8675,187.14448939513574,183.39180568753974,0.019511721998341936,170595295.0,0.7034549223646526,0.015141855275741124,0.0027169570081508223,-0.0036127935394750788,0
2025-12-30 00:00:00+00:00,188.24,188.99,186.93,187.54,97687300,-0.0036127935394750788,-0.0036193354391631516,188.822,182.2485,187.27632626342384,183.78687181253594,0.019305920603338286,166073110.0,0.5882186465948641,0.010984323344353217,-0.0037186570335742512,-0.005545483630158832,0
2025-12-31 00:00:00+00:00,189.57,190.56,186.49,186.5,120100500,-0.005545483630158832,-0.005560916907608515,188.28,182.50050000000002,187.01755084228256,184.0452649732468,0.01931516728354433,162946525.0,0.7370546871128427,0.02182305630026806,-0.01619454555045626,0.012600536193029477,1
2026-01-02 00:00:00+00:00,189.84,192.93,188.26,188.85,148240500,0.012600536193029477,0.012521810074595408,188.328,182.9635,187.62836722818838,184.50285878531852,0.01926145595922322,162101650.0,0.9144909999373849,0.02472862059835857,-0.005214917825537342,-0.003865501720942466,0
2026-01-05 00:00:00+00:00,191.76,193.63,186.15,188.12,183529700,-0.003865501720942466,-0.0038729920816189534,187.846,183.20049999999998,187.79224481879226,184.847348424812,0.018808944959461605,162909890.0,1.1265718735676513,0.03976185413565803,-0.018982060909470102,-0.004677865192430297,0
2026-01-06 00:00:00+00:00,190.52,192.17,186.82,187.24,176862600,-0.004677865192430297,-0.004688840644977432,187.65,183.442,187.60816321252818,185.07522000340134,0.018798125736006838,164554465.0,1.0747967245981445,0.02857295449690234,-0.01721604031072854,0.00998718222602002,1
2026-01-07 00:00:00+00:00,188.57,191.37,186.56,189.11,153543200,0.00998718222602002,0.00993763990731189,187.964,183.61999999999998,188.1087754750188,185.45948476498216,0.01854946488758972,162012720.0,0.9477231170490811,0.025434932050129564,0.0028636580580156997,-0.021521865580878985,0
2026-01-08 00:00:00+00:00,189.11,189.55,183.71,185.04,172457000,-0.021521865580878985,-0.021756838415997848,187.672,183.62349999999998,187.08585031667923,185.41953383498384,0.01922057578608227,163399585.0,1.0554310771352327,0.03156074362300045,-0.021521865580878968,-0.0009727626459142824,0
2026-01-09 00:00:00+00:00,185.08,186.34,183.67,184.86,131327500,-0.0009727626459142824,-0.0009732360865521983,186.874,183.67749999999998,186.3439002111195,185.3662448983187,0.019162408913834778,161826690.0,0.8115317689560356,0.014443362544628453,-0.001188675167495131,0.0004327599264306592,1
2026-01-12 00:00:00+00:00,183.22,187.12,183.02,184.94,137968500,0.0004327599264306592,0.0004326663128608743,186.238,183.878,185.87593347407966,185.3256501460979,0.018793008382470215,159618285.0,0.8643652574014312,0.02216935222234235,0.009387621438707559,0.004704228398399568,1
2026-01-13 00:00:00+00:00,185.0,188.11,183.4,185.81,160128900,0.004704228398399568,0.004693198095170992,185.952,184.4175,185.85395564938645,185.3717787036124,0.01697454704691175,157410985.0,1.017266361683716,0.025348474247887668,0.004378378378378391,-0.014369517248802643,0
2026-01-14 00:00:00+00:00,184.32,184.46,180.8,183.14,159586100,-0.014369517248802643,-0.014473758565077155,184.75799999999998,184.76,184.94930376625763,185.15922835088742,0.017378259323161376,157151510.0,1.0154919924091088,0.01998471114993992,-0.006401909722222259,0.02134978704816004,1
2026-01-15 00:00:00+00:00,186.5,189.7,186.33,187.05,206188600,0.02134978704816004,0.021125073114569126,185.16000000000003,185.22650000000002,185.64953584417177,185.3393018412791,0.017860322358329548,160031535.0,1.2884248095226982,0.01801657310879431,0.0029490616621984525,-0.004383854584335878,0
2026-01-16 00:00:00+00:00,189.08,190.44,186.08,186.23,187967200,-0.004383854584335878,-0.004393491850740894,185.43400000000003,185.991,185.84302389611452,185.42413023734775,0.015098133496937876,158291120.0,1.1874778572544056,0.023411910003758713,-0.015072984979902806,-0.04381678569510816,0
2026-01-20 00:00:00+00:00,181.9,182.38,177.61,178.07,223345300,-0.04381678569510816,-0.0448057375301909,184.06,186.1875,183.25201593074303,184.72373688140988,0.0182623383111117,160653585.0,1.390229169177893,0.026787218509574787,-0.021055525013743883,0.029482787667771015,1
2026-01-21 00:00:00+00:00,179.05,185.38,178.4,183.32,200381000,0.029482787667771015,0.029056528227699552,183.56199999999998,186.304,183.27467728716204,184.59004765460895,0.017334425395765872,154426340.0,1.2975830418567196,0.03807549639973811,0.023848087126500873,0.008291512109971588,1
2026-01-22 00:00:00+00:00,184.75,186.17,183.93,184.84,139636600,0.008291512109971588,0.008257326361142958,183.902,186.3615,183.79645152477468,184.6138526398843,0.017113107689032608,154954950.0,0.9011432032342304,0.012118589049989074,0.00048714479025712266,0.015310538844405919,1
2026-01-23 00:00:00+00:00,187.5,189.6,186.82,187.67,142748100,0.015310538844405919,0.01519451530111482,184.02599999999998,186.2845,185.0876343498498,184.90491429322864,0.016087198305312703,153348675.0,0.9308727317011379,0.014813235999360587,0.0009066666666665999,-0.006394202589651954,0
2026-01-26 00:00:00+00:00,187.16,189.12,185.99,186.47,124799600,-0.006394202589651954,-0.006414733067178879,184.07399999999998,186.17749999999998,185.5484228998999,185.0539700748259,0.01613275672355461,156312230.0,0.7983994598503265,0.016785541910226822,-0.0036866851891429672,0.010993725532257193,1
2026-01-27 00:00:00+00:00,187.24,190.0,185.7,188.52,143711600,0.010993725532257193,0.010933733819528335,186.164,186.077,186.5389485999333,185.38406816293772,0.016161849621068126,156510795.0,0.9182216472672061,0.022809251007850685,0.006836146122623377,0.01591343093570985,1
2026-01-28 00:00:00+00:00,191.27,192.35,189.84,191.52,148552700,0.01591343093570985,0.01578813975413329,187.80400000000003,186.242,188.19929906662222,185.96844262361034,0.01630933157427327,157938125.0,0.940575304411142,0.013105680868838716,0.0013070528572175458,0.005169172932330657,1
2026-01-29 00:00:00+00:00,191.34,193.48,186.06,192.51,171764400,0.005169172932330657,0.005155858620869758,189.33800000000002,186.4905,189.63619937774814,186.59144808802841,0.016300262789940595,161641980.0,1.0626224697321822,0.03854345228819276,0.0061147695202257105,-0.007168458781361964,0
2026-01-30 00:00:00+00:00,191.21,194.49,189.47,191.13,179489500,-0.007168458781361964,-0.007194275634026859,190.03,186.722,190.13413291849878,187.02369112726382,0.016340529833289097,164611430.0,1.090382970368461,0.026264845916392037,-0.00041838815961514825,-0.028880866425992635,0
2026-02-02 00:00:00+00:00,187.2,190.3,184.88,185.61,165794100,-0.028880866425992635,-0.02930612658549947,189.858,186.56,188.62608861233252,186.8890538770482,0.017457305542457502,165489110.0,1.0018429611471111,0.02920101287646148,-0.008493589743589611,-0.028392866763644276,0
2026-02-03 00:00:00+00:00,186.24,186.27,176.23,180.34,204019600,-0.028392866763644276,-0.028803740139246692,188.22199999999998,186.171,185.86405907488836,186.26533446018647,0.018539896600530605,166513605.0,1.225242826254347,0.05567261838749041,-0.03167955326460484,-0.03410225130309419,0
2026-02-04 00:00:00+00:00,179.46,179.58,171.91,174.19,207014100,-0.03410225130309419,-0.03469730058238962,184.756,185.5185,181.9727060499256,185.11530260683537,0.01992218491298771,168021180.0,1.2320714567056368,0.04403237843733863,-0.029365875403989803,-0.013261381250358806,0
2026-02-05 00:00:00+00:00,174.93,176.82,171.03,171.88,206312900,-0.013261381250358806,-0.013350098582575853,180.63,184.657,178.6084706999504,183.85479759666057,0.019768511444479248,170659665.0,1.2089142446166175,0.03368629276239232,-0.017435545646830225,0.07871771003025363,1
2026-02-06 00:00:00+00:00,176.69,187.0,174.6,185.41,231346200,0.07871771003025363,0.0757730302029671,179.486,184.6755,180.87564713330028,184.00291211126432,0.026307293781746042,173604125.0,1.3326077361353021,0.0668788091257214,0.049351972381006276,0.024971684375168612,1
2026-02-09 00:00:00+00:00,184.26,193.66,183.95,190.04,196387400,0.024971684375168612,0.0246649872089586,180.37199999999999,184.9345,183.9304314222002,184.57787286257246,0.026870868083347075,176857120.0,1.1104297073253258,0.05109450641970116,0.031368718115706073,-0.007893075142075379,0
2026-02-10 00:00:00+00:00,191.38,192.48,188.12,188.54,136764800,-0.007893075142075379,-0.007924390350716237,182.012,185.1145,185.46695428146683,184.95521830423223,0.026951261675409437,176796935.0,0.7735699716739999,0.02312506629892853,-0.014839586163653483,0.00800891057600528,1
2026-02-11 00:00:00+00:00,192.45,193.26,188.77,190.05,144192700,0.00800891057600528,0.007977009467253993,185.184,185.3265,186.99463618764457,185.44043560859106,0.02698515794694174,176000125.0,0.8192761226732084,0.023625361746908605,-0.012470771628994426,-0.01636411470665622,0
2026-02-12 00:00:00+00:00,193.03,193.61,186.51,186.94,189932500,-0.01636411470665622,-0.01649948568082049,188.196,185.5165,186.9764241250964,185.58325126491573,0.027050522864865992,177517445.0,1.069937098294762,0.03798010056702698,-0.03154950007770815,-0.022092650048143758,0
2026-02-13 00:00:00+00:00,187.48,187.5,181.59,182.81,161888000,-0.022092650048143758,-0.02234034763544379,187.676,185.30450000000002,185.58761608339762,185.31913209682853,0.02709681414324053,175302415.0,0.923478435821891,0.0323286472293638,-0.02490932366119046,0.011815546195503401,1
2026-02-17 00:00:00+00:00,181.75,187.15,179.18,184.97,162276900,0.011815546195503401,0.01174628764746366,186.66199999999998,185.2415,185.38174405559843,185.2858814209401,0.027235004110400363,174017900.0,0.9325299293923212,0.04308806833540574,0.01771664374140302,0.016272909120397916,1
2026-02-18 00:00:00+00:00,188.75,190.37,186.76,187.98,164749100,0.016272909120397916,0.01614192442569795,186.55,185.737,186.24782937039896,185.5424641427553,0.025341682460088073,171088090.0,0.9629489697383378,0.019204170656452888,-0.004079470198675551,-0.0004255771890625537,0
2026-02-19 00:00:00+00:00,187.06,188.43,185.66,187.9,126554500,-0.0004255771890625537,-0.0004256677727356717,186.12,185.966,186.7985529135993,185.7669913672548,0.02457419277081092,167396765.0,0.7560152073428659,0.014741883980840927,0.0044905377953597956,0.010218201170835384,1
2026-02-20 00:00:00+00:00,186.57,190.33,185.94,189.82,178422300,0.010218201170835384,0.010166348282925952,186.696,186.215,187.80570194239954,186.152992189421,0.024606595404888104,169336050.0,1.0536580958396042,0.023127173111368745,0.017419735220024657,0.009113897376461955,1
2026-02-23 00:00:00+00:00,191.4,193.95,189.58,191.55,171584800,0.009113897376461955,0.009072616444312231,188.44400000000002,186.409,189.05380129493304,186.66699293328568,0.024462696499050883,170777885.0,1.0047249384778363,0.02281388671365166,0.0007836990595611582,0.006786739754633064,1
2026-02-24 00:00:00+00:00,191.49,193.77,187.4,192.85,175123600,0.006786739754633064,0.006763813507578931,190.02,186.728,190.3192008632887,187.25585074916324,0.02442926984069693,173294085.0,1.0105572847451776,0.033030852994555375,0.007102198548226984,0.014052372310085604,1
2026-02-25 00:00:00+00:00,194.45,197.63,193.79,195.56,250637100,0.014052372310085604,0.013954553056207963,191.536,187.07999999999998,192.06613390885914,188.04672210638577,0.024498721004962722,178640360.0,1.4030261694501736,0.019635917365514437,0.005708408331190608,-0.054561259971364406,0
2026-02-26 00:00:00+00:00,194.27,194.29,184.32,184.89,360807900,-0.054561259971364406,-0.05610618406818357,190.934,186.7485,189.6740892725728,187.7460819057776,0.02744117657569989,189253120.0,1.9064832326146064,0.05392395478392557,-0.04828331703299544,-0.04164638433663248,0
2026-02-27 00:00:00+00:00,181.25,182.59,176.38,177.19,311636500,-0.04164638433663248,-0.042538450472282996,188.408,185.98250000000002,185.5127261817152,186.74074077189402,0.028844877390666764,196246725.0,1.5879831879996977,0.03504712455556187,-0.022400000000000014,0.029854957954737804,1
2026-03-02 00:00:00+00:00,175.01,183.46,174.64,182.48,209095300,0.029854957954737804,0.02941797480615449,186.594,185.55,184.50181745447682,186.33495593647555,0.02978763235499437,197727015.0,1.0574948496542063,0.048334064007014586,0.04268327524141477,-0.013316527838667103,0
2026-03-03 00:00:00+00:00,178.49,180.9,176.92,180.05,178099400,-0.013316527838667103,-0.013405987881248471,184.034,185.272,183.01787830298457,185.73638870443028,0.029236447355029484,198342280.0,0.8979396626881571,0.022104970841433036,0.008739985433357623,0.01660649819494564,1
2026-03-04 00:00:00+00:00,180.44,184.7,180.06,183.04,177731200,0.01660649819494564,0.016470118096548525,181.53,185.40699999999998,183.02525220198973,185.47958978019884,0.028761672533524255,197027860.0,0.9020612617931292,0.025349650349650275,0.01440922190201726,0.0016389860139860435,1
2026-03-05 00:00:00+00:00,181.17,184.06,177.88,183.34,198779700,0.0016389860139860435,0.0016376443421970421,181.22,185.8645,183.1301681346598,185.2758193249418,0.02752626848554471,196616140.0,1.0110039796325978,0.03370786516853936,0.011977700502290755,-0.03010799607287018,0
2026-03-06 00:00:00+00:00,179.84,182.76,176.82,177.82,189021900,-0.03010799607287018,-0.030570549840637007,181.346,186.1615,181.36011208977322,184.565741293995,0.028308340935099326,195751590.0,0.9656212754133952,0.03340456641547631,-0.011232206405694008,0.027162298953998576,1
2026-03-09 00:00:00+00:00,176.83,182.91,175.56,182.65,177213600,0.027162298953998576,0.026799950548298312,181.38,186.02349999999998,181.79007472651548,184.38328974218592,0.02322548000998467,193044960.0,0.9179913321746396,0.04024089789214341,0.03291296725668717,0.011606898439638691,1
2026-03-10 00:00:00+00:00,182.4,186.44,182.01,184.77,179118500,0.011606898439638691,0.01154005512577072,182.324,185.76,182.78338315101036,184.42011929054917,0.02264781741622105,192181515.0,0.9320277238942569,0.023975753639660154,0.012993421052631604,0.006819288845591798,1
2026-03-11 00:00:00+00:00,185.91,187.62,184.45,186.03,145280400,0.006819288845591798,0.006796142662834015,182.922,185.6345,183.86558876734026,184.57344126287782,0.02266402684305383,192607295.0,0.7542829569357692,0.017040262323281277,0.0006454736162659596,-0.015535128742676041,0
2026-03-12 00:00:00+00:00,184.05,184.94,181.75,183.14,155762700,-0.015535128742676041,-0.01565706335030992,182.882,185.289,183.6237258448935,184.43692304736567,0.022805137562081503,193185795.0,0.80628443721755,0.017418368461286436,-0.00494430861179041,-0.01578027738342247,0
2026-03-13 00:00:00+00:00,184.92,186.09,179.94,180.25,160988400,-0.01578027738342247,-0.015906111514527588,183.368,184.9545,182.49915056326233,184.03816847142608,0.022785455974374935,191738590.0,0.8396244073767309,0.03411927877947299,-0.025254163962794656,0.01647711511789174,1
2026-03-16 00:00:00+00:00,182.97,188.88,181.41,183.22,217307400,0.01647711511789174,0.016342840422003846,183.482,184.975,182.73943370884157,183.9602476646236,0.022593098398050564,194509560.0,1.1172067840778623,0.04077065822508459,0.0013663442094332405,-0.007040716079030673,0
2026-03-17 00:00:00+00:00,185.06,185.4,181.68,181.93,182497800,-0.007040716079030673,-0.007065618878350222,182.914,184.823,182.46962247256107,183.76689074418329,0.022474525298307464,195520605.0,0.9333942067128935,0.02044742483372725,-0.016913433481033153,-0.008409827955807136,0
2026-03-18 00:00:00+00:00,182.48,183.38,180.33,180.4,156683100,-0.008409827955807136,-0.00844539008018863,181.788,184.44400000000002,181.77974831504073,183.4462344828325,0.02216774839112162,195117305.0,0.8030200089120747,0.016906873614190594,-0.0113985094256904,-0.010199556541020005,0
2026-03-19 00:00:00+00:00,178.01,179.98,175.79,178.56,170968500,-0.010199556541020005,-0.01025192843557754,180.872,183.977,180.70649887669384,182.98087881780083,0.02223844644584243,197338005.0,0.8663739151513161,0.023465501792114683,0.0030897140610078727,-0.03281810035842303,0
2026-03-20 00:00:00+00:00,178.0,178.26,171.72,172.7,241323500,-0.03281810035842303,-0.03336869404031351,179.36200000000002,183.121,178.0376659177959,182.0017475018198,0.02304435906851343,200483065.0,1.2037101487848862,0.03786913723219451,-0.029775280898876468,0.017023740590619507,1
2026-03-23 00:00:00+00:00,177.26,178.37,174.76,175.64,182836300,0.017023740590619507,0.0168804605408841,177.846,182.3255,177.23844394519728,181.39586678736077,0.023354472830937435,201045640.0,0.9094268346232228,0.020553404691414336,-0.009139117680243737,-0.0025051241175131356,0
2026-03-24 00:00:00+00:00,174.83,176.22,173.98,175.2,147667800,-0.0025051241175131356,-0.002508267191225322,176.49999999999997,181.443,176.55896263013153,180.80578423618357,0.02321415155900299,199672850.0,0.7395487168135277,0.012785388127853934,0.0021163415889720078,0.019863013698630194,1
2026-03-25 00:00:00+00:00,177.1,181.22,176.85,178.68,162602100,0.019863013698630194,0.019668317981627048,176.156,180.599,177.26597508675437,180.60332859464228,0.023490607233410784,195271100.0,0.8326992575962342,0.024457130064920552,0.008921513269339426,-0.04163868368032231,0
2026-03-26 00:00:00+00:00,176.07,176.51,171.14,171.24,186152200,-0.04163868368032231,-0.04253041520717282,174.692,179.91649999999998,175.2573167245029,179.71158301420016,0.02207478993101053,186538315.0,0.9979301035285968,0.03135949544498951,-0.027432271255750464,-0.021723896285914535,0
2026-03-27 00:00:00+00:00,170.0,170.97,167.01,167.52,196212700,-0.021723896285914535,-0.021963334154518677,173.656,179.433,172.67821114966864,178.5504798699906,0.020606760471202995,180767125.0,1.0854446017216903,0.023638968481375405,-0.014588235294117588,-0.014028175740210314,0
2026-03-30 00:00:00+00:00,168.78,169.45,164.27,165.17,185627000,-0.014028175740210314,-0.01412750058922807,171.56199999999998,178.56750000000002,170.17547409977908,177.27614845380103,0.019280635218288975,179593710.0,1.0335941052723951,0.0313616274141792,-0.02138879014101205,0.05588181873221543,1
2026-03-31 00:00:00+00:00,166.97,174.62,166.96,174.4,226181300,0.05588181873221543,0.054376264941880414,171.402,178.285,171.58364939985273,177.00222955343904,0.023267330893698403,181997805.0,1.2427693839494383,0.04392201834862383,0.04449901179852672,0.007740825688073327,1
2026-04-01 00:00:00+00:00,176.0,177.37,174.75,175.75,168132000,0.007740825688073327,0.007711019215895121,170.81599999999997,177.9205,172.97243293323515,176.88296959596866,0.02299020075479363,181517845.0,0.9262560383525928,0.01490753911806546,-0.0014204545454545455,0.009331436699857587,1
2026-04-02 00:00:00+00:00,172.18,177.49,171.37,177.39,143143200,0.009331436699857587,0.009288167810074022,172.046,177.623,174.44495528882345,176.9312582058764,0.023117767528181635,178736020.0,0.8008637542673267,0.034500253678335896,0.030259031246369958,0.0014093240881674074,1
2026-04-06 00:00:00+00:00,177.16,177.79,175.76,177.64,107564300,0.0014093240881674074,0.0014083319230531188,174.07,177.614,175.50997019254896,176.99875742436436,0.022095472734557663,174663140.0,0.6158385793362011,0.011427606394956099,0.0027094152178820828,0.0025895068678225552,1
2026-04-07 00:00:00+00:00,175.73,178.23,173.66,178.1,132534900,0.0025895068678225552,0.0025861598717149548,176.656,177.3865,176.3733134616993,177.103637669663,0.021191695961638172,172429205.0,0.7686337126010643,0.025659741718135842,0.013486598759460563,0.02234699606962387,1
2026-04-08 00:00:00+00:00,184.5,185.26,180.3,182.08,147732700,0.02234699606962387,0.022100960642349676,178.19199999999998,177.252,178.27554230779955,177.57757693921891,0.021653996913660815,170859915.0,0.8646422421549256,0.027240773286467374,-0.013116531165311585,0.010050527240773155,1
2026-04-09 00:00:00+00:00,181.84,184.08,180.62,183.91,116428500,0.010050527240773155,0.010000356572923863,179.824,177.14600000000002,180.15369487186638,178.1806648497695,0.02172437568832986,169417320.0,0.6872290271148191,0.018813550106030166,0.011383633963924292,0.025664727312272317,1
2026-04-10 00:00:00+00:00,184.31,190.0,184.3,188.63,160459500,0.025664727312272317,0.025340916846743333,182.072,177.4205,182.97912991457758,179.17583962598192,0.022156129958729946,169652160.0,0.9458146598310331,0.030217886868472613,0.02343877163474577,0.0036049408895721946,1
2026-04-13 00:00:00+00:00,186.03,189.66,185.74,189.31,133648200,0.0036049408895721946,0.003598458664185067,184.406,177.8735,185.08941994305172,180.14099775684076,0.021776739356864746,168285150.0,0.7941770263151562,0.02070677724367433,0.017631564801376128,0.038032856161850814,1
2026-04-14 00:00:00+00:00,190.84,196.51,190.77,196.51,161307000,0.038032856161850814,0.037327437577857836,188.08800000000002,178.53799999999998,188.8962799620345,181.69995035142733,0.022954900718987755,165485130.0,0.9747522330254084,0.029209709429545472,0.029710752462795992,0.012009566943158134,1
2026-04-15 00:00:00+00:00,196.54,200.4,195.74,198.87,185338400,0.012009566943158134,0.011938024321733742,191.446,179.385,192.220853308023,183.33519317510093,0.022887693838660007,165627160.0,1.1190097083111248,0.02343239302056618,0.0118550931108172,-0.002614773470106191,0
2026-04-16 00:00:00+00:00,197.43,199.85,195.81,198.35,134012900,-0.002614773470106191,-0.0026181979610706563,194.334,180.28249999999997,194.2639022053487,184.76517477747228,0.022751561523396257,164493650.0,0.8146995339941694,0.020368036299470593,0.0046598794509445755,0.016788505167633083,1
2026-04-17 00:00:00+00:00,199.9,201.7,199.27,201.68,160324400,0.016788505167633083,0.01664913591932482,196.94400000000002,181.4385,196.7359348035658,186.37611051295113,0.022613190868024685,163961445.0,0.9778176814677377,0.012048790162633768,0.008904452226113063,0.00188417294724319,1
2026-04-20 00:00:00+00:00,199.98,202.17,197.84,202.06,119381400,0.00188417294724319,0.001882400119922245,199.494,182.9065,198.51062320237722,187.86981427362244,0.020665894169268628,157864340.0,0.756227783931444,0.02142927843214879,0.010401040104010464,-0.010788874591705522,0
2026-04-21 00:00:00+00:00,202.13,202.75,199.0,199.88,107945300,-0.010788874591705522,-0.0108474965235823,200.16799999999998,184.11849999999998,198.96708213491817,189.0136414856584,0.020956262410787553,154119790.0,0.7003986963646914,0.018761256754052432,-0.011131450056894079,0.013107864718831408,1
2026-04-22 00:00:00+00:00,200.99,202.5,199.0,202.5,107501000,0.013107864718831408,0.013022700070590254,200.894,185.4835,200.1447214232788,190.29805658226238,0.020893951555817282,152111450.0,0.7067252333732931,0.01728395061728395,0.007512811582665759,-0.0141234567901235,0
2026-04-23 00:00:00+00:00,202.46,203.83,197.22,199.64,113561800,-0.0141234567901235,-0.014224141945185842,201.152,186.5315,199.97648094885255,191.18776547918975,0.021205061537976834,149659435.0,0.7588014748284998,0.03310959727509524,-0.013928677269584222,0.04322781005810472,1
2026-04-24 00:00:00+00:00,199.96,210.95,199.81,208.27,214134400,0.04322781005810472,0.042319570249516936,202.47,188.38299999999998,202.74098729923503,192.81464495736213,0.019499557632774465,151058545.0,1.4175590000552434,0.053488260431171004,0.041558311662332474,0.04004417342872224,1
2026-04-27 00:00:00+00:00,209.65,216.83,207.38,216.61,187172400,0.04004417342872224,0.039263186701961494,205.37999999999997,190.8375,207.36399153282338,195.08086924713717,0.01905334718950962,150606530.0,1.2427907342397437,0.043626794700152426,0.03319818745528265,-0.015881076589261967,0
2026-04-28 00:00:00+00:00,209.49,214.73,208.2,213.17,180275400,-0.015881076589261967,-0.016008532107783857,208.038,193.2375,209.29932768854894,196.80364360455266,0.019197618229663715,150338950.0,1.1991263741033178,0.030632828259135908,0.017566470953267355,-0.01838907913871557,0
2026-04-29 00:00:00+00:00,212.7,212.72,207.58,209.25,123711800,-0.01838907913871557,-0.018560260075518364,209.388,194.98000000000002,209.28288512569932,197.98901088030954,0.01774802989230604,145215475.0,0.8519188468033452,0.02456391875746708,-0.016220028208744658,-0.04626045400238954,0
2026-04-30 00:00:00+00:00,209.93,210.3,198.7,199.57,225239200,-0.04626045400238954,-0.04736465738969109,209.37399999999997,196.171,206.04525675046625,198.139581272661,0.021789062842949528,148070835.0,1.52115843744651,0.05812496868266785,-0.04934978326108709,-0.00561206594177488,0
2026-05-01 00:00:00+00:00,201.28,203.0,197.12,198.45,128647000,-0.00561206594177488,-0.005627872750818774,207.41,197.224,203.51350450031083,198.169144960979,0.02193815115432558,147346025.0,0.8730944726876751,0.02962962962962961,-0.014060015898251255,0.00015117157974309237,1
2026-05-04 00:00:00+00:00,199.5,201.73,194.74,198.48,125368100,0.00015117157974309237,0.00015116015447080855,203.784,198.26600000000002,201.8356696668739,198.1987502027905,0.021952617922667155,148236215.0,0.84573192859788,0.03521765417170486,-0.005112781954887269,-0.009975816203143806,0
2026-05-05 00:00:00+00:00,199.3,200.24,196.03,196.5,113406600,-0.009975816203143806,-0.010025908074229761,200.45,199.186,200.0571131112493,198.03696446919142,0.02222162701257054,147279800.0,0.7700078354261752,0.021424936386768487,-0.01404917210235831,0.05765903307888043,1
2026-05-06 00:00:00+00:00,199.89,208.27,198.61,207.83,188362800,0.05765903307888043,0.05605800652166604,200.166,200.4735,202.64807540749956,198.9696345197446,0.024756445958974905,149311305.0,1.2615441275528334,0.04648029639609294,0.039721847015858854,0.017658663330606617,1
2026-05-07 00:00:00+00:00,208.34,214.2,206.5,211.5,168307900,0.017658663330606617,0.01750456065535122,202.552,201.853,205.59871693833307,200.1630026607213,0.024867095409193473,151905275.0,1.1079792982830912,0.03640661938534274,0.015167514639531518,0.01749408983451528,1
2026-05-08 00:00:00+00:00,213.03,217.8,212.89,215.2,136421400,0.01749408983451528,0.01734282980129631,205.902,203.1815,208.79914462555539,201.5950976454145,0.024619510353165473,150703370.0,0.9052312499713842,0.02281598513011164,0.010186358728817478,0.019702602230483368,1
2026-05-11 00:00:00+00:00,214.04,222.3,213.89,219.44,160685800,0.019702602230483368,0.019511018341718867,210.094,204.688,212.34609641703696,203.29461215537503,0.024774413382586933,152055250.0,1.0567593029507367,0.03832482683193595,0.02522892917211739,0.006106452788917194,1
2026-05-12 00:00:00+00:00,218.55,223.75,214.92,220.78,159176600,0.006106452788917194,0.006087883960857354,214.95,205.9015,215.157397611358,204.95988718819646,0.02375087265499764,151948730.0,1.0475678210670138,0.03999456472506573,0.010203614733470555,0.022873448681945963,1
2026-05-13 00:00:00+00:00,224.93,227.84,221.57,225.83,150405400,0.022873448681945963,0.022615773239007098,218.55,207.24949999999998,218.71493174090534,206.9475169797968,0.024014124261354068,150202080.0,1.0013536430387648,0.02776424744276673,0.004001244831725451,0.043882566532347234,1
2026-05-14 00:00:00+00:00,229.85,236.54,229.3,235.74,180782900,0.043882566532347234,0.04294699896921106,223.398,209.119,224.3899544939369,209.68965821981615,0.025247605294392954,152540580.0,1.18514627386365,0.030711801136845594,0.025625407874700957,-0.04420123865275305,0
2026-05-15 00:00:00+00:00,229.76,231.5,224.24,225.32,180977600,-0.04420123865275305,-0.04520788877191073,225.42200000000003,210.301,224.6999696626246,211.1782621988813,0.027867055694771745,153573240.0,1.1784448905291052,0.032220841469909424,-0.01932451253481893,-0.013314397301615433,0
2026-05-18 00:00:00+00:00,229.87,230.0,218.37,222.32,146280900,-0.013314397301615433,-0.01340382859226441,225.998,211.314,223.90664644174973,212.23938008470213,0.028180574082478954,154918215.0,0.9442459687519638,0.052311982727599834,-0.032844651324661814,-0.007691615689096709,0
2026-05-19 00:00:00+00:00,219.62,224.48,217.91,220.61,140948200,-0.007691615689096709,-0.0077213487265765934,225.964,212.3505,222.80776429449983,213.03658198139718,0.028097894142858286,156568360.0,0.9002342491164882,0.029781061601921913,0.004507786176122435,0.012964054213317588,1
2026-05-20 00:00:00+00:00,223.18,226.13,220.5,223.47,184201600,0.012964054213317588,0.012880740148622394,225.49200000000002,213.39899999999997,223.02850952966656,214.03024084031173,0.028095761098040555,160403390.0,1.1483647571288862,0.025193538282543497,0.0012993995877766467,-0.017720499395892153,0
2026-05-21 00:00:00+00:00,222.29,227.4,217.93,219.51,203381800,-0.017720499395892153,-0.01787938729224603,222.246,214.3925,221.85567301977773,214.55212266504395,0.028238421077467477,164894390.0,1.233406424560593,0.043141542526536375,-0.012506185613387922,-0.01904241264634854,0
2026-05-22 00:00:00+00:00,220.9,221.01,214.8,215.33,169275700,-0.01904241264634854,-0.019226054445531382,220.248,214.7455,219.68044867985185,214.62620622075406,0.027264802348023833,162651455.0,1.040726626146689,0.028839455719128684,-0.02521502942507919,-0.002182696326568534,0
2026-05-26 00:00:00+00:00,216.54,218.18,212.0,214.86,187202600,-0.002182696326568534,-0.002185081880120343,218.75600000000003,214.658,218.07363245323458,214.64847229496795,0.025792157099385305,162652965.0,1.150932600583088,0.028762915386763503,-0.007758381823219629,-0.010518477147910321,0
2026-05-27 00:00:00+00:00,214.12,214.15,208.78,212.6,167601200,-0.010518477147910321,-0.010574187330549378,217.154,214.6295,216.2490883021564,214.45337969544718,0.025647349282649213,162019255.0,1.034452355678342,0.02525870178739419,-0.007098823089856203,0.007761053621825109,1
2026-05-28 00:00:00+00:00,211.28,215.52,211.22,214.25,143996000,0.007761053621825109,0.007731091570041926,215.31,214.8795,215.58272553477093,214.4340102006427,0.025324949485299987,163033465.0,0.8832297099248918,0.020070011668611488,0.014057175312381667,-0.014515752625437583,0
2026-05-29 00:00:00+00:00,214.58,217.86,211.13,211.14,289410600,-0.014515752625437583,-0.014622136916340622,213.63600000000002,215.458,214.10181702318064,214.1202949434386,0.022970442171720614,166242035.0,1.7408990451783148,0.03187458558302557,-0.016031316991332024,0.06261248460736968,1
2026-06-01 00:00:00+00:00,215.73,224.87,215.7,224.36,212850700,0.06261248460736968,0.06073048407858739,215.442,216.75350000000003,217.52121134878712,215.0955049488254,0.02624535911335761,170452220.0,1.2487411428258313,0.040871813157425635,0.040003708339127725,-0.0068639686218577856,0
2026-06-02 00:00:00+00:00,227.18,232.28,221.35,222.82,193362900,-0.0068639686218577856,-0.006887634008965193,217.03400000000002,217.9705,219.28747423252474,215.83117114417539,0.026376698663959825,173851960.0,1.1122273226025177,0.04905304730275562,-0.019191830266748894,-0.03621757472399245,0
2026-06-03 00:00:00+00:00,221.72,222.82,214.51,214.75,160907000,-0.03621757472399245,-0.03688970976680572,217.464,218.88299999999998,217.77498282168318,215.72820246377773,0.027866101464190687,176226980.0,0.9130667733170029,0.03869615832363214,-0.0314360454627458,0.018207217694994116,1
2026-06-04 00:00:00+00:00,213.91,221.6,210.97,218.66,169022200,0.018207217694994116,0.018043451141974032,218.346,219.4245,218.0699885477888,216.0074212767513,0.02534218314035709,175259950.0,0.9644085827937301,0.04861428702094574,0.022205600486185778,-0.06201408579529866,0
2026-06-05 00:00:00+00:00,214.53,214.87,204.33,205.1,219655500,-0.06201408579529866,-0.06402034692800385,217.138,219.1045,213.74665903185922,214.96861925039403,0.029088164606480522,177827330.0,1.2352178936724743,0.051389566065333944,-0.043956556192607125,0.0172598732325695,1
2026-06-08 00:00:00+00:00,210.18,210.47,206.0,208.64,138372800,0.0172598732325695,0.01711261365995309,213.994,218.7765,212.04443935457283,214.36589360749934,0.029080345000190345,177924900.0,0.7777034018285243,0.021424463190184043,-0.007327053002188697,-0.002156825153374231,0
2026-06-09 00:00:00+00:00,210.62,211.4,199.34,208.19,180962500,-0.002156825153374231,-0.0021591544506058824,211.06799999999998,218.21400000000003,210.7596262363819,213.77771326392798,0.02865500745092972,178938735.0,1.0113098206489501,0.05792785436380231,-0.011537365872186909,-0.03732167731399205,0
2026-06-10 00:00:00+00:00,204.43,207.22,199.92,200.42,161746600,-0.03732167731399205,-0.03803595965749995,208.202,217.196,207.31308415758792,212.50555009593484,0.02963034723347328,179067235.0,0.9032730080408066,0.036423510627681926,-0.01961551631365269,0.022203372916874686,1
2026-06-11 00:00:00+00:00,201.49,205.66,199.54,204.87,158643200,0.022203372916874686,0.021960467010925022,205.44399999999996,216.148,206.49872277172528,211.77835484870295,0.029598736918996917,179479125.0,0.8839089225557568,0.029872602137941157,0.016775026055883643,0.0015619661248595929,1
2026-06-12 00:00:00+00:00,204.86,207.07,203.44,205.19,112001800,0.0015619661248595929,0.0015607475245484892,205.462,214.6205,206.06248184781685,211.1508924821598,0.027448361956935806,176040070.0,0.6362290130877589,0.017690920610166166,0.0016108561944741973,0.03538184122033239,1
2026-06-15 00:00:00+00:00,208.92,212.71,208.34,212.45,149936700,0.03538184122033239,0.03477028739516452,206.224,213.977,208.19165456521125,211.27461700766838,0.027405603770710617,174488025.0,0.8592950719684058,0.020569545775476605,0.016896419682175003,-0.023723228995057632,0
2026-06-16 00:00:00+00:00,211.18,211.49,207.29,207.41,125694100,-0.023723228995057632,-0.02400915592003372,206.06799999999998,213.2315,207.93110304347417,210.9065582450333,0.027719509911003193,173458685.0,0.7246342263000553,0.020249746878164106,-0.01785206932474671,-0.013306976519936287,0
2026-06-17 00:00:00+00:00,208.53,209.21,203.08,204.65,128363500,-0.013306976519936287,-0.013396307702374877,206.914,212.4335,206.8374020289828,210.31069555503012,0.027794252737225123,172829450.0,0.7427177486244387,0.029953579281700442,-0.018606435524864507,0.029513804055704806,1
2026-06-18 00:00:00+00:00,207.33,211.39,206.5,210.69,241272000,0.029513804055704806,0.029086655900626646,208.07799999999997,211.79449999999997,208.1216013526552,210.34681978788439,0.028531216903425017,175682970.0,1.37333743845519,0.02320945464901033,0.016206048328751194,-0.009682471878114773,0
2026-06-22 00:00:00+00:00,211.44,213.99,207.72,208.65,122041400,-0.009682471878114773,-0.00972965180147689,208.76999999999998,211.2515,208.29773423510346,210.18521790332397,0.0283643979804985,171615950.0,0.711130870994217,0.03005032350826748,-0.013195232690124821,-0.04126527677929559,0
2026-06-23 00:00:00+00:00,202.17,203.77,200.0,200.04,153496200,-0.04126527677929559,-0.0421408604868585,206.288,210.487,205.54515615673563,209.21900667443597,0.029513538508123747,170826975.0,0.8985477849736554,0.018846230753849284,-0.010535687787505544,-0.005198960207958403,0
2026-06-24 00:00:00+00:00,200.12,201.67,196.58,199.0,151810700,-0.005198960207958403,-0.005212521826210903,204.606,209.69400000000002,203.3634374378238,208.24576794353732,0.029513216716064678,169057380.0,0.8979832764473222,0.025577889447236057,-0.005596642014791148,-0.01638190954773866,0
2026-06-25 00:00:00+00:00,200.08,200.8,192.13,195.74,149550000,-0.01638190954773866,-0.01651757672681864,202.82399999999998,208.85100000000003,200.82229162521588,207.0547424251052,0.02961440347494512,168154820.0,0.8893589847736746,0.04429345049555541,-0.02169132347061177,-0.016399305200776593,0
2026-06-26 00:00:00+00:00,193.12,195.55,191.22,192.53,179304100,-0.016399305200776593,-0.016535262256429206,199.192,207.76500000000001,198.05819441681058,205.6714336227142,0.02959991644520851,169920225.0,1.0552251799337014,0.02249000155819879,-0.003055095277547656,0.012673349607853268,1
2026-06-29 00:00:00+00:00,193.85,196.18,189.8,194.97,148835700,0.012673349607853268,0.012593714833123215,196.456,206.9565,197.0287962778737,204.65224946817,0.029776023709162665,162891480.0,0.9137107723497877,0.03272298302302916,0.005777663141604357,0.02626045032569113,1
2026-06-30 00:00:00+00:00,197.24,200.63,195.11,200.09,166476700,0.02626045032569113,0.025921564754034065,196.466,205.743,198.04919751858247,204.21774951882045,0.026647237814174878,160572780.0,1.0367678756013317,0.02758758558648599,0.014449401744068112,-0.01254435504023188,0
2026-07-01 00:00:00+00:00,196.2,199.85,193.45,197.58,146147600,-0.01254435504023188,-0.012623699712073666,196.182,204.481,197.89279834572164,203.58558289798043,0.02669125069318389,158212015.0,0.9237452667548669,0.03239194250430208,0.007033639143731009,-0.013918412794817314,0
2026-07-02 00:00:00+00:00,197.14,200.06,192.35,194.83,142068700,-0.013918412794817314,-0.014016182158532509,196.00000000000003,203.48499999999999,196.87186556381445,202.75171786007752,0.025772756251969668,157270100.0,0.9033420847319357,0.03957296104296057,-0.01171756112407413,0.003695529435918443,1
2026-07-06 00:00:00+00:00,194.42,197.55,193.99,195.55,108999000,0.003695529435918443,0.0036887177437279206,196.60399999999998,202.3295,196.43124370920967,202.06583996864157,0.025296622038592252,154268940.0,0.7065518178837554,0.01820506264382512,0.005812159242876371,0.00705701866530295,1
2026-07-07 00:00:00+00:00,192.37,198.41,191.14,196.93,124154600,0.00705701866530295,0.0070322344425814975,196.996,201.921,196.59749580613982,201.57671235258047,0.021337584322748456,149493895.0,0.8304994662156605,0.03691667089828878,0.023704319800384687,0.03651043518001318,1
2026-07-08 00:00:00+00:00,195.18,205.16,195.06,204.12,147419100,0.03651043518001318,0.03585972055166575,197.80200000000002,201.695,199.10499720409322,201.8189302237633,0.022597471485479227,149946210.0,0.983146556355109,0.04948069762884575,0.045803873347679054,-0.006564765824025098,0
2026-07-09 00:00:00+00:00,204.46,204.59,198.96,202.78,132037400,-0.006564765824025098,-0.006586408671337196,198.842,201.4245,200.32999813606216,201.91046067864298,0.022630104268350576,147499955.0,0.8951690866617552,0.027764079297761098,-0.00821676611562167,0.04033928395305253,1
2026-07-10 00:00:00+00:00,202.0,211.0,201.92,210.96,148421000,0.04033928395305253,0.039546894520597675,202.068,201.9515,203.87333209070812,202.77232156639127,0.022653976107841197,146833675.0,1.010810360770443,0.043041334850208626,0.044356435643564396,-0.035219946909366695,0
2026-07-13 00:00:00+00:00,208.54,210.57,203.0,203.53,121411000,-0.035219946909366695,-0.03585512788024303,203.66400000000002,201.8845,203.7588880604721,202.84448141721117,0.023712499946208616,144972065.0,0.8374785859606815,0.03719353412273371,-0.02402416802531884,0.040632830540952236,1
2026-07-14 00:00:00+00:00,208.2,212.55,203.8,211.8,124379600,0.040632830540952236,0.039829019002517896,206.638,202.21499999999997,206.4392587069814,203.69738794890534,0.0253597014385962,145590955.0,0.8543085660781605,0.04131255901794145,0.01729106628242086,0.003305004721435356,1
2026-07-15 00:00:00+00:00,211.96,213.81,206.04,212.5,124797200,0.003305004721435356,0.0032995551971657378,208.314,202.2175,208.45950580465427,204.53573195377152,0.02413923404706106,144333980.0,0.8646418535676769,0.03656470588235299,0.00254765050009432,-0.02400000000000002,0
2026-07-16 00:00:00+00:00,210.17,211.08,205.85,207.4,122986100,-0.02400000000000002,-0.02429269256904476,209.238,202.217,208.10633720310287,204.80851938674564,0.024154162531149645,144198580.0,0.8528939744066828,0.025216972034715613,-0.013179806823047924,-0.022131147540983664,0
2026-07-17 00:00:00+00:00,202.64,206.65,197.97,202.81,144281900,-0.022131147540983664,-0.0223797156293859,207.608,202.125,206.34089146873526,204.61818420705558,0.02449743273485546,144994500.0,0.9950853308228933,0.042798678566145686,0.0008389261744967229,0.0023174399684433578,1
2026-07-20 00:00:00+00:00,205.87,207.74,202.28,203.28,88701500,0.0023174399684433578,0.002314758845867182,207.558,201.7545,205.3205943124902,204.4907380920979,0.02350998496418085,137365975.0,0.6457312300225729,0.026859504132231444,-0.012580754845290735,0.01972648563557655,1
2026-07-21 00:00:00+00:00,207.54,208.65,204.01,207.29,108685600,0.01972648563557655,0.019534439999511655,206.656,201.6865,205.97706287499346,204.75733446427904,0.02389731661315252,136698185.0,0.7950771255668099,0.022384099570649886,-0.0012045870675532427,0.023011240291379353,1
2026-07-22 00:00:00+00:00,205.81,214.39,204.95,212.06,137645600,0.023011240291379353,0.02275047448623191,206.56800000000004,202.2875,208.004708583329,205.452826420062,0.02227126542073991,135905655.0,1.0128025945645898,0.0445157031028954,0.03036781497497692,-0.015561633499952876,0
2026-07-23 00:00:00+00:00,209.46,210.87,205.96,208.76,110505300,-0.015561633499952876,-0.01568398672243898,206.84,202.7755,208.25647238888604,205.76779533243706,0.022593214487597848,133840385.0,0.8256498963298708,0.023519831385322845,-0.0033419268595436696,-0.009197164207702557,0
2026-07-24 00:00:00+00:00,207.45,211.91,204.81,206.84,114836800,-0.009197164207702557,-0.009239719247192468,207.64600000000002,203.3305,207.78431492592404,205.86991006268113,0.02232965986471648,132104725.0,0.869286091016048,0.034326049120092794,-0.002940467582549941,-0.04994198414233231,0
2026-07-27 00:00:00+00:00,208.2,208.75,195.44,196.51,154353700,-0.04994198414233231,-0.05123222692834428,206.292,203.5295,204.02620995061605,204.9784900567115,0.02508530210375629,130857205.0,1.1795582826333484,0.06773192203959087,-0.05614793467819404,0.002544399776092776,1
2026-07-28 00:00:00+00:00,195.0,198.7,192.74,197.01,134111500,0.002544399776092776,0.0025411682713150086,204.236,203.63150000000002,201.68747330041072,204.2195862417866,0.024941560434767498,130120995.0,1.0306676489831637,0.030252271458301505,0.01030769230769226,-0.03553119131008575,0
2026-07-29 00:00:00+00:00,195.85,197.07,190.01,190.01,147680800,-0.03553119131008575,-0.0361777865165509,199.826,203.1275,197.7949822002738,202.8662923139974,0.025472661762536843,129181200.0,1.1432065966255152,0.0371559391610968,-0.029818738830737827,0.026472290932056275,1
2026-07-30 00:00:00+00:00,193.45,197.25,191.52,195.04,129010200,0.026472290932056275,0.026127963378520747,197.082,203.00050000000002,196.87665480018254,202.12093114123576,0.026134078460398367,128324330.0,1.005344816528557,0.02937858900738305,0.008219178082191799,0.02927604593929445,1
2026-07-31 00:00:00+00:00,198.44,202.0,194.95,200.75,139961200,0.02927604593929445,0.028855687093909843,195.86399999999998,203.2965,198.16776986678838,201.99036627064189,0.026731196068322062,128218955.0,1.0915796342280282,0.03511830635118312,0.011640798226164092,0.029339975093399584,1
2026-08-03 00:00:00+00:00,197.69,208.74,196.85,206.64,128406900,0.029339975093399584,0.028917795960714088,197.89,203.851,200.99184657785892,202.43318853058076,0.02742633085992097,129189350.0,0.9939433862001783,0.05753968253968261,0.04527290201831144,0.025648470770422094,1
2026-08-04 00:00:00+00:00,211.3,213.06,209.05,211.94,134922000,0.025648470770422094,0.025325066959105413,200.876,204.60150000000002,204.64123105190595,203.33859914671592,0.02787768128591027,129727720.0,1.0400398619508613,0.018920449183731203,0.0030288689067675643,0.03434934415400592,1
2026-08-05 00:00:00+00:00,216.86,222.22,216.4,219.22,158187400,0.03434934415400592,0.033772576040886904,206.718,205.3565,209.50082070127064,204.85111351369534,0.02775448544541957,130266135.0,1.214340165999398,0.02654867256637165,0.010882597067232247,-0.0010491743454064117,0
2026-08-06 00:00:00+00:00,221.53,223.63,217.0,218.99,113940600,-0.0010491743454064117,-0.0010497251140781927,211.50799999999998,206.167,212.6638804675138,206.19767413143865,0.0276753663295602,129361295.0,0.8807935944054982,0.030275355039042856,-0.01146571570441923,0.022695100232887233,1
2026-08-07 00:00:00+00:00,221.54,224.76,220.66,223.96,105669400,0.022695100232887233,0.02244139780719312,216.15,206.817,216.42925364500923,207.88932421415876,0.02676326087967627,127223715.0,0.8305794245986293,0.01830684050723341,0.01092353525322748,-0.028621182353991803,0
2026-08-10 00:00:00+00:00,223.4,224.14,216.77,217.55,115846600,-0.028621182353991803,-0.02903875531400324,218.33200000000002,207.51799999999997,216.8028357633395,208.80938857471506,0.026281617870621804,126945495.0,0.9125696031986011,0.033877269593196854,-0.02618621307072513,-0.0002298322224776328,0
2026-08-11 00:00:00+00:00,222.17,222.2,216.2,217.5,101273100,-0.0002298322224776328,-0.00022985863795010886,219.44400000000002,207.80300000000003,217.03522384222634,209.63706585331363,0.024840613086336793,125790170.0,0.8050955015006339,0.027586206896551724,-0.021019939685826113,0.0302988505747126,1
2026-08-12 00:00:00+00:00,221.04,225.1,220.2,224.09,108783600,0.0302988505747126,0.029848906346320092,220.41799999999998,208.3825,219.38681589481757,211.01353577204569,0.025647803117028852,124989490.0,0.87034197835354,0.021866214467401515,0.013798407528049273,0.005399616225623571,1
2026-08-13 00:00:00+00:00,225.06,227.23,223.71,225.3,98867200,0.005399616225623571,0.005385090563139627,221.68,209.2775,221.35787726321172,212.37415141280323,0.024852836213569953,123783545.0,0.7987103617043768,0.015623612960497033,0.0010663822980538928,-0.0006213936972925271,0
2026-08-14 00:00:00+00:00,226.77,227.49,224.5,225.16,75680900,-0.0006213936972925271,-0.0006215868423726789,221.92000000000002,210.39499999999998,222.62525150880782,213.59185127825054,0.024095586254090504,120353495.0,0.6288217886817495,0.013279445727482719,-0.007099704546456823,-0.0006661929294724533,0
2026-08-17 00:00:00+00:00,225.98,227.92,224.86,225.01,93678700,-0.0006661929294724533,-0.0006664149345860793,223.41199999999998,211.4815,223.42016767253855,214.67929401365524,0.02412375503610631,120602355.0,0.7767568054537575,0.013599395582418444,-0.004292415257987427,-0.023421181280831926,0
2026-08-18 00:00:00+00:00,220.45,221.64,218.69,219.74,103128200,-0.023421181280831926,-0.023699816388504935,223.85999999999999,212.10399999999998,222.19344511502572,215.16126601235476,0.02469058182535847,120324485.0,0.857084075614369,0.013424956767088325,-0.0032206849625764553,-0.009920815509238179,0
2026-08-19 00:00:00+00:00,221.67,222.87,216.76,217.56,96797300,-0.009920815509238179,-0.009970354717975027,222.554,212.379,220.6489634100172,215.38971686832096,0.024389397356201364,118282070.0,0.8183598748314094,0.02808420665563529,-0.018541074570307146,-0.003263467549181831,0
2026-08-20 00:00:00+00:00,218.36,219.86,215.66,216.85,92457000,-0.003263467549181831,-0.0032688042733841627,220.86399999999998,212.7835,219.3826422733448,215.5287914522904,0.02409106907163334,117379655.0,0.7876748317244585,0.01936822688494359,-0.006915185931489372,-0.009822457920221295,0
2026-08-21 00:00:00+00:00,218.42,218.74,214.5,214.72,98869300,-0.009822457920221295,-0.009871016498058438,218.776,213.1775,217.82842818222989,215.4517636949294,0.0241068426949301,116581280.0,0.8480718345175143,0.019746646795827168,-0.01693984067393091,-0.029061102831594687,0
2026-08-24 00:00:00+00:00,215.53,215.59,207.25,208.48,135187300,-0.029061102831594687,-0.029491740406782263,215.46999999999997,213.77599999999998,214.71228545481995,214.78778620017422,0.021982960503234467,115622960.0,1.1692080880821594,0.040003837298541844,-0.03271006356423705,0.021920567920184375,1
2026-08-25 00:00:00+00:00,211.03,214.73,210.11,213.05,122309000,0.021920567920184375,0.021683766569386087,214.132,214.57800000000003,214.1581903032133,214.62228275253858,0.022377122896249747,115032835.0,1.0632529399105917,0.021685050457638938,0.009572098753731745,-0.01591175780333265,0
2026-08-26 00:00:00+00:00,212.64,213.6,209.23,209.66,179900000,-0.01591175780333265,-0.01603970892149409,212.552,215.5605,212.65879353547555,214.14968439515397,0.020881261205670767,116643795.0,1.542302357360715,0.020843270056281622,-0.014014296463506349,0.08737956691786697,1
2026-08-27 00:00:00+00:00,222.86,230.47,220.9,227.98,298909800,0.08737956691786697,0.08377073478420538,214.77800000000002,217.20749999999998,217.7658623569837,215.4668573099012,0.027034072251524696,125138775.0,2.388626546807734,0.041977366435652225,0.02297406443507124,-0.045749627160277084,0
