ticker,timestamp,sample_id,image_path,future_return,target_return_1d,target_direction_1d
AMZN,2016-10-10,AMZN_20161010_00000,ml/datasets/charts/processed/AMZN/AMZN_20161010_00000.png,-0.0342124019957235,-0.0128296507483964,0
MSFT,2016-10-10,MSFT_20161010_00000,ml/datasets/charts/processed/MSFT/MSFT_20161010_00000.png,-0.0141281874569262,-0.014645072363887,0
NVDA,2016-10-10,NVDA_20161010_00000,ml/datasets/charts/processed/NVDA/NVDA_20161010_00000.png,-0.0238095238095238,-0.0178571428571429,0
AMZN,2016-10-11,AMZN_20161011_00001,ml/datasets/charts/processed/AMZN/AMZN_20161011_00001.png,-0.0161251504211791,0.0036101083032491,1
MSFT,2016-10-11,MSFT_20161011_00001,ml/datasets/charts/processed/MSFT/MSFT_20161011_00001.png,0.0082182199685258,-0.0013988459520895,0
NVDA,2016-10-11,NVDA_20161011_00001,ml/datasets/charts/processed/NVDA/NVDA_20161011_00001.png,0.0121212121212122,0.0060606060606061,1
AMZN,2016-10-12,AMZN_20161012_00002,ml/datasets/charts/processed/AMZN/AMZN_20161012_00002.png,-0.0196642685851319,-0.0057553956834532,0
MSFT,2016-10-12,MSFT_20161012_00002,ml/datasets/charts/processed/MSFT/MSFT_20161012_00002.png,0.0073542286814918,-0.0033269129749605,0
NVDA,2016-10-12,NVDA_20161012_00002,ml/datasets/charts/processed/NVDA/NVDA_20161012_00002.png,0.0,-0.0180722891566265,0
AMZN,2016-10-13,AMZN_20161013_00003,ml/datasets/charts/processed/AMZN/AMZN_20161013_00003.png,-0.0226724553786782,-0.0074770863482875,0
MSFT,2016-10-13,MSFT_20161013_00003,ml/datasets/charts/processed/MSFT/MSFT_20161013_00003.png,0.0057976106816584,0.0087842586085733,1
NVDA,2016-10-13,NVDA_20161013_00003,ml/datasets/charts/processed/NVDA/NVDA_20161013_00003.png,0.0368098159509202,0.0122699386503066,1
AMZN,2016-10-14,AMZN_20161014_00004,ml/datasets/charts/processed/AMZN/AMZN_20161014_00004.png,-0.0048602673147022,-0.0121506682867558,0
MSFT,2016-10-14,MSFT_20161014_00004,ml/datasets/charts/processed/MSFT/MSFT_20161014_00004.png,0.0390107976314872,-0.0034831069313828,0
NVDA,2016-10-14,NVDA_20161014_00004,ml/datasets/charts/processed/NVDA/NVDA_20161014_00004.png,0.0242424242424241,-0.0060606060606061,0
AMZN,2016-10-17,AMZN_20161017_00005,ml/datasets/charts/processed/AMZN/AMZN_20161017_00005.png,0.030750307503075,0.0056580565805659,1
MSFT,2016-10-17,MSFT_20161017_00005,ml/datasets/charts/processed/MSFT/MSFT_20161017_00005.png,0.0660608178958406,0.0076896190143305,1
NVDA,2016-10-17,NVDA_20161017_00005,ml/datasets/charts/processed/NVDA/NVDA_20161017_00005.png,0.0792682926829269,0.0182926829268292,1
AMZN,2016-10-18,AMZN_20161018_00006,ml/datasets/charts/processed/AMZN/AMZN_20161018_00006.png,0.0215264187866925,0.0,0
MSFT,2016-10-18,MSFT_20161018_00006,ml/datasets/charts/processed/MSFT/MSFT_20161018_00006.png,0.0577523413111342,-0.0022545959070412,0
NVDA,2016-10-18,NVDA_20161018_00006,ml/datasets/charts/processed/NVDA/NVDA_20161018_00006.png,0.0778443113772455,-0.0059880239520958,0
AMZN,2016-10-19,AMZN_20161019_00007,ml/datasets/charts/processed/AMZN/AMZN_20161019_00007.png,0.0061154598825832,-0.0088062622309197,0
MSFT,2016-10-19,MSFT_20161019_00007,ml/datasets/charts/processed/MSFT/MSFT_20161019_00007.png,0.0538849296019467,-0.0048670258995306,0
NVDA,2016-10-19,NVDA_20161019_00007,ml/datasets/charts/processed/NVDA/NVDA_20161019_00007.png,0.0843373493975905,0.0180722891566265,1
AMZN,2016-10-20,AMZN_20161020_00008,ml/datasets/charts/processed/AMZN/AMZN_20161020_00008.png,0.0098716683119446,0.0106120434353405,1
MSFT,2016-10-20,MSFT_20161020_00008,ml/datasets/charts/processed/MSFT/MSFT_20161020_00008.png,0.0497816593886462,0.0420960698689956,1
NVDA,2016-10-20,NVDA_20161020_00008,ml/datasets/charts/processed/NVDA/NVDA_20161020_00008.png,0.0473372781065088,0.0,0
AMZN,2016-10-21,AMZN_20161021_00009,ml/datasets/charts/processed/AMZN/AMZN_20161021_00009.png,-0.052014652014652,0.0231990231990231,1
MSFT,2016-10-21,MSFT_20161021_00009,ml/datasets/charts/processed/MSFT/MSFT_20161021_00009.png,0.003519946362722,0.0224606101240363,1
NVDA,2016-10-21,NVDA_20161021_00009,ml/datasets/charts/processed/NVDA/NVDA_20161021_00009.png,0.0414201183431952,0.0473372781065088,1
AMZN,2016-10-24,AMZN_20161024_00010,ml/datasets/charts/processed/AMZN/AMZN_20161024_00010.png,-0.0575178997613364,-0.0033412887828162,0
MSFT,2016-10-24,MSFT_20161024_00010,ml/datasets/charts/processed/MSFT/MSFT_20161024_00010.png,-0.0177049180327868,-0.0001639344262295,0
NVDA,2016-10-24,NVDA_20161024_00010,ml/datasets/charts/processed/NVDA/NVDA_20161024_00010.png,0.0056497175141243,0.0169491525423728,1
AMZN,2016-10-25,AMZN_20161025_00011,ml/datasets/charts/processed/AMZN/AMZN_20161025_00011.png,-0.059626436781609,-0.0150862068965516,0
MSFT,2016-10-25,MSFT_20161025_00011,ml/datasets/charts/processed/MSFT/MSFT_20161025_00011.png,-0.0195113953107067,-0.0059026069847515,0
NVDA,2016-10-25,NVDA_20161025_00011,ml/datasets/charts/processed/NVDA/NVDA_20161025_00011.png,-0.0388888888888889,0.0,0
AMZN,2016-10-26,AMZN_20161026_00012,ml/datasets/charts/processed/AMZN/AMZN_20161026_00012.png,-0.0692924872355944,-0.0051057622173595,0
MSFT,2016-10-26,MSFT_20161026_00012,ml/datasets/charts/processed/MSFT/MSFT_20161026_00012.png,-0.0197921820880752,-0.0087415470888998,0
NVDA,2016-10-26,NVDA_20161026_00012,ml/datasets/charts/processed/NVDA/NVDA_20161026_00012.png,-0.0444444444444445,-0.0166666666666667,0
AMZN,2016-10-27,AMZN_20161027_00013,ml/datasets/charts/processed/AMZN/AMZN_20161027_00013.png,-0.0628054740957967,-0.0513196480938417,0
MSFT,2016-10-27,MSFT_20161027_00013,ml/datasets/charts/processed/MSFT/MSFT_20161027_00013.png,-0.0148086522462562,-0.0038269550748752,0
NVDA,2016-10-27,NVDA_20161027_00013,ml/datasets/charts/processed/NVDA/NVDA_20161027_00013.png,-0.0395480225988701,-0.0056497175141243,0
AMZN,2016-10-28,AMZN_20161028_00014,ml/datasets/charts/processed/AMZN/AMZN_20161028_00014.png,-0.0275631117980422,0.0172591447707368,1
MSFT,2016-10-28,MSFT_20161028_00014,ml/datasets/charts/processed/MSFT/MSFT_20161028_00014.png,-0.0193753131785534,0.0008351428094204,1
NVDA,2016-10-28,NVDA_20161028_00014,ml/datasets/charts/processed/NVDA/NVDA_20161028_00014.png,-0.0397727272727272,0.0113636363636364,1
AMZN,2016-10-31,AMZN_20161031_00015,ml/datasets/charts/processed/AMZN/AMZN_20161031_00015.png,-0.0060774879716384,-0.0055710306406684,0
MSFT,2016-10-31,MSFT_20161031_00015,ml/datasets/charts/processed/MSFT/MSFT_20161031_00015.png,0.0083444592790387,-0.0020026702269693,0
NVDA,2016-10-31,NVDA_20161031_00015,ml/datasets/charts/processed/NVDA/NVDA_20161031_00015.png,0.0,-0.0280898876404495,0
AMZN,2016-11-01,AMZN_20161101_00016,ml/datasets/charts/processed/AMZN/AMZN_20161101_00016.png,0.00305576776165,-0.0252100840336134,0
MSFT,2016-11-01,MSFT_20161101_00016,ml/datasets/charts/processed/MSFT/MSFT_20161101_00016.png,0.0112040133779265,-0.0061872909698996,0
NVDA,2016-11-01,NVDA_20161101_00016,ml/datasets/charts/processed/NVDA/NVDA_20161101_00016.png,0.0289017341040462,-0.0057803468208093,0
AMZN,2016-11-02,AMZN_20161102_00017,ml/datasets/charts/processed/AMZN/AMZN_20161102_00017.png,0.0080982236154649,0.0018286311389759,1
MSFT,2016-11-02,MSFT_20161102_00017,ml/datasets/charts/processed/MSFT/MSFT_20161102_00017.png,0.0124516237590441,-0.0037018340905266,0
NVDA,2016-11-02,NVDA_20161102_00017,ml/datasets/charts/processed/NVDA/NVDA_20161102_00017.png,0.0174418604651163,-0.0116279069767442,0
AMZN,2016-11-03,AMZN_20161103_00018,ml/datasets/charts/processed/AMZN/AMZN_20161103_00018.png,-0.0320730117340287,-0.0156453715775749,0
MSFT,2016-11-03,MSFT_20161103_00018,ml/datasets/charts/processed/MSFT/MSFT_20161103_00018.png,-0.0086134098969767,-0.0084445195068401,0
NVDA,2016-11-03,NVDA_20161103_00018,ml/datasets/charts/processed/NVDA/NVDA_20161103_00018.png,-0.0058823529411764,-0.0058823529411764,0
AMZN,2016-11-04,AMZN_20161104_00019,ml/datasets/charts/processed/AMZN/AMZN_20161104_00019.png,-0.0211920529801323,0.0397350993377483,1
MSFT,2016-11-04,MSFT_20161104_00019,ml/datasets/charts/processed/MSFT/MSFT_20161104_00019.png,0.0052801907681825,0.0291262135922329,1
NVDA,2016-11-04,NVDA_20161104_00019,ml/datasets/charts/processed/NVDA/NVDA_20161104_00019.png,0.3017751479289943,0.0532544378698225,1
AMZN,2016-11-07,AMZN_20161107_00020,ml/datasets/charts/processed/AMZN/AMZN_20161107_00020.png,-0.084076433121019,0.0035668789808918,1
MSFT,2016-11-07,MSFT_20161107_00020,ml/datasets/charts/processed/MSFT/MSFT_20161107_00020.png,-0.0380668652763985,0.0008275405494868,1
NVDA,2016-11-07,NVDA_20161107_00020,ml/datasets/charts/processed/NVDA/NVDA_20161107_00020.png,0.1741573033707864,0.0,0
AMZN,2016-11-08,AMZN_20161108_00021,ml/datasets/charts/processed/AMZN/AMZN_20161108_00021.png,-0.0566133536430567,-0.0203097232800202,0
MSFT,2016-11-08,MSFT_20161108_00021,ml/datasets/charts/processed/MSFT/MSFT_20161108_00021.png,-0.0264594013560443,-0.0049611377542582,0
NVDA,2016-11-08,NVDA_20161108_00021,ml/datasets/charts/processed/NVDA/NVDA_20161108_00021.png,0.2078651685393258,-0.0168539325842697,0
AMZN,2016-11-09,AMZN_20161109_00022,ml/datasets/charts/processed/AMZN/AMZN_20161109_00022.png,-0.0329100803316921,-0.0380927701477068,0
MSFT,2016-11-09,MSFT_20161109_00022,ml/datasets/charts/processed/MSFT/MSFT_20161109_00022.png,-0.0086421804886156,-0.0244307794582017,0
NVDA,2016-11-09,NVDA_20161109_00022,ml/datasets/charts/processed/NVDA/NVDA_20161109_00022.png,0.3085714285714285,-0.0342857142857143,0
AMZN,2016-11-10,AMZN_20161110_00023,ml/datasets/charts/processed/AMZN/AMZN_20161110_00023.png,0.0188577586206897,-0.0045797413793101,0
MSFT,2016-11-10,MSFT_20161110_00023,ml/datasets/charts/processed/MSFT/MSFT_20161110_00023.png,0.0330494037478705,0.0054514480408858,1
NVDA,2016-11-10,NVDA_20161110_00023,ml/datasets/charts/processed/NVDA/NVDA_20161110_00023.png,0.3668639053254439,0.3017751479289943,1
AMZN,2016-11-11,AMZN_20161111_00024,ml/datasets/charts/processed/AMZN/AMZN_20161111_00024.png,0.0286874154262515,-0.027063599458728,0
MSFT,2016-11-11,MSFT_20161111_00024,ml/datasets/charts/processed/MSFT/MSFT_20161111_00024.png,0.0225347339884784,-0.0152490681125043,0
NVDA,2016-11-11,NVDA_20161111_00024,ml/datasets/charts/processed/NVDA/NVDA_20161111_00024.png,0.059090909090909,-0.0500000000000001,0
AMZN,2016-11-14,AMZN_20161114_00025,ml/datasets/charts/processed/AMZN/AMZN_20161114_00025.png,0.0848400556328232,0.0336578581363002,1
MSFT,2016-11-14,MSFT_20161114_00025,ml/datasets/charts/processed/MSFT/MSFT_20161114_00025.png,0.047143840330351,0.0129043358568479,1
NVDA,2016-11-14,NVDA_20161114_00025,ml/datasets/charts/processed/NVDA/NVDA_20161114_00025.png,0.1100478468899521,0.0287081339712917,1
AMZN,2016-11-15,AMZN_20161115_00026,ml/datasets/charts/processed/AMZN/AMZN_20161115_00026.png,0.0567814854682455,0.0043057050592034,1
MSFT,2016-11-15,MSFT_20161115_00026,ml/datasets/charts/processed/MSFT/MSFT_20161115_00026.png,0.038219806352981,0.0132495328690334,1
NVDA,2016-11-15,NVDA_20161115_00026,ml/datasets/charts/processed/NVDA/NVDA_20161115_00026.png,0.0883720930232558,0.0651162790697674,1
AMZN,2016-11-16,AMZN_20161116_00027,ml/datasets/charts/processed/AMZN/AMZN_20161116_00027.png,0.045284030010718,0.0133976420150052,1
MSFT,2016-11-16,MSFT_20161116_00027,ml/datasets/charts/processed/MSFT/MSFT_20161116_00027.png,0.0125733445096396,0.0165968147527242,1
NVDA,2016-11-16,NVDA_20161116_00027,ml/datasets/charts/processed/NVDA/NVDA_20161116_00027.png,0.0262008733624454,0.0087336244541484,1
AMZN,2016-11-17,AMZN_20161117_00028,ml/datasets/charts/processed/AMZN/AMZN_20161117_00028.png,0.0317292437863565,0.0050237969328397,1
MSFT,2016-11-17,MSFT_20161117_00028,ml/datasets/charts/processed/MSFT/MSFT_20161117_00028.png,-0.0018139841688654,-0.0047823218997361,0
NVDA,2016-11-17,NVDA_20161117_00028,ml/datasets/charts/processed/NVDA/NVDA_20161117_00028.png,0.0173160173160173,0.0086580086580085,1
AMZN,2016-11-18,AMZN_20161118_00029,ml/datasets/charts/processed/AMZN/AMZN_20161118_00029.png,0.0086819258089978,0.0260457774269928,1
MSFT,2016-11-18,MSFT_20161118_00029,ml/datasets/charts/processed/MSFT/MSFT_20161118_00029.png,0.0043082021541009,0.0084507042253521,1
NVDA,2016-11-18,NVDA_20161118_00029,ml/datasets/charts/processed/NVDA/NVDA_20161118_00029.png,0.0085836909871244,-0.0042918454935623,0
AMZN,2016-11-21,AMZN_20161121_00030,ml/datasets/charts/processed/AMZN/AMZN_20161121_00030.png,-0.0223076923076922,0.006923076923077,1
MSFT,2016-11-21,MSFT_20161121_00030,ml/datasets/charts/processed/MSFT/MSFT_20161121_00030.png,0.0037791652974039,0.0042720999014129,1
NVDA,2016-11-21,NVDA_20161121_00030,ml/datasets/charts/processed/NVDA/NVDA_20161121_00030.png,0.0043103448275862,0.0086206896551723,1
AMZN,2016-11-22,AMZN_20161122_00031,ml/datasets/charts/processed/AMZN/AMZN_20161122_00031.png,-0.0443086325439266,-0.006620830150242,0
MSFT,2016-11-22,MSFT_20161122_00031,ml/datasets/charts/processed/MSFT/MSFT_20161122_00031.png,-0.0140706806282722,-0.0117801047120418,0
NVDA,2016-11-22,NVDA_20161122_00031,ml/datasets/charts/processed/NVDA/NVDA_20161122_00031.png,-0.0128205128205127,0.0042735042735044,1
AMZN,2016-11-23,AMZN_20161123_00032,ml/datasets/charts/processed/AMZN/AMZN_20161123_00032.png,-0.0469110484491155,0.0002563445270444,1
MSFT,2016-11-23,MSFT_20161123_00032,ml/datasets/charts/processed/MSFT/MSFT_20161123_00032.png,-0.019867549668874,0.0021523178807947,1
NVDA,2016-11-23,NVDA_20161123_00032,ml/datasets/charts/processed/NVDA/NVDA_20161123_00032.png,-0.0680851063829788,0.0,0
AMZN,2016-11-25,AMZN_20161125_00033,ml/datasets/charts/processed/AMZN/AMZN_20161125_00033.png,-0.0512557662737057,-0.0174269605330599,0
MSFT,2016-11-25,MSFT_20161125_00033,ml/datasets/charts/processed/MSFT/MSFT_20161125_00033.png,-0.0211465389063274,0.0013216586816453,1
NVDA,2016-11-25,NVDA_20161125_00033,ml/datasets/charts/processed/NVDA/NVDA_20161125_00033.png,-0.0595744680851064,0.0,0
AMZN,2016-11-28,AMZN_20161128_00034,ml/datasets/charts/processed/AMZN/AMZN_20161128_00034.png,-0.0096504955659886,-0.0054773082942096,0
MSFT,2016-11-28,MSFT_20161128_00034,ml/datasets/charts/processed/MSFT/MSFT_20161128_00034.png,-0.0064345817521861,0.0079194852334598,1
NVDA,2016-11-28,NVDA_20161128_00034,ml/datasets/charts/processed/NVDA/NVDA_20161128_00034.png,-0.0212765957446809,-0.0085106382978723,0
AMZN,2016-11-29,AMZN_20161129_00035,ml/datasets/charts/processed/AMZN/AMZN_20161129_00035.png,0.002884867558353,-0.01573564122738,0
MSFT,2016-11-29,MSFT_20161129_00035,ml/datasets/charts/processed/MSFT/MSFT_20161129_00035.png,-0.0186609919790473,-0.0135865117040433,0
NVDA,2016-11-29,NVDA_20161129_00035,ml/datasets/charts/processed/NVDA/NVDA_20161129_00035.png,0.0,-0.0085836909871245,0
AMZN,2016-11-30,AMZN_20161130_00036,ml/datasets/charts/processed/AMZN/AMZN_20161130_00036.png,0.026378896882494,-0.0093258726352252,0
MSFT,2016-11-30,MSFT_20161130_00036,ml/datasets/charts/processed/MSFT/MSFT_20161130_00036.png,0.0184201792233653,-0.017590441420511,0
NVDA,2016-11-30,NVDA_20161130_00036,ml/datasets/charts/processed/NVDA/NVDA_20161130_00036.png,0.0303030303030302,-0.0519480519480519,0
AMZN,2016-12-01,AMZN_20161201_00037,ml/datasets/charts/processed/AMZN/AMZN_20161201_00037.png,0.032006455083378,-0.0043033889187734,0
MSFT,2016-12-01,MSFT_20161201_00037,ml/datasets/charts/processed/MSFT/MSFT_20161201_00037.png,0.0305743243243241,0.0008445945945945,1
NVDA,2016-12-01,NVDA_20161201_00037,ml/datasets/charts/processed/NVDA/NVDA_20161201_00037.png,0.0684931506849315,0.0091324200913243,1
AMZN,2016-12-02,AMZN_20161202_00038,ml/datasets/charts/processed/AMZN/AMZN_20161202_00038.png,0.0380875202593191,0.0256618044300376,1
MSFT,2016-12-02,MSFT_20161202_00038,ml/datasets/charts/processed/MSFT/MSFT_20161202_00038.png,0.0459071729957805,0.0163713080168776,1
NVDA,2016-12-02,NVDA_20161202_00038,ml/datasets/charts/processed/NVDA/NVDA_20161202_00038.png,0.0407239819004523,0.0407239819004523,1
AMZN,2016-12-05,AMZN_20161205_00039,ml/datasets/charts/processed/AMZN/AMZN_20161205_00039.png,0.0010534632604688,0.0071108770081644,1
MSFT,2016-12-05,MSFT_20161205_00039,ml/datasets/charts/processed/MSFT/MSFT_20161205_00039.png,0.0323812686815012,-0.004483560278977,0
NVDA,2016-12-05,NVDA_20161205_00039,ml/datasets/charts/processed/NVDA/NVDA_20161205_00039.png,-0.0260869565217389,0.0130434782608697,1
AMZN,2016-12-06,AMZN_20161206_00040,ml/datasets/charts/processed/AMZN/AMZN_20161206_00040.png,0.0125523012552299,0.0073221757322174,1
MSFT,2016-12-06,MSFT_20161206_00040,ml/datasets/charts/processed/MSFT/MSFT_20161206_00040.png,0.0505421184320264,0.0236864053377814,1
NVDA,2016-12-06,NVDA_20161206_00040,ml/datasets/charts/processed/NVDA/NVDA_20161206_00040.png,-0.0214592274678112,0.0214592274678111,1
AMZN,2016-12-07,AMZN_20161207_00041,ml/datasets/charts/processed/AMZN/AMZN_20161207_00041.png,-0.0020768431983386,-0.0038940809968849,0
MSFT,2016-12-07,MSFT_20161207_00041,ml/datasets/charts/processed/MSFT/MSFT_20161207_00041.png,0.0213459344956818,-0.0058660583346912,0
NVDA,2016-12-07,NVDA_20161207_00041,ml/datasets/charts/processed/NVDA/NVDA_20161207_00041.png,0.0126050420168069,-0.0168067226890756,0
AMZN,2016-12-08,AMZN_20161208_00042,ml/datasets/charts/processed/AMZN/AMZN_20161208_00042.png,-0.0083398488402397,0.001563721657545,1
MSFT,2016-12-08,MSFT_20161208_00042,ml/datasets/charts/processed/MSFT/MSFT_20161208_00042.png,0.025733486313719,0.0157351253892805,1
NVDA,2016-12-08,NVDA_20161208_00042,ml/datasets/charts/processed/NVDA/NVDA_20161208_00042.png,0.0555555555555558,-0.0170940170940171,0
AMZN,2016-12-09,AMZN_20161209_00043,ml/datasets/charts/processed/AMZN/AMZN_20161209_00043.png,-0.0140515222482435,-0.0109289617486338,0
MSFT,2016-12-09,MSFT_20161209_00043,ml/datasets/charts/processed/MSFT/MSFT_20161209_00043.png,0.0053251573341939,0.0032273680813297,1
NVDA,2016-12-09,NVDA_20161209_00043,ml/datasets/charts/processed/NVDA/NVDA_20161209_00043.png,0.0913043478260868,-0.0260869565217389,0
AMZN,2016-12-12,AMZN_20161212_00044,ml/datasets/charts/processed/AMZN/AMZN_20161212_00044.png,0.0076295711654827,0.0186792949223888,1
MSFT,2016-12-12,MSFT_20161212_00044,ml/datasets/charts/processed/MSFT/MSFT_20161212_00044.png,0.0233231462119993,0.0130287920218754,1
NVDA,2016-12-12,NVDA_20161212_00044,ml/datasets/charts/processed/NVDA/NVDA_20161212_00044.png,0.1339285714285714,0.0178571428571425,1
AMZN,2016-12-13,AMZN_20161213_00045,ml/datasets/charts/processed/AMZN/AMZN_20161213_00045.png,-0.0041322314049585,-0.0072314049586776,0
MSFT,2016-12-13,MSFT_20161213_00045,ml/datasets/charts/processed/MSFT/MSFT_20161213_00045.png,0.0088917116544935,-0.0047634169577642,0
NVDA,2016-12-13,NVDA_20161213_00045,ml/datasets/charts/processed/NVDA/NVDA_20161213_00045.png,0.1535087719298247,0.0570175438596491,1
AMZN,2016-12-14,AMZN_20161214_00046,ml/datasets/charts/processed/AMZN/AMZN_20161214_00046.png,0.0023413111342351,-0.0101456815816857,0
MSFT,2016-12-14,MSFT_20161214_00046,ml/datasets/charts/processed/MSFT/MSFT_20161214_00046.png,0.0137204850031908,-0.0015954052329292,0
NVDA,2016-12-14,NVDA_20161214_00046,ml/datasets/charts/processed/NVDA/NVDA_20161214_00046.png,0.0995850622406637,0.0248962655601658,1
AMZN,2016-12-15,AMZN_20161215_00047,ml/datasets/charts/processed/AMZN/AMZN_20161215_00047.png,0.0070959264126151,-0.0042049934296977,0
MSFT,2016-12-15,MSFT_20161215_00047,ml/datasets/charts/processed/MSFT/MSFT_20161215_00047.png,0.0155001597954618,-0.0044742729306488,0
NVDA,2016-12-15,NVDA_20161215_00047,ml/datasets/charts/processed/NVDA/NVDA_20161215_00047.png,0.0850202429149797,0.0161943319838056,1
AMZN,2016-12-16,AMZN_20161216_00048,ml/datasets/charts/processed/AMZN/AMZN_20161216_00048.png,0.0036949063077329,0.0108207970440747,1
MSFT,2016-12-16,MSFT_20161216_00048,ml/datasets/charts/processed/MSFT/MSFT_20161216_00048.png,0.0150882825040128,0.0211878009630819,1
NVDA,2016-12-16,NVDA_20161216_00048,ml/datasets/charts/processed/NVDA/NVDA_20161216_00048.png,0.0916334661354583,0.0119521912350597,1
AMZN,2016-12-19,AMZN_20161219_00049,ml/datasets/charts/processed/AMZN/AMZN_20161219_00049.png,0.0070496083550914,0.0067885117493473,1
MSFT,2016-12-19,MSFT_20161219_00049,ml/datasets/charts/processed/MSFT/MSFT_20161219_00049.png,-0.0053442313737818,-0.0012574662055957,0
NVDA,2016-12-19,NVDA_20161219_00049,ml/datasets/charts/processed/NVDA/NVDA_20161219_00049.png,0.1535433070866141,0.0354330708661416,1
AMZN,2016-12-20,AMZN_20161220_00050,ml/datasets/charts/processed/AMZN/AMZN_20161220_00050.png,0.0012966804979253,-0.0007780082987551,0
MSFT,2016-12-20,MSFT_20161220_00050,ml/datasets/charts/processed/MSFT/MSFT_20161220_00050.png,-0.0086559647466162,0.0,0
NVDA,2016-12-20,NVDA_20161220_00050,ml/datasets/charts/processed/NVDA/NVDA_20161220_00050.png,0.038022813688213,0.0076045627376426,1
AMZN,2016-12-21,AMZN_20161221_00051,ml/datasets/charts/processed/AMZN/AMZN_20161221_00051.png,-0.0070075266026473,-0.0054502984687256,0
MSFT,2016-12-21,MSFT_20161221_00051,ml/datasets/charts/processed/MSFT/MSFT_20161221_00051.png,-0.0100723953415171,0.000157381177211,1
NVDA,2016-12-21,NVDA_20161221_00051,ml/datasets/charts/processed/NVDA/NVDA_20161221_00051.png,0.0528301886792452,0.0113207547169811,1
AMZN,2016-12-22,AMZN_20161222_00052,ml/datasets/charts/processed/AMZN/AMZN_20161222_00052.png,-0.0216597077244258,-0.0075678496868475,0
MSFT,2016-12-22,MSFT_20161222_00052,ml/datasets/charts/processed/MSFT/MSFT_20161222_00052.png,-0.0221872541306057,-0.0048780487804876,0
NVDA,2016-12-22,NVDA_20161222_00052,ml/datasets/charts/processed/NVDA/NVDA_20161222_00052.png,-0.0037313432835821,0.0223880597014924,1
AMZN,2016-12-23,AMZN_20161223_00053,ml/datasets/charts/processed/AMZN/AMZN_20161223_00053.png,-0.0092032605837497,0.0141993163292137,1
MSFT,2016-12-23,MSFT_20161223_00053,ml/datasets/charts/processed/MSFT/MSFT_20161223_00053.png,-0.0104364326375712,0.0006325110689437,1
NVDA,2016-12-23,NVDA_20161223_00053,ml/datasets/charts/processed/NVDA/NVDA_20161223_00053.png,-0.0693430656934307,0.0693430656934306,1
AMZN,2016-12-27,AMZN_20161227_00054,ml/datasets/charts/processed/AMZN/AMZN_20161227_00054.png,-0.0184080891884884,0.0010370754472388,1
MSFT,2016-12-27,MSFT_20161227_00054,ml/datasets/charts/processed/MSFT/MSFT_20161227_00054.png,-0.0154867256637168,-0.004582806573957,0
NVDA,2016-12-27,NVDA_20161227_00054,ml/datasets/charts/processed/NVDA/NVDA_20161227_00054.png,-0.1092150170648464,-0.068259385665529,0
AMZN,2016-12-28,AMZN_20161228_00055,ml/datasets/charts/processed/AMZN/AMZN_20161228_00055.png,0.0106190106190107,-0.009065009065009,0
MSFT,2016-12-28,MSFT_20161228_00055,ml/datasets/charts/processed/MSFT/MSFT_20161228_00055.png,-0.01095411970154,-0.00142879822194,0
NVDA,2016-12-28,NVDA_20161228_00055,ml/datasets/charts/processed/NVDA/NVDA_20161228_00055.png,-0.0695970695970695,0.0219780219780219,1
AMZN,2016-12-29,AMZN_20161229_00056,ml/datasets/charts/processed/AMZN/AMZN_20161229_00056.png,0.0402509147935179,-0.0201254573967588,0
MSFT,2016-12-29,MSFT_20161229_00056,ml/datasets/charts/processed/MSFT/MSFT_20161229_00056.png,-0.000953895071542,-0.0120826709062002,0
NVDA,2016-12-29,NVDA_20161229_00056,ml/datasets/charts/processed/NVDA/NVDA_20161229_00056.png,-0.075268817204301,-0.0430107526881721,0
AMZN,2016-12-30,AMZN_20161230_00057,ml/datasets/charts/processed/AMZN/AMZN_20161230_00057.png,0.0629501200320086,0.0050680181381701,1
MSFT,2016-12-30,MSFT_20161230_00057,ml/datasets/charts/processed/MSFT/MSFT_20161230_00057.png,0.0080463469584808,0.0070807853234631,1
NVDA,2016-12-30,NVDA_20161230_00057,ml/datasets/charts/processed/NVDA/NVDA_20161230_00057.png,0.0037453183520599,-0.0449438202247191,0
AMZN,2017-01-03,AMZN_20170103_00058,ml/datasets/charts/processed/AMZN/AMZN_20170103_00058.png,0.0562632696390656,0.0047770700636942,1
MSFT,2017-01-03,MSFT_20170103_00058,ml/datasets/charts/processed/MSFT/MSFT_20170103_00058.png,0.0006391818472355,-0.0044742729306488,0
NVDA,2017-01-03,NVDA_20170103_00058,ml/datasets/charts/processed/NVDA/NVDA_20170103_00058.png,0.0431372549019608,0.0235294117647058,1
AMZN,2017-01-04,AMZN_20170104_00059,ml/datasets/charts/processed/AMZN/AMZN_20170104_00059.png,0.055203380876915,0.0306391970417327,1
MSFT,2017-01-04,MSFT_20170104_00059,ml/datasets/charts/processed/MSFT/MSFT_20170104_00059.png,0.0142857142857142,0.0,0
NVDA,2017-01-04,NVDA_20170104_00059,ml/datasets/charts/processed/NVDA/NVDA_20170104_00059.png,0.0076628352490422,-0.0268199233716474,0
AMZN,2017-01-05,AMZN_20170105_00060,ml/datasets/charts/processed/AMZN/AMZN_20170105_00060.png,0.0425422860071758,0.019989748846745,1
MSFT,2017-01-05,MSFT_20170105_00060,ml/datasets/charts/processed/MSFT/MSFT_20170105_00060.png,0.0049759229534511,0.0086677367576244,1
NVDA,2017-01-05,NVDA_20170105_00060,ml/datasets/charts/processed/NVDA/NVDA_20170105_00060.png,0.0196850393700787,0.0157480314960629,1
AMZN,2017-01-06,AMZN_20170106_00061,ml/datasets/charts/processed/AMZN/AMZN_20170106_00061.png,0.0266331658291458,0.0012562814070353,1
MSFT,2017-01-06,MSFT_20170106_00061,ml/datasets/charts/processed/MSFT/MSFT_20170106_00061.png,-0.0022278803309994,-0.003182686187142,0
NVDA,2017-01-06,NVDA_20170106_00061,ml/datasets/charts/processed/NVDA/NVDA_20170106_00061.png,0.003875968992248,0.0387596899224806,1
AMZN,2017-01-09,AMZN_20170109_00062,ml/datasets/charts/processed/AMZN/AMZN_20170109_00062.png,0.016060225846926,-0.0012547051442911,0
MSFT,2017-01-09,MSFT_20170109_00062,ml/datasets/charts/processed/MSFT/MSFT_20170109_00062.png,-0.0017560664112388,-0.0003192848020434,0
NVDA,2017-01-09,NVDA_20170109_00062,ml/datasets/charts/processed/NVDA/NVDA_20170109_00062.png,-0.0559701492537314,-0.0074626865671642,0
AMZN,2017-01-10,AMZN_20170110_00063,ml/datasets/charts/processed/AMZN/AMZN_20170110_00063.png,0.0143216080402011,0.0037688442211056,1
MSFT,2017-01-10,MSFT_20170110_00063,ml/datasets/charts/processed/MSFT/MSFT_20170110_00063.png,-0.0019163206643244,0.0091025231555412,1
NVDA,2017-01-10,NVDA_20170110_00063,ml/datasets/charts/processed/NVDA/NVDA_20170110_00063.png,-0.0338345864661655,-0.0112781954887218,0
AMZN,2017-01-11,AMZN_20170111_00064,ml/datasets/charts/processed/AMZN/AMZN_20170111_00064.png,0.0125156445556946,0.0182728410513139,1
MSFT,2017-01-11,MSFT_20170111_00064,ml/datasets/charts/processed/MSFT/MSFT_20170111_00064.png,-0.0140845070422535,-0.009178667510682,0
NVDA,2017-01-11,NVDA_20170111_00064,ml/datasets/charts/processed/NVDA/NVDA_20170111_00064.png,0.0,-0.0152091254752851,0
AMZN,2017-01-12,AMZN_20170112_00065,ml/datasets/charts/processed/AMZN/AMZN_20170112_00065.png,-0.0063913470993116,0.0044247787610618,1
MSFT,2017-01-12,MSFT_20170112_00065,ml/datasets/charts/processed/MSFT/MSFT_20170112_00065.png,0.0020763456316883,0.0014374700527073,1
NVDA,2017-01-12,NVDA_20170112_00065,ml/datasets/charts/processed/NVDA/NVDA_20170112_00065.png,0.0038610038610038,0.0,0
AMZN,2017-01-13,AMZN_20170113_00066,ml/datasets/charts/processed/AMZN/AMZN_20170113_00066.png,0.0007342143906021,-0.0090553108174252,0
MSFT,2017-01-13,MSFT_20170113_00066,ml/datasets/charts/processed/MSFT/MSFT_20170113_00066.png,0.00414673046252,-0.0027113237639553,0
NVDA,2017-01-13,NVDA_20170113_00066,ml/datasets/charts/processed/NVDA/NVDA_20170113_00066.png,0.0154440154440154,-0.0231660231660232,0
AMZN,2017-01-17,AMZN_20170117_00067,ml/datasets/charts/processed/AMZN/AMZN_20170117_00067.png,0.0155593973820695,-0.0029636947394419,0
MSFT,2017-01-17,MSFT_20170117_00067,ml/datasets/charts/processed/MSFT/MSFT_20170117_00067.png,0.015832400447785,-0.0004797697105389,0
NVDA,2017-01-17,NVDA_20170117_00067,ml/datasets/charts/processed/NVDA/NVDA_20170117_00067.png,0.0592885375494072,0.0158102766798418,1
AMZN,2017-01-18,AMZN_20170118_00068,ml/datasets/charts/processed/AMZN/AMZN_20170118_00068.png,0.0361654694079762,0.0019816695566015,1
MSFT,2017-01-18,MSFT_20170118_00068,ml/datasets/charts/processed/MSFT/MSFT_20170118_00068.png,0.01888,-0.0032,0
NVDA,2017-01-18,NVDA_20170118_00068,ml/datasets/charts/processed/NVDA/NVDA_20170118_00068.png,0.0466926070038911,0.0233463035019454,1
AMZN,2017-01-19,AMZN_20170119_00069,ml/datasets/charts/processed/AMZN/AMZN_20170119_00069.png,0.0373300370828182,-0.0007416563658838,0
MSFT,2017-01-19,MSFT_20170119_00069,ml/datasets/charts/processed/MSFT/MSFT_20170119_00069.png,0.0316211878009631,0.0070626003210274,1
NVDA,2017-01-19,NVDA_20170119_00069,ml/datasets/charts/processed/NVDA/NVDA_20170119_00069.png,0.0418250950570342,-0.0114068441064637,0
AMZN,2017-01-20,AMZN_20170120_00070,ml/datasets/charts/processed/AMZN/AMZN_20170120_00070.png,0.0338941118258286,0.0116279069767442,1
MSFT,2017-01-20,MSFT_20170120_00070,ml/datasets/charts/processed/MSFT/MSFT_20170120_00070.png,0.0484539368823717,0.003506534905961,1
NVDA,2017-01-20,NVDA_20170120_00070,ml/datasets/charts/processed/NVDA/NVDA_20170120_00070.png,0.073076923076923,0.0115384615384614,1
AMZN,2017-01-23,AMZN_20170123_00071,ml/datasets/charts/processed/AMZN/AMZN_20170123_00071.png,0.0154071900220102,0.0056248471508926,1
MSFT,2017-01-23,MSFT_20170123_00071,ml/datasets/charts/processed/MSFT/MSFT_20170123_00071.png,0.0344663278271917,0.0088945362134689,1
NVDA,2017-01-23,NVDA_20170123_00071,ml/datasets/charts/processed/NVDA/NVDA_20170123_00071.png,0.0456273764258554,0.0190114068441065,1
AMZN,2017-01-24,AMZN_20170124_00072,ml/datasets/charts/processed/AMZN/AMZN_20170124_00072.png,0.0012159533073929,0.0172665369649804,1
MSFT,2017-01-24,MSFT_20170124_00072,ml/datasets/charts/processed/MSFT/MSFT_20170124_00072.png,0.0177896725440807,0.0025188916876572,1
NVDA,2017-01-24,NVDA_20170124_00072,ml/datasets/charts/processed/NVDA/NVDA_20170124_00072.png,0.0186567164179103,0.0037313432835819,1
AMZN,2017-01-25,AMZN_20170125_00073,ml/datasets/charts/processed/AMZN/AMZN_20170125_00073.png,-0.0050203203442505,0.0031078173559646,1
MSFT,2017-01-25,MSFT_20170125_00073,ml/datasets/charts/processed/MSFT/MSFT_20170125_00073.png,-0.0015703517587939,0.0092650753768843,1
NVDA,2017-01-25,NVDA_20170125_00073,ml/datasets/charts/processed/NVDA/NVDA_20170125_00073.png,0.0594795539033456,0.0185873605947957,1
AMZN,2017-01-26,AMZN_20170126_00074,ml/datasets/charts/processed/AMZN/AMZN_20170126_00074.png,0.0009532888465204,-0.0040514775977121,0
MSFT,2017-01-26,MSFT_20170126_00074,ml/datasets/charts/processed/MSFT/MSFT_20170126_00074.png,-0.017115294849852,0.0234946320211608,1
NVDA,2017-01-26,NVDA_20170126_00074,ml/datasets/charts/processed/NVDA/NVDA_20170126_00074.png,0.0510948905109487,0.0182481751824816,1
AMZN,2017-01-27,AMZN_20170127_00075,ml/datasets/charts/processed/AMZN/AMZN_20170127_00075.png,-0.0306293371620005,-0.0064608758076093,0
MSFT,2017-01-27,MSFT_20170127_00075,ml/datasets/charts/processed/MSFT/MSFT_20170127_00075.png,-0.0319245971419884,-0.0098814229249012,0
NVDA,2017-01-27,NVDA_20170127_00075,ml/datasets/charts/processed/NVDA/NVDA_20170127_00075.png,0.0250896057347669,-0.014336917562724,0
AMZN,2017-01-30,AMZN_20170130_00076,ml/datasets/charts/processed/AMZN/AMZN_20170130_00076.png,-0.0274566473988439,-0.0084296724470135,0
MSFT,2017-01-30,MSFT_20170130_00076,ml/datasets/charts/processed/MSFT/MSFT_20170130_00076.png,-0.0228773222785197,-0.0073698756333485,0
NVDA,2017-01-30,NVDA_20170130_00076,ml/datasets/charts/processed/NVDA/NVDA_20170130_00076.png,0.0654545454545454,-0.0072727272727273,0
AMZN,2017-01-31,AMZN_20170131_00077,ml/datasets/charts/processed/AMZN/AMZN_20170131_00077.png,-0.0133592421666263,0.0109302890454212,1
MSFT,2017-01-31,MSFT_20170131_00077,ml/datasets/charts/processed/MSFT/MSFT_20170131_00077.png,-0.0188708430007734,-0.0165506573859243,0
NVDA,2017-01-31,NVDA_20170131_00077,ml/datasets/charts/processed/NVDA/NVDA_20170131_00077.png,0.0915750915750914,0.043956043956044,1
AMZN,2017-02-01,AMZN_20170201_00078,ml/datasets/charts/processed/AMZN/AMZN_20170201_00078.png,-0.0151369533877941,0.0091302258529553,1
MSFT,2017-02-01,MSFT_20170201_00078,ml/datasets/charts/processed/MSFT/MSFT_20170201_00078.png,-0.0037747719408618,-0.0064485687323057,0
NVDA,2017-02-01,NVDA_20170201_00078,ml/datasets/charts/processed/NVDA/NVDA_20170201_00078.png,0.0421052631578948,0.0105263157894737,1
AMZN,2017-02-02,AMZN_20170202_00079,ml/datasets/charts/processed/AMZN/AMZN_20170202_00079.png,-0.0221428571428571,-0.0354761904761905,0
MSFT,2017-02-02,MSFT_20170202_00079,ml/datasets/charts/processed/MSFT/MSFT_20170202_00079.png,0.0140889662814627,0.0080734525882539,1
NVDA,2017-02-02,NVDA_20170202_00079,ml/datasets/charts/processed/NVDA/NVDA_20170202_00079.png,0.0104166666666667,-0.0069444444444444,0
AMZN,2017-02-03,AMZN_20170203_00080,ml/datasets/charts/processed/AMZN/AMZN_20170203_00080.png,0.0212293260923228,-0.0032090841767463,0
MSFT,2017-02-03,MSFT_20170203_00080,ml/datasets/charts/processed/MSFT/MSFT_20170203_00080.png,0.0050251256281406,-0.0006281407035175,0
NVDA,2017-02-03,NVDA_20170203_00080,ml/datasets/charts/processed/NVDA/NVDA_20170203_00080.png,-0.0069930069930069,0.0244755244755245,1
AMZN,2017-02-06,AMZN_20170206_00081,ml/datasets/charts/processed/AMZN/AMZN_20170206_00081.png,0.035908865775136,0.0059435364041604,1
MSFT,2017-02-06,MSFT_20170206_00081,ml/datasets/charts/processed/MSFT/MSFT_20170206_00081.png,0.0169704588309238,-0.0032998114393463,0
NVDA,2017-02-06,NVDA_20170206_00081,ml/datasets/charts/processed/NVDA/NVDA_20170206_00081.png,-0.075085324232082,0.0170648464163822,1
AMZN,2017-02-07,AMZN_20170207_00082,ml/datasets/charts/processed/AMZN/AMZN_20170207_00082.png,0.0295420974889217,0.0091088133924175,1
MSFT,2017-02-07,MSFT_20170207_00082,ml/datasets/charts/processed/MSFT/MSFT_20170207_00082.png,0.017972568185401,-0.0014188869620053,0
NVDA,2017-02-07,NVDA_20170207_00082,ml/datasets/charts/processed/NVDA/NVDA_20170207_00082.png,-0.0872483221476508,-0.0033557046979865,0
AMZN,2017-02-08,AMZN_20170208_00083,ml/datasets/charts/processed/AMZN/AMZN_20170208_00083.png,0.0278116613808245,0.0019516955354963,1
MSFT,2017-02-08,MSFT_20170208_00083,ml/datasets/charts/processed/MSFT/MSFT_20170208_00083.png,0.0187874960530469,0.0113672245026839,1
NVDA,2017-02-08,NVDA_20170208_00083,ml/datasets/charts/processed/NVDA/NVDA_20170208_00083.png,-0.0808080808080808,-0.0202020202020202,0
AMZN,2017-02-09,AMZN_20170209_00084,ml/datasets/charts/processed/AMZN/AMZN_20170209_00084.png,0.0277574872169465,0.0073046018991964,1
MSFT,2017-02-09,MSFT_20170209_00084,ml/datasets/charts/processed/MSFT/MSFT_20170209_00084.png,0.0071807680299718,-0.0009366219169528,0
NVDA,2017-02-09,NVDA_20170209_00084,ml/datasets/charts/processed/NVDA/NVDA_20170209_00084.png,-0.0790378006872851,-0.0240549828178695,0
AMZN,2017-02-10,AMZN_20170210_00085,ml/datasets/charts/processed/AMZN/AMZN_20170210_00085.png,0.021271452743534,0.0111191684795746,1
MSFT,2017-02-10,MSFT_20170210_00085,ml/datasets/charts/processed/MSFT/MSFT_20170210_00085.png,0.0096875,0.0112499999999999,1
NVDA,2017-02-10,NVDA_20170210_00085,ml/datasets/charts/processed/NVDA/NVDA_20170210_00085.png,-0.056338028169014,-0.0457746478873238,0
AMZN,2017-02-13,AMZN_20170213_00086,ml/datasets/charts/processed/AMZN/AMZN_20170213_00086.png,0.0236672244800382,-0.0002390628735357,0
MSFT,2017-02-13,MSFT_20170213_00086,ml/datasets/charts/processed/MSFT/MSFT_20170213_00086.png,-0.0035537700865266,-0.0023176761433869,0
NVDA,2017-02-13,NVDA_20170213_00086,ml/datasets/charts/processed/NVDA/NVDA_20170213_00086.png,0.0258302583025828,0.0036900369003691,1
AMZN,2017-02-14,AMZN_20170214_00087,ml/datasets/charts/processed/AMZN/AMZN_20170214_00087.png,0.0229555236728837,0.0074127211860355,1
MSFT,2017-02-14,MSFT_20170214_00087,ml/datasets/charts/processed/MSFT/MSFT_20170214_00087.png,-0.0032522843425738,-0.0006194827319186,0
NVDA,2017-02-14,NVDA_20170214_00087,ml/datasets/charts/processed/NVDA/NVDA_20170214_00087.png,0.0183823529411764,0.0036764705882352,1
AMZN,2017-02-15,AMZN_20170215_00088,ml/datasets/charts/processed/AMZN/AMZN_20170215_00088.png,0.0113933064324709,0.0018988844054117,1
MSFT,2017-02-15,MSFT_20170215_00088,ml/datasets/charts/processed/MSFT/MSFT_20170215_00088.png,0.00139470013947,-0.0001549666821634,0
NVDA,2017-02-15,NVDA_20170215_00088,ml/datasets/charts/processed/NVDA/NVDA_20170215_00088.png,-0.0805860805860806,-0.0183150183150182,0
AMZN,2017-02-16,AMZN_20170216_00089,ml/datasets/charts/processed/AMZN/AMZN_20170216_00089.png,0.0011845534233594,0.0009476427386874,1
MSFT,2017-02-16,MSFT_20170216_00089,ml/datasets/charts/processed/MSFT/MSFT_20170216_00089.png,0.0015499070055797,0.0015499070055797,1
NVDA,2017-02-16,NVDA_20170216_00089,ml/datasets/charts/processed/NVDA/NVDA_20170216_00089.png,-0.0522388059701492,0.0,0
AMZN,2017-02-17,AMZN_20170217_00090,ml/datasets/charts/processed/AMZN/AMZN_20170217_00090.png,0.0042603550295858,0.013491124260355,1
MSFT,2017-02-17,MSFT_20170217_00090,ml/datasets/charts/processed/MSFT/MSFT_20170217_00090.png,-0.0060352831940575,-0.002011761064686,0
NVDA,2017-02-17,NVDA_20170217_00090,ml/datasets/charts/processed/NVDA/NVDA_20170217_00090.png,-0.0261194029850747,0.0373134328358206,1
AMZN,2017-02-21,AMZN_20170221_00091,ml/datasets/charts/processed/AMZN/AMZN_20170221_00091.png,-0.0133115366651097,-0.0009341429238672,0
MSFT,2017-02-21,MSFT_20170221_00091,ml/datasets/charts/processed/MSFT/MSFT_20170221_00091.png,-0.0079082028221428,-0.0020158164056441,0
NVDA,2017-02-21,NVDA_20170221_00091,ml/datasets/charts/processed/NVDA/NVDA_20170221_00091.png,-0.0863309352517984,-0.0035971223021582,0
AMZN,2017-02-22,AMZN_20170222_00092,ml/datasets/charts/processed/AMZN/AMZN_20170222_00092.png,-0.0030388031790556,-0.003973819541842,0
MSFT,2017-02-22,MSFT_20170222_00092,ml/datasets/charts/processed/MSFT/MSFT_20170222_00092.png,0.0090118085767556,0.0040397762585457,1
NVDA,2017-02-22,NVDA_20170222_00092,ml/datasets/charts/processed/NVDA/NVDA_20170222_00092.png,-0.0722021660649819,-0.0938628158844766,0
AMZN,2017-02-23,AMZN_20170223_00093,ml/datasets/charts/processed/AMZN/AMZN_20170223_00093.png,-0.0037549870922317,-0.0082140342642572,0
MSFT,2017-02-23,MSFT_20170223_00093,ml/datasets/charts/processed/MSFT/MSFT_20170223_00093.png,-0.0094398019189105,0.0,0
NVDA,2017-02-23,NVDA_20170223_00093,ml/datasets/charts/processed/NVDA/NVDA_20170223_00093.png,-0.0119521912350596,0.0119521912350597,1
AMZN,2017-02-24,AMZN_20170224_00094,ml/datasets/charts/processed/AMZN/AMZN_20170224_00094.png,0.0054424988168482,0.0040227165168007,1
MSFT,2017-02-24,MSFT_20170224_00094,ml/datasets/charts/processed/MSFT/MSFT_20170224_00094.png,-0.0057257814917982,-0.0060352831940575,0
NVDA,2017-02-24,NVDA_20170224_00094,ml/datasets/charts/processed/NVDA/NVDA_20170224_00094.png,-0.031496062992126,0.0275590551181101,1
AMZN,2017-02-27,AMZN_20170227_00095,ml/datasets/charts/processed/AMZN/AMZN_20170227_00095.png,-0.0023568230025925,-0.0042422814046665,0
MSFT,2017-02-27,MSFT_20170227_00095,ml/datasets/charts/processed/MSFT/MSFT_20170227_00095.png,0.0006227619492447,-0.0038922621827807,0
NVDA,2017-02-27,NVDA_20170227_00095,ml/datasets/charts/processed/NVDA/NVDA_20170227_00095.png,-0.0651340996168582,-0.0268199233716474,0
AMZN,2017-02-28,AMZN_20170228_00096,ml/datasets/charts/processed/AMZN/AMZN_20170228_00096.png,0.0011834319526626,0.0094674556213016,1
MSFT,2017-02-28,MSFT_20170228_00096,ml/datasets/charts/processed/MSFT/MSFT_20170228_00096.png,0.0065645514223195,0.0150046889653017,1
NVDA,2017-02-28,NVDA_20170228_00096,ml/datasets/charts/processed/NVDA/NVDA_20170228_00096.png,-0.0275590551181101,0.0118110236220472,1
AMZN,2017-03-01,AMZN_20170301_00097,ml/datasets/charts/processed/AMZN/AMZN_20170301_00097.png,-0.0030480656506446,-0.0046893317702226,0
MSFT,2017-03-01,MSFT_20170301_00097,ml/datasets/charts/processed/MSFT/MSFT_20170301_00097.png,0.000769941484447,-0.0143209116107174,0
NVDA,2017-03-01,NVDA_20170301_00097,ml/datasets/charts/processed/NVDA/NVDA_20170301_00097.png,-0.0428015564202334,-0.0350194552529182,0
AMZN,2017-03-02,AMZN_20170302_00098,ml/datasets/charts/processed/AMZN/AMZN_20170302_00098.png,0.0047114252061246,0.0009422850412248,1
MSFT,2017-03-02,MSFT_20170302_00098,ml/datasets/charts/processed/MSFT/MSFT_20170302_00098.png,0.0112482424621151,0.0037494141540383,1
NVDA,2017-03-02,NVDA_20170302_00098,ml/datasets/charts/processed/NVDA/NVDA_20170302_00098.png,-0.0080645161290322,-0.0080645161290322,0
AMZN,2017-03-03,AMZN_20170303_00099,ml/datasets/charts/processed/AMZN/AMZN_20170303_00099.png,0.0030595434219815,-0.0037655919039775,0
MSFT,2017-03-03,MSFT_20170303_00099,ml/datasets/charts/processed/MSFT/MSFT_20170303_00099.png,0.0105836575875486,0.0003112840466925,1
NVDA,2017-03-03,NVDA_20170303_00099,ml/datasets/charts/processed/NVDA/NVDA_20170303_00099.png,0.0081300813008129,-0.008130081300813,0
AMZN,2017-03-06,AMZN_20170306_00100,ml/datasets/charts/processed/AMZN/AMZN_20170306_00100.png,0.0094495629577131,-0.0007087172218285,0
MSFT,2017-03-06,MSFT_20170306_00100,ml/datasets/charts/processed/MSFT/MSFT_20170306_00100.png,0.0068461179399408,0.0020227166640736,1
NVDA,2017-03-06,NVDA_20170306_00100,ml/datasets/charts/processed/NVDA/NVDA_20170306_00100.png,0.0450819672131146,0.0122950819672131,1
AMZN,2017-03-07,AMZN_20170307_00101,ml/datasets/charts/processed/AMZN/AMZN_20170307_00101.png,0.0078014184397163,0.0052009456264776,1
MSFT,2017-03-07,MSFT_20170307_00101,ml/datasets/charts/processed/MSFT/MSFT_20170307_00101.png,0.0001552795031054,0.0091614906832295,1
NVDA,2017-03-07,NVDA_20170307_00101,ml/datasets/charts/processed/NVDA/NVDA_20170307_00101.png,0.0283400809716598,-0.0040485829959514,0
AMZN,2017-03-08,AMZN_20170308_00102,ml/datasets/charts/processed/AMZN/AMZN_20170308_00102.png,0.0030573847601127,0.0030573847601127,1
MSFT,2017-03-08,MSFT_20170308_00102,ml/datasets/charts/processed/MSFT/MSFT_20170308_00102.png,-0.0036928758270502,-0.0040006154793044,0
NVDA,2017-03-08,NVDA_20170308_00102,ml/datasets/charts/processed/NVDA/NVDA_20170308_00102.png,0.0406504065040651,0.0,0
AMZN,2017-03-09,AMZN_20170309_00103,ml/datasets/charts/processed/AMZN/AMZN_20170309_00103.png,0.0004689331770224,-0.0007033997655334,0
MSFT,2017-03-09,MSFT_20170309_00103,ml/datasets/charts/processed/MSFT/MSFT_20170309_00103.png,-0.001390390854318,0.0030897574540398,1
NVDA,2017-03-09,NVDA_20170309_00103,ml/datasets/charts/processed/NVDA/NVDA_20170309_00103.png,0.056910569105691,0.0081300813008129,1
AMZN,2017-03-10,AMZN_20170310_00104,ml/datasets/charts/processed/AMZN/AMZN_20170310_00104.png,0.0,0.0025809479117784,1
MSFT,2017-03-10,MSFT_20170310_00104,ml/datasets/charts/processed/MSFT/MSFT_20170310_00104.png,-0.0009240720776221,-0.0033882642846143,0
NVDA,2017-03-10,NVDA_20170310_00104,ml/datasets/charts/processed/NVDA/NVDA_20170310_00104.png,0.0685483870967742,0.0282258064516127,1
AMZN,2017-03-13,AMZN_20170313_00105,ml/datasets/charts/processed/AMZN/AMZN_20170313_00105.png,0.0028083313831033,-0.0023402761525859,0
MSFT,2017-03-13,MSFT_20170313_00105,ml/datasets/charts/processed/MSFT/MSFT_20170313_00105.png,0.0033997836501316,-0.0046360686138154,0
NVDA,2017-03-13,NVDA_20170313_00105,ml/datasets/charts/processed/NVDA/NVDA_20170313_00105.png,0.0745098039215688,-0.0039215686274508,0
AMZN,2017-03-14,AMZN_20170314_00106,ml/datasets/charts/processed/AMZN/AMZN_20170314_00106.png,-0.0110250996950506,0.0004691531785125,1
MSFT,2017-03-14,MSFT_20170314_00106,ml/datasets/charts/processed/MSFT/MSFT_20170314_00106.png,-0.0031051079024996,0.0052786834342493,1
NVDA,2017-03-14,NVDA_20170314_00106,ml/datasets/charts/processed/NVDA/NVDA_20170314_00106.png,0.0433070866141731,0.0078740157480314,1
AMZN,2017-03-15,AMZN_20170315_00107,ml/datasets/charts/processed/AMZN/AMZN_20170315_00107.png,-0.0058616647127783,0.0004689331770224,1
MSFT,2017-03-15,MSFT_20170315_00107,ml/datasets/charts/processed/MSFT/MSFT_20170315_00107.png,0.0043243243243242,-0.0016988416988417,0
NVDA,2017-03-15,NVDA_20170315_00107,ml/datasets/charts/processed/NVDA/NVDA_20170315_00107.png,0.0546875,0.015625,1
AMZN,2017-03-16,AMZN_20170316_00108,ml/datasets/charts/processed/AMZN/AMZN_20170316_00108.png,-0.0070307007265058,-0.0011717834544177,0
MSFT,2017-03-16,MSFT_20170316_00108,ml/datasets/charts/processed/MSFT/MSFT_20170316_00108.png,0.0035581683168317,0.0035581683168317,1
NVDA,2017-03-16,NVDA_20170316_00108,ml/datasets/charts/processed/NVDA/NVDA_20170316_00108.png,0.0307692307692308,0.0192307692307691,1
AMZN,2017-03-17,AMZN_20170317_00109,ml/datasets/charts/processed/AMZN/AMZN_20170317_00109.png,-0.0079774753636789,0.0053965274519005,1
MSFT,2017-03-17,MSFT_20170317_00109,ml/datasets/charts/processed/MSFT/MSFT_20170317_00109.png,0.0016956990904886,0.0009249267766302,1
NVDA,2017-03-17,NVDA_20170317_00109,ml/datasets/charts/processed/NVDA/NVDA_20170317_00109.png,0.0150943396226415,0.0339622641509436,1
AMZN,2017-03-20,AMZN_20170320_00110,ml/datasets/charts/processed/AMZN/AMZN_20170320_00110.png,-0.0119019836639439,-0.0161026837806301,0
MSFT,2017-03-20,MSFT_20170320_00110,ml/datasets/charts/processed/MSFT/MSFT_20170320_00110.png,0.0026182042199289,-0.0110888649314648,0
NVDA,2017-03-20,NVDA_20170320_00110,ml/datasets/charts/processed/NVDA/NVDA_20170320_00110.png,-0.010948905109489,-0.0328467153284672,0
AMZN,2017-03-21,AMZN_20170321_00111,ml/datasets/charts/processed/AMZN/AMZN_20170321_00111.png,0.0151802656546489,0.0056925996204935,1
MSFT,2017-03-21,MSFT_20170321_00111,ml/datasets/charts/processed/MSFT/MSFT_20170321_00111.png,0.0168198099984429,0.0127705964802991,1
NVDA,2017-03-21,NVDA_20170321_00111,ml/datasets/charts/processed/NVDA/NVDA_20170321_00111.png,0.0150943396226415,0.0188679245283018,1
AMZN,2017-03-22,AMZN_20170322_00112,ml/datasets/charts/processed/AMZN/AMZN_20170322_00112.png,0.0311320754716981,-0.0007075471698113,0
MSFT,2017-03-22,MSFT_20170322_00112,ml/datasets/charts/processed/MSFT/MSFT_20170322_00112.png,0.0067661079501768,-0.0024604028909733,0
NVDA,2017-03-22,NVDA_20170322_00112,ml/datasets/charts/processed/NVDA/NVDA_20170322_00112.png,-0.0074074074074074,-0.0074074074074074,0
AMZN,2017-03-23,AMZN_20170323_00113,ml/datasets/charts/processed/AMZN/AMZN_20170323_00113.png,0.034222327118244,-0.0021241444418219,0
MSFT,2017-03-23,MSFT_20170323_00113,ml/datasets/charts/processed/MSFT/MSFT_20170323_00113.png,0.0129489748728224,0.0016956990904886,1
NVDA,2017-03-23,NVDA_20170323_00113,ml/datasets/charts/processed/NVDA/NVDA_20170323_00113.png,0.0186567164179103,0.0037313432835819,1
AMZN,2017-03-24,AMZN_20170324_00114,ml/datasets/charts/processed/AMZN/AMZN_20170324_00114.png,0.0484862819299904,0.0014191106906338,1
MSFT,2017-03-24,MSFT_20170324_00114,ml/datasets/charts/processed/MSFT/MSFT_20170324_00114.png,0.0135426285010771,0.0018467220683284,1
NVDA,2017-03-24,NVDA_20170324_00114,ml/datasets/charts/processed/NVDA/NVDA_20170324_00114.png,0.0111524163568774,0.0074349442379182,1
AMZN,2017-03-27,AMZN_20170327_00115,ml/datasets/charts/processed/AMZN/AMZN_20170327_00115.png,0.0529050543221538,0.0108644307982992,1
MSFT,2017-03-27,MSFT_20170327_00115,ml/datasets/charts/processed/MSFT/MSFT_20170327_00115.png,0.0069124423963133,0.0029185867895547,1
NVDA,2017-03-27,NVDA_20170327_00115,ml/datasets/charts/processed/NVDA/NVDA_20170327_00115.png,0.0,-0.007380073800738,0
AMZN,2017-03-28,AMZN_20170328_00116,ml/datasets/charts/processed/AMZN/AMZN_20170328_00116.png,0.0593457943925235,0.0214953271028037,1
MSFT,2017-03-28,MSFT_20170328_00116,ml/datasets/charts/processed/MSFT/MSFT_20170328_00116.png,0.0067391637310461,0.0027569306172459,1
NVDA,2017-03-28,NVDA_20170328_00116,ml/datasets/charts/processed/NVDA/NVDA_20170328_00116.png,-0.0631970260223048,-0.003717472118959,0
AMZN,2017-03-29,AMZN_20170329_00117,ml/datasets/charts/processed/AMZN/AMZN_20170329_00117.png,0.0397987191216835,0.0022872827081428,1
MSFT,2017-03-29,MSFT_20170329_00117,ml/datasets/charts/processed/MSFT/MSFT_20170329_00117.png,0.0013746754238583,0.0036658011302885,1
NVDA,2017-03-29,NVDA_20170329_00117,ml/datasets/charts/processed/NVDA/NVDA_20170329_00117.png,-0.0671641791044777,0.0186567164179103,1
AMZN,2017-03-30,AMZN_20170330_00118,ml/datasets/charts/processed/AMZN/AMZN_20170330_00118.png,0.0248744865358283,0.0116385212231857,1
MSFT,2017-03-30,MSFT_20170330_00118,ml/datasets/charts/processed/MSFT/MSFT_20170330_00118.png,0.0003043676761529,0.0022827575711459,1
NVDA,2017-03-30,NVDA_20170330_00118,ml/datasets/charts/processed/NVDA/NVDA_20170330_00118.png,-0.0769230769230768,-0.0036630036630035,0
AMZN,2017-03-31,AMZN_20170331_00119,ml/datasets/charts/processed/AMZN/AMZN_20170331_00119.png,0.0092488157004286,0.005639521768554,1
MSFT,2017-03-31,MSFT_20170331_00119,ml/datasets/charts/processed/MSFT/MSFT_20170331_00119.png,-0.0027330701488004,-0.0047069541451564,0
NVDA,2017-03-31,NVDA_20170331_00119,ml/datasets/charts/processed/NVDA/NVDA_20170331_00119.png,-0.0772058823529413,-0.0036764705882353,0
AMZN,2017-04-03,AMZN_20170403_00120,ml/datasets/charts/processed/AMZN/AMZN_20170403_00120.png,0.0172723194257515,0.0170480035890534,1
MSFT,2017-04-03,MSFT_20170403_00120,ml/datasets/charts/processed/MSFT/MSFT_20170403_00120.png,-0.0003051106025934,0.002745995423341,1
NVDA,2017-04-03,NVDA_20170403_00120,ml/datasets/charts/processed/NVDA/NVDA_20170403_00120.png,-0.099630996309963,-0.070110701107011,0
AMZN,2017-04-04,AMZN_20170404_00121,ml/datasets/charts/processed/AMZN/AMZN_20170404_00121.png,-0.0048522276135863,0.0026466696074105,1
MSFT,2017-04-04,MSFT_20170404_00121,ml/datasets/charts/processed/MSFT/MSFT_20170404_00121.png,-0.0038034383082306,-0.0025863380495968,0
NVDA,2017-04-04,NVDA_20170404_00121,ml/datasets/charts/processed/NVDA/NVDA_20170404_00121.png,-0.0277777777777776,-0.0079365079365079,0
AMZN,2017-04-05,AMZN_20170405_00122,ml/datasets/charts/processed/AMZN/AMZN_20170405_00122.png,-0.0142982842058952,-0.0120985481742191,0
MSFT,2017-04-05,MSFT_20170405_00122,ml/datasets/charts/processed/MSFT/MSFT_20170405_00122.png,-0.0050335570469798,0.0025930445393533,1
NVDA,2017-04-05,NVDA_20170405_00122,ml/datasets/charts/processed/NVDA/NVDA_20170405_00122.png,-0.0279999999999999,0.008,1
AMZN,2017-04-06,AMZN_20170406_00123,ml/datasets/charts/processed/AMZN/AMZN_20170406_00123.png,-0.0151413938989088,-0.0037853484747271,0
MSFT,2017-04-06,MSFT_20170406_00123,ml/datasets/charts/processed/MSFT/MSFT_20170406_00123.png,-0.0118667275216796,-0.000760687661646,0
NVDA,2017-04-06,NVDA_20170406_00123,ml/datasets/charts/processed/NVDA/NVDA_20170406_00123.png,-0.0515873015873015,-0.003968253968254,0
AMZN,2017-04-07,AMZN_20170407_00124,ml/datasets/charts/processed/AMZN/AMZN_20170407_00124.png,0.008046490835941,0.0136343316942333,1
MSFT,2017-04-07,MSFT_20170407_00124,ml/datasets/charts/processed/MSFT/MSFT_20170407_00124.png,-0.0030450669914738,-0.0022838002436054,0
NVDA,2017-04-07,NVDA_20170407_00124,ml/datasets/charts/processed/NVDA/NVDA_20170407_00124.png,-0.0119521912350596,-0.0278884462151394,0
AMZN,2017-04-10,AMZN_20170410_00125,ml/datasets/charts/processed/AMZN/AMZN_20170410_00125.png,-0.0035281146637266,-0.005071664829107,0
MSFT,2017-04-10,MSFT_20170410_00125,ml/datasets/charts/processed/MSFT/MSFT_20170410_00125.png,-0.002136426064398,-0.0007630093087135,0
NVDA,2017-04-10,NVDA_20170410_00125,ml/datasets/charts/processed/NVDA/NVDA_20170410_00125.png,0.0163934426229508,0.0040983606557378,1
AMZN,2017-04-11,AMZN_20170411_00126,ml/datasets/charts/processed/AMZN/AMZN_20170411_00126.png,-0.00354609929078,-0.0068705673758864,0
MSFT,2017-04-11,MSFT_20170411_00126,ml/datasets/charts/processed/MSFT/MSFT_20170411_00126.png,-0.0067196090409284,-0.0038179596823457,0
NVDA,2017-04-11,NVDA_20170411_00126,ml/datasets/charts/processed/NVDA/NVDA_20170411_00126.png,0.0163265306122448,-0.0081632653061224,0
AMZN,2017-04-12,AMZN_20170412_00127,ml/datasets/charts/processed/AMZN/AMZN_20170412_00127.png,0.0064717696942646,-0.0129435393885294,0
MSFT,2017-04-12,MSFT_20170412_00127,ml/datasets/charts/processed/MSFT/MSFT_20170412_00127.png,0.0041391997547139,-0.0042925034493331,0
NVDA,2017-04-12,NVDA_20170412_00127,ml/datasets/charts/processed/NVDA/NVDA_20170412_00127.png,0.0411522633744854,-0.0164609053497942,0
AMZN,2017-04-13,AMZN_20170413_00128,ml/datasets/charts/processed/AMZN/AMZN_20170413_00128.png,0.0158263621976035,0.0196699073027357,1
MSFT,2017-04-13,MSFT_20170413_00128,ml/datasets/charts/processed/MSFT/MSFT_20170413_00128.png,0.0223248652809853,0.0081601231716705,1
NVDA,2017-04-13,NVDA_20170413_00128,ml/datasets/charts/processed/NVDA/NVDA_20170413_00128.png,0.0627615062761506,0.0376569037656904,1
AMZN,2017-04-17,AMZN_20170417_00129,ml/datasets/charts/processed/AMZN/AMZN_20170417_00129.png,0.0059866962305985,0.0019955654101995,1
MSFT,2017-04-17,MSFT_20170417_00129,ml/datasets/charts/processed/MSFT/MSFT_20170417_00129.png,0.0313072693952352,-0.0013744654856445,0
NVDA,2017-04-17,NVDA_20170417_00129,ml/datasets/charts/processed/NVDA/NVDA_20170417_00129.png,0.036290322580645,0.0,0
AMZN,2017-04-18,AMZN_20170418_00130,ml/datasets/charts/processed/AMZN/AMZN_20170418_00130.png,0.0042044700154901,-0.0050896215976985,0
MSFT,2017-04-18,MSFT_20170418_00130,ml/datasets/charts/processed/MSFT/MSFT_20170418_00130.png,0.0386909313350665,-0.0053525003823213,0
NVDA,2017-04-18,NVDA_20170418_00130,ml/datasets/charts/processed/NVDA/NVDA_20170418_00130.png,0.0564516129032257,0.0040322580645162,1
AMZN,2017-04-19,AMZN_20170419_00131,ml/datasets/charts/processed/AMZN/AMZN_20170419_00131.png,0.011120996441281,0.0031138790035587,1
MSFT,2017-04-19,MSFT_20170419_00131,ml/datasets/charts/processed/MSFT/MSFT_20170419_00131.png,0.0428966789667895,0.0070725707257071,1
NVDA,2017-04-19,NVDA_20170419_00131,ml/datasets/charts/processed/NVDA/NVDA_20170419_00131.png,0.0441767068273091,0.0160642570281122,1
AMZN,2017-04-20,AMZN_20170420_00132,ml/datasets/charts/processed/AMZN/AMZN_20170420_00132.png,0.018181818181818,-0.0037694013303769,0
MSFT,2017-04-20,MSFT_20170420_00132,ml/datasets/charts/processed/MSFT/MSFT_20170420_00132.png,0.0422900763358777,0.0137404580152673,1
NVDA,2017-04-20,NVDA_20170420_00132,ml/datasets/charts/processed/NVDA/NVDA_20170420_00132.png,0.0434782608695654,0.0039525691699606,1
AMZN,2017-04-21,AMZN_20170421_00133,ml/datasets/charts/processed/AMZN/AMZN_20170421_00133.png,0.0293790340529713,0.0097930113509903,1
MSFT,2017-04-21,MSFT_20170421_00133,ml/datasets/charts/processed/MSFT/MSFT_20170421_00133.png,0.0310240963855419,0.0170180722891566,1
NVDA,2017-04-21,NVDA_20170421_00133,ml/datasets/charts/processed/NVDA/NVDA_20170421_00133.png,0.0275590551181101,0.0118110236220472,1
AMZN,2017-04-24,AMZN_20170424_00134,ml/datasets/charts/processed/AMZN/AMZN_20170424_00134.png,0.0449636323561823,0.0002204099625304,1
MSFT,2017-04-24,MSFT_20170424_00134,ml/datasets/charts/processed/MSFT/MSFT_20170424_00134.png,0.027839478750185,0.0057752110173256,1
NVDA,2017-04-24,NVDA_20170424_00134,ml/datasets/charts/processed/NVDA/NVDA_20170424_00134.png,0.0389105058365759,0.019455252918288,1
AMZN,2017-04-25,AMZN_20170425_00135,ml/datasets/charts/processed/AMZN/AMZN_20170425_00135.png,0.0434111943587482,0.0017628911414719,1
MSFT,2017-04-25,MSFT_20170425_00135,ml/datasets/charts/processed/MSFT/MSFT_20170425_00135.png,0.0203180212014133,-0.0013250883392226,0
NVDA,2017-04-25,NVDA_20170425_00135,ml/datasets/charts/processed/NVDA/NVDA_20170425_00135.png,-0.0114503816793893,-0.0076335877862595,0
AMZN,2017-04-26,AMZN_20170426_00136,ml/datasets/charts/processed/AMZN/AMZN_20170426_00136.png,0.0349758029036515,0.0101187857457105,1
MSFT,2017-04-26,MSFT_20170426_00136,ml/datasets/charts/processed/MSFT/MSFT_20170426_00136.png,0.0184284240011793,0.006486805248415,1
NVDA,2017-04-26,NVDA_20170426_00136,ml/datasets/charts/processed/NVDA/NVDA_20170426_00136.png,0.0038461538461538,0.0153846153846153,1
AMZN,2017-04-27,AMZN_20170427_00137,ml/datasets/charts/processed/AMZN/AMZN_20170427_00137.png,0.0209059233449477,0.0071864111498256,1
MSFT,2017-04-27,MSFT_20170427_00137,ml/datasets/charts/processed/MSFT/MSFT_20170427_00137.png,0.0079097700307602,0.0027830672330453,1
NVDA,2017-04-27,NVDA_20170427_00137,ml/datasets/charts/processed/NVDA/NVDA_20170427_00137.png,-0.0151515151515151,-0.0113636363636364,0
AMZN,2017-04-28,AMZN_20170428_00138,ml/datasets/charts/processed/AMZN/AMZN_20170428_00138.png,0.0099459459459458,0.025081081081081,1
MSFT,2017-04-28,MSFT_20170428_00138,ml/datasets/charts/processed/MSFT/MSFT_20170428_00138.png,0.0078878177037686,0.013876716330704,1
NVDA,2017-04-28,NVDA_20170428_00138,ml/datasets/charts/processed/NVDA/NVDA_20170428_00138.png,-0.0038314176245209,0.0229885057471264,1
AMZN,2017-05-01,AMZN_20170501_00139,ml/datasets/charts/processed/AMZN/AMZN_20170501_00139.png,0.0008437038599453,-0.0012655557899176,0
MSFT,2017-05-01,MSFT_20170501_00139,ml/datasets/charts/processed/MSFT/MSFT_20170501_00139.png,-0.0067713585938625,-0.0015847860538826,0
NVDA,2017-05-01,NVDA_20170501_00139,ml/datasets/charts/processed/NVDA/NVDA_20170501_00139.png,-0.0374531835205992,-0.0299625468164794,0
AMZN,2017-05-02,AMZN_20170502_00140,ml/datasets/charts/processed/AMZN/AMZN_20170502_00140.png,0.0061246040126716,-0.0063357972544879,0
MSFT,2017-05-02,MSFT_20170502_00140,ml/datasets/charts/processed/MSFT/MSFT_20170502_00140.png,-0.0037518037518036,-0.0031746031746031,0
NVDA,2017-05-02,NVDA_20170502_00140,ml/datasets/charts/processed/NVDA/NVDA_20170502_00140.png,-0.0077220077220077,0.0077220077220077,1
AMZN,2017-05-03,AMZN_20170503_00141,ml/datasets/charts/processed/AMZN/AMZN_20170503_00141.png,0.0085015940488843,-0.0036131774707756,0
MSFT,2017-05-03,MSFT_20170503_00141,ml/datasets/charts/processed/MSFT/MSFT_20170503_00141.png,0.0033294730746959,-0.0039085118702952,0
NVDA,2017-05-03,NVDA_20170503_00141,ml/datasets/charts/processed/NVDA/NVDA_20170503_00141.png,0.160919540229885,-0.0038314176245209,0
AMZN,2017-05-04,AMZN_20170504_00142,ml/datasets/charts/processed/AMZN/AMZN_20170504_00142.png,0.0106655290102388,-0.0036262798634812,0
MSFT,2017-05-04,MSFT_20170504_00142,ml/datasets/charts/processed/MSFT/MSFT_20170504_00142.png,-0.0050864699898272,0.002761226565906,1
NVDA,2017-05-04,NVDA_20170504_00142,ml/datasets/charts/processed/NVDA/NVDA_20170504_00142.png,0.2153846153846155,0.0,0
AMZN,2017-05-05,AMZN_20170505_00143,ml/datasets/charts/processed/AMZN/AMZN_20170505_00143.png,0.0291158210233355,0.015842432027403,1
MSFT,2017-05-05,MSFT_20170505_00143,ml/datasets/charts/processed/MSFT/MSFT_20170505_00143.png,-0.0089855072463769,-0.0008695652173913,0
NVDA,2017-05-05,NVDA_20170505_00143,ml/datasets/charts/processed/NVDA/NVDA_20170505_00143.png,0.2307692307692308,-0.0115384615384616,0
AMZN,2017-05-08,AMZN_20170508_00144,ml/datasets/charts/processed/AMZN/AMZN_20170508_00144.png,0.0094836670179134,0.0040042149631189,1
MSFT,2017-05-08,MSFT_20170508_00144,ml/datasets/charts/processed/MSFT/MSFT_20170508_00144.png,-0.00739773716275,0.0014505366985786,1
NVDA,2017-05-08,NVDA_20170508_00144,ml/datasets/charts/processed/NVDA/NVDA_20170508_00144.png,0.3073929961089494,0.0,0
AMZN,2017-05-09,AMZN_20170509_00145,ml/datasets/charts/processed/AMZN/AMZN_20170509_00145.png,0.0138539042821157,-0.0039882451721242,0
MSFT,2017-05-09,MSFT_20170509_00145,ml/datasets/charts/processed/MSFT/MSFT_20170509_00145.png,0.0053592120509848,0.0039107763615295,1
NVDA,2017-05-09,NVDA_20170509_00145,ml/datasets/charts/processed/NVDA/NVDA_20170509_00145.png,0.3307392996108951,0.178988326848249,1
AMZN,2017-05-10,AMZN_20170510_00146,ml/datasets/charts/processed/AMZN/AMZN_20170510_00146.png,-0.0044257112750263,-0.0014752370916754,0
MSFT,2017-05-10,MSFT_20170510_00146,ml/datasets/charts/processed/MSFT/MSFT_20170510_00146.png,-0.026403116433415,-0.0122637426056847,0
NVDA,2017-05-10,NVDA_20170510_00146,ml/datasets/charts/processed/NVDA/NVDA_20170510_00146.png,0.0528052805280527,0.042904290429043,1
AMZN,2017-05-11,AMZN_20170511_00147,ml/datasets/charts/processed/AMZN/AMZN_20170511_00147.png,0.0113972140143521,0.0145631067961164,1
MSFT,2017-05-11,MSFT_20170511_00147,ml/datasets/charts/processed/MSFT/MSFT_20170511_00147.png,-0.0109553023663453,-0.0011685655857435,0
NVDA,2017-05-11,NVDA_20170511_00147,ml/datasets/charts/processed/NVDA/NVDA_20170511_00147.png,0.0537974683544304,0.0126582278481013,1
AMZN,2017-05-12,AMZN_20170512_00148,ml/datasets/charts/processed/AMZN/AMZN_20170512_00148.png,-0.0016642396505096,-0.003536509257333,0
MSFT,2017-05-12,MSFT_20170512_00148,ml/datasets/charts/processed/MSFT/MSFT_20170512_00148.png,-0.0100906697864872,0.0007312079555428,1
NVDA,2017-05-12,NVDA_20170512_00148,ml/datasets/charts/processed/NVDA/NVDA_20170512_00148.png,0.0625,0.0499999999999998,1
AMZN,2017-05-15,AMZN_20170515_00149,ml/datasets/charts/processed/AMZN/AMZN_20170515_00149.png,0.0131524008350731,0.0083507306889352,1
MSFT,2017-05-15,MSFT_20170515_00149,ml/datasets/charts/processed/MSFT/MSFT_20170515_00149.png,0.0002922694724536,0.0143212041502263,1
NVDA,2017-05-15,NVDA_20170515_00149,ml/datasets/charts/processed/NVDA/NVDA_20170515_00149.png,0.0327380952380953,0.0178571428571427,1
AMZN,2017-05-16,AMZN_20170516_00150,ml/datasets/charts/processed/AMZN/AMZN_20170516_00150.png,0.0057971014492754,-0.0219461697722566,0
MSFT,2017-05-16,MSFT_20170516_00150,ml/datasets/charts/processed/MSFT/MSFT_20170516_00150.png,-0.0105172165394034,-0.0278057916726695,0
NVDA,2017-05-16,NVDA_20170516_00150,ml/datasets/charts/processed/NVDA/NVDA_20170516_00150.png,0.0029239766081872,-0.0672514619883041,0
AMZN,2017-05-17,AMZN_20170517_00151,ml/datasets/charts/processed/AMZN/AMZN_20170517_00151.png,0.0376799322607959,0.0143945808636749,1
MSFT,2017-05-17,MSFT_20170517_00151,ml/datasets/charts/processed/MSFT/MSFT_20170517_00151.png,0.0191167753408416,0.003408417308832,1
NVDA,2017-05-17,NVDA_20170517_00151,ml/datasets/charts/processed/NVDA/NVDA_20170517_00151.png,0.0846394984326019,0.0438871473354232,1
AMZN,2017-05-18,AMZN_20170518_00152,ml/datasets/charts/processed/AMZN/AMZN_20170518_00152.png,0.0365191986644406,0.0014607679465776,1
MSFT,2017-05-18,MSFT_20170518_00152,ml/datasets/charts/processed/MSFT/MSFT_20170518_00152.png,0.0282085364052577,-0.0002953773445576,0
NVDA,2017-05-18,NVDA_20170518_00152,ml/datasets/charts/processed/NVDA/NVDA_20170518_00152.png,0.0390390390390389,0.0210210210210208,1
AMZN,2017-05-19,AMZN_20170519_00153,ml/datasets/charts/processed/AMZN/AMZN_20170519_00153.png,0.0375078141279432,0.0112523442383829,1
MSFT,2017-05-19,MSFT_20170519_00153,ml/datasets/charts/processed/MSFT/MSFT_20170519_00153.png,0.0335352341557098,0.0112276554882553,1
NVDA,2017-05-19,NVDA_20170519_00153,ml/datasets/charts/processed/NVDA/NVDA_20170519_00153.png,0.0441176470588235,0.0205882352941177,1
AMZN,2017-05-22,AMZN_20170522_00154,ml/datasets/charts/processed/AMZN/AMZN_20170522_00154.png,0.02699361219864,0.0010302905419328,1
MSFT,2017-05-22,MSFT_20170522_00154,ml/datasets/charts/processed/MSFT/MSFT_20170522_00154.png,0.0286340394448501,0.0033601168736303,1
NVDA,2017-05-22,NVDA_20170522_00154,ml/datasets/charts/processed/NVDA/NVDA_20170522_00154.png,0.0432276657060517,-0.0115273775216138,0
AMZN,2017-05-23,AMZN_20170523_00155,ml/datasets/charts/processed/AMZN/AMZN_20170523_00155.png,0.0236722931247426,0.0090572251955538,1
MSFT,2017-05-23,MSFT_20170523_00155,ml/datasets/charts/processed/MSFT/MSFT_20170523_00155.png,0.0168899242865463,0.0013104251601629,1
NVDA,2017-05-23,NVDA_20170523_00155,ml/datasets/charts/processed/NVDA/NVDA_20170523_00155.png,0.0524781341107871,0.008746355685131,1
AMZN,2017-05-24,AMZN_20170524_00156,ml/datasets/charts/processed/AMZN/AMZN_20170524_00156.png,0.0159118727050182,0.0132598939208485,1
MSFT,2017-05-24,MSFT_20170524_00156,ml/datasets/charts/processed/MSFT/MSFT_20170524_00156.png,0.0193398284135524,0.0123600407154282,1
NVDA,2017-05-24,NVDA_20170524_00156,ml/datasets/charts/processed/NVDA/NVDA_20170524_00156.png,0.0433526011560694,0.0,0
AMZN,2017-05-25,AMZN_20170525_00157,ml/datasets/charts/processed/AMZN/AMZN_20170525_00157.png,0.0134890275820414,0.0024159452385745,1
MSFT,2017-05-25,MSFT_20170525_00157,ml/datasets/charts/processed/MSFT/MSFT_20170525_00157.png,0.0307382935937949,0.0048836541223784,1
NVDA,2017-05-25,NVDA_20170525_00157,ml/datasets/charts/processed/NVDA/NVDA_20170525_00157.png,0.0375722543352601,0.0260115606936415,1
AMZN,2017-05-26,AMZN_20170526_00158,ml/datasets/charts/processed/AMZN/AMZN_20170526_00158.png,0.0156657963446475,0.0010042177144005,1
MSFT,2017-05-26,MSFT_20170526_00158,ml/datasets/charts/processed/MSFT/MSFT_20170526_00158.png,0.0331618067467125,0.0064322469982847,1
NVDA,2017-05-26,NVDA_20170526_00158,ml/datasets/charts/processed/NVDA/NVDA_20170526_00158.png,0.0422535211267607,0.0197183098591549,1
AMZN,2017-05-30,AMZN_20170530_00159,ml/datasets/charts/processed/AMZN/AMZN_20170530_00159.png,0.0062199036918137,-0.0022070626003211,0
MSFT,2017-05-30,MSFT_20170530_00159,ml/datasets/charts/processed/MSFT/MSFT_20170530_00159.png,0.0299673341854849,-0.0080954409884959,0
NVDA,2017-05-30,NVDA_20170530_00159,ml/datasets/charts/processed/NVDA/NVDA_20170530_00159.png,0.0165745856353591,-0.0027624309392265,0
AMZN,2017-05-31,AMZN_20170531_00160,ml/datasets/charts/processed/AMZN/AMZN_20170531_00160.png,0.0154836115021115,0.0014076010456465,1
MSFT,2017-05-31,MSFT_20170531_00160,ml/datasets/charts/processed/MSFT/MSFT_20170531_00160.png,0.0365120274914088,0.0037227949599081,1
NVDA,2017-05-31,NVDA_20170531_00160,ml/datasets/charts/processed/NVDA/NVDA_20170531_00160.png,0.033240997229917,0.0,0
AMZN,2017-06-01,AMZN_20170601_00161,ml/datasets/charts/processed/AMZN/AMZN_20170601_00161.png,0.0142570281124498,0.0108433734939761,1
MSFT,2017-06-01,MSFT_20170601_00161,ml/datasets/charts/processed/MSFT/MSFT_20170601_00161.png,0.0263908701854493,0.0236804564907275,1
NVDA,2017-06-01,NVDA_20170601_00161,ml/datasets/charts/processed/NVDA/NVDA_20170601_00161.png,0.10803324099723,-0.0055401662049862,0
AMZN,2017-06-02,AMZN_20170602_00162,ml/datasets/charts/processed/AMZN/AMZN_20170602_00162.png,-0.0282081843464442,0.0045689312673817,1
MSFT,2017-06-02,MSFT_20170602_00162,ml/datasets/charts/processed/MSFT/MSFT_20170602_00162.png,-0.0200668896321072,0.0072463768115942,1
NVDA,2017-06-02,NVDA_20170602_00162,ml/datasets/charts/processed/NVDA/NVDA_20170602_00162.png,0.0417827298050139,0.0306406685236768,1
AMZN,2017-06-05,AMZN_20170605_00163,ml/datasets/charts/processed/AMZN/AMZN_20170605_00163.png,-0.0458770021752027,-0.008305319359304,0
MSFT,2017-06-05,MSFT_20170605_00163,ml/datasets/charts/processed/MSFT/MSFT_20170605_00163.png,-0.0345877144438295,0.0033204205866075,1
NVDA,2017-06-05,NVDA_20170605_00163,ml/datasets/charts/processed/NVDA/NVDA_20170605_00163.png,0.0135135135135133,-0.0054054054054054,0
AMZN,2017-06-06,AMZN_20170606_00164,ml/datasets/charts/processed/AMZN/AMZN_20170606_00164.png,-0.0221335992023927,0.0069790628115653,1
MSFT,2017-06-06,MSFT_20170606_00164,ml/datasets/charts/processed/MSFT/MSFT_20170606_00164.png,-0.0257859900717042,-0.001792608935466,0
NVDA,2017-06-06,NVDA_20170606_00164,ml/datasets/charts/processed/NVDA/NVDA_20170606_00164.png,0.0298913043478259,0.013586956521739,1
AMZN,2017-06-07,AMZN_20170607_00165,ml/datasets/charts/processed/AMZN/AMZN_20170607_00165.png,-0.0332673267326733,0.0001980198019801,1
MSFT,2017-06-07,MSFT_20170607_00165,ml/datasets/charts/processed/MSFT/MSFT_20170607_00165.png,-0.0292858129575909,-0.0060781875949716,0
NVDA,2017-06-07,NVDA_20170607_00165,ml/datasets/charts/processed/NVDA/NVDA_20170607_00165.png,0.0160857908847185,0.0723860589812332,1
AMZN,2017-06-08,AMZN_20170608_00166,ml/datasets/charts/processed/AMZN/AMZN_20170608_00166.png,-0.0455355375173232,-0.0314789150663233,0
MSFT,2017-06-08,MSFT_20170608_00166,ml/datasets/charts/processed/MSFT/MSFT_20170608_00166.png,-0.0284920083391243,-0.0226546212647673,0
NVDA,2017-06-08,NVDA_20170608_00166,ml/datasets/charts/processed/NVDA/NVDA_20170608_00166.png,-0.0474999999999999,-0.0649999999999999,0
AMZN,2017-06-09,AMZN_20170609_00167,ml/datasets/charts/processed/AMZN/AMZN_20170609_00167.png,0.0096075224856908,-0.0136958299264104,0
MSFT,2017-06-09,MSFT_20170609_00167,ml/datasets/charts/processed/MSFT/MSFT_20170609_00167.png,-0.0045506257110351,-0.0076791808873718,0
NVDA,2017-06-09,NVDA_20170609_00167,ml/datasets/charts/processed/NVDA/NVDA_20170609_00167.png,0.0133689839572193,0.0026737967914438,1
AMZN,2017-06-12,AMZN_20170612_00168,ml/datasets/charts/processed/AMZN/AMZN_20170612_00168.png,0.0312953367875648,0.0163730569948186,1
MSFT,2017-06-12,MSFT_20170612_00168,ml/datasets/charts/processed/MSFT/MSFT_20170612_00168.png,0.0156205216394382,0.0124677558039554,1
NVDA,2017-06-12,NVDA_20170612_00168,ml/datasets/charts/processed/NVDA/NVDA_20170612_00168.png,0.048,0.0106666666666666,1
AMZN,2017-06-13,AMZN_20170613_00169,ml/datasets/charts/processed/AMZN/AMZN_20170613_00169.png,0.012030995106036,-0.0044861337683523,0
MSFT,2017-06-13,MSFT_20170613_00169,ml/datasets/charts/processed/MSFT/MSFT_20170613_00169.png,-0.010474168435952,-0.0053786270346781,0
NVDA,2017-06-13,NVDA_20170613_00169,ml/datasets/charts/processed/NVDA/NVDA_20170613_00169.png,0.0369393139841689,0.0,0
AMZN,2017-06-14,AMZN_20170614_00170,ml/datasets/charts/processed/AMZN/AMZN_20170614_00170.png,0.0264235968865218,-0.0124948791478901,0
MSFT,2017-06-14,MSFT_20170614_00170,ml/datasets/charts/processed/MSFT/MSFT_20170614_00170.png,0.0,-0.0052654048669417,0
NVDA,2017-06-14,NVDA_20170614_00170,ml/datasets/charts/processed/NVDA/NVDA_20170614_00170.png,0.0527704485488127,0.0052770448548813,1
AMZN,2017-06-15,AMZN_20170615_00171,ml/datasets/charts/processed/AMZN/AMZN_20170615_00171.png,0.038373781373159,0.0244762497407176,1
MSFT,2017-06-15,MSFT_20170615_00171,ml/datasets/charts/processed/MSFT/MSFT_20170615_00171.png,0.0051502145922746,0.0014306151645206,1
NVDA,2017-06-15,NVDA_20170615_00171,ml/datasets/charts/processed/NVDA/NVDA_20170615_00171.png,0.0393700787401574,-0.005249343832021,0
AMZN,2017-06-16,AMZN_20170616_00172,ml/datasets/charts/processed/AMZN/AMZN_20170616_00172.png,0.0161976108523991,0.0074913950192345,1
MSFT,2017-06-16,MSFT_20170616_00172,ml/datasets/charts/processed/MSFT/MSFT_20170616_00172.png,0.0172857142857141,0.0124285714285714,1
NVDA,2017-06-16,NVDA_20170616_00172,ml/datasets/charts/processed/NVDA/NVDA_20170616_00172.png,0.0158311345646438,0.0369393139841689,1
AMZN,2017-06-19,AMZN_20170619_00173,ml/datasets/charts/processed/AMZN/AMZN_20170619_00173.png,-0.0012057877813503,-0.002612540192926,0
MSFT,2017-06-19,MSFT_20170619_00173,ml/datasets/charts/processed/MSFT/MSFT_20170619_00173.png,-0.0047975165796528,-0.0135459291660788,0
NVDA,2017-06-19,NVDA_20170619_00173,ml/datasets/charts/processed/NVDA/NVDA_20170619_00173.png,-0.0330788804071248,0.0,0
AMZN,2017-06-20,AMZN_20170620_00174,ml/datasets/charts/processed/AMZN/AMZN_20170620_00174.png,-0.0159177916582712,0.0096715696151521,1
MSFT,2017-06-20,MSFT_20170620_00174,ml/datasets/charts/processed/MSFT/MSFT_20170620_00174.png,-0.0100128736947504,0.0051494779001572,1
NVDA,2017-06-20,NVDA_20170620_00174,ml/datasets/charts/processed/NVDA/NVDA_20170620_00174.png,-0.0687022900763358,0.0152671755725191,1
AMZN,2017-06-21,AMZN_20170621_00175,ml/datasets/charts/processed/AMZN/AMZN_20170621_00175.png,-0.0117740969866293,-0.0009978048293752,0
MSFT,2017-06-21,MSFT_20170621_00175,ml/datasets/charts/processed/MSFT/MSFT_20170621_00175.png,-0.0066884872634125,-0.0001423082396468,0
NVDA,2017-06-21,NVDA_20170621_00175,ml/datasets/charts/processed/NVDA/NVDA_20170621_00175.png,-0.050125313283208,-0.0075187969924812,0
AMZN,2017-06-22,AMZN_20170622_00176,ml/datasets/charts/processed/AMZN/AMZN_20170622_00176.png,-0.0251697962445066,0.0025968837395125,1
MSFT,2017-06-22,MSFT_20170622_00176,ml/datasets/charts/processed/MSFT/MSFT_20170622_00176.png,-0.0251921434671222,0.0135212069456303,1
NVDA,2017-06-22,NVDA_20170622_00176,ml/datasets/charts/processed/NVDA/NVDA_20170622_00176.png,-0.0732323232323232,-0.0277777777777777,0
AMZN,2017-06-23,AMZN_20170623_00177,ml/datasets/charts/processed/AMZN/AMZN_20170623_00177.png,-0.0356644749950189,-0.0097629009762899,0
MSFT,2017-06-23,MSFT_20170623_00177,ml/datasets/charts/processed/MSFT/MSFT_20170623_00177.png,-0.0320179750035105,-0.009549220615082,0
NVDA,2017-06-23,NVDA_20170623_00177,ml/datasets/charts/processed/NVDA/NVDA_20170623_00177.png,-0.0623376623376623,-0.0129870129870131,0
AMZN,2017-06-26,AMZN_20170626_00178,ml/datasets/charts/processed/AMZN/AMZN_20170626_00178.png,-0.0406438631790745,-0.0173038229376257,0
MSFT,2017-06-26,MSFT_20170626_00178,ml/datasets/charts/processed/MSFT/MSFT_20170626_00178.png,-0.0334609386076846,-0.0187154402381966,0
NVDA,2017-06-26,NVDA_20170626_00178,ml/datasets/charts/processed/NVDA/NVDA_20170626_00178.png,-0.0842105263157894,-0.0368421052631577,0
AMZN,2017-06-27,AMZN_20170627_00179,ml/datasets/charts/processed/AMZN/AMZN_20170627_00179.png,-0.0055282555282556,0.0139230139230139,1
MSFT,2017-06-27,MSFT_20170627_00179,ml/datasets/charts/processed/MSFT/MSFT_20170627_00179.png,-0.0018783412801617,0.0085247796561191,1
NVDA,2017-06-27,NVDA_20170627_00179,ml/datasets/charts/processed/NVDA/NVDA_20170627_00179.png,-0.0218579234972677,0.03551912568306,1
AMZN,2017-06-28,AMZN_20170628_00180,ml/datasets/charts/processed/AMZN/AMZN_20170628_00180.png,-0.0254442649434573,-0.0145395799676899,0
MSFT,2017-06-28,MSFT_20170628_00180,ml/datasets/charts/processed/MSFT/MSFT_20170628_00180.png,-0.017621776504298,-0.0187679083094556,0
NVDA,2017-06-28,NVDA_20170628_00180,ml/datasets/charts/processed/NVDA/NVDA_20170628_00180.png,-0.0527704485488127,-0.0316622691292876,0
AMZN,2017-06-29,AMZN_20170629_00181,ml/datasets/charts/processed/AMZN/AMZN_20170629_00181.png,0.0028688524590163,-0.0081967213114754,0
MSFT,2017-06-29,MSFT_20170629_00181,ml/datasets/charts/processed/MSFT/MSFT_20170629_00181.png,0.0141626514819681,0.0064242955175939,1
NVDA,2017-06-29,NVDA_20170629_00181,ml/datasets/charts/processed/NVDA/NVDA_20170629_00181.png,0.0,-0.0163487738419618,0
AMZN,2017-06-30,AMZN_20170630_00182,ml/datasets/charts/processed/AMZN/AMZN_20170630_00182.png,0.0293388429752066,-0.0148760330578512,0
MSFT,2017-06-30,MSFT_20170630_00182,ml/datasets/charts/processed/MSFT/MSFT_20170630_00182.png,0.0152328449151313,-0.0110256782242855,0
NVDA,2017-06-30,NVDA_20170630_00182,ml/datasets/charts/processed/NVDA/NVDA_20170630_00182.png,0.0637119113573407,-0.0360110803324099,0
AMZN,2017-07-03,AMZN_20170703_00183,ml/datasets/charts/processed/AMZN/AMZN_20170703_00183.png,0.0425755033557047,0.0186661073825502,1
MSFT,2017-07-03,MSFT_20170703_00183,ml/datasets/charts/processed/MSFT/MSFT_20170703_00183.png,0.0266979609799031,0.0133489804899515,1
NVDA,2017-07-03,NVDA_20170703_00183,ml/datasets/charts/processed/NVDA/NVDA_20170703_00183.png,0.1206896551724137,0.028735632183908,1
AMZN,2017-07-05,AMZN_20170705_00184,ml/datasets/charts/processed/AMZN/AMZN_20170705_00184.png,0.036236359892938,-0.0063825406629607,0
MSFT,2017-07-05,MSFT_20170705_00184,ml/datasets/charts/processed/MSFT/MSFT_20170705_00184.png,0.0299652576722642,-0.0073827446438912,0
NVDA,2017-07-05,NVDA_20170705_00184,ml/datasets/charts/processed/NVDA/NVDA_20170705_00184.png,0.1340782122905026,0.0027932960893854,1
AMZN,2017-07-06,AMZN_20170706_00185,ml/datasets/charts/processed/AMZN/AMZN_20170706_00185.png,0.0366763365105677,0.0140903439701616,1
MSFT,2017-07-06,MSFT_20170706_00185,ml/datasets/charts/processed/MSFT/MSFT_20170706_00185.png,0.046667638909144,0.0129794370716056,1
NVDA,2017-07-06,NVDA_20170706_00185,ml/datasets/charts/processed/NVDA/NVDA_20170706_00185.png,0.1197771587743732,0.0222841225626742,1
AMZN,2017-07-07,AMZN_20170707_00186,ml/datasets/charts/processed/AMZN/AMZN_20170707_00186.png,0.0234981610134861,0.0179812014711893,1
MSFT,2017-07-07,MSFT_20170707_00186,ml/datasets/charts/processed/MSFT/MSFT_20170707_00186.png,0.0477972934062771,0.0074863230636339,1
NVDA,2017-07-07,NVDA_20170707_00186,ml/datasets/charts/processed/NVDA/NVDA_20170707_00186.png,0.122615803814714,0.0463215258855584,1
AMZN,2017-07-10,AMZN_20170710_00187,ml/datasets/charts/processed/AMZN/AMZN_20170710_00187.png,0.0136491368928142,-0.002207948615014,0
MSFT,2017-07-10,MSFT_20170710_00187,ml/datasets/charts/processed/MSFT/MSFT_20170710_00187.png,0.04815661617605,0.0001428979708486,1
NVDA,2017-07-10,NVDA_20170710_00187,ml/datasets/charts/processed/NVDA/NVDA_20170710_00187.png,0.0703125000000002,0.015625,1
AMZN,2017-07-11,AMZN_20170711_00188,ml/datasets/charts/processed/AMZN/AMZN_20170711_00188.png,0.0303761818547576,0.012472339569503,1
MSFT,2017-07-11,MSFT_20170711_00188,ml/datasets/charts/processed/MSFT/MSFT_20170711_00188.png,0.0472924703529076,0.0165737962566081,1
NVDA,2017-07-11,NVDA_20170711_00188,ml/datasets/charts/processed/NVDA/NVDA_20170711_00188.png,0.0641025641025643,0.0410256410256408,1
AMZN,2017-07-12,AMZN_20170712_00189,ml/datasets/charts/processed/AMZN/AMZN_20170712_00189.png,0.0200675541426584,-0.0059606596463341,0
MSFT,2017-07-12,MSFT_20170712_00189,ml/datasets/charts/processed/MSFT/MSFT_20170712_00189.png,0.0380885453267743,0.0087139845397046,1
NVDA,2017-07-12,NVDA_20170712_00189,ml/datasets/charts/processed/NVDA/NVDA_20170712_00189.png,0.0172413793103449,-0.0098522167487684,0
AMZN,2017-07-13,AMZN_20170713_00190,ml/datasets/charts/processed/AMZN/AMZN_20170713_00190.png,0.0281830901459123,0.0011992804317408,1
MSFT,2017-07-13,MSFT_20170713_00190,ml/datasets/charts/processed/MSFT/MSFT_20170713_00190.png,0.0341368259718546,0.0140727323394176,1
NVDA,2017-07-13,NVDA_20170713_00190,ml/datasets/charts/processed/NVDA/NVDA_20170713_00190.png,0.0422885572139306,0.0248756218905474,1
AMZN,2017-07-14,AMZN_20170714_00191,ml/datasets/charts/processed/AMZN/AMZN_20170714_00191.png,0.0237572369734477,0.0081852665202635,1
MSFT,2017-07-14,MSFT_20170714_00191,ml/datasets/charts/processed/MSFT/MSFT_20170714_00191.png,0.0138774388568287,0.0078318219291013,1
NVDA,2017-07-14,NVDA_20170714_00191,ml/datasets/charts/processed/NVDA/NVDA_20170714_00191.png,0.0194174757281553,-0.0024271844660194,0
AMZN,2017-07-17,AMZN_20170717_00192,ml/datasets/charts/processed/AMZN/AMZN_20170717_00192.png,0.0287128712871287,0.0142574257425742,1
MSFT,2017-07-17,MSFT_20170717_00192,ml/datasets/charts/processed/MSFT/MSFT_20170717_00192.png,0.0034083162917519,-0.0006816632583502,0
NVDA,2017-07-17,NVDA_20170717_00192,ml/datasets/charts/processed/NVDA/NVDA_20170717_00192.png,0.0097323600973235,0.0097323600973235,1
AMZN,2017-07-18,AMZN_20170718_00193,ml/datasets/charts/processed/AMZN/AMZN_20170718_00193.png,0.0150331901600937,0.0023428348301446,1
MSFT,2017-07-18,MSFT_20170718_00193,ml/datasets/charts/processed/MSFT/MSFT_20170718_00193.png,0.0121418826739427,0.0076398362892224,1
NVDA,2017-07-18,NVDA_20170718_00193,ml/datasets/charts/processed/NVDA/NVDA_20170718_00193.png,-0.0048192771084338,-0.0048192771084338,0
AMZN,2017-07-19,AMZN_20170719_00194,ml/datasets/charts/processed/AMZN/AMZN_20170719_00194.png,0.0253213868328787,0.0019477989871443,1
MSFT,2017-07-19,MSFT_20170719_00194,ml/datasets/charts/processed/MSFT/MSFT_20170719_00194.png,0.0025724343352286,0.0048740861088545,1
NVDA,2017-07-19,NVDA_20170719_00194,ml/datasets/charts/processed/NVDA/NVDA_20170719_00194.png,0.0121065375302662,0.0145278450363197,1
AMZN,2017-07-20,AMZN_20170720_00195,ml/datasets/charts/processed/AMZN/AMZN_20170720_00195.png,0.0167185069984447,-0.0031104199066873,0
MSFT,2017-07-20,MSFT_20170720_00195,ml/datasets/charts/processed/MSFT/MSFT_20170720_00195.png,-0.0142818647264888,-0.0057935866343302,0
NVDA,2017-07-20,NVDA_20170720_00195,ml/datasets/charts/processed/NVDA/NVDA_20170720_00195.png,-0.0357995226730311,0.0023866348448686,1
AMZN,2017-07-21,AMZN_20170721_00196,ml/datasets/charts/processed/AMZN/AMZN_20170721_00196.png,-0.0054602184087363,0.0130655226209048,1
MSFT,2017-07-21,MSFT_20170721_00196,ml/datasets/charts/processed/MSFT/MSFT_20170721_00196.png,-0.0101639788589239,-0.0025748746442608,0
NVDA,2017-07-21,NVDA_20170721_00196,ml/datasets/charts/processed/NVDA/NVDA_20170721_00196.png,-0.0214285714285713,-0.0119047619047618,0
AMZN,2017-07-24,AMZN_20170724_00197,ml/datasets/charts/processed/AMZN/AMZN_20170724_00197.png,-0.0492781520692974,0.0007699711260826,1
MSFT,2017-07-24,MSFT_20170724_00197,ml/datasets/charts/processed/MSFT/MSFT_20170724_00197.png,-0.012228260869565,0.008016304347826,1
NVDA,2017-07-24,NVDA_20170724_00197,ml/datasets/charts/processed/NVDA/NVDA_20170724_00197.png,-0.021686746987952,-0.0048192771084338,0
AMZN,2017-07-25,AMZN_20170725_00198,ml/datasets/charts/processed/AMZN/AMZN_20170725_00198.png,-0.0419311406039623,0.0125024043085208,1
MSFT,2017-07-25,MSFT_20170725_00198,ml/datasets/charts/processed/MSFT/MSFT_20170725_00198.png,-0.0217010378757245,-0.0018870467718021,0
NVDA,2017-07-25,NVDA_20170725_00198,ml/datasets/charts/processed/NVDA/NVDA_20170725_00198.png,-0.0048426150121064,0.0121065375302662,1
AMZN,2017-07-26,AMZN_20170726_00199,ml/datasets/charts/processed/AMZN/AMZN_20170726_00199.png,-0.0541413373860182,-0.0064589665653496,0
MSFT,2017-07-26,MSFT_20170726_00199,ml/datasets/charts/processed/MSFT/MSFT_20170726_00199.png,-0.0241728561782578,-0.0120189061444969,0
NVDA,2017-07-26,NVDA_20170726_00199,ml/datasets/charts/processed/NVDA/NVDA_20170726_00199.png,-0.0167464114832534,-0.0334928229665071,0
AMZN,2017-07-27,AMZN_20170727_00200,ml/datasets/charts/processed/AMZN/AMZN_20170727_00200.png,-0.0564053537284894,-0.0248565965583174,0
MSFT,2017-07-27,MSFT_20170727_00200,ml/datasets/charts/processed/MSFT/MSFT_20170727_00200.png,-0.0138053581191907,-0.0016402405686165,0
NVDA,2017-07-27,NVDA_20170727_00200,ml/datasets/charts/processed/NVDA/NVDA_20170727_00200.png,0.0297029702970297,0.0173267326732673,1
AMZN,2017-07-28,AMZN_20170728_00201,ml/datasets/charts/processed/AMZN/AMZN_20170728_00201.png,-0.0317647058823529,-0.0315686274509804,0
MSFT,2017-07-28,MSFT_20170728_00201,ml/datasets/charts/processed/MSFT/MSFT_20170728_00201.png,-0.0049288061336254,-0.0046549835706463,0
NVDA,2017-07-28,NVDA_20170728_00201,ml/datasets/charts/processed/NVDA/NVDA_20170728_00201.png,0.0170316301703161,-0.0121654501216547,0
AMZN,2017-07-31,AMZN_20170731_00202,ml/datasets/charts/processed/AMZN/AMZN_20170731_00202.png,0.0044543429844097,0.0085037456975096,1
MSFT,2017-07-31,MSFT_20170731_00202,ml/datasets/charts/processed/MSFT/MSFT_20170731_00202.png,-0.0041265474552957,-0.0016506189821183,0
NVDA,2017-07-31,NVDA_20170731_00202,ml/datasets/charts/processed/NVDA/NVDA_20170731_00202.png,0.0615763546798029,0.0123152709359608,1
AMZN,2017-08-01,AMZN_20170801_00203,ml/datasets/charts/processed/AMZN/AMZN_20170801_00203.png,-0.0064244127685203,-0.0004015257980325,0
MSFT,2017-08-01,MSFT_20170801_00203,ml/datasets/charts/processed/MSFT/MSFT_20170801_00203.png,0.0028933590520805,-0.0044089280793606,0
NVDA,2017-08-01,NVDA_20170801_00203,ml/datasets/charts/processed/NVDA/NVDA_20170801_00203.png,0.0364963503649633,0.0,0
AMZN,2017-08-02,AMZN_20170802_00204,ml/datasets/charts/processed/AMZN/AMZN_20170802_00204.png,-0.0138582044587266,-0.0088371158867242,0
MSFT,2017-08-02,MSFT_20170802_00204,ml/datasets/charts/processed/MSFT/MSFT_20170802_00204.png,0.0029061721561027,-0.0015222806531968,0
NVDA,2017-08-02,NVDA_20170802_00204,ml/datasets/charts/processed/NVDA/NVDA_20170802_00204.png,0.0462287104622869,0.0121654501216543,1
AMZN,2017-08-03,AMZN_20170803_00205,ml/datasets/charts/processed/AMZN/AMZN_20170803_00205.png,-0.0303951367781154,0.0006079027355623,1
MSFT,2017-08-03,MSFT_20170803_00205,ml/datasets/charts/processed/MSFT/MSFT_20170803_00205.png,-0.0102564102564103,0.0073458073458072,1
NVDA,2017-08-03,NVDA_20170803_00205,ml/datasets/charts/processed/NVDA/NVDA_20170803_00205.png,-0.0096153846153845,0.0048076923076922,1
AMZN,2017-08-04,AMZN_20170804_00206,ml/datasets/charts/processed/AMZN/AMZN_20170804_00206.png,-0.0198460915350344,0.0046577561765897,1
MSFT,2017-08-04,MSFT_20170804_00206,ml/datasets/charts/processed/MSFT/MSFT_20170804_00206.png,-0.0024766097963677,-0.003852504127683,0
NVDA,2017-08-04,NVDA_20170804_00206,ml/datasets/charts/processed/NVDA/NVDA_20170804_00206.png,-0.0669856459330142,0.0311004784688995,1
AMZN,2017-08-07,AMZN_20170807_00207,ml/datasets/charts/processed/AMZN/AMZN_20170807_00207.png,-0.0090707518645435,-0.0024188671638781,0
MSFT,2017-08-07,MSFT_20170807_00207,ml/datasets/charts/processed/MSFT/MSFT_20170807_00207.png,0.0164364640883978,0.0053867403314917,1
NVDA,2017-08-07,NVDA_20170807_00207,ml/datasets/charts/processed/NVDA/NVDA_20170807_00207.png,-0.0232018561484917,-0.0116009280742459,0
AMZN,2017-08-08,AMZN_20170808_00208,ml/datasets/charts/processed/AMZN/AMZN_20170808_00208.png,-0.007072135785007,-0.0078803798747222,0
MSFT,2017-08-08,MSFT_20170808_00208,ml/datasets/charts/processed/MSFT/MSFT_20170808_00208.png,0.0059074048633052,-0.0043962082703669,0
NVDA,2017-08-08,NVDA_20170808_00208,ml/datasets/charts/processed/NVDA/NVDA_20170808_00208.png,-0.0211267605633802,0.0093896713615022,1
AMZN,2017-08-09,AMZN_20170809_00209,ml/datasets/charts/processed/AMZN/AMZN_20170809_00209.png,-0.0038696537678208,-0.0254582484725051,0
MSFT,2017-08-09,MSFT_20170809_00209,ml/datasets/charts/processed/MSFT/MSFT_20170809_00209.png,0.0162825996964262,-0.0146267421001794,0
NVDA,2017-08-09,NVDA_20170809_00209,ml/datasets/charts/processed/NVDA/NVDA_20170809_00209.png,-0.0395348837209301,-0.041860465116279,0
AMZN,2017-08-10,AMZN_20170810_00210,ml/datasets/charts/processed/AMZN/AMZN_20170810_00210.png,0.0037617554858933,0.011494252873563,1
MSFT,2017-08-10,MSFT_20170810_00210,ml/datasets/charts/processed/MSFT/MSFT_20170810_00210.png,0.0138636045371798,0.0152639686318443,1
NVDA,2017-08-10,NVDA_20170810_00210,ml/datasets/charts/processed/NVDA/NVDA_20170810_00210.png,-0.0194174757281553,-0.0533980582524272,0
AMZN,2017-08-11,AMZN_20170811_00211,ml/datasets/charts/processed/AMZN/AMZN_20170811_00211.png,-0.0099173553719007,0.0157024793388429,1
MSFT,2017-08-11,MSFT_20170811_00211,ml/datasets/charts/processed/MSFT/MSFT_20170811_00211.png,-0.0001379310344827,0.0150344827586206,1
NVDA,2017-08-11,NVDA_20170811_00211,ml/datasets/charts/processed/NVDA/NVDA_20170811_00211.png,0.0358974358974359,0.0794871794871794,1
AMZN,2017-08-14,AMZN_20170814_00212,ml/datasets/charts/processed/AMZN/AMZN_20170814_00212.png,-0.0305126118795768,-0.0004068348250609,0
MSFT,2017-08-14,MSFT_20170814_00212,ml/datasets/charts/processed/MSFT/MSFT_20170814_00212.png,-0.0195678760701182,-0.0050278570457943,0
NVDA,2017-08-14,NVDA_20170814_00212,ml/datasets/charts/processed/NVDA/NVDA_20170814_00212.png,-0.0546318289786222,-0.009501187648456,0
AMZN,2017-08-15,AMZN_20170815_00213,ml/datasets/charts/processed/AMZN/AMZN_20170815_00213.png,-0.0162800162800161,-0.0046805046805047,0
MSFT,2017-08-15,MSFT_20170815_00213,ml/datasets/charts/processed/MSFT/MSFT_20170815_00213.png,-0.0008194482381863,0.0058727123736685,1
NVDA,2017-08-15,NVDA_20170815_00213,ml/datasets/charts/processed/NVDA/NVDA_20170815_00213.png,-0.026378896882494,-0.0095923261390887,0
AMZN,2017-08-16,AMZN_20170816_00214,ml/datasets/charts/processed/AMZN/AMZN_20170816_00214.png,-0.0206501737885912,-0.0179922306276834,0
MSFT,2017-08-16,MSFT_20170816_00214,ml/datasets/charts/processed/MSFT/MSFT_20170816_00214.png,-0.0126272912423626,-0.0169721656483367,0
NVDA,2017-08-16,NVDA_20170816_00214,ml/datasets/charts/processed/NVDA/NVDA_20170816_00214.png,0.0024213075060532,-0.0217917675544794,0
AMZN,2017-08-17,AMZN_20170817_00215,ml/datasets/charts/processed/AMZN/AMZN_20170817_00215.png,-0.0085363314595044,-0.0022902352696231,0
MSFT,2017-08-17,MSFT_20170817_00215,ml/datasets/charts/processed/MSFT/MSFT_20170817_00215.png,0.0040055248618784,0.0012430939226517,1
NVDA,2017-08-17,NVDA_20170817_00215,ml/datasets/charts/processed/NVDA/NVDA_20170817_00215.png,0.0222772277227722,0.0,0
AMZN,2017-08-18,AMZN_20170818_00216,ml/datasets/charts/processed/AMZN/AMZN_20170818_00216.png,-0.0137729549248748,-0.0054257095158598,0
MSFT,2017-08-18,MSFT_20170818_00216,ml/datasets/charts/processed/MSFT/MSFT_20170818_00216.png,0.0045523520485584,-0.0046903021106358,0
NVDA,2017-08-18,NVDA_20170818_00216,ml/datasets/charts/processed/NVDA/NVDA_20170818_00216.png,0.0148514851485148,-0.0148514851485148,0
AMZN,2017-08-21,AMZN_20170821_00217,ml/datasets/charts/processed/AMZN/AMZN_20170821_00217.png,-0.0075535039865715,0.0142677297524129,1
MSFT,2017-08-21,MSFT_20170821_00217,ml/datasets/charts/processed/MSFT/MSFT_20170821_00217.png,0.0094248094248092,0.0139986139986139,1
NVDA,2017-08-21,NVDA_20170821_00217,ml/datasets/charts/processed/NVDA/NVDA_20170821_00217.png,0.0351758793969849,0.0201005025125626,1
AMZN,2017-08-22,AMZN_20170822_00218,ml/datasets/charts/processed/AMZN/AMZN_20170822_00218.png,-0.0132395531650807,-0.0091021928009931,0
MSFT,2017-08-22,MSFT_20170822_00218,ml/datasets/charts/processed/MSFT/MSFT_20170822_00218.png,-0.0015035538545653,-0.0060142154182613,0
NVDA,2017-08-22,NVDA_20170822_00218,ml/datasets/charts/processed/NVDA/NVDA_20170822_00218.png,0.0147783251231528,0.0197044334975369,1
AMZN,2017-08-23,AMZN_20170823_00219,ml/datasets/charts/processed/AMZN/AMZN_20170823_00219.png,0.0100208768267224,-0.0058455114822547,0
MSFT,2017-08-23,MSFT_20170823_00219,ml/datasets/charts/processed/MSFT/MSFT_20170823_00219.png,0.0177392739273927,-0.0004125412541253,0
NVDA,2017-08-23,NVDA_20170823_00219,ml/datasets/charts/processed/NVDA/NVDA_20170823_00219.png,0.0,-0.0024154589371979,0
AMZN,2017-08-24,AMZN_20170824_00220,ml/datasets/charts/processed/AMZN/AMZN_20170824_00220.png,0.0296094078118438,-0.0075598488030239,0
MSFT,2017-08-24,MSFT_20170824_00220,ml/datasets/charts/processed/MSFT/MSFT_20170824_00220.png,0.0286146650158205,0.0017884165634887,1
NVDA,2017-08-24,NVDA_20170824_00220,ml/datasets/charts/processed/NVDA/NVDA_20170824_00220.png,0.026634382566586,-0.0072639225181598,0
AMZN,2017-08-25,AMZN_20170825_00221,ml/datasets/charts/processed/AMZN/AMZN_20170825_00221.png,0.034913245873889,0.0008463817181547,1
MSFT,2017-08-25,MSFT_20170825_00221,ml/datasets/charts/processed/MSFT/MSFT_20170825_00221.png,0.0153803900027464,0.0001373249107388,1
NVDA,2017-08-25,NVDA_20170825_00221,ml/datasets/charts/processed/NVDA/NVDA_20170825_00221.png,0.0390243902439024,0.0048780487804878,1
AMZN,2017-08-28,AMZN_20170828_00222,ml/datasets/charts/processed/AMZN/AMZN_20170828_00222.png,0.0202959830866806,0.0084566596194504,1
MSFT,2017-08-28,MSFT_20170828_00222,ml/datasets/charts/processed/MSFT/MSFT_20170828_00222.png,0.0107098723053686,0.0030207332143348,1
NVDA,2017-08-28,NVDA_20170828_00222,ml/datasets/charts/processed/NVDA/NVDA_20170828_00222.png,0.0072815533980583,0.0,0
AMZN,2017-08-29,AMZN_20170829_00223,ml/datasets/charts/processed/AMZN/AMZN_20170829_00223.png,0.0144654088050313,0.0142557651991614,1
MSFT,2017-08-29,MSFT_20170829_00223,ml/datasets/charts/processed/MSFT/MSFT_20170829_00223.png,0.0047912388774813,0.0131416837782341,1
NVDA,2017-08-29,NVDA_20170829_00223,ml/datasets/charts/processed/NVDA/NVDA_20170829_00223.png,0.0072815533980583,0.0048543689320388,1
AMZN,2017-08-30,AMZN_20170830_00224,ml/datasets/charts/processed/AMZN/AMZN_20170830_00224.png,0.0121951219512195,0.0134353038445638,1
MSFT,2017-08-30,MSFT_20170830_00224,ml/datasets/charts/processed/MSFT/MSFT_20170830_00224.png,0.0044588569112282,0.0102688825834345,1
NVDA,2017-08-30,NVDA_20170830_00224,ml/datasets/charts/processed/NVDA/NVDA_20170830_00224.png,0.0048309178743961,0.0241545893719807,1
AMZN,2017-08-31,AMZN_20170831_00225,ml/datasets/charts/processed/AMZN/AMZN_20170831_00225.png,-0.0148888435651642,-0.0024474811339997,0
MSFT,2017-08-31,MSFT_20170831_00225,ml/datasets/charts/processed/MSFT/MSFT_20170831_00225.png,-0.0105657349204225,-0.011100708840444,0
NVDA,2017-08-31,NVDA_20170831_00225,ml/datasets/charts/processed/NVDA/NVDA_20170831_00225.png,-0.0353773584905661,0.0047169811320753,1
AMZN,2017-09-01,AMZN_20170901_00226,ml/datasets/charts/processed/AMZN/AMZN_20170901_00226.png,-0.0002044571662236,-0.0132897158045389,0
MSFT,2017-09-01,MSFT_20170901_00226,ml/datasets/charts/processed/MSFT/MSFT_20170901_00226.png,0.0110900730321883,-0.0044630781714903,0
NVDA,2017-09-01,NVDA_20170901_00226,ml/datasets/charts/processed/NVDA/NVDA_20170901_00226.png,-0.0093896713615023,-0.0258215962441312,0
AMZN,2017-09-05,AMZN_20170905_00227,ml/datasets/charts/processed/AMZN/AMZN_20170905_00227.png,0.0180273518441773,0.0026937422295898,1
MSFT,2017-09-05,MSFT_20170905_00227,ml/datasets/charts/processed/MSFT/MSFT_20170905_00227.png,0.0145360684689581,-0.0028528732509168,0
NVDA,2017-09-05,NVDA_20170905_00227,ml/datasets/charts/processed/NVDA/NVDA_20170905_00227.png,0.0216867469879518,0.0,0
AMZN,2017-09-06,AMZN_20170906_00228,ml/datasets/charts/processed/AMZN/AMZN_20170906_00228.png,0.0328580285182888,0.011985947509816,1
MSFT,2017-09-06,MSFT_20170906_00228,ml/datasets/charts/processed/MSFT/MSFT_20170906_00228.png,0.0246594005449589,0.0128065395095366,1
NVDA,2017-09-06,NVDA_20170906_00228,ml/datasets/charts/processed/NVDA/NVDA_20170906_00228.png,0.0265060240963854,0.0024096385542167,1
AMZN,2017-09-07,AMZN_20170907_00229,ml/datasets/charts/processed/AMZN/AMZN_20170907_00229.png,0.0130692260567695,-0.0136818460281805,0
MSFT,2017-09-07,MSFT_20170907_00229,ml/datasets/charts/processed/MSFT/MSFT_20170907_00229.png,0.0057842345977938,-0.0048426150121064,0
NVDA,2017-09-07,NVDA_20170907_00229,ml/datasets/charts/processed/NVDA/NVDA_20170907_00229.png,0.0192307692307691,-0.0168269230769231,0
AMZN,2017-09-08,AMZN_20170908_00230,ml/datasets/charts/processed/AMZN/AMZN_20170908_00230.png,0.0215320910973086,0.0124223602484472,1
MSFT,2017-09-08,MSFT_20170908_00230,ml/datasets/charts/processed/MSFT/MSFT_20170908_00230.png,0.0179778318464449,0.0105433901054339,1
NVDA,2017-09-08,NVDA_20170908_00230,ml/datasets/charts/processed/NVDA/NVDA_20170908_00230.png,0.1002444987775061,0.0317848410757946,1
AMZN,2017-09-11,AMZN_20170911_00231,ml/datasets/charts/processed/AMZN/AMZN_20170911_00231.png,-0.003885480572597,0.0047034764826177,1
MSFT,2017-09-11,MSFT_20170911_00231,ml/datasets/charts/processed/MSFT/MSFT_20170911_00231.png,0.0053504547886569,-0.0010700909577313,0
NVDA,2017-09-11,NVDA_20170911_00231,ml/datasets/charts/processed/NVDA/NVDA_20170911_00231.png,0.1113744075829386,0.0047393364928911,1
AMZN,2017-09-12,AMZN_20170912_00232,ml/datasets/charts/processed/AMZN/AMZN_20170912_00232.png,-0.0130266639527784,0.0173010380622835,1
MSFT,2017-09-12,MSFT_20170912_00232,ml/datasets/charts/processed/MSFT/MSFT_20170912_00232.png,0.0101767541510442,0.0070969469737545,1
NVDA,2017-09-12,NVDA_20170912_00232,ml/datasets/charts/processed/NVDA/NVDA_20170912_00232.png,0.1037735849056602,0.0047169811320753,1
AMZN,2017-09-13,AMZN_20170913_00233,ml/datasets/charts/processed/AMZN/AMZN_20170913_00233.png,-0.0264105642256903,-0.0074029611844737,0
MSFT,2017-09-13,MSFT_20170913_00233,ml/datasets/charts/processed/MSFT/MSFT_20170913_00233.png,-0.0035899481451934,-0.0058502858662411,0
NVDA,2017-09-13,NVDA_20170913_00233,ml/datasets/charts/processed/NVDA/NVDA_20170913_00233.png,0.0915492957746479,-0.004694835680751,0
AMZN,2017-09-14,AMZN_20170914_00234,ml/datasets/charts/processed/AMZN/AMZN_20170914_00234.png,-0.0278169723845999,-0.0054424511187259,0
MSFT,2017-09-14,MSFT_20170914_00234,ml/datasets/charts/processed/MSFT/MSFT_20170914_00234.png,-0.0074896348802996,0.0072221479202889,1
NVDA,2017-09-14,NVDA_20170914_00234,ml/datasets/charts/processed/NVDA/NVDA_20170914_00234.png,0.0660377358490564,0.0613207547169811,1
AMZN,2017-09-15,AMZN_20170915_00235,ml/datasets/charts/processed/AMZN/AMZN_20170915_00235.png,-0.0320226996351845,-0.0127685447912444,0
MSFT,2017-09-15,MSFT_20170915_00235,ml/datasets/charts/processed/MSFT/MSFT_20170915_00235.png,-0.011950604169433,-0.0019917673615722,0
NVDA,2017-09-15,NVDA_20170915_00235,ml/datasets/charts/processed/NVDA/NVDA_20170915_00235.png,-0.0066666666666667,0.0422222222222223,1
AMZN,2017-09-18,AMZN_20170918_00236,ml/datasets/charts/processed/AMZN/AMZN_20170918_00236.png,-0.0353110244303017,-0.0045165263806199,0
MSFT,2017-09-18,MSFT_20170918_00236,ml/datasets/charts/processed/MSFT/MSFT_20170918_00236.png,-0.0252794039382648,0.0037253858435337,1
NVDA,2017-09-18,NVDA_20170918_00236,ml/datasets/charts/processed/NVDA/NVDA_20170918_00236.png,-0.0874200426439232,-0.002132196162047,0
AMZN,2017-09-19,AMZN_20170919_00237,ml/datasets/charts/processed/AMZN/AMZN_20170919_00237.png,-0.032171581769437,0.0035058775005154,1
MSFT,2017-09-19,MSFT_20170919_00237,ml/datasets/charts/processed/MSFT/MSFT_20170919_00237.png,-0.0288971367974548,-0.006627783669141,0
NVDA,2017-09-19,NVDA_20170919_00237,ml/datasets/charts/processed/NVDA/NVDA_20170919_00237.png,-0.0811965811965811,-0.0064102564102562,0
AMZN,2017-09-20,AMZN_20170920_00238,ml/datasets/charts/processed/AMZN/AMZN_20170920_00238.png,-0.0230168516235099,-0.0088368269625975,0
MSFT,2017-09-20,MSFT_20170920_00238,ml/datasets/charts/processed/MSFT/MSFT_20170920_00238.png,-0.0145449693087803,-0.0097411262343208,0
NVDA,2017-09-20,NVDA_20170920_00238,ml/datasets/charts/processed/NVDA/NVDA_20170920_00238.png,-0.0559139784946237,-0.027956989247312,0
AMZN,2017-09-21,AMZN_20170921_00239,ml/datasets/charts/processed/AMZN/AMZN_20170921_00239.png,-0.0085009330292348,-0.0097449720091229,0
MSFT,2017-09-21,MSFT_20170921_00239,ml/datasets/charts/processed/MSFT/MSFT_20170921_00239.png,-0.0045815927772535,0.0026950545748551,1
NVDA,2017-09-21,NVDA_20170921_00239,ml/datasets/charts/processed/NVDA/NVDA_20170921_00239.png,-0.0287610619469026,-0.0110619469026548,0
AMZN,2017-09-22,AMZN_20170922_00240,ml/datasets/charts/processed/AMZN/AMZN_20170922_00240.png,0.0064907872696817,-0.0161222780569513,0
MSFT,2017-09-22,MSFT_20170922_00240,ml/datasets/charts/processed/MSFT/MSFT_20170922_00240.png,0.0010751243112485,-0.0154549119741969,0
NVDA,2017-09-22,NVDA_20170922_00240,ml/datasets/charts/processed/NVDA/NVDA_20170922_00240.png,0.0,-0.0425055928411631,0
AMZN,2017-09-25,AMZN_20170925_00241,ml/datasets/charts/processed/AMZN/AMZN_20170925_00241.png,0.0206426899340284,-0.0012768674185997,0
MSFT,2017-09-25,MSFT_20170925_00241,ml/datasets/charts/processed/MSFT/MSFT_20170925_00241.png,0.0184275184275184,0.0,0
NVDA,2017-09-25,NVDA_20170925_00241,ml/datasets/charts/processed/NVDA/NVDA_20170925_00241.png,0.0443925233644859,0.0046728971962615,1
AMZN,2017-09-26,AMZN_20170926_00242,ml/datasets/charts/processed/AMZN/AMZN_20170926_00242.png,0.019603665033028,0.0129980822501598,1
MSFT,2017-09-26,MSFT_20170926_00242,ml/datasets/charts/processed/MSFT/MSFT_20170926_00242.png,0.0136500136500137,0.0080535080535077,1
NVDA,2017-09-26,NVDA_20170926_00242,ml/datasets/charts/processed/NVDA/NVDA_20170926_00242.png,0.0418604651162792,0.0209302325581395,1
AMZN,2017-09-27,AMZN_20170927_00243,ml/datasets/charts/processed/AMZN/AMZN_20170927_00243.png,0.0153554901135886,0.0058897770298695,1
MSFT,2017-09-27,MSFT_20170927_00243,ml/datasets/charts/processed/MSFT/MSFT_20170927_00243.png,0.0113744075829385,0.0002708192281652,1
NVDA,2017-09-27,NVDA_20170927_00243,ml/datasets/charts/processed/NVDA/NVDA_20170927_00243.png,0.0296127562642369,0.0,0
AMZN,2017-09-28,AMZN_20170928_00244,ml/datasets/charts/processed/AMZN/AMZN_20170928_00244.png,0.0255123379339188,0.0052279381012128,1
MSFT,2017-09-28,MSFT_20170928_00244,ml/datasets/charts/processed/MSFT/MSFT_20170928_00244.png,0.0284283200216595,0.0083931230540137,1
NVDA,2017-09-28,NVDA_20170928_00244,ml/datasets/charts/processed/NVDA/NVDA_20170928_00244.png,0.0296127562642369,0.0182232346241457,1
AMZN,2017-09-29,AMZN_20170929_00245,ml/datasets/charts/processed/AMZN/AMZN_20170929_00245.png,0.0293322238402329,-0.0022883295194507,0
MSFT,2017-09-29,MSFT_20170929_00245,ml/datasets/charts/processed/MSFT/MSFT_20170929_00245.png,0.0202711773392403,0.0016109544905356,1
NVDA,2017-09-29,NVDA_20170929_00245,ml/datasets/charts/processed/NVDA/NVDA_20170929_00245.png,0.0134228187919465,0.0,0
AMZN,2017-10-02,AMZN_20171002_00246,ml/datasets/charts/processed/AMZN/AMZN_20171002_00246.png,0.0331526271893243,-0.0022935779816514,0
MSFT,2017-10-02,MSFT_20171002_00246,ml/datasets/charts/processed/MSFT/MSFT_20171002_00246.png,0.0225170888620829,-0.0046910601796005,0
NVDA,2017-10-02,NVDA_20171002_00246,ml/datasets/charts/processed/NVDA/NVDA_20171002_00246.png,0.0357941834451902,0.0022371364653246,1
AMZN,2017-10-03,AMZN_20171003_00247,ml/datasets/charts/processed/AMZN/AMZN_20171003_00247.png,0.031556948798328,0.0087774294670845,1
MSFT,2017-10-03,MSFT_20171003_00247,ml/datasets/charts/processed/MSFT/MSFT_20171003_00247.png,0.0273363856719632,0.0057904659305143,1
NVDA,2017-10-03,NVDA_20171003_00247,ml/datasets/charts/processed/NVDA/NVDA_20171003_00247.png,0.0535714285714283,0.0089285714285711,1
AMZN,2017-10-04,AMZN_20171004_00248,ml/datasets/charts/processed/AMZN/AMZN_20171004_00248.png,0.0306608659622953,0.0159519370209237,1
MSFT,2017-10-04,MSFT_20171004_00248,ml/datasets/charts/processed/MSFT/MSFT_20171004_00248.png,0.0231624046057037,0.0171375016735841,1
NVDA,2017-10-04,NVDA_20171004_00248,ml/datasets/charts/processed/NVDA/NVDA_20171004_00248.png,0.0553097345132742,0.0,0
AMZN,2017-10-05,AMZN_20171005_00249,ml/datasets/charts/processed/AMZN/AMZN_20171005_00249.png,0.0205954323001631,0.0089722675367047,1
MSFT,2017-10-05,MSFT_20171005_00249,ml/datasets/charts/processed/MSFT/MSFT_20171005_00249.png,0.0151375542977492,0.0003948927208108,1
NVDA,2017-10-05,NVDA_20171005_00249,ml/datasets/charts/processed/NVDA/NVDA_20171005_00249.png,0.0575221238938055,0.002212389380531,1
AMZN,2017-10-06,AMZN_20171006_00250,ml/datasets/charts/processed/AMZN/AMZN_20171006_00250.png,0.0135408245755861,0.0014147130153596,1
MSFT,2017-10-06,MSFT_20171006_00250,ml/datasets/charts/processed/MSFT/MSFT_20171006_00250.png,0.0196052631578946,0.0038157894736843,1
NVDA,2017-10-06,NVDA_20171006_00250,ml/datasets/charts/processed/NVDA/NVDA_20171006_00250.png,0.0728476821192052,0.0220750551876378,1
AMZN,2017-10-09,AMZN_20171009_00251,ml/datasets/charts/processed/AMZN/AMZN_20171009_00251.png,0.0155398587285571,-0.0038345105953582,0
MSFT,2017-10-09,MSFT_20171009_00251,ml/datasets/charts/processed/MSFT/MSFT_20171009_00251.png,0.0178267138550267,0.0,0
NVDA,2017-10-09,NVDA_20171009_00251,ml/datasets/charts/processed/NVDA/NVDA_20171009_00251.png,0.0691144708423325,0.019438444924406,1
AMZN,2017-10-10,AMZN_20171010_00252,ml/datasets/charts/processed/AMZN/AMZN_20171010_00252.png,0.0222852512155591,0.00790113452188,1
MSFT,2017-10-10,MSFT_20171010_00252,ml/datasets/charts/processed/MSFT/MSFT_20171010_00252.png,0.0170402411849521,0.0017040241184951,1
NVDA,2017-10-10,NVDA_20171010_00252,ml/datasets/charts/processed/NVDA/NVDA_20171010_00252.png,0.0466101694915255,0.0105932203389829,1
AMZN,2017-10-11,AMZN_20171011_00253,ml/datasets/charts/processed/AMZN/AMZN_20171011_00253.png,0.0020100502512563,0.0060301507537687,1
MSFT,2017-10-11,MSFT_20171011_00253,ml/datasets/charts/processed/MSFT/MSFT_20171011_00253.png,0.0155718398325046,0.0091599057838263,1
NVDA,2017-10-11,NVDA_20171011_00253,ml/datasets/charts/processed/NVDA/NVDA_20171011_00253.png,0.0356394129979036,0.0020964360587003,1
AMZN,2017-10-12,AMZN_20171012_00254,ml/datasets/charts/processed/AMZN/AMZN_20171012_00254.png,-0.0143856143856143,0.0019980019980019,1
MSFT,2017-10-12,MSFT_20171012_00254,ml/datasets/charts/processed/MSFT/MSFT_20171012_00254.png,0.0102437759336098,0.0047977178423235,1
NVDA,2017-10-12,NVDA_20171012_00254,ml/datasets/charts/processed/NVDA/NVDA_20171012_00254.png,0.0355648535564854,0.0167364016736402,1
AMZN,2017-10-13,AMZN_20171013_00255,ml/datasets/charts/processed/AMZN/AMZN_20171013_00255.png,-0.0199401794616151,0.0033898305084745,1
MSFT,2017-10-13,MSFT_20171013_00255,ml/datasets/charts/processed/MSFT/MSFT_20171013_00255.png,0.0170344560588464,0.0020647825525874,1
NVDA,2017-10-13,NVDA_20171013_00255,ml/datasets/charts/processed/NVDA/NVDA_20171013_00255.png,0.0123456790123455,0.0185185185185183,1
AMZN,2017-10-16,AMZN_20171016_00256,ml/datasets/charts/processed/AMZN/AMZN_20171016_00256.png,-0.0399443561208266,0.0027821939586645,1
MSFT,2017-10-16,MSFT_20171016_00256,ml/datasets/charts/processed/MSFT/MSFT_20171016_00256.png,0.0151963940759818,-0.0007726980038634,0
NVDA,2017-10-16,NVDA_20171016_00256,ml/datasets/charts/processed/NVDA/NVDA_20171016_00256.png,-0.0060606060606061,-0.0020202020202019,0
AMZN,2017-10-17,AMZN_20171017_00257,ml/datasets/charts/processed/AMZN/AMZN_20171017_00257.png,-0.0328973444312327,-0.0120887831946095,0
MSFT,2017-10-17,MSFT_20171017_00257,ml/datasets/charts/processed/MSFT/MSFT_20171017_00257.png,0.0163680886712205,0.0002577651759245,1
NVDA,2017-10-17,NVDA_20171017_00257,ml/datasets/charts/processed/NVDA/NVDA_20171017_00257.png,0.0060728744939269,0.0,0
AMZN,2017-10-18,AMZN_20171018_00258,ml/datasets/charts/processed/AMZN/AMZN_20171018_00258.png,-0.0240722166499498,-0.0104312938816449,0
MSFT,2017-10-18,MSFT_20171018_00258,ml/datasets/charts/processed/MSFT/MSFT_20171018_00258.png,0.0131426362582141,0.0038654812524159,1
NVDA,2017-10-18,NVDA_20171018_00258,ml/datasets/charts/processed/NVDA/NVDA_20171018_00258.png,-0.0202429149797571,0.0020242914979755,1
AMZN,2017-10-19,AMZN_20171019_00259,ml/datasets/charts/processed/AMZN/AMZN_20171019_00259.png,-0.0143928643827285,-0.0036488951956212,0
MSFT,2017-10-19,MSFT_20171019_00259,ml/datasets/charts/processed/MSFT/MSFT_20171019_00259.png,0.0109100243871134,0.0115517905275317,1
NVDA,2017-10-19,NVDA_20171019_00259,ml/datasets/charts/processed/NVDA/NVDA_20171019_00259.png,-0.0121212121212122,-0.0060606060606061,0
AMZN,2017-10-20,AMZN_20171020_00260,ml/datasets/charts/processed/AMZN/AMZN_20171020_00260.png,0.1200406917599186,-0.0170905391658188,0
MSFT,2017-10-20,MSFT_20171020_00260,ml/datasets/charts/processed/MSFT/MSFT_20171020_00260.png,0.0634437254155564,0.0002537749016622,1
NVDA,2017-10-20,NVDA_20171020_00260,ml/datasets/charts/processed/NVDA/NVDA_20171020_00260.png,0.0264227642276422,0.0,0
AMZN,2017-10-23,AMZN_20171023_00261,ml/datasets/charts/processed/AMZN/AMZN_20171023_00261.png,0.1496584558062512,0.010142827571931,1
MSFT,2017-10-23,MSFT_20171023_00261,ml/datasets/charts/processed/MSFT/MSFT_20171023_00261.png,0.0641887606241278,0.0003805657744513,1
NVDA,2017-10-23,NVDA_20171023_00261,ml/datasets/charts/processed/NVDA/NVDA_20171023_00261.png,0.0365853658536585,0.0101626016260161,1
AMZN,2017-10-24,AMZN_20171024_00262,ml/datasets/charts/processed/AMZN/AMZN_20171024_00262.png,0.132377049180328,-0.0030737704918032,0
MSFT,2017-10-24,MSFT_20171024_00262,ml/datasets/charts/processed/MSFT/MSFT_20171024_00262.png,0.0547806238904389,-0.0029165609941669,0
NVDA,2017-10-24,NVDA_20171024_00262,ml/datasets/charts/processed/NVDA/NVDA_20171024_00262.png,0.0402414486921529,-0.0261569416498993,0
AMZN,2017-10-25,AMZN_20171025_00263,ml/datasets/charts/processed/AMZN/AMZN_20171025_00263.png,0.134224049331963,-0.0006166495375128,0
MSFT,2017-10-25,MSFT_20171025_00263,ml/datasets/charts/processed/MSFT/MSFT_20171025_00263.png,0.0578659544703041,0.0016533129848659,1
NVDA,2017-10-25,NVDA_20171025_00263,ml/datasets/charts/processed/NVDA/NVDA_20171025_00263.png,0.0702479338842974,0.0103305785123966,1
AMZN,2017-10-26,AMZN_20171026_00264,ml/datasets/charts/processed/AMZN/AMZN_20171026_00264.png,0.1252570958453311,0.132250102838338,1
MSFT,2017-10-26,MSFT_20171026_00264,ml/datasets/charts/processed/MSFT/MSFT_20171026_00264.png,0.0671660741493143,0.0641188420518028,1
NVDA,2017-10-26,NVDA_20171026_00264,ml/datasets/charts/processed/NVDA/NVDA_20171026_00264.png,0.0531697341513293,0.0327198364008181,1
AMZN,2017-10-27,AMZN_20171027_00265,ml/datasets/charts/processed/AMZN/AMZN_20171027_00265.png,0.0096276112624886,0.0089009990917348,1
MSFT,2017-10-27,MSFT_20171027_00265,ml/datasets/charts/processed/MSFT/MSFT_20171027_00265.png,0.0039374776279679,0.0009545400310224,1
NVDA,2017-10-27,NVDA_20171027_00265,ml/datasets/charts/processed/NVDA/NVDA_20171027_00265.png,0.0336633663366336,0.0099009900990099,1
AMZN,2017-10-30,AMZN_20171030_00266,ml/datasets/charts/processed/AMZN/AMZN_20171030_00266.png,0.0088224702916817,-0.0050414115952467,0
MSFT,2017-10-30,MSFT_20171030_00266,ml/datasets/charts/processed/MSFT/MSFT_20171030_00266.png,0.0069138157110502,-0.0084634640600785,0
NVDA,2017-10-30,NVDA_20171030_00266,ml/datasets/charts/processed/NVDA/NVDA_20171030_00266.png,0.0274509803921569,0.0137254901960783,1
AMZN,2017-10-31,AMZN_20171031_00267,ml/datasets/charts/processed/AMZN/AMZN_20171031_00267.png,0.01628664495114,-0.0014477017734346,0
MSFT,2017-10-31,MSFT_20171031_00267,ml/datasets/charts/processed/MSFT/MSFT_20171031_00267.png,0.0131041115652799,0.0,0
NVDA,2017-10-31,NVDA_20171031_00267,ml/datasets/charts/processed/NVDA/NVDA_20171031_00267.png,0.0251450676982591,0.0019342359767891,1
AMZN,2017-11-01,AMZN_20171101_00268,ml/datasets/charts/processed/AMZN/AMZN_20171101_00268.png,0.0264588619064878,-0.0085175788329104,0
MSFT,2017-11-01,MSFT_20171101_00268,ml/datasets/charts/processed/MSFT/MSFT_20171101_00268.png,0.0165905265688866,0.0104592450108198,1
NVDA,2017-11-01,NVDA_20171101_00268,ml/datasets/charts/processed/NVDA/NVDA_20171101_00268.png,0.0096525096525097,-0.0057915057915056,0
AMZN,2017-11-02,AMZN_20171102_00269,ml/datasets/charts/processed/AMZN/AMZN_20171102_00269.png,0.0319868397002376,0.0159020288795466,1
MSFT,2017-11-02,MSFT_20171102_00269,ml/datasets/charts/processed/MSFT/MSFT_20171102_00269.png,0.0004759071980964,0.0010707911957168,1
NVDA,2017-11-02,NVDA_20171102_00269,ml/datasets/charts/processed/NVDA/NVDA_20171102_00269.png,-0.0038834951456311,0.0135922330097086,1
AMZN,2017-11-03,AMZN_20171103_00270,ml/datasets/charts/processed/AMZN/AMZN_20171103_00270.png,0.0124145376034545,0.0080964375674703,1
MSFT,2017-11-03,MSFT_20171103_00270,ml/datasets/charts/processed/MSFT/MSFT_20171103_00270.png,-0.0032089374851437,0.0039220347040647,1
NVDA,2017-11-03,NVDA_20171103_00270,ml/datasets/charts/processed/NVDA/NVDA_20171103_00270.png,0.0344827586206897,0.0038314176245211,1
AMZN,2017-11-06,AMZN_20171106_00271,ml/datasets/charts/processed/AMZN/AMZN_20171106_00271.png,0.007674460110655,0.0023201856148491,1
MSFT,2017-11-06,MSFT_20171106_00271,ml/datasets/charts/processed/MSFT/MSFT_20171106_00271.png,-0.006392802178288,-0.002367704510477,0
NVDA,2017-11-06,NVDA_20171106_00271,ml/datasets/charts/processed/NVDA/NVDA_20171106_00271.png,0.0152671755725191,0.0114503816793891,1
AMZN,2017-11-07,AMZN_20171107_00272,ml/datasets/charts/processed/AMZN/AMZN_20171107_00272.png,0.0121082621082622,0.0085470085470085,1
MSFT,2017-11-07,MSFT_20171107_00272,ml/datasets/charts/processed/MSFT/MSFT_20171107_00272.png,-0.0026106562240417,0.0034413195680551,1
NVDA,2017-11-07,NVDA_20171107_00272,ml/datasets/charts/processed/NVDA/NVDA_20171107_00272.png,0.0094339622641508,-0.0132075471698112,0
AMZN,2017-11-08,AMZN_20171108_00273,ml/datasets/charts/processed/AMZN/AMZN_20171108_00273.png,-0.0054731638418079,-0.0031779661016949,0
MSFT,2017-11-08,MSFT_20171108_00273,ml/datasets/charts/processed/MSFT/MSFT_20171108_00273.png,-0.0186849574266793,-0.0055581835383159,0
NVDA,2017-11-08,NVDA_20171108_00273,ml/datasets/charts/processed/NVDA/NVDA_20171108_00273.png,0.0038240917782026,-0.0191204588910134,0
AMZN,2017-11-09,AMZN_20171109_00274,ml/datasets/charts/processed/AMZN/AMZN_20171109_00274.png,0.0070846617074034,-0.0033652143110166,0
MSFT,2017-11-09,MSFT_20171109_00274,ml/datasets/charts/processed/MSFT/MSFT_20171109_00274.png,-0.0105838982043049,-0.0026162444999405,0
NVDA,2017-11-09,NVDA_20171109_00274,ml/datasets/charts/processed/NVDA/NVDA_20171109_00274.png,0.0311890838206627,0.0526315789473685,1
AMZN,2017-11-10,AMZN_20171110_00275,ml/datasets/charts/processed/AMZN/AMZN_20171110_00275.png,0.0039097209880931,0.0033765772169895,1
MSFT,2017-11-10,MSFT_20171110_00275,ml/datasets/charts/processed/MSFT/MSFT_20171110_00275.png,-0.0175271253129843,0.0007153928699177,1
NVDA,2017-11-10,NVDA_20171110_00275,ml/datasets/charts/processed/NVDA/NVDA_20171110_00275.png,-0.0222222222222222,-0.0148148148148148,0
AMZN,2017-11-13,AMZN_20171113_00276,ml/datasets/charts/processed/AMZN/AMZN_20171113_00276.png,-0.0024796315975912,0.0067304286220333,1
MSFT,2017-11-13,MSFT_20171113_00276,ml/datasets/charts/processed/MSFT/MSFT_20171113_00276.png,-0.0166805671392827,0.0014297628976527,1
NVDA,2017-11-13,NVDA_20171113_00276,ml/datasets/charts/processed/NVDA/NVDA_20171113_00276.png,0.0056390977443607,0.0056390977443607,1
AMZN,2017-11-14,AMZN_20171114_00277,ml/datasets/charts/processed/AMZN/AMZN_20171114_00277.png,0.0022871217452498,-0.008972554539057,0
MSFT,2017-11-14,MSFT_20171114_00277,ml/datasets/charts/processed/MSFT/MSFT_20171114_00277.png,-0.003926234384295,-0.0127305175490778,0
NVDA,2017-11-14,NVDA_20171114_00277,ml/datasets/charts/processed/NVDA/NVDA_20171114_00277.png,0.0093457943925234,-0.0186915887850466,0
AMZN,2017-11-15,AMZN_20171115_00278,ml/datasets/charts/processed/AMZN/AMZN_20171115_00278.png,0.0262737440085212,0.0094088407598083,1
MSFT,2017-11-15,MSFT_20171115_00278,ml/datasets/charts/processed/MSFT/MSFT_20171115_00278.png,0.0015666425644733,0.0026512412629549,1
NVDA,2017-11-15,NVDA_20171115_00278,ml/datasets/charts/processed/NVDA/NVDA_20171115_00278.png,0.0228571428571429,0.0076190476190476,1
AMZN,2017-11-16,AMZN_20171116_00279,ml/datasets/charts/processed/AMZN/AMZN_20171116_00279.png,0.0429124164614842,-0.0065072106929299,0
MSFT,2017-11-16,MSFT_20171116_00279,ml/datasets/charts/processed/MSFT/MSFT_20171116_00279.png,0.0007211538461537,-0.0096153846153845,0
NVDA,2017-11-16,NVDA_20171116_00279,ml/datasets/charts/processed/NVDA/NVDA_20171116_00279.png,0.0245746691871455,-0.0018903591682418,0
AMZN,2017-11-17,AMZN_20171117_00280,ml/datasets/charts/processed/AMZN/AMZN_20171117_00280.png,0.0584174190122144,-0.0030093821915383,0
MSFT,2017-11-17,MSFT_20171117_00280,ml/datasets/charts/processed/MSFT/MSFT_20171117_00280.png,0.0178398058252426,0.0015776699029126,1
NVDA,2017-11-17,NVDA_20171117_00280,ml/datasets/charts/processed/NVDA/NVDA_20171117_00280.png,0.0132575757575756,0.0132575757575756,1
AMZN,2017-11-20,AMZN_20171120_00281,ml/datasets/charts/processed/AMZN/AMZN_20171120_00281.png,0.0596590909090908,0.0115411931818181,1
MSFT,2017-11-20,MSFT_20171120_00281,ml/datasets/charts/processed/MSFT/MSFT_20171120_00281.png,0.028474494123349,0.0144189991518235,1
NVDA,2017-11-20,NVDA_20171120_00281,ml/datasets/charts/processed/NVDA/NVDA_20171120_00281.png,-0.0149532710280374,0.0093457943925234,1
AMZN,2017-11-21,AMZN_20171121_00282,ml/datasets/charts/processed/AMZN/AMZN_20171121_00282.png,0.0191328769527823,0.0147446024223276,1
MSFT,2017-11-21,MSFT_20171121_00282,ml/datasets/charts/processed/MSFT/MSFT_20171121_00282.png,-0.0045389393215479,-0.0072861920688007,0
NVDA,2017-11-21,NVDA_20171121_00282,ml/datasets/charts/processed/NVDA/NVDA_20171121_00282.png,-0.0907407407407407,-0.0055555555555556,0
AMZN,2017-11-22,AMZN_20171122_00283,ml/datasets/charts/processed/AMZN/AMZN_20171122_00283.png,0.0178169866805051,0.0257740875281091,1
MSFT,2017-11-22,MSFT_20171122_00283,ml/datasets/charts/processed/MSFT/MSFT_20171122_00283.png,0.012754181205631,0.0018048369630609,1
NVDA,2017-11-22,NVDA_20171122_00283,ml/datasets/charts/processed/NVDA/NVDA_20171122_00283.png,-0.0651769087523278,0.0093109869646181,1
AMZN,2017-11-24,AMZN_20171124_00284,ml/datasets/charts/processed/AMZN/AMZN_20171124_00284.png,-0.0198988195615514,0.0082630691399663,1
MSFT,2017-11-24,MSFT_20171124_00284,ml/datasets/charts/processed/MSFT/MSFT_20171124_00284.png,0.0120105693009848,0.0073264472736007,1
NVDA,2017-11-24,NVDA_20171124_00284,ml/datasets/charts/processed/NVDA/NVDA_20171124_00284.png,-0.088560885608856,-0.0129151291512915,0
AMZN,2017-11-27,AMZN_20171127_00285,ml/datasets/charts/processed/AMZN/AMZN_20171127_00285.png,-0.0516808830908177,-0.0018397725372135,0
MSFT,2017-11-27,MSFT_20171127_00285,ml/datasets/charts/processed/MSFT/MSFT_20171127_00285.png,-0.0332657684511744,0.012042446643615,1
NVDA,2017-11-27,NVDA_20171127_00285,ml/datasets/charts/processed/NVDA/NVDA_20171127_00285.png,-0.1271028037383177,-0.0149532710280374,0
AMZN,2017-11-28,AMZN_20171128_00286,ml/datasets/charts/processed/AMZN/AMZN_20171128_00286.png,-0.0435656836461125,-0.0271447721179624,0
MSFT,2017-11-28,MSFT_20171128_00286,ml/datasets/charts/processed/MSFT/MSFT_20171128_00286.png,-0.0387606032045239,-0.0181432610744579,0
NVDA,2017-11-28,NVDA_20171128_00286,ml/datasets/charts/processed/NVDA/NVDA_20171128_00286.png,-0.1100569259962047,-0.0683111954459202,0
AMZN,2017-11-29,AMZN_20171129_00287,ml/datasets/charts/processed/AMZN/AMZN_20171129_00287.png,-0.0075783672063383,0.0134343782294179,1
MSFT,2017-11-29,MSFT_20171129_00287,ml/datasets/charts/processed/MSFT/MSFT_20171129_00287.png,-0.0067194624430045,0.0099592032637387,1
NVDA,2017-11-29,NVDA_20171129_00287,ml/datasets/charts/processed/NVDA/NVDA_20171129_00287.png,-0.0366598778004072,0.0224032586558042,1
AMZN,2017-11-30,AMZN_20171130_00288,ml/datasets/charts/processed/AMZN/AMZN_20171130_00288.png,-0.0144459551325628,-0.0122365737593475,0
MSFT,2017-11-30,MSFT_20171130_00288,ml/datasets/charts/processed/MSFT/MSFT_20171130_00288.png,-0.0199596055601759,0.0010692645835808,1
NVDA,2017-11-30,NVDA_20171130_00288,ml/datasets/charts/processed/NVDA/NVDA_20171130_00288.png,-0.043824701195219,-0.0159362549800795,0
AMZN,2017-12-01,AMZN_20171201_00289,ml/datasets/charts/processed/AMZN/AMZN_20171201_00289.png,-0.0003441156228491,-0.0244322092222986,0
MSFT,2017-12-01,MSFT_20171201_00289,ml/datasets/charts/processed/MSFT/MSFT_20171201_00289.png,-0.0011868027533824,-0.0377403275575599,0
NVDA,2017-12-01,NVDA_20171201_00289,ml/datasets/charts/processed/NVDA/NVDA_20171201_00289.png,-0.0303643724696357,-0.0546558704453442,0
AMZN,2017-12-04,AMZN_20171204_00290,ml/datasets/charts/processed/AMZN/AMZN_20171204_00290.png,0.0308641975308641,0.0067019400352732,1
MSFT,2017-12-04,MSFT_20171204_00290,ml/datasets/charts/processed/MSFT/MSFT_20171204_00290.png,0.0511840157868772,0.006290083867785,1
NVDA,2017-12-04,NVDA_20171204_00290,ml/datasets/charts/processed/NVDA/NVDA_20171204_00290.png,0.0428265524625268,0.0042826552462527,1
AMZN,2017-12-05,AMZN_20171205_00291,ml/datasets/charts/processed/AMZN/AMZN_20171205_00291.png,0.0204975473020323,0.0094604064470917,1
MSFT,2017-12-05,MSFT_20171205_00291,ml/datasets/charts/processed/MSFT/MSFT_20171205_00291.png,0.0489030518445887,0.0145851207255791,1
NVDA,2017-12-05,NVDA_20171205_00291,ml/datasets/charts/processed/NVDA/NVDA_20171205_00291.png,0.017057569296375,0.0085287846481876,1
AMZN,2017-12-06,AMZN_20171206_00292,ml/datasets/charts/processed/AMZN/AMZN_20171206_00292.png,0.0102395001735509,0.0064213814647693,1
MSFT,2017-12-06,MSFT_20171206_00292,ml/datasets/charts/processed/MSFT/MSFT_20171206_00292.png,0.0310461464121767,-0.0035032616574052,0
NVDA,2017-12-06,NVDA_20171206_00292,ml/datasets/charts/processed/NVDA/NVDA_20171206_00292.png,-0.0169133192389006,0.014799154334038,1
AMZN,2017-12-07,AMZN_20171207_00293,ml/datasets/charts/processed/AMZN/AMZN_20171207_00293.png,0.0124159337816864,0.001896878772202,1
MSFT,2017-12-07,MSFT_20171207_00293,ml/datasets/charts/processed/MSFT/MSFT_20171207_00293.png,0.0266698993817433,0.0202448781670505,1
NVDA,2017-12-07,NVDA_20171207_00293,ml/datasets/charts/processed/NVDA/NVDA_20171207_00293.png,-0.0291666666666665,-0.0020833333333333,0
AMZN,2017-12-08,AMZN_20171208_00294,ml/datasets/charts/processed/AMZN/AMZN_20171208_00294.png,0.0148020654044749,0.0060240963855422,1
MSFT,2017-12-08,MSFT_20171208_00294,ml/datasets/charts/processed/MSFT/MSFT_20171208_00294.png,0.0319629277566539,0.0127138783269962,1
NVDA,2017-12-08,NVDA_20171208_00294,ml/datasets/charts/processed/NVDA/NVDA_20171208_00294.png,0.0,0.0167014613778706,1
AMZN,2017-12-11,AMZN_20171211_00295,ml/datasets/charts/processed/AMZN/AMZN_20171211_00295.png,0.0184773310521813,-0.0034217279726261,0
MSFT,2017-12-11,MSFT_20171211_00295,ml/datasets/charts/processed/MSFT/MSFT_20171211_00295.png,0.0134929015604832,0.0041065352575384,1
NVDA,2017-12-11,NVDA_20171211_00295,ml/datasets/charts/processed/NVDA/NVDA_20171211_00295.png,0.0164271047227926,-0.0205338809034908,0
AMZN,2017-12-12,AMZN_20171212_00296,ml/datasets/charts/processed/AMZN/AMZN_20171212_00296.png,0.0192274678111588,-0.0006866952789699,0
MSFT,2017-12-12,MSFT_20171212_00296,ml/datasets/charts/processed/MSFT/MSFT_20171212_00296.png,0.0029212432811405,-0.0026875438186492,0
NVDA,2017-12-12,NVDA_20171212_00296,ml/datasets/charts/processed/NVDA/NVDA_20171212_00296.png,0.0272536687631028,-0.0251572327044024,0
AMZN,2017-12-13,AMZN_20171213_00297,ml/datasets/charts/processed/AMZN/AMZN_20171213_00297.png,0.0115100498196185,0.0085895894176257,1
MSFT,2017-12-13,MSFT_20171213_00297,ml/datasets/charts/processed/MSFT/MSFT_20171213_00297.png,0.00199179847686,-0.0077328646748681,0
NVDA,2017-12-13,NVDA_20171213_00297,ml/datasets/charts/processed/NVDA/NVDA_20171213_00297.png,0.058064516129032,0.0021505376344086,1
AMZN,2017-12-14,AMZN_20171214_00298,ml/datasets/charts/processed/AMZN/AMZN_20171214_00298.png,0.0005109862033725,0.0042582183614374,1
MSFT,2017-12-14,MSFT_20171214_00298,ml/datasets/charts/processed/MSFT/MSFT_20171214_00298.png,0.0095642933049946,0.0255047821466525,1
NVDA,2017-12-14,NVDA_20171214_00298,ml/datasets/charts/processed/NVDA/NVDA_20171214_00298.png,0.0515021459227469,0.0278969957081545,1
AMZN,2017-12-15,AMZN_20171215_00299,ml/datasets/charts/processed/AMZN/AMZN_20171215_00299.png,-0.009158751696065,0.0096675712347353,1
MSFT,2017-12-15,MSFT_20171215_00299,ml/datasets/charts/processed/MSFT/MSFT_20171215_00299.png,-0.0154289004029934,-0.0054116292458261,0
NVDA,2017-12-15,NVDA_20171215_00299,ml/datasets/charts/processed/NVDA/NVDA_20171215_00299.png,0.0187891440501044,0.033402922755741,1
AMZN,2017-12-18,AMZN_20171218_00300,ml/datasets/charts/processed/AMZN/AMZN_20171218_00300.png,-0.011590794557366,-0.0026877204770704,0
MSFT,2017-12-18,MSFT_20171218_00300,ml/datasets/charts/processed/MSFT/MSFT_20171218_00300.png,-0.0113452188006482,-0.0063672146330168,0
NVDA,2017-12-18,NVDA_20171218_00300,ml/datasets/charts/processed/NVDA/NVDA_20171218_00300.png,-0.0020202020202019,-0.01010101010101,0
AMZN,2017-12-19,AMZN_20171219_00301,ml/datasets/charts/processed/AMZN/AMZN_20171219_00301.png,-0.0043793161529391,-0.0082533265959238,0
MSFT,2017-12-19,MSFT_20171219_00301,ml/datasets/charts/processed/MSFT/MSFT_20171219_00301.png,-0.0013981125480602,-0.0036117907491552,0
NVDA,2017-12-19,NVDA_20171219_00301,ml/datasets/charts/processed/NVDA/NVDA_20171219_00301.png,0.0061224489795916,0.004081632653061,1
AMZN,2017-12-20,AMZN_20171220_00302,ml/datasets/charts/processed/AMZN/AMZN_20171220_00302.png,0.0071331521739128,-0.0023777173913043,0
MSFT,2017-12-20,MSFT_20171220_00302,ml/datasets/charts/processed/MSFT/MSFT_20171220_00302.png,0.0023386342376052,-0.0002338634237605,0
NVDA,2017-12-20,NVDA_20171220_00302,ml/datasets/charts/processed/NVDA/NVDA_20171220_00302.png,0.0020325203252031,-0.0040650406504064,0
AMZN,2017-12-21,AMZN_20171221_00303,ml/datasets/charts/processed/AMZN/AMZN_20171221_00303.png,-0.0045965270684372,-0.0054477357848143,0
MSFT,2017-12-21,MSFT_20171221_00303,ml/datasets/charts/processed/MSFT/MSFT_20171221_00303.png,0.00046783625731,0.0001169590643275,1
NVDA,2017-12-21,NVDA_20171221_00303,ml/datasets/charts/processed/NVDA/NVDA_20171221_00303.png,-0.0122448979591838,-0.0040816326530612,0
AMZN,2017-12-22,AMZN_20171222_00304,ml/datasets/charts/processed/AMZN/AMZN_20171222_00304.png,0.0176309483053749,0.0071893187264635,1
MSFT,2017-12-22,MSFT_20171222_00304,ml/datasets/charts/processed/MSFT/MSFT_20171222_00304.png,0.0051455970061979,-0.0012863992515494,0
NVDA,2017-12-22,NVDA_20171222_00304,ml/datasets/charts/processed/NVDA/NVDA_20171222_00304.png,0.0204918032786887,0.0122950819672131,1
AMZN,2017-12-26,AMZN_20171226_00305,ml/datasets/charts/processed/AMZN/AMZN_20171226_00305.png,0.0232834806254247,0.0045887151597552,1
MSFT,2017-12-26,MSFT_20171226_00305,ml/datasets/charts/processed/MSFT/MSFT_20171226_00305.png,0.0111241217798594,0.0036299765807961,1
NVDA,2017-12-26,NVDA_20171226_00305,ml/datasets/charts/processed/NVDA/NVDA_20171226_00305.png,0.074898785425101,-0.0020242914979758,0
AMZN,2017-12-27,AMZN_20171227_00306,ml/datasets/charts/processed/AMZN/AMZN_20171227_00306.png,0.0231771273896126,0.0032143461343256,1
MSFT,2017-12-27,MSFT_20171227_00306,ml/datasets/charts/processed/MSFT/MSFT_20171227_00306.png,0.0163341500408353,0.0001166725002916,1
NVDA,2017-12-27,NVDA_20171227_00306,ml/datasets/charts/processed/NVDA/NVDA_20171227_00306.png,0.0831643002028397,0.0,0
AMZN,2017-12-28,AMZN_20171228_00307,ml/datasets/charts/processed/AMZN/AMZN_20171228_00307.png,0.0364249578414841,-0.0139966273187183,0
MSFT,2017-12-28,MSFT_20171228_00307,ml/datasets/charts/processed/MSFT/MSFT_20171228_00307.png,0.0288147456836209,-0.0020998600093325,0
NVDA,2017-12-28,NVDA_20171228_00307,ml/datasets/charts/processed/NVDA/NVDA_20171228_00307.png,0.0912778904665314,-0.0182555780933062,0
AMZN,2017-12-29,AMZN_20171229_00308,ml/datasets/charts/processed/AMZN/AMZN_20171229_00308.png,0.0661877886095434,0.0167607319993159,1
MSFT,2017-12-29,MSFT_20171229_00308,ml/datasets/charts/processed/MSFT/MSFT_20171229_00308.png,0.0320317979892448,0.0047930792611643,1
NVDA,2017-12-29,NVDA_20171229_00308,ml/datasets/charts/processed/NVDA/NVDA_20171229_00308.png,0.146694214876033,0.0289256198347107,1
AMZN,2018-01-02,AMZN_20180102_00309,ml/datasets/charts/processed/AMZN/AMZN_20180102_00309.png,0.0534903280067282,0.0127838519764507,1
MSFT,2018-01-02,MSFT_20180102_00309,ml/datasets/charts/processed/MSFT/MSFT_20180102_00309.png,0.0264107038976149,0.004653868528214,1
NVDA,2018-01-02,NVDA_20180102_00309,ml/datasets/charts/processed/NVDA/NVDA_20180102_00309.png,0.114457831325301,0.0662650602409637,1
AMZN,2018-01-03,AMZN_20180103_00310,ml/datasets/charts/processed/AMZN/AMZN_20180103_00310.png,0.0416874273376515,0.0044843049327354,1
MSFT,2018-01-03,MSFT_20180103_00310,ml/datasets/charts/processed/MSFT/MSFT_20180103_00310.png,0.0170237405906195,0.0088013896931093,1
NVDA,2018-01-03,NVDA_20180103_00310,ml/datasets/charts/processed/NVDA/NVDA_20180103_00310.png,0.0527306967984935,0.0056497175141243,1
AMZN,2018-01-04,AMZN_20180104_00311,ml/datasets/charts/processed/AMZN/AMZN_20180104_00311.png,0.0553902116402116,0.0162037037037037,1
MSFT,2018-01-04,MSFT_20180104_00311,ml/datasets/charts/processed/MSFT/MSFT_20180104_00311.png,0.0111353461141086,0.012398117322925,1
NVDA,2018-01-04,NVDA_20180104_00311,ml/datasets/charts/processed/NVDA/NVDA_20180104_00311.png,0.0486891385767789,0.0074906367041198,1
AMZN,2018-01-05,AMZN_20180105_00312,ml/datasets/charts/processed/AMZN/AMZN_20180105_00312.png,0.0618288317604946,0.0143182557761145,1
MSFT,2018-01-05,MSFT_20180105_00312,ml/datasets/charts/processed/MSFT/MSFT_20180105_00312.png,0.0159882072797368,0.0010205238689193,1
NVDA,2018-01-05,NVDA_20180105_00312,ml/datasets/charts/processed/NVDA/NVDA_20180105_00312.png,0.0353159851301116,0.0315985130111524,1
AMZN,2018-01-08,AMZN_20180108_00313,ml/datasets/charts/processed/AMZN/AMZN_20180108_00313.png,0.0465190888675006,0.00465190888675,1
MSFT,2018-01-08,MSFT_20180108_00313,ml/datasets/charts/processed/MSFT/MSFT_20180108_00313.png,0.0007929315813319,-0.0006796556411418,0
NVDA,2018-01-08,NVDA_20180108_00313,ml/datasets/charts/processed/NVDA/NVDA_20180108_00313.png,-0.009009009009009,0.0,0
AMZN,2018-01-09,AMZN_20180109_00314,ml/datasets/charts/processed/AMZN/AMZN_20180109_00314.png,0.0338495928468784,0.0014370110170844,1
MSFT,2018-01-09,MSFT_20180109_00314,ml/datasets/charts/processed/MSFT/MSFT_20180109_00314.png,0.0217637723872137,-0.0045341192473362,0
NVDA,2018-01-09,NVDA_20180109_00314,ml/datasets/charts/processed/NVDA/NVDA_20180109_00314.png,0.0126126126126127,0.0072072072072071,1
AMZN,2018-01-10,AMZN_20180110_00315,ml/datasets/charts/processed/AMZN/AMZN_20180110_00315.png,0.0310905612244898,0.0176977040816326,1
MSFT,2018-01-10,MSFT_20180110_00315,ml/datasets/charts/processed/MSFT/MSFT_20180110_00315.png,0.0259621953996811,0.0029606012297882,1
NVDA,2018-01-10,NVDA_20180110_00315,ml/datasets/charts/processed/NVDA/NVDA_20180110_00315.png,0.0035778175313059,0.0017889087656528,1
AMZN,2018-01-11,AMZN_20180111_00316,ml/datasets/charts/processed/AMZN/AMZN_20180111_00316.png,0.0140999530001566,0.0224032586558045,1
MSFT,2018-01-11,MSFT_20180111_00316,ml/datasets/charts/processed/MSFT/MSFT_20180111_00316.png,0.0217983651226159,0.0172570390554041,1
NVDA,2018-01-11,NVDA_20180111_00316,ml/datasets/charts/processed/NVDA/NVDA_20180111_00316.png,0.0267857142857144,-0.0053571428571427,0
AMZN,2018-01-12,AMZN_20180112_00317,ml/datasets/charts/processed/AMZN/AMZN_20180112_00317.png,0.0170088875268157,-0.0003064664419247,0
MSFT,2018-01-12,MSFT_20180112_00317,ml/datasets/charts/processed/MSFT/MSFT_20180112_00317.png,0.0224330357142856,-0.0139508928571429,0
NVDA,2018-01-12,NVDA_20180112_00317,ml/datasets/charts/processed/NVDA/NVDA_20180112_00317.png,0.0484739676840215,-0.0125673249551166,0
AMZN,2018-01-16,AMZN_20180116_00318,ml/datasets/charts/processed/AMZN/AMZN_20180116_00318.png,0.0442979767014102,-0.0075107296137337,0
MSFT,2018-01-16,MSFT_20180116_00318,ml/datasets/charts/processed/MSFT/MSFT_20180116_00318.png,0.0401810979060555,0.0202603282399547,1
NVDA,2018-01-16,NVDA_20180116_00318,ml/datasets/charts/processed/NVDA/NVDA_20180116_00318.png,0.0854545454545454,0.0218181818181817,1
AMZN,2018-01-17,AMZN_20180117_00319,ml/datasets/charts/processed/AMZN/AMZN_20180117_00319.png,0.0483397683397681,-0.0012355212355211,0
MSFT,2018-01-17,MSFT_20180117_00319,ml/datasets/charts/processed/MSFT/MSFT_20180117_00319.png,0.0186376747282004,-0.0004437541601953,0
NVDA,2018-01-17,NVDA_20180117_00319,ml/datasets/charts/processed/NVDA/NVDA_20180117_00319.png,0.0480427046263345,-0.0017793594306049,0
AMZN,2018-01-18,AMZN_20180118_00320,ml/datasets/charts/processed/AMZN/AMZN_20180118_00320.png,0.0654089995361064,0.0009277872274624,1
MSFT,2018-01-18,MSFT_20180118_00320,ml/datasets/charts/processed/MSFT/MSFT_20180118_00320.png,0.0247502774694783,-0.0011098779134294,0
NVDA,2018-01-18,NVDA_20180118_00320,ml/datasets/charts/processed/NVDA/NVDA_20180118_00320.png,0.053475935828877,0.0249554367201425,1
AMZN,2018-01-19,AMZN_20180119_00321,ml/datasets/charts/processed/AMZN/AMZN_20180119_00321.png,0.0829599876409701,0.0253360111231268,1
MSFT,2018-01-19,MSFT_20180119_00321,ml/datasets/charts/processed/MSFT/MSFT_20180119_00321.png,0.0451111111111111,0.0178888888888888,1
NVDA,2018-01-19,NVDA_20180119_00321,ml/datasets/charts/processed/NVDA/NVDA_20180119_00321.png,0.057391304347826,0.0156521739130435,1
AMZN,2018-01-22,AMZN_20180122_00322,ml/datasets/charts/processed/AMZN/AMZN_20180122_00322.png,0.0679523881271657,0.0265180051227962,1
MSFT,2018-01-22,MSFT_20180122_00322,ml/datasets/charts/processed/MSFT/MSFT_20180122_00322.png,0.0252155878179238,0.0031655932758434,1
NVDA,2018-01-22,NVDA_20180122_00322,ml/datasets/charts/processed/NVDA/NVDA_20180122_00322.png,0.0565068493150684,0.0222602739726027,1
AMZN,2018-01-23,AMZN_20180123_00323,ml/datasets/charts/processed/AMZN/AMZN_20180123_00323.png,0.0551886100102745,-0.0036694554528108,0
MSFT,2018-01-23,MSFT_20180123_00323,ml/datasets/charts/processed/MSFT/MSFT_20180123_00323.png,0.0091403699673557,-0.0008705114254625,0
NVDA,2018-01-23,NVDA_20180123_00323,ml/datasets/charts/processed/NVDA/NVDA_20180123_00323.png,0.016750418760469,-0.0134003350083752,0
AMZN,2018-01-24,AMZN_20180124_00324,ml/datasets/charts/processed/AMZN/AMZN_20180124_00324.png,0.0686505598114322,0.0150265173836183,1
MSFT,2018-01-24,MSFT_20180124_00324,ml/datasets/charts/processed/MSFT/MSFT_20180124_00324.png,0.0347418862992814,0.0055543454585058,1
NVDA,2018-01-24,NVDA_20180124_00324,ml/datasets/charts/processed/NVDA/NVDA_20180124_00324.png,0.0424448217317487,0.0033955857385399,1
AMZN,2018-01-25,AMZN_20180125_00325,ml/datasets/charts/processed/AMZN/AMZN_20180125_00325.png,0.0087082728592162,0.0174165457184323,1
MSFT,2018-01-25,MSFT_20180125_00325,ml/datasets/charts/processed/MSFT/MSFT_20180125_00325.png,0.0209032817069207,0.0187371385248564,1
NVDA,2018-01-25,NVDA_20180125_00325,ml/datasets/charts/processed/NVDA/NVDA_20180125_00325.png,0.0169204737732655,0.0287648054145515,1
AMZN,2018-01-26,AMZN_20180126_00326,ml/datasets/charts/processed/AMZN/AMZN_20180126_00326.png,0.0199714693295294,0.0111269614835949,1
MSFT,2018-01-26,MSFT_20180126_00326,ml/datasets/charts/processed/MSFT/MSFT_20180126_00326.png,-0.02423984690623,-0.0014884116521369,0
NVDA,2018-01-26,NVDA_20180126_00326,ml/datasets/charts/processed/NVDA/NVDA_20180126_00326.png,-0.0394736842105263,0.0148026315789473,1
AMZN,2018-01-29,AMZN_20180129_00327,ml/datasets/charts/processed/AMZN/AMZN_20180129_00327.png,-0.0194695259593679,0.0142494356659141,1
MSFT,2018-01-29,MSFT_20180129_00327,ml/datasets/charts/processed/MSFT/MSFT_20180129_00327.png,-0.0630323679727428,-0.0125638841567291,0
NVDA,2018-01-29,NVDA_20180129_00327,ml/datasets/charts/processed/NVDA/NVDA_20180129_00327.png,-0.1345218800648298,-0.0162074554294975,0
AMZN,2018-01-30,AMZN_20180130_00328,ml/datasets/charts/processed/AMZN/AMZN_20180130_00328.png,0.0034775351231046,0.0090415913200723,1
MSFT,2018-01-30,MSFT_20180130_00328,ml/datasets/charts/processed/MSFT/MSFT_20180130_00328.png,-0.0152037955574724,0.0244770325641578,1
NVDA,2018-01-30,NVDA_20180130_00328,ml/datasets/charts/processed/NVDA/NVDA_20180130_00328.png,-0.070840197693575,0.0115321252059306,1
AMZN,2018-01-31,AMZN_20180131_00329,ml/datasets/charts/processed/AMZN/AMZN_20180131_00329.png,-0.0234353460159911,-0.0419079128756548,0
MSFT,2018-01-31,MSFT_20180131_00329,ml/datasets/charts/processed/MSFT/MSFT_20180131_00329.png,-0.0568361225134197,-0.0078939059046415,0
NVDA,2018-01-31,NVDA_20180131_00329,ml/datasets/charts/processed/NVDA/NVDA_20180131_00329.png,-0.0684039087947883,-0.021172638436482,0
AMZN,2018-02-01,AMZN_20180201_00330,ml/datasets/charts/processed/AMZN/AMZN_20180201_00330.png,-0.0283453237410071,0.0287769784172662,1
MSFT,2018-02-01,MSFT_20180201_00330,ml/datasets/charts/processed/MSFT/MSFT_20180201_00330.png,-0.0981328241035434,-0.0263102058137068,0
NVDA,2018-02-01,NVDA_20180201_00330,ml/datasets/charts/processed/NVDA/NVDA_20180201_00330.png,-0.0948419301164724,-0.0282861896838602,0
AMZN,2018-02-02,AMZN_20180202_00331,ml/datasets/charts/processed/AMZN/AMZN_20180202_00331.png,-0.0632167832167831,-0.027972027972028,0
MSFT,2018-02-02,MSFT_20180202_00331,ml/datasets/charts/processed/MSFT/MSFT_20180202_00331.png,-0.0392242318587927,-0.0411854434517323,0
NVDA,2018-02-02,NVDA_20180202_00331,ml/datasets/charts/processed/NVDA/NVDA_20180202_00331.png,-0.0068493150684931,-0.0856164383561643,0
AMZN,2018-02-05,AMZN_20180205_00332,ml/datasets/charts/processed/AMZN/AMZN_20180205_00332.png,-0.0027338129496402,0.0379856115107912,1
MSFT,2018-02-05,MSFT_20180205_00332,ml/datasets/charts/processed/MSFT/MSFT_20180205_00332.png,0.0128409090909089,0.037840909090909,1
NVDA,2018-02-05,NVDA_20180205_00332,ml/datasets/charts/processed/NVDA/NVDA_20180205_00332.png,0.0674157303370788,0.0561797752808987,1
AMZN,2018-02-06,AMZN_20180206_00333,ml/datasets/charts/processed/AMZN/AMZN_20180206_00333.png,-0.0195453285278623,-0.0180205156639866,0
MSFT,2018-02-06,MSFT_20180206_00333,ml/datasets/charts/processed/MSFT/MSFT_20180206_00333.png,-0.0164239570787254,-0.0188328041169385,0
NVDA,2018-02-06,NVDA_20180206_00333,ml/datasets/charts/processed/NVDA/NVDA_20180206_00333.png,0.0319148936170214,0.0141843971631205,1
AMZN,2018-02-07,AMZN_20180207_00334,ml/datasets/charts/processed/AMZN/AMZN_20180207_00334.png,0.024138904573687,-0.0467250141163184,0
MSFT,2018-02-07,MSFT_20180207_00334,ml/datasets/charts/processed/MSFT/MSFT_20180207_00334.png,0.0133913625711417,-0.0513335565227094,0
NVDA,2018-02-07,NVDA_20180207_00334,ml/datasets/charts/processed/NVDA/NVDA_20180207_00334.png,0.055944055944056,-0.0489510489510488,0
AMZN,2018-02-08,AMZN_20180208_00335,ml/datasets/charts/processed/AMZN/AMZN_20180208_00335.png,0.0823337775803347,-0.0081445283577669,0
MSFT,2018-02-08,MSFT_20180208_00335,ml/datasets/charts/processed/MSFT/MSFT_20180208_00335.png,0.0899894130102338,0.0372897306199271,1
NVDA,2018-02-08,NVDA_20180208_00335,ml/datasets/charts/processed/NVDA/NVDA_20180208_00335.png,0.1323529411764705,0.0661764705882352,1
AMZN,2018-02-09,AMZN_20180209_00336,ml/datasets/charts/processed/AMZN/AMZN_20180209_00336.png,0.0813675724096745,0.0347865034338608,1
MSFT,2018-02-09,MSFT_20180209_00336,ml/datasets/charts/processed/MSFT/MSFT_20180209_00336.png,0.0433204808346563,0.0107734180086185,1
NVDA,2018-02-09,NVDA_20180209_00336,ml/datasets/charts/processed/NVDA/NVDA_20180209_00336.png,0.0517241379310344,-0.0172413793103447,0
AMZN,2018-02-12,AMZN_20180212_00337,ml/datasets/charts/processed/AMZN/AMZN_20180212_00337.png,0.0592988024816043,0.020487664117732,1
MSFT,2018-02-12,MSFT_20180212_00337,ml/datasets/charts/processed/MSFT/MSFT_20180212_00337.png,0.040278245259733,0.0078536968473017,1
NVDA,2018-02-12,NVDA_20180212_00337,ml/datasets/charts/processed/NVDA/NVDA_20180212_00337.png,0.0929824561403509,0.0210526315789474,1
AMZN,2018-02-13,AMZN_20180213_00338,ml/datasets/charts/processed/AMZN/AMZN_20180213_00338.png,0.0483528912766859,0.0257316555916866,1
MSFT,2018-02-13,MSFT_20180213_00338,ml/datasets/charts/processed/MSFT/MSFT_20180213_00338.png,0.0184793498831126,0.0109094957141266,1
NVDA,2018-02-13,NVDA_20180213_00338,ml/datasets/charts/processed/NVDA/NVDA_20180213_00338.png,0.0378006872852232,0.0378006872852232,1
AMZN,2018-02-14,AMZN_20180214_00339,ml/datasets/charts/processed/AMZN/AMZN_20180214_00339.png,0.0237077877325981,0.0074431426602343,1
MSFT,2018-02-14,MSFT_20180214_00339,ml/datasets/charts/processed/MSFT/MSFT_20180214_00339.png,0.010131042836692,0.0203722057042174,1
NVDA,2018-02-14,NVDA_20180214_00339,ml/datasets/charts/processed/NVDA/NVDA_20180214_00339.png,0.0016556291390728,0.0198675496688742,1
AMZN,2018-02-15,AMZN_20180215_00340,ml/datasets/charts/processed/AMZN/AMZN_20180215_00340.png,0.0261321658229578,-0.0090299630592419,0
MSFT,2018-02-15,MSFT_20180215_00340,ml/datasets/charts/processed/MSFT/MSFT_20180215_00340.png,0.0151090006475287,-0.0071228145909777,0
NVDA,2018-02-15,NVDA_20180215_00340,ml/datasets/charts/processed/NVDA/NVDA_20180215_00340.png,-0.0016233766233766,-0.0097402597402598,0
AMZN,2018-02-16,AMZN_20180216_00341,ml/datasets/charts/processed/AMZN/AMZN_20180216_00341.png,0.05066961203921,0.0136683694601684,1
MSFT,2018-02-16,MSFT_20180216_00341,ml/datasets/charts/processed/MSFT/MSFT_20180216_00341.png,0.0371739130434782,0.0078260869565216,1
NVDA,2018-02-16,NVDA_20180216_00341,ml/datasets/charts/processed/NVDA/NVDA_20180216_00341.png,0.0098360655737705,0.0213114754098362,1
AMZN,2018-02-20,AMZN_20180220_00342,ml/datasets/charts/processed/AMZN/AMZN_20180220_00342.png,0.0296921819667663,0.0099427948787795,1
MSFT,2018-02-20,MSFT_20180220_00342,ml/datasets/charts/processed/MSFT/MSFT_20180220_00342.png,0.0159620362381363,-0.0132657463330457,0
NVDA,2018-02-20,NVDA_20180220_00342,ml/datasets/charts/processed/NVDA/NVDA_20180220_00342.png,-0.0128410914927769,-0.0304975922953452,0
AMZN,2018-02-21,AMZN_20180221_00343,ml/datasets/charts/processed/AMZN/AMZN_20180221_00343.png,0.0198246797033041,0.0016183412002694,1
MSFT,2018-02-21,MSFT_20180221_00343,ml/datasets/charts/processed/MSFT/MSFT_20180221_00343.png,0.0249207563668161,0.0026232375122965,1
NVDA,2018-02-21,NVDA_20180221_00343,ml/datasets/charts/processed/NVDA/NVDA_20180221_00343.png,0.0016556291390728,0.0016556291390728,1
AMZN,2018-02-22,AMZN_20180222_00344,ml/datasets/charts/processed/AMZN/AMZN_20180222_00344.png,0.0053857546788744,0.0098290022889457,1
MSFT,2018-02-22,MSFT_20180222_00344,ml/datasets/charts/processed/MSFT/MSFT_20180222_00344.png,0.0122097459936769,0.0254006322904174,1
NVDA,2018-02-22,NVDA_20180222_00344,ml/datasets/charts/processed/NVDA/NVDA_20180222_00344.png,-0.0396694214876033,0.0165289256198348,1
AMZN,2018-02-23,AMZN_20180223_00345,ml/datasets/charts/processed/AMZN/AMZN_20180223_00345.png,0.0001333333333333,0.0146666666666666,1
MSFT,2018-02-23,MSFT_20180223_00345,ml/datasets/charts/processed/MSFT/MSFT_20180223_00345.png,-0.0107378269189879,0.0144588560493301,1
NVDA,2018-02-23,NVDA_20180223_00345,ml/datasets/charts/processed/NVDA/NVDA_20180223_00345.png,-0.0390243902439024,0.0016260162601626,1
AMZN,2018-02-26,AMZN_20180226_00346,ml/datasets/charts/processed/AMZN/AMZN_20180226_00346.png,0.0010512483574245,-0.0065703022339027,0
MSFT,2018-02-26,MSFT_20180226_00346,ml/datasets/charts/processed/MSFT/MSFT_20180226_00346.png,-0.0186543701530077,-0.0127855795430726,0
NVDA,2018-02-26,NVDA_20180226_00346,ml/datasets/charts/processed/NVDA/NVDA_20180226_00346.png,-0.0438311688311688,-0.0016233766233766,0
AMZN,2018-02-27,AMZN_20180227_00347,ml/datasets/charts/processed/AMZN/AMZN_20180227_00347.png,0.016931216931217,0.0002645502645504,1
MSFT,2018-02-27,MSFT_20180227_00347,ml/datasets/charts/processed/MSFT/MSFT_20180227_00347.png,-0.0093418259023355,-0.0045647558386412,0
NVDA,2018-02-27,NVDA_20180227_00347,ml/datasets/charts/processed/NVDA/NVDA_20180227_00347.png,-0.0162601626016261,-0.0162601626016261,0
AMZN,2018-02-28,AMZN_20180228_00348,ml/datasets/charts/processed/AMZN/AMZN_20180228_00348.png,0.0215551441417614,-0.0125628140703517,0
MSFT,2018-02-28,MSFT_20180228_00348,ml/datasets/charts/processed/MSFT/MSFT_20180228_00348.png,0.0009597952436812,-0.0098112402687426,0
NVDA,2018-02-28,NVDA_20180228_00348,ml/datasets/charts/processed/NVDA/NVDA_20180228_00348.png,0.0,-0.0396694214876033,0
AMZN,2018-03-01,AMZN_20180301_00349,ml/datasets/charts/processed/AMZN/AMZN_20180301_00349.png,0.0391053970804875,0.0045533681532075,1
MSFT,2018-03-01,MSFT_20180301_00349,ml/datasets/charts/processed/MSFT/MSFT_20180301_00349.png,0.0170166935918147,0.002154011847065,1
NVDA,2018-03-01,NVDA_20180301_00349,ml/datasets/charts/processed/NVDA/NVDA_20180301_00349.png,0.0378657487091222,0.017211703958692,1
AMZN,2018-03-02,AMZN_20180302_00350,ml/datasets/charts/processed/AMZN/AMZN_20180302_00350.png,0.0523930142647646,0.0155979202772964,1
MSFT,2018-03-02,MSFT_20180302_00350,ml/datasets/charts/processed/MSFT/MSFT_20180302_00350.png,0.0375067168189147,0.0063406770553466,1
NVDA,2018-03-02,NVDA_20180302_00350,ml/datasets/charts/processed/NVDA/NVDA_20180302_00350.png,0.0372250423011844,-0.0033840947546531,0
AMZN,2018-03-05,AMZN_20180305_00351,ml/datasets/charts/processed/AMZN/AMZN_20180305_00351.png,0.049094250459438,0.0091887634549749,1
MSFT,2018-03-05,MSFT_20180305_00351,ml/datasets/charts/processed/MSFT/MSFT_20180305_00351.png,0.0334258863733447,-0.0034173430158053,0
NVDA,2018-03-05,NVDA_20180305_00351,ml/datasets/charts/processed/NVDA/NVDA_20180305_00351.png,0.0594227504244482,0.0271646859083192,1
AMZN,2018-03-06,AMZN_20180306_00352,ml/datasets/charts/processed/AMZN/AMZN_20180306_00352.png,0.0329084287200833,0.0048126951092613,1
MSFT,2018-03-06,MSFT_20180306_00352,ml/datasets/charts/processed/MSFT/MSFT_20180306_00352.png,0.0116802400342905,0.0057865409344193,1
NVDA,2018-03-06,NVDA_20180306_00352,ml/datasets/charts/processed/NVDA/NVDA_20180306_00352.png,0.0231404958677687,0.0,0
AMZN,2018-03-07,AMZN_20180307_00353,ml/datasets/charts/processed/AMZN/AMZN_20180307_00353.png,0.0297734627831713,0.004401294498382,1
MSFT,2018-03-07,MSFT_20180307_00353,ml/datasets/charts/processed/MSFT/MSFT_20180307_00353.png,-0.0001065416577882,0.0060728744939271,1
NVDA,2018-03-07,NVDA_20180307_00353,ml/datasets/charts/processed/NVDA/NVDA_20180307_00353.png,0.028099173553719,-0.0033057851239668,0
AMZN,2018-03-08,AMZN_20180308_00354,ml/datasets/charts/processed/AMZN/AMZN_20180308_00354.png,0.0197190359582419,0.0173991493749192,1
MSFT,2018-03-08,MSFT_20180308_00354,ml/datasets/charts/processed/MSFT/MSFT_20180308_00354.png,-0.0026474637297468,0.0223445938790638,1
NVDA,2018-03-08,NVDA_20180308_00354,ml/datasets/charts/processed/NVDA/NVDA_20180308_00354.png,0.033167495854063,0.0165837479270314,1
AMZN,2018-03-09,AMZN_20180309_00355,ml/datasets/charts/processed/AMZN/AMZN_20180309_00355.png,-0.0045604256397263,0.0124144920192552,1
MSFT,2018-03-09,MSFT_20180309_00355,ml/datasets/charts/processed/MSFT/MSFT_20180309_00355.png,-0.0200952972860991,0.0023824321524754,1
NVDA,2018-03-09,NVDA_20180309_00355,ml/datasets/charts/processed/NVDA/NVDA_20180309_00355.png,0.0212071778140292,0.0179445350734095,1
AMZN,2018-03-12,AMZN_20180312_00356,ml/datasets/charts/processed/AMZN/AMZN_20180312_00356.png,-0.0334084084084084,-0.0063813813813814,0
MSFT,2018-03-12,MSFT_20180312_00356,ml/datasets/charts/processed/MSFT/MSFT_20180312_00356.png,-0.0400950707864007,-0.0243877234680169,0
NVDA,2018-03-12,NVDA_20180312_00356,ml/datasets/charts/processed/NVDA/NVDA_20180312_00356.png,-0.0336538461538461,-0.0080128205128204,0
AMZN,2018-03-13,AMZN_20180313_00357,ml/datasets/charts/processed/AMZN/AMZN_20180313_00357.png,-0.0010074297947361,0.0017630021407883,1
MSFT,2018-03-13,MSFT_20180313_00357,ml/datasets/charts/processed/MSFT/MSFT_20180313_00357.png,-0.0135578858171804,-0.0059315750450164,0
NVDA,2018-03-13,NVDA_20180313_00357,ml/datasets/charts/processed/NVDA/NVDA_20180313_00357.png,0.0080775444264942,0.0048465266558965,1
AMZN,2018-03-14,AMZN_20180314_00358,ml/datasets/charts/processed/AMZN/AMZN_20180314_00358.png,-0.0057825267127591,-0.0054054054054053,0
MSFT,2018-03-14,MSFT_20180314_00358,ml/datasets/charts/processed/MSFT/MSFT_20180314_00358.png,-0.0145977623867873,0.0035162493340439,1
NVDA,2018-03-14,NVDA_20180314_00358,ml/datasets/charts/processed/NVDA/NVDA_20180314_00358.png,-0.0016077170418006,0.0016077170418007,1
AMZN,2018-03-15,AMZN_20180315_00359,ml/datasets/charts/processed/AMZN/AMZN_20180315_00359.png,-0.0236349848331648,-0.006825075834176,0
MSFT,2018-03-15,MSFT_20180315_00359,ml/datasets/charts/processed/MSFT/MSFT_20180315_00359.png,-0.0466128689743045,0.0044595455510723,1
NVDA,2018-03-15,NVDA_20180315_00359,ml/datasets/charts/processed/NVDA/NVDA_20180315_00359.png,-0.0288924558587481,0.0048154093097911,1
AMZN,2018-03-16,AMZN_20180316_00360,ml/datasets/charts/processed/AMZN/AMZN_20180316_00360.png,-0.0483583609060829,-0.016925426317129,0
MSFT,2018-03-16,MSFT_20180316_00360,ml/datasets/charts/processed/MSFT/MSFT_20180316_00360.png,-0.0784355179704016,-0.0180761099365749,0
NVDA,2018-03-16,NVDA_20180316_00360,ml/datasets/charts/processed/NVDA/NVDA_20180316_00360.png,-0.0702875399361021,-0.0367412140575079,0
AMZN,2018-03-19,AMZN_20180319_00361,ml/datasets/charts/processed/AMZN/AMZN_20180319_00361.png,0.006990291262136,0.0269255663430421,1
MSFT,2018-03-19,MSFT_20180319_00361,ml/datasets/charts/processed/MSFT/MSFT_20180319_00361.png,0.0095812251049629,0.0025837011519,1
NVDA,2018-03-19,NVDA_20180319_00361,ml/datasets/charts/processed/NVDA/NVDA_20180319_00361.png,0.0132669983416251,0.0348258706467661,1
AMZN,2018-03-20,AMZN_20180320_00362,ml/datasets/charts/processed/AMZN/AMZN_20180320_00362.png,-0.0564729610487836,-0.0030253371990419,0
MSFT,2018-03-20,MSFT_20180320_00362,ml/datasets/charts/processed/MSFT/MSFT_20180320_00362.png,-0.0392999033608933,-0.0069794910340383,0
NVDA,2018-03-20,NVDA_20180320_00362,ml/datasets/charts/processed/NVDA/NVDA_20180320_00362.png,-0.0961538461538462,-0.0048076923076924,0
AMZN,2018-03-21,AMZN_20180321_00363,ml/datasets/charts/processed/AMZN/AMZN_20180321_00363.png,-0.0950815526615249,-0.0232646352256923,0
MSFT,2018-03-21,MSFT_20180321_00363,ml/datasets/charts/processed/MSFT/MSFT_20180321_00363.png,-0.0334126297577854,-0.0290873702422145,0
NVDA,2018-03-21,NVDA_20180321_00363,ml/datasets/charts/processed/NVDA/NVDA_20180321_00363.png,-0.109500805152979,-0.0257648953301127,0
AMZN,2018-03-22,AMZN_20180322_00364,ml/datasets/charts/processed/AMZN/AMZN_20180322_00364.png,-0.0631715210355986,-0.0319741100323623,0
MSFT,2018-03-22,MSFT_20180322_00364,ml/datasets/charts/processed/MSFT/MSFT_20180322_00364.png,0.0164829045550727,-0.0290678249248246,0
NVDA,2018-03-22,NVDA_20180322_00364,ml/datasets/charts/processed/NVDA/NVDA_20180322_00364.png,-0.0429752066115701,-0.0380165289256198,0
AMZN,2018-03-23,AMZN_20180323_00365,ml/datasets/charts/processed/AMZN/AMZN_20180323_00365.png,-0.0826424177587591,0.0402514041187485,1
MSFT,2018-03-23,MSFT_20180323_00365,ml/datasets/charts/processed/MSFT/MSFT_20180323_00365.png,0.0153704978206008,0.0757054370268408,1
NVDA,2018-03-23,NVDA_20180323_00365,ml/datasets/charts/processed/NVDA/NVDA_20180323_00365.png,-0.0498281786941581,0.0498281786941581,1
AMZN,2018-03-26,AMZN_20180326_00366,ml/datasets/charts/processed/AMZN/AMZN_20180326_00366.png,-0.1052834554569998,-0.037794060933282,0
MSFT,2018-03-26,MSFT_20180326_00366,ml/datasets/charts/processed/MSFT/MSFT_20180326_00366.png,-0.04339944551077,-0.04595862657283,0
NVDA,2018-03-26,NVDA_20180326_00366,ml/datasets/charts/processed/NVDA/NVDA_20180326_00366.png,-0.0785597381342062,-0.0769230769230769,0
AMZN,2018-03-27,AMZN_20180327_00367,ml/datasets/charts/processed/AMZN/AMZN_20180327_00367.png,-0.0577154308617233,-0.0438209752839011,0
MSFT,2018-03-27,MSFT_20180327_00367,ml/datasets/charts/processed/MSFT/MSFT_20180327_00367.png,0.031966022130323,-0.0008941544651838,0
NVDA,2018-03-27,NVDA_20180327_00367,ml/datasets/charts/processed/NVDA/NVDA_20180327_00367.png,0.0035460992907803,-0.0195035460992907,0
AMZN,2018-03-28,AMZN_20180328_00368,ml/datasets/charts/processed/AMZN/AMZN_20180328_00368.png,0.0142517814726841,0.0111778678217131,1
MSFT,2018-03-28,MSFT_20180328_00368,ml/datasets/charts/processed/MSFT/MSFT_20180328_00368.png,0.0334489316478352,0.0210314352835887,1
NVDA,2018-03-28,NVDA_20180328_00368,ml/datasets/charts/processed/NVDA/NVDA_20180328_00368.png,0.0,0.047016274864376,1
AMZN,2018-03-29,AMZN_20180329_00369,ml/datasets/charts/processed/AMZN/AMZN_20180329_00369.png,-0.0291557275113997,-0.0520934088710792,0
MSFT,2018-03-29,MSFT_20180329_00369,ml/datasets/charts/processed/MSFT/MSFT_20180329_00369.png,-0.0113947627917168,-0.0301303823819436,0
NVDA,2018-03-29,NVDA_20180329_00369,ml/datasets/charts/processed/NVDA/NVDA_20180329_00369.png,-0.0742659758203799,-0.0449050086355785,0
AMZN,2018-04-02,AMZN_20180402_00370,ml/datasets/charts/processed/AMZN/AMZN_20180402_00370.png,0.0247813411078716,0.0145772594752187,1
MSFT,2018-04-02,MSFT_20180402_00370,ml/datasets/charts/processed/MSFT/MSFT_20180402_00370.png,0.0254179846362403,0.0134432896520559,1
NVDA,2018-04-02,NVDA_20180402_00370,ml/datasets/charts/processed/NVDA/NVDA_20180402_00370.png,-0.0253164556962026,0.0180831826401446,1
AMZN,2018-04-03,AMZN_20180403_00371,ml/datasets/charts/processed/AMZN/AMZN_20180403_00371.png,0.0317528735632184,0.0133620689655173,1
MSFT,2018-04-03,MSFT_20180403_00371,ml/datasets/charts/processed/MSFT/MSFT_20180403_00371.png,0.0353360829338982,0.0292052168097203,1
NVDA,2018-04-03,NVDA_20180403_00371,ml/datasets/charts/processed/NVDA/NVDA_20180403_00371.png,0.0124333925399644,0.005328596802842,1
AMZN,2018-04-04,AMZN_20180404_00372,ml/datasets/charts/processed/AMZN/AMZN_20180404_00372.png,0.0116262583297885,0.0292074294626401,1
MSFT,2018-04-04,MSFT_20180404_00372,ml/datasets/charts/processed/MSFT/MSFT_20180404_00372.png,-0.0050904364778511,0.000541535795516,1
NVDA,2018-04-04,NVDA_20180404_00372,ml/datasets/charts/processed/NVDA/NVDA_20180404_00372.png,0.0,-0.0229681978798586,0
AMZN,2018-04-05,AMZN_20180405_00373,ml/datasets/charts/processed/AMZN/AMZN_20180405_00373.png,-0.0023419203747072,-0.0320980851356935,0
MSFT,2018-04-05,MSFT_20180405_00373,ml/datasets/charts/processed/MSFT/MSFT_20180405_00373.png,0.0129898246373674,-0.0232734358086165,0
NVDA,2018-04-05,NVDA_20180405_00373,ml/datasets/charts/processed/NVDA/NVDA_20180405_00373.png,0.0614828209764919,-0.0307414104882459,0
AMZN,2018-04-06,AMZN_20180406_00374,ml/datasets/charts/processed/AMZN/AMZN_20180406_00374.png,0.0182180472530599,0.000569313976658,1
MSFT,2018-04-06,MSFT_20180406_00374,ml/datasets/charts/processed/MSFT/MSFT_20180406_00374.png,0.0315859470242712,0.005984705751967,1
NVDA,2018-04-06,NVDA_20180406_00374,ml/datasets/charts/processed/NVDA/NVDA_20180406_00374.png,0.0802238805970148,0.005597014925373,1
AMZN,2018-04-09,AMZN_20180409_00375,ml/datasets/charts/processed/AMZN/AMZN_20180409_00375.png,0.0253200568990041,0.0214793741109531,1
MSFT,2018-04-09,MSFT_20180409_00375,ml/datasets/charts/processed/MSFT/MSFT_20180409_00375.png,0.0374573096838162,0.0232455657155448,1
NVDA,2018-04-09,NVDA_20180409_00375,ml/datasets/charts/processed/NVDA/NVDA_20180409_00375.png,0.0742115027829313,0.0575139146567718,1
AMZN,2018-04-10,AMZN_20180410_00376,ml/datasets/charts/processed/AMZN/AMZN_20180410_00376.png,0.0470686533908926,-0.0064057930650328,0
MSFT,2018-04-10,MSFT_20180410_00376,ml/datasets/charts/processed/MSFT/MSFT_20180410_00376.png,0.0343453919035314,-0.0109819121447027,0
NVDA,2018-04-10,NVDA_20180410_00376,ml/datasets/charts/processed/NVDA/NVDA_20180410_00376.png,0.0421052631578948,-0.0070175438596491,0
AMZN,2018-04-11,AMZN_20180411_00377,ml/datasets/charts/processed/AMZN/AMZN_20180411_00377.png,0.0706377014716188,0.0149964961457604,1
MSFT,2018-04-11,MSFT_20180411_00377,ml/datasets/charts/processed/MSFT/MSFT_20180411_00377.png,0.0498584802961028,0.018724145438711,1
NVDA,2018-04-11,NVDA_20180411_00377,ml/datasets/charts/processed/NVDA/NVDA_20180411_00377.png,0.0441696113074205,0.0371024734982332,1
AMZN,2018-04-12,AMZN_20180412_00378,ml/datasets/charts/processed/AMZN/AMZN_20180412_00378.png,0.0749792874896435,-0.0121513394090029,0
MSFT,2018-04-12,MSFT_20180412_00378,ml/datasets/charts/processed/MSFT/MSFT_20180412_00378.png,0.0270356913870484,-0.0053430220132506,0
NVDA,2018-04-12,NVDA_20180412_00378,ml/datasets/charts/processed/NVDA/NVDA_20180412_00378.png,-0.0238500851788755,-0.0136286201022146,0
AMZN,2018-04-13,AMZN_20180413_00379,ml/datasets/charts/processed/AMZN/AMZN_20180413_00379.png,0.0675146771037182,0.0075482247693596,1
MSFT,2018-04-13,MSFT_20180413_00379,ml/datasets/charts/processed/MSFT/MSFT_20180413_00379.png,0.0206274172754619,0.0117103566824237,1
NVDA,2018-04-13,NVDA_20180413_00379,ml/datasets/charts/processed/NVDA/NVDA_20180413_00379.png,-0.0120898100172711,0.0,0
AMZN,2018-04-16,AMZN_20180416_00380,ml/datasets/charts/processed/AMZN/AMZN_20180416_00380.png,0.052857935627081,0.0431465038845726,1
MSFT,2018-04-16,MSFT_20180416_00380,ml/datasets/charts/processed/MSFT/MSFT_20180416_00380.png,0.0125305298927471,0.0201762769459488,1
NVDA,2018-04-16,NVDA_20180416_00380,ml/datasets/charts/processed/NVDA/NVDA_20180416_00380.png,-0.0328151986183075,0.0259067357512954,1
AMZN,2018-04-17,AMZN_20180417_00381,ml/datasets/charts/processed/AMZN/AMZN_20180417_00381.png,-0.0291262135922329,0.0159595690916345,1
MSFT,2018-04-17,MSFT_20180417_00381,ml/datasets/charts/processed/MSFT/MSFT_20180417_00381.png,-0.0307067763089412,0.0038513583845114,1
NVDA,2018-04-17,NVDA_20180417_00381,ml/datasets/charts/processed/NVDA/NVDA_20180417_00381.png,-0.0690235690235691,-0.005050505050505,0
AMZN,2018-04-18,AMZN_20180418_00382,ml/datasets/charts/processed/AMZN/AMZN_20180418_00382.png,-0.0442466291399397,0.0191124492734651,1
MSFT,2018-04-18,MSFT_20180418_00382,ml/datasets/charts/processed/MSFT/MSFT_20180418_00382.png,-0.0428245541269182,-0.0034218166735794,0
NVDA,2018-04-18,NVDA_20180418_00382,ml/datasets/charts/processed/NVDA/NVDA_20180418_00382.png,-0.0829103214890016,-0.0304568527918781,0
AMZN,2018-04-19,AMZN_20180419_00383,ml/datasets/charts/processed/AMZN/AMZN_20180419_00383.png,-0.0250481695568399,-0.0190109184328836,0
MSFT,2018-04-19,MSFT_20180419_00383,ml/datasets/charts/processed/MSFT/MSFT_20180419_00383.png,-0.0192487774425137,-0.0115492664655082,0
NVDA,2018-04-19,NVDA_20180419_00383,ml/datasets/charts/processed/NVDA/NVDA_20180419_00383.png,-0.0174520069808028,-0.0017452006980803,0
AMZN,2018-04-20,AMZN_20180420_00384,ml/datasets/charts/processed/AMZN/AMZN_20180420_00384.png,0.0295927720309021,-0.0062851905198376,0
MSFT,2018-04-20,MSFT_20180420_00384,ml/datasets/charts/processed/MSFT/MSFT_20180420_00384.png,0.0086315789473683,0.0036842105263157,1
NVDA,2018-04-20,NVDA_20180420_00384,ml/datasets/charts/processed/NVDA/NVDA_20180420_00384.png,-0.0104895104895104,-0.020979020979021,0
AMZN,2018-04-23,AMZN_20180423_00385,ml/datasets/charts/processed/AMZN/AMZN_20180423_00385.png,0.0318882593227038,-0.0380814336539728,0
MSFT,2018-04-23,MSFT_20180423_00385,ml/datasets/charts/processed/MSFT/MSFT_20180423_00385.png,-0.0191924488725747,-0.0233875196643942,0
NVDA,2018-04-23,NVDA_20180423_00385,ml/datasets/charts/processed/NVDA/NVDA_20180423_00385.png,0.0035714285714285,-0.0124999999999998,0
AMZN,2018-04-24,AMZN_20180424_00386,ml/datasets/charts/processed/AMZN/AMZN_20180424_00386.png,0.0836986301369862,0.0001369863013698,1
MSFT,2018-04-24,MSFT_20180424_00386,ml/datasets/charts/processed/MSFT/MSFT_20180424_00386.png,0.020189003436426,-0.0086984536082473,0
NVDA,2018-04-24,NVDA_20180424_00386,ml/datasets/charts/processed/NVDA/NVDA_20180424_00386.png,0.0271247739602169,-0.0198915009041591,0
AMZN,2018-04-25,AMZN_20180425_00387,ml/datasets/charts/processed/AMZN/AMZN_20180425_00387.png,0.0749212436652513,0.0395836186823723,1
MSFT,2018-04-25,MSFT_20180425_00387,ml/datasets/charts/processed/MSFT/MSFT_20180425_00387.png,0.0129996750081249,0.0211244718882028,1
NVDA,2018-04-25,NVDA_20180425_00387,ml/datasets/charts/processed/NVDA/NVDA_20180425_00387.png,0.0442804428044281,0.0387453874538745,1
AMZN,2018-04-26,AMZN_20180426_00388,ml/datasets/charts/processed/AMZN/AMZN_20180426_00388.png,0.035573122529644,0.0359683794466401,1
MSFT,2018-04-26,MSFT_20180426_00388,ml/datasets/charts/processed/MSFT/MSFT_20180426_00388.png,-0.0020157012518566,0.016549968173138,1
NVDA,2018-04-26,NVDA_20180426_00388,ml/datasets/charts/processed/NVDA/NVDA_20180426_00388.png,0.0337477797513321,0.005328596802842,1
AMZN,2018-04-27,AMZN_20180427_00389,ml/datasets/charts/processed/AMZN/AMZN_20180427_00389.png,0.0053414727203358,-0.0040696935012081,0
MSFT,2018-04-27,MSFT_20180427_00389,ml/datasets/charts/processed/MSFT/MSFT_20180427_00389.png,-0.0068879148403255,-0.024003339595074,0
NVDA,2018-04-27,NVDA_20180427_00389,ml/datasets/charts/processed/NVDA/NVDA_20180427_00389.png,0.0565371024734981,-0.0070671378091873,0
AMZN,2018-04-30,AMZN_20180430_00390,ml/datasets/charts/processed/AMZN/AMZN_20180430_00390.png,0.0217085940492913,0.0102158089643722,1
MSFT,2018-04-30,MSFT_20180430_00390,ml/datasets/charts/processed/MSFT/MSFT_20180430_00390.png,0.0288708297690334,0.0158254918733962,1
NVDA,2018-04-30,NVDA_20180430_00390,ml/datasets/charts/processed/NVDA/NVDA_20180430_00390.png,0.1067615658362988,0.0106761565836297,1
AMZN,2018-05-01,AMZN_20180501_00391,ml/datasets/charts/processed/AMZN/AMZN_20180501_00391.png,0.0064467197572999,-0.0079635949943116,0
MSFT,2018-05-01,MSFT_20180501_00391,ml/datasets/charts/processed/MSFT/MSFT_20180501_00391.png,0.0085263157894737,-0.0156842105263157,0
NVDA,2018-05-01,NVDA_20180501_00391,ml/datasets/charts/processed/NVDA/NVDA_20180501_00391.png,0.102112676056338,-0.0035211267605632,0
AMZN,2018-05-02,AMZN_20180502_00392,ml/datasets/charts/processed/AMZN/AMZN_20180502_00392.png,0.0244648318042812,0.0015290519877675,1
MSFT,2018-05-02,MSFT_20180502_00392,ml/datasets/charts/processed/MSFT/MSFT_20180502_00392.png,0.0366805689231097,0.005988664313977,1
NVDA,2018-05-02,NVDA_20180502_00392,ml/datasets/charts/processed/NVDA/NVDA_20180502_00392.png,0.1289752650176676,0.028268551236749,1
AMZN,2018-05-03,AMZN_20180503_00393,ml/datasets/charts/processed/AMZN/AMZN_20180503_00393.png,0.0235368956743002,0.0057251908396946,1
MSFT,2018-05-03,MSFT_20180503_00393,ml/datasets/charts/processed/MSFT/MSFT_20180503_00393.png,0.0408206654618901,0.0115871159774636,1
NVDA,2018-05-03,NVDA_20180503_00393,ml/datasets/charts/processed/NVDA/NVDA_20180503_00393.png,0.1168384879725086,0.027491408934708,1
AMZN,2018-05-04,AMZN_20180504_00394,ml/datasets/charts/processed/AMZN/AMZN_20180504_00394.png,0.0139152435167615,0.0121442125237192,1
MSFT,2018-05-04,MSFT_20180504_00394,ml/datasets/charts/processed/MSFT/MSFT_20180504_00394.png,0.0266918873476251,0.0111391340899538,1
NVDA,2018-05-04,NVDA_20180504_00394,ml/datasets/charts/processed/NVDA/NVDA_20180504_00394.png,0.0635451505016722,0.040133779264214,1
AMZN,2018-05-07,AMZN_20180507_00395,ml/datasets/charts/processed/AMZN/AMZN_20180507_00395.png,0.0008748906386701,-0.0048743907011623,0
MSFT,2018-05-07,MSFT_20180507_00395,ml/datasets/charts/processed/MSFT/MSFT_20180507_00395.png,0.0188110579921014,-0.0042610683849511,0
NVDA,2018-05-07,NVDA_20180507_00395,ml/datasets/charts/processed/NVDA/NVDA_20180507_00395.png,0.0257234726688102,0.0064308681672025,1
AMZN,2018-05-08,AMZN_20180508_00396,ml/datasets/charts/processed/AMZN/AMZN_20180508_00396.png,-0.0101733232856066,0.0097965335342877,1
MSFT,2018-05-08,MSFT_20180508_00396,ml/datasets/charts/processed/MSFT/MSFT_20180508_00396.png,0.015760359043941,0.0117941759732804,1
NVDA,2018-05-08,NVDA_20180508_00396,ml/datasets/charts/processed/NVDA/NVDA_20180508_00396.png,-0.0191693290734824,0.0207667731629392,1
AMZN,2018-05-09,AMZN_20180509_00397,ml/datasets/charts/processed/AMZN/AMZN_20180509_00397.png,-0.0129353233830846,0.0006218905472636,1
MSFT,2018-05-09,MSFT_20180509_00397,ml/datasets/charts/processed/MSFT/MSFT_20180509_00397.png,0.0021662884258304,0.0100061893955023,1
NVDA,2018-05-09,NVDA_20180509_00397,ml/datasets/charts/processed/NVDA/NVDA_20180509_00397.png,-0.0375586854460092,0.0172143974960876,1
AMZN,2018-05-10,AMZN_20180510_00398,ml/datasets/charts/processed/AMZN/AMZN_20180510_00398.png,-0.0169049098819141,-0.0037290242386575,0
MSFT,2018-05-10,MSFT_20180510_00398,ml/datasets/charts/processed/MSFT/MSFT_20180510_00398.png,-0.0176692881217443,-0.0021448268818301,0
NVDA,2018-05-10,NVDA_20180510_00398,ml/datasets/charts/processed/NVDA/NVDA_20180510_00398.png,-0.0476923076923075,-0.0215384615384615,0
AMZN,2018-05-11,AMZN_20180511_00399,ml/datasets/charts/processed/AMZN/AMZN_20180511_00399.png,-0.017841547099189,-0.0008733624454149,0
MSFT,2018-05-11,MSFT_20180511_00399,ml/datasets/charts/processed/MSFT/MSFT_20180511_00399.png,-0.0137154554759467,0.0033776867963153,1
NVDA,2018-05-11,NVDA_20180511_00399,ml/datasets/charts/processed/NVDA/NVDA_20180511_00399.png,-0.0330188679245283,0.0031446540880502,1
AMZN,2018-05-14,AMZN_20180514_00400,ml/datasets/charts/processed/AMZN/AMZN_20180514_00400.png,-0.0101148851148851,-0.0158591408591408,0
MSFT,2018-05-14,MSFT_20180514_00400,ml/datasets/charts/processed/MSFT/MSFT_20180514_00400.png,-0.0043864123227583,-0.0072426808119964,0
NVDA,2018-05-14,NVDA_20180514_00400,ml/datasets/charts/processed/NVDA/NVDA_20180514_00400.png,-0.0423197492163008,-0.0376175548589342,0
AMZN,2018-05-15,AMZN_20180515_00401,ml/datasets/charts/processed/AMZN/AMZN_20180515_00401.png,0.0032990737216087,0.006978809795711,1
MSFT,2018-05-15,MSFT_20180515_00401,ml/datasets/charts/processed/MSFT/MSFT_20180515_00401.png,0.001849568434032,-0.0017468146321412,0
NVDA,2018-05-15,NVDA_20180515_00401,ml/datasets/charts/processed/NVDA/NVDA_20180515_00401.png,-0.0114006514657979,0.001628664495114,1
AMZN,2018-05-16,AMZN_20180516_00402,ml/datasets/charts/processed/AMZN/AMZN_20180516_00402.png,0.0091985887096774,-0.0034022177419353,0
MSFT,2018-05-16,MSFT_20180516_00402,ml/datasets/charts/processed/MSFT/MSFT_20180516_00402.png,0.015542974781266,-0.0099845599588265,0
NVDA,2018-05-16,NVDA_20180516_00402,ml/datasets/charts/processed/NVDA/NVDA_20180516_00402.png,0.0065040650406504,0.0065040650406504,1
AMZN,2018-05-17,AMZN_20180517_00403,ml/datasets/charts/processed/AMZN/AMZN_20180517_00403.png,0.0134024529017575,-0.0046782146921229,0
MSFT,2018-05-17,MSFT_20180517_00403,ml/datasets/charts/processed/MSFT/MSFT_20180517_00403.png,0.0221459762944478,0.0018714909544603,1
NVDA,2018-05-17,NVDA_20180517_00403,ml/datasets/charts/processed/NVDA/NVDA_20180517_00403.png,0.0,-0.0064620355411955,0
AMZN,2018-05-18,AMZN_20180518_00404,ml/datasets/charts/processed/AMZN/AMZN_20180518_00404.png,0.0227388211382113,0.006986788617886,1
MSFT,2018-05-18,MSFT_20180518_00404,ml/datasets/charts/processed/MSFT/MSFT_20180518_00404.png,0.020755500207555,0.012868410128684,1
NVDA,2018-05-18,NVDA_20180518_00404,ml/datasets/charts/processed/NVDA/NVDA_20180518_00404.png,0.0130081300813007,-0.0065040650406503,0
AMZN,2018-05-21,AMZN_20180521_00405,ml/datasets/charts/processed/AMZN/AMZN_20180521_00405.png,0.0172827046802068,-0.002523022581052,0
MSFT,2018-05-21,MSFT_20180521_00405,ml/datasets/charts/processed/MSFT/MSFT_20180521_00405.png,0.0042008196721312,-0.0010245901639344,0
NVDA,2018-05-21,NVDA_20180521_00405,ml/datasets/charts/processed/NVDA/NVDA_20180521_00405.png,0.0163666121112928,-0.0065466448445171,0
AMZN,2018-05-22,AMZN_20180522_00406,ml/datasets/charts/processed/AMZN/AMZN_20180522_00406.png,0.0274440369293031,0.0128999620589351,1
MSFT,2018-05-22,MSFT_20180522_00406,ml/datasets/charts/processed/MSFT/MSFT_20180522_00406.png,0.0148717948717949,0.0118974358974359,1
NVDA,2018-05-22,NVDA_20180522_00406,ml/datasets/charts/processed/NVDA/NVDA_20180522_00406.png,0.0411861614497528,0.0197693574958814,1
AMZN,2018-05-23,AMZN_20180523_00407,ml/datasets/charts/processed/AMZN/AMZN_20180523_00407.png,0.0173554750905231,0.0007491571981521,1
MSFT,2018-05-23,MSFT_20180523_00407,ml/datasets/charts/processed/MSFT/MSFT_20180523_00407.png,0.0018244475978106,-0.0035475369957429,0
NVDA,2018-05-23,NVDA_20180523_00407,ml/datasets/charts/processed/NVDA/NVDA_20180523_00407.png,0.0177705977382873,0.0,0
AMZN,2018-05-24,AMZN_20180524_00408,ml/datasets/charts/processed/AMZN/AMZN_20180524_00408.png,0.0240798502807235,0.0044915782907049,1
MSFT,2018-05-24,MSFT_20180524_00408,ml/datasets/charts/processed/MSFT/MSFT_20180524_00408.png,0.0252263248906521,0.0005085952598922,1
NVDA,2018-05-24,NVDA_20180524_00408,ml/datasets/charts/processed/NVDA/NVDA_20180524_00408.png,0.0403877221324717,0.0064620355411955,1
AMZN,2018-05-25,AMZN_20180525_00409,ml/datasets/charts/processed/AMZN/AMZN_20180525_00409.png,0.0341572475468885,0.001614706247671,1
MSFT,2018-05-25,MSFT_20180525_00409,ml/datasets/charts/processed/MSFT/MSFT_20180525_00409.png,0.0336518910126066,-0.0035583570557136,0
NVDA,2018-05-25,NVDA_20180525_00409,ml/datasets/charts/processed/NVDA/NVDA_20180525_00409.png,0.0626003210272871,-0.0032102728731943,0
AMZN,2018-05-29,AMZN_20180529_00410,ml/datasets/charts/processed/AMZN/AMZN_20180529_00410.png,0.0518353174603174,0.007440476190476,1
MSFT,2018-05-29,MSFT_20180529_00410,ml/datasets/charts/processed/MSFT/MSFT_20180529_00410.png,0.042648709315376,0.0095908580757064,1
NVDA,2018-05-29,NVDA_20180529_00410,ml/datasets/charts/processed/NVDA/NVDA_20180529_00410.png,0.0676328502415459,0.0177133655394525,1
AMZN,2018-05-30,AMZN_20180530_00411,ml/datasets/charts/processed/AMZN/AMZN_20180530_00411.png,0.0436976858690301,0.0029542097488923,1
MSFT,2018-05-30,MSFT_20180530_00411,ml/datasets/charts/processed/MSFT/MSFT_20180530_00411.png,0.03577564426478,-0.0011116725618999,0
NVDA,2018-05-30,NVDA_20180530_00411,ml/datasets/charts/processed/NVDA/NVDA_20180530_00411.png,0.0490506329113924,-0.0031645569620254,0
AMZN,2018-05-31,AMZN_20180531_00412,ml/datasets/charts/processed/AMZN/AMZN_20180531_00412.png,0.036696121747668,0.0073637702503681,1
MSFT,2018-05-31,MSFT_20180531_00412,ml/datasets/charts/processed/MSFT/MSFT_20180531_00412.png,0.0206394172399837,0.0197288547146905,1
NVDA,2018-05-31,NVDA_20180531_00412,ml/datasets/charts/processed/NVDA/NVDA_20180531_00412.png,0.0428571428571429,0.0222222222222223,1
AMZN,2018-06-01,AMZN_20180601_00413,ml/datasets/charts/processed/AMZN/AMZN_20180601_00413.png,0.0258284600389864,0.0143762183235869,1
MSFT,2018-06-01,MSFT_20180601_00413,ml/datasets/charts/processed/MSFT/MSFT_20180601_00413.png,0.0083341601349338,0.0087310249032641,1
NVDA,2018-06-01,NVDA_20180601_00413,ml/datasets/charts/processed/NVDA/NVDA_20180601_00413.png,0.0186335403726707,0.0279503105590062,1
AMZN,2018-06-04,AMZN_20180604_00414,ml/datasets/charts/processed/AMZN/AMZN_20180604_00414.png,0.0144126831611817,0.0187364881095362,1
MSFT,2018-06-04,MSFT_20180604_00414,ml/datasets/charts/processed/MSFT/MSFT_20180604_00414.png,-0.0060981607160421,0.005114586407003,1
NVDA,2018-06-04,NVDA_20180604_00414,ml/datasets/charts/processed/NVDA/NVDA_20180604_00414.png,-0.0151057401812689,0.0015105740181269,1
AMZN,2018-06-05,AMZN_20180605_00415,ml/datasets/charts/processed/AMZN/AMZN_20180605_00415.png,0.0014147606696535,-0.0003536901674131,0
MSFT,2018-06-05,MSFT_20180605_00415,ml/datasets/charts/processed/MSFT/MSFT_20180605_00415.png,-0.0086114101184068,0.0029357079949114,1
NVDA,2018-06-05,NVDA_20180605_00415,ml/datasets/charts/processed/NVDA/NVDA_20180605_00415.png,-0.0105580693815988,0.0,0
AMZN,2018-06-06,AMZN_20180606_00416,ml/datasets/charts/processed/AMZN/AMZN_20180606_00416.png,0.0053072296261349,-0.0037740299563628,0
MSFT,2018-06-06,MSFT_20180606_00416,ml/datasets/charts/processed/MSFT/MSFT_20180606_00416.png,-0.0160015611279149,-0.0157088496438676,0
NVDA,2018-06-06,NVDA_20180606_00416,ml/datasets/charts/processed/NVDA/NVDA_20180606_00416.png,-0.0105580693815988,-0.009049773755656,0
AMZN,2018-06-07,AMZN_20180607_00417,ml/datasets/charts/processed/AMZN/AMZN_20180607_00417.png,0.0203622587901028,-0.0031964010891439,0
MSFT,2018-06-07,MSFT_20180607_00417,ml/datasets/charts/processed/MSFT/MSFT_20180607_00417.png,0.0053528945281522,0.0074345757335447,1
NVDA,2018-06-07,NVDA_20180607_00417,ml/datasets/charts/processed/NVDA/NVDA_20180607_00417.png,0.0152207001522068,-0.0015220700152207,0
AMZN,2018-06-08,AMZN_20180608_00418,ml/datasets/charts/processed/AMZN/AMZN_20180608_00418.png,0.0190023752969119,0.0030878859857481,1
MSFT,2018-06-08,MSFT_20180608_00418,ml/datasets/charts/processed/MSFT/MSFT_20180608_00418.png,-0.0147594214306798,-0.0057069762865294,0
NVDA,2018-06-08,NVDA_20180608_00418,ml/datasets/charts/processed/NVDA/NVDA_20180608_00418.png,0.0106707317073171,-0.0060975609756097,0
AMZN,2018-06-11,AMZN_20180611_00419,ml/datasets/charts/processed/AMZN/AMZN_20180611_00419.png,0.020483068908359,0.0056831636277527,1
MSFT,2018-06-11,MSFT_20180611_00419,ml/datasets/charts/processed/MSFT/MSFT_20180611_00419.png,-0.0018802572983671,0.0025729836714498,1
NVDA,2018-06-11,NVDA_20180611_00419,ml/datasets/charts/processed/NVDA/NVDA_20180611_00419.png,0.0168711656441717,0.0061349693251533,1
AMZN,2018-06-12,AMZN_20180612_00420,ml/datasets/charts/processed/AMZN/AMZN_20180612_00420.png,0.0211914292441723,0.0035319048740287,1
MSFT,2018-06-12,MSFT_20180612_00420,ml/datasets/charts/processed/MSFT/MSFT_20180612_00420.png,-0.0044418122594018,-0.0045405191984997,0
NVDA,2018-06-12,NVDA_20180612_00420,ml/datasets/charts/processed/NVDA/NVDA_20180612_00420.png,-0.0091463414634145,0.0,0
AMZN,2018-06-13,AMZN_20180613_00421,ml/datasets/charts/processed/AMZN/AMZN_20180613_00421.png,0.0265133740028156,0.0111450023463162,1
MSFT,2018-06-13,MSFT_20180613_00421,ml/datasets/charts/processed/MSFT/MSFT_20180613_00421.png,0.010114030738721,0.0056519583539911,1
NVDA,2018-06-13,NVDA_20180613_00421,ml/datasets/charts/processed/NVDA/NVDA_20180613_00421.png,0.0,0.0167682926829269,1
AMZN,2018-06-14,AMZN_20180614_00422,ml/datasets/charts/processed/AMZN/AMZN_20180614_00422.png,0.0037127276946282,-0.004524886877828,0
MSFT,2018-06-14,MSFT_20180614_00422,ml/datasets/charts/processed/MSFT/MSFT_20180614_00422.png,-0.0027607966870439,-0.0127193847367383,0
NVDA,2018-06-14,NVDA_20180614_00422,ml/datasets/charts/processed/NVDA/NVDA_20180614_00422.png,-0.0359820089955023,-0.0059970014992504,0
AMZN,2018-06-15,AMZN_20180615_00423,ml/datasets/charts/processed/AMZN/AMZN_20180615_00423.png,-0.0002331002331001,0.0045454545454546,1
MSFT,2018-06-15,MSFT_20180615_00423,ml/datasets/charts/processed/MSFT/MSFT_20180615_00423.png,0.0027963647258564,0.0072905223209827,1
NVDA,2018-06-15,NVDA_20180615_00423,ml/datasets/charts/processed/NVDA/NVDA_20180615_00423.png,-0.0542986425339366,0.0,0
AMZN,2018-06-18,AMZN_20180618_00424,ml/datasets/charts/processed/AMZN/AMZN_20180618_00424.png,-0.0351548903585102,0.0063812507251421,1
MSFT,2018-06-18,MSFT_20180618_00424,ml/datasets/charts/processed/MSFT/MSFT_20180618_00424.png,-0.0244893912353757,0.0,0
NVDA,2018-06-18,NVDA_20180618_00424,ml/datasets/charts/processed/NVDA/NVDA_20180618_00424.png,-0.0980392156862743,-0.0196078431372548,0
AMZN,2018-06-19,AMZN_20180619_00425,ml/datasets/charts/processed/AMZN/AMZN_20180619_00425.png,-0.0252478671893013,0.0087618169241412,1
MSFT,2018-06-19,MSFT_20180619_00425,ml/datasets/charts/processed/MSFT/MSFT_20180619_00425.png,-0.0176482252627404,0.0100138806266112,1
NVDA,2018-06-19,NVDA_20180619_00425,ml/datasets/charts/processed/NVDA/NVDA_20180619_00425.png,-0.0692307692307692,0.0092307692307691,1
AMZN,2018-06-20,AMZN_20180620_00426,ml/datasets/charts/processed/AMZN/AMZN_20180620_00426.png,-0.0510857142857142,-0.0113142857142856,0
MSFT,2018-06-20,MSFT_20180620_00426,ml/datasets/charts/processed/MSFT/MSFT_20180620_00426.png,-0.0425051536271718,-0.0071659958770983,0
NVDA,2018-06-20,NVDA_20180620_00426,ml/datasets/charts/processed/NVDA/NVDA_20180620_00426.png,-0.1021341463414634,-0.0198170731707316,0
AMZN,2018-06-21,AMZN_20180621_00427,ml/datasets/charts/processed/AMZN/AMZN_20180621_00427.png,-0.0166454745116172,-0.0084383308288059,0
MSFT,2018-06-21,MSFT_20180621_00427,ml/datasets/charts/processed/MSFT/MSFT_20180621_00427.png,-0.0248170852283963,-0.0072177180146332,0
NVDA,2018-06-21,NVDA_20180621_00427,ml/datasets/charts/processed/NVDA/NVDA_20180621_00427.png,-0.0637636080870918,-0.0248833592534992,0
AMZN,2018-06-22,AMZN_20180622_00428,ml/datasets/charts/processed/AMZN/AMZN_20180622_00428.png,-0.0092096059687573,-0.030543250174866,0
MSFT,2018-06-22,MSFT_20180622_00428,ml/datasets/charts/processed/MSFT/MSFT_20180622_00428.png,-0.0179265013444875,-0.0201175181754804,0
NVDA,2018-06-22,NVDA_20180622_00428,ml/datasets/charts/processed/NVDA/NVDA_20180622_00428.png,-0.0558213716108452,-0.0462519936204145,0
AMZN,2018-06-25,AMZN_20180625_00429,ml/datasets/charts/processed/AMZN/AMZN_20180625_00429.png,0.0304232804232804,0.0167147667147666,1
MSFT,2018-06-25,MSFT_20180625_00429,ml/datasets/charts/processed/MSFT/MSFT_20180625_00429.png,0.0164650879154386,0.0070129078158349,1
NVDA,2018-06-25,NVDA_20180625_00429,ml/datasets/charts/processed/NVDA/NVDA_20180625_00429.png,0.0133779264214044,0.0117056856187289,1
AMZN,2018-06-26,AMZN_20180626_00430,ml/datasets/charts/processed/AMZN/AMZN_20180626_00430.png,0.0017740981667653,-0.0179775280898876,0
MSFT,2018-06-26,MSFT_20180626_00430,ml/datasets/charts/processed/MSFT/MSFT_20180626_00430.png,-0.0003027856277755,-0.015542995559144,0
NVDA,2018-06-26,NVDA_20180626_00430,ml/datasets/charts/processed/NVDA/NVDA_20180626_00430.png,-0.0214876033057851,-0.0264462809917355,0
AMZN,2018-06-27,AMZN_20180627_00431,ml/datasets/charts/processed/AMZN/AMZN_20180627_00431.png,0.0236059255690712,0.0245694327351557,1
MSFT,2018-06-27,MSFT_20180627_00431,ml/datasets/charts/processed/MSFT/MSFT_20180627_00431.png,0.022759893377076,0.0111749026040597,1
NVDA,2018-06-27,NVDA_20180627_00431,ml/datasets/charts/processed/NVDA/NVDA_20180627_00431.png,0.0305602716468591,0.0220713073005092,1
AMZN,2018-06-28,AMZN_20180628_00432,ml/datasets/charts/processed/AMZN/AMZN_20180628_00432.png,0.00540731162572,-0.0009404020218642,0
MSFT,2018-06-28,MSFT_20180628_00432,ml/datasets/charts/processed/MSFT/MSFT_20180628_00432.png,0.0256514245158674,-0.0002027780594139,0
NVDA,2018-06-28,NVDA_20180628_00432,ml/datasets/charts/processed/NVDA/NVDA_20180628_00432.png,0.0265780730897009,-0.016611295681063,0
AMZN,2018-06-29,AMZN_20180629_00433,ml/datasets/charts/processed/AMZN/AMZN_20180629_00433.png,0.0230615366513708,0.0082362630897752,1
MSFT,2018-06-29,MSFT_20180629_00433,ml/datasets/charts/processed/MSFT/MSFT_20180629_00433.png,0.0328567082445998,0.0141973430686543,1
NVDA,2018-06-29,NVDA_20180629_00433,ml/datasets/charts/processed/NVDA/NVDA_20180629_00433.png,0.0523648648648649,0.0236486486486486,1
AMZN,2018-07-02,AMZN_20180702_00434,ml/datasets/charts/processed/AMZN/AMZN_20180702_00434.png,0.0170381608122303,-0.011553273427471,0
MSFT,2018-07-02,MSFT_20180702_00434,ml/datasets/charts/processed/MSFT/MSFT_20180702_00434.png,0.0210978902109788,-0.0095990400959904,0
NVDA,2018-07-02,NVDA_20180702_00434,ml/datasets/charts/processed/NVDA/NVDA_20180702_00434.png,0.0445544554455445,-0.023102310231023,0
AMZN,2018-07-03,AMZN_20180703_00435,ml/datasets/charts/processed/AMZN/AMZN_20180703_00435.png,0.036009445100354,0.0034238488783941,1
MSFT,2018-07-03,MSFT_20180703_00435,ml/datasets/charts/processed/MSFT/MSFT_20180703_00435.png,0.0295810196870267,0.0071680969207472,1
NVDA,2018-07-03,NVDA_20180703_00435,ml/datasets/charts/processed/NVDA/NVDA_20180703_00435.png,0.0456081081081081,0.0253378378378379,1
AMZN,2018-07-05,AMZN_20180705_00436,ml/datasets/charts/processed/AMZN/AMZN_20180705_00436.png,0.0569478762207318,0.0063536886692552,1
MSFT,2018-07-05,MSFT_20180705_00436,ml/datasets/charts/processed/MSFT/MSFT_20180705_00436.png,0.0444065757818763,0.0140336808340015,1
NVDA,2018-07-05,NVDA_20180705_00436,ml/datasets/charts/processed/NVDA/NVDA_20180705_00436.png,0.0345963756177924,0.0181219110378911,1
AMZN,2018-07-06,AMZN_20180706_00437,ml/datasets/charts/processed/AMZN/AMZN_20180706_00437.png,0.0598620367122648,0.016602361744417,1
MSFT,2018-07-06,MSFT_20180706_00437,ml/datasets/charts/processed/MSFT/MSFT_20180706_00437.png,0.0422103598260183,0.0068208778173191,1
NVDA,2018-07-06,NVDA_20180706_00437,ml/datasets/charts/processed/NVDA/NVDA_20180706_00437.png,0.0080906148867314,0.0080906148867314,1
AMZN,2018-07-09,AMZN_20180709_00438,ml/datasets/charts/processed/AMZN/AMZN_20180709_00438.png,0.0479585968947671,0.0023001725129385,1
MSFT,2018-07-09,MSFT_20180709_00438,ml/datasets/charts/processed/MSFT/MSFT_20180709_00438.png,0.0300441826215023,0.0026509572901325,1
NVDA,2018-07-09,NVDA_20180709_00438,ml/datasets/charts/processed/NVDA/NVDA_20180709_00438.png,-0.0032102728731943,0.0160513643659709,1
AMZN,2018-07-10,AMZN_20180710_00439,ml/datasets/charts/processed/AMZN/AMZN_20180710_00439.png,0.0579460699942626,0.0068846815834766,1
MSFT,2018-07-10,MSFT_20180710_00439,ml/datasets/charts/processed/MSFT/MSFT_20180710_00439.png,0.0375048962005484,-0.0013709361535448,0
NVDA,2018-07-10,NVDA_20180710_00439,ml/datasets/charts/processed/NVDA/NVDA_20180710_00439.png,0.0015797788309637,-0.0221169036334912,0
AMZN,2018-07-11,AMZN_20180711_00440,ml/datasets/charts/processed/AMZN/AMZN_20180711_00440.png,0.0501424501424501,0.0237037037037037,1
MSFT,2018-07-11,MSFT_20180711_00440,ml/datasets/charts/processed/MSFT/MSFT_20180711_00440.png,0.0307903510492253,0.0216709158658559,1
NVDA,2018-07-11,NVDA_20180711_00440,ml/datasets/charts/processed/NVDA/NVDA_20180711_00440.png,0.0161550888529886,0.0145395799676897,1
AMZN,2018-07-12,AMZN_20180712_00441,ml/datasets/charts/processed/AMZN/AMZN_20180712_00441.png,0.0091283535567183,0.0091283535567183,1
MSFT,2018-07-12,MSFT_20180712_00441,ml/datasets/charts/processed/MSFT/MSFT_20180712_00441.png,0.0020155485171322,0.0119013341011613,1
NVDA,2018-07-12,NVDA_20180712_00441,ml/datasets/charts/processed/NVDA/NVDA_20180712_00441.png,0.003184713375796,-0.0079617834394903,0
AMZN,2018-07-13,AMZN_20180713_00442,ml/datasets/charts/processed/AMZN/AMZN_20180713_00442.png,0.0004412575841146,0.0051847766133479,1
MSFT,2018-07-13,MSFT_20180713_00442,ml/datasets/charts/processed/MSFT/MSFT_20180713_00442.png,0.0079673717158303,-0.0049321824907522,0
NVDA,2018-07-13,NVDA_20180713_00442,ml/datasets/charts/processed/NVDA/NVDA_20180713_00442.png,0.0064205457463883,-0.0032102728731943,0
AMZN,2018-07-16,AMZN_20180716_00443,ml/datasets/charts/processed/AMZN/AMZN_20180716_00443.png,-0.0111940298507463,0.0118525021949078,1
MSFT,2018-07-16,MSFT_20180716_00443,ml/datasets/charts/processed/MSFT/MSFT_20180716_00443.png,0.0291678581641408,0.009913258983891,1
NVDA,2018-07-16,NVDA_20180716_00443,ml/datasets/charts/processed/NVDA/NVDA_20180716_00443.png,0.0048309178743961,0.0209339774557166,1
AMZN,2018-07-17,AMZN_20180717_00444,ml/datasets/charts/processed/AMZN/AMZN_20180717_00444.png,-0.0080260303687637,-0.0005422993492407,0
MSFT,2018-07-17,MSFT_20180717_00444,ml/datasets/charts/processed/MSFT/MSFT_20180717_00444.png,0.0161396885323266,-0.0078338839075035,0
NVDA,2018-07-17,NVDA_20180717_00444,ml/datasets/charts/processed/NVDA/NVDA_20180717_00444.png,-0.0189274447949526,-0.0078864353312302,0
AMZN,2018-07-18,AMZN_20180718_00445,ml/datasets/charts/processed/AMZN/AMZN_20180718_00445.png,0.0111774281063483,-0.0162778079218665,0
MSFT,2018-07-18,MSFT_20180718_00445,ml/datasets/charts/processed/MSFT/MSFT_20180718_00445.png,0.0543188736681887,-0.0068493150684931,0
NVDA,2018-07-18,NVDA_20180718_00445,ml/datasets/charts/processed/NVDA/NVDA_20180718_00445.png,0.0015898251192367,0.0015898251192367,1
AMZN,2018-07-19,AMZN_20180719_00446,ml/datasets/charts/processed/AMZN/AMZN_20180719_00446.png,-0.002757859900717,0.0004412575841146,1
MSFT,2018-07-19,MSFT_20180719_00446,ml/datasets/charts/processed/MSFT/MSFT_20180719_00446.png,0.05,0.0179118773946358,1
NVDA,2018-07-19,NVDA_20180719_00446,ml/datasets/charts/processed/NVDA/NVDA_20180719_00446.png,0.011111111111111,-0.0047619047619048,0
AMZN,2018-07-20,AMZN_20180720_00447,ml/datasets/charts/processed/AMZN/AMZN_20180720_00447.png,0.0018745175873855,-0.0065056786856324,0
MSFT,2018-07-20,MSFT_20180720_00447,ml/datasets/charts/processed/MSFT/MSFT_20180720_00447.png,0.0132680907123365,0.0159969888021078,1
NVDA,2018-07-20,NVDA_20180720_00447,ml/datasets/charts/processed/NVDA/NVDA_20180720_00447.png,0.0047846889952154,-0.0047846889952152,0
AMZN,2018-07-23,AMZN_20180723_00448,ml/datasets/charts/processed/AMZN/AMZN_20180723_00448.png,-0.0126526082130965,0.0150943396226415,1
MSFT,2018-07-23,MSFT_20180723_00448,ml/datasets/charts/processed/MSFT/MSFT_20180723_00448.png,-0.024080763174956,-0.002871167917014,0
NVDA,2018-07-23,NVDA_20180723_00448,ml/datasets/charts/processed/NVDA/NVDA_20180723_00448.png,-0.0224358974358975,-0.0032051282051283,0
AMZN,2018-07-24,AMZN_20180724_00449,ml/datasets/charts/processed/AMZN/AMZN_20180724_00449.png,-0.0283183905532472,0.0188060354253227,1
MSFT,2018-07-24,MSFT_20180724_00449,ml/datasets/charts/processed/MSFT/MSFT_20180724_00449.png,-0.0146758313208248,0.0294445476500093,1
NVDA,2018-07-24,NVDA_20180724_00449,ml/datasets/charts/processed/NVDA/NVDA_20180724_00449.png,-0.0160771704180063,0.0128617363344052,1
AMZN,2018-07-25,AMZN_20180725_00450,ml/datasets/charts/processed/AMZN/AMZN_20180725_00450.png,-0.0356299635114831,-0.029834728482507,0
MSFT,2018-07-25,MSFT_20180725_00450,ml/datasets/charts/processed/MSFT/MSFT_20180725_00450.png,-0.0410538662816926,-0.0109176215826038,0
NVDA,2018-07-25,NVDA_20180725_00450,ml/datasets/charts/processed/NVDA/NVDA_20180725_00450.png,-0.0222222222222221,0.011111111111111,1
AMZN,2018-07-26,AMZN_20180726_00451,ml/datasets/charts/processed/AMZN/AMZN_20180726_00451.png,0.0146017699115044,0.005088495575221,1
MSFT,2018-07-26,MSFT_20180726_00451,ml/datasets/charts/processed/MSFT/MSFT_20180726_00451.png,-0.0187009669768291,-0.0176975004561211,0
NVDA,2018-07-26,NVDA_20180726_00451,ml/datasets/charts/processed/NVDA/NVDA_20180726_00451.png,-0.0156985871271586,-0.010989010989011,0
AMZN,2018-07-27,AMZN_20180727_00452,ml/datasets/charts/processed/AMZN/AMZN_20180727_00452.png,0.0033017829627999,-0.0209112920977327,0
MSFT,2018-07-27,MSFT_20180727_00452,ml/datasets/charts/processed/MSFT/MSFT_20180727_00452.png,0.0033432392273402,-0.0214524517087667,0
NVDA,2018-07-27,NVDA_20180727_00452,ml/datasets/charts/processed/NVDA/NVDA_20180727_00452.png,0.0,-0.0317460317460317,0
AMZN,2018-07-30,AMZN_20180730_00453,ml/datasets/charts/processed/AMZN/AMZN_20180730_00453.png,0.038556654676259,-0.0010116906474818,0
MSFT,2018-07-30,MSFT_20180730_00453,ml/datasets/charts/processed/MSFT/MSFT_20180730_00453.png,0.0261934136851096,0.0067381607668215,1
NVDA,2018-07-30,NVDA_20180730_00453,ml/datasets/charts/processed/NVDA/NVDA_20180730_00453.png,0.0409836065573769,0.0032786885245903,1
AMZN,2018-07-31,AMZN_20180731_00454,ml/datasets/charts/processed/AMZN/AMZN_20180731_00454.png,0.047822662315742,0.0111398672217846,1
MSFT,2018-07-31,MSFT_20180731_00454,ml/datasets/charts/processed/MSFT/MSFT_20180731_00454.png,0.0263951734539968,0.0018853695324283,1
NVDA,2018-07-31,NVDA_20180731_00454,ml/datasets/charts/processed/NVDA/NVDA_20180731_00454.png,0.0490196078431373,0.0065359477124182,1
AMZN,2018-08-01,AMZN_20180801_00455,ml/datasets/charts/processed/AMZN/AMZN_20180801_00455.png,0.0497440462942355,0.0206988649009569,1
MSFT,2018-08-01,MSFT_20180801_00455,ml/datasets/charts/processed/MSFT/MSFT_20180801_00455.png,0.0302032367331577,0.0121377493413623,1
NVDA,2018-08-01,NVDA_20180801_00455,ml/datasets/charts/processed/NVDA/NVDA_20180801_00455.png,0.0487012987012986,0.0178571428571427,1
AMZN,2018-08-02,AMZN_20180802_00456,ml/datasets/charts/processed/AMZN/AMZN_20180802_00456.png,0.0349978194505016,-0.0061055385957261,0
MSFT,2018-08-02,MSFT_20180802_00456,ml/datasets/charts/processed/MSFT/MSFT_20180802_00456.png,0.0195221716091849,0.0043692479315795,1
NVDA,2018-08-02,NVDA_20180802_00456,ml/datasets/charts/processed/NVDA/NVDA_20180802_00456.png,0.0223285486443383,0.0047846889952154,1
AMZN,2018-08-03,AMZN_20180803_00457,ml/datasets/charts/processed/AMZN/AMZN_20180803_00457.png,0.0345546292233436,0.0134927599824485,1
MSFT,2018-08-03,MSFT_20180803_00457,ml/datasets/charts/processed/MSFT/MSFT_20180803_00457.png,0.0088855979266937,0.0008330248056274,1
NVDA,2018-08-03,NVDA_20180803_00457,ml/datasets/charts/processed/NVDA/NVDA_20180803_00457.png,0.011111111111111,0.0079365079365079,1
AMZN,2018-08-06,AMZN_20180806_00458,ml/datasets/charts/processed/AMZN/AMZN_20180806_00458.png,0.0261933109643901,0.0079012880181839,1
MSFT,2018-08-06,MSFT_20180806_00458,ml/datasets/charts/processed/MSFT/MSFT_20180806_00458.png,0.0007398501803383,0.0069360954406731,1
NVDA,2018-08-06,NVDA_20180806_00458,ml/datasets/charts/processed/NVDA/NVDA_20180806_00458.png,0.0078740157480317,0.0110236220472441,1
AMZN,2018-08-07,AMZN_20180807_00459,ml/datasets/charts/processed/AMZN/AMZN_20180807_00459.png,0.0307130584192438,0.0129939862542953,1
MSFT,2018-08-07,MSFT_20180807_00459,ml/datasets/charts/processed/MSFT/MSFT_20180807_00459.png,0.0062454077883908,0.0056024981631153,1
NVDA,2018-08-07,NVDA_20180807_00459,ml/datasets/charts/processed/NVDA/NVDA_20180807_00459.png,0.0186915887850467,0.0062305295950155,1
AMZN,2018-08-08,AMZN_20180808_00460,ml/datasets/charts/processed/AMZN/AMZN_20180808_00460.png,-0.0021202162620587,0.0063606487861762,1
MSFT,2018-08-08,MSFT_20180808_00460,ml/datasets/charts/processed/MSFT/MSFT_20180808_00460.png,-0.0167138551465887,0.0016439857521235,1
NVDA,2018-08-08,NVDA_20180808_00460,ml/datasets/charts/processed/NVDA/NVDA_20180808_00460.png,0.0030959752321981,-0.0077399380804953,0
AMZN,2018-08-09,AMZN_20180809_00461,ml/datasets/charts/processed/AMZN/AMZN_20180809_00461.png,-0.0063204466448962,-0.0065311281997261,0
MSFT,2018-08-09,MSFT_20180809_00461,ml/datasets/charts/processed/MSFT/MSFT_20180809_00461.png,-0.0185100756815902,-0.006109236801313,0
NVDA,2018-08-09,NVDA_20180809_00461,ml/datasets/charts/processed/NVDA/NVDA_20180809_00461.png,0.0046801872074884,-0.0062402496099843,0
AMZN,2018-08-10,AMZN_20180810_00462,ml/datasets/charts/processed/AMZN/AMZN_20180810_00462.png,-0.0021206658890892,0.0053016647227228,1
MSFT,2018-08-10,MSFT_20180810_00462,ml/datasets/charts/processed/MSFT/MSFT_20180810_00462.png,-0.0130275229357798,-0.0072477064220184,0
NVDA,2018-08-10,NVDA_20180810_00462,ml/datasets/charts/processed/NVDA/NVDA_20180810_00462.png,-0.0392464678178964,0.0047095761381477,1
AMZN,2018-08-13,AMZN_20180813_00463,ml/datasets/charts/processed/AMZN/AMZN_20180813_00463.png,-0.0102309882923742,0.0123404704145133,1
MSFT,2018-08-13,MSFT_20180813_00463,ml/datasets/charts/processed/MSFT/MSFT_20180813_00463.png,-0.0123833287126882,0.0124757416135292,1
NVDA,2018-08-13,NVDA_20180813_00463,ml/datasets/charts/processed/NVDA/NVDA_20180813_00463.png,-0.03125,0.0218749999999998,1
AMZN,2018-08-14,AMZN_20180814_00464,ml/datasets/charts/processed/AMZN/AMZN_20180814_00464.png,-0.0188580954365492,-0.0192748489268598,0
MSFT,2018-08-14,MSFT_20180814_00464,ml/datasets/charts/processed/MSFT/MSFT_20180814_00464.png,-0.0326761591821832,-0.0173420956553487,0
NVDA,2018-08-14,NVDA_20180814_00464,ml/datasets/charts/processed/NVDA/NVDA_20180814_00464.png,-0.0321100917431192,-0.0091743119266054,0
AMZN,2018-08-15,AMZN_20180815_00465,ml/datasets/charts/processed/AMZN/AMZN_20180815_00465.png,0.0118984383299691,0.0021247211303516,1
MSFT,2018-08-15,MSFT_20180815_00465,ml/datasets/charts/processed/MSFT/MSFT_20180815_00465.png,-0.0055731005015789,-0.0001857700167192,0
NVDA,2018-08-15,NVDA_20180815_00465,ml/datasets/charts/processed/NVDA/NVDA_20180815_00465.png,0.0138888888888888,-0.0061728395061728,0
AMZN,2018-08-16,AMZN_20180816_00466,ml/datasets/charts/processed/AMZN/AMZN_20180816_00466.png,0.0085868758613378,-0.0023322378882646,0
MSFT,2018-08-16,MSFT_20180816_00466,ml/datasets/charts/processed/MSFT/MSFT_20180816_00466.png,-0.0007432181345224,-0.0005574136008918,0
NVDA,2018-08-16,NVDA_20180816_00466,ml/datasets/charts/processed/NVDA/NVDA_20180816_00466.png,0.0357142857142855,-0.0496894409937889,0
AMZN,2018-08-17,AMZN_20180817_00467,ml/datasets/charts/processed/AMZN/AMZN_20180817_00467.png,0.0123260014876207,-0.0028689831048772,0
MSFT,2018-08-17,MSFT_20180817_00467,ml/datasets/charts/processed/MSFT/MSFT_20180817_00467.png,0.0076222346160996,-0.0065997397285739,0
NVDA,2018-08-17,NVDA_20180817_00467,ml/datasets/charts/processed/NVDA/NVDA_20180817_00467.png,0.1127450980392155,0.0130718954248365,1
AMZN,2018-08-20,AMZN_20180820_00468,ml/datasets/charts/processed/AMZN/AMZN_20180820_00468.png,0.0270673486786017,0.0035166240409207,1
MSFT,2018-08-20,MSFT_20180820_00468,ml/datasets/charts/processed/MSFT/MSFT_20180820_00468.png,0.0255450547394029,-0.0083278749883035,0
NVDA,2018-08-20,NVDA_20180820_00468,ml/datasets/charts/processed/NVDA/NVDA_20180820_00468.png,0.1129032258064517,0.0209677419354838,1
AMZN,2018-08-21,AMZN_20180821_00469,ml/datasets/charts/processed/AMZN/AMZN_20180821_00469.png,0.0262291600297335,0.0114686205798024,1
MSFT,2018-08-21,MSFT_20180821_00469,ml/datasets/charts/processed/MSFT/MSFT_20180821_00469.png,0.040384978297792,0.0101906020003774,1
NVDA,2018-08-21,NVDA_20180821_00469,ml/datasets/charts/processed/NVDA/NVDA_20180821_00469.png,0.0837282780410741,0.0379146919431279,1
AMZN,2018-08-22,AMZN_20180822_00470,ml/datasets/charts/processed/AMZN/AMZN_20180822_00470.png,0.0489238845144357,-0.0011548556430446,0
MSFT,2018-08-22,MSFT_20180822_00470,ml/datasets/charts/processed/MSFT/MSFT_20180822_00470.png,0.0463291612180085,0.0046702783485896,1
NVDA,2018-08-22,NVDA_20180822_00470,ml/datasets/charts/processed/NVDA/NVDA_20180822_00470.png,0.0593607305936072,0.0152207001522068,1
AMZN,2018-08-23,AMZN_20180823_00471,ml/datasets/charts/processed/AMZN/AMZN_20180823_00471.png,0.0523439142316586,0.0013664073996215,1
MSFT,2018-08-23,MSFT_20180823_00471,ml/datasets/charts/processed/MSFT/MSFT_20180823_00471.png,0.0408144291558201,0.0078095946448493,1
NVDA,2018-08-23,NVDA_20180823_00471,ml/datasets/charts/processed/NVDA/NVDA_20180823_00471.png,0.0419790104947526,0.0209895052473763,1
AMZN,2018-08-24,AMZN_20180824_00472,ml/datasets/charts/processed/AMZN/AMZN_20180824_00472.png,0.0563661173506875,0.0116510968825442,1
MSFT,2018-08-24,MSFT_20180824_00472,ml/datasets/charts/processed/MSFT/MSFT_20180824_00472.png,0.0362546125461253,0.0110701107011068,1
NVDA,2018-08-24,NVDA_20180824_00472,ml/datasets/charts/processed/NVDA/NVDA_20180824_00472.png,0.0308370044052863,0.0132158590308371,1
AMZN,2018-08-27,AMZN_20180827_00473,ml/datasets/charts/processed/AMZN/AMZN_20180827_00473.png,0.0581033409421043,0.0026976551151691,1
MSFT,2018-08-27,MSFT_20180827_00473,ml/datasets/charts/processed/MSFT/MSFT_20180827_00473.png,0.0192518248175181,0.0060218978102191,1
NVDA,2018-08-27,NVDA_20180827_00473,ml/datasets/charts/processed/NVDA/NVDA_20180827_00473.png,0.0275362318840579,-0.0057971014492753,0
AMZN,2018-08-28,AMZN_20180828_00474,ml/datasets/charts/processed/AMZN/AMZN_20180828_00474.png,0.0320778145695364,0.0338369205298012,1
MSFT,2018-08-28,MSFT_20180828_00474,ml/datasets/charts/processed/MSFT/MSFT_20180828_00474.png,-0.0160529657173953,0.015962270995828,1
NVDA,2018-08-28,NVDA_20180828_00474,ml/datasets/charts/processed/NVDA/NVDA_20180828_00474.png,0.0145772594752187,0.0145772594752187,1
AMZN,2018-08-29,AMZN_20180829_00475,ml/datasets/charts/processed/AMZN/AMZN_20180829_00475.png,-0.0199179261335201,0.0021018917025323,1
MSFT,2018-08-29,MSFT_20180829_00475,ml/datasets/charts/processed/MSFT/MSFT_20180829_00475.png,-0.0292804856275664,-0.0006248884127834,0
NVDA,2018-08-29,NVDA_20180829_00475,ml/datasets/charts/processed/NVDA/NVDA_20180829_00475.png,-0.0201149425287355,-0.0014367816091953,0
AMZN,2018-08-30,AMZN_20180830_00476,ml/datasets/charts/processed/AMZN/AMZN_20180830_00476.png,-0.0251697962445066,0.0051937674790252,1
MSFT,2018-08-30,MSFT_20180830_00476,ml/datasets/charts/processed/MSFT/MSFT_20180830_00476.png,-0.033407771326485,0.0033943724877176,1
NVDA,2018-08-30,NVDA_20180830_00476,ml/datasets/charts/processed/NVDA/NVDA_20180830_00476.png,-0.0215827338129497,0.0100719424460431,1
AMZN,2018-08-31,AMZN_20180831_00477,ml/datasets/charts/processed/AMZN/AMZN_20180831_00477.png,-0.0366653418124006,0.0133147853736088,1
MSFT,2018-08-31,MSFT_20180831_00477,ml/datasets/charts/processed/MSFT/MSFT_20180831_00477.png,-0.0262619068815098,-0.0055194516157749,0
NVDA,2018-08-31,NVDA_20180831_00477,ml/datasets/charts/processed/NVDA/NVDA_20180831_00477.png,-0.0213675213675212,0.00997150997151,1
AMZN,2018-09-04,AMZN_20180904_00478,ml/datasets/charts/processed/AMZN/AMZN_20180904_00478.png,-0.0256913120219651,-0.0219650911943519,0
MSFT,2018-09-04,MSFT_20180904_00478,ml/datasets/charts/processed/MSFT/MSFT_20180904_00478.png,-0.0042073225315548,-0.0288246352161847,0
NVDA,2018-09-04,NVDA_20180904_00478,ml/datasets/charts/processed/NVDA/NVDA_20180904_00478.png,-0.0380818053596614,-0.0183356840620592,0
AMZN,2018-09-05,AMZN_20180905_00479,ml/datasets/charts/processed/AMZN/AMZN_20180905_00479.png,-0.0024062562662923,-0.0182474433527169,0
MSFT,2018-09-05,MSFT_20180905_00479,ml/datasets/charts/processed/MSFT/MSFT_20180905_00479.png,0.0296801548529819,0.0023043598488339,1
NVDA,2018-09-05,NVDA_20180905_00479,ml/datasets/charts/processed/NVDA/NVDA_20180905_00479.png,-0.035919540229885,-0.0201149425287355,0
AMZN,2018-09-06,AMZN_20180906_00480,ml/datasets/charts/processed/AMZN/AMZN_20180906_00480.png,0.0160334967320261,-0.0032679738562092,0
MSFT,2018-09-06,MSFT_20180906_00480,ml/datasets/charts/processed/MSFT/MSFT_20180906_00480.png,0.0383483538716205,-0.0048740114033474,0
NVDA,2018-09-06,NVDA_20180906_00480,ml/datasets/charts/processed/NVDA/NVDA_20180906_00480.png,-0.0058651026392961,-0.0029325513196482,0
AMZN,2018-09-07,AMZN_20180907_00481,ml/datasets/charts/processed/AMZN/AMZN_20180907_00481.png,0.0093237704918034,-0.0066598360655736,0
MSFT,2018-09-07,MSFT_20180907_00481,ml/datasets/charts/processed/MSFT/MSFT_20180907_00481.png,0.0476850568339342,0.010812309398392,1
NVDA,2018-09-07,NVDA_20180907_00481,ml/datasets/charts/processed/NVDA/NVDA_20180907_00481.png,0.0161764705882352,0.0102941176470587,1
AMZN,2018-09-10,AMZN_20180910_00482,ml/datasets/charts/processed/AMZN/AMZN_20180910_00482.png,-0.0159876224858174,0.024858174316658,1
MSFT,2018-09-10,MSFT_20180910_00482,ml/datasets/charts/processed/MSFT/MSFT_20180910_00482.png,0.0252331321996708,0.0170049369171694,1
NVDA,2018-09-10,NVDA_20180910_00482,ml/datasets/charts/processed/NVDA/NVDA_20180910_00482.png,-0.0029112081513829,-0.007278020378457,0
AMZN,2018-09-11,AMZN_20180911_00483,ml/datasets/charts/processed/AMZN/AMZN_20180911_00483.png,-0.0232487922705314,0.0014090177133654,1
MSFT,2018-09-11,MSFT_20180911_00483,ml/datasets/charts/processed/MSFT/MSFT_20180911_00483.png,0.0177094570298452,0.0042250988852929,1
NVDA,2018-09-11,NVDA_20180911_00483,ml/datasets/charts/processed/NVDA/NVDA_20180911_00483.png,-0.0058651026392961,-0.0161290322580646,0
AMZN,2018-09-12,AMZN_20180912_00484,ml/datasets/charts/processed/AMZN/AMZN_20180912_00484.png,-0.0319597989949749,-0.0001005025125628,0
MSFT,2018-09-12,MSFT_20180912_00484,ml/datasets/charts/processed/MSFT/MSFT_20180912_00484.png,-8.951750067132114e-05,0.0107421000805658,1
NVDA,2018-09-12,NVDA_20180912_00484,ml/datasets/charts/processed/NVDA/NVDA_20180912_00484.png,0.0134128166915052,0.0104321907600597,1
AMZN,2018-09-13,AMZN_20180913_00485,ml/datasets/charts/processed/AMZN/AMZN_20180913_00485.png,-0.0228163634536133,-0.0098502362046435,0
MSFT,2018-09-13,MSFT_20180913_00485,ml/datasets/charts/processed/MSFT/MSFT_20180913_00485.png,0.0058453635639004,0.0040740412718094,1
NVDA,2018-09-13,NVDA_20180913_00485,ml/datasets/charts/processed/NVDA/NVDA_20180913_00485.png,-0.0176991150442478,0.019174041297935,1
AMZN,2018-09-14,AMZN_20180914_00486,ml/datasets/charts/processed/AMZN/AMZN_20180914_00486.png,-0.0280174601563293,-0.0315703989442696,0
MSFT,2018-09-14,MSFT_20180914_00486,ml/datasets/charts/processed/MSFT/MSFT_20180914_00486.png,0.0078504013407427,-0.0108494310664196,0
NVDA,2018-09-14,NVDA_20180914_00486,ml/datasets/charts/processed/NVDA/NVDA_20180914_00486.png,-0.0463096960926194,-0.0086830680173661,0
AMZN,2018-09-17,AMZN_20180917_00487,ml/datasets/charts/processed/AMZN/AMZN_20180917_00487.png,0.0138364779874213,0.0172955974842765,1
MSFT,2018-09-17,MSFT_20180917_00487,ml/datasets/charts/processed/MSFT/MSFT_20180917_00487.png,0.022561084358837,0.0095416443731048,1
NVDA,2018-09-17,NVDA_20180917_00487,ml/datasets/charts/processed/NVDA/NVDA_20180917_00487.png,-0.0306569343065693,-0.0102189781021897,0
AMZN,2018-09-18,AMZN_20180918_00488,ml/datasets/charts/processed/AMZN/AMZN_20180918_00488.png,0.0173106646058733,-0.007521895929933,0
MSFT,2018-09-18,MSFT_20180918_00488,ml/datasets/charts/processed/MSFT/MSFT_20180918_00488.png,0.0109530960162531,-0.0133380443423725,0
NVDA,2018-09-18,NVDA_20180918_00488,ml/datasets/charts/processed/NVDA/NVDA_20180918_00488.png,-0.0103244837758113,0.0029498525073745,1
AMZN,2018-09-19,AMZN_20180919_00489,ml/datasets/charts/processed/AMZN/AMZN_20180919_00489.png,0.025124584717608,0.0093438538205981,1
MSFT,2018-09-19,MSFT_20180919_00489,ml/datasets/charts/processed/MSFT/MSFT_20180919_00489.png,0.0204118173679499,0.0167412712623096,1
NVDA,2018-09-19,NVDA_20180919_00489,ml/datasets/charts/processed/NVDA/NVDA_20180919_00489.png,-0.0191176470588234,-0.0205882352941175,0
AMZN,2018-09-20,AMZN_20180920_00490,ml/datasets/charts/processed/AMZN/AMZN_20180920_00490.png,0.0352808064184324,-0.0151203456078995,0
MSFT,2018-09-20,MSFT_20180920_00490,ml/datasets/charts/processed/MSFT/MSFT_20180920_00490.png,0.007396319450559,0.0060755481201022,1
NVDA,2018-09-20,NVDA_20180920_00490,ml/datasets/charts/processed/NVDA/NVDA_20180920_00490.png,0.003003003003003,-0.0105105105105105,0
AMZN,2018-09-21,AMZN_20180921_00491,ml/datasets/charts/processed/AMZN/AMZN_20180921_00491.png,0.045953002610966,0.0101305483028719,1
MSFT,2018-09-21,MSFT_20180921_00491,ml/datasets/charts/processed/MSFT/MSFT_20180921_00491.png,0.0009627166112375,0.003588307369158,1
NVDA,2018-09-21,NVDA_20180921_00491,ml/datasets/charts/processed/NVDA/NVDA_20180921_00491.png,0.0667678300455236,0.007587253414264,1
AMZN,2018-09-24,AMZN_20180924_00492,ml/datasets/charts/processed/AMZN/AMZN_20180924_00492.png,0.0361869313482217,0.0207816377171217,1
MSFT,2018-09-24,MSFT_20180924_00492,ml/datasets/charts/processed/MSFT/MSFT_20180924_00492.png,0.008197436121043,-0.001918548879393,0
NVDA,2018-09-24,NVDA_20180924_00492,ml/datasets/charts/processed/NVDA/NVDA_20180924_00492.png,0.0888554216867472,0.0105421686746989,1
AMZN,2018-09-25,AMZN_20180925_00493,ml/datasets/charts/processed/AMZN/AMZN_20180925_00493.png,-0.0016205813835714,0.0001012863364731,1
MSFT,2018-09-25,MSFT_20180925_00493,ml/datasets/charts/processed/MSFT/MSFT_20180925_00493.png,0.0061162079510703,-0.0041065967671471,0
NVDA,2018-09-25,NVDA_20180925_00493,ml/datasets/charts/processed/NVDA/NVDA_20180925_00493.png,0.067064083457526,-0.0059612518628912,0
AMZN,2018-09-26,AMZN_20180926_00494,ml/datasets/charts/processed/AMZN/AMZN_20180926_00494.png,-0.0111403686449259,0.0193437310107353,1
MSFT,2018-09-26,MSFT_20180926_00494,ml/datasets/charts/processed/MSFT/MSFT_20180926_00494.png,0.0104404281452885,0.0037725916827513,1
NVDA,2018-09-26,NVDA_20180926_00494,ml/datasets/charts/processed/NVDA/NVDA_20180926_00494.png,0.0749625187406297,0.0014992503748125,1
AMZN,2018-09-27,AMZN_20180927_00495,ml/datasets/charts/processed/AMZN/AMZN_20180927_00495.png,-0.0514654744162941,-0.0049677098857426,0
MSFT,2018-09-27,MSFT_20180927_00495,ml/datasets/charts/processed/MSFT/MSFT_20180927_00495.png,-0.014159601433441,-0.0003496197884799,0
NVDA,2018-09-27,NVDA_20180927_00495,ml/datasets/charts/processed/NVDA/NVDA_20180927_00495.png,0.0449101796407187,0.0523952095808384,1
AMZN,2018-09-28,AMZN_20180928_00496,ml/datasets/charts/processed/AMZN/AMZN_20180928_00496.png,-0.0566150773839241,0.0006989515726409,1
MSFT,2018-09-28,MSFT_20180928_00496,ml/datasets/charts/processed/MSFT/MSFT_20180928_00496.png,-0.0195855556527062,0.0108420040220336,1
NVDA,2018-09-28,NVDA_20180928_00496,ml/datasets/charts/processed/NVDA/NVDA_20180928_00496.png,-0.0398293029871977,0.0284495021337127,1
AMZN,2018-10-01,AMZN_20181001_00497,ml/datasets/charts/processed/AMZN/AMZN_20181001_00497.png,-0.0698463380562761,-0.0164637796846937,0
MSFT,2018-10-01,MSFT_20181001_00497,ml/datasets/charts/processed/MSFT/MSFT_20181001_00497.png,-0.0411729089179137,-0.0039788945592941,0
NVDA,2018-10-01,NVDA_20181001_00497,ml/datasets/charts/processed/NVDA/NVDA_20181001_00497.png,-0.0816044260027663,-0.0096818810511757,0
AMZN,2018-10-02,AMZN_20181002_00498,ml/datasets/charts/processed/AMZN/AMZN_20181002_00498.png,-0.0512326265598052,-0.009434919346657,0
MSFT,2018-10-02,MSFT_20181002_00498,ml/datasets/charts/processed/MSFT/MSFT_20181002_00498.png,-0.0250976986539296,0.000173686495875,1
NVDA,2018-10-02,NVDA_20181002_00498,ml/datasets/charts/processed/NVDA/NVDA_20181002_00498.png,-0.0726256983240224,0.0013966480446927,1
AMZN,2018-10-03,AMZN_20181003_00499,ml/datasets/charts/processed/AMZN/AMZN_20181003_00499.png,-0.1011880376894714,-0.0222244981564933,0
MSFT,2018-10-03,MSFT_20181003_00499,ml/datasets/charts/processed/MSFT/MSFT_20181003_00499.png,-0.0782321785187115,-0.0206651037596595,0
NVDA,2018-10-03,NVDA_20181003_00499,ml/datasets/charts/processed/NVDA/NVDA_20181003_00499.png,-0.1436541143654114,-0.0264993026499301,0
AMZN,2018-10-04,AMZN_20181004_00500,ml/datasets/charts/processed/AMZN/AMZN_20181004_00500.png,-0.0995076987535351,-0.0103697496595788,0
MSFT,2018-10-04,MSFT_20181004_00500,ml/datasets/charts/processed/MSFT/MSFT_20181004_00500.png,-0.0609983154534977,-0.0058515825871088,0
NVDA,2018-10-04,NVDA_20181004_00500,ml/datasets/charts/processed/NVDA/NVDA_20181004_00500.png,-0.157593123209169,-0.0329512893982808,0
AMZN,2018-10-05,AMZN_20181005_00501,ml/datasets/charts/processed/AMZN/AMZN_20181005_00501.png,-0.0534504657070279,-0.0133361558001694,0
MSFT,2018-10-05,MSFT_20181005_00501,ml/datasets/charts/processed/MSFT/MSFT_20181005_00501.png,-0.0228306430036564,-0.0114153215018282,0
NVDA,2018-10-05,NVDA_20181005_00501,ml/datasets/charts/processed/NVDA/NVDA_20181005_00501.png,-0.0874074074074073,-0.0162962962962963,0
AMZN,2018-10-08,AMZN_20181008_00502,ml/datasets/charts/processed/AMZN/AMZN_20181008_00502.png,-0.0554602016734606,0.0032181935207036,1
MSFT,2018-10-08,MSFT_20181008_00502,ml/datasets/charts/processed/MSFT/MSFT_20181008_00502.png,-0.0293188994136219,0.0127198917456021,1
NVDA,2018-10-08,NVDA_20181008_00502,ml/datasets/charts/processed/NVDA/NVDA_20181008_00502.png,-0.1144578313253011,0.0,0
AMZN,2018-10-09,AMZN_20181009_00503,ml/datasets/charts/processed/AMZN/AMZN_20181009_00503.png,-0.026946107784431,-0.061591103507271,0
MSFT,2018-10-09,MSFT_20181009_00503,ml/datasets/charts/processed/MSFT/MSFT_20181009_00503.png,-0.0112239444147514,-0.0543381435952254,0
NVDA,2018-10-09,NVDA_20181009_00503,ml/datasets/charts/processed/NVDA/NVDA_20181009_00503.png,-0.0737951807228914,-0.0753012048192771,0
AMZN,2018-10-10,AMZN_20181010_00504,ml/datasets/charts/processed/AMZN/AMZN_20181010_00504.png,0.0436417502278942,-0.0203965360072926,0
MSFT,2018-10-10,MSFT_20181010_00504,ml/datasets/charts/processed/MSFT/MSFT_20181010_00504.png,0.0428598342125094,-0.0023549359457423,0
NVDA,2018-10-10,NVDA_20181010_00504,ml/datasets/charts/processed/NVDA/NVDA_20181010_00504.png,-0.0097719869706839,-0.0423452768729641,0
AMZN,2018-10-11,AMZN_20181011_00505,ml/datasets/charts/processed/AMZN/AMZN_20181011_00505.png,0.0298941491217867,0.0402465976503432,1
MSFT,2018-10-11,MSFT_20181011_00505,ml/datasets/charts/processed/MSFT/MSFT_20181011_00505.png,0.0244547257105089,0.0345576432820318,1
NVDA,2018-10-11,NVDA_20181011_00505,ml/datasets/charts/processed/NVDA/NVDA_20181011_00505.png,0.0187074829931972,0.0476190476190476,1
AMZN,2018-10-12,AMZN_20181012_00506,ml/datasets/charts/processed/AMZN/AMZN_20181012_00506.png,-0.0137537739013754,-0.0154310634015432,0
MSFT,2018-10-12,MSFT_20181012_00506,ml/datasets/charts/processed/MSFT/MSFT_20181012_00506.png,-0.0083051930272884,-0.0179793739162179,0
NVDA,2018-10-12,NVDA_20181012_00506,ml/datasets/charts/processed/NVDA/NVDA_20181012_00506.png,-0.0698051948051947,-0.0454545454545455,0
AMZN,2018-10-15,AMZN_20181015_00507,ml/datasets/charts/processed/AMZN/AMZN_20181015_00507.png,0.0161272004542873,0.0335036910846111,1
MSFT,2018-10-15,MSFT_20181015_00507,ml/datasets/charts/processed/MSFT/MSFT_20181015_00507.png,0.0188661710037174,0.0315985130111524,1
NVDA,2018-10-15,NVDA_20181015_00507,ml/datasets/charts/processed/NVDA/NVDA_20181015_00507.png,-0.0170068027210883,0.0459183673469387,1
AMZN,2018-10-16,AMZN_20181016_00508,ml/datasets/charts/processed/AMZN/AMZN_20181016_00508.png,-0.0281318681318681,0.0064835164835164,1
MSFT,2018-10-16,MSFT_20181016_00508,ml/datasets/charts/processed/MSFT/MSFT_20181016_00508.png,-0.0261261261261261,-0.0026126126126126,0
NVDA,2018-10-16,NVDA_20181016_00508,ml/datasets/charts/processed/NVDA/NVDA_20181016_00508.png,-0.1008130081300813,-0.0113821138211382,0
AMZN,2018-10-17,AMZN_20181017_00509,ml/datasets/charts/processed/AMZN/AMZN_20181017_00509.png,-0.0914947046620811,-0.0333005786657931,0
MSFT,2018-10-17,MSFT_20181017_00509,ml/datasets/charts/processed/MSFT/MSFT_20181017_00509.png,-0.0757835787191761,-0.0199620630476018,0
NVDA,2018-10-17,NVDA_20181017_00509,ml/datasets/charts/processed/NVDA/NVDA_20181017_00509.png,-0.1792763157894736,-0.0148026315789473,0
AMZN,2018-10-18,AMZN_20181018_00510,ml/datasets/charts/processed/AMZN/AMZN_20181018_00510.png,0.0064377682403433,-0.0038400722837136,0
MSFT,2018-10-18,MSFT_20181018_00510,ml/datasets/charts/processed/MSFT/MSFT_20181018_00510.png,-0.0018433179723502,0.00147465437788,1
NVDA,2018-10-18,NVDA_20181018_00510,ml/datasets/charts/processed/NVDA/NVDA_20181018_00510.png,-0.1318864774624374,-0.043405676126878,0
AMZN,2018-10-19,AMZN_20181019_00511,ml/datasets/charts/processed/AMZN/AMZN_20181019_00511.png,-0.0687074829931972,0.0143990929705215,1
MSFT,2018-10-19,MSFT_20181019_00511,ml/datasets/charts/processed/MSFT/MSFT_20181019_00511.png,-0.0156451316031658,0.0089269280323946,1
NVDA,2018-10-19,NVDA_20181019_00511,ml/datasets/charts/processed/NVDA/NVDA_20181019_00511.png,-0.1343804537521815,0.0087260034904013,1
AMZN,2018-10-22,AMZN_20181022_00512,ml/datasets/charts/processed/AMZN/AMZN_20181022_00512.png,-0.1400469431094221,-0.0115122387392422,0
MSFT,2018-10-22,MSFT_20181022_00512,ml/datasets/charts/processed/MSFT/MSFT_20181022_00512.png,-0.0527227948554227,-0.0139560339323178,0
NVDA,2018-10-22,NVDA_20181022_00512,ml/datasets/charts/processed/NVDA/NVDA_20181022_00512.png,-0.1972318339100347,-0.0432525951557093,0
AMZN,2018-10-23,AMZN_20181023_00513,ml/datasets/charts/processed/AMZN/AMZN_20181023_00513.png,-0.1347806422433288,-0.0591361374943465,0
MSFT,2018-10-23,MSFT_20181023_00513,ml/datasets/charts/processed/MSFT/MSFT_20181023_00513.png,-0.0404255319148935,-0.0534690101757632,0
NVDA,2018-10-23,NVDA_20181023_00513,ml/datasets/charts/processed/NVDA/NVDA_20181023_00513.png,-0.0813743218806509,-0.0976491862567812,0
AMZN,2018-10-24,AMZN_20181024_00514,ml/datasets/charts/processed/AMZN/AMZN_20181024_00514.png,-0.0397788727316427,0.070904939310179,1
MSFT,2018-10-24,MSFT_20181024_00514,ml/datasets/charts/processed/MSFT/MSFT_20181024_00514.png,0.0438819390148554,0.0584440969507427,1
NVDA,2018-10-24,NVDA_20181024_00514,ml/datasets/charts/processed/NVDA/NVDA_20181024_00514.png,0.0561122244488976,0.0420841683366732,1
AMZN,2018-10-25,AMZN_20181025_00515,ml/datasets/charts/processed/AMZN/AMZN_20181025_00515.png,-0.0654247559196498,-0.0782179328919313,0
MSFT,2018-10-25,MSFT_20181025_00515,ml/datasets/charts/processed/MSFT/MSFT_20181025_00515.png,-0.0219759926131116,-0.0123730378578024,0
NVDA,2018-10-25,NVDA_20181025_00515,ml/datasets/charts/processed/NVDA/NVDA_20181025_00515.png,0.0480769230769231,-0.0461538461538462,0
AMZN,2018-10-26,AMZN_20181026_00516,ml/datasets/charts/processed/AMZN/AMZN_20181026_00516.png,0.0138787436084732,-0.0633065497930362,0
MSFT,2018-10-26,MSFT_20181026_00516,ml/datasets/charts/processed/MSFT/MSFT_20181026_00516.png,-0.0074794315632011,-0.0290762902019446,0
NVDA,2018-10-26,NVDA_20181026_00516,ml/datasets/charts/processed/NVDA/NVDA_20181026_00516.png,0.0826612903225807,-0.0645161290322581,0
AMZN,2018-10-29,AMZN_20181029_00517,ml/datasets/charts/processed/AMZN/AMZN_20181029_00517.png,0.0578372757993241,-0.0054587990642058,0
MSFT,2018-10-29,MSFT_20181029_00517,ml/datasets/charts/processed/MSFT/MSFT_20181029_00517.png,0.0352431391429948,-0.0011555127587866,0
NVDA,2018-10-29,NVDA_20181029_00517,ml/datasets/charts/processed/NVDA/NVDA_20181029_00517.png,0.1400862068965518,0.0948275862068965,1
AMZN,2018-10-30,AMZN_20181030_00518,ml/datasets/charts/processed/AMZN/AMZN_20181030_00518.png,0.0734448510193415,0.0441714584422374,1
MSFT,2018-10-30,MSFT_20181030_00518,ml/datasets/charts/processed/MSFT/MSFT_20181030_00518.png,0.0384652463125421,0.0296924708377517,1
NVDA,2018-10-30,NVDA_20181030_00518,ml/datasets/charts/processed/NVDA/NVDA_20181030_00518.png,0.0393700787401574,0.0374015748031495,1
AMZN,2018-10-31,AMZN_20181031_00519,ml/datasets/charts/processed/AMZN/AMZN_20181031_00519.png,0.0984981226533165,0.0423028785982477,1
MSFT,2018-10-31,MSFT_20181031_00519,ml/datasets/charts/processed/MSFT/MSFT_20181031_00519.png,0.0482164591330398,-0.0083325531317292,0
NVDA,2018-10-31,NVDA_20181031_00519,ml/datasets/charts/processed/NVDA/NVDA_20181031_00519.png,0.0132827324478179,0.0341555977229601,1
AMZN,2018-11-01,AMZN_20181101_00520,ml/datasets/charts/processed/AMZN/AMZN_20181101_00520.png,0.0536743515850144,0.0,0
MSFT,2018-11-01,MSFT_20181101_00520,ml/datasets/charts/processed/MSFT/MSFT_20181101_00520.png,0.0550415407854985,0.0022658610271901,1
NVDA,2018-11-01,NVDA_20181101_00520,ml/datasets/charts/processed/NVDA/NVDA_20181101_00520.png,-0.055045871559633,-0.0146788990825688,0
AMZN,2018-11-02,AMZN_20181102_00521,ml/datasets/charts/processed/AMZN/AMZN_20181102_00521.png,0.0280979827089338,-0.0226945244956772,0
MSFT,2018-11-02,MSFT_20181102_00521,ml/datasets/charts/processed/MSFT/MSFT_20181102_00521.png,0.0321213262999247,0.0127166541070082,1
NVDA,2018-11-02,NVDA_20181102_00521,ml/datasets/charts/processed/NVDA/NVDA_20181102_00521.png,-0.042830540037244,-0.0148975791433891,0
AMZN,2018-11-05,AMZN_20181105_00522,ml/datasets/charts/processed/AMZN/AMZN_20181105_00522.png,0.0055289347585698,0.009214891264283,1
MSFT,2018-11-05,MSFT_20181105_00522,ml/datasets/charts/processed/MSFT/MSFT_20181105_00522.png,-0.0059529346107338,0.001953306669147,1
NVDA,2018-11-05,NVDA_20181105_00522,ml/datasets/charts/processed/NVDA/NVDA_20181105_00522.png,-0.1039697542533081,-0.0018903591682418,0
AMZN,2018-11-06,AMZN_20181106_00523,ml/datasets/charts/processed/AMZN/AMZN_20181106_00523.png,-0.0070611151692232,0.0685415144874603,1
MSFT,2018-11-06,MSFT_20181106_00523,ml/datasets/charts/processed/MSFT/MSFT_20181106_00523.png,-0.0072409951726698,0.0393613070924618,1
NVDA,2018-11-06,NVDA_20181106_00523,ml/datasets/charts/processed/NVDA/NVDA_20181106_00523.png,-0.0568181818181817,0.0113636363636362,1
AMZN,2018-11-07,AMZN_20181107_00524,ml/datasets/charts/processed/AMZN/AMZN_20181107_00524.png,-0.0890965022217157,-0.000227868292127,0
MSFT,2018-11-07,MSFT_20181107_00524,ml/datasets/charts/processed/MSFT/MSFT_20181107_00524.png,-0.0624330117899248,-0.0018756698821007,0
NVDA,2018-11-07,NVDA_20181107_00524,ml/datasets/charts/processed/NVDA/NVDA_20181107_00524.png,-0.0767790262172285,-0.0355805243445691,0
AMZN,2018-11-08,AMZN_20181108_00525,ml/datasets/charts/processed/AMZN/AMZN_20181108_00525.png,-0.0772649572649573,-0.0242735042735042,0
MSFT,2018-11-08,MSFT_20181108_00525,ml/datasets/charts/processed/MSFT/MSFT_20181108_00525.png,-0.04,-0.0195078299776286,0
NVDA,2018-11-08,NVDA_20181108_00525,ml/datasets/charts/processed/NVDA/NVDA_20181108_00525.png,-0.0174757281553399,-0.0019417475728156,0
AMZN,2018-11-09,AMZN_20181109_00526,ml/datasets/charts/processed/AMZN/AMZN_20181109_00526.png,-0.069493109086662,-0.0441485634197617,0
MSFT,2018-11-09,MSFT_20181109_00526,ml/datasets/charts/processed/MSFT/MSFT_20181109_00526.png,-0.0116820297526694,-0.0246417815095372,0
NVDA,2018-11-09,NVDA_20181109_00526,ml/datasets/charts/processed/NVDA/NVDA_20181109_00526.png,-0.2003891050583656,-0.0778210116731517,0
AMZN,2018-11-12,AMZN_20181112_00527,ml/datasets/charts/processed/AMZN/AMZN_20181112_00527.png,-0.0761241446725318,-0.0034213098729227,0
MSFT,2018-11-12,MSFT_20181112_00527,ml/datasets/charts/processed/MSFT/MSFT_20181112_00527.png,-0.021053616543464,0.0006550014035744,1
NVDA,2018-11-12,NVDA_20181112_00527,ml/datasets/charts/processed/NVDA/NVDA_20181112_00527.png,-0.2362869198312236,0.0506329113924051,1
AMZN,2018-11-13,AMZN_20181113_00528,ml/datasets/charts/processed/AMZN/AMZN_20181113_00528.png,-0.0832515939185876,-0.0197400686611083,0
MSFT,2018-11-13,MSFT_20181113_00528,ml/datasets/charts/processed/MSFT/MSFT_20181113_00528.png,-0.0489059285580699,-0.0184215447914718,0
NVDA,2018-11-13,NVDA_20181113_00528,ml/datasets/charts/processed/NVDA/NVDA_20181113_00528.png,-0.251004016064257,-0.0100401606425704,0
AMZN,2018-11-14,AMZN_20181114_00529,ml/datasets/charts/processed/AMZN/AMZN_20181114_00529.png,-0.0514071294559099,0.0127579737335834,1
MSFT,2018-11-14,MSFT_20181114_00529,ml/datasets/charts/processed/MSFT/MSFT_20181114_00529.png,-0.0177193483852529,0.0220062875107174,1
NVDA,2018-11-14,NVDA_20181114_00529,ml/datasets/charts/processed/NVDA/NVDA_20181114_00529.png,-0.2657200811359026,0.0263691683569979,1
AMZN,2018-11-15,AMZN_20181115_00530,ml/datasets/charts/processed/AMZN/AMZN_20181115_00530.png,-0.0724959861677164,-0.0160553291342472,0
MSFT,2018-11-15,MSFT_20181115_00530,ml/datasets/charts/processed/MSFT/MSFT_20181115_00530.png,-0.0392431021625653,0.0094146159582402,1
NVDA,2018-11-15,NVDA_20181115_00530,ml/datasets/charts/processed/NVDA/NVDA_20181115_00530.png,-0.284584980237154,-0.1877470355731224,0
AMZN,2018-11-16,AMZN_20181116_00531,ml/datasets/charts/processed/AMZN/AMZN_20181116_00531.png,-0.0075310656457889,-0.0509602108698381,0
MSFT,2018-11-16,MSFT_20181116_00531,ml/datasets/charts/processed/MSFT/MSFT_20181116_00531.png,-0.0168067226890756,-0.0338904792686305,0
NVDA,2018-11-16,NVDA_20181116_00531,ml/datasets/charts/processed/NVDA/NVDA_20181116_00531.png,-0.0681265206812652,-0.1192214111922141,0
AMZN,2018-11-19,AMZN_20181119_00532,ml/datasets/charts/processed/AMZN/AMZN_20181119_00532.png,0.0457611427059911,-0.0111096415818013,0
MSFT,2018-11-19,MSFT_20181119_00532,ml/datasets/charts/processed/MSFT/MSFT_20181119_00532.png,0.0240871726247371,-0.0278149493404703,0
NVDA,2018-11-19,NVDA_20181119_00532,ml/datasets/charts/processed/NVDA/NVDA_20181119_00532.png,0.0607734806629833,0.0303867403314916,1
AMZN,2018-11-20,AMZN_20181120_00533,ml/datasets/charts/processed/AMZN/AMZN_20181120_00533.png,0.121974053764879,0.0143105523605724,1
MSFT,2018-11-20,MSFT_20181120_00533,ml/datasets/charts/processed/MSFT/MSFT_20181120_00533.png,0.0925179431717628,0.0137646249139711,1
NVDA,2018-11-20,NVDA_20181120_00533,ml/datasets/charts/processed/NVDA/NVDA_20181120_00533.png,0.0723860589812332,-0.0294906166219839,0
AMZN,2018-11-21,AMZN_20181121_00534,ml/datasets/charts/processed/AMZN/AMZN_20181121_00534.png,0.1033755274261603,-0.0097573839662448,0
MSFT,2018-11-21,MSFT_20181121_00534,ml/datasets/charts/processed/MSFT/MSFT_20181121_00534.png,0.0686645330229851,-0.0003879352148191,0
NVDA,2018-11-21,NVDA_20181121_00534,ml/datasets/charts/processed/NVDA/NVDA_20181121_00534.png,0.0856353591160221,0.0,0
AMZN,2018-11-23,AMZN_20181123_00535,ml/datasets/charts/processed/AMZN/AMZN_20181123_00535.png,0.1252996005326232,0.0528628495339547,1
MSFT,2018-11-23,MSFT_20181123_00535,ml/datasets/charts/processed/MSFT/MSFT_20181123_00535.png,0.0758707674396041,0.0329872901911323,1
NVDA,2018-11-23,NVDA_20181123_00535,ml/datasets/charts/processed/NVDA/NVDA_20181123_00535.png,0.1298342541436463,0.0580110497237569,1
AMZN,2018-11-26,AMZN_20181126_00536,ml/datasets/charts/processed/AMZN/AMZN_20181126_00536.png,0.1207790565321869,0.0,0
MSFT,2018-11-26,MSFT_20181126_00536,ml/datasets/charts/processed/MSFT/MSFT_20181126_00536.png,0.0527848220155913,0.0062928524466985,1
NVDA,2018-11-26,NVDA_20181126_00536,ml/datasets/charts/processed/NVDA/NVDA_20181126_00536.png,0.1096605744125325,0.0026109660574411,1
AMZN,2018-11-27,AMZN_20181127_00537,ml/datasets/charts/processed/AMZN/AMZN_20181127_00537.png,0.0550145440748703,0.0609586442392817,1
MSFT,2018-11-27,MSFT_20181127_00537,ml/datasets/charts/processed/MSFT/MSFT_20181127_00537.png,0.012880343475826,0.0371476572708606,1
NVDA,2018-11-27,NVDA_20181127_00537,ml/datasets/charts/processed/NVDA/NVDA_20181127_00537.png,0.0234375,0.0416666666666667,1
AMZN,2018-11-28,AMZN_20181128_00538,ml/datasets/charts/processed/AMZN/AMZN_20181128_00538.png,0.012754797949696,-0.0025032781022766,0
MSFT,2018-11-28,MSFT_20181128_00538,ml/datasets/charts/processed/MSFT/MSFT_20181128_00538.png,-0.0173686105111591,-0.0083693304535638,0
NVDA,2018-11-28,NVDA_20181128_00538,ml/datasets/charts/processed/NVDA/NVDA_20181128_00538.png,-0.01,-0.0174999999999999,0
AMZN,2018-11-29,AMZN_20181129_00539,ml/datasets/charts/processed/AMZN/AMZN_20181129_00539.png,-0.0265296367112812,0.0099187380497132,1
MSFT,2018-11-29,MSFT_20181129_00539,ml/datasets/charts/processed/MSFT/MSFT_20181129_00539.png,-0.0487340049006261,0.0063526635810873,1
NVDA,2018-11-29,NVDA_20181129_00539,ml/datasets/charts/processed/NVDA/NVDA_20181129_00539.png,-0.0610687022900764,0.0407124681933841,1
AMZN,2018-11-30,AMZN_20181130_00540,ml/datasets/charts/processed/AMZN/AMZN_20181130_00540.png,-0.0291089811856586,0.0486332978345758,1
MSFT,2018-11-30,MSFT_20181130_00540,ml/datasets/charts/processed/MSFT/MSFT_20181130_00540.png,-0.0297592208494904,0.0108215348543601,1
NVDA,2018-11-30,NVDA_20181130_00540,ml/datasets/charts/processed/NVDA/NVDA_20181130_00540.png,-0.0709046454767726,0.0391198044009779,1
AMZN,2018-12-03,AMZN_20181203_00541,ml/datasets/charts/processed/AMZN/AMZN_20181203_00541.png,-0.0728955089144663,-0.0586774994357932,0
MSFT,2018-12-03,MSFT_20181203_00541,ml/datasets/charts/processed/MSFT/MSFT_20181203_00541.png,-0.0312249085556249,-0.0318494067267375,0
NVDA,2018-12-03,NVDA_20181203_00541,ml/datasets/charts/processed/NVDA/NVDA_20181203_00541.png,-0.1294117647058823,-0.0752941176470587,0
AMZN,2018-12-04,AMZN_20181204_00542,ml/datasets/charts/processed/AMZN/AMZN_20181204_00542.png,-0.0028770079117717,0.018460800767202,1
MSFT,2018-12-04,MSFT_20181204_00542,ml/datasets/charts/processed/MSFT/MSFT_20181204_00542.png,0.0051603391079986,0.0061739771470696,1
NVDA,2018-12-04,NVDA_20181204_00542,ml/datasets/charts/processed/NVDA/NVDA_20181204_00542.png,-0.0534351145038167,0.0076335877862594,1
AMZN,2018-12-06,AMZN_20181206_00543,ml/datasets/charts/processed/AMZN/AMZN_20181206_00543.png,-0.0240112994350281,-0.0411958568738229,0
MSFT,2018-12-06,MSFT_20181206_00543,ml/datasets/charts/processed/MSFT/MSFT_20181206_00543.png,0.0023811704368532,-0.0400219800348017,0
NVDA,2018-12-06,NVDA_20181206_00543,ml/datasets/charts/processed/NVDA/NVDA_20181206_00543.png,-0.0606060606060605,-0.0681818181818182,0
AMZN,2018-12-07,AMZN_20181207_00544,ml/datasets/charts/processed/AMZN/AMZN_20181207_00544.png,-0.0228332924134544,0.0072428185612571,1
MSFT,2018-12-07,MSFT_20181207_00544,ml/datasets/charts/processed/MSFT/MSFT_20181207_00544.png,0.011543598549895,0.026426254531578,1
NVDA,2018-12-07,NVDA_20181207_00544,ml/datasets/charts/processed/NVDA/NVDA_20181207_00544.png,-0.0081300813008129,0.029810298102981,1
AMZN,2018-12-10,AMZN_20181210_00545,ml/datasets/charts/processed/AMZN/AMZN_20181210_00545.png,-0.073126142595978,0.0013406459475928,1
MSFT,2018-12-10,MSFT_20181210_00545,ml/datasets/charts/processed/MSFT/MSFT_20181210_00545.png,-0.0436843572822753,0.0092945441026117,1
NVDA,2018-12-10,NVDA_20181210_00545,ml/datasets/charts/processed/NVDA/NVDA_20181210_00545.png,-0.0552631578947367,-0.026315789473684,0
AMZN,2018-12-11,AMZN_20181211_00546,ml/datasets/charts/processed/AMZN/AMZN_20181211_00546.png,-0.0558666017526777,0.0124148003894839,1
MSFT,2018-12-11,MSFT_20181211_00546,ml/datasets/charts/processed/MSFT/MSFT_20181211_00546.png,-0.0425453540841698,0.0045123860392299,1
NVDA,2018-12-11,NVDA_20181211_00546,ml/datasets/charts/processed/NVDA/NVDA_20181211_00546.png,-0.0081081081081081,0.0054054054054053,1
AMZN,2018-12-12,AMZN_20181212_00547,ml/datasets/charts/processed/AMZN/AMZN_20181212_00547.png,-0.1013464775186343,-0.0031257513825438,0
MSFT,2018-12-12,MSFT_20181212_00547,ml/datasets/charts/processed/MSFT/MSFT_20181212_00547.png,-0.0494132746607993,0.0033920058672534,1
NVDA,2018-12-12,NVDA_20181212_00547,ml/datasets/charts/processed/NVDA/NVDA_20181212_00547.png,-0.0698924731182796,0.0,0
AMZN,2018-12-13,AMZN_20181213_00548,ml/datasets/charts/processed/AMZN/AMZN_20181213_00548.png,-0.1191509889049685,-0.0400385914134105,0
MSFT,2018-12-13,MSFT_20181213_00548,ml/datasets/charts/processed/MSFT/MSFT_20181213_00548.png,-0.0725445408862494,-0.031247144814984,0
NVDA,2018-12-13,NVDA_20181213_00548,ml/datasets/charts/processed/NVDA/NVDA_20181213_00548.png,-0.0913978494623656,-0.0161290322580645,0
AMZN,2018-12-14,AMZN_20181214_00549,ml/datasets/charts/processed/AMZN/AMZN_20181214_00549.png,-0.1347989949748742,-0.0445979899497487,0
MSFT,2018-12-14,MSFT_20181214_00549,ml/datasets/charts/processed/MSFT/MSFT_20181214_00549.png,-0.0735640856361407,-0.0296142601150617,0
NVDA,2018-12-14,NVDA_20181214_00549,ml/datasets/charts/processed/NVDA/NVDA_20181214_00549.png,-0.1147540983606557,-0.0191256830601094,0
AMZN,2018-12-17,AMZN_20181217_00550,ml/datasets/charts/processed/AMZN/AMZN_20181217_00550.png,-0.1163708086785009,0.0199868507560814,1
MSFT,2018-12-17,MSFT_20181217_00550,ml/datasets/charts/processed/MSFT/MSFT_20181217_00550.png,-0.0851394693361843,0.0104966469044609,1
NVDA,2018-12-17,NVDA_20181217_00550,ml/datasets/charts/processed/NVDA/NVDA_20181217_00550.png,-0.1142061281337046,0.0222841225626742,1
AMZN,2018-12-18,AMZN_20181218_00551,ml/datasets/charts/processed/AMZN/AMZN_20181218_00551.png,-0.0518241588242877,-0.0363542606677838,0
MSFT,2018-12-18,MSFT_20181218_00551,ml/datasets/charts/processed/MSFT/MSFT_20181218_00551.png,-0.0327979224776378,-0.0026930845436183,0
NVDA,2018-12-18,NVDA_20181218_00551,ml/datasets/charts/processed/NVDA/NVDA_20181218_00551.png,-0.092643051771117,-0.0572207084468664,0
AMZN,2018-12-19,AMZN_20181219_00552,ml/datasets/charts/processed/AMZN/AMZN_20181219_00552.png,-0.0223411371237458,-0.0228762541806019,0
MSFT,2018-12-19,MSFT_20181219_00552,ml/datasets/charts/processed/MSFT/MSFT_20181219_00552.png,-0.0242067701803452,-0.0210242067701802,0
NVDA,2018-12-19,NVDA_20181219_00552,ml/datasets/charts/processed/NVDA/NVDA_20181219_00552.png,-0.0520231213872832,-0.0231213872832369,0
AMZN,2018-12-20,AMZN_20181220_00553,ml/datasets/charts/processed/AMZN/AMZN_20181220_00553.png,0.0117743702081052,-0.057092004381161,0
MSFT,2018-12-20,MSFT_20181220_00553,ml/datasets/charts/processed/MSFT/MSFT_20181220_00553.png,-0.0110333957245591,-0.0323120874790661,0
NVDA,2018-12-20,NVDA_20181220_00553,ml/datasets/charts/processed/NVDA/NVDA_20181220_00553.png,-0.0118343195266272,-0.0414201183431951,0
AMZN,2018-12-21,AMZN_20181221_00554,ml/datasets/charts/processed/AMZN/AMZN_20181221_00554.png,0.0904602874981848,-0.0242485842892405,0
MSFT,2018-12-21,MSFT_20181221_00554,ml/datasets/charts/processed/MSFT/MSFT_20181221_00554.png,0.0340018324340831,-0.04173877634124,0
NVDA,2018-12-21,NVDA_20181221_00554,ml/datasets/charts/processed/NVDA/NVDA_20181221_00554.png,0.0308641975308641,-0.0185185185185184,0
AMZN,2018-12-24,AMZN_20181224_00555,ml/datasets/charts/processed/AMZN/AMZN_20181224_00555.png,0.1452380952380951,0.0944940476190474,1
MSFT,2018-12-24,MSFT_20181224_00555,ml/datasets/charts/processed/MSFT/MSFT_20181224_00555.png,0.0742590035057899,0.0683097843408053,1
NVDA,2018-12-24,NVDA_20181224_00555,ml/datasets/charts/processed/NVDA/NVDA_20181224_00555.png,0.0723270440251573,0.0471698113207545,1
AMZN,2018-12-26,AMZN_20181226_00556,ml/datasets/charts/processed/AMZN/AMZN_20181226_00556.png,0.0198504418762748,-0.0063902107409925,0
MSFT,2018-12-26,MSFT_20181226_00556,ml/datasets/charts/processed/MSFT/MSFT_20181226_00556.png,-0.0314240254574382,0.0061654733492442,1
NVDA,2018-12-26,NVDA_20181226_00556,ml/datasets/charts/processed/NVDA/NVDA_20181226_00556.png,-0.039039039039039,-0.0150150150150151,0
AMZN,2018-12-27,AMZN_20181227_00557,ml/datasets/charts/processed/AMZN/AMZN_20181227_00557.png,0.0778598795840175,0.0112205801860976,1
MSFT,2018-12-27,MSFT_20181227_00557,ml/datasets/charts/processed/MSFT/MSFT_20181227_00557.png,0.0074125321209725,-0.0078078671674244,0
NVDA,2018-12-27,NVDA_20181227_00557,ml/datasets/charts/processed/NVDA/NVDA_20181227_00557.png,0.0365853658536585,0.0182926829268292,1
AMZN,2018-12-28,AMZN_20181228_00558,ml/datasets/charts/processed/AMZN/AMZN_20181228_00558.png,0.102571041948579,0.0162381596752365,1
MSFT,2018-12-28,MSFT_20181228_00558,ml/datasets/charts/processed/MSFT/MSFT_20181228_00558.png,0.016635123020221,0.011754158780755,1
NVDA,2018-12-28,NVDA_20181228_00558,ml/datasets/charts/processed/NVDA/NVDA_20181228_00558.png,0.0718562874251498,0.0,0
AMZN,2018-12-31,AMZN_20181231_00559,ml/datasets/charts/processed/AMZN/AMZN_20181231_00559.png,0.1029294274300933,0.0247669773635152,1
MSFT,2018-12-31,MSFT_20181231_00559,ml/datasets/charts/processed/MSFT/MSFT_20181231_00559.png,0.0121098749630796,-0.0044304420596631,0
NVDA,2018-12-31,NVDA_20181231_00559,ml/datasets/charts/processed/NVDA/NVDA_20181231_00559.png,0.0479041916167666,0.0209580838323353,1
AMZN,2019-01-02,AMZN_20190102_00560,ml/datasets/charts/processed/AMZN/AMZN_20190102_00560.png,0.0780925155925156,-0.0253378378378377,0
MSFT,2019-01-02,MSFT_20190102_00560,ml/datasets/charts/processed/MSFT/MSFT_20190102_00560.png,0.0311511075949366,-0.0367879746835443,0
NVDA,2019-01-02,NVDA_20190102_00560,ml/datasets/charts/processed/NVDA/NVDA_20190102_00560.png,0.0439882697947213,-0.0615835777126099,0
AMZN,2019-01-03,AMZN_20190103_00561,ml/datasets/charts/processed/AMZN/AMZN_20190103_00561.png,0.1039861351819757,0.0501266497800292,1
MSFT,2019-01-03,MSFT_20190103_00561,ml/datasets/charts/processed/MSFT/MSFT_20190103_00561.png,0.0636550308008212,0.0465092402464066,1
NVDA,2019-01-03,NVDA_20190103_00561,ml/datasets/charts/processed/NVDA/NVDA_20190103_00561.png,0.1343749999999999,0.0625,1
AMZN,2019-01-04,AMZN_20190104_00562,ml/datasets/charts/processed/AMZN/AMZN_20190104_00562.png,0.0413863145867716,0.0344039608988193,1
MSFT,2019-01-04,MSFT_20190104_00562,ml/datasets/charts/processed/MSFT/MSFT_20190104_00562.png,0.0085352693024622,0.0012753850681839,1
NVDA,2019-01-04,NVDA_20190104_00562,ml/datasets/charts/processed/NVDA/NVDA_20190104_00562.png,0.0941176470588236,0.0529411764705882,1
AMZN,2019-01-07,AMZN_20190107_00563,ml/datasets/charts/processed/AMZN/AMZN_20190107_00563.png,-0.0076092292587138,0.0165684830633283,1
MSFT,2019-01-07,MSFT_20190107_00563,ml/datasets/charts/processed/MSFT/MSFT_20190107_00563.png,-9.798157946305786e-05,0.0072506368802665,1
NVDA,2019-01-07,NVDA_20190107_00563,ml/datasets/charts/processed/NVDA/NVDA_20190107_00563.png,0.0502793296089385,-0.0223463687150837,0
AMZN,2019-01-08,AMZN_20190108_00564,ml/datasets/charts/processed/AMZN/AMZN_20190108_00564.png,0.0108656283955088,0.0016902088615236,1
MSFT,2019-01-08,MSFT_20190108_00564,ml/datasets/charts/processed/MSFT/MSFT_20190108_00564.png,0.0214980544747083,0.0142996108949415,1
NVDA,2019-01-08,NVDA_20190108_00564,ml/datasets/charts/processed/NVDA/NVDA_20190108_00564.png,0.0714285714285714,0.0171428571428571,1
AMZN,2019-01-09,AMZN_20190109_00565,ml/datasets/charts/processed/AMZN/AMZN_20190109_00565.png,0.0147041099192479,-0.0019284078582619,0
MSFT,2019-01-09,MSFT_20190109_00565,ml/datasets/charts/processed/MSFT/MSFT_20190109_00565.png,0.010645439723794,-0.006425625779227,0
NVDA,2019-01-09,NVDA_20190109_00565,ml/datasets/charts/processed/NVDA/NVDA_20190109_00565.png,0.0449438202247192,0.0196629213483146,1
AMZN,2019-01-10,AMZN_20190110_00566,ml/datasets/charts/processed/AMZN/AMZN_20190110_00566.png,0.0223402970655717,-0.0094191522762951,0
MSFT,2019-01-10,MSFT_20190110_00566,ml/datasets/charts/processed/MSFT/MSFT_20190110_00566.png,0.0243243243243245,-0.0077220077220077,0
NVDA,2019-01-10,NVDA_20190110_00566,ml/datasets/charts/processed/NVDA/NVDA_20190110_00566.png,0.0440771349862259,0.0247933884297522,1
AMZN,2019-01-11,AMZN_20190111_00567,ml/datasets/charts/processed/AMZN/AMZN_20190111_00567.png,0.0338900402291844,-0.0142630744849445,0
MSFT,2019-01-11,MSFT_20190111_00567,ml/datasets/charts/processed/MSFT/MSFT_20190111_00567.png,0.0477626459143969,-0.0072957198443579,0
NVDA,2019-01-11,NVDA_20190111_00567,ml/datasets/charts/processed/NVDA/NVDA_20190111_00567.png,0.053763440860215,0.010752688172043,1
AMZN,2019-01-14,AMZN_20190114_00568,ml/datasets/charts/processed/AMZN/AMZN_20190114_00568.png,0.0092752906257729,0.0354934454612911,1
MSFT,2019-01-14,MSFT_20190114_00568,ml/datasets/charts/processed/MSFT/MSFT_20190114_00568.png,0.0355707986281235,0.0290053895149438,1
NVDA,2019-01-14,NVDA_20190114_00568,ml/datasets/charts/processed/NVDA/NVDA_20190114_00568.png,-0.0106382978723402,-0.002659574468085,0
AMZN,2019-01-15,AMZN_20190115_00569,ml/datasets/charts/processed/AMZN/AMZN_20190115_00569.png,-0.0206616505434134,0.0054938492774392,1
MSFT,2019-01-15,MSFT_20190115_00569,ml/datasets/charts/processed/MSFT/MSFT_20190115_00569.png,0.016188934387201,0.0035234739548613,1
NVDA,2019-01-15,NVDA_20190115_00569,ml/datasets/charts/processed/NVDA/NVDA_20190115_00569.png,-0.0053333333333333,-0.0079999999999998,0
AMZN,2019-01-16,AMZN_20190116_00570,ml/datasets/charts/processed/AMZN/AMZN_20190116_00570.png,-0.0171041691412281,0.005582610761373,1
MSFT,2019-01-16,MSFT_20190116_00570,ml/datasets/charts/processed/MSFT/MSFT_20190116_00570.png,0.007781362687417,0.0070222053520592,1
NVDA,2019-01-16,NVDA_20190116_00570,ml/datasets/charts/processed/NVDA/NVDA_20190116_00570.png,0.0618279569892472,0.0188172043010752,1
AMZN,2019-01-17,AMZN_20190117_00571,ml/datasets/charts/processed/AMZN/AMZN_20190117_00571.png,-0.0133475076777698,0.0017717930545713,1
MSFT,2019-01-17,MSFT_20190117_00571,ml/datasets/charts/processed/MSFT/MSFT_20190117_00571.png,0.0098944591029024,0.0149830380701092,1
NVDA,2019-01-17,NVDA_20190117_00571,ml/datasets/charts/processed/NVDA/NVDA_20190117_00571.png,0.0554089709762533,0.0343007915567281,1
AMZN,2019-01-18,AMZN_20190118_00572,ml/datasets/charts/processed/AMZN/AMZN_20190118_00572.png,-0.0344299021341822,-0.0377313995991038,0
MSFT,2019-01-18,MSFT_20190118_00572,ml/datasets/charts/processed/MSFT/MSFT_20190118_00572.png,-0.0244174171386128,-0.0188469037229597,0
NVDA,2019-01-18,NVDA_20190118_00572,ml/datasets/charts/processed/NVDA/NVDA_20190118_00572.png,-0.1198979591836734,-0.0510204081632652,0
AMZN,2019-01-22,AMZN_20190122_00573,ml/datasets/charts/processed/AMZN/AMZN_20190122_00573.png,-0.0235265286116898,0.0047788261242494,1
MSFT,2019-01-22,MSFT_20190122_00573,ml/datasets/charts/processed/MSFT/MSFT_20190122_00573.png,-0.0259273277819834,0.0097464042392125,1
NVDA,2019-01-22,NVDA_20190122_00573,ml/datasets/charts/processed/NVDA/NVDA_20190122_00573.png,-0.1155913978494623,0.0026881720430107,1
AMZN,2019-01-23,AMZN_20190123_00574,ml/datasets/charts/processed/AMZN/AMZN_20190123_00574.png,0.0185365853658536,0.0091463414634145,1
MSFT,2019-01-23,MSFT_20190123_00574,ml/datasets/charts/processed/MSFT/MSFT_20190123_00574.png,-0.0030924936744447,-0.0047793084059599,0
NVDA,2019-01-23,NVDA_20190123_00574,ml/datasets/charts/processed/NVDA/NVDA_20190123_00574.png,-0.0804289544235924,0.0589812332439678,1
AMZN,2019-01-24,AMZN_20190124_00575,ml/datasets/charts/processed/AMZN/AMZN_20190124_00575.png,0.0385498489425981,0.0094259818731117,1
MSFT,2019-01-24,MSFT_20190124_00575,ml/datasets/charts/processed/MSFT/MSFT_20190124_00575.png,-0.0166666666666666,0.0091337099811676,1
NVDA,2019-01-24,NVDA_20190124_00575,ml/datasets/charts/processed/NVDA/NVDA_20190124_00575.png,-0.0911392405063291,0.0126582278481011,1
AMZN,2019-01-25,AMZN_20190125_00576,ml/datasets/charts/processed/AMZN/AMZN_20190125_00576.png,-0.0265772776248054,-0.019633664551658,0
MSFT,2019-01-25,MSFT_20190125_00576,ml/datasets/charts/processed/MSFT/MSFT_20190125_00576.png,-0.0409629560511337,-0.0195017262293553,0
NVDA,2019-01-25,NVDA_20190125_00576,ml/datasets/charts/processed/NVDA/NVDA_20190125_00576.png,-0.0949999999999999,-0.1374999999999999,0
AMZN,2019-01-28,AMZN_20190128_00577,ml/datasets/charts/processed/AMZN/AMZN_20190128_00577.png,-0.0026865307119305,-0.0268653071193064,0
MSFT,2019-01-28,MSFT_20190128_00577,ml/datasets/charts/processed/MSFT/MSFT_20190128_00577.png,0.00628092881614,-0.0203654358583935,0
NVDA,2019-01-28,NVDA_20190128_00577,ml/datasets/charts/processed/NVDA/NVDA_20190128_00577.png,0.0811594202898551,-0.0463768115942029,0
AMZN,2019-01-29,AMZN_20190129_00578,ml/datasets/charts/processed/AMZN/AMZN_20190129_00578.png,0.0407830342577488,0.0480612372945161,1
MSFT,2019-01-29,MSFT_20190129_00578,ml/datasets/charts/processed/MSFT/MSFT_20190129_00578.png,0.0415776180299203,0.0334175247717116,1
NVDA,2019-01-29,NVDA_20190129_00578,ml/datasets/charts/processed/NVDA/NVDA_20190129_00578.png,0.1398176291793313,0.0425531914893617,1
AMZN,2019-01-30,AMZN_20190130_00579,ml/datasets/charts/processed/AMZN/AMZN_20190130_00579.png,-0.0180795019157087,0.0289750957854406,1
MSFT,2019-01-30,MSFT_20190130_00579,ml/datasets/charts/processed/MSFT/MSFT_20190130_00579.png,-0.0032900921225793,-0.0183305132543709,0
NVDA,2019-01-30,NVDA_20190130_00579,ml/datasets/charts/processed/NVDA/NVDA_20190130_00579.png,0.1166180758017492,0.0466472303206997,1
AMZN,2019-01-31,AMZN_20190131_00580,ml/datasets/charts/processed/AMZN/AMZN_20190131_00580.png,-0.0607400511985105,-0.05387479636956,0
MSFT,2019-01-31,MSFT_20190131_00580,ml/datasets/charts/processed/MSFT/MSFT_20190131_00580.png,0.0080436656133293,-0.0158000574547544,0
NVDA,2019-01-31,NVDA_20190131_00580,ml/datasets/charts/processed/NVDA/NVDA_20190131_00580.png,0.0278551532033426,0.0083565459610028,1
AMZN,2019-02-01,AMZN_20190201_00581,ml/datasets/charts/processed/AMZN/AMZN_20190201_00581.png,-0.0233673594883778,0.0044274996925346,1
MSFT,2019-02-01,MSFT_20190201_00581,ml/datasets/charts/processed/MSFT/MSFT_20190201_00581.png,0.0281183109554388,0.0287993773107608,1
NVDA,2019-02-01,NVDA_20190201_00581,ml/datasets/charts/processed/NVDA/NVDA_20190201_00581.png,0.022099447513812,0.0303867403314916,1
AMZN,2019-02-04,AMZN_20190204_00582,ml/datasets/charts/processed/AMZN/AMZN_20190204_00582.png,-0.0259581241581976,0.0155503856985428,1
MSFT,2019-02-04,MSFT_20190204_00582,ml/datasets/charts/processed/MSFT/MSFT_20190204_00582.png,-0.0046340079440135,0.013996595422735,1
NVDA,2019-02-04,NVDA_20190204_00582,ml/datasets/charts/processed/NVDA/NVDA_20190204_00582.png,-0.0187667560321715,0.0053619302949061,1
AMZN,2019-02-05,AMZN_20190205_00583,ml/datasets/charts/processed/AMZN/AMZN_20190205_00583.png,-0.012539184952978,-0.0112129250060283,0
MSFT,2019-02-05,MSFT_20190205_00583,ml/datasets/charts/processed/MSFT/MSFT_20190205_00583.png,-0.0030777839955231,-0.01109867562022,0
NVDA,2019-02-05,NVDA_20190205_00583,ml/datasets/charts/processed/NVDA/NVDA_20190205_00583.png,0.008,0.0213333333333334,1
AMZN,2019-02-06,AMZN_20190206_00584,ml/datasets/charts/processed/AMZN/AMZN_20190206_00584.png,-0.0001219363492257,-0.0157297890501159,0
MSFT,2019-02-06,MSFT_20190206_00584,ml/datasets/charts/processed/MSFT/MSFT_20190206_00584.png,0.0073564085636141,-0.0071677827030086,0
NVDA,2019-02-06,NVDA_20190206_00584,ml/datasets/charts/processed/NVDA/NVDA_20190206_00584.png,-0.0026109660574412,-0.0365535248041776,0
AMZN,2019-02-07,AMZN_20190207_00585,ml/datasets/charts/processed/AMZN/AMZN_20190207_00585.png,0.0050792864222002,-0.016228939544103,0
MSFT,2019-02-07,MSFT_20190207_00585,ml/datasets/charts/processed/MSFT/MSFT_20190207_00585.png,0.01548399354042,0.003799753016054,1
NVDA,2019-02-07,NVDA_20190207_00585,ml/datasets/charts/processed/NVDA/NVDA_20190207_00585.png,0.0460704607046069,0.0027100271002711,1
AMZN,2019-02-08,AMZN_20190208_00586,ml/datasets/charts/processed/AMZN/AMZN_20190208_00586.png,0.0124669437098603,0.0017630021407883,1
MSFT,2019-02-08,MSFT_20190208_00586,ml/datasets/charts/processed/MSFT/MSFT_20190208_00586.png,0.0241317308602251,-0.003974638024037,0
NVDA,2019-02-08,NVDA_20190208_00586,ml/datasets/charts/processed/NVDA/NVDA_20190208_00586.png,0.0621621621621621,-0.0108108108108108,0
AMZN,2019-02-11,AMZN_20190211_00587,ml/datasets/charts/processed/AMZN/AMZN_20190211_00587.png,0.0230043997485858,0.0295411690760529,1
MSFT,2019-02-11,MSFT_20190211_00587,ml/datasets/charts/processed/MSFT/MSFT_20190211_00587.png,0.0277434679334918,0.0155819477434679,1
NVDA,2019-02-11,NVDA_20190211_00587,ml/datasets/charts/processed/NVDA/NVDA_20190211_00587.png,0.07103825136612,0.0327868852459014,1
AMZN,2019-02-12,AMZN_20190212_00588,ml/datasets/charts/processed/AMZN/AMZN_20190212_00588.png,-0.0096459096459097,0.0012210012210012,1
MSFT,2019-02-12,MSFT_20190212_00588,ml/datasets/charts/processed/MSFT/MSFT_20190212_00588.png,0.0024324071475347,-0.0007484329684722,0
NVDA,2019-02-12,NVDA_20190212_00588,ml/datasets/charts/processed/NVDA/NVDA_20190212_00588.png,0.0476190476190476,0.0105820105820106,1
AMZN,2019-02-13,AMZN_20190213_00589,ml/datasets/charts/processed/AMZN/AMZN_20190213_00589.png,-0.0125609756097561,-0.0106097560975609,0
MSFT,2019-02-13,MSFT_20190213_00589,ml/datasets/charts/processed/MSFT/MSFT_20190213_00589.png,0.0243422900477483,0.0008426177324221,1
NVDA,2019-02-13,NVDA_20190213_00589,ml/datasets/charts/processed/NVDA/NVDA_20190213_00589.png,0.018324607329843,0.0104712041884815,1
AMZN,2019-02-14,AMZN_20190214_00590,ml/datasets/charts/processed/AMZN/AMZN_20190214_00590.png,0.0055466535190435,-0.0089979045975593,0
MSFT,2019-02-14,MSFT_20190214_00590,ml/datasets/charts/processed/MSFT/MSFT_20190214_00590.png,0.0380729653882132,0.0123479887745556,1
NVDA,2019-02-14,NVDA_20190214_00590,ml/datasets/charts/processed/NVDA/NVDA_20190214_00590.png,0.0310880829015545,0.0181347150259068,1
AMZN,2019-02-15,AMZN_20190215_00591,ml/datasets/charts/processed/AMZN/AMZN_20190215_00591.png,0.015547263681592,0.0121890547263681,1
MSFT,2019-02-15,MSFT_20190215_00591,ml/datasets/charts/processed/MSFT/MSFT_20190215_00591.png,0.0311402698207354,-0.0004620218074292,0
NVDA,2019-02-15,NVDA_20190215_00591,ml/datasets/charts/processed/NVDA/NVDA_20190215_00591.png,0.0101781170483461,-0.0025445292620865,0
AMZN,2019-02-19,AMZN_20190219_00592,ml/datasets/charts/processed/AMZN/AMZN_20190219_00592.png,0.0054067338412386,-0.0033177684934873,0
MSFT,2019-02-19,MSFT_20190219_00592,ml/datasets/charts/processed/MSFT/MSFT_20190219_00592.png,0.0387353240269945,-0.0094296015531107,0
NVDA,2019-02-19,NVDA_20190219_00592,ml/datasets/charts/processed/NVDA/NVDA_20190219_00592.png,0.0025510204081633,0.0102040816326529,1
AMZN,2019-02-20,AMZN_20190220_00593,ml/datasets/charts/processed/AMZN/AMZN_20190220_00593.png,0.0115891998520527,-0.0017260510417951,0
MSFT,2019-02-20,MSFT_20190220_00593,ml/datasets/charts/processed/MSFT/MSFT_20190220_00593.png,0.0468502099860008,0.0210919272048528,1
NVDA,2019-02-20,NVDA_20190220_00593,ml/datasets/charts/processed/NVDA/NVDA_20190220_00593.png,-0.0176767676767676,-0.0176767676767676,0
AMZN,2019-02-21,AMZN_20190221_00594,ml/datasets/charts/processed/AMZN/AMZN_20190221_00594.png,0.0125972582437938,0.007533654439916,1
MSFT,2019-02-21,MSFT_20190221_00594,ml/datasets/charts/processed/MSFT/MSFT_20190221_00594.png,0.0239466227949913,0.0142582944886207,1
NVDA,2019-02-21,NVDA_20190221_00594,ml/datasets/charts/processed/NVDA/NVDA_20190221_00594.png,-0.0077120822622108,0.0231362467866322,1
AMZN,2019-02-22,AMZN_20190222_00595,ml/datasets/charts/processed/AMZN/AMZN_20190222_00595.png,0.0246383917626868,0.0008580534444717,1
MSFT,2019-02-22,MSFT_20190222_00595,ml/datasets/charts/processed/MSFT/MSFT_20190222_00595.png,0.0140578534739119,0.0055870956114265,1
NVDA,2019-02-22,NVDA_20190222_00595,ml/datasets/charts/processed/NVDA/NVDA_20190222_00595.png,-0.0175879396984923,-0.0025125628140703,0
AMZN,2019-02-25,AMZN_20190225_00596,ml/datasets/charts/processed/AMZN/AMZN_20190225_00596.png,0.0387017758726271,0.0020820575627678,1
MSFT,2019-02-25,MSFT_20190225_00596,ml/datasets/charts/processed/MSFT/MSFT_20190225_00596.png,0.006004122233175,0.0069002598799174,1
NVDA,2019-02-25,NVDA_20190225_00596,ml/datasets/charts/processed/NVDA/NVDA_20190225_00596.png,-0.0125944584382872,-0.0100755667506297,0
AMZN,2019-02-26,AMZN_20190226_00597,ml/datasets/charts/processed/AMZN/AMZN_20190226_00597.png,0.0342214617452947,0.0028110486433634,1
MSFT,2019-02-26,MSFT_20190226_00597,ml/datasets/charts/processed/MSFT/MSFT_20190226_00597.png,-0.0058739765040939,-0.001690993236027,0
NVDA,2019-02-26,NVDA_20190226_00597,ml/datasets/charts/processed/NVDA/NVDA_20190226_00597.png,-0.005089058524173,-0.010178117048346,0
AMZN,2019-02-27,AMZN_20190227_00598,ml/datasets/charts/processed/AMZN/AMZN_20190227_00598.png,0.0170627666057283,-0.0007312614259598,0
MSFT,2019-02-27,MSFT_20190227_00598,ml/datasets/charts/processed/MSFT/MSFT_20190227_00598.png,-0.0037443166622092,-0.0012481055540697,0
NVDA,2019-02-27,NVDA_20190227_00598,ml/datasets/charts/processed/NVDA/NVDA_20190227_00598.png,-0.0231362467866325,-0.0077120822622108,0
AMZN,2019-02-28,AMZN_20190228_00599,ml/datasets/charts/processed/AMZN/AMZN_20190228_00599.png,-0.0084156604463958,0.0195145749481644,1
MSFT,2019-02-28,MSFT_20190228_00599,ml/datasets/charts/processed/MSFT/MSFT_20190228_00599.png,-0.0146389359992858,0.0044630902436846,1
NVDA,2019-02-28,NVDA_20190228_00599,ml/datasets/charts/processed/NVDA/NVDA_20190228_00599.png,-0.0336787564766839,0.0129533678756477,1
AMZN,2019-03-01,AMZN_20190301_00600,ml/datasets/charts/processed/AMZN/AMZN_20190301_00600.png,-0.030506041392511,0.0145950472544562,1
MSFT,2019-03-01,MSFT_20190301_00600,ml/datasets/charts/processed/MSFT/MSFT_20190301_00600.png,-0.0179507686839064,-0.0023993601706211,0
NVDA,2019-03-01,NVDA_20190301_00600,ml/datasets/charts/processed/NVDA/NVDA_20190301_00600.png,-0.0358056265984655,0.0025575447570331,1
AMZN,2019-03-04,AMZN_20190304_00601,ml/datasets/charts/processed/AMZN/AMZN_20190304_00601.png,-0.0150925598396415,-0.0022403018511967,0
MSFT,2019-03-04,MSFT_20190304_00601,ml/datasets/charts/processed/MSFT/MSFT_20190304_00601.png,0.005077498663816,-0.0049884197398896,0
NVDA,2019-03-04,NVDA_20190304_00601,ml/datasets/charts/processed/NVDA/NVDA_20190304_00601.png,0.0280612244897959,-0.0025510204081632,0
AMZN,2019-03-05,AMZN_20190305_00602,ml/datasets/charts/processed/AMZN/AMZN_20190305_00602.png,-0.0113448357362326,-0.0138265185535334,0
MSFT,2019-03-05,MSFT_20190305_00602,ml/datasets/charts/processed/MSFT/MSFT_20190305_00602.png,0.0171888988361683,0.0004476275738585,1
NVDA,2019-03-05,NVDA_20190305_00602,ml/datasets/charts/processed/NVDA/NVDA_20190305_00602.png,0.0383631713554986,-0.0281329923273657,0
AMZN,2019-03-06,AMZN_20190306_00603,ml/datasets/charts/processed/AMZN/AMZN_20190306_00603.png,0.0130617136009587,-0.0257639304973038,0
MSFT,2019-03-06,MSFT_20190306_00603,ml/datasets/charts/processed/MSFT/MSFT_20190306_00603.png,0.0246085011185681,-0.0121700223713646,0
NVDA,2019-03-06,NVDA_20190306_00603,ml/datasets/charts/processed/NVDA/NVDA_20190306_00603.png,0.1105263157894735,-0.0184210526315788,0
AMZN,2019-03-07,AMZN_20190307_00604,ml/datasets/charts/processed/AMZN/AMZN_20190307_00604.png,0.0370233702337023,-0.0031980319803196,0
MSFT,2019-03-07,MSFT_20190307_00604,ml/datasets/charts/processed/MSFT/MSFT_20190307_00604.png,0.0380469245402663,0.0010870549868648,1
NVDA,2019-03-07,NVDA_20190307_00604,ml/datasets/charts/processed/NVDA/NVDA_20190307_00604.png,0.1099195710455762,0.0107238605898123,1
AMZN,2019-03-08,AMZN_20190308_00605,ml/datasets/charts/processed/AMZN/AMZN_20190308_00605.png,0.0565153010858834,0.0307255676209279,1
MSFT,2019-03-08,MSFT_20190308_00605,ml/datasets/charts/processed/MSFT/MSFT_20190308_00605.png,0.0488643561668626,0.0209935752420595,1
NVDA,2019-03-08,NVDA_20190308_00605,ml/datasets/charts/processed/NVDA/NVDA_20190308_00605.png,0.1273209549071619,0.0689655172413794,1
AMZN,2019-03-11,AMZN_20190311_00606,ml/datasets/charts/processed/AMZN/AMZN_20190311_00606.png,0.0428588531066682,0.0015563270681191,1
MSFT,2019-03-11,MSFT_20190311_00606,ml/datasets/charts/processed/MSFT/MSFT_20190311_00606.png,0.0420101036958255,0.0070016839493043,1
NVDA,2019-03-11,NVDA_20190311_00606,ml/datasets/charts/processed/NVDA/NVDA_20190311_00606.png,0.0471464019851115,0.007444168734491,1
AMZN,2019-03-12,AMZN_20190312_00607,ml/datasets/charts/processed/AMZN/AMZN_20190312_00607.png,0.0529524264881664,0.0105187664355725,1
MSFT,2019-03-12,MSFT_20190312_00607,ml/datasets/charts/processed/MSFT/MSFT_20190312_00607.png,0.0354691075514874,0.0077451152966026,1
NVDA,2019-03-12,NVDA_20190312_00607,ml/datasets/charts/processed/NVDA/NVDA_20190312_00607.png,0.0812807881773398,0.0394088669950738,1
AMZN,2019-03-13,AMZN_20190313_00608,ml/datasets/charts/processed/AMZN/AMZN_20190313_00608.png,0.0629287911048024,-0.0027206056304708,0
MSFT,2019-03-13,MSFT_20190313_00608,ml/datasets/charts/processed/MSFT/MSFT_20190313_00608.png,0.0263755458515284,0.0007860262008734,1
NVDA,2019-03-13,NVDA_20190313_00608,ml/datasets/charts/processed/NVDA/NVDA_20190313_00608.png,0.0331753554502372,-0.0189573459715639,0
AMZN,2019-03-14,AMZN_20190314_00609,ml/datasets/charts/processed/AMZN/AMZN_20190314_00609.png,0.0788755782232237,0.0155378958605147,1
MSFT,2019-03-14,MSFT_20190314_00609,ml/datasets/charts/processed/MSFT/MSFT_20190314_00609.png,0.0491316868836722,0.0115193297844489,1
NVDA,2019-03-14,NVDA_20190314_00609,ml/datasets/charts/processed/NVDA/NVDA_20190314_00609.png,0.1111111111111111,0.0265700483091788,1
AMZN,2019-03-15,AMZN_20190315_00610,ml/datasets/charts/processed/AMZN/AMZN_20190315_00610.png,0.0306003270263954,0.0174024760569959,1
MSFT,2019-03-15,MSFT_20190315_00610,ml/datasets/charts/processed/MSFT/MSFT_20190315_00610.png,0.0098352169786903,0.0143214563023035,1
NVDA,2019-03-15,NVDA_20190315_00610,ml/datasets/charts/processed/NVDA/NVDA_20190315_00610.png,0.0447058823529413,-0.0070588235294117,0
AMZN,2019-03-18,AMZN_20190318_00611,ml/datasets/charts/processed/AMZN/AMZN_20190318_00611.png,0.0183675812191481,0.0112501434967282,1
MSFT,2019-03-18,MSFT_20190318_00611,ml/datasets/charts/processed/MSFT/MSFT_20190318_00611.png,0.0007655014034193,0.0006804456919282,1
NVDA,2019-03-18,NVDA_20190318_00611,ml/datasets/charts/processed/NVDA/NVDA_20190318_00611.png,0.028436018957346,0.0402843601895734,1
AMZN,2019-03-19,AMZN_20190319_00612,ml/datasets/charts/processed/AMZN/AMZN_20190319_00612.png,0.0124872289703712,0.0200930866159609,1
MSFT,2019-03-19,MSFT_20190319_00612,ml/datasets/charts/processed/MSFT/MSFT_20190319_00612.png,0.002209944751381,-0.0011049723756907,0
NVDA,2019-03-19,NVDA_20190319_00612,ml/datasets/charts/processed/NVDA/NVDA_20190319_00612.png,0.0068337129840547,-0.0068337129840545,0
AMZN,2019-03-20,AMZN_20190320_00613,ml/datasets/charts/processed/AMZN/AMZN_20190320_00613.png,-0.0175829067438236,0.0122412641887379,1
MSFT,2019-03-20,MSFT_20190320_00613,ml/datasets/charts/processed/MSFT/MSFT_20190320_00613.png,-0.0063818924438393,0.0229748127978217,1
NVDA,2019-03-20,NVDA_20190320_00613,ml/datasets/charts/processed/NVDA/NVDA_20190320_00613.png,0.0114678899082567,0.0550458715596329,1
AMZN,2019-03-21,AMZN_20190321_00614,ml/datasets/charts/processed/AMZN/AMZN_20190321_00614.png,-0.0251759014951625,-0.0299032541776604,0
MSFT,2019-03-21,MSFT_20190321_00614,ml/datasets/charts/processed/MSFT/MSFT_20190321_00614.png,-0.0273664947596072,-0.0263683247379803,0
NVDA,2019-03-21,NVDA_20190321_00614,ml/datasets/charts/processed/NVDA/NVDA_20190321_00614.png,-0.0369565217391304,-0.0347826086956519,0
AMZN,2019-03-22,AMZN_20190322_00615,ml/datasets/charts/processed/AMZN/AMZN_20190322_00615.png,0.0090661831368994,0.0053263825929283,1
MSFT,2019-03-22,MSFT_20190322_00615,ml/datasets/charts/processed/MSFT/MSFT_20190322_00615.png,0.0076035882101666,0.005211448099103,1
NVDA,2019-03-22,NVDA_20190322_00615,ml/datasets/charts/processed/NVDA/NVDA_20190322_00615.png,0.0112612612612612,-0.0225225225225226,0
AMZN,2019-03-25,AMZN_20190325_00616,ml/datasets/charts/processed/AMZN/AMZN_20190325_00616.png,0.0225453725622815,0.0054108894149476,1
MSFT,2019-03-25,MSFT_20190325_00616,ml/datasets/charts/processed/MSFT/MSFT_20190325_00616.png,0.0115587285398606,0.0021247662757095,1
NVDA,2019-03-25,NVDA_20190325_00616,ml/datasets/charts/processed/NVDA/NVDA_20190325_00616.png,0.0506912442396312,0.0184331797235022,1
AMZN,2019-03-26,AMZN_20190326_00617,ml/datasets/charts/processed/AMZN/AMZN_20190326_00617.png,0.0169301491198565,-0.0102029375490525,0
MSFT,2019-03-26,MSFT_20190326_00617,ml/datasets/charts/processed/MSFT/MSFT_20190326_00617.png,0.0108557374268509,-0.0096683911457892,0
NVDA,2019-03-26,NVDA_20190326_00617,ml/datasets/charts/processed/NVDA/NVDA_20190326_00617.png,0.0361990950226245,-0.002262443438914,0
AMZN,2019-03-27,AMZN_20190327_00618,ml/datasets/charts/processed/AMZN/AMZN_20190327_00618.png,0.0311508835523335,0.0044177616674219,1
MSFT,2019-03-27,MSFT_20190327_00618,ml/datasets/charts/processed/MSFT/MSFT_20190327_00618.png,0.0274042990494134,0.0013702149524708,1
NVDA,2019-03-27,NVDA_20190327_00618,ml/datasets/charts/processed/NVDA/NVDA_20190327_00618.png,0.0702947845804988,0.0045351473922901,1
AMZN,2019-03-28,AMZN_20190328_00619,ml/datasets/charts/processed/AMZN/AMZN_20190328_00619.png,0.0256005413330324,0.0041727754595692,1
MSFT,2019-03-28,MSFT_20190328_00619,ml/datasets/charts/processed/MSFT/MSFT_20190328_00619.png,0.0207816642435645,0.008637646455144,1
NVDA,2019-03-28,NVDA_20190328_00619,ml/datasets/charts/processed/NVDA/NVDA_20190328_00619.png,0.0632054176072236,0.0135440180586907,1
AMZN,2019-03-29,AMZN_20190329_00620,ml/datasets/charts/processed/AMZN/AMZN_20190329_00620.png,0.0316711590296494,0.0187556154537285,1
MSFT,2019-03-29,MSFT_20190329_00620,ml/datasets/charts/processed/MSFT/MSFT_20190329_00620.png,0.016533830761404,0.0091571985755469,1
NVDA,2019-03-29,NVDA_20190329_00620,ml/datasets/charts/processed/NVDA/NVDA_20190329_00620.png,0.0623608017817369,0.0155902004454342,1
AMZN,2019-04-01,AMZN_20190401_00621,ml/datasets/charts/processed/AMZN/AMZN_20190401_00621.png,0.019622974313747,-0.0001102414287288,0
MSFT,2019-04-01,MSFT_20190401_00621,ml/datasets/charts/processed/MSFT/MSFT_20190401_00621.png,0.0076457738195261,0.0014283313728784,1
NVDA,2019-04-01,NVDA_20190401_00621,ml/datasets/charts/processed/NVDA/NVDA_20190401_00621.png,0.0504385964912281,0.0043859649122808,1
AMZN,2019-04-02,AMZN_20190402_00622,ml/datasets/charts/processed/AMZN/AMZN_20190402_00622.png,0.0120176405733187,0.003638368246968,1
MSFT,2019-04-02,MSFT_20190402_00622,ml/datasets/charts/processed/MSFT/MSFT_20190402_00622.png,0.0007550969041028,0.0065441731688899,1
NVDA,2019-04-02,NVDA_20190402_00622,ml/datasets/charts/processed/NVDA/NVDA_20190402_00622.png,0.0327510917030569,0.0305676855895196,1
AMZN,2019-04-03,AMZN_20190403_00623,ml/datasets/charts/processed/AMZN/AMZN_20190403_00623.png,0.0147204218389542,-0.000988685048885,0
MSFT,2019-04-03,MSFT_20190403_00623,ml/datasets/charts/processed/MSFT/MSFT_20190403_00623.png,0.0018337917812787,-0.0050846044844544,0
NVDA,2019-04-03,NVDA_20190403_00623,ml/datasets/charts/processed/NVDA/NVDA_20190403_00623.png,0.0169491525423728,-0.0021186440677966,0
AMZN,2019-04-04,AMZN_20190404_00624,ml/datasets/charts/processed/AMZN/AMZN_20190404_00624.png,0.0138552892016714,0.0101165603694743,1
MSFT,2019-04-04,MSFT_20190404_00624,ml/datasets/charts/processed/MSFT/MSFT_20190404_00624.png,0.0081266756032172,0.0044403485254691,1
NVDA,2019-04-04,NVDA_20190404_00624,ml/datasets/charts/processed/NVDA/NVDA_20190404_00624.png,0.0169851380042462,0.0127388535031847,1
AMZN,2019-04-05,AMZN_20190405_00625,ml/datasets/charts/processed/AMZN/AMZN_20190405_00625.png,0.0031569780100153,0.0068582625734814,1
MSFT,2019-04-05,MSFT_20190405_00625,ml/datasets/charts/processed/MSFT/MSFT_20190405_00625.png,0.0088414379848194,0.0003336391692385,1
NVDA,2019-04-05,NVDA_20190405_00625,ml/datasets/charts/processed/NVDA/NVDA_20190405_00625.png,-0.0041928721174003,0.0041928721174004,1
AMZN,2019-04-08,AMZN_20190408_00626,ml/datasets/charts/processed/AMZN/AMZN_20190408_00626.png,-0.0027029949183695,-0.0075683857714345,0
MSFT,2019-04-08,MSFT_20190408_00626,ml/datasets/charts/processed/MSFT/MSFT_20190408_00626.png,0.0093387809555574,-0.005419828233136,0
NVDA,2019-04-08,NVDA_20190408_00626,ml/datasets/charts/processed/NVDA/NVDA_20190408_00626.png,-0.0354906054279748,-0.0125260960334028,0
AMZN,2019-04-09,AMZN_20190409_00627,ml/datasets/charts/processed/AMZN/AMZN_20190409_00627.png,0.0148164288048806,0.0063187711079637,1
MSFT,2019-04-09,MSFT_20190409_00627,ml/datasets/charts/processed/MSFT/MSFT_20190409_00627.png,0.0124916163648558,0.0076291079812207,1
NVDA,2019-04-09,NVDA_20190409_00627,ml/datasets/charts/processed/NVDA/NVDA_20190409_00627.png,-0.0042283298097252,0.014799154334038,1
AMZN,2019-04-10,AMZN_20190410_00628,ml/datasets/charts/processed/AMZN/AMZN_20190410_00628.png,0.0094186424163689,-0.00184042438021,0
MSFT,2019-04-10,MSFT_20190410_00628,ml/datasets/charts/processed/MSFT/MSFT_20190410_00628.png,0.013145852400366,0.0011648223645894,1
NVDA,2019-04-10,NVDA_20190410_00628,ml/datasets/charts/processed/NVDA/NVDA_20190410_00628.png,-0.025,-0.0020833333333333,0
AMZN,2019-04-11,AMZN_20190411_00629,ml/datasets/charts/processed/AMZN/AMZN_20190411_00629.png,0.0095444685466377,-0.0005422993492407,0
MSFT,2019-04-11,MSFT_20190411_00629,ml/datasets/charts/processed/MSFT/MSFT_20190411_00629.png,0.0252638577245907,0.0051524972990941,1
NVDA,2019-04-11,NVDA_20190411_00629,ml/datasets/charts/processed/NVDA/NVDA_20190411_00629.png,-0.0271398747390396,-0.0083507306889353,0
AMZN,2019-04-12,AMZN_20190412_00630,ml/datasets/charts/processed/AMZN/AMZN_20190412_00630.png,0.0240911557243623,0.0009766684753118,1
MSFT,2019-04-12,MSFT_20190412_00630,ml/datasets/charts/processed/MSFT/MSFT_20190412_00630.png,0.0232327408019843,0.0008267879288961,1
NVDA,2019-04-12,NVDA_20190412_00630,ml/datasets/charts/processed/NVDA/NVDA_20190412_00630.png,-0.0084210526315789,-0.0273684210526315,0
AMZN,2019-04-15,AMZN_20190415_00631,ml/datasets/charts/processed/AMZN/AMZN_20190415_00631.png,0.0428230702515177,0.0098655680832611,1
MSFT,2019-04-15,MSFT_20190415_00631,ml/datasets/charts/processed/MSFT/MSFT_20190415_00631.png,0.0362660057827344,-0.0023130937629078,0
NVDA,2019-04-15,NVDA_20190415_00631,ml/datasets/charts/processed/NVDA/NVDA_20190415_00631.png,0.0324675324675323,0.0194805194805194,1
AMZN,2019-04-16,AMZN_20190416_00632,ml/datasets/charts/processed/AMZN/AMZN_20190416_00632.png,0.0208266237251744,0.000966183574879,1
MSFT,2019-04-16,MSFT_20190416_00632,ml/datasets/charts/processed/MSFT/MSFT_20190416_00632.png,0.035108056636582,0.0082802020369296,1
NVDA,2019-04-16,NVDA_20190416_00632,ml/datasets/charts/processed/NVDA/NVDA_20190416_00632.png,0.0148619957537154,-0.0063694267515923,0
AMZN,2019-04-17,AMZN_20190417_00633,ml/datasets/charts/processed/AMZN/AMZN_20190417_00633.png,0.0200557700557701,-0.0017160017160017,0
MSFT,2019-04-17,MSFT_20190417_00633,ml/datasets/charts/processed/MSFT/MSFT_20190417_00633.png,0.0606060606060607,0.0131395253346473,1
NVDA,2019-04-17,NVDA_20190417_00633,ml/datasets/charts/processed/NVDA/NVDA_20190417_00633.png,-0.0021367521367521,-0.0042735042735041,0
AMZN,2019-04-18,AMZN_20190418_00634,ml/datasets/charts/processed/AMZN/AMZN_20190418_00634.png,0.0478083369144821,0.0138590459819509,1
MSFT,2019-04-18,MSFT_20190418_00634,ml/datasets/charts/processed/MSFT/MSFT_20190418_00634.png,0.0528491529545269,0.0031612223393044,1
NVDA,2019-04-18,NVDA_20190418_00634,ml/datasets/charts/processed/NVDA/NVDA_20190418_00634.png,-0.0450643776824034,0.0107296137339054,1
AMZN,2019-04-22,AMZN_20190422_00635,ml/datasets/charts/processed/AMZN/AMZN_20190422_00635.png,0.0270212991416762,0.0192857899756278,1
MSFT,2019-04-22,MSFT_20190422_00635,ml/datasets/charts/processed/MSFT/MSFT_20190422_00635.png,0.0485617323852618,0.0135746606334841,1
NVDA,2019-04-22,NVDA_20190422_00635,ml/datasets/charts/processed/NVDA/NVDA_20190422_00635.png,-0.0488322717622079,0.0127388535031847,1
AMZN,2019-04-23,AMZN_20190423_00636,ml/datasets/charts/processed/AMZN/AMZN_20190423_00636.png,0.0014554527497661,-0.0114357001767334,0
MSFT,2019-04-23,MSFT_20190423_00636,ml/datasets/charts/processed/MSFT/MSFT_20190423_00636.png,0.0411352040816326,-0.0034279336734692,0
NVDA,2019-04-23,NVDA_20190423_00636,ml/datasets/charts/processed/NVDA/NVDA_20190423_00636.png,-0.0503144654088049,0.0020964360587003,1
AMZN,2019-04-24,AMZN_20190424_00637,ml/datasets/charts/processed/AMZN/AMZN_20190424_00637.png,0.005153012935114,0.000210327058576,1
MSFT,2019-04-24,MSFT_20190424_00637,ml/datasets/charts/processed/MSFT/MSFT_20190424_00637.png,0.0229581633469322,0.033117350611951,1
NVDA,2019-04-24,NVDA_20190424_00637,ml/datasets/charts/processed/NVDA/NVDA_20190424_00637.png,-0.0564853556485356,-0.0230125523012553,0
AMZN,2019-04-25,AMZN_20190425_00638,ml/datasets/charts/processed/AMZN/AMZN_20190425_00638.png,-0.000735989906424,0.0254442224792346,1
MSFT,2019-04-25,MSFT_20190425_00638,ml/datasets/charts/processed/MSFT/MSFT_20190425_00638.png,-0.0227642276422764,0.0057297715834299,1
NVDA,2019-04-25,NVDA_20190425_00638,ml/datasets/charts/processed/NVDA/NVDA_20190425_00638.png,-0.0192719486081369,-0.0471092077087793,0
AMZN,2019-04-26,AMZN_20190426_00639,ml/datasets/charts/processed/AMZN/AMZN_20190426_00639.png,0.0060494206910695,-0.0062544857992412,0
MSFT,2019-04-26,MSFT_20190426_00639,ml/datasets/charts/processed/MSFT/MSFT_20190426_00639.png,-0.0076218338594193,-0.0009238586496264,0
NVDA,2019-04-26,NVDA_20190426_00639,ml/datasets/charts/processed/NVDA/NVDA_20190426_00639.png,0.0292134831460673,0.0067415730337079,1
AMZN,2019-04-29,AMZN_20190429_00640,ml/datasets/charts/processed/AMZN/AMZN_20190429_00640.png,0.0062938505984317,-0.0060874948411061,0
MSFT,2019-04-29,MSFT_20190429_00640,ml/datasets/charts/processed/MSFT/MSFT_20190429_00640.png,-0.0124836248747784,0.0063959312630037,1
NVDA,2019-04-29,NVDA_20190429_00640,ml/datasets/charts/processed/NVDA/NVDA_20190429_00640.png,0.0044642857142855,0.0111607142857141,1
AMZN,2019-04-30,AMZN_20190430_00641,ml/datasets/charts/processed/AMZN/AMZN_20190430_00641.png,-0.0029066749714523,-0.0077857365306758,0
MSFT,2019-04-30,MSFT_20190430_00641,ml/datasets/charts/processed/MSFT/MSFT_20190430_00641.png,-0.0388973966309341,-0.0208269525267993,0
NVDA,2019-04-30,NVDA_20190430_00641,ml/datasets/charts/processed/NVDA/NVDA_20190430_00641.png,-0.0441501103752759,-0.0044150110375277,0
AMZN,2019-05-01,AMZN_20190501_00642,ml/datasets/charts/processed/AMZN/AMZN_20190501_00642.png,0.003243356350701,-0.0056497175141242,0
MSFT,2019-05-01,MSFT_20190501_00642,ml/datasets/charts/processed/MSFT/MSFT_20190501_00642.png,-0.0185329996872066,-0.0130591179230529,0
NVDA,2019-05-01,NVDA_20190501_00642,ml/datasets/charts/processed/NVDA/NVDA_20190501_00642.png,-0.0354767184035477,0.0155210643015522,1
AMZN,2019-05-02,AMZN_20190502_00643,ml/datasets/charts/processed/AMZN/AMZN_20190502_00643.png,-0.0005260942760944,0.0324074074074074,1
MSFT,2019-05-02,MSFT_20190502_00643,ml/datasets/charts/processed/MSFT/MSFT_20190502_00643.png,-0.0056255447270421,0.0213136835433009,1
NVDA,2019-05-02,NVDA_20190502_00643,ml/datasets/charts/processed/NVDA/NVDA_20190502_00643.png,-0.0720524017467248,0.0,0
AMZN,2019-05-03,AMZN_20190503_00644,ml/datasets/charts/processed/AMZN/AMZN_20190503_00644.png,-0.0368935996738687,-0.0060130452507134,0
MSFT,2019-05-03,MSFT_20190503_00644,ml/datasets/charts/processed/MSFT/MSFT_20190503_00644.png,-0.0137315748642359,-0.0058184639255236,0
NVDA,2019-05-03,NVDA_20190503_00644,ml/datasets/charts/processed/NVDA/NVDA_20190503_00644.png,-0.0786026200873363,-0.0174672489082969,0
AMZN,2019-05-06,AMZN_20190506_00645,ml/datasets/charts/processed/AMZN/AMZN_20190506_00645.png,-0.0656208346149903,-0.0151748180047165,0
MSFT,2019-05-06,MSFT_20190506_00645,ml/datasets/charts/processed/MSFT/MSFT_20190506_00645.png,-0.0374561061256341,-0.0205228248146703,0
NVDA,2019-05-06,NVDA_20190506_00645,ml/datasets/charts/processed/NVDA/NVDA_20190506_00645.png,-0.12,-0.0377777777777778,0
AMZN,2019-05-07,AMZN_20190507_00646,ml/datasets/charts/processed/AMZN/AMZN_20190507_00646.png,-0.0420614263404476,-0.001665799062988,0
MSFT,2019-05-07,MSFT_20190507_00646,ml/datasets/charts/processed/MSFT/MSFT_20190507_00646.png,-0.0062938177182918,-7.966857871244404e-05,0
NVDA,2019-05-07,NVDA_20190507_00646,ml/datasets/charts/processed/NVDA/NVDA_20190507_00646.png,-0.0646651270207853,0.0046189376443417,1
AMZN,2019-05-08,AMZN_20190508_00647,ml/datasets/charts/processed/AMZN/AMZN_20190508_00647.png,-0.0242986755657523,-0.0093857545103764,0
MSFT,2019-05-08,MSFT_20190508_00647,ml/datasets/charts/processed/MSFT/MSFT_20190508_00647.png,0.0040634212413352,-7.967492630078787e-05,0
NVDA,2019-05-08,NVDA_20190508_00647,ml/datasets/charts/processed/NVDA/NVDA_20190508_00647.png,-0.082758620689655,-0.0229885057471264,0
AMZN,2019-05-09,AMZN_20190509_00648,ml/datasets/charts/processed/AMZN/AMZN_20190509_00648.png,0.0041056953363511,-0.0051584377302873,0
MSFT,2019-05-09,MSFT_20190509_00648,ml/datasets/charts/processed/MSFT/MSFT_20190509_00648.png,0.0273306772908366,0.0129880478087649,1
NVDA,2019-05-09,NVDA_20190509_00648,ml/datasets/charts/processed/NVDA/NVDA_20190509_00648.png,-0.0588235294117647,-0.0070588235294117,0
AMZN,2019-05-10,AMZN_20190510_00649,ml/datasets/charts/processed/AMZN/AMZN_20190510_00649.png,-0.011111111111111,-0.0356613756613757,0
MSFT,2019-05-10,MSFT_20190510_00649,ml/datasets/charts/processed/MSFT/MSFT_20190510_00649.png,0.0073940061354518,-0.0297333438212853,0
NVDA,2019-05-10,NVDA_20190510_00649,ml/datasets/charts/processed/NVDA/NVDA_20190510_00649.png,-0.0734597156398103,-0.0616113744075829,0
AMZN,2019-05-13,AMZN_20190513_00650,ml/datasets/charts/processed/AMZN/AMZN_20190513_00650.png,0.0199714693295294,0.0096565346208714,1
MSFT,2019-05-13,MSFT_20190513_00650,ml/datasets/charts/processed/MSFT/MSFT_20190513_00650.png,0.0232671260640453,0.0111876773408998,1
NVDA,2019-05-13,NVDA_20190513_00650,ml/datasets/charts/processed/NVDA/NVDA_20190513_00650.png,-0.0429292929292929,0.0227272727272727,1
AMZN,2019-05-14,AMZN_20190514_00651,ml/datasets/charts/processed/AMZN/AMZN_20190514_00651.png,0.0094554939680469,0.0168459950005432,1
MSFT,2019-05-14,MSFT_20190514_00651,ml/datasets/charts/processed/MSFT/MSFT_20190514_00651.png,0.0173975787701434,0.0103423394532189,1
NVDA,2019-05-14,NVDA_20190514_00651,ml/datasets/charts/processed/NVDA/NVDA_20190514_00651.png,-0.0419753086419752,-0.0148148148148147,0
AMZN,2019-05-15,AMZN_20190515_00652,ml/datasets/charts/processed/AMZN/AMZN_20190515_00652.png,-0.006199230440359,0.0194527575887131,1
MSFT,2019-05-15,MSFT_20190515_00652,ml/datasets/charts/processed/MSFT/MSFT_20190515_00652.png,0.0130931598159023,0.0230915727662277,1
NVDA,2019-05-15,NVDA_20190515_00652,ml/datasets/charts/processed/NVDA/NVDA_20190515_00652.png,-0.0451127819548872,0.0025062656641603,1
AMZN,2019-05-16,AMZN_20190516_00653,ml/datasets/charts/processed/AMZN/AMZN_20190516_00653.png,-0.0483329838540574,-0.0202348500733905,0
MSFT,2019-05-16,MSFT_20190516_00653,ml/datasets/charts/processed/MSFT/MSFT_20190516_00653.png,-0.0213294035523151,-0.006670286201815,0
NVDA,2019-05-16,NVDA_20190516_00653,ml/datasets/charts/processed/NVDA/NVDA_20190516_00653.png,-0.0799999999999999,-0.0224999999999999,0
AMZN,2019-05-17,AMZN_20190517_00654,ml/datasets/charts/processed/AMZN/AMZN_20190517_00654.png,-0.0245050829320493,-0.005350454788657,0
MSFT,2019-05-17,MSFT_20190517_00654,ml/datasets/charts/processed/MSFT/MSFT_20190517_00654.png,-0.014289060669946,-0.0144452252674318,0
NVDA,2019-05-17,NVDA_20190517_00654,ml/datasets/charts/processed/NVDA/NVDA_20190517_00654.png,-0.0716112531969309,-0.0306905370843989,0
AMZN,2019-05-20,AMZN_20190520_00655,ml/datasets/charts/processed/AMZN/AMZN_20190520_00655.png,-0.0121570736955353,-0.0007530930607854,0
MSFT,2019-05-20,MSFT_20190520_00655,ml/datasets/charts/processed/MSFT/MSFT_20190520_00655.png,-0.0004753604816986,0.0053874187925844,1
NVDA,2019-05-20,NVDA_20190520_00655,ml/datasets/charts/processed/NVDA/NVDA_20190520_00655.png,-0.0554089709762533,0.0237467018469657,1
AMZN,2019-05-21,AMZN_20190521_00656,ml/datasets/charts/processed/AMZN/AMZN_20190521_00656.png,-0.020671834625323,0.0010766580534022,1
MSFT,2019-05-21,MSFT_20190521_00656,ml/datasets/charts/processed/MSFT/MSFT_20190521_00656.png,-0.015445232466509,0.006067769897557,1
NVDA,2019-05-21,NVDA_20190521_00656,ml/datasets/charts/processed/NVDA/NVDA_20190521_00656.png,-0.095360824742268,-0.0180412371134019,0
AMZN,2019-05-22,AMZN_20190522_00657,ml/datasets/charts/processed/AMZN/AMZN_20190522_00657.png,-0.0232308023230803,-0.0237685523768552,0
MSFT,2019-05-22,MSFT_20190522_00657,ml/datasets/charts/processed/MSFT/MSFT_20190522_00657.png,-0.0151954257069005,-0.0116707135583926,0
NVDA,2019-05-22,NVDA_20190522_00657,ml/datasets/charts/processed/NVDA/NVDA_20190522_00657.png,-0.0866141732283465,-0.0341207349081364,0
AMZN,2019-05-23,AMZN_20190523_00658,ml/datasets/charts/processed/AMZN/AMZN_20190523_00658.png,-0.0222540486945025,0.0042965737578495,1
MSFT,2019-05-23,MSFT_20190523_00658,ml/datasets/charts/processed/MSFT/MSFT_20190523_00658.png,-0.0198129656046917,0.0004755111745124,1
NVDA,2019-05-23,NVDA_20190523_00658,ml/datasets/charts/processed/NVDA/NVDA_20190523_00658.png,-0.0788043478260869,-0.0135869565217392,0
AMZN,2019-05-24,AMZN_20190524_00659,ml/datasets/charts/processed/AMZN/AMZN_20190524_00659.png,-0.0716322948661694,0.0072400175515576,1
MSFT,2019-05-24,MSFT_20190524_00659,ml/datasets/charts/processed/MSFT/MSFT_20190524_00659.png,-0.0506970849176171,-0.0006337135614702,0
NVDA,2019-05-24,NVDA_20190524_00659,ml/datasets/charts/processed/NVDA/NVDA_20190524_00659.png,-0.0798898071625344,-0.0137741046831955,0
AMZN,2019-05-28,AMZN_20190528_00660,ml/datasets/charts/processed/AMZN/AMZN_20190528_00660.png,-0.0581572642125897,-0.0093661511653234,0
MSFT,2019-05-28,MSFT_20190528_00660,ml/datasets/charts/processed/MSFT/MSFT_20190528_00660.png,-0.0237793278376664,-0.0096702599873176,0
NVDA,2019-05-28,NVDA_20190528_00660,ml/datasets/charts/processed/NVDA/NVDA_20190528_00660.png,0.0,-0.0195530726256983,0
AMZN,2019-05-29,AMZN_20190529_00661,ml/datasets/charts/processed/AMZN/AMZN_20190529_00661.png,-0.0444151275285839,-0.0015391380826736,0
MSFT,2019-05-29,MSFT_20190529_00661,ml/datasets/charts/processed/MSFT/MSFT_20190529_00661.png,0.0071234192412357,0.0063230350568272,1
NVDA,2019-05-29,NVDA_20190529_00661,ml/datasets/charts/processed/NVDA/NVDA_20190529_00661.png,0.0056980056980056,-0.0085470085470085,0
AMZN,2019-05-30,AMZN_20190530_00662,ml/datasets/charts/processed/AMZN/AMZN_20190530_00662.png,-0.0341334507817661,-0.0227923364897598,0
MSFT,2019-05-30,MSFT_20190530_00662,ml/datasets/charts/processed/MSFT/MSFT_20190530_00662.png,0.0166229221347331,-0.0163047800843075,0
NVDA,2019-05-30,NVDA_20190530_00662,ml/datasets/charts/processed/NVDA/NVDA_20190530_00662.png,0.0316091954022987,-0.0258620689655172,0
AMZN,2019-05-31,AMZN_20190531_00663,ml/datasets/charts/processed/AMZN/AMZN_20190531_00663.png,0.0163380281690141,-0.0464225352112676,0
MSFT,2019-05-31,MSFT_20190531_00663,ml/datasets/charts/processed/MSFT/MSFT_20190531_00663.png,0.0624191461836998,-0.0310478654592497,0
NVDA,2019-05-31,NVDA_20190531_00663,ml/datasets/charts/processed/NVDA/NVDA_20190531_00663.png,0.0737463126843658,-0.0147492625368732,0
AMZN,2019-06-03,AMZN_20190603_00664,ml/datasets/charts/processed/AMZN/AMZN_20190603_00664.png,0.0992555831265509,0.0218598605695381,1
MSFT,2019-06-03,MSFT_20190603_00664,ml/datasets/charts/processed/MSFT/MSFT_20190603_00664.png,0.1064753004005338,0.0277036048064085,1
NVDA,2019-06-03,NVDA_20190603_00664,ml/datasets/charts/processed/NVDA/NVDA_20190603_00664.png,0.1107784431137723,0.0718562874251498,1
AMZN,2019-06-04,AMZN_20190604_00665,ml/datasets/charts/processed/AMZN/AMZN_20190604_00665.png,0.0775901942645698,0.0050878815911192,1
MSFT,2019-06-04,MSFT_20190604_00665,ml/datasets/charts/processed/MSFT/MSFT_20190604_00665.png,0.0725885027606365,0.0216791165962975,1
NVDA,2019-06-04,NVDA_20190604_00665,ml/datasets/charts/processed/NVDA/NVDA_20190604_00665.png,0.053072625698324,-0.0139664804469274,0
AMZN,2019-06-05,AMZN_20190605_00666,ml/datasets/charts/processed/AMZN/AMZN_20190605_00666.png,0.0673032673722962,0.0092038656235617,1
MSFT,2019-06-05,MSFT_20190605_00666,ml/datasets/charts/processed/MSFT/MSFT_20190605_00666.png,0.044981324008583,0.0158149884765159,1
NVDA,2019-06-05,NVDA_20190605_00666,ml/datasets/charts/processed/NVDA/NVDA_20190605_00666.png,0.0339943342776203,0.0169971671388102,1
AMZN,2019-06-06,AMZN_20190606_00667,ml/datasets/charts/processed/AMZN/AMZN_20190606_00667.png,0.0661194710442316,0.0282717738258093,1
MSFT,2019-06-06,MSFT_20190606_00667,ml/datasets/charts/processed/MSFT/MSFT_20190606_00667.png,0.0352057580973244,0.0280081364418713,1
NVDA,2019-06-06,NVDA_20190606_00667,ml/datasets/charts/processed/NVDA/NVDA_20190606_00667.png,0.033426183844011,0.0139275766016713,1
AMZN,2019-06-07,AMZN_20190607_00668,ml/datasets/charts/processed/AMZN/AMZN_20190607_00668.png,0.0363636363636363,0.0313747228381373,1
MSFT,2019-06-07,MSFT_20190607_00668,ml/datasets/charts/processed/MSFT/MSFT_20190607_00668.png,0.0079908675799085,0.009132420091324,1
NVDA,2019-06-07,NVDA_20190607_00668,ml/datasets/charts/processed/NVDA/NVDA_20190607_00668.png,-0.0054945054945054,0.0192307692307691,1
AMZN,2019-06-10,AMZN_20190610_00669,ml/datasets/charts/processed/AMZN/AMZN_20190610_00669.png,0.0136515102655057,0.0017198753090401,1
MSFT,2019-06-10,MSFT_20190610_00669,ml/datasets/charts/processed/MSFT/MSFT_20190610_00669.png,0.0018853695324283,-0.0037707390648566,0
NVDA,2019-06-10,NVDA_20190610_00669,ml/datasets/charts/processed/NVDA/NVDA_20190610_00669.png,-0.0215633423180593,0.0161725067385445,1
AMZN,2019-06-11,AMZN_20190611_00670,ml/datasets/charts/processed/AMZN/AMZN_20190611_00670.png,0.0201738383946774,-0.0045069213434918,0
MSFT,2019-06-11,MSFT_20190611_00670,ml/datasets/charts/processed/MSFT/MSFT_20190611_00670.png,0.0231642694928084,-0.0046177138531414,0
NVDA,2019-06-11,NVDA_20190611_00670,ml/datasets/charts/processed/NVDA/NVDA_20190611_00670.png,0.0132625994694959,-0.0318302387267904,0
AMZN,2019-06-12,AMZN_20190612_00671,ml/datasets/charts/processed/AMZN/AMZN_20190612_00671.png,0.0287808558801336,0.0080845100786892,1
MSFT,2019-06-12,MSFT_20190612_00671,ml/datasets/charts/processed/MSFT/MSFT_20190612_00671.png,0.0319415925165411,0.0063122670925543,1
NVDA,2019-06-12,NVDA_20190612_00671,ml/datasets/charts/processed/NVDA/NVDA_20190612_00671.png,0.0493150684931507,0.0164383561643834,1
AMZN,2019-06-13,AMZN_20190613_00672,ml/datasets/charts/processed/AMZN/AMZN_20190613_00672.png,0.0255560307955518,-0.0004277159965782,0
MSFT,2019-06-13,MSFT_20190613_00672,ml/datasets/charts/processed/MSFT/MSFT_20190613_00672.png,0.0349909310761789,0.0009824667472793,1
NVDA,2019-06-13,NVDA_20190613_00672,ml/datasets/charts/processed/NVDA/NVDA_20190613_00672.png,0.0377358490566037,-0.0242587601078166,0
AMZN,2019-06-14,AMZN_20190614_00673,ml/datasets/charts/processed/AMZN/AMZN_20190614_00673.png,0.0222507488232777,0.0087719298245614,1
MSFT,2019-06-14,MSFT_20190614_00673,ml/datasets/charts/processed/MSFT/MSFT_20190614_00673.png,0.0341260853152134,0.0030200075500188,1
NVDA,2019-06-14,NVDA_20190614_00673,ml/datasets/charts/processed/NVDA/NVDA_20190614_00673.png,0.0469613259668508,0.0027624309392264,1
AMZN,2019-06-17,AMZN_20190617_00674,ml/datasets/charts/processed/AMZN/AMZN_20190617_00674.png,0.0147401908801696,0.0081654294803816,1
MSFT,2019-06-17,MSFT_20190617_00674,ml/datasets/charts/processed/MSFT/MSFT_20190617_00674.png,0.0371095220173127,0.0173880316146028,1
NVDA,2019-06-17,NVDA_20190617_00674,ml/datasets/charts/processed/NVDA/NVDA_20190617_00674.png,0.0523415977961432,0.0523415977961432,1
AMZN,2019-06-18,AMZN_20190618_00675,ml/datasets/charts/processed/AMZN/AMZN_20190618_00675.png,-0.012201535710529,0.0038918691490481,1
MSFT,2019-06-18,MSFT_20190618_00675,ml/datasets/charts/processed/MSFT/MSFT_20190618_00675.png,-0.0127996448653446,0.0039212784847588,1
NVDA,2019-06-18,NVDA_20190618_00675,ml/datasets/charts/processed/NVDA/NVDA_20190618_00675.png,-0.0078534031413611,0.0026178010471205,1
AMZN,2019-06-19,AMZN_20190619_00676,ml/datasets/charts/processed/AMZN/AMZN_20190619_00676.png,-0.0057627829002514,0.0049245599329421,1
MSFT,2019-06-19,MSFT_20190619_00676,ml/datasets/charts/processed/MSFT/MSFT_20190619_00676.png,-0.0129707421328026,0.009285872208711,1
NVDA,2019-06-19,NVDA_20190619_00676,ml/datasets/charts/processed/NVDA/NVDA_20190619_00676.png,0.0391644908616188,0.0052219321148825,1
AMZN,2019-06-20,AMZN_20190620_00677,ml/datasets/charts/processed/AMZN/AMZN_20190620_00677.png,-0.0072985090188718,-0.0036492545094358,0
MSFT,2019-06-20,MSFT_20190620_00677,ml/datasets/charts/processed/MSFT/MSFT_20190620_00677.png,-0.0204454180357793,0.0001460387002556,1
NVDA,2019-06-20,NVDA_20190620_00677,ml/datasets/charts/processed/NVDA/NVDA_20190620_00677.png,0.0597402597402596,-0.0155844155844155,0
AMZN,2019-06-21,AMZN_20190621_00678,ml/datasets/charts/processed/AMZN/AMZN_20190621_00678.png,-0.0092088740058601,0.0013604018417747,1
MSFT,2019-06-21,MSFT_20190621_00678,ml/datasets/charts/processed/MSFT/MSFT_20190621_00678.png,-0.0219756150981965,0.0059137037307439,1
NVDA,2019-06-21,NVDA_20190621_00678,ml/datasets/charts/processed/NVDA/NVDA_20190621_00678.png,0.0844327176781003,0.0079155672823219,1
AMZN,2019-06-24,AMZN_20190624_00679,ml/datasets/charts/processed/AMZN/AMZN_20190624_00679.png,0.0043891733723482,-0.0186017347685233,0
MSFT,2019-06-24,MSFT_20190624_00679,ml/datasets/charts/processed/MSFT/MSFT_20190624_00679.png,-0.0152416896501669,-0.0315720714182028,0
NVDA,2019-06-24,NVDA_20190624_00679,ml/datasets/charts/processed/NVDA/NVDA_20190624_00679.png,0.086387434554974,-0.0078534031413611,0
AMZN,2019-06-25,AMZN_20190625_00680,ml/datasets/charts/processed/AMZN/AMZN_20190625_00680.png,0.0299222659993612,0.0104355233734427,1
MSFT,2019-06-25,MSFT_20190625_00680,ml/datasets/charts/processed/MSFT/MSFT_20190625_00680.png,0.0236078842838942,0.0037472832196656,1
NVDA,2019-06-25,NVDA_20190625_00680,ml/datasets/charts/processed/NVDA/NVDA_20190625_00680.png,0.0712401055408968,0.0501319261213719,1
AMZN,2019-06-26,AMZN_20190626_00681,ml/datasets/charts/processed/AMZN/AMZN_20190626_00681.png,0.0217093476657181,0.0033723258509852,1
MSFT,2019-06-26,MSFT_20190626_00681,ml/datasets/charts/processed/MSFT/MSFT_20190626_00681.png,0.0263570521914433,0.0016426491450758,1
NVDA,2019-06-26,NVDA_20190626_00681,ml/datasets/charts/processed/NVDA/NVDA_20190626_00681.png,0.0226130653266332,0.0251256281407035,1
AMZN,2019-06-27,AMZN_20190627_00682,ml/datasets/charts/processed/AMZN/AMZN_20190627_00682.png,0.0203760109232225,-0.0055666421594369,0
MSFT,2019-06-27,MSFT_20190627_00682,ml/datasets/charts/processed/MSFT/MSFT_20190627_00682.png,0.0216921356690271,-0.0014163250093178,0
NVDA,2019-06-27,NVDA_20190627_00682,ml/datasets/charts/processed/NVDA/NVDA_20190627_00682.png,-0.017156862745098,0.0073529411764705,1
AMZN,2019-06-28,AMZN_20190628_00683,ml/datasets/charts/processed/AMZN/AMZN_20190628_00683.png,0.0310519645120406,0.0151035065483733,1
MSFT,2019-06-28,MSFT_20190628_00683,ml/datasets/charts/processed/MSFT/MSFT_20190628_00683.png,0.0223947446999104,0.0128396536279487,1
NVDA,2019-06-28,NVDA_20190628_00683,ml/datasets/charts/processed/NVDA/NVDA_20190628_00683.png,-0.0437956204379562,0.0097323600973235,1
AMZN,2019-07-01,AMZN_20190701_00684,ml/datasets/charts/processed/AMZN/AMZN_20190701_00684.png,0.0344397045052544,0.0063468941837476,1
MSFT,2019-07-01,MSFT_20190701_00684,ml/datasets/charts/processed/MSFT/MSFT_20190701_00684.png,0.0057488207547169,0.0066332547169811,1
NVDA,2019-07-01,NVDA_20190701_00684,ml/datasets/charts/processed/NVDA/NVDA_20190701_00684.png,-0.0530120481927711,-0.021686746987952,0
AMZN,2019-07-02,AMZN_20190702_00685,ml/datasets/charts/processed/AMZN/AMZN_20190702_00685.png,0.0429073614557486,0.0023779983457403,1
MSFT,2019-07-02,MSFT_20190702_00685,ml/datasets/charts/processed/MSFT/MSFT_20190702_00685.png,0.009298579587055,0.0064431102650461,1
NVDA,2019-07-02,NVDA_20190702_00685,ml/datasets/charts/processed/NVDA/NVDA_20190702_00685.png,-0.0147783251231525,0.0024630541871923,1
AMZN,2019-07-03,AMZN_20190703_00686,ml/datasets/charts/processed/AMZN/AMZN_20190703_00686.png,0.0319752449716348,0.0020629190304279,1
MSFT,2019-07-03,MSFT_20190703_00686,ml/datasets/charts/processed/MSFT/MSFT_20190703_00686.png,0.006838352975411,-0.0029099374363451,0
NVDA,2019-07-03,NVDA_20190703_00686,ml/datasets/charts/processed/NVDA/NVDA_20190703_00686.png,0.0221130221130221,-0.0147420147420148,0
AMZN,2019-07-05,AMZN_20190705_00687,ml/datasets/charts/processed/AMZN/AMZN_20190705_00687.png,0.0349974266598043,0.0048378795676788,1
MSFT,2019-07-05,MSFT_20190705_00687,ml/datasets/charts/processed/MSFT/MSFT_20190705_00687.png,0.0134247774697213,-0.0007296074711804,0
NVDA,2019-07-05,NVDA_20190705_00687,ml/datasets/charts/processed/NVDA/NVDA_20190705_00687.png,0.0448877805486285,-0.0199501246882791,0
AMZN,2019-07-08,AMZN_20190708_00688,ml/datasets/charts/processed/AMZN/AMZN_20190708_00688.png,0.0351362425732431,0.0184388444990779,1
MSFT,2019-07-08,MSFT_20190708_00688,ml/datasets/charts/processed/MSFT/MSFT_20190708_00688.png,0.0141647196261682,-0.0036507009345794,0
NVDA,2019-07-08,NVDA_20190708_00688,ml/datasets/charts/processed/NVDA/NVDA_20190708_00688.png,0.0636132315521627,0.0,0
AMZN,2019-07-09,AMZN_20190709_00689,ml/datasets/charts/processed/AMZN/AMZN_20190709_00689.png,0.0108630054315026,0.0145845906256287,1
MSFT,2019-07-09,MSFT_20190709_00689,ml/datasets/charts/processed/MSFT/MSFT_20190709_00689.png,0.0045434559577899,0.0101861351311738,1
NVDA,2019-07-09,NVDA_20190709_00689,ml/datasets/charts/processed/NVDA/NVDA_20190709_00689.png,0.0636132315521627,0.0178117048346055,1
AMZN,2019-07-10,AMZN_20190710_00690,ml/datasets/charts/processed/AMZN/AMZN_20190710_00690.png,-0.0125904629721425,-0.0081292753048478,0
MSFT,2019-07-10,MSFT_20190710_00690,ml/datasets/charts/processed/MSFT/MSFT_20190710_00690.png,-0.0114617337685889,0.0039898440333696,1
NVDA,2019-07-10,NVDA_20190710_00690,ml/datasets/charts/processed/NVDA/NVDA_20190710_00690.png,0.06,0.04,1
AMZN,2019-07-11,AMZN_20190711_00691,ml/datasets/charts/processed/AMZN/AMZN_20190711_00691.png,-0.0115942028985507,0.0049975012493752,1
MSFT,2019-07-11,MSFT_20190711_00691,ml/datasets/charts/processed/MSFT/MSFT_20190711_00691.png,-0.014306358381503,0.0036127167630057,1
NVDA,2019-07-11,NVDA_20190711_00691,ml/datasets/charts/processed/NVDA/NVDA_20190711_00691.png,0.0216346153846154,0.0072115384615385,1
AMZN,2019-07-12,AMZN_20190712_00692,ml/datasets/charts/processed/AMZN/AMZN_20190712_00692.png,-0.0230730979612132,0.0049726504226752,1
MSFT,2019-07-12,MSFT_20190712_00692,ml/datasets/charts/processed/MSFT/MSFT_20190712_00692.png,-0.0164146868250539,0.0,0
NVDA,2019-07-12,NVDA_20190712_00692,ml/datasets/charts/processed/NVDA/NVDA_20190712_00692.png,0.0047732696897373,-0.0023866348448688,0
AMZN,2019-07-15,AMZN_20190715_00693,ml/datasets/charts/processed/AMZN/AMZN_20190715_00693.png,-0.0175160811479465,-0.0054428500742206,0
MSFT,2019-07-15,MSFT_20190715_00693,ml/datasets/charts/processed/MSFT/MSFT_20190715_00693.png,-0.0033837293016558,-0.0131029517638588,0
NVDA,2019-07-15,NVDA_20190715_00693,ml/datasets/charts/processed/NVDA/NVDA_20190715_00693.png,0.0239234449760767,0.0,0
AMZN,2019-07-16,AMZN_20190716_00694,ml/datasets/charts/processed/AMZN/AMZN_20190716_00694.png,-0.0077611940298507,-0.0089552238805971,0
MSFT,2019-07-16,MSFT_20190716_00694,ml/datasets/charts/processed/MSFT/MSFT_20190716_00694.png,0.0161219725707615,-0.0059089582725415,0
NVDA,2019-07-16,NVDA_20190716_00694,ml/datasets/charts/processed/NVDA/NVDA_20190716_00694.png,0.0502392344497608,0.0143540669856461,1
AMZN,2019-07-17,AMZN_20190717_00695,ml/datasets/charts/processed/AMZN/AMZN_20190717_00695.png,0.004417670682731,-0.0071285140562248,0
MSFT,2019-07-17,MSFT_20190717_00695,ml/datasets/charts/processed/MSFT/MSFT_20190717_00695.png,0.0326557569531076,0.0011007558523516,1
NVDA,2019-07-17,NVDA_20190717_00695,ml/datasets/charts/processed/NVDA/NVDA_20190717_00695.png,0.0542452830188677,0.0023584905660376,1
AMZN,2019-07-18,AMZN_20190718_00696,ml/datasets/charts/processed/AMZN/AMZN_20190718_00696.png,-0.0020224491859642,-0.0066740823136818,0
MSFT,2019-07-18,MSFT_20190718_00696,ml/datasets/charts/processed/MSFT/MSFT_20190718_00696.png,0.0276352440991056,0.0014660606949128,1
NVDA,2019-07-18,NVDA_20190718_00696,ml/datasets/charts/processed/NVDA/NVDA_20190718_00696.png,0.0188235294117646,-0.0094117647058823,0
AMZN,2019-07-19,AMZN_20190719_00697,ml/datasets/charts/processed/AMZN/AMZN_20190719_00697.png,-0.0109946044996436,0.010689198819098,1
MSFT,2019-07-19,MSFT_20190719_00697,ml/datasets/charts/processed/MSFT/MSFT_20190719_00697.png,0.0345483823744692,0.0132484262919045,1
NVDA,2019-07-19,NVDA_20190719_00697,ml/datasets/charts/processed/NVDA/NVDA_20190719_00697.png,0.0403800475059381,0.0166270783847981,1
AMZN,2019-07-22,AMZN_20190722_00698,ml/datasets/charts/processed/AMZN/AMZN_20190722_00698.png,-0.0368654311039483,0.0044319097502014,1
MSFT,2019-07-22,MSFT_20190722_00698,ml/datasets/charts/processed/MSFT/MSFT_20190722_00698.png,0.0187820559127356,0.0062125261865202,1
NVDA,2019-07-22,NVDA_20190722_00698,ml/datasets/charts/processed/NVDA/NVDA_20190722_00698.png,0.0210280373831774,0.0257009345794392,1
AMZN,2019-07-23,AMZN_20190723_00699,ml/datasets/charts/processed/AMZN/AMZN_20190723_00699.png,-0.0480344965904532,0.0032089851584438,1
MSFT,2019-07-23,MSFT_20190723_00699,ml/datasets/charts/processed/MSFT/MSFT_20190723_00699.png,0.0076100222557253,0.0102663507789504,1
NVDA,2019-07-23,NVDA_20190723_00699,ml/datasets/charts/processed/NVDA/NVDA_20190723_00699.png,0.0,0.0182232346241457,1
AMZN,2019-07-24,AMZN_20190724_00700,ml/datasets/charts/processed/AMZN/AMZN_20190724_00700.png,-0.0669732107157137,-0.0134946021591364,0
MSFT,2019-07-24,MSFT_20190724_00700,ml/datasets/charts/processed/MSFT/MSFT_20190724_00700.png,-0.0316230812961909,-0.0037663445139283,0
NVDA,2019-07-24,NVDA_20190724_00700,ml/datasets/charts/processed/NVDA/NVDA_20190724_00700.png,-0.0559284116331095,-0.0313199105145413,0
AMZN,2019-07-25,AMZN_20190725_00701,ml/datasets/charts/processed/AMZN/AMZN_20190725_00701.png,-0.0599858141655689,-0.0156044178741513,0
MSFT,2019-07-25,MSFT_20190725_00701,ml/datasets/charts/processed/MSFT/MSFT_20190725_00701.png,-0.0151936657393536,0.0082031528639703,1
NVDA,2019-07-25,NVDA_20190725_00701,ml/datasets/charts/processed/NVDA/NVDA_20190725_00701.png,-0.0484988452655889,0.0115473441108544,1
AMZN,2019-07-26,AMZN_20190726_00702,ml/datasets/charts/processed/AMZN/AMZN_20190726_00702.png,-0.0616572310859496,-0.0157488419969119,0
MSFT,2019-07-26,MSFT_20190726_00702,ml/datasets/charts/processed/MSFT/MSFT_20190726_00702.png,-0.031413612565445,-0.0021932927692089,0
NVDA,2019-07-26,NVDA_20190726_00702,ml/datasets/charts/processed/NVDA/NVDA_20190726_00702.png,-0.0799086757990866,-0.002283105022831,0
AMZN,2019-07-29,AMZN_20190729_00703,ml/datasets/charts/processed/AMZN/AMZN_20190729_00703.png,-0.0769713449069232,-0.007216063585024,0
MSFT,2019-07-29,MSFT_20190729_00703,ml/datasets/charts/processed/MSFT/MSFT_20190729_00703.png,-0.0625398851308232,-0.0048216691484082,0
NVDA,2019-07-29,NVDA_20190729_00703,ml/datasets/charts/processed/NVDA/NVDA_20190729_00703.png,-0.137299771167048,0.0045766590389015,1
AMZN,2019-07-30,AMZN_20190730_00704,ml/datasets/charts/processed/AMZN/AMZN_20190730_00704.png,-0.0583587906878753,-0.016749183608975,0
MSFT,2019-07-30,MSFT_20190730_00704,ml/datasets/charts/processed/MSFT/MSFT_20190730_00704.png,-0.0403277520484502,-0.0290701816886354,0
NVDA,2019-07-30,NVDA_20190730_00704,ml/datasets/charts/processed/NVDA/NVDA_20190730_00704.png,-0.1321184510250569,-0.0387243735763097,0
AMZN,2019-07-31,AMZN_20190731_00705,ml/datasets/charts/processed/AMZN/AMZN_20190731_00705.png,-0.0393186200985643,-0.0061067066638098,0
MSFT,2019-07-31,MSFT_20190731_00705,ml/datasets/charts/processed/MSFT/MSFT_20190731_00705.png,-0.0072649886255229,0.0131356865047331,1
NVDA,2019-07-31,NVDA_20190731_00705,ml/datasets/charts/processed/NVDA/NVDA_20190731_00705.png,-0.0876777251184833,-0.0236966824644548,0
AMZN,2019-08-01,AMZN_20190801_00706,ml/datasets/charts/processed/AMZN/AMZN_20190801_00706.png,-0.0121806618518917,-0.0173547483022529,0
MSFT,2019-08-01,MSFT_20190801_00706,ml/datasets/charts/processed/MSFT/MSFT_20190801_00706.png,0.0060118788932346,-0.0084021439953643,0
NVDA,2019-08-01,NVDA_20190801_00706,ml/datasets/charts/processed/NVDA/NVDA_20190801_00706.png,-0.0388349514563106,-0.0218446601941747,0
AMZN,2019-08-02,AMZN_20190802_00707,ml/datasets/charts/processed/AMZN/AMZN_20190802_00707.png,-0.0085563843791136,-0.0318121983326019,0
MSFT,2019-08-02,MSFT_20190802_00707,ml/datasets/charts/processed/MSFT/MSFT_20190802_00707.png,0.0059167275383491,-0.0342585829072314,0
NVDA,2019-08-02,NVDA_20190802_00707,ml/datasets/charts/processed/NVDA/NVDA_20190802_00707.png,-0.0446650124069479,-0.0645161290322581,0
AMZN,2019-08-05,AMZN_20190805_00708,ml/datasets/charts/processed/AMZN/AMZN_20190805_00708.png,0.0112168592794017,0.0128030818037616,1
MSFT,2019-08-05,MSFT_20190805_00708,ml/datasets/charts/processed/MSFT/MSFT_20190805_00708.png,0.0270781332728233,0.0187580364571513,1
NVDA,2019-08-05,NVDA_20190805_00708,ml/datasets/charts/processed/NVDA/NVDA_20190805_00708.png,0.0053050397877985,0.0106100795755967,1
AMZN,2019-08-06,AMZN_20190806_00709,ml/datasets/charts/processed/AMZN/AMZN_20190806_00709.png,0.0204720886005145,0.0031323414252153,1
MSFT,2019-08-06,MSFT_20190806_00709,ml/datasets/charts/processed/MSFT/MSFT_20190806_00709.png,0.0290296235800726,0.004380429133566,1
NVDA,2019-08-06,NVDA_20190806_00709,ml/datasets/charts/processed/NVDA/NVDA_20190806_00709.png,0.0236220472440944,0.010498687664042,1
AMZN,2019-08-07,AMZN_20190807_00710,ml/datasets/charts/processed/AMZN/AMZN_20190807_00710.png,-0.0169510427121667,0.0219694435151109,1
MSFT,2019-08-07,MSFT_20190807_00710,ml/datasets/charts/processed/MSFT/MSFT_20190807_00710.png,-0.0096096984033117,0.0266853932584267,1
NVDA,2019-08-07,NVDA_20190807_00710,ml/datasets/charts/processed/NVDA/NVDA_20190807_00710.png,-0.0259740259740259,0.0285714285714284,1
AMZN,2019-08-08,AMZN_20190808_00711,ml/datasets/charts/processed/AMZN/AMZN_20190808_00711.png,-0.0308817110432125,-0.0137494543867306,0
MSFT,2019-08-08,MSFT_20190808_00711,ml/datasets/charts/processed/MSFT/MSFT_20190808_00711.png,-0.0375116999064005,-0.0084959320325436,0
NVDA,2019-08-08,NVDA_20190808_00711,ml/datasets/charts/processed/NVDA/NVDA_20190808_00711.png,-0.0606060606060605,-0.0277777777777777,0
AMZN,2019-08-09,AMZN_20190809_00712,ml/datasets/charts/processed/AMZN/AMZN_20190809_00712.png,-0.0082982960832042,-0.0125027660986943,0
MSFT,2019-08-09,MSFT_20190809_00712,ml/datasets/charts/processed/MSFT/MSFT_20190809_00712.png,-0.0114733861012272,-0.013942342604023,0
NVDA,2019-08-09,NVDA_20190809_00712,ml/datasets/charts/processed/NVDA/NVDA_20190809_00712.png,0.0363636363636363,-0.0155844155844155,0
AMZN,2019-08-12,AMZN_20190812_00713,ml/datasets/charts/processed/AMZN/AMZN_20190812_00713.png,0.0174789915966386,0.0220728291316525,1
MSFT,2019-08-12,MSFT_20190812_00713,ml/datasets/charts/processed/MSFT/MSFT_20190812_00713.png,0.0192944988585315,0.0206937182414022,1
NVDA,2019-08-12,NVDA_20190812_00713,ml/datasets/charts/processed/NVDA/NVDA_20190812_00713.png,0.1266490765171501,0.029023746701847,1
AMZN,2019-08-13,AMZN_20190813_00714,ml/datasets/charts/processed/AMZN/AMZN_20190813_00714.png,-0.0126068844551634,-0.0336549002411751,0
MSFT,2019-08-13,MSFT_20190813_00714,ml/datasets/charts/processed/MSFT/MSFT_20190813_00714.png,-0.0096681096681097,-0.0333333333333333,0
NVDA,2019-08-13,NVDA_20190813_00714,ml/datasets/charts/processed/NVDA/NVDA_20190813_00714.png,0.0769230769230771,-0.0384615384615384,0
AMZN,2019-08-14,AMZN_20190814_00715,ml/datasets/charts/processed/AMZN/AMZN_20190814_00715.png,0.0343732274532047,0.0074872376630743,1
MSFT,2019-08-14,MSFT_20190814_00715,ml/datasets/charts/processed/MSFT/MSFT_20190814_00715.png,0.0359008807284668,-0.0022391401701745,0
NVDA,2019-08-14,NVDA_20190814_00715,ml/datasets/charts/processed/NVDA/NVDA_20190814_00715.png,0.1413333333333333,-0.0079999999999998,0
AMZN,2019-08-15,AMZN_20190815_00716,ml/datasets/charts/processed/AMZN/AMZN_20190815_00716.png,0.0159891904064857,0.0092331944600831,1
MSFT,2019-08-15,MSFT_20190815_00716,ml/datasets/charts/processed/MSFT/MSFT_20190815_00716.png,0.0306702573309394,0.0183273488928783,1
NVDA,2019-08-15,NVDA_20190815_00716,ml/datasets/charts/processed/NVDA/NVDA_20190815_00716.png,0.1532258064516127,0.0725806451612902,1
AMZN,2019-08-16,AMZN_20190816_00717,ml/datasets/charts/processed/AMZN/AMZN_20190816_00717.png,-0.0239875041838669,0.0131652348544015,1
MSFT,2019-08-16,MSFT_20190816_00717,ml/datasets/charts/processed/MSFT/MSFT_20190816_00717.png,-0.0201278189965474,0.0167486960993168,1
NVDA,2019-08-16,NVDA_20190816_00717,ml/datasets/charts/processed/NVDA/NVDA_20190816_00717.png,0.0175438596491226,0.070175438596491,1
AMZN,2019-08-19,AMZN_20190819_00718,ml/datasets/charts/processed/AMZN/AMZN_20190819_00718.png,-0.0260984473075652,-0.008148882281687,0
MSFT,2019-08-19,MSFT_20190819_00718,ml/datasets/charts/processed/MSFT/MSFT_20190819_00718.png,-0.0213857380247092,-0.0083086482190594,0
NVDA,2019-08-19,NVDA_20190819_00718,ml/datasets/charts/processed/NVDA/NVDA_20190819_00718.png,-0.0304449648711943,-0.0163934426229507,0
AMZN,2019-08-20,AMZN_20190820_00719,ml/datasets/charts/processed/AMZN/AMZN_20190820_00719.png,-0.0219829021871876,0.0123237481958478,1
MSFT,2019-08-20,MSFT_20190820_00719,ml/datasets/charts/processed/MSFT/MSFT_20190820_00719.png,-0.0110738743989508,0.011146728835786,1
NVDA,2019-08-20,NVDA_20190820_00719,ml/datasets/charts/processed/NVDA/NVDA_20190820_00719.png,-0.0380952380952381,0.0190476190476189,1
AMZN,2019-08-21,AMZN_20190821_00720,ml/datasets/charts/processed/AMZN/AMZN_20190821_00720.png,-0.0325729326606712,-0.0104189515244571,0
MSFT,2019-08-21,MSFT_20190821_00720,ml/datasets/charts/processed/MSFT/MSFT_20190821_00720.png,-0.0232725700698896,-0.0072771813531233,0
NVDA,2019-08-21,NVDA_20190821_00720,ml/datasets/charts/processed/NVDA/NVDA_20190821_00720.png,-0.058411214953271,0.0023364485981307,1
AMZN,2019-08-22,AMZN_20190822_00721,ml/datasets/charts/processed/AMZN/AMZN_20190822_00721.png,-0.0100853374709077,-0.0304776681813143,0
MSFT,2019-08-22,MSFT_20190822_00721,ml/datasets/charts/processed/MSFT/MSFT_20190822_00721.png,0.0024677021338366,-0.0318623893163014,0
NVDA,2019-08-22,NVDA_20190822_00721,ml/datasets/charts/processed/NVDA/NVDA_20190822_00721.png,-0.027972027972028,-0.0536130536130536,0
AMZN,2019-08-23,AMZN_20190823_00722,ml/datasets/charts/processed/AMZN/AMZN_20190823_00722.png,0.0152034750800182,0.0109739368998627,1
MSFT,2019-08-23,MSFT_20190823_00722,ml/datasets/charts/processed/MSFT/MSFT_20190823_00722.png,0.0335107579278808,0.0154434365394706,1
NVDA,2019-08-23,NVDA_20190823_00722,ml/datasets/charts/processed/NVDA/NVDA_20190823_00722.png,0.0320197044334977,0.0197044334975369,1
AMZN,2019-08-26,AMZN_20190826_00723,ml/datasets/charts/processed/AMZN/AMZN_20190826_00723.png,0.0118724559023066,-0.0039574853007687,0
MSFT,2019-08-26,MSFT_20190826_00723,ml/datasets/charts/processed/MSFT/MSFT_20190826_00723.png,0.0043558508674788,0.0021410114433371,1
NVDA,2019-08-26,NVDA_20190826_00723,ml/datasets/charts/processed/NVDA/NVDA_20190826_00723.png,-0.0096618357487923,-0.0241545893719805,0
AMZN,2019-08-27,AMZN_20190827_00724,ml/datasets/charts/processed/AMZN/AMZN_20190827_00724.png,0.0220229310932,0.0013622431604041,1
MSFT,2019-08-27,MSFT_20190827_00724,ml/datasets/charts/processed/MSFT/MSFT_20190827_00724.png,0.0139236776189772,-0.0013260645351407,0
NVDA,2019-08-27,NVDA_20190827_00724,ml/datasets/charts/processed/NVDA/NVDA_20190827_00724.png,0.0445544554455445,-0.0024752475247524,0
AMZN,2019-08-28,AMZN_20190828_00725,ml/datasets/charts/processed/AMZN/AMZN_20190828_00725.png,0.0434191134791974,0.0125836073007594,1
MSFT,2019-08-28,MSFT_20190828_00725,ml/datasets/charts/processed/MSFT/MSFT_20190828_00725.png,0.03312186485689,0.0188846267335496,1
NVDA,2019-08-28,NVDA_20190828_00725,ml/datasets/charts/processed/NVDA/NVDA_20190828_00725.png,0.1141439205955334,0.0347394540942926,1
AMZN,2019-08-29,AMZN_20190829_00726,ml/datasets/charts/processed/AMZN/AMZN_20190829_00726.png,0.0264218540080609,-0.0057098074339452,0
MSFT,2019-08-29,MSFT_20190829_00726,ml/datasets/charts/processed/MSFT/MSFT_20190829_00726.png,0.0070952794671299,-0.001882421083116,0
NVDA,2019-08-29,NVDA_20190829_00726,ml/datasets/charts/processed/NVDA/NVDA_20190829_00726.png,0.0719424460431654,0.0047961630695445,1
AMZN,2019-08-30,AMZN_20190830_00727,ml/datasets/charts/processed/AMZN/AMZN_20190830_00727.png,0.0310775813534511,0.0076567954059225,1
MSFT,2019-08-30,MSFT_20190830_00727,ml/datasets/charts/processed/MSFT/MSFT_20190830_00727.png,-0.0024662701291164,-0.0132017989264472,0
NVDA,2019-08-30,NVDA_20190830_00727,ml/datasets/charts/processed/NVDA/NVDA_20190830_00727.png,0.0763723150357993,-0.0214797136038188,0
AMZN,2019-09-03,AMZN_20190903_00728,ml/datasets/charts/processed/AMZN/AMZN_20190903_00728.png,0.0172086266621969,0.0060341937646664,1
MSFT,2019-09-03,MSFT_20190903_00728,ml/datasets/charts/processed/MSFT/MSFT_20190903_00728.png,0.0002940311673038,0.0116877389003233,1
NVDA,2019-09-03,NVDA_20190903_00728,ml/datasets/charts/processed/NVDA/NVDA_20190903_00728.png,0.1170731707317074,0.0292682926829268,1
AMZN,2019-09-04,AMZN_20190904_00729,ml/datasets/charts/processed/AMZN/AMZN_20190904_00729.png,0.0124402976785515,0.0223258913695434,1
MSFT,2019-09-04,MSFT_20190904_00729,ml/datasets/charts/processed/MSFT/MSFT_20190904_00729.png,-0.0109714451791033,0.0175833757175034,1
NVDA,2019-09-04,NVDA_20190904_00729,ml/datasets/charts/processed/NVDA/NVDA_20190904_00729.png,0.0924170616113746,0.0639810426540286,1
AMZN,2019-09-05,AMZN_20190905_00730,ml/datasets/charts/processed/AMZN/AMZN_20190905_00730.png,0.0015210777922642,-0.0039113428943937,0
MSFT,2019-09-05,MSFT_20190905_00730,ml/datasets/charts/processed/MSFT/MSFT_20190905_00730.png,-0.018064976794002,-0.0067832916815424,0
NVDA,2019-09-05,NVDA_20190905_00730,ml/datasets/charts/processed/NVDA/NVDA_20190905_00730.png,0.0267260579064587,-0.0044543429844099,0
AMZN,2019-09-06,AMZN_20190906_00731,ml/datasets/charts/processed/AMZN/AMZN_20190906_00731.png,0.0031631762652704,-0.0011998254799303,0
MSFT,2019-09-06,MSFT_20190906_00731,ml/datasets/charts/processed/MSFT/MSFT_20190906_00731.png,-0.0127965492451473,-0.0113587347232205,0
NVDA,2019-09-06,NVDA_20190906_00731,ml/datasets/charts/processed/NVDA/NVDA_20190906_00731.png,0.0178970917225951,0.0089485458612974,1
AMZN,2019-09-09,AMZN_20190909_00732,ml/datasets/charts/processed/AMZN/AMZN_20190909_00732.png,-0.0128863164791961,-0.00589712788031,0
MSFT,2019-09-09,MSFT_20190909_00732,ml/datasets/charts/processed/MSFT/MSFT_20190909_00732.png,-0.008653286794648,-0.0104712041884816,0
NVDA,2019-09-09,NVDA_20190909_00732,ml/datasets/charts/processed/NVDA/NVDA_20190909_00732.png,0.0,0.0155210643015522,1
AMZN,2019-09-10,AMZN_20190910_00733,ml/datasets/charts/processed/AMZN/AMZN_20190910_00733.png,0.0010985389432054,0.0013182467318466,1
MSFT,2019-09-10,MSFT_20190910_00733,ml/datasets/charts/processed/MSFT/MSFT_20190910_00733.png,0.0096266901822454,0.0002939447383891,1
NVDA,2019-09-10,NVDA_20190910_00733,ml/datasets/charts/processed/NVDA/NVDA_20190910_00733.png,-0.0109170305676855,0.0065502183406114,1
AMZN,2019-09-11,AMZN_20190911_00734,ml/datasets/charts/processed/AMZN/AMZN_20190911_00734.png,-0.0030718595721338,0.0113000548546351,1
MSFT,2019-09-11,MSFT_20190911_00734,ml/datasets/charts/processed/MSFT/MSFT_20190911_00734.png,0.0176315016162209,0.0102850426094622,1
NVDA,2019-09-11,NVDA_20190911_00734,ml/datasets/charts/processed/NVDA/NVDA_20190911_00734.png,-0.0238611713665943,0.0,0
AMZN,2019-09-12,AMZN_20190912_00735,ml/datasets/charts/processed/AMZN/AMZN_20190912_00735.png,-0.0119331742243438,-0.0022781514428292,0
MSFT,2019-09-12,MSFT_20190912_00735,ml/datasets/charts/processed/MSFT/MSFT_20190912_00735.png,0.0258144269924374,-0.0014543339150669,0
NVDA,2019-09-12,NVDA_20190912_00735,ml/datasets/charts/processed/NVDA/NVDA_20190912_00735.png,-0.0412147505422993,-0.0130151843817788,0
AMZN,2019-09-13,AMZN_20190913_00736,ml/datasets/charts/processed/AMZN/AMZN_20190913_00736.png,-0.0245732304012178,-0.0171795150592584,0
MSFT,2019-09-13,MSFT_20190913_00736,ml/datasets/charts/processed/MSFT/MSFT_20190913_00736.png,0.0154383920769007,-0.0072094378094959,0
NVDA,2019-09-13,NVDA_20190913_00736,ml/datasets/charts/processed/NVDA/NVDA_20190913_00736.png,-0.0505494505494504,-0.0087912087912087,0
AMZN,2019-09-16,AMZN_20190916_00737,ml/datasets/charts/processed/AMZN/AMZN_20190916_00737.png,-0.0123907511892908,0.0081867463214957,1
MSFT,2019-09-16,MSFT_20190916_00737,ml/datasets/charts/processed/MSFT/MSFT_20190916_00737.png,0.0206117508985548,0.0077752512286362,1
NVDA,2019-09-16,NVDA_20190916_00737,ml/datasets/charts/processed/NVDA/NVDA_20190916_00737.png,-0.0310421286031041,0.0044345898004436,1
AMZN,2019-09-17,AMZN_20190917_00738,ml/datasets/charts/processed/AMZN/AMZN_20190917_00738.png,-0.0444420059256007,-0.0028530670470755,0
MSFT,2019-09-17,MSFT_20190917_00738,ml/datasets/charts/processed/MSFT/MSFT_20190917_00738.png,-7.278550112810311e-05,0.0082247616274839,1
NVDA,2019-09-17,NVDA_20190917_00738,ml/datasets/charts/processed/NVDA/NVDA_20190917_00738.png,-0.0485651214128036,-0.0066225165562914,0
AMZN,2019-09-18,AMZN_20190918_00739,ml/datasets/charts/processed/AMZN/AMZN_20190918_00739.png,-0.0269615934851986,0.0023109937273027,1
MSFT,2019-09-18,MSFT_20190918_00739,ml/datasets/charts/processed/MSFT/MSFT_20190918_00739.png,0.0060641062662432,0.0184088940225237,1
NVDA,2019-09-18,NVDA_20190918_00739,ml/datasets/charts/processed/NVDA/NVDA_20190918_00739.png,-0.0088888888888889,-0.0177777777777777,0
AMZN,2019-09-19,AMZN_20190919_00740,ml/datasets/charts/processed/AMZN/AMZN_20190919_00740.png,-0.0449055775142731,-0.0150417215634607,0
MSFT,2019-09-19,MSFT_20190919_00740,ml/datasets/charts/processed/MSFT/MSFT_20190919_00740.png,-0.0108456794499185,-0.0115545473878215,0
NVDA,2019-09-19,NVDA_20190919_00740,ml/datasets/charts/processed/NVDA/NVDA_20190919_00740.png,0.002262443438914,-0.0226244343891401,0
AMZN,2019-09-20,AMZN_20190920_00741,ml/datasets/charts/processed/AMZN/AMZN_20190920_00741.png,-0.0383457808494036,-0.0049046928993422,0
MSFT,2019-09-20,MSFT_20190920_00741,ml/datasets/charts/processed/MSFT/MSFT_20190920_00741.png,-0.012263339070568,-0.0021514629948365,0
NVDA,2019-09-20,NVDA_20190920_00741,ml/datasets/charts/processed/NVDA/NVDA_20190920_00741.png,-0.0069444444444445,0.0115740740740739,1
AMZN,2019-09-23,AMZN_20190923_00742,ml/datasets/charts/processed/AMZN/AMZN_20190923_00742.png,-0.0276688697210708,-0.024532317687913,0
MSFT,2019-09-23,MSFT_20190923_00742,ml/datasets/charts/processed/MSFT/MSFT_20190923_00742.png,-0.0007905706482678,-0.0126491303722868,0
NVDA,2019-09-23,NVDA_20190923_00742,ml/datasets/charts/processed/NVDA/NVDA_20190923_00742.png,-0.0045766590389016,-0.0137299771167048,0
AMZN,2019-09-24,AMZN_20190924_00743,ml/datasets/charts/processed/AMZN/AMZN_20190924_00743.png,-0.0034451079467155,0.0153881488286633,1
MSFT,2019-09-24,MSFT_20190924_00743,ml/datasets/charts/processed/MSFT/MSFT_20190924_00743.png,-0.0022565147765322,0.0144125782501092,1
NVDA,2019-09-24,NVDA_20190924_00743,ml/datasets/charts/processed/NVDA/NVDA_20190924_00743.png,0.0092807424593968,0.0348027842227378,1
AMZN,2019-09-25,AMZN_20190925_00744,ml/datasets/charts/processed/AMZN/AMZN_20190925_00744.png,-0.031214657317349,-0.0161728115810902,0
MSFT,2019-09-25,MSFT_20190925_00744,ml/datasets/charts/processed/MSFT/MSFT_20190925_00744.png,-0.0337973593570608,0.001291618828932,1
NVDA,2019-09-25,NVDA_20190925_00744,ml/datasets/charts/processed/NVDA/NVDA_20190925_00744.png,-0.0291479820627802,-0.0067264573991031,0
AMZN,2019-09-26,AMZN_20190926_00745,ml/datasets/charts/processed/AMZN/AMZN_20190926_00745.png,-0.0088515921370272,-0.0082768134268306,0
MSFT,2019-09-26,MSFT_20190926_00745,ml/datasets/charts/processed/MSFT/MSFT_20190926_00745.png,-0.0233624767091872,-0.0129711910563279,0
NVDA,2019-09-26,NVDA_20190926_00745,ml/datasets/charts/processed/NVDA/NVDA_20190926_00745.png,0.0225733634311513,-0.0316027088036117,0
AMZN,2019-09-27,AMZN_20190927_00746,ml/datasets/charts/processed/AMZN/AMZN_20190927_00746.png,0.0082299756578185,0.0061435029558363,1
MSFT,2019-09-27,MSFT_20190927_00746,ml/datasets/charts/processed/MSFT/MSFT_20190927_00746.png,0.0028316270964932,0.0094387569883105,1
NVDA,2019-09-27,NVDA_20190927_00746,ml/datasets/charts/processed/NVDA/NVDA_20190927_00746.png,0.0606060606060605,0.0139860139860139,1
AMZN,2019-09-30,AMZN_20190930_00747,ml/datasets/charts/processed/AMZN/AMZN_20190930_00747.png,-0.0019585253456221,-0.0002304147465437,0
MSFT,2019-09-30,MSFT_20190930_00747,ml/datasets/charts/processed/MSFT/MSFT_20190930_00747.png,-0.0137380421491764,-0.0140976767604115,0
NVDA,2019-09-30,NVDA_20190930_00747,ml/datasets/charts/processed/NVDA/NVDA_20190930_00747.png,0.0597701149425289,0.0,0
AMZN,2019-10-01,AMZN_20191001_00748,ml/datasets/charts/processed/AMZN/AMZN_20191001_00748.png,-0.0172850887301221,-0.0129061995851579,0
MSFT,2019-10-01,MSFT_20191001_00748,ml/datasets/charts/processed/MSFT/MSFT_20191001_00748.png,-0.0102137593930109,-0.0176552126650615,0
NVDA,2019-10-01,NVDA_20191001_00748,ml/datasets/charts/processed/NVDA/NVDA_20191001_00748.png,0.0183908045977012,-0.0045977011494251,0
AMZN,2019-10-02,AMZN_20191002_00749,ml/datasets/charts/processed/AMZN/AMZN_20191002_00749.png,0.0051365865047863,0.0065374737333645,1
MSFT,2019-10-02,MSFT_20191002_00749,ml/datasets/charts/processed/MSFT/MSFT_20191002_00749.png,0.0266617155588562,0.0121054585963609,1
NVDA,2019-10-02,NVDA_20191002_00749,ml/datasets/charts/processed/NVDA/NVDA_20191002_00749.png,0.043879907621247,0.046189376443418,1
AMZN,2019-10-03,AMZN_20191003_00750,ml/datasets/charts/processed/AMZN/AMZN_20191003_00750.png,-0.0024356297842726,0.0088146601716538,1
MSFT,2019-10-03,MSFT_20191003_00750,ml/datasets/charts/processed/MSFT/MSFT_20191003_00750.png,0.0206926915174638,0.0135016143234516,1
NVDA,2019-10-03,NVDA_20191003_00750,ml/datasets/charts/processed/NVDA/NVDA_20191003_00750.png,0.011037527593819,0.0044150110375273,1
AMZN,2019-10-04,AMZN_20191004_00751,ml/datasets/charts/processed/AMZN/AMZN_20191004_00751.png,-0.004368820418487,-0.0040239135433434,0
MSFT,2019-10-04,MSFT_20191004_00751,ml/datasets/charts/processed/MSFT/MSFT_20191004_00751.png,0.0112945264986967,-0.0072400810889081,0
NVDA,2019-10-04,NVDA_20191004_00751,ml/datasets/charts/processed/NVDA/NVDA_20191004_00751.png,0.0219780219780221,0.0131868131868133,1
AMZN,2019-10-07,AMZN_20191007_00752,ml/datasets/charts/processed/AMZN/AMZN_20191007_00752.png,0.0021932355996767,-0.0155835161029666,0
MSFT,2019-10-07,MSFT_20191007_00752,ml/datasets/charts/processed/MSFT/MSFT_20191007_00752.png,0.0177217036172696,-0.0105746791131856,0
NVDA,2019-10-07,NVDA_20191007_00752,ml/datasets/charts/processed/NVDA/NVDA_20191007_00752.png,0.0108459869848156,-0.0390455531453363,0
AMZN,2019-10-08,AMZN_20191008_00753,ml/datasets/charts/processed/AMZN/AMZN_20191008_00753.png,0.0362335834896812,0.0096153846153845,1
MSFT,2019-10-08,MSFT_20191008_00753,ml/datasets/charts/processed/MSFT/MSFT_20191008_00753.png,0.0434878749907865,0.0189430235129359,1
NVDA,2019-10-08,NVDA_20191008_00753,ml/datasets/charts/processed/NVDA/NVDA_20191008_00753.png,0.1083521444695261,0.020316027088036,1
AMZN,2019-10-09,AMZN_20191009_00754,ml/datasets/charts/processed/AMZN/AMZN_20191009_00754.png,0.032171893147503,-0.0010452961672472,0
MSFT,2019-10-09,MSFT_20191009_00754,ml/datasets/charts/processed/MSFT/MSFT_20191009_00754.png,0.0156973379629628,0.0062210648148146,1
NVDA,2019-10-09,NVDA_20191009_00754,ml/datasets/charts/processed/NVDA/NVDA_20191009_00754.png,0.0752212389380533,0.0132743362831859,1
AMZN,2019-10-10,AMZN_20191010_00755,ml/datasets/charts/processed/AMZN/AMZN_20191010_00755.png,0.0390652249738403,0.0068596674805254,1
MSFT,2019-10-10,MSFT_20191010_00755,ml/datasets/charts/processed/MSFT/MSFT_20191010_00755.png,0.0042415528396837,0.0041696621135873,1
NVDA,2019-10-10,NVDA_20191010_00755,ml/datasets/charts/processed/NVDA/NVDA_20191010_00755.png,0.0611353711790394,0.0152838427947599,1
AMZN,2019-10-11,AMZN_20191011_00756,ml/datasets/charts/processed/AMZN/AMZN_20191011_00756.png,0.0147806004618937,0.002540415704388,1
MSFT,2019-10-11,MSFT_20191011_00756,ml/datasets/charts/processed/MSFT/MSFT_20191011_00756.png,-0.0162514318442154,-0.000930698739977,0
NVDA,2019-10-11,NVDA_20191011_00756,ml/datasets/charts/processed/NVDA/NVDA_20191011_00756.png,0.0236559139784944,0.0021505376344086,1
AMZN,2019-10-14,AMZN_20191014_00757,ml/datasets/charts/processed/AMZN/AMZN_20191014_00757.png,0.0283344851416724,0.017853029255932,1
MSFT,2019-10-14,MSFT_20191014_00757,ml/datasets/charts/processed/MSFT/MSFT_20191014_00757.png,-0.0080257972053028,0.0144750985309922,1
NVDA,2019-10-14,NVDA_20191014_00757,ml/datasets/charts/processed/NVDA/NVDA_20191014_00757.png,0.0515021459227469,0.0536480686695279,1
AMZN,2019-10-15,AMZN_20191015_00758,ml/datasets/charts/processed/AMZN/AMZN_20191015_00758.png,-0.0009052845988457,0.005658028742786,1
MSFT,2019-10-15,MSFT_20191015_00758,ml/datasets/charts/processed/MSFT/MSFT_20191015_00758.png,-0.0367309458218548,-0.0081938263756445,0
NVDA,2019-10-15,NVDA_20191015_00758,ml/datasets/charts/processed/NVDA/NVDA_20191015_00758.png,-0.0040733197556008,-0.0101832993890019,0
AMZN,2019-10-16,AMZN_20191016_00759,ml/datasets/charts/processed/AMZN/AMZN_20191016_00759.png,-0.008551817261168,0.0056261955665579,1
MSFT,2019-10-16,MSFT_20191016_00759,ml/datasets/charts/processed/MSFT/MSFT_20191016_00759.png,-0.0225767395484651,-0.0051278398974431,0
NVDA,2019-10-16,NVDA_20191016_00759,ml/datasets/charts/processed/NVDA/NVDA_20191016_00759.png,0.0041152263374484,0.0,0
AMZN,2019-10-17,AMZN_20191017_00760,ml/datasets/charts/processed/AMZN/AMZN_20191017_00760.png,-0.0036925142665323,-0.0166722613852524,0
MSFT,2019-10-17,MSFT_20191017_00760,ml/datasets/charts/processed/MSFT/MSFT_20191017_00760.png,0.0017896771422434,-0.016321855537261,0
NVDA,2019-10-17,NVDA_20191017_00760,ml/datasets/charts/processed/NVDA/NVDA_20191017_00760.png,0.0123456790123455,-0.0205761316872429,0
AMZN,2019-10-18,AMZN_20191018_00761,ml/datasets/charts/processed/AMZN/AMZN_20191018_00761.png,0.0021620391442875,0.0159308147473828,1
MSFT,2019-10-18,MSFT_20191018_00761,ml/datasets/charts/processed/MSFT/MSFT_20191018_00761.png,0.0241612691943817,0.0074230405356234,1
NVDA,2019-10-18,NVDA_20191018_00761,ml/datasets/charts/processed/NVDA/NVDA_20191018_00761.png,0.073529411764706,0.0294117647058824,1
AMZN,2019-10-21,AMZN_20191021_00762,ml/datasets/charts/processed/AMZN/AMZN_20191021_00762.png,-0.0048163082437276,-0.0110887096774192,0
MSFT,2019-10-21,MSFT_20191021_00762,ml/datasets/charts/processed/MSFT/MSFT_20191021_00762.png,0.0416094777143682,-0.0148811673770136,0
NVDA,2019-10-21,NVDA_20191021_00762,ml/datasets/charts/processed/NVDA/NVDA_20191021_00762.png,0.0551020408163265,-0.0020408163265307,0
AMZN,2019-10-22,AMZN_20191022_00763,ml/datasets/charts/processed/AMZN/AMZN_20191022_00763.png,-0.0016989466530751,-0.0020387359836901,0
MSFT,2019-10-22,MSFT_20191022_00763,ml/datasets/charts/processed/MSFT/MSFT_20191022_00763.png,0.0473711226809416,0.0063797022805602,1
NVDA,2019-10-22,NVDA_20191022_00763,ml/datasets/charts/processed/NVDA/NVDA_20191022_00763.png,0.0368098159509204,-0.002044989775051,0
AMZN,2019-10-23,AMZN_20191023_00764,ml/datasets/charts/processed/AMZN/AMZN_20191023_00764.png,0.0101010101010101,0.0105549880830779,1
MSFT,2019-10-23,MSFT_20191023_00764,ml/datasets/charts/processed/MSFT/MSFT_20191023_00764.png,0.0537015447391431,0.0196735645584376,1
NVDA,2019-10-23,NVDA_20191023_00764,ml/datasets/charts/processed/NVDA/NVDA_20191023_00764.png,0.0409836065573769,0.0081967213114753,1
AMZN,2019-10-24,AMZN_20191024_00765,ml/datasets/charts/processed/AMZN/AMZN_20191024_00765.png,-0.0023584905660378,-0.0108939802336029,0
MSFT,2019-10-24,MSFT_20191024_00765,ml/datasets/charts/processed/MSFT/MSFT_20191024_00765.png,0.0245105045019293,0.0056452765470915,1
NVDA,2019-10-24,NVDA_20191024_00765,ml/datasets/charts/processed/NVDA/NVDA_20191024_00765.png,0.0223577235772358,0.0386178861788619,1
AMZN,2019-10-25,AMZN_20191025_00766,ml/datasets/charts/processed/AMZN/AMZN_20191025_00766.png,0.0170319064380606,0.0088565913477915,1
MSFT,2019-10-25,MSFT_20191025_00766,ml/datasets/charts/processed/MSFT/MSFT_20191025_00766.png,0.0212463582747104,0.0245860868329426,1
NVDA,2019-10-25,NVDA_20191025_00766,ml/datasets/charts/processed/NVDA/NVDA_20191025_00766.png,-0.0097847358121332,0.0117416829745595,1
AMZN,2019-10-28,AMZN_20191028_00767,ml/datasets/charts/processed/AMZN/AMZN_20191028_00767.png,0.0155317951603828,-0.0079909960607764,0
MSFT,2019-10-28,MSFT_20191028_00767,ml/datasets/charts/processed/MSFT/MSFT_20191028_00767.png,0.0024967057354881,-0.0094319994451763,0
NVDA,2019-10-28,NVDA_20191028_00767,ml/datasets/charts/processed/NVDA/NVDA_20191028_00767.png,0.0174081237911025,-0.0193423597678915,0
AMZN,2019-10-29,AMZN_20191029_00768,ml/datasets/charts/processed/AMZN/AMZN_20191029_00768.png,0.0221238938053096,0.0097572044474698,1
MSFT,2019-10-29,MSFT_20191029_00768,ml/datasets/charts/processed/MSFT/MSFT_20191029_00768.png,0.0114121683119792,0.0124623678498914,1
NVDA,2019-10-29,NVDA_20191029_00768,ml/datasets/charts/processed/NVDA/NVDA_20191029_00768.png,0.0335305719921104,0.0019723865877712,1
AMZN,2019-10-30,AMZN_20191030_00769,ml/datasets/charts/processed/AMZN/AMZN_20191030_00769.png,0.008876404494382,-0.0019101123595506,0
MSFT,2019-10-30,MSFT_20191030_00769,ml/datasets/charts/processed/MSFT/MSFT_20191030_00769.png,-0.0038033331028283,-0.0085747873591038,0
NVDA,2019-10-30,NVDA_20191030_00769,ml/datasets/charts/processed/NVDA/NVDA_20191030_00769.png,0.0216535433070865,-0.0098425196850393,0
AMZN,2019-10-31,AMZN_20191031_00770,ml/datasets/charts/processed/AMZN/AMZN_20191031_00770.png,0.0065293256782619,0.0083305189688167,1
MSFT,2019-10-31,MSFT_20191031_00770,ml/datasets/charts/processed/MSFT/MSFT_20191031_00770.png,0.0062077143056427,0.0024412359628931,1
NVDA,2019-10-31,NVDA_20191031_00770,ml/datasets/charts/processed/NVDA/NVDA_20191031_00770.png,0.0357852882703777,0.0059642147117295,1
AMZN,2019-11-01,AMZN_20191101_00771,ml/datasets/charts/processed/AMZN/AMZN_20191101_00771.png,-0.0031260466674107,0.0073685385731832,1
MSFT,2019-11-01,MSFT_20191101_00771,ml/datasets/charts/processed/MSFT/MSFT_20191101_00771.png,0.0155858613971611,0.0057751182855554,1
NVDA,2019-11-01,NVDA_20191101_00771,ml/datasets/charts/processed/NVDA/NVDA_20191101_00771.png,0.0256916996047431,0.0395256916996047,1
AMZN,2019-11-04,AMZN_20191104_00772,ml/datasets/charts/processed/AMZN/AMZN_20191104_00772.png,-0.0182866009087887,-0.0015515903801396,0
MSFT,2019-11-04,MSFT_20191104_00772,ml/datasets/charts/processed/MSFT/MSFT_20191104_00772.png,0.0107921134555517,-0.0006226219301279,0
NVDA,2019-11-04,NVDA_20191104_00772,ml/datasets/charts/processed/NVDA/NVDA_20191104_00772.png,-0.0114068441064637,-0.0038022813688212,0
AMZN,2019-11-05,AMZN_20191105_00773,ml/datasets/charts/processed/AMZN/AMZN_20191105_00773.png,-0.0132090132090131,-0.0033300033300033,0
MSFT,2019-11-05,MSFT_20191105_00773,ml/datasets/charts/processed/MSFT/MSFT_20191105_00773.png,0.0180672850616085,-0.0027689325764918,0
NVDA,2019-11-05,NVDA_20191105_00773,ml/datasets/charts/processed/NVDA/NVDA_20191105_00773.png,0.0,-0.0095419847328244,0
AMZN,2019-11-06,AMZN_20191106_00774,ml/datasets/charts/processed/AMZN/AMZN_20191106_00774.png,-0.0237220180420982,-0.0042320971154917,0
MSFT,2019-11-06,MSFT_20191106_00774,ml/datasets/charts/processed/MSFT/MSFT_20191106_00774.png,0.0225600444259337,0.0013883104262111,1
NVDA,2019-11-06,NVDA_20191106_00774,ml/datasets/charts/processed/NVDA/NVDA_20191106_00774.png,0.0038535645472059,0.0038535645472059,1
AMZN,2019-11-07,AMZN_20191107_00775,ml/datasets/charts/processed/AMZN/AMZN_20191107_00775.png,-0.0187898445364051,-0.0013421317526002,0
MSFT,2019-11-07,MSFT_20191107_00775,ml/datasets/charts/processed/MSFT/MSFT_20191107_00775.png,0.0263413281574935,0.0117842783862471,1
NVDA,2019-11-07,NVDA_20191107_00775,ml/datasets/charts/processed/NVDA/NVDA_20191107_00775.png,0.0057581573896352,-0.00383877159309,0
AMZN,2019-11-08,AMZN_20191108_00776,ml/datasets/charts/processed/AMZN/AMZN_20191108_00776.png,-0.0259827528278643,-0.0079516183223206,0
MSFT,2019-11-08,MSFT_20191108_00776,ml/datasets/charts/processed/MSFT/MSFT_20191108_00776.png,0.0274732803507808,0.001027678816114,1
NVDA,2019-11-08,NVDA_20191108_00776,ml/datasets/charts/processed/NVDA/NVDA_20191108_00776.png,-0.0173410404624279,0.0019267822736031,1
AMZN,2019-11-11,AMZN_20191111_00777,ml/datasets/charts/processed/AMZN/AMZN_20191111_00777.png,-0.0107247685707835,0.0036125536238429,1
MSFT,2019-11-11,MSFT_20191111_00777,ml/datasets/charts/processed/MSFT/MSFT_20191111_00777.png,0.0289507905003079,0.0065703921702824,1
NVDA,2019-11-11,NVDA_20191111_00777,ml/datasets/charts/processed/NVDA/NVDA_20191111_00777.png,0.021153846153846,0.0076923076923076,1
AMZN,2019-11-12,AMZN_20191112_00778,ml/datasets/charts/processed/AMZN/AMZN_20191112_00778.png,-0.0141732283464567,-0.0139482564679416,0
MSFT,2019-11-12,MSFT_20191112_00778,ml/datasets/charts/processed/MSFT/MSFT_20191112_00778.png,0.022574284354389,0.0016318759774258,1
NVDA,2019-11-12,NVDA_20191112_00778,ml/datasets/charts/processed/NVDA/NVDA_20191112_00778.png,-0.0076335877862595,-0.0057251908396946,0
AMZN,2019-11-13,AMZN_20191113_00779,ml/datasets/charts/processed/AMZN/AMZN_20191113_00779.png,-0.004334930412959,0.0007985398129135,1
MSFT,2019-11-13,MSFT_20191113_00779,ml/datasets/charts/processed/MSFT/MSFT_20191113_00779.png,0.0156812164822484,0.0050913040526781,1
NVDA,2019-11-13,NVDA_20191113_00779,ml/datasets/charts/processed/NVDA/NVDA_20191113_00779.png,0.0134357005758158,0.0057581573896352,1
AMZN,2019-11-14,AMZN_20191114_00780,ml/datasets/charts/processed/AMZN/AMZN_20191114_00780.png,-0.0112846232759604,-0.0086629431209392,0
MSFT,2019-11-14,MSFT_20191114_00780,ml/datasets/charts/processed/MSFT/MSFT_20191114_00780.png,0.0095907064703497,0.0129001756044846,1
NVDA,2019-11-14,NVDA_20191114_00780,ml/datasets/charts/processed/NVDA/NVDA_20191114_00780.png,0.0019083969465647,-0.0267175572519084,0
AMZN,2019-11-15,AMZN_20191115_00781,ml/datasets/charts/processed/AMZN/AMZN_20191115_00781.png,0.0036794296883984,0.0075888237323213,1
MSFT,2019-11-15,MSFT_20191115_00781,ml/datasets/charts/processed/MSFT/MSFT_20191115_00781.png,-0.0025338401013536,0.0024671600986865,1
NVDA,2019-11-15,NVDA_20191115_00781,ml/datasets/charts/processed/NVDA/NVDA_20191115_00781.png,0.0333333333333332,0.0411764705882353,1
AMZN,2019-11-18,AMZN_20191118_00782,ml/datasets/charts/processed/AMZN/AMZN_20191118_00782.png,0.0120963140477006,0.0001141161702613,1
MSFT,2019-11-18,MSFT_20191118_00782,ml/datasets/charts/processed/MSFT/MSFT_20191118_00782.png,0.0059199148596513,0.0003325794864972,1
NVDA,2019-11-18,NVDA_20191118_00782,ml/datasets/charts/processed/NVDA/NVDA_20191118_00782.png,0.041431261770245,-0.0207156308851222,0
AMZN,2019-11-19,AMZN_20191119_00783,ml/datasets/charts/processed/AMZN/AMZN_20191119_00783.png,0.0252167959835691,-0.004107713372889,0
MSFT,2019-11-19,MSFT_20191119_00783,ml/datasets/charts/processed/MSFT/MSFT_20191119_00783.png,0.0109049803843341,-0.0051200212780103,0
NVDA,2019-11-19,NVDA_20191119_00783,ml/datasets/charts/processed/NVDA/NVDA_20191119_00783.png,0.0423076923076921,0.0153846153846153,1
AMZN,2019-11-20,AMZN_20191120_00784,ml/datasets/charts/processed/AMZN/AMZN_20191120_00784.png,0.0418194317140239,-0.0061869844179652,0
MSFT,2019-11-20,MSFT_20191120_00784,ml/datasets/charts/processed/MSFT/MSFT_20191120_00784.png,0.0180457158133937,-0.0009357037829168,0
NVDA,2019-11-20,NVDA_20191120_00784,ml/datasets/charts/processed/NVDA/NVDA_20191120_00784.png,0.0340909090909089,-0.0056818181818182,0
AMZN,2019-11-21,AMZN_20191121_00785,ml/datasets/charts/processed/AMZN/AMZN_20191121_00785.png,0.0380447313811391,0.0063407885635233,1
MSFT,2019-11-21,MSFT_20191121_00785,ml/datasets/charts/processed/MSFT/MSFT_20191121_00785.png,0.0127107305325127,0.0007358843992508,1
NVDA,2019-11-21,NVDA_20191121_00785,ml/datasets/charts/processed/NVDA/NVDA_20191121_00785.png,0.0323809523809524,0.0038095238095237,1
AMZN,2019-11-22,AMZN_20191122_00786,ml/datasets/charts/processed/AMZN/AMZN_20191122_00786.png,0.0205063581166227,0.016038492381716,1
MSFT,2019-11-22,MSFT_20191122_00786,ml/datasets/charts/processed/MSFT/MSFT_20191122_00786.png,-0.0002673975533122,0.0109632996858077,1
NVDA,2019-11-22,NVDA_20191122_00786,ml/datasets/charts/processed/NVDA/NVDA_20191122_00786.png,-0.0075901328273243,0.0493358633776093,1
AMZN,2019-11-25,AMZN_20191125_00787,ml/datasets/charts/processed/AMZN/AMZN_20191125_00787.png,-0.0021422933814408,0.0130792648551132,1
MSFT,2019-11-25,MSFT_20191125_00787,ml/datasets/charts/processed/MSFT/MSFT_20191125_00787.png,-0.0126958936718903,0.005289955696621,1
NVDA,2019-11-25,NVDA_20191125_00787,ml/datasets/charts/processed/NVDA/NVDA_20191125_00787.png,-0.0614828209764918,-0.0198915009041591,0
AMZN,2019-11-26,AMZN_20191126_00788,ml/datasets/charts/processed/AMZN/AMZN_20191126_00788.png,-0.0202559821925431,0.0120200333889817,1
MSFT,2019-11-26,MSFT_20191126_00788,ml/datasets/charts/processed/MSFT/MSFT_20191126_00788.png,-0.0143392751430638,0.0019075182529764,1
NVDA,2019-11-26,NVDA_20191126_00788,ml/datasets/charts/processed/NVDA/NVDA_20191126_00788.png,-0.033210332103321,0.0073800738007379,1
AMZN,2019-11-27,AMZN_20191127_00789,ml/datasets/charts/processed/AMZN/AMZN_20191127_00789.png,-0.0430001099747059,-0.0097877488177718,0
MSFT,2019-11-27,MSFT_20191127_00789,ml/datasets/charts/processed/MSFT/MSFT_20191127_00789.png,-0.015690651260504,-0.0061712184873949,0
NVDA,2019-11-27,NVDA_20191127_00789,ml/datasets/charts/processed/NVDA/NVDA_20191127_00789.png,-0.043956043956044,-0.0073260073260073,0
AMZN,2019-11-29,AMZN_20191129_00790,ml/datasets/charts/processed/AMZN/AMZN_20191129_00790.png,-0.0273211905819636,-0.0106619280319858,0
MSFT,2019-11-29,MSFT_20191129_00790,ml/datasets/charts/processed/MSFT/MSFT_20191129_00790.png,0.0024441802087462,-0.0120887831946094,0
NVDA,2019-11-29,NVDA_20191129_00790,ml/datasets/charts/processed/NVDA/NVDA_20191129_00790.png,-0.022140221402214,-0.0350553505535053,0
AMZN,2019-12-02,AMZN_20191202_00791,ml/datasets/charts/processed/AMZN/AMZN_20191202_00791.png,-0.0179613830264929,-0.0065110013471036,0
MSFT,2019-12-02,MSFT_20191202_00791,ml/datasets/charts/processed/MSFT/MSFT_20191202_00791.png,0.0121029755934469,-0.00160481444333,0
NVDA,2019-12-02,NVDA_20191202_00791,ml/datasets/charts/processed/NVDA/NVDA_20191202_00791.png,0.0133843212237092,-0.0076481835564053,0
AMZN,2019-12-03,AMZN_20191203_00792,ml/datasets/charts/processed/AMZN/AMZN_20191203_00792.png,-0.0174011299435028,-0.0053107344632767,0
MSFT,2019-12-03,MSFT_20191203_00792,ml/datasets/charts/processed/MSFT/MSFT_20191203_00792.png,0.0121894045944679,0.0036166365280287,1
NVDA,2019-12-03,NVDA_20191203_00792,ml/datasets/charts/processed/NVDA/NVDA_20191203_00792.png,0.0308285163776491,0.0096339113680152,1
AMZN,2019-12-04,AMZN_20191204_00793,ml/datasets/charts/processed/AMZN/AMZN_20191204_00793.png,-0.0067022605929797,-0.0114733613540839,0
MSFT,2019-12-04,MSFT_20191204_00793,ml/datasets/charts/processed/MSFT/MSFT_20191204_00793.png,0.0123456790123457,0.0005338672005339,1
NVDA,2019-12-04,NVDA_20191204_00793,ml/datasets/charts/processed/NVDA/NVDA_20191204_00793.png,0.0362595419847326,-0.0038167938931298,0
AMZN,2019-12-05,AMZN_20191205_00794,ml/datasets/charts/processed/AMZN/AMZN_20191205_00794.png,0.0114916111238796,0.0064353022293726,1
MSFT,2019-12-05,MSFT_20191205_00794,ml/datasets/charts/processed/MSFT/MSFT_20191205_00794.png,0.0220769692523177,0.0121389981991595,1
NVDA,2019-12-05,NVDA_20191205_00794,ml/datasets/charts/processed/NVDA/NVDA_20191205_00794.png,0.0727969348659003,0.0153256704980841,1
AMZN,2019-12-06,AMZN_20191206_00795,ml/datasets/charts/processed/AMZN/AMZN_20191206_00795.png,0.0053665220369947,-0.0011418131993605,0
MSFT,2019-12-06,MSFT_20191206_00795,ml/datasets/charts/processed/MSFT/MSFT_20191206_00795.png,0.0183196046128499,-0.0025700164744645,0
NVDA,2019-12-06,NVDA_20191206_00795,ml/datasets/charts/processed/NVDA/NVDA_20191206_00795.png,0.0566037735849056,0.0,0
AMZN,2019-12-09,AMZN_20191209_00796,ml/datasets/charts/processed/AMZN/AMZN_20191209_00796.png,0.0112025605852765,-0.0059442158207591,0
MSFT,2019-12-09,MSFT_20191209_00796,ml/datasets/charts/processed/MSFT/MSFT_20191209_00796.png,0.0275502114164905,-0.0015195560253701,0
NVDA,2019-12-09,NVDA_20191209_00796,ml/datasets/charts/processed/NVDA/NVDA_20191209_00796.png,0.0622641509433963,0.0094339622641508,1
AMZN,2019-12-10,AMZN_20191210_00797,ml/datasets/charts/processed/AMZN/AMZN_20191210_00797.png,0.0295538178472862,0.0055197792088317,1
MSFT,2019-12-10,MSFT_20191210_00797,ml/datasets/charts/processed/MSFT/MSFT_20191210_00797.png,0.0235558790445311,0.0037715873751074,1
NVDA,2019-12-10,NVDA_20191210_00797,ml/datasets/charts/processed/NVDA/NVDA_20191210_00797.png,0.0672897196261683,0.0149532710280373,1
AMZN,2019-12-11,AMZN_20191211_00798,ml/datasets/charts/processed/AMZN/AMZN_20191211_00798.png,0.020128087831656,0.0066331198536138,1
MSFT,2019-12-11,MSFT_20191211_00798,ml/datasets/charts/processed/MSFT/MSFT_20191211_00798.png,0.017600527356625,0.0101516150296638,1
NVDA,2019-12-11,NVDA_20191211_00798,ml/datasets/charts/processed/NVDA/NVDA_20191211_00798.png,0.0570902394106815,0.0313075506445672,1
AMZN,2019-12-12,AMZN_20191212_00799,ml/datasets/charts/processed/AMZN/AMZN_20191212_00799.png,0.0180640763462849,0.0003408316291753,1
MSFT,2019-12-12,MSFT_20191212_00799,ml/datasets/charts/processed/MSFT/MSFT_20191212_00799.png,0.016118506917254,0.0084181675802661,1
NVDA,2019-12-12,NVDA_20191212_00799,ml/datasets/charts/processed/NVDA/NVDA_20191212_00799.png,0.0517857142857143,0.0,0
AMZN,2019-12-13,AMZN_20191213_00800,ml/datasets/charts/processed/AMZN/AMZN_20191213_00800.png,0.0145371947756955,0.00465644520159,1
MSFT,2019-12-13,MSFT_20191213_00800,ml/datasets/charts/processed/MSFT/MSFT_20191213_00800.png,0.0186371578334303,0.00647123535883,1
NVDA,2019-12-13,NVDA_20191213_00800,ml/datasets/charts/processed/NVDA/NVDA_20191213_00800.png,0.067857142857143,0.0053571428571428,1
AMZN,2019-12-16,AMZN_20191216_00801,ml/datasets/charts/processed/AMZN/AMZN_20191216_00801.png,0.0134524078679629,0.0120958625367397,1
MSFT,2019-12-16,MSFT_20191216_00801,ml/datasets/charts/processed/MSFT/MSFT_20191216_00801.png,0.0120877001221628,-0.0054008872886259,0
NVDA,2019-12-16,NVDA_20191216_00801,ml/datasets/charts/processed/NVDA/NVDA_20191216_00801.png,0.0603907637655416,0.014209591474245,1
AMZN,2019-12-17,AMZN_20191217_00802,ml/datasets/charts/processed/AMZN/AMZN_20191217_00802.png,-0.0007818608287725,-0.0036859153356416,0
MSFT,2019-12-17,MSFT_20191217_00802,ml/datasets/charts/processed/MSFT/MSFT_20191217_00802.png,0.0173896179455685,-0.002068653435904,0
NVDA,2019-12-17,NVDA_20191217_00802,ml/datasets/charts/processed/NVDA/NVDA_20191217_00802.png,0.0455341506129596,0.0052539404553415,1
AMZN,2019-12-18,AMZN_20191218_00803,ml/datasets/charts/processed/AMZN/AMZN_20191218_00803.png,0.0475336322869954,0.0045964125560538,1
MSFT,2019-12-18,MSFT_20191218_00803,ml/datasets/charts/processed/MSFT/MSFT_20191218_00803.png,0.0278551532033424,0.0086804430912741,1
NVDA,2019-12-18,NVDA_20191218_00803,ml/datasets/charts/processed/NVDA/NVDA_20191218_00803.png,0.0418118466898955,0.0261324041811845,1
AMZN,2019-12-19,AMZN_20191219_00804,ml/datasets/charts/processed/AMZN/AMZN_20191219_00804.png,0.0432987389800245,-0.0031246512665997,0
MSFT,2019-12-19,MSFT_20191219_00804,ml/datasets/charts/processed/MSFT/MSFT_20191219_00804.png,0.0208721340954338,0.0109177316806883,1
NVDA,2019-12-19,NVDA_20191219_00804,ml/datasets/charts/processed/NVDA/NVDA_20191219_00804.png,0.0050933786078097,0.0152801358234295,1
AMZN,2019-12-20,AMZN_20191220_00805,ml/datasets/charts/processed/AMZN/AMZN_20191220_00805.png,0.0336952871375797,0.0035822232172844,1
MSFT,2019-12-20,MSFT_20191220_00805,ml/datasets/charts/processed/MSFT/MSFT_20191220_00805.png,0.0011435105774728,0.0,0
NVDA,2019-12-20,NVDA_20191220_00805,ml/datasets/charts/processed/NVDA/NVDA_20191220_00805.png,-0.028428093645485,-0.0016722408026756,0
AMZN,2019-12-23,AMZN_20191223_00806,ml/datasets/charts/processed/AMZN/AMZN_20191223_00806.png,0.0305633017289459,-0.0021193530395985,0
MSFT,2019-12-23,MSFT_20191223_00806,ml/datasets/charts/processed/MSFT/MSFT_20191223_00806.png,0.0018423225970394,-0.0001905850962454,0
NVDA,2019-12-23,NVDA_20191223_00806,ml/datasets/charts/processed/NVDA/NVDA_20191223_00806.png,-0.015075376884422,0.0,0
AMZN,2019-12-24,AMZN_20191224_00807,ml/datasets/charts/processed/AMZN/AMZN_20191224_00807.png,0.06080930024592,0.0444891571652135,1
MSFT,2019-12-24,MSFT_20191224_00807,ml/datasets/charts/processed/MSFT/MSFT_20191224_00807.png,0.0205871139916127,0.0081967213114753,1
NVDA,2019-12-24,NVDA_20191224_00807,ml/datasets/charts/processed/NVDA/NVDA_20191224_00807.png,0.0050251256281408,0.0016750418760469,1
AMZN,2019-12-26,AMZN_20191226_00808,ml/datasets/charts/processed/AMZN/AMZN_20191226_00808.png,0.0033176369863014,0.000535102739726,1
MSFT,2019-12-26,MSFT_20191226_00808,ml/datasets/charts/processed/MSFT/MSFT_20191226_00808.png,-0.0003151194302639,0.0018276926955318,1
NVDA,2019-12-26,NVDA_20191226_00808,ml/datasets/charts/processed/NVDA/NVDA_20191226_00808.png,-0.0133779264214046,-0.0100334448160536,0
AMZN,2019-12-27,AMZN_20191227_00809,ml/datasets/charts/processed/AMZN/AMZN_20191227_00809.png,0.0176489464113809,-0.0123007808321744,0
MSFT,2019-12-27,MSFT_20191227_00809,ml/datasets/charts/processed/MSFT/MSFT_20191227_00809.png,0.0004403623553095,-0.0086185203824862,0
NVDA,2019-12-27,NVDA_20191227_00809,ml/datasets/charts/processed/NVDA/NVDA_20191227_00809.png,0.0016891891891892,-0.0185810810810811,0
AMZN,2019-12-30,AMZN_20191230_00810,ml/datasets/charts/processed/AMZN/AMZN_20191230_00810.png,0.0324886289798571,0.0005414771496643,1
MSFT,2019-12-30,MSFT_20191230_00810,ml/datasets/charts/processed/MSFT/MSFT_20191230_00810.png,-6.345580303313003e-05,0.0006980138333649,1
NVDA,2019-12-30,NVDA_20191230_00810,ml/datasets/charts/processed/NVDA/NVDA_20191230_00810.png,0.0327022375215146,0.0120481927710844,1
AMZN,2019-12-31,AMZN_20191231_00811,ml/datasets/charts/processed/AMZN/AMZN_20191231_00811.png,0.023920337698885,0.0271674423638923,1
MSFT,2019-12-31,MSFT_20191231_00811,ml/datasets/charts/processed/MSFT/MSFT_20191231_00811.png,0.0151553582752061,0.0185161699429297,1
NVDA,2019-12-31,NVDA_20191231_00811,ml/datasets/charts/processed/NVDA/NVDA_20191231_00811.png,0.022108843537415,0.0204081632653061,1
AMZN,2020-01-02,AMZN_20200102_00812,ml/datasets/charts/processed/AMZN/AMZN_20200102_00812.png,0.0015806111696521,-0.0121180189673341,0
MSFT,2020-01-02,MSFT_20200102_00812,ml/datasets/charts/processed/MSFT/MSFT_20200102_00812.png,0.0091520358610384,-0.0124517494708006,0
NVDA,2020-01-02,NVDA_20200102_00812,ml/datasets/charts/processed/NVDA/NVDA_20200102_00812.png,0.0133333333333334,-0.0166666666666666,0
AMZN,2020-01-03,AMZN_20200103_00813,ml/datasets/charts/processed/AMZN/AMZN_20200103_00813.png,0.0043733333333333,0.0148266666666667,1
MSFT,2020-01-03,MSFT_20200103_00813,ml/datasets/charts/processed/MSFT/MSFT_20200103_00813.png,0.0171479006430461,0.0025847938469296,1
NVDA,2020-01-03,NVDA_20200103_00813,ml/datasets/charts/processed/NVDA/NVDA_20200103_00813.png,0.035593220338983,0.0050847457627116,1
AMZN,2020-01-06,AMZN_20200106_00814,ml/datasets/charts/processed/AMZN/AMZN_20200106_00814.png,-0.0060962791675425,0.0021021652301871,1
MSFT,2020-01-06,MSFT_20200106_00814,ml/datasets/charts/processed/MSFT/MSFT_20200106_00814.png,0.0267245173866566,-0.0091177765201533,0
NVDA,2020-01-06,NVDA_20200106_00814,ml/datasets/charts/processed/NVDA/NVDA_20200106_00814.png,0.0623946037099494,0.0118043844856661,1
AMZN,2020-01-07,AMZN_20200107_00815,ml/datasets/charts/processed/AMZN/AMZN_20200107_00815.png,-0.0196140130060835,-0.0077616949863646,0
MSFT,2020-01-07,MSFT_20200107_00815,ml/datasets/charts/processed/MSFT/MSFT_20200107_00815.png,0.0288742226170832,0.0159284173118414,1
NVDA,2020-01-07,NVDA_20200107_00815,ml/datasets/charts/processed/NVDA/NVDA_20200107_00815.png,0.03,0.0016666666666667,1
AMZN,2020-01-08,AMZN_20200108_00816,ml/datasets/charts/processed/AMZN/AMZN_20200108_00816.png,-0.0158562367864693,0.0047568710359409,1
MSFT,2020-01-08,MSFT_20200108_00816,ml/datasets/charts/processed/MSFT/MSFT_20200108_00816.png,0.0193016428259105,0.0124929727028546,1
NVDA,2020-01-08,NVDA_20200108_00816,ml/datasets/charts/processed/NVDA/NVDA_20200108_00816.png,0.0216306156405989,0.0116472545757071,1
AMZN,2020-01-09,AMZN_20200109_00817,ml/datasets/charts/processed/AMZN/AMZN_20200109_00817.png,-0.0120988953182534,-0.0093634928984744,0
MSFT,2020-01-09,MSFT_20200109_00817,ml/datasets/charts/processed/MSFT/MSFT_20200109_00817.png,0.025171201184527,-0.0046270590412733,0
NVDA,2020-01-09,NVDA_20200109_00817,ml/datasets/charts/processed/NVDA/NVDA_20200109_00817.png,0.0230263157894736,0.0049342105263159,1
AMZN,2020-01-10,AMZN_20200110_00818,ml/datasets/charts/processed/AMZN/AMZN_20200110_00818.png,-0.0097706032285471,0.004248088360238,1
MSFT,2020-01-10,MSFT_20200110_00818,ml/datasets/charts/processed/MSFT/MSFT_20200110_00818.png,0.0357010040907399,0.0120242965166728,1
NVDA,2020-01-10,NVDA_20200110_00818,ml/datasets/charts/processed/NVDA/NVDA_20200110_00818.png,0.0196399345335516,0.0310965630114565,1
AMZN,2020-01-13,AMZN_20200113_00819,ml/datasets/charts/processed/AMZN/AMZN_20200113_00819.png,0.0004230118443315,-0.0115270727580372,0
MSFT,2020-01-13,MSFT_20200113_00819,ml/datasets/charts/processed/MSFT/MSFT_20200113_00819.png,0.0197207251347377,-0.0070431161195493,0
NVDA,2020-01-13,NVDA_20200113_00819,ml/datasets/charts/processed/NVDA/NVDA_20200113_00819.png,-0.0158730158730158,-0.019047619047619,0
AMZN,2020-01-14,AMZN_20200114_00820,ml/datasets/charts/processed/AMZN/AMZN_20200114_00820.png,0.0096287578902323,-0.0039584893548733,0
MSFT,2020-01-14,MSFT_20200114_00820,ml/datasets/charts/processed/MSFT/MSFT_20200114_00820.png,0.0220193671744894,0.0064762844630852,1
NVDA,2020-01-14,NVDA_20200114_00820,ml/datasets/charts/processed/NVDA/NVDA_20200114_00820.png,0.011326860841424,-0.0064724919093851,0
AMZN,2020-01-15,AMZN_20200115_00821,ml/datasets/charts/processed/AMZN/AMZN_20200115_00821.png,0.0121374865735768,0.00859291084855,1
MSFT,2020-01-15,MSFT_20200115_00821,ml/datasets/charts/processed/MSFT/MSFT_20200115_00821.png,0.0216938350288025,0.0183233239367568,1
NVDA,2020-01-15,NVDA_20200115_00821,ml/datasets/charts/processed/NVDA/NVDA_20200115_00821.png,0.0293159609120521,0.013029315960912,1
AMZN,2020-01-16,AMZN_20200116_00822,ml/datasets/charts/processed/AMZN/AMZN_20200116_00822.png,-0.0087326943556976,-0.0070287539936103,0
MSFT,2020-01-16,MSFT_20200116_00822,ml/datasets/charts/processed/MSFT/MSFT_20200116_00822.png,-0.0068002647890713,0.0055966781007401,1
NVDA,2020-01-16,NVDA_20200116_00822,ml/datasets/charts/processed/NVDA/NVDA_20200116_00822.png,0.0064308681672025,0.0016077170418007,1
AMZN,2020-01-17,AMZN_20200117_00823,ml/datasets/charts/processed/AMZN/AMZN_20200117_00823.png,-0.0195195195195194,0.0145860145860146,1
MSFT,2020-01-17,MSFT_20200117_00823,ml/datasets/charts/processed/MSFT/MSFT_20200117_00823.png,-0.0288450029922201,-0.0035906642728904,0
NVDA,2020-01-17,NVDA_20200117_00823,ml/datasets/charts/processed/NVDA/NVDA_20200117_00823.png,-0.0369181380417336,-0.0048154093097914,0
AMZN,2020-01-21,AMZN_20200121_00824,ml/datasets/charts/processed/AMZN/AMZN_20200121_00824.png,-0.0205073995771669,-0.0024312896405918,0
MSFT,2020-01-21,MSFT_20200121_00824,ml/datasets/charts/processed/MSFT/MSFT_20200121_00824.png,-0.0062462462462461,-0.0048048048048048,0
NVDA,2020-01-21,NVDA_20200121_00824,ml/datasets/charts/processed/NVDA/NVDA_20200121_00824.png,0.0,0.0080645161290322,1
AMZN,2020-01-22,AMZN_20200122_00825,ml/datasets/charts/processed/AMZN/AMZN_20200122_00825.png,-0.015576984211084,-0.0014835223058174,0
MSFT,2020-01-22,MSFT_20200122_00825,ml/datasets/charts/processed/MSFT/MSFT_20200122_00825.png,0.0141219070609535,0.0061557030778516,1
NVDA,2020-01-22,NVDA_20200122_00825,ml/datasets/charts/processed/NVDA/NVDA_20200122_00825.png,-0.0176,0.0112,1
AMZN,2020-01-23,AMZN_20200123_00826,ml/datasets/charts/processed/AMZN/AMZN_20200123_00826.png,-0.0074286320704659,-0.0122041812586225,0
MSFT,2020-01-23,MSFT_20200123_00826,ml/datasets/charts/processed/MSFT/MSFT_20200123_00826.png,0.0363483685220729,-0.0100767754318618,0
NVDA,2020-01-23,NVDA_20200123_00826,ml/datasets/charts/processed/NVDA/NVDA_20200123_00826.png,-0.0268987341772152,-0.009493670886076,0
AMZN,2020-01-24,AMZN_20200124_00827,ml/datasets/charts/processed/AMZN/AMZN_20200124_00827.png,0.0790717662226041,-0.0178341211860764,0
MSFT,2020-01-24,MSFT_20200124_00827,ml/datasets/charts/processed/MSFT/MSFT_20200124_00827.png,0.0314469219583131,-0.0167232186136693,0
NVDA,2020-01-24,NVDA_20200124_00827,ml/datasets/charts/processed/NVDA/NVDA_20200124_00827.png,-0.0559105431309903,-0.0415335463258785,0
AMZN,2020-01-27,AMZN_20200127_00828,ml/datasets/charts/processed/AMZN/AMZN_20200127_00828.png,0.0961496390286589,0.0135637716035876,1
MSFT,2020-01-27,MSFT_20200127_00828,ml/datasets/charts/processed/MSFT/MSFT_20200127_00828.png,0.0745624845945278,0.019595760414099,1
NVDA,2020-01-27,NVDA_20200127_00828,ml/datasets/charts/processed/NVDA/NVDA_20200127_00828.png,0.0016666666666667,0.0333333333333334,1
AMZN,2020-01-28,AMZN_20200128_00829,ml/datasets/charts/processed/AMZN/AMZN_20200128_00829.png,0.1059788473990934,0.0025901143967193,1
MSFT,2020-01-28,MSFT_20200128_00829,ml/datasets/charts/processed/MSFT/MSFT_20200128_00829.png,0.088601474676659,0.0155928925420039,1
NVDA,2020-01-28,NVDA_20200128_00829,ml/datasets/charts/processed/NVDA/NVDA_20200128_00829.png,-0.0032258064516129,-0.0096774193548387,0
AMZN,2020-01-29,AMZN_20200129_00830,ml/datasets/charts/processed/AMZN/AMZN_20200129_00830.png,0.0978471474703981,0.0067814854682453,1
MSFT,2020-01-29,MSFT_20200129_00830,ml/datasets/charts/processed/MSFT/MSFT_20200129_00830.png,0.0705784337062604,0.0282075696262795,1
NVDA,2020-01-29,NVDA_20200129_00830,ml/datasets/charts/processed/NVDA/NVDA_20200129_00830.png,0.021172638436482,0.001628664495114,1
AMZN,2020-01-30,AMZN_20200130_00831,ml/datasets/charts/processed/AMZN/AMZN_20200130_00831.png,0.0960119747674543,0.0738800384903239,1
MSFT,2020-01-30,MSFT_20200130_00831,ml/datasets/charts/processed/MSFT/MSFT_20200130_00831.png,0.0627966199791643,-0.0147586526218312,0
NVDA,2020-01-30,NVDA_20200130_00831,ml/datasets/charts/processed/NVDA/NVDA_20200130_00831.png,0.0341463414634146,-0.0390243902439024,0
AMZN,2020-01-31,AMZN_20200131_00832,ml/datasets/charts/processed/AMZN/AMZN_20200131_00832.png,0.0350457984866585,-0.0022899243329351,0
MSFT,2020-01-31,MSFT_20200131_00832,ml/datasets/charts/processed/MSFT/MSFT_20200131_00832.png,0.0802443752570052,0.024378781648358,1
NVDA,2020-01-31,NVDA_20200131_00832,ml/datasets/charts/processed/NVDA/NVDA_20200131_00832.png,0.0642978003384093,0.0169204737732655,1
AMZN,2020-02-03,AMZN_20200203_00833,ml/datasets/charts/processed/AMZN/AMZN_20200203_00833.png,0.0647639956092207,0.0226524298972159,1
MSFT,2020-02-03,MSFT_20200203_00833,ml/datasets/charts/processed/MSFT/MSFT_20200203_00833.png,0.082119509118018,0.0329166188783118,1
NVDA,2020-02-03,NVDA_20200203_00833,ml/datasets/charts/processed/NVDA/NVDA_20200203_00833.png,0.0931780366056573,0.0282861896838602,1
AMZN,2020-02-04,AMZN_20200204_00834,ml/datasets/charts/processed/AMZN/AMZN_20200204_00834.png,0.049375487900078,-0.0047814207650274,0
MSFT,2020-02-04,MSFT_20200204_00834,ml/datasets/charts/processed/MSFT/MSFT_20200204_00834.png,0.0239840106595603,-0.0012214079502553,0
NVDA,2020-02-04,NVDA_20200204_00834,ml/datasets/charts/processed/NVDA/NVDA_20200204_00834.png,0.0841423948220065,0.0145631067961164,1
AMZN,2020-02-05,AMZN_20200205_00835,ml/datasets/charts/processed/AMZN/AMZN_20200205_00835.png,0.0589273458182175,0.0050985390724582,1
MSFT,2020-02-05,MSFT_20200205_00835,ml/datasets/charts/processed/MSFT/MSFT_20200205_00835.png,0.0267370761534184,0.0207337409672039,1
NVDA,2020-02-05,NVDA_20200205_00835,ml/datasets/charts/processed/NVDA/NVDA_20200205_00835.png,0.0861244019138756,0.0143540669856461,1
AMZN,2020-02-06,AMZN_20200206_00836,ml/datasets/charts/processed/AMZN/AMZN_20200206_00836.png,0.0485806262803627,0.0141449614671738,1
MSFT,2020-02-06,MSFT_20200206_00836,ml/datasets/charts/processed/MSFT/MSFT_20200206_00836.png,0.0004356586614389,0.0014158906496759,1
NVDA,2020-02-06,NVDA_20200206_00836,ml/datasets/charts/processed/NVDA/NVDA_20200206_00836.png,0.0644654088050313,-0.0110062893081761,0
AMZN,2020-02-07,AMZN_20200207_00837,ml/datasets/charts/processed/AMZN/AMZN_20200207_00837.png,0.0267410542516353,0.0263562908811081,1
MSFT,2020-02-07,MSFT_20200207_00837,ml/datasets/charts/processed/MSFT/MSFT_20200207_00837.png,0.0079395290662895,0.0261569416498994,1
NVDA,2020-02-07,NVDA_20200207_00837,ml/datasets/charts/processed/NVDA/NVDA_20200207_00837.png,0.1510333863275039,0.0445151033386328,1
AMZN,2020-02-10,AMZN_20200210_00838,ml/datasets/charts/processed/AMZN/AMZN_20200210_00838.png,0.0101218369259605,0.0078725398313026,1
MSFT,2020-02-10,MSFT_20200210_00838,ml/datasets/charts/processed/MSFT/MSFT_20200210_00838.png,-0.0077901430842607,-0.0225755166931637,0
NVDA,2020-02-10,NVDA_20200210_00838,ml/datasets/charts/processed/NVDA/NVDA_20200210_00838.png,0.1278538812785388,0.0197869101978691,1
AMZN,2020-02-11,AMZN_20200211_00839,ml/datasets/charts/processed/AMZN/AMZN_20200211_00839.png,0.0090198995722521,0.0042774781476659,1
MSFT,2020-02-11,MSFT_20200211_00839,ml/datasets/charts/processed/MSFT/MSFT_20200211_00839.png,0.0153979613966601,0.0014638906961614,1
NVDA,2020-02-11,NVDA_20200211_00839,ml/datasets/charts/processed/NVDA/NVDA_20200211_00839.png,0.1746268656716418,0.016417910447761,1
AMZN,2020-02-12,AMZN_20200212_00840,ml/datasets/charts/processed/AMZN/AMZN_20200212_00840.png,-0.0031481481481482,-0.0047222222222222,0
MSFT,2020-02-12,MSFT_20200212_00840,ml/datasets/charts/processed/MSFT/MSFT_20200212_00840.png,-0.0015700286936279,-0.0054138920469926,0
NVDA,2020-02-12,NVDA_20200212_00840,ml/datasets/charts/processed/NVDA/NVDA_20200212_00840.png,0.133627019089574,-0.0058737151248164,0
AMZN,2020-02-13,AMZN_20200213_00841,ml/datasets/charts/processed/AMZN/AMZN_20200213_00841.png,-0.0250255837752348,-0.0069773932458833,0
MSFT,2020-02-13,MSFT_20200213_00841,ml/datasets/charts/processed/MSFT/MSFT_20200213_00841.png,-0.0278700125197322,0.0089271133852266,1
NVDA,2020-02-13,NVDA_20200213_00841,ml/datasets/charts/processed/NVDA/NVDA_20200213_00841.png,0.0856720827178729,0.0694239290989662,1
AMZN,2020-02-14,AMZN_20200214_00842,ml/datasets/charts/processed/AMZN/AMZN_20200214_00842.png,-0.0588345512460183,0.0097433014802323,1
MSFT,2020-02-14,MSFT_20200214_00842,ml/datasets/charts/processed/MSFT/MSFT_20200214_00842.png,-0.0780145670353386,0.0101429727542488,1
NVDA,2020-02-14,NVDA_20200214_00842,ml/datasets/charts/processed/NVDA/NVDA_20200214_00842.png,-0.0566298342541436,0.0234806629834254,1
AMZN,2020-02-18,AMZN_20200218_00843,ml/datasets/charts/processed/AMZN/AMZN_20200218_00843.png,-0.0848023752087585,0.0067730562256449,1
MSFT,2020-02-18,MSFT_20200218_00843,ml/datasets/charts/processed/MSFT/MSFT_20200218_00843.png,-0.1023340276665064,0.0002670512204241,1
NVDA,2020-02-18,NVDA_20200218_00843,ml/datasets/charts/processed/NVDA/NVDA_20200218_00843.png,-0.116059379217274,0.0620782726045883,1
AMZN,2020-02-19,AMZN_20200219_00844,ml/datasets/charts/processed/AMZN/AMZN_20200219_00844.png,-0.0878260068196479,-0.0078333794120358,0
MSFT,2020-02-19,MSFT_20200219_00844,ml/datasets/charts/processed/MSFT/MSFT_20200219_00844.png,-0.0913605296881675,-0.0152712516018795,0
NVDA,2020-02-19,NVDA_20200219_00844,ml/datasets/charts/processed/NVDA/NVDA_20200219_00844.png,-0.1499364675984752,-0.0190597204574333,0
AMZN,2020-02-20,AMZN_20200220_00845,ml/datasets/charts/processed/AMZN/AMZN_20200220_00845.png,-0.1248374512353706,-0.0265651123908601,0
MSFT,2020-02-20,MSFT_20200220_00845,ml/datasets/charts/processed/MSFT/MSFT_20200220_00845.png,-0.1422839171456457,-0.0316126233597222,0
NVDA,2020-02-20,NVDA_20200220_00845,ml/datasets/charts/processed/NVDA/NVDA_20200220_00845.png,-0.1813471502590673,-0.0479274611398964,0
AMZN,2020-02-21,AMZN_20200221_00846,ml/datasets/charts/processed/AMZN/AMZN_20200221_00846.png,-0.1012404580152671,-0.041412213740458,0
MSFT,2020-02-21,MSFT_20200221_00846,ml/datasets/charts/processed/MSFT/MSFT_20200221_00846.png,-0.0928383448121396,-0.0431155159863375,0
NVDA,2020-02-21,NVDA_20200221_00846,ml/datasets/charts/processed/NVDA/NVDA_20200221_00846.png,-0.0816326530612244,-0.0707482993197278,0
AMZN,2020-02-24,AMZN_20200224_00847,ml/datasets/charts/processed/AMZN/AMZN_20200224_00847.png,-0.0274736213418275,-0.0181166633485964,0
MSFT,2020-02-24,MSFT_20200224_00847,ml/datasets/charts/processed/MSFT/MSFT_20200224_00847.png,0.0111182632102522,-0.0165018432910059,0
NVDA,2020-02-24,NVDA_20200224_00847,ml/datasets/charts/processed/NVDA/NVDA_20200224_00847.png,0.0117130307467057,-0.0409956076134699,0
AMZN,2020-02-25,AMZN_20200225_00848,ml/datasets/charts/processed/AMZN/AMZN_20200225_00848.png,-0.0323398215733982,0.0034468775344687,1
MSFT,2020-02-25,MSFT_20200225_00848,ml/datasets/charts/processed/MSFT/MSFT_20200225_00848.png,-0.0211816505027667,0.0124947938359016,1
NVDA,2020-02-25,NVDA_20200225_00848,ml/datasets/charts/processed/NVDA/NVDA_20200225_00848.png,0.0152671755725191,0.0213740458015267,1
AMZN,2020-02-26,AMZN_20200226_00849,ml/datasets/charts/processed/AMZN/AMZN_20200226_00849.png,-0.0019195797130733,-0.048090523338048,0
MSFT,2020-02-26,MSFT_20200226_00849,ml/datasets/charts/processed/MSFT/MSFT_20200226_00849.png,0.0022330610565906,-0.0704589528118938,0
NVDA,2020-02-26,NVDA_20200226_00849,ml/datasets/charts/processed/NVDA/NVDA_20200226_00849.png,0.0627802690582959,-0.0553064275037369,0
AMZN,2020-02-27,AMZN_20200227_00850,ml/datasets/charts/processed/AMZN/AMZN_20200227_00850.png,0.0210146465718532,-0.0003184037359371,0
MSFT,2020-02-27,MSFT_20200227_00850,ml/datasets/charts/processed/MSFT/MSFT_20200227_00850.png,0.0511442660260463,0.024212921987609,1
NVDA,2020-02-27,NVDA_20200227_00850,ml/datasets/charts/processed/NVDA/NVDA_20200227_00850.png,0.0806962025316455,0.0680379746835442,1
AMZN,2020-02-28,AMZN_20200228_00851,ml/datasets/charts/processed/AMZN/AMZN_20200228_00851.png,0.0091304809427752,0.0372651024524897,1
MSFT,2020-02-28,MSFT_20200228_00851,ml/datasets/charts/processed/MSFT/MSFT_20200228_00851.png,-0.0027158817356953,0.0665391025245354,1
NVDA,2020-02-28,NVDA_20200228_00851,ml/datasets/charts/processed/NVDA/NVDA_20200228_00851.png,-0.0148148148148147,0.0237037037037037,1
AMZN,2020-03-02,AMZN_20200302_00852,ml/datasets/charts/processed/AMZN/AMZN_20200302_00852.png,-0.0785056294779938,-0.0230296827021494,0
MSFT,2020-03-02,MSFT_20200302_00852,ml/datasets/charts/processed/MSFT/MSFT_20200302_00852.png,-0.1283060362289483,-0.0479194397823947,0
NVDA,2020-03-02,NVDA_20200302_00852,ml/datasets/charts/processed/NVDA/NVDA_20200302_00852.png,-0.1114327062228655,-0.0376266280752531,0
AMZN,2020-03-03,AMZN_20200303_00853,ml/datasets/charts/processed/AMZN/AMZN_20200303_00853.png,-0.0090099528548978,0.0349921424829753,1
MSFT,2020-03-03,MSFT_20200303_00853,ml/datasets/charts/processed/MSFT/MSFT_20200303_00853.png,-0.0218223816181387,0.0367150933073978,1
NVDA,2020-03-03,NVDA_20200303_00853,ml/datasets/charts/processed/NVDA/NVDA_20200303_00853.png,-0.0180451127819548,0.069172932330827,1
AMZN,2020-03-04,AMZN_20200304_00854,ml/datasets/charts/processed/AMZN/AMZN_20200304_00854.png,-0.0784492357526065,-0.0262172284644195,0
MSFT,2020-03-04,MSFT_20200304_00854,ml/datasets/charts/processed/MSFT/MSFT_20200304_00854.png,-0.0992084432717679,-0.0250952799765464,0
NVDA,2020-03-04,NVDA_20200304_00854,ml/datasets/charts/processed/NVDA/NVDA_20200304_00854.png,-0.1336146272855134,-0.0393811533052039,0
AMZN,2020-03-05,AMZN_20200305_00855,ml/datasets/charts/processed/AMZN/AMZN_20200305_00855.png,-0.1285862785862785,-0.0119542619542619,0
MSFT,2020-03-05,MSFT_20200305_00855,ml/datasets/charts/processed/MSFT/MSFT_20200305_00855.png,-0.1636494857761472,-0.0282672761171589,0
NVDA,2020-03-05,NVDA_20200305_00855,ml/datasets/charts/processed/NVDA/NVDA_20200305_00855.png,-0.2079062957540263,-0.0263543191800877,0
AMZN,2020-03-06,AMZN_20200306_00856,ml/datasets/charts/processed/AMZN/AMZN_20200306_00856.png,-0.0610205155181483,-0.052814308258811,0
MSFT,2020-03-06,MSFT_20200306_00856,ml/datasets/charts/processed/MSFT/MSFT_20200306_00856.png,-0.0169585937983535,-0.0677724825153184,0
NVDA,2020-03-06,NVDA_20200306_00856,ml/datasets/charts/processed/NVDA/NVDA_20200306_00856.png,-0.0947368421052632,-0.0766917293233083,0
AMZN,2020-03-09,AMZN_20200309_00857,ml/datasets/charts/processed/AMZN/AMZN_20200309_00857.png,-0.0618682661335111,0.0506497834055315,1
MSFT,2020-03-09,MSFT_20200309_00857,ml/datasets/charts/processed/MSFT/MSFT_20200309_00857.png,-0.1009162129863233,0.0683840127473109,1
NVDA,2020-03-09,NVDA_20200309_00857,ml/datasets/charts/processed/NVDA/NVDA_20200309_00857.png,-0.2003257328990227,0.0635179153094462,1
AMZN,2020-03-10,AMZN_20200310_00858,ml/datasets/charts/processed/AMZN/AMZN_20200310_00858.png,-0.0444021566761814,-0.037530394333439,0
MSFT,2020-03-10,MSFT_20200310_00858,ml/datasets/charts/processed/MSFT/MSFT_20200310_00858.png,-0.0891747452150136,-0.0453020134228187,0
NVDA,2020-03-10,NVDA_20200310_00858,ml/datasets/charts/processed/NVDA/NVDA_20200310_00858.png,-0.1684532924961715,-0.0566615620214395,0
AMZN,2020-03-11,AMZN_20200311_00859,ml/datasets/charts/processed/AMZN/AMZN_20200311_00859.png,0.0050527240773285,-0.0791959578207381,0
MSFT,2020-03-11,MSFT_20200311_00859,ml/datasets/charts/processed/MSFT/MSFT_20200311_00859.png,-0.0861159929701229,-0.0948382477380719,0
NVDA,2020-03-11,NVDA_20200311_00859,ml/datasets/charts/processed/NVDA/NVDA_20200311_00859.png,-0.1769480519480519,-0.1217532467532467,0
AMZN,2020-03-12,AMZN_20200312_00860,ml/datasets/charts/processed/AMZN/AMZN_20200312_00860.png,0.1219133961588929,0.064654658236908,1
MSFT,2020-03-12,MSFT_20200312_00860,ml/datasets/charts/processed/MSFT/MSFT_20200312_00860.png,0.0262476628793326,0.1421688479792895,1
NVDA,2020-03-12,NVDA_20200312_00860,ml/datasets/charts/processed/NVDA/NVDA_20200312_00860.png,-0.0166358595194084,0.1127541589648797,1
AMZN,2020-03-13,AMZN_20200313_00861,ml/datasets/charts/processed/AMZN/AMZN_20200313_00861.png,0.0341736694677869,-0.0536694677871149,0
MSFT,2020-03-13,MSFT_20200313_00861,ml/datasets/charts/processed/MSFT/MSFT_20200313_00861.png,-0.1352389347100674,-0.1473902915066425,0
NVDA,2020-03-13,NVDA_20200313_00861,ml/datasets/charts/processed/NVDA/NVDA_20200313_00861.png,-0.1461794019933554,-0.1843853820598006,0
AMZN,2020-03-16,AMZN_20200316_00862,ml/datasets/charts/processed/AMZN/AMZN_20200316_00862.png,0.1264503907174994,0.0702107506511959,1
MSFT,2020-03-16,MSFT_20200316_00862,ml/datasets/charts/processed/MSFT/MSFT_20200316_00862.png,0.0041352828238074,0.0823364347954511,1
NVDA,2020-03-16,NVDA_20200316_00862,ml/datasets/charts/processed/NVDA/NVDA_20200316_00862.png,0.0835030549898168,0.105906313645621,1
AMZN,2020-03-17,AMZN_20200317_00863,ml/datasets/charts/processed/AMZN/AMZN_20200317_00863.png,0.0731275583582253,0.0122801194822435,1
MSFT,2020-03-17,MSFT_20200317_00863,ml/datasets/charts/processed/MSFT/MSFT_20200317_00863.png,0.0120761410929932,-0.0420959268608854,0
NVDA,2020-03-17,NVDA_20200317_00863,ml/datasets/charts/processed/NVDA/NVDA_20200317_00863.png,0.1473296500920811,-0.0662983425414364,0
AMZN,2020-03-18,AMZN_20200318_00864,ml/datasets/charts/processed/AMZN/AMZN_20200318_00864.png,0.0304918032786885,0.0278688524590162,1
MSFT,2020-03-18,MSFT_20200318_00864,ml/datasets/charts/processed/MSFT/MSFT_20200318_00864.png,0.0464387464387463,0.0164529914529913,1
NVDA,2020-03-18,NVDA_20200318_00864,ml/datasets/charts/processed/NVDA/NVDA_20200318_00864.png,0.2110453648915187,0.0493096646942801,1
AMZN,2020-03-19,AMZN_20200319_00865,ml/datasets/charts/processed/AMZN/AMZN_20200319_00865.png,0.0395534290271131,-0.0186071238702817,0
MSFT,2020-03-19,MSFT_20200319_00865,ml/datasets/charts/processed/MSFT/MSFT_20200319_00865.png,0.0938967136150235,-0.0375586854460094,0
NVDA,2020-03-19,NVDA_20200319_00865,ml/datasets/charts/processed/NVDA/NVDA_20200319_00865.png,0.2086466165413532,-0.0338345864661655,0
AMZN,2020-03-20,AMZN_20200320_00866,ml/datasets/charts/processed/AMZN/AMZN_20200320_00866.png,0.029252437703142,0.0307692307692308,1
MSFT,2020-03-20,MSFT_20200320_00866,ml/datasets/charts/processed/MSFT/MSFT_20200320_00866.png,0.0899162722970512,-0.0099745176556244,0
NVDA,2020-03-20,NVDA_20200320_00866,ml/datasets/charts/processed/NVDA/NVDA_20200320_00866.png,0.2295719844357977,0.0350194552529183,1
AMZN,2020-03-23,AMZN_20200323_00867,ml/datasets/charts/processed/AMZN/AMZN_20200323_00867.png,0.0321631280218626,0.01955013664074,1
MSFT,2020-03-23,MSFT_20200323_00867,ml/datasets/charts/processed/MSFT/MSFT_20200323_00867.png,0.1783350492719517,0.0908957199588176,1
NVDA,2020-03-23,NVDA_20200323_00867,ml/datasets/charts/processed/NVDA/NVDA_20200323_00867.png,0.2481203007518795,0.1710526315789473,1
AMZN,2020-03-24,AMZN_20200324_00868,ml/datasets/charts/processed/AMZN/AMZN_20200324_00868.png,0.0050515463917524,-0.0279381443298968,0
MSFT,2020-03-24,MSFT_20200324_00868,ml/datasets/charts/processed/MSFT/MSFT_20200324_00868.png,0.0631657004179588,-0.0095726034784954,0
NVDA,2020-03-24,NVDA_20200324_00868,ml/datasets/charts/processed/NVDA/NVDA_20200324_00868.png,0.057784911717496,-0.0144462279293741,0
AMZN,2020-03-25,AMZN_20200325_00869,ml/datasets/charts/processed/AMZN/AMZN_20200325_00869.png,0.0116661363877399,0.0369074132993954,1
MSFT,2020-03-25,MSFT_20200325_00869,ml/datasets/charts/processed/MSFT/MSFT_20200325_00869.png,0.0353253471276886,0.062551048189491,1
NVDA,2020-03-25,NVDA_20200325_00869,ml/datasets/charts/processed/NVDA/NVDA_20200325_00869.png,-0.0097719869706839,0.0472312703583062,1
AMZN,2020-03-26,AMZN_20200326_00870,ml/datasets/charts/processed/AMZN/AMZN_20200326_00870.png,-0.0187173979748388,-0.0283317991203845,0
MSFT,2020-03-26,MSFT_20200326_00870,ml/datasets/charts/processed/MSFT/MSFT_20200326_00870.png,-0.0054448786112357,-0.0410607904682597,0
NVDA,2020-03-26,NVDA_20200326_00870,ml/datasets/charts/processed/NVDA/NVDA_20200326_00870.png,-0.0062208398133748,-0.0171073094867806,0
AMZN,2020-03-27,AMZN_20200327_00871,ml/datasets/charts/processed/AMZN/AMZN_20200327_00871.png,0.0034736842105262,0.0336842105263157,1
MSFT,2020-03-27,MSFT_20200327_00871,ml/datasets/charts/processed/MSFT/MSFT_20200327_00871.png,0.0275885103540416,0.0703406813627254,1
NVDA,2020-03-27,NVDA_20200327_00871,ml/datasets/charts/processed/NVDA/NVDA_20200327_00871.png,-0.0348101265822785,0.0506329113924048,1
AMZN,2020-03-30,AMZN_20200330_00872,ml/datasets/charts/processed/AMZN/AMZN_20200330_00872.png,0.0171079429735232,-0.0072301425661914,0
MSFT,2020-03-30,MSFT_20200330_00872,ml/datasets/charts/processed/MSFT/MSFT_20200330_00872.png,0.0314547837483618,-0.0157273918741807,0
NVDA,2020-03-30,NVDA_20200330_00872,ml/datasets/charts/processed/NVDA/NVDA_20200330_00872.png,0.0105421686746989,-0.0075301204819276,0
AMZN,2020-03-31,AMZN_20200331_00873,ml/datasets/charts/processed/AMZN/AMZN_20200331_00873.png,0.0316955585188225,-0.0215406708380345,0
MSFT,2020-03-31,MSFT_20200331_00873,ml/datasets/charts/processed/MSFT/MSFT_20200331_00873.png,0.0366495466362311,-0.035508211273857,0
NVDA,2020-03-31,NVDA_20200331_00873,ml/datasets/charts/processed/NVDA/NVDA_20200331_00873.png,-0.0166919575113807,-0.077389984825493,0
AMZN,2020-04-01,AMZN_20200401_00874,ml/datasets/charts/processed/AMZN/AMZN_20200401_00874.png,0.0708669671873363,0.0057658035433483,1
MSFT,2020-04-01,MSFT_20200401_00874,ml/datasets/charts/processed/MSFT/MSFT_20200401_00874.png,0.0855959502991254,0.0207086976530141,1
NVDA,2020-04-01,NVDA_20200401_00874,ml/datasets/charts/processed/NVDA/NVDA_20200401_00874.png,0.0970394736842104,0.050986842105263,1
AMZN,2020-04-02,AMZN_20200402_00875,ml/datasets/charts/processed/AMZN/AMZN_20200402_00875.png,0.0646237231603086,-0.0063581405044819,0
MSFT,2020-04-02,MSFT_20200402_00875,ml/datasets/charts/processed/MSFT/MSFT_20200402_00875.png,0.0636351925801881,-0.0092103568208165,0
NVDA,2020-04-02,NVDA_20200402_00875,ml/datasets/charts/processed/NVDA/NVDA_20200402_00875.png,0.0281690140845072,-0.0453834115805946,0
AMZN,2020-04-03,AMZN_20200403_00876,ml/datasets/charts/processed/AMZN/AMZN_20200403_00876.png,0.1375222909891953,0.0477289415713835,1
MSFT,2020-04-03,MSFT_20200403_00876,ml/datasets/charts/processed/MSFT/MSFT_20200403_00876.png,0.0759279724371058,0.0743678086199051,1
NVDA,2020-04-03,NVDA_20200403_00876,ml/datasets/charts/processed/NVDA/NVDA_20200403_00876.png,0.1065573770491803,0.1,1
AMZN,2020-04-06,AMZN_20200406_00877,ml/datasets/charts/processed/AMZN/AMZN_20200406_00877.png,0.1430716860232279,0.0070084100921106,1
MSFT,2020-04-06,MSFT_20200406_00877,ml/datasets/charts/processed/MSFT/MSFT_20200406_00877.png,0.0510074423670356,-0.0107702547346766,0
NVDA,2020-04-06,NVDA_20200406_00877,ml/datasets/charts/processed/NVDA/NVDA_20200406_00877.png,0.0581222056631891,-0.0342771982116243,0
AMZN,2020-04-07,AMZN_20200407_00878,ml/datasets/charts/processed/AMZN/AMZN_20200407_00878.png,0.1471465500099422,0.0156094651024061,1
MSFT,2020-04-07,MSFT_20200407_00878,ml/datasets/charts/processed/MSFT/MSFT_20200407_00878.png,0.0513181234326258,0.010031194568475,1
NVDA,2020-04-07,NVDA_20200407_00878,ml/datasets/charts/processed/NVDA/NVDA_20200407_00878.png,0.0833333333333332,0.029320987654321,1
AMZN,2020-04-08,AMZN_20200408_00879,ml/datasets/charts/processed/AMZN/AMZN_20200408_00879.png,0.1787567302985804,-9.789525208037107e-05,0
MSFT,2020-04-08,MSFT_20200408_00879,ml/datasets/charts/processed/MSFT/MSFT_20200408_00879.png,0.0721249924302065,6.0558347968253656e-05,1
NVDA,2020-04-08,NVDA_20200408_00879,ml/datasets/charts/processed/NVDA/NVDA_20200408_00879.png,0.1049475262368815,-0.0149925037481258,0
AMZN,2020-04-09,AMZN_20200409_00880,ml/datasets/charts/processed/AMZN/AMZN_20200409_00880.png,0.1626199334247111,0.0616800469943215,1
MSFT,2020-04-09,MSFT_20200409_00880,ml/datasets/charts/processed/MSFT/MSFT_20200409_00880.png,0.0815066004602156,0.0022405231924427,1
NVDA,2020-04-09,NVDA_20200409_00880,ml/datasets/charts/processed/NVDA/NVDA_20200409_00880.png,0.1126331811263317,0.0273972602739724,1
AMZN,2020-04-13,AMZN_20200413_00881,ml/datasets/charts/processed/AMZN/AMZN_20200413_00881.png,0.1036517890077464,0.0528402803393581,1
MSFT,2020-04-13,MSFT_20200413_00881,ml/datasets/charts/processed/MSFT/MSFT_20200413_00881.png,0.0577004410609631,0.0494834148994018,1
NVDA,2020-04-13,NVDA_20200413_00881,ml/datasets/charts/processed/NVDA/NVDA_20200413_00881.png,0.0637037037037036,0.0518518518518518,1
AMZN,2020-04-14,AMZN_20200414_00882,ml/datasets/charts/processed/AMZN/AMZN_20200414_00882.png,0.0196198651134273,0.0105982307085923,1
MSFT,2020-04-14,MSFT_20200414_00882,ml/datasets/charts/processed/MSFT/MSFT_20200414_00882.png,-0.0338514680483592,-0.0104778353483016,0
NVDA,2020-04-14,NVDA_20200414_00882,ml/datasets/charts/processed/NVDA/NVDA_20200414_00882.png,-0.0507042253521126,-0.0112676056338028,0
AMZN,2020-04-15,AMZN_20200415_00883,ml/datasets/charts/processed/AMZN/AMZN_20200415_00883.png,0.0241809672386896,0.0435950771364188,1
MSFT,2020-04-15,MSFT_20200415_00883,ml/datasets/charts/processed/MSFT/MSFT_20200415_00883.png,0.0095415406097278,0.0300209448452408,1
NVDA,2020-04-15,NVDA_20200415_00883,ml/datasets/charts/processed/NVDA/NVDA_20200415_00883.png,0.0185185185185186,0.0498575498575499,1
AMZN,2020-04-16,AMZN_20200416_00884,ml/datasets/charts/processed/AMZN/AMZN_20200416_00884.png,-0.0036541815463831,-0.0137862303795365,0
MSFT,2020-04-16,MSFT_20200416_00884,ml/datasets/charts/processed/MSFT/MSFT_20200416_00884.png,-0.0317442385901491,0.00881156800723,1
NVDA,2020-04-16,NVDA_20200416_00884,ml/datasets/charts/processed/NVDA/NVDA_20200416_00884.png,-0.0366350067842605,-0.0081411126187246,0
AMZN,2020-04-17,AMZN_20200417_00885,ml/datasets/charts/processed/AMZN/AMZN_20200417_00885.png,0.014821052631579,0.0078315789473684,1
MSFT,2020-04-17,MSFT_20200417_00885,ml/datasets/charts/processed/MSFT/MSFT_20200417_00885.png,-0.022676371780515,-0.0198208286674131,0
NVDA,2020-04-17,NVDA_20200417_00885,ml/datasets/charts/processed/NVDA/NVDA_20200417_00885.png,-0.0095759233926128,-0.0177838577291381,0
AMZN,2020-04-20,AMZN_20200420_00886,ml/datasets/charts/processed/AMZN/AMZN_20200420_00886.png,-0.0073529411764706,-0.0273228609625669,0
MSFT,2020-04-20,MSFT_20200420_00886,ml/datasets/charts/processed/MSFT/MSFT_20200420_00886.png,-0.0057694504741231,-0.0413572489432195,0
NVDA,2020-04-20,NVDA_20200420_00886,ml/datasets/charts/processed/NVDA/NVDA_20200420_00886.png,0.0348189415041781,-0.0612813370473537,0
AMZN,2020-04-21,AMZN_20200421_00887,ml/datasets/charts/processed/AMZN/AMZN_20200421_00887.png,-0.0060991323769434,0.0151189760329868,1
MSFT,2020-04-21,MSFT_20200421_00887,ml/datasets/charts/processed/MSFT/MSFT_20200421_00887.png,0.0118579430342034,0.0339649624597784,1
NVDA,2020-04-21,NVDA_20200421_00887,ml/datasets/charts/processed/NVDA/NVDA_20200421_00887.png,0.0801186943620178,0.0608308605341245,1
AMZN,2020-04-22,AMZN_20200422_00888,ml/datasets/charts/processed/AMZN/AMZN_20200422_00888.png,0.0039773208090039,0.0152322924600152,1
MSFT,2020-04-22,MSFT_20200422_00888,ml/datasets/charts/processed/MSFT/MSFT_20200422_00888.png,0.0225334255417242,-0.0121023513139697,0
NVDA,2020-04-22,NVDA_20200422_00888,ml/datasets/charts/processed/NVDA/NVDA_20200422_00888.png,0.0433566433566432,-0.006993006993007,0
AMZN,2020-04-23,AMZN_20200423_00889,ml/datasets/charts/processed/AMZN/AMZN_20200423_00889.png,0.0310911061098608,0.0045011252813202,1
MSFT,2020-04-23,MSFT_20200423_00889,ml/datasets/charts/processed/MSFT/MSFT_20200423_00889.png,0.0454439388636098,0.0182592462956483,1
NVDA,2020-04-23,NVDA_20200423_00889,ml/datasets/charts/processed/NVDA/NVDA_20200423_00889.png,0.0295774647887323,0.0197183098591549,1
AMZN,2020-04-24,AMZN_20200424_00890,ml/datasets/charts/processed/AMZN/AMZN_20200424_00890.png,-0.0515309932785661,-0.0141896938013443,0
MSFT,2020-04-24,MSFT_20200424_00890,ml/datasets/charts/processed/MSFT/MSFT_20200424_00890.png,0.0001145803494699,-0.0028645087367515,0
NVDA,2020-04-24,NVDA_20200424_00890,ml/datasets/charts/processed/NVDA/NVDA_20200424_00890.png,-0.0234806629834254,0.0262430939226518,1
AMZN,2020-04-27,AMZN_20200427_00891,ml/datasets/charts/processed/AMZN/AMZN_20200427_00891.png,-0.0252525252525253,-0.026094276094276,0
MSFT,2020-04-27,MSFT_20200427_00891,ml/datasets/charts/processed/MSFT/MSFT_20200427_00891.png,0.027520827348463,-0.0243608158575122,0
NVDA,2020-04-27,NVDA_20200427_00891,ml/datasets/charts/processed/NVDA/NVDA_20200427_00891.png,-0.0201884253028262,-0.0201884253028262,0
AMZN,2020-04-28,AMZN_20200428_00892,ml/datasets/charts/processed/AMZN/AMZN_20200428_00892.png,0.0016421780466724,0.0254105445116681,1
MSFT,2020-04-28,MSFT_20200428_00892,ml/datasets/charts/processed/MSFT/MSFT_20200428_00892.png,0.0644838348742711,0.0448736823508628,1
NVDA,2020-04-28,NVDA_20200428_00892,ml/datasets/charts/processed/NVDA/NVDA_20200428_00892.png,0.0082417582417582,0.0247252747252746,1
AMZN,2020-04-29,AMZN_20200429_00893,ml/datasets/charts/processed/AMZN/AMZN_20200429_00893.png,-0.0091031692515172,0.0426500337154416,1
MSFT,2020-04-29,MSFT_20200429_00893,ml/datasets/charts/processed/MSFT/MSFT_20200429_00893.png,0.0288000901764076,0.0100321253452064,1
NVDA,2020-04-29,NVDA_20200429_00893,ml/datasets/charts/processed/NVDA/NVDA_20200429_00893.png,-0.0026809651474529,-0.0201072386058981,0
AMZN,2020-04-30,AMZN_20200430_00894,ml/datasets/charts/processed/AMZN/AMZN_20200430_00894.png,-0.0430072756669361,-0.0759902991107518,0
MSFT,2020-04-30,MSFT_20200430_00894,ml/datasets/charts/processed/MSFT/MSFT_20200430_00894.png,0.0244964008704871,-0.025891412309581,0
NVDA,2020-04-30,NVDA_20200430_00894,ml/datasets/charts/processed/NVDA/NVDA_20200430_00894.png,0.0424076607387142,-0.0328317373461011,0
AMZN,2020-05-01,AMZN_20200501_00895,ml/datasets/charts/processed/AMZN/AMZN_20200501_00895.png,0.0409448818897637,0.0131233595800523,1
MSFT,2020-05-01,MSFT_20200501_00895,ml/datasets/charts/processed/MSFT/MSFT_20200501_00895.png,0.0579137308815949,0.0244601019648278,1
NVDA,2020-05-01,NVDA_20200501_00895,ml/datasets/charts/processed/NVDA/NVDA_20200501_00895.png,0.1046676096181045,0.0297029702970297,1
AMZN,2020-05-04,AMZN_20200504_00896,ml/datasets/charts/processed/AMZN/AMZN_20200504_00896.png,0.0401554404145079,0.0007772020725389,1
MSFT,2020-05-04,MSFT_20200504_00896,ml/datasets/charts/processed/MSFT/MSFT_20200504_00896.png,0.0441735629613062,0.0107358532766719,1
NVDA,2020-05-04,NVDA_20200504_00896,ml/datasets/charts/processed/NVDA/NVDA_20200504_00896.png,0.1085164835164835,0.0082417582417582,1
AMZN,2020-05-05,AMZN_20200505_00897,ml/datasets/charts/processed/AMZN/AMZN_20200505_00897.png,0.0169125895245489,0.0144102165846924,1
MSFT,2020-05-05,MSFT_20200505_00897,ml/datasets/charts/processed/MSFT/MSFT_20200505_00897.png,0.0096813454304049,0.0098473113520689,1
NVDA,2020-05-05,NVDA_20200505_00897,ml/datasets/charts/processed/NVDA/NVDA_20200505_00897.png,0.0626702997275203,0.0136239782016349,1
AMZN,2020-05-06,AMZN_20200506_00898,ml/datasets/charts/processed/AMZN/AMZN_20200506_00898.png,0.0071452875127595,0.0069751616195985,1
MSFT,2020-05-06,MSFT_20200506_00898,ml/datasets/charts/processed/MSFT/MSFT_20200506_00898.png,-0.0152843212446586,0.0058069464227019,1
NVDA,2020-05-06,NVDA_20200506_00898,ml/datasets/charts/processed/NVDA/NVDA_20200506_00898.png,0.0456989247311827,0.0241935483870967,1
AMZN,2020-05-07,AMZN_20200507_00899,ml/datasets/charts/processed/AMZN/AMZN_20200507_00899.png,0.0089542152390607,0.0050684237202229,1
MSFT,2020-05-07,MSFT_20200507_00899,ml/datasets/charts/processed/MSFT/MSFT_20200507_00899.png,-0.0167211328976034,0.0058823529411764,1
NVDA,2020-05-07,NVDA_20200507_00899,ml/datasets/charts/processed/NVDA/NVDA_20200507_00899.png,0.0538057742782152,0.0249343832020996,1
AMZN,2020-05-08,AMZN_20200508_00900,ml/datasets/charts/processed/AMZN/AMZN_20200508_00900.png,0.0126912086064883,0.0123550176500251,1
MSFT,2020-05-08,MSFT_20200508_00900,ml/datasets/charts/processed/MSFT/MSFT_20200508_00900.png,-0.0082304526748971,0.0111544292830843,1
NVDA,2020-05-08,NVDA_20200508_00900,ml/datasets/charts/processed/NVDA/NVDA_20200508_00900.png,0.0870678617157492,0.0332906530089629,1
AMZN,2020-05-11,AMZN_20200511_00901,ml/datasets/charts/processed/AMZN/AMZN_20200511_00901.png,0.0071398920713989,-0.0215857202158572,0
MSFT,2020-05-11,MSFT_20200511_00901,ml/datasets/charts/processed/MSFT/MSFT_20200511_00901.png,-0.0097997215379672,-0.0226518153582522,0
NVDA,2020-05-11,NVDA_20200511_00901,ml/datasets/charts/processed/NVDA/NVDA_20200511_00901.png,0.084262701363073,-0.033457249070632,0
AMZN,2020-05-12,AMZN_20200512_00902,ml/datasets/charts/processed/AMZN/AMZN_20200512_00902.png,0.0392023759015698,0.0046669495120916,1
MSFT,2020-05-12,MSFT_20200512_00902,ml/datasets/charts/processed/MSFT/MSFT_20200512_00902.png,0.0061366500465727,-0.01512245904334,0
NVDA,2020-05-12,NVDA_20200512_00902,ml/datasets/charts/processed/NVDA/NVDA_20200512_00902.png,0.1294871794871794,-0.0025641025641025,0
AMZN,2020-05-13,AMZN_20200513_00903,ml/datasets/charts/processed/AMZN/AMZN_20200513_00903.png,0.0548986486486486,0.0087837837837836,1
MSFT,2020-05-13,MSFT_20200513_00903,ml/datasets/charts/processed/MSFT/MSFT_20200513_00903.png,0.0328789986091793,0.0043393602225312,1
NVDA,2020-05-13,NVDA_20200513_00903,ml/datasets/charts/processed/NVDA/NVDA_20200513_00903.png,0.1529562982005141,0.0321336760925448,1
AMZN,2020-05-14,AMZN_20200514_00904,ml/datasets/charts/processed/AMZN/AMZN_20200514_00904.png,0.0242799732083054,0.0087910247823175,1
MSFT,2020-05-14,MSFT_20200514_00904,ml/datasets/charts/processed/MSFT/MSFT_20200514_00904.png,0.0160638121087908,0.0145682158090068,1
NVDA,2020-05-14,NVDA_20200514_00904,ml/datasets/charts/processed/NVDA/NVDA_20200514_00904.png,0.0933997509339974,0.0572851805728518,1
AMZN,2020-05-15,AMZN_20200515_00905,ml/datasets/charts/processed/AMZN/AMZN_20200515_00905.png,0.0112042493152959,0.0068055440285501,1
MSFT,2020-05-15,MSFT_20200515_00905,ml/datasets/charts/processed/MSFT/MSFT_20200515_00905.png,0.0019108975758899,0.0095544878794495,1
NVDA,2020-05-15,NVDA_20200515_00905,ml/datasets/charts/processed/NVDA/NVDA_20200515_00905.png,0.0636042402826855,0.0306242638398115,1
AMZN,2020-05-18,AMZN_20200518_00906,ml/datasets/charts/processed/AMZN/AMZN_20200518_00906.png,-0.0018135355700271,0.0095622784601434,1
MSFT,2020-05-18,MSFT_20200518_00906,ml/datasets/charts/processed/MSFT/MSFT_20200518_00906.png,-0.018062841382294,-0.0069222865177653,0
NVDA,2020-05-18,NVDA_20200518_00906,ml/datasets/charts/processed/NVDA/NVDA_20200518_00906.png,-0.0034285714285713,0.0068571428571428,1
AMZN,2020-05-19,AMZN_20200519_00907,ml/datasets/charts/processed/AMZN/AMZN_20200519_00907.png,-0.0159222666775536,0.0198415938597207,1
MSFT,2020-05-19,MSFT_20200519_00907,ml/datasets/charts/processed/MSFT/MSFT_20200519_00907.png,-0.0099112345477317,0.0110548385340085,1
NVDA,2020-05-19,NVDA_20200519_00907,ml/datasets/charts/processed/NVDA/NVDA_20200519_00907.png,-0.0317820658342793,0.0181611804767309,1
AMZN,2020-05-20,AMZN_20200520_00908,ml/datasets/charts/processed/AMZN/AMZN_20200520_00908.png,-0.0387510008006405,-0.0204963971176941,0
MSFT,2020-05-20,MSFT_20200520_00908,ml/datasets/charts/processed/MSFT/MSFT_20200520_00908.png,-0.0229451685877409,-0.0120112032748033,0
NVDA,2020-05-20,NVDA_20200520_00908,ml/datasets/charts/processed/NVDA/NVDA_20200520_00908.png,-0.0535117056856188,-0.0211817168338909,0
AMZN,2020-05-21,AMZN_20200521_00909,ml/datasets/charts/processed/AMZN/AMZN_20200521_00909.png,-0.0017982671244073,-0.0040869707372894,0
MSFT,2020-05-21,MSFT_20200521_00909,ml/datasets/charts/processed/MSFT/MSFT_20200521_00909.png,-0.0009813007686856,0.0004361336749711,1
NVDA,2020-05-21,NVDA_20200521_00909,ml/datasets/charts/processed/NVDA/NVDA_20200521_00909.png,0.0113895216400912,0.0284738041002277,1
AMZN,2020-05-22,AMZN_20200522_00910,ml/datasets/charts/processed/AMZN/AMZN_20200522_00910.png,0.0140347997373604,-0.0061556139198949,0
MSFT,2020-05-22,MSFT_20200522_00910,ml/datasets/charts/processed/MSFT/MSFT_20200522_00910.png,-0.0037055201351423,-0.0105716309737888,0
NVDA,2020-05-22,NVDA_20200522_00910,ml/datasets/charts/processed/NVDA/NVDA_20200522_00910.png,-0.0243632336655591,-0.0343300110741969,0
AMZN,2020-05-26,AMZN_20200526_00911,ml/datasets/charts/processed/AMZN/AMZN_20200526_00911.png,0.0208935502518787,-0.004707242546866,0
MSFT,2020-05-26,MSFT_20200526_00911,ml/datasets/charts/processed/MSFT/MSFT_20200526_00911.png,0.0183951093242276,0.0013218042628186,1
NVDA,2020-05-26,NVDA_20200526_00911,ml/datasets/charts/processed/NVDA/NVDA_20200526_00911.png,0.0126146788990824,-0.0217889908256881,0
AMZN,2020-05-27,AMZN_20200527_00912,ml/datasets/charts/processed/AMZN/AMZN_20200527_00912.png,0.028211085297046,-0.0038167938931297,0
MSFT,2020-05-27,MSFT_20200527_00912,ml/datasets/charts/processed/MSFT/MSFT_20200527_00912.png,0.01952587866454,-0.0022551014795665,0
NVDA,2020-05-27,NVDA_20200527_00912,ml/datasets/charts/processed/NVDA/NVDA_20200527_00912.png,0.0281359906213365,-0.0046893317702226,0
AMZN,2020-05-28,AMZN_20200528_00913,ml/datasets/charts/processed/AMZN/AMZN_20200528_00913.png,0.0247376311844078,0.0171580876228552,1
MSFT,2020-05-28,MSFT_20200528_00913,ml/datasets/charts/processed/MSFT/MSFT_20200528_00913.png,0.0083792723263504,0.0101984564498345,1
NVDA,2020-05-28,NVDA_20200528_00913,ml/datasets/charts/processed/NVDA/NVDA_20200528_00913.png,0.0329799764428739,0.0459363957597174,1
AMZN,2020-05-29,AMZN_20200529_00914,ml/datasets/charts/processed/AMZN/AMZN_20200529_00914.png,0.0166229937766131,0.0117097936455945,1
MSFT,2020-05-29,MSFT_20200529_00914,ml/datasets/charts/processed/MSFT/MSFT_20200529_00914.png,0.0215552523874487,-0.0022919508867665,0
NVDA,2020-05-29,NVDA_20200529_00914,ml/datasets/charts/processed/NVDA/NVDA_20200529_00914.png,0.0045045045045044,-0.0078828828828829,0
AMZN,2020-06-01,AMZN_20200601_00915,ml/datasets/charts/processed/AMZN/AMZN_20200601_00915.png,0.0214488061513558,0.0005665722379604,1
MSFT,2020-06-01,MSFT_20200601_00915,ml/datasets/charts/processed/MSFT/MSFT_20200601_00915.png,0.0302466772411529,0.0113766887272328,1
NVDA,2020-06-01,NVDA_20200601_00915,ml/datasets/charts/processed/NVDA/NVDA_20200601_00915.png,-0.0011350737797957,0.0022701475595914,1
AMZN,2020-06-02,AMZN_20200602_00916,ml/datasets/charts/processed/AMZN/AMZN_20200602_00916.png,0.0519333441190745,0.002426791781265,1
MSFT,2020-06-02,MSFT_20200602_00916,ml/datasets/charts/processed/MSFT/MSFT_20200602_00916.png,0.0264452977124007,0.002433616353902,1
NVDA,2020-06-02,NVDA_20200602_00916,ml/datasets/charts/processed/NVDA/NVDA_20200602_00916.png,0.0249150622876557,-0.0067950169875424,0
AMZN,2020-06-03,AMZN_20200603_00917,ml/datasets/charts/processed/AMZN/AMZN_20200603_00917.png,0.0681891542930923,-0.0071820529373789,0
MSFT,2020-06-03,MSFT_20200603_00917,ml/datasets/charts/processed/MSFT/MSFT_20200603_00917.png,0.0619335347432024,-0.0131635735865344,0
NVDA,2020-06-03,NVDA_20200603_00917,ml/datasets/charts/processed/NVDA/NVDA_20200603_00917.png,0.0684150513112884,0.0,0
AMZN,2020-06-04,AMZN_20200604_00918,ml/datasets/charts/processed/AMZN/AMZN_20200604_00918.png,0.0395838413395106,0.0091034706982038,1
MSFT,2020-06-04,MSFT_20200604_00918,ml/datasets/charts/processed/MSFT/MSFT_20200604_00918.png,0.0183140170566369,0.0233982068663896,1
NVDA,2020-06-04,NVDA_20200604_00918,ml/datasets/charts/processed/NVDA/NVDA_20200604_00918.png,0.0034207525655645,0.0171037628278221,1
AMZN,2020-06-05,AMZN_20200605_00919,ml/datasets/charts/processed/AMZN/AMZN_20200605_00919.png,0.0249697946033025,0.0165122835279902,1
MSFT,2020-06-05,MSFT_20200605_00919,ml/datasets/charts/processed/MSFT/MSFT_20200605_00919.png,0.0028846153846155,0.0061965811965813,1
NVDA,2020-06-05,NVDA_20200605_00919,ml/datasets/charts/processed/NVDA/NVDA_20200605_00919.png,0.0011210762331839,-0.0134529147982062,0
AMZN,2020-06-08,AMZN_20200608_00920,ml/datasets/charts/processed/AMZN/AMZN_20200608_00920.png,0.0192551505546749,0.0304278922345482,1
MSFT,2020-06-08,MSFT_20200608_00920,ml/datasets/charts/processed/MSFT/MSFT_20200608_00920.png,0.0030792100233594,0.0076449352304097,1
NVDA,2020-06-08,NVDA_20200608_00920,ml/datasets/charts/processed/NVDA/NVDA_20200608_00920.png,0.0420454545454545,0.0284090909090908,1
AMZN,2020-06-09,AMZN_20200609_00921,ml/datasets/charts/processed/AMZN/AMZN_20200609_00921.png,0.0055367579206397,0.0179175638265149,1
MSFT,2020-06-09,MSFT_20200609_00921,ml/datasets/charts/processed/MSFT/MSFT_20200609_00921.png,0.0198630136986299,0.0370916754478398,1
NVDA,2020-06-09,NVDA_20200609_00921,ml/datasets/charts/processed/NVDA/NVDA_20200609_00921.png,0.0022099447513812,0.0353591160220991,1
AMZN,2020-06-10,AMZN_20200610_00922,ml/datasets/charts/processed/AMZN/AMZN_20200610_00922.png,-0.0024174661932461,-0.0337689808869079,0
MSFT,2020-06-10,MSFT_20200610_00922,ml/datasets/charts/processed/MSFT/MSFT_20200610_00922.png,-0.0132086974192237,-0.0536984352773826,0
NVDA,2020-06-10,NVDA_20200610_00922,ml/datasets/charts/processed/NVDA/NVDA_20200610_00922.png,-0.0138740661686231,-0.0608324439701172,0
AMZN,2020-06-11,AMZN_20200611_00923,ml/datasets/charts/processed/AMZN/AMZN_20200611_00923.png,0.0375293197810788,-0.0050820953870212,0
MSFT,2020-06-11,MSFT_20200611_00923,ml/datasets/charts/processed/MSFT/MSFT_20200611_00923.png,0.0539539378321789,0.0078917700112739,1
NVDA,2020-06-11,NVDA_20200611_00923,ml/datasets/charts/processed/NVDA/NVDA_20200611_00923.png,0.0477272727272726,0.0147727272727271,1
AMZN,2020-06-12,AMZN_20200612_00924,ml/datasets/charts/processed/AMZN/AMZN_20200612_00924.png,0.0510805500982318,0.010844793713163,1
MSFT,2020-06-12,MSFT_20200612_00924,ml/datasets/charts/processed/MSFT/MSFT_20200612_00924.png,0.0394694790667944,0.0063918184723552,1
NVDA,2020-06-12,NVDA_20200612_00924,ml/datasets/charts/processed/NVDA/NVDA_20200612_00924.png,0.0369540873460245,0.0268756998880179,1
AMZN,2020-06-15,AMZN_20200615_00925,ml/datasets/charts/processed/AMZN/AMZN_20200615_00925.png,0.054886107439944,0.0165591230661588,1
MSFT,2020-06-15,MSFT_20200615_00925,ml/datasets/charts/processed/MSFT/MSFT_20200615_00925.png,0.0615539324653329,0.0245051339049433,1
NVDA,2020-06-15,NVDA_20200615_00925,ml/datasets/charts/processed/NVDA/NVDA_20200615_00925.png,0.0392584514721918,-0.0109051254089421,0
AMZN,2020-06-16,AMZN_20200616_00926,ml/datasets/charts/processed/AMZN/AMZN_20200616_00926.png,0.0570510859590089,0.0098654022636892,1
MSFT,2020-06-16,MSFT_20200616_00926,ml/datasets/charts/processed/MSFT/MSFT_20200616_00926.png,0.0430851888205816,0.0034612801570492,1
NVDA,2020-06-16,NVDA_20200616_00926,ml/datasets/charts/processed/NVDA/NVDA_20200616_00926.png,0.0418963616317529,0.0187431091510474,1
AMZN,2020-06-17,AMZN_20200617_00927,ml/datasets/charts/processed/AMZN/AMZN_20200617_00927.png,0.0353653918970087,0.0049223778871638,1
MSFT,2020-06-17,MSFT_20200617_00927,ml/datasets/charts/processed/MSFT/MSFT_20200617_00927.png,0.0185337726523888,0.0107084019769356,1
NVDA,2020-06-17,NVDA_20200617_00927,ml/datasets/charts/processed/NVDA/NVDA_20200617_00927.png,0.0,-0.0021645021645021,0
AMZN,2020-06-18,AMZN_20200618_00928,ml/datasets/charts/processed/AMZN/AMZN_20200618_00928.png,0.0379050489826677,0.0079125847776941,1
MSFT,2020-06-18,MSFT_20200618_00928,ml/datasets/charts/processed/MSFT/MSFT_20200618_00928.png,0.020476772616137,-0.0059596577017114,0
NVDA,2020-06-18,NVDA_20200618_00928,ml/datasets/charts/processed/NVDA/NVDA_20200618_00928.png,0.029284164859002,0.0043383947939261,1
AMZN,2020-06-19,AMZN_20200619_00929,ml/datasets/charts/processed/AMZN/AMZN_20200619_00929.png,0.0066542056074765,0.0145046728971962,1
MSFT,2020-06-19,MSFT_20200619_00929,ml/datasets/charts/processed/MSFT/MSFT_20200619_00929.png,0.0060466307968229,0.0277735075582883,1
NVDA,2020-06-19,NVDA_20200619_00929,ml/datasets/charts/processed/NVDA/NVDA_20200619_00929.png,-0.0118790496760258,0.0291576673866089,1
AMZN,2020-06-22,AMZN_20200622_00930,ml/datasets/charts/processed/AMZN/AMZN_20200622_00930.png,-0.0123074655464661,0.0186454418159038,1
MSFT,2020-06-22,MSFT_20200622_00930,ml/datasets/charts/processed/MSFT/MSFT_20200622_00930.png,-0.0106197337587874,0.0066809592660916,1
NVDA,2020-06-22,NVDA_20200622_00930,ml/datasets/charts/processed/NVDA/NVDA_20200622_00930.png,-0.0346274921301154,-0.0083945435466946,0
AMZN,2020-06-23,AMZN_20200623_00931,ml/datasets/charts/processed/AMZN/AMZN_20200623_00931.png,-0.0020257560410938,-0.0108522645058601,0
MSFT,2020-06-23,MSFT_20200623_00931,ml/datasets/charts/processed/MSFT/MSFT_20200623_00931.png,0.0079243227180425,-0.020157495914021,0
NVDA,2020-06-23,NVDA_20200623_00931,ml/datasets/charts/processed/NVDA/NVDA_20200623_00931.png,0.0052910052910053,-0.0222222222222221,0
AMZN,2020-06-24,AMZN_20200624_00932,ml/datasets/charts/processed/AMZN/AMZN_20200624_00932.png,0.0528086600351083,0.007387361029842,1
MSFT,2020-06-24,MSFT_20200624_00932,ml/datasets/charts/processed/MSFT/MSFT_20200624_00932.png,0.034674484431864,0.0126364739183177,1
NVDA,2020-06-24,NVDA_20200624_00932,ml/datasets/charts/processed/NVDA/NVDA_20200624_00932.png,0.0313852813852812,0.027056277056277,1
AMZN,2020-06-25,AMZN_20200625_00933,ml/datasets/charts/processed/AMZN/AMZN_20200625_00933.png,0.0492267479851884,-0.0224351993029841,0
MSFT,2020-06-25,MSFT_20200625_00933,ml/datasets/charts/processed/MSFT/MSFT_20200625_00933.png,0.0295497653988219,-0.0200159728461615,0
NVDA,2020-06-25,NVDA_20200625_00933,ml/datasets/charts/processed/NVDA/NVDA_20200625_00933.png,0.0126448893572179,-0.035827186512118,0
AMZN,2020-06-26,AMZN_20200626_00934,ml/datasets/charts/processed/AMZN/AMZN_20200626_00934.png,0.1352495543672014,-0.0046048722519308,0
MSFT,2020-06-26,MSFT_20200626_00934,ml/datasets/charts/processed/MSFT/MSFT_20200626_00934.png,0.0731930932613456,0.0107472113278663,1
NVDA,2020-06-26,NVDA_20200626_00934,ml/datasets/charts/processed/NVDA/NVDA_20200626_00934.png,0.0754098360655737,0.0054644808743167,1
AMZN,2020-06-29,AMZN_20200629_00935,ml/datasets/charts/processed/AMZN/AMZN_20200629_00935.png,0.1193105506640799,0.0292493657663035,1
MSFT,2020-06-29,MSFT_20200629_00935,ml/datasets/charts/processed/MSFT/MSFT_20200629_00935.png,0.0494355976617617,0.0255492844184639,1
NVDA,2020-06-29,NVDA_20200629_00935,ml/datasets/charts/processed/NVDA/NVDA_20200629_00935.png,0.0728260869565218,0.032608695652174,1
AMZN,2020-06-30,AMZN_20200630_00936,ml/datasets/charts/processed/AMZN/AMZN_20200630_00936.png,0.1168624039437435,0.0434971726837756,1
MSFT,2020-06-30,MSFT_20200630_00936,ml/datasets/charts/processed/MSFT/MSFT_20200630_00936.png,0.045796275367304,0.0058473785071986,1
NVDA,2020-06-30,NVDA_20200630_00936,ml/datasets/charts/processed/NVDA/NVDA_20200630_00936.png,0.0757894736842106,0.003157894736842,1
AMZN,2020-07-01,AMZN_20200701_00937,ml/datasets/charts/processed/AMZN/AMZN_20200701_00937.png,0.1055300819786022,0.0039599833263859,1
MSFT,2020-07-01,MSFT_20200701_00937,ml/datasets/charts/processed/MSFT/MSFT_20200701_00937.png,0.0469956033219345,0.0076209086468002,1
NVDA,2020-07-01,NVDA_20200701_00937,ml/datasets/charts/processed/NVDA/NVDA_20200701_00937.png,0.1028331584470094,0.0083945435466945,1
AMZN,2020-07-02,AMZN_20200702_00938,ml/datasets/charts/processed/AMZN/AMZN_20200702_00938.png,0.1071898138537126,0.0577122690471247,1
MSFT,2020-07-02,MSFT_20200702_00938,ml/datasets/charts/processed/MSFT/MSFT_20200702_00938.png,0.035925530883351,0.0215262290313196,1
NVDA,2020-07-02,NVDA_20200702_00938,ml/datasets/charts/processed/NVDA/NVDA_20200702_00938.png,0.0905306971904267,0.0239334027055151,1
AMZN,2020-07-06,AMZN_20200706_00939,ml/datasets/charts/processed/AMZN/AMZN_20200706_00939.png,0.0153745502126267,-0.0185803074910042,0
MSFT,2020-07-06,MSFT_20200706_00939,ml/datasets/charts/processed/MSFT/MSFT_20200706_00939.png,-0.0172282866635026,-0.011627906976744,0
NVDA,2020-07-06,NVDA_20200706_00939,ml/datasets/charts/processed/NVDA/NVDA_20200706_00939.png,0.0213414634146342,0.0030487804878047,1
AMZN,2020-07-07,AMZN_20200707_00940,ml/datasets/charts/processed/AMZN/AMZN_20200707_00940.png,0.0279314712352509,0.0269982001199919,1
MSFT,2020-07-07,MSFT_20200707_00940,ml/datasets/charts/processed/MSFT/MSFT_20200707_00940.png,0.0004801920768306,0.0219927971188476,1
NVDA,2020-07-07,NVDA_20200707_00940,ml/datasets/charts/processed/NVDA/NVDA_20200707_00940.png,0.0516717325227964,0.0354609929078015,1
AMZN,2020-07-08,AMZN_20200708_00941,ml/datasets/charts/processed/AMZN/AMZN_20200708_00941.png,-0.0234973386992081,0.0329092561339736,1
MSFT,2020-07-08,MSFT_20200708_00941,ml/datasets/charts/processed/MSFT/MSFT_20200708_00941.png,-0.0225062256260866,0.0070008927312879,1
NVDA,2020-07-08,NVDA_20200708_00941,ml/datasets/charts/processed/NVDA/NVDA_20200708_00941.png,0.0009784735812132,0.0283757338551857,1
AMZN,2020-07-09,AMZN_20200709_00942,ml/datasets/charts/processed/AMZN/AMZN_20200709_00942.png,-0.0573744737007477,0.0054672280525356,1
MSFT,2020-07-09,MSFT_20200709_00942,ml/datasets/charts/processed/MSFT/MSFT_20200709_00942.png,-0.0485255692422545,-0.0030328480776409,0
NVDA,2020-07-09,NVDA_20200709_00942,ml/datasets/charts/processed/NVDA/NVDA_20200709_00942.png,-0.0361560418648905,-0.0028544243577544,0
AMZN,2020-07-10,AMZN_20200710_00943,ml/datasets/charts/processed/AMZN/AMZN_20200710_00943.png,-0.074375,-0.03,0
MSFT,2020-07-10,MSFT_20200710_00943,ml/datasets/charts/processed/MSFT/MSFT_20200710_00943.png,-0.0504984321617447,-0.0308887536855898,0
NVDA,2020-07-10,NVDA_20200710_00943,ml/datasets/charts/processed/NVDA/NVDA_20200710_00943.png,-0.0267175572519084,-0.041030534351145,0
AMZN,2020-07-13,AMZN_20200713_00944,ml/datasets/charts/processed/AMZN/AMZN_20200713_00944.png,0.0298969072164949,-0.0064432989690721,0
MSFT,2020-07-13,MSFT_20200713_00944,ml/datasets/charts/processed/MSFT/MSFT_20200713_00944.png,0.0218766600666442,0.0061814845221421,1
NVDA,2020-07-13,NVDA_20200713_00944,ml/datasets/charts/processed/NVDA/NVDA_20200713_00944.png,0.0457711442786068,0.0328358208955223,1
AMZN,2020-07-14,AMZN_20200714_00945,ml/datasets/charts/processed/AMZN/AMZN_20200714_00945.png,0.0175745784695202,-0.0243839169909207,0
MSFT,2020-07-14,MSFT_20200714_00945,ml/datasets/charts/processed/MSFT/MSFT_20200714_00945.png,0.0019198464122871,-0.0014878809695224,0
NVDA,2020-07-14,NVDA_20200714_00945,ml/datasets/charts/processed/NVDA/NVDA_20200714_00945.png,-0.0048169556840077,-0.0144508670520231,0
AMZN,2020-07-15,AMZN_20200715_00946,ml/datasets/charts/processed/AMZN/AMZN_20200715_00946.png,0.0303110874767349,-0.0029247540547726,0
MSFT,2020-07-15,MSFT_20200715_00946,ml/datasets/charts/processed/MSFT/MSFT_20200715_00946.png,0.0178331090174965,-0.0198038838684868,0
NVDA,2020-07-15,NVDA_20200715_00946,ml/datasets/charts/processed/NVDA/NVDA_20200715_00946.png,0.0205278592375366,-0.0097751710654936,0
AMZN,2020-07-16,AMZN_20200716_00947,ml/datasets/charts/processed/AMZN/AMZN_20200716_00947.png,-0.0044666666666666,-0.0126666666666667,0
MSFT,2020-07-16,MSFT_20200716_00947,ml/datasets/charts/processed/MSFT/MSFT_20200716_00947.png,-0.0067673597489211,-0.0051000392310709,0
NVDA,2020-07-16,NVDA_20200716_00947,ml/datasets/charts/processed/NVDA/NVDA_20200716_00947.png,0.0,0.0069101678183611,1
AMZN,2020-07-17,AMZN_20200717_00948,ml/datasets/charts/processed/AMZN/AMZN_20200717_00948.png,0.0158676569885212,0.0792707629979743,1
MSFT,2020-07-17,MSFT_20200717_00948,ml/datasets/charts/processed/MSFT/MSFT_20200717_00948.png,-0.0077878548895897,0.0429810725552051,1
NVDA,2020-07-17,NVDA_20200717_00948,ml/datasets/charts/processed/NVDA/NVDA_20200717_00948.png,-0.0009803921568627,0.0303921568627452,1
AMZN,2020-07-20,AMZN_20200720_00949,ml/datasets/charts/processed/AMZN/AMZN_20200720_00949.png,-0.0442942942942943,-0.0183308308308308,0
MSFT,2020-07-20,MSFT_20200720_00949,ml/datasets/charts/processed/MSFT/MSFT_20200720_00949.png,-0.036625708884688,-0.0134688090737239,0
NVDA,2020-07-20,NVDA_20200720_00949,ml/datasets/charts/processed/NVDA/NVDA_20200720_00949.png,-0.0085632730732635,-0.017126546146527,0
AMZN,2020-07-21,AMZN_20200721_00950,ml/datasets/charts/processed/AMZN/AMZN_20200721_00950.png,-0.0439105219552609,-0.0121725830093684,0
MSFT,2020-07-21,MSFT_20200721_00950,ml/datasets/charts/processed/MSFT/MSFT_20200721_00950.png,-0.0322395209580838,0.0143712574850298,1
NVDA,2020-07-21,NVDA_20200721_00950,ml/datasets/charts/processed/NVDA/NVDA_20200721_00950.png,-0.0106485963213939,0.010648596321394,1
AMZN,2020-07-22,AMZN_20200722_00951,ml/datasets/charts/processed/AMZN/AMZN_20200722_00951.png,-0.0214193548387096,-0.0365806451612902,0
MSFT,2020-07-22,MSFT_20200722_00951,ml/datasets/charts/processed/MSFT/MSFT_20200722_00951.png,-0.0363164108618654,-0.0434946871310507,0
NVDA,2020-07-22,NVDA_20200722_00951,ml/datasets/charts/processed/NVDA/NVDA_20200722_00951.png,0.0028735632183909,-0.0296934865900382,0
AMZN,2020-07-23,AMZN_20200723_00952,ml/datasets/charts/processed/AMZN/AMZN_20200723_00952.png,0.0218308444384918,0.007500167414451,1
MSFT,2020-07-23,MSFT_20200723_00952,ml/datasets/charts/processed/MSFT/MSFT_20200723_00952.png,0.0067147230176756,-0.0061222474572922,0
NVDA,2020-07-23,NVDA_20200723_00952,ml/datasets/charts/processed/NVDA/NVDA_20200723_00952.png,0.0473840078973344,0.0059230009871666,1
AMZN,2020-07-24,AMZN_20200724_00953,ml/datasets/charts/processed/AMZN/AMZN_20200724_00953.png,0.0517115320704553,0.0153539381854437,1
MSFT,2020-07-24,MSFT_20200724_00953,ml/datasets/charts/processed/MSFT/MSFT_20200724_00953.png,0.0184302036761052,0.0126676602086437,1
NVDA,2020-07-24,NVDA_20200724_00953,ml/datasets/charts/processed/NVDA/NVDA_20200724_00953.png,0.0412168792934248,0.0225711481844945,1
AMZN,2020-07-27,AMZN_20200727_00954,ml/datasets/charts/processed/AMZN/AMZN_20200727_00954.png,0.0185257920921708,-0.0179366326263418,0
MSFT,2020-07-27,MSFT_20200727_00954,ml/datasets/charts/processed/MSFT/MSFT_20200727_00954.png,0.062251655629139,-0.0089771891096394,0
NVDA,2020-07-27,NVDA_20200727_00954,ml/datasets/charts/processed/NVDA/NVDA_20200727_00954.png,0.0566218809980805,-0.019193857965451,0
AMZN,2020-07-28,AMZN_20200728_00955,ml/datasets/charts/processed/AMZN/AMZN_20200728_00955.png,0.0461271830422609,0.0110651913078256,1
MSFT,2020-07-28,MSFT_20200728_00955,ml/datasets/charts/processed/MSFT/MSFT_20200728_00955.png,0.0557865557865557,0.0100980100980101,1
NVDA,2020-07-28,NVDA_20200728_00955,ml/datasets/charts/processed/NVDA/NVDA_20200728_00955.png,0.0988258317025441,0.0244618395303326,1
AMZN,2020-07-29,AMZN_20200729_00956,ml/datasets/charts/processed/AMZN/AMZN_20200729_00956.png,0.0565005274261602,0.0059994725738397,1
MSFT,2020-07-29,MSFT_20200729_00956,ml/datasets/charts/processed/MSFT/MSFT_20200729_00956.png,0.0435166127609525,-0.0007840831128099,0
NVDA,2020-07-29,NVDA_20200729_00956,ml/datasets/charts/processed/NVDA/NVDA_20200729_00956.png,0.0783190066857686,0.0133715377268384,1
AMZN,2020-07-30,AMZN_20200730_00957,ml/datasets/charts/processed/AMZN/AMZN_20200730_00957.png,0.0567533914411166,0.0369617930401728,1
MSFT,2020-07-30,MSFT_20200730_00957,ml/datasets/charts/processed/MSFT/MSFT_20200730_00957.png,0.0610593428151053,0.0054438450220695,1
NVDA,2020-07-30,NVDA_20200730_00957,ml/datasets/charts/processed/NVDA/NVDA_20200730_00957.png,0.0688030160226202,0.0,0
AMZN,2020-07-31,AMZN_20200731_00958,ml/datasets/charts/processed/AMZN/AMZN_20200731_00958.png,0.0008847879668838,-0.0166845730898058,0
MSFT,2020-07-31,MSFT_20200731_00958,ml/datasets/charts/processed/MSFT/MSFT_20200731_00958.png,0.0364372469635627,0.0562411589678553,1
NVDA,2020-07-31,NVDA_20200731_00958,ml/datasets/charts/processed/NVDA/NVDA_20200731_00958.png,0.0556079170593779,0.0377002827521206,1
AMZN,2020-08-03,AMZN_20200803_00959,ml/datasets/charts/processed/AMZN/AMZN_20200803_00959.png,0.0116974098592455,0.0086766501703194,1
MSFT,2020-08-03,MSFT_20200803_00959,ml/datasets/charts/processed/MSFT/MSFT_20200803_00959.png,-0.0382839198300544,-0.0150087743603952,0
NVDA,2020-08-03,NVDA_20200803_00959,ml/datasets/charts/processed/NVDA/NVDA_20200803_00959.png,0.0136239782016349,0.0199818346957312,1
AMZN,2020-08-04,AMZN_20200804_00960,ml/datasets/charts/processed/AMZN/AMZN_20200804_00960.png,-0.0185421180068815,0.0210908627500956,1
MSFT,2020-08-04,MSFT_20200804_00960,ml/datasets/charts/processed/MSFT/MSFT_20200804_00960.png,-0.04646256270805,-0.0016409583196586,0
NVDA,2020-08-04,NVDA_20200804_00960,ml/datasets/charts/processed/NVDA/NVDA_20200804_00960.png,-0.0338379341050757,0.0053428317008012,1
AMZN,2020-08-05,AMZN_20200805_00961,ml/datasets/charts/processed/AMZN/AMZN_20200805_00961.png,-0.0133541341653665,0.0062402496099844,1
MSFT,2020-08-05,MSFT_20200805_00961,ml/datasets/charts/processed/MSFT/MSFT_20200805_00961.png,-0.0176105945336714,0.0160139006292852,1
NVDA,2020-08-05,NVDA_20200805_00961,ml/datasets/charts/processed/NVDA/NVDA_20200805_00961.png,0.0132860938883967,0.0044286979627989,1
AMZN,2020-08-06,AMZN_20200806_00962,ml/datasets/charts/processed/AMZN/AMZN_20200806_00962.png,-0.0198449612403099,-0.017860465116279,0
MSFT,2020-08-06,MSFT_20200806_00962,ml/datasets/charts/processed/MSFT/MSFT_20200806_00962.png,-0.035359371388953,-0.0178876819967644,0
NVDA,2020-08-06,NVDA_20200806_00962,ml/datasets/charts/processed/NVDA/NVDA_20200806_00962.png,0.0088183421516754,-0.0123456790123457,0
AMZN,2020-08-07,AMZN_20200807_00963,ml/datasets/charts/processed/AMZN/AMZN_20200807_00963.png,-0.0061248973921828,-0.0060617541200985,0
MSFT,2020-08-07,MSFT_20200807_00963,ml/datasets/charts/processed/MSFT/MSFT_20200807_00963.png,-0.0168486445783131,-0.0199077560240963,0
NVDA,2020-08-07,NVDA_20200807_00963,ml/datasets/charts/processed/NVDA/NVDA_20200807_00963.png,0.0321428571428572,-0.0035714285714284,0
AMZN,2020-08-10,AMZN_20200810_00964,ml/datasets/charts/processed/AMZN/AMZN_20200810_00964.png,0.010863350485992,-0.0214725875103233,0
MSFT,2020-08-10,MSFT_20200810_00964,ml/datasets/charts/processed/MSFT/MSFT_20200810_00964.png,0.0097478991596637,-0.0233853541416566,0
NVDA,2020-08-10,NVDA_20200810_00964,ml/datasets/charts/processed/NVDA/NVDA_20200810_00964.png,0.1057347670250896,-0.0277777777777777,0
AMZN,2020-08-11,AMZN_20200811_00965,ml/datasets/charts/processed/AMZN/AMZN_20200811_00965.png,0.0752450821268584,0.026488346426021,1
MSFT,2020-08-11,MSFT_20200811_00965,ml/datasets/charts/processed/MSFT/MSFT_20200811_00965.png,0.0398760940112106,0.0285672140820139,1
NVDA,2020-08-11,NVDA_20200811_00965,ml/datasets/charts/processed/NVDA/NVDA_20200811_00965.png,0.1299539170506913,0.0543778801843317,1
AMZN,2020-08-12,AMZN_20200812_00966,ml/datasets/charts/processed/AMZN/AMZN_20200812_00966.png,0.031054329264436,-0.0003794826386692,0
MSFT,2020-08-12,MSFT_20200812_00966,ml/datasets/charts/processed/MSFT/MSFT_20200812_00966.png,0.0024379750466083,-0.0023423681820354,0
NVDA,2020-08-12,NVDA_20200812_00966,ml/datasets/charts/processed/NVDA/NVDA_20200812_00966.png,0.0611888111888112,0.0,0
AMZN,2020-08-13,AMZN_20200813_00967,ml/datasets/charts/processed/AMZN/AMZN_20200813_00967.png,0.0431509016134135,-0.0041126225877886,0
MSFT,2020-08-13,MSFT_20200813_00967,ml/datasets/charts/processed/MSFT/MSFT_20200813_00967.png,0.0281744130330618,0.0009583133684716,1
NVDA,2020-08-13,NVDA_20200813_00967,ml/datasets/charts/processed/NVDA/NVDA_20200813_00967.png,0.0611888111888112,0.0104895104895106,1
AMZN,2020-08-14,AMZN_20200814_00968,ml/datasets/charts/processed/AMZN/AMZN_20200814_00968.png,0.0434561626429479,0.0109275730622617,1
MSFT,2020-08-14,MSFT_20200814_00968,ml/datasets/charts/processed/MSFT/MSFT_20200814_00968.png,0.0197223551938727,0.0066060315940641,1
NVDA,2020-08-14,NVDA_20200814_00968,ml/datasets/charts/processed/NVDA/NVDA_20200814_00968.png,0.0968858131487888,0.0674740484429066,1
AMZN,2020-08-17,AMZN_20200817_00969,ml/datasets/charts/processed/AMZN/AMZN_20200817_00969.png,0.0392785319255908,0.0408496732026144,1
MSFT,2020-08-17,MSFT_20200817_00969,ml/datasets/charts/processed/MSFT/MSFT_20200817_00969.png,0.0162164732737302,0.0057542324519688,1
NVDA,2020-08-17,NVDA_20200817_00969,ml/datasets/charts/processed/NVDA/NVDA_20200817_00969.png,0.0307941653160455,-0.0064829821717989,0
AMZN,2020-08-18,AMZN_20200818_00970,ml/datasets/charts/processed/AMZN/AMZN_20200818_00970.png,0.0102644608139113,-0.0156985871271585,0
MSFT,2020-08-18,MSFT_20200818_00970,ml/datasets/charts/processed/MSFT/MSFT_20200818_00970.png,0.0235472126341671,-0.0084637571516384,0
NVDA,2020-08-18,NVDA_20200818_00970,ml/datasets/charts/processed/NVDA/NVDA_20200818_00970.png,0.0399673735725938,-0.0097879282218595,0
AMZN,2020-08-19,AMZN_20200819_00971,ml/datasets/charts/processed/AMZN/AMZN_20200819_00971.png,0.0556373451110292,0.011348300821985,1
MSFT,2020-08-19,MSFT_20200819_00971,ml/datasets/charts/processed/MSFT/MSFT_20200819_00971.png,0.0546018121125417,0.0232713400095374,1
NVDA,2020-08-19,NVDA_20200819_00971,ml/datasets/charts/processed/NVDA/NVDA_20200819_00971.png,0.0518945634266885,0.0,0
AMZN,2020-08-20,AMZN_20200820_00972,ml/datasets/charts/processed/AMZN/AMZN_20200820_00972.png,0.0311154242736702,-0.0038211924546611,0
MSFT,2020-08-20,MSFT_20200820_00972,ml/datasets/charts/processed/MSFT/MSFT_20200820_00972.png,0.0559231988069717,-0.0072700158449063,0
NVDA,2020-08-20,NVDA_20200820_00972,ml/datasets/charts/processed/NVDA/NVDA_20200820_00972.png,0.0403624382207579,0.044481054365733,1
AMZN,2020-08-21,AMZN_20200821_00973,ml/datasets/charts/processed/AMZN/AMZN_20200821_00973.png,0.0356186069167072,0.0068801753531417,1
MSFT,2020-08-21,MSFT_20200821_00973,ml/datasets/charts/processed/MSFT/MSFT_20200821_00973.png,0.0745939348417987,0.0031452445779738,1
NVDA,2020-08-21,NVDA_20200821_00973,ml/datasets/charts/processed/NVDA/NVDA_20200821_00973.png,0.0370662460567823,0.003154574132492,1
AMZN,2020-08-24,AMZN_20200824_00974,ml/datasets/charts/processed/AMZN/AMZN_20200824_00974.png,0.043417790409385,0.0117917397351392,1
MSFT,2020-08-24,MSFT_20200824_00974,ml/datasets/charts/processed/MSFT/MSFT_20200824_00974.png,0.055407365810286,0.0130094997426177,1
NVDA,2020-08-24,NVDA_20200824_00974,ml/datasets/charts/processed/NVDA/NVDA_20200824_00974.png,0.0511006289308175,0.0023584905660376,1
AMZN,2020-08-25,AMZN_20200825_00975,ml/datasets/charts/processed/AMZN/AMZN_20200825_00975.png,0.0456610088453264,0.0285082476691369,1
MSFT,2020-08-25,MSFT_20200825_00975,ml/datasets/charts/processed/MSFT/MSFT_20200825_00975.png,0.049891439922391,0.0216196239663695,1
NVDA,2020-08-25,NVDA_20200825_00975,ml/datasets/charts/processed/NVDA/NVDA_20200825_00975.png,0.083921568627451,0.0015686274509802,1
AMZN,2020-08-26,AMZN_20200826_00976,ml/datasets/charts/processed/AMZN/AMZN_20200826_00976.png,0.0260328897669823,-0.0121448079493288,0
MSFT,2020-08-26,MSFT_20200826_00976,ml/datasets/charts/processed/MSFT/MSFT_20200826_00976.png,0.0474790865928103,0.0245534704951391,1
NVDA,2020-08-26,NVDA_20200826_00976,ml/datasets/charts/processed/NVDA/NVDA_20200826_00976.png,0.1237274862960062,-0.0109631949882536,0
AMZN,2020-08-27,AMZN_20200827_00977,ml/datasets/charts/processed/AMZN/AMZN_20200827_00977.png,-0.0094117647058823,0.0005294117647058,1
MSFT,2020-08-27,MSFT_20200827_00977,ml/datasets/charts/processed/MSFT/MSFT_20200827_00977.png,-0.0409568364374614,0.0102833436313884,1
NVDA,2020-08-27,NVDA_20200827_00977,ml/datasets/charts/processed/NVDA/NVDA_20200827_00977.png,0.030878859857482,0.0411718131433096,1
AMZN,2020-08-28,AMZN_20200828_00978,ml/datasets/charts/processed/AMZN/AMZN_20200828_00978.png,-0.0315127285554707,0.0144629313892645,1
MSFT,2020-08-28,MSFT_20200828_00978,ml/datasets/charts/processed/MSFT/MSFT_20200828_00978.png,-0.0640426368441745,-0.0147656284129134,0
NVDA,2020-08-28,NVDA_20200828_00978,ml/datasets/charts/processed/NVDA/NVDA_20200828_00978.png,-0.0403041825095057,0.0167300380228136,1
AMZN,2020-08-31,AMZN_20200831_00979,ml/datasets/charts/processed/AMZN/AMZN_20200831_00979.png,-0.0872790495508548,0.0139669660967836,1
MSFT,2020-08-31,MSFT_20200831_00979,ml/datasets/charts/processed/MSFT/MSFT_20200831_00979.png,-0.1014055779718884,0.0077151598456968,1
NVDA,2020-08-31,NVDA_20200831_00979,ml/datasets/charts/processed/NVDA/NVDA_20200831_00979.png,-0.1091997008227374,0.0336574420344055,1
AMZN,2020-09-01,AMZN_20200901_00980,ml/datasets/charts/processed/AMZN/AMZN_20200901_00980.png,-0.0659007773205304,0.0092021033379057,1
MSFT,2020-09-01,MSFT_20200901_00980,ml/datasets/charts/processed/MSFT/MSFT_20200901_00980.png,-0.0703128437541251,0.0192722312667752,1
NVDA,2020-09-01,NVDA_20200901_00980,ml/datasets/charts/processed/NVDA/NVDA_20200901_00980.png,-0.0803183791606366,0.0383502170767002,1
AMZN,2020-09-02,AMZN_20200902_00981,ml/datasets/charts/processed/AMZN/AMZN_20200902_00981.png,-0.1008665118649827,-0.0462706008948291,0
MSFT,2020-09-02,MSFT_20200902_00981,ml/datasets/charts/processed/MSFT/MSFT_20200902_00981.png,-0.1134470105763004,-0.0619469026548672,0
NVDA,2020-09-02,NVDA_20200902_00981,ml/datasets/charts/processed/NVDA/NVDA_20200902_00981.png,-0.1421602787456445,-0.0926829268292682,0
AMZN,2020-09-03,AMZN_20200903_00982,ml/datasets/charts/processed/AMZN/AMZN_20200903_00982.png,-0.0747624703087885,-0.0217933491686461,0
MSFT,2020-09-03,MSFT_20200903_00982,ml/datasets/charts/processed/MSFT/MSFT_20200903_00982.png,-0.0610676484123332,-0.0140358950759319,0
NVDA,2020-09-03,NVDA_20200903_00982,ml/datasets/charts/processed/NVDA/NVDA_20200903_00982.png,-0.0660522273425499,-0.0307219662058372,0
AMZN,2020-09-04,AMZN_20200904_00983,ml/datasets/charts/processed/AMZN/AMZN_20200904_00983.png,-0.0581557700479571,-0.0439507072178715,0
MSFT,2020-09-04,MSFT_20200904_00983,ml/datasets/charts/processed/MSFT/MSFT_20200904_00983.png,-0.0412602100350057,-0.0540956826137689,0
NVDA,2020-09-04,NVDA_20200904_00983,ml/datasets/charts/processed/NVDA/NVDA_20200904_00983.png,0.0198098256735341,-0.0562599049128367,0
AMZN,2020-09-08,AMZN_20200908_00984,ml/datasets/charts/processed/AMZN/AMZN_20200908_00984.png,0.002031875039685,0.0377166804241539,1
MSFT,2020-09-08,MSFT_20200908_00984,ml/datasets/charts/processed/MSFT/MSFT_20200908_00984.png,0.0301983617882166,0.0425836376196584,1
NVDA,2020-09-08,NVDA_20200908_00984,ml/datasets/charts/processed/NVDA/NVDA_20200908_00984.png,0.0906801007556674,0.0671704450041981,1
AMZN,2020-09-09,AMZN_20200909_00985,ml/datasets/charts/processed/AMZN/AMZN_20200909_00985.png,-0.0582512390625956,-0.0285749250443615,0
MSFT,2020-09-09,MSFT_20200909_00985,ml/datasets/charts/processed/MSFT/MSFT_20200909_00985.png,-0.0295328695158312,-0.0280183633868142,0
NVDA,2020-09-09,NVDA_20200909_00985,ml/datasets/charts/processed/NVDA/NVDA_20200909_00985.png,-0.0157356412273801,-0.03147128245476,0
AMZN,2020-09-10,AMZN_20200910_00986,ml/datasets/charts/processed/AMZN/AMZN_20200910_00986.png,-0.0524061476442428,-0.0185815066767447,0
MSFT,2020-09-10,MSFT_20200910_00986,ml/datasets/charts/processed/MSFT/MSFT_20200910_00986.png,-0.0119783804840045,-0.0065248088815309,0
NVDA,2020-09-10,NVDA_20200910_00986,ml/datasets/charts/processed/NVDA/NVDA_20200910_00986.png,0.0121852152721364,-0.0121852152721364,0
AMZN,2020-09-11,AMZN_20200911_00987,ml/datasets/charts/processed/AMZN/AMZN_20200911_00987.png,-0.0517296707528399,-0.0042359283743019,0
MSFT,2020-09-11,MSFT_20200911_00987,ml/datasets/charts/processed/MSFT/MSFT_20200911_00987.png,-0.0178405136499535,0.0067637112189382,1
NVDA,2020-09-11,NVDA_20200911_00987,ml/datasets/charts/processed/NVDA/NVDA_20200911_00987.png,0.0024671052631577,0.0583881578947367,1
AMZN,2020-09-14,AMZN_20200914_00988,ml/datasets/charts/processed/AMZN/AMZN_20200914_00988.png,-0.0459555269094424,0.017144698678698,1
MSFT,2020-09-14,MSFT_20200914_00988,ml/datasets/charts/processed/MSFT/MSFT_20200914_00988.png,-0.0139720558882235,0.0164062119663113,1
NVDA,2020-09-14,NVDA_20200914_00988,ml/datasets/charts/processed/NVDA/NVDA_20200914_00988.png,-0.0271950271950272,0.0093240093240094,1
AMZN,2020-09-15,AMZN_20200915_00989,ml/datasets/charts/processed/AMZN/AMZN_20200915_00989.png,-0.00861795830429,-0.0247132627843609,0
MSFT,2020-09-15,MSFT_20200915_00989,ml/datasets/charts/processed/MSFT/MSFT_20200915_00989.png,-0.0065140339112942,-0.0178656959478876,0
NVDA,2020-09-15,NVDA_20200915_00989,ml/datasets/charts/processed/NVDA/NVDA_20200915_00989.png,-0.0269438029253271,-0.0369515011547344,0
AMZN,2020-09-16,AMZN_20200916_00990,ml/datasets/charts/processed/AMZN/AMZN_20200916_00990.png,-0.0254694301864725,-0.0225456435579234,0
MSFT,2020-09-16,MSFT_20200916_00990,ml/datasets/charts/processed/MSFT/MSFT_20200916_00990.png,-0.0217507924896367,-0.0104364789075835,0
NVDA,2020-09-16,NVDA_20200916_00990,ml/datasets/charts/processed/NVDA/NVDA_20200916_00990.png,-0.0311750599520383,-0.0039968025579535,0
AMZN,2020-09-17,AMZN_20200917_00991,ml/datasets/charts/processed/AMZN/AMZN_20200917_00991.png,0.0036559425684659,-0.017880882743951,0
MSFT,2020-09-17,MSFT_20200917_00991,ml/datasets/charts/processed/MSFT/MSFT_20200917_00991.png,0.0013799221329653,-0.0124192991966882,0
NVDA,2020-09-17,NVDA_20200917_00991,ml/datasets/charts/processed/NVDA/NVDA_20200917_00991.png,-0.0088282504012842,-0.0216693418940611,0
AMZN,2020-09-18,AMZN_20200918_00992,ml/datasets/charts/processed/AMZN/AMZN_20200918_00992.png,0.0474450084602369,0.0018274111675127,1
MSFT,2020-09-18,MSFT_20200918_00992,ml/datasets/charts/processed/MSFT/MSFT_20200918_00992.png,0.0370776984879486,0.0107290782973201,1
NVDA,2020-09-18,NVDA_20200918_00992,ml/datasets/charts/processed/NVDA/NVDA_20200918_00992.png,0.0557834290401968,0.0270713699753897,1
AMZN,2020-09-21,AMZN_20200921_00993,ml/datasets/charts/processed/AMZN/AMZN_20200921_00993.png,0.0721524118362382,0.0569517632752329,1
MSFT,2020-09-21,MSFT_20200921_00993,ml/datasets/charts/processed/MSFT/MSFT_20200921_00993.png,0.0340673447220303,0.0240940061222474,1
NVDA,2020-09-21,NVDA_20200921_00993,ml/datasets/charts/processed/NVDA/NVDA_20200921_00993.png,0.0415335463258785,0.0095846645367412,1
AMZN,2020-09-22,AMZN_20200922_00994,ml/datasets/charts/processed/AMZN/AMZN_20200922_00994.png,0.0050495365931608,-0.0412911473314157,0
MSFT,2020-09-22,MSFT_20200922_00994,ml/datasets/charts/processed/MSFT/MSFT_20200922_00994.png,-0.0007713817375373,-0.0329283579211261,0
NVDA,2020-09-22,NVDA_20200922_00994,ml/datasets/charts/processed/NVDA/NVDA_20200922_00994.png,0.0466772151898733,-0.0411392405063292,0
AMZN,2020-09-23,AMZN_20200923_00995,ml/datasets/charts/processed/AMZN/AMZN_20200923_00995.png,0.0496699779985332,0.0066671111407428,1
MSFT,2020-09-23,MSFT_20200923_00995,ml/datasets/charts/processed/MSFT/MSFT_20200923_00995.png,0.0485567575651828,0.0129617627997407,1
NVDA,2020-09-23,NVDA_20200923_00995,ml/datasets/charts/processed/NVDA/NVDA_20200923_00995.png,0.1163366336633664,0.018976897689769,1
AMZN,2020-09-24,AMZN_20200924_00996,ml/datasets/charts/processed/AMZN/AMZN_20200924_00996.png,0.0666931584873169,0.0249685409629776,1
MSFT,2020-09-24,MSFT_20200924_00996,ml/datasets/charts/processed/MSFT/MSFT_20200924_00996.png,0.0456223239332644,0.02278655445642,1
NVDA,2020-09-24,NVDA_20200924_00996,ml/datasets/charts/processed/NVDA/NVDA_20200924_00996.png,0.1020242914979756,0.0421052631578946,1
AMZN,2020-09-25,AMZN_20200925_00997,ml/datasets/charts/processed/AMZN/AMZN_20200925_00997.png,0.0096278108038252,0.0254587748772292,1
MSFT,2020-09-25,MSFT_20200925_00997,ml/datasets/charts/processed/MSFT/MSFT_20200925_00997.png,-0.0078433259551534,0.0077952073910114,1
NVDA,2020-09-25,NVDA_20200925_00997,ml/datasets/charts/processed/NVDA/NVDA_20200925_00997.png,0.0147630147630148,0.0132090132090132,1
AMZN,2020-09-28,AMZN_20200928_00998,ml/datasets/charts/processed/AMZN/AMZN_20200928_00998.png,0.0079395085066162,-0.0091997479521107,0
MSFT,2020-09-28,MSFT_20200928_00998,ml/datasets/charts/processed/MSFT/MSFT_20200928_00998.png,0.0044881588999234,-0.0104087089381207,0
NVDA,2020-09-28,NVDA_20200928_00998,ml/datasets/charts/processed/NVDA/NVDA_20200928_00998.png,0.0460122699386504,0.0145705521472394,1
AMZN,2020-09-29,AMZN_20200929_00999,ml/datasets/charts/processed/AMZN/AMZN_20200929_00999.png,-0.0142457389977105,0.0012719409819383,1
MSFT,2020-09-29,MSFT_20200929_00999,ml/datasets/charts/processed/MSFT/MSFT_20200929_00999.png,-0.0065135578500433,0.0148123130367654,1
NVDA,2020-09-29,NVDA_20200929_00999,ml/datasets/charts/processed/NVDA/NVDA_20200929_00999.png,0.038548752834467,0.0226757369614512,1
AMZN,2020-09-30,AMZN_20200930_01000,ml/datasets/charts/processed/AMZN/AMZN_20200930_01000.png,0.0148628048780488,0.0229928861788617,1
MSFT,2020-09-30,MSFT_20200930_01000,ml/datasets/charts/processed/MSFT/MSFT_20200930_01000.png,-0.0023772167546236,0.0101269433746968,1
NVDA,2020-09-30,NVDA_20200930_01000,ml/datasets/charts/processed/NVDA/NVDA_20200930_01000.png,0.0317812269031783,0.0059127864005912,1
AMZN,2020-10-01,AMZN_20201001_01001,ml/datasets/charts/processed/AMZN/AMZN_20201001_01001.png,-0.0094995653793616,-0.0298646467155098,0
MSFT,2020-10-01,MSFT_20201001_01001,ml/datasets/charts/processed/MSFT/MSFT_20201001_01001.png,-0.0088487244657817,-0.0295114374470488,0
NVDA,2020-10-01,NVDA_20201001_01001,ml/datasets/charts/processed/NVDA/NVDA_20201001_01001.png,0.0168993387215283,-0.0404114621601762,0
AMZN,2020-10-02,AMZN_20201002_01002,ml/datasets/charts/processed/AMZN/AMZN_20201002_01002.png,0.0517119999999999,0.0237439999999999,1
MSFT,2020-10-02,MSFT_20201002_01002,ml/datasets/charts/processed/MSFT/MSFT_20201002_01002.png,0.0466559968960667,0.0203210630971433,1
NVDA,2020-10-02,NVDA_20201002_01002,ml/datasets/charts/processed/NVDA/NVDA_20201002_01002.png,0.0535987748851454,0.0444104134762635,1
AMZN,2020-10-05,AMZN_20201005_01003,ml/datasets/charts/processed/AMZN/AMZN_20201005_01003.png,0.0762065516379095,-0.0310077519379845,0
MSFT,2020-10-05,MSFT_20201005_01003,ml/datasets/charts/processed/MSFT/MSFT_20201005_01003.png,0.0523814050765283,-0.021247266850461,0
NVDA,2020-10-05,NVDA_20201005_01003,ml/datasets/charts/processed/NVDA/NVDA_20201005_01003.png,0.0432551319648093,0.0073313782991202,1
AMZN,2020-10-06,AMZN_20201006_01004,ml/datasets/charts/processed/AMZN/AMZN_20201006_01004.png,0.1108387096774194,0.0308387096774194,1
MSFT,2020-10-06,MSFT_20201006_01004,ml/datasets/charts/processed/MSFT/MSFT_20201006_01004.png,0.0823175173619543,0.0190374435432956,1
NVDA,2020-10-06,NVDA_20201006_01004,ml/datasets/charts/processed/NVDA/NVDA_20201006_01004.png,0.037117903930131,0.0160116448326055,1
AMZN,2020-10-07,AMZN_20201007_01005,ml/datasets/charts/processed/AMZN/AMZN_20201007_01005.png,0.0526348729503065,-0.001564651395669,0
MSFT,2020-10-07,MSFT_20201007_01005,ml/datasets/charts/processed/MSFT/MSFT_20201007_01005.png,0.0525663632464374,0.0035743220702473,1
NVDA,2020-10-07,NVDA_20201007_01005,ml/datasets/charts/processed/NVDA/NVDA_20201007_01005.png,0.0100286532951288,-0.008595988538682,0
AMZN,2020-10-08,AMZN_20201008_01006,ml/datasets/charts/processed/AMZN/AMZN_20201008_01006.png,0.0463862596376858,0.0300883846298503,1
MSFT,2020-10-08,MSFT_20201008_01006,ml/datasets/charts/processed/MSFT/MSFT_20201008_01006.png,0.0431190046538132,0.0248361667774716,1
NVDA,2020-10-08,NVDA_20201008_01006,ml/datasets/charts/processed/NVDA/NVDA_20201008_01006.png,0.009393063583815,-0.0057803468208093,0
AMZN,2020-10-09,AMZN_20201009_01007,ml/datasets/charts/processed/AMZN/AMZN_20201009_01007.png,-0.0041988681311996,0.0475871721535934,1
MSFT,2020-10-09,MSFT_20201009_01007,ml/datasets/charts/processed/MSFT/MSFT_20201009_01007.png,0.017839766461239,0.0259024141606043,1
NVDA,2020-10-09,NVDA_20201009_01007,ml/datasets/charts/processed/NVDA/NVDA_20201009_01007.png,0.0036337209302326,0.034156976744186,1
AMZN,2020-10-12,AMZN_20201012_01008,ml/datasets/charts/processed/AMZN/AMZN_20201012_01008.png,-0.0684867847807144,0.0001742666279407,1
MSFT,2020-10-12,MSFT_20201012_01008,ml/datasets/charts/processed/MSFT/MSFT_20201012_01008.png,-0.0324299909665763,0.006594399277326,1
NVDA,2020-10-12,NVDA_20201012_01008,ml/datasets/charts/processed/NVDA/NVDA_20201012_01008.png,-0.0513000702740689,0.0014054813773716,1
AMZN,2020-10-13,AMZN_20201013_01009,ml/datasets/charts/processed/AMZN/AMZN_20201013_01009.png,-0.0658032291787664,-0.0231734231618074,0
MSFT,2020-10-13,MSFT_20201013_01009,ml/datasets/charts/processed/MSFT/MSFT_20201013_01009.png,-0.0368392712913937,-0.0089742439199497,0
NVDA,2020-10-13,NVDA_20201013_01009,ml/datasets/charts/processed/NVDA/NVDA_20201013_01009.png,-0.0421052631578947,-0.0105263157894737,0
AMZN,2020-10-14,AMZN_20201014_01010,ml/datasets/charts/processed/AMZN/AMZN_20201014_01010.png,-0.0531541708781735,-0.0074915274392055,0
MSFT,2020-10-14,MSFT_20201014_01010,ml/datasets/charts/processed/MSFT/MSFT_20201014_01010.png,-0.0274381961423526,-0.0054333061668025,0
NVDA,2020-10-14,NVDA_20201014_01010,ml/datasets/charts/processed/NVDA/NVDA_20201014_01010.png,-0.0411347517730497,-0.0092198581560283,0
AMZN,2020-10-15,AMZN_20201015_01011,ml/datasets/charts/processed/AMZN/AMZN_20201015_01011.png,-0.0485832384831966,-0.0197088600011982,0
MSFT,2020-10-15,MSFT_20201015_01011,ml/datasets/charts/processed/MSFT/MSFT_20201015_01011.png,-0.0217153783119367,0.0,0
NVDA,2020-10-15,NVDA_20201015_01011,ml/datasets/charts/processed/NVDA/NVDA_20201015_01011.png,-0.043664996420902,-0.0114531138153185,0
AMZN,2020-10-16,AMZN_20201016_01012,ml/datasets/charts/processed/AMZN/AMZN_20201016_01012.png,-0.0208995355658762,-0.0200439990222437,0
MSFT,2020-10-16,MSFT_20201016_01012,ml/datasets/charts/processed/MSFT/MSFT_20201016_01012.png,-0.015615041427661,-0.0247655467540744,0
NVDA,2020-10-16,NVDA_20201016_01012,ml/datasets/charts/processed/NVDA/NVDA_20201016_01012.png,-0.0159304851556842,-0.0224475018102824,0
AMZN,2020-10-19,AMZN_20201019_01013,ml/datasets/charts/processed/AMZN/AMZN_20201019_01013.png,-6.235969069601222e-05,0.0030556248441007,1
MSFT,2020-10-19,MSFT_20201019_01013,ml/datasets/charts/processed/MSFT/MSFT_20201019_01013.png,-0.0193259266174959,0.0020072822332182,1
NVDA,2020-10-19,NVDA_20201019_01013,ml/datasets/charts/processed/NVDA/NVDA_20201019_01013.png,-0.0266666666666666,0.011111111111111,1
AMZN,2020-10-20,AMZN_20201020_01014,ml/datasets/charts/processed/AMZN/AMZN_20201020_01014.png,0.0215728940006216,-0.0099471557351569,0
MSFT,2020-10-20,MSFT_20201020_01014,ml/datasets/charts/processed/MSFT/MSFT_20201020_01014.png,-0.0065222455159562,0.0006988120195667,1
NVDA,2020-10-20,NVDA_20201020_01014,ml/datasets/charts/processed/NVDA/NVDA_20201020_01014.png,-0.0183150183150183,-0.0095238095238096,0
AMZN,2020-10-21,AMZN_20201021_01015,ml/datasets/charts/processed/AMZN/AMZN_20201021_01015.png,-0.0069701726844584,-0.0027001569858713,0
MSFT,2020-10-21,MSFT_20201021_01015,ml/datasets/charts/processed/MSFT/MSFT_20201021_01015.png,-0.0564245810055865,0.0004189944134076,1
NVDA,2020-10-21,NVDA_20201021_01015,ml/datasets/charts/processed/NVDA/NVDA_20201021_01015.png,-0.0658284023668638,-0.0118343195266272,0
AMZN,2020-10-22,AMZN_20201022_01016,ml/datasets/charts/processed/AMZN/AMZN_20201022_01016.png,0.0108928346555849,0.0088150107039415,1
MSFT,2020-10-22,MSFT_20201022_01016,ml/datasets/charts/processed/MSFT/MSFT_20201022_01016.png,-0.0473265391595699,0.0062357485224999,1
NVDA,2020-10-22,NVDA_20201022_01016,ml/datasets/charts/processed/NVDA/NVDA_20201022_01016.png,-0.0254491017964071,0.0172155688622754,1
AMZN,2020-10-23,AMZN_20201023_01017,ml/datasets/charts/processed/AMZN/AMZN_20201023_01017.png,-0.0524903258020221,0.0008113843465233,1
MSFT,2020-10-23,MSFT_20201023_01017,ml/datasets/charts/processed/MSFT/MSFT_20201023_01017.png,-0.0636359432086204,-0.0284419368265271,0
NVDA,2020-10-23,NVDA_20201023_01017,ml/datasets/charts/processed/NVDA/NVDA_20201023_01017.png,-0.0779985283296541,-0.0331125827814569,0
AMZN,2020-10-26,AMZN_20201026_01018,ml/datasets/charts/processed/AMZN/AMZN_20201026_01018.png,-0.0631743062051761,0.0247583411287808,1
MSFT,2020-10-26,MSFT_20201026_01018,ml/datasets/charts/processed/MSFT/MSFT_20201026_01018.png,-0.0368907083015993,0.0150894897182025,1
NVDA,2020-10-26,NVDA_20201026_01018,ml/datasets/charts/processed/NVDA/NVDA_20201026_01018.png,-0.0426179604261796,0.0197869101978691,1
AMZN,2020-10-27,AMZN_20201027_01019,ml/datasets/charts/processed/AMZN/AMZN_20201027_01019.png,-0.0724196689386563,-0.0376095423563778,0
MSFT,2020-10-27,MSFT_20201027_01019,ml/datasets/charts/processed/MSFT/MSFT_20201027_01019.png,-0.0319812426729191,-0.0495662368112543,0
NVDA,2020-10-27,NVDA_20201027_01019,ml/datasets/charts/processed/NVDA/NVDA_20201027_01019.png,-0.0283582089552238,-0.0574626865671641,0
AMZN,2020-10-28,AMZN_20201028_01020,ml/datasets/charts/processed/AMZN/AMZN_20201028_01020.png,0.0247881623877577,0.0152396610598206,1
MSFT,2020-10-28,MSFT_20201028_01020,ml/datasets/charts/processed/MSFT/MSFT_20201028_01020.png,0.0676435760805209,0.0100651272942569,1
NVDA,2020-10-28,NVDA_20201028_01020,ml/datasets/charts/processed/NVDA/NVDA_20201028_01020.png,0.0918448139350751,0.030878859857482,1
AMZN,2020-10-29,AMZN_20201029_01021,ml/datasets/charts/processed/AMZN/AMZN_20201029_01021.png,0.0345686701962004,-0.0544378698224852,0
MSFT,2020-10-29,MSFT_20201029_01021,ml/datasets/charts/processed/MSFT/MSFT_20201029_01021.png,0.090709261430246,-0.0109906213364595,0
NVDA,2020-10-29,NVDA_20201029_01021,ml/datasets/charts/processed/NVDA/NVDA_20201029_01021.png,0.0875576036866359,-0.0376344086021505,0
AMZN,2020-10-30,AMZN_20201030_01022,ml/datasets/charts/processed/AMZN/AMZN_20201030_01022.png,0.0906396153086093,-0.0104736183387128,0
MSFT,2020-10-30,MSFT_20201030_01022,ml/datasets/charts/processed/MSFT/MSFT_20201030_01022.png,0.1049538203190596,-0.0006914604632783,0
NVDA,2020-10-30,NVDA_20201030_01022,ml/datasets/charts/processed/NVDA/NVDA_20201030_01022.png,0.1620111731843576,0.0039904229848364,1
AMZN,2020-11-02,AMZN_20201102_01023,ml/datasets/charts/processed/AMZN/AMZN_20201102_01023.png,0.0463986153641327,0.0146451870589801,1
MSFT,2020-11-02,MSFT_20201102_01023,ml/datasets/charts/processed/MSFT/MSFT_20201102_01023.png,0.0793752780111698,0.0202639252705976,1
NVDA,2020-11-02,NVDA_20201102_01023,ml/datasets/charts/processed/NVDA/NVDA_20201102_01023.png,0.0834658187599364,0.0349761526232113,1
AMZN,2020-11-03,AMZN_20201103_01024,ml/datasets/charts/processed/AMZN/AMZN_20201103_01024.png,-0.0043957485894239,0.0632462931373836,1
MSFT,2020-11-03,MSFT_20201103_01024,ml/datasets/charts/processed/MSFT/MSFT_20201103_01024.png,0.0221866976699123,0.0482488010463595,1
NVDA,2020-11-03,NVDA_20201103_01024,ml/datasets/charts/processed/NVDA/NVDA_20201103_01024.png,-0.0192012288786482,0.0591397849462365,1
AMZN,2020-11-04,AMZN_20201104_01025,ml/datasets/charts/processed/AMZN/AMZN_20201104_01025.png,-0.0320251758607922,0.0249290386276688,1
MSFT,2020-11-04,MSFT_20201104_01025,ml/datasets/charts/processed/MSFT/MSFT_20201104_01025.png,0.0007394057026666,0.0318868709274919,1
NVDA,2020-11-04,NVDA_20201104_01025,ml/datasets/charts/processed/NVDA/NVDA_20201104_01025.png,-0.0268310369833212,0.0268310369833213,1
AMZN,2020-11-05,AMZN_20201105_01026,ml/datasets/charts/processed/AMZN/AMZN_20201105_01026.png,-0.0637567730282961,-0.0031908488862131,0
MSFT,2020-11-05,MSFT_20201105_01026,ml/datasets/charts/processed/MSFT/MSFT_20201105_01026.png,-0.0351560750593398,0.0019257467866899,1
NVDA,2020-11-05,NVDA_20201105_01026,ml/datasets/charts/processed/NVDA/NVDA_20201105_01026.png,-0.0494350282485874,0.0282485875706215,1
AMZN,2020-11-06,AMZN_20201106_01027,ml/datasets/charts/processed/AMZN/AMZN_20201106_01027.png,-0.0551428398864528,-0.0506130337621549,0
MSFT,2020-11-06,MSFT_20201106_01027,ml/datasets/charts/processed/MSFT/MSFT_20201106_01027.png,-0.0322277847309137,-0.0238244233863759,0
NVDA,2020-11-06,NVDA_20201106_01027,ml/datasets/charts/processed/NVDA/NVDA_20201106_01027.png,-0.0865384615384615,-0.0638736263736263,0
AMZN,2020-11-09,AMZN_20201109_01028,ml/datasets/charts/processed/AMZN/AMZN_20201109_01028.png,-0.0040715058209809,-0.0346077994783382,0
MSFT,2020-11-09,MSFT_20201109_01028,ml/datasets/charts/processed/MSFT/MSFT_20201109_01028.png,-0.0053115985164156,-0.033792756078575,0
NVDA,2020-11-09,NVDA_20201109_01028,ml/datasets/charts/processed/NVDA/NVDA_20201109_01028.png,-0.0080704328686721,-0.0630961115187088,0
AMZN,2020-11-10,AMZN_20201110_01029,ml/datasets/charts/processed/AMZN/AMZN_20201110_01029.png,0.0331466227347612,0.0337397034596376,1
MSFT,2020-11-10,MSFT_20201110_01029,ml/datasets/charts/processed/MSFT/MSFT_20201110_01029.png,0.0163499360219896,0.0262546798729919,1
NVDA,2020-11-10,NVDA_20201110_01029,ml/datasets/charts/processed/NVDA/NVDA_20201110_01029.png,0.0509005481597495,0.0509005481597495,1
AMZN,2020-11-11,AMZN_20201111_01030,ml/datasets/charts/processed/AMZN/AMZN_20201111_01030.png,-0.0101995282718173,-0.0086695990310449,0
MSFT,2020-11-11,MSFT_20201111_01030,ml/datasets/charts/processed/MSFT/MSFT_20201111_01030.png,-0.0252597552528284,-0.005125836989148,0
NVDA,2020-11-11,NVDA_20201111_01030,ml/datasets/charts/processed/NVDA/NVDA_20201111_01030.png,0.0007451564828613,0.0029806259314457,1
AMZN,2020-11-12,AMZN_20201112_01031,ml/datasets/charts/processed/AMZN/AMZN_20201112_01031.png,0.0021863545752685,0.0059803228088226,1
MSFT,2020-11-12,MSFT_20201112_01031,ml/datasets/charts/processed/MSFT/MSFT_20201112_01031.png,-0.0140178239881173,0.00496658002228,1
NVDA,2020-11-12,NVDA_20201112_01031,ml/datasets/charts/processed/NVDA/NVDA_20201112_01031.png,-0.0014858841010402,-0.0118870728083209,0
AMZN,2020-11-13,AMZN_20201113_01032,ml/datasets/charts/processed/AMZN/AMZN_20201113_01032.png,-0.0093965737663002,0.0007031449757095,1
MSFT,2020-11-13,MSFT_20201113_01032,ml/datasets/charts/processed/MSFT/MSFT_20201113_01032.png,-0.0282665927670777,0.0033254815020091,1
NVDA,2020-11-13,NVDA_20201113_01032,ml/datasets/charts/processed/NVDA/NVDA_20201113_01032.png,-0.0157894736842105,0.0165413533834586,1
AMZN,2020-11-16,AMZN_20201116_01033,ml/datasets/charts/processed/AMZN/AMZN_20201116_01033.png,-0.0104120089428298,0.0014691791759819,1
MSFT,2020-11-16,MSFT_20201116_01033,ml/datasets/charts/processed/MSFT/MSFT_20201116_01033.png,-0.0327763200294617,-0.0127514615844955,0
NVDA,2020-11-16,NVDA_20201116_01033,ml/datasets/charts/processed/NVDA/NVDA_20201116_01033.png,-0.0281065088757396,-0.0073964497041419,0
AMZN,2020-11-17,AMZN_20201117_01034,ml/datasets/charts/processed/AMZN/AMZN_20201117_01034.png,-0.0056129608368413,-0.0096313305268528,0
MSFT,2020-11-17,MSFT_20201117_01034,ml/datasets/charts/processed/MSFT/MSFT_20201117_01034.png,-0.0027977245173924,-0.0157605147813111,0
NVDA,2020-11-17,NVDA_20201117_01034,ml/datasets/charts/processed/NVDA/NVDA_20201117_01034.png,-0.0342771982116243,0.0007451564828613,1
AMZN,2020-11-18,AMZN_20201118_01035,ml/datasets/charts/processed/AMZN/AMZN_20201118_01035.png,0.0256327687254458,0.0037354286082307,1
MSFT,2020-11-18,MSFT_20201118_01035,ml/datasets/charts/processed/MSFT/MSFT_20201118_01035.png,0.0132177373507673,0.0063483039605836,1
NVDA,2020-11-18,NVDA_20201118_01035,ml/datasets/charts/processed/NVDA/NVDA_20201118_01035.png,-0.0148920327624719,0.0007446016381236,1
AMZN,2020-11-19,AMZN_20201119_01036,ml/datasets/charts/processed/AMZN/AMZN_20201119_01036.png,0.025152390118704,-0.0056464549246069,0
MSFT,2020-11-19,MSFT_20201119_01036,ml/datasets/charts/processed/MSFT/MSFT_20201119_01036.png,0.0132285095565389,-0.0095565389323039,0
NVDA,2020-11-19,NVDA_20201119_01036,ml/datasets/charts/processed/NVDA/NVDA_20201119_01036.png,-0.013392857142857,-0.0260416666666666,0
AMZN,2020-11-20,AMZN_20201120_01037,ml/datasets/charts/processed/AMZN/AMZN_20201120_01037.png,0.0221333161257017,-0.0003226430922114,0
MSFT,2020-11-20,MSFT_20201120_01037,ml/datasets/charts/processed/MSFT/MSFT_20201120_01037.png,0.0174913256333475,-0.0013308617329719,0
NVDA,2020-11-20,NVDA_20201120_01037,ml/datasets/charts/processed/NVDA/NVDA_20201120_01037.png,0.0236822001527883,0.0038197097020626,1
AMZN,2020-11-23,AMZN_20201123_01038,ml/datasets/charts/processed/AMZN/AMZN_20201123_01038.png,0.0392460624838626,0.0063258455977279,1
MSFT,2020-11-23,MSFT_20201123_01038,ml/datasets/charts/processed/MSFT/MSFT_20201123_01038.png,0.0290324115939268,0.01784779401266,1
NVDA,2020-11-23,NVDA_20201123_01038,ml/datasets/charts/processed/NVDA/NVDA_20201123_01038.png,0.0190258751902587,-0.0136986301369862,0
AMZN,2020-11-24,AMZN_20201124_01039,ml/datasets/charts/processed/AMZN/AMZN_20201124_01039.png,0.0274534958306607,0.0214881334188581,1
MSFT,2020-11-24,MSFT_20201124_01039,ml/datasets/charts/processed/MSFT/MSFT_20201124_01039.png,0.0070606939119048,4.675956233035628e-05,1
NVDA,2020-11-24,NVDA_20201124_01039,ml/datasets/charts/processed/NVDA/NVDA_20201124_01039.png,0.0447530864197529,0.0208333333333332,1
AMZN,2020-11-25,AMZN_20201125_01040,ml/datasets/charts/processed/AMZN/AMZN_20201125_01040.png,0.0005651491365776,0.003265306122449,1
MSFT,2020-11-25,MSFT_20201125_01040,ml/datasets/charts/processed/MSFT/MSFT_20201125_01040.png,0.0017300229111143,0.006359003132744,1
NVDA,2020-11-25,NVDA_20201125_01040,ml/datasets/charts/processed/NVDA/NVDA_20201125_01040.png,0.0128495842781557,0.002267573696145,1
AMZN,2020-11-27,AMZN_20201127_01041,ml/datasets/charts/processed/AMZN/AMZN_20201127_01041.png,-0.0102647555861551,-0.0085748263128246,0
MSFT,2020-11-27,MSFT_20201127_01041,ml/datasets/charts/processed/MSFT/MSFT_20201127_01041.png,-0.0040421874274031,-0.0053895832365375,0
NVDA,2020-11-27,NVDA_20201127_01041,ml/datasets/charts/processed/NVDA/NVDA_20201127_01041.png,0.0226244343891404,0.0105580693815987,1
AMZN,2020-11-30,AMZN_20201130_01042,ml/datasets/charts/processed/AMZN/AMZN_20201130_01042.png,-0.0031565656565656,0.0164141414141414,1
MSFT,2020-11-30,MSFT_20201130_01042,ml/datasets/charts/processed/MSFT/MSFT_20201130_01042.png,0.0010277012192272,0.0099967300415753,1
NVDA,2020-11-30,NVDA_20201130_01042,ml/datasets/charts/processed/NVDA/NVDA_20201130_01042.png,0.0156716417910447,-0.0007462686567164,0
AMZN,2020-12-01,AMZN_20201201_01043,ml/datasets/charts/processed/AMZN/AMZN_20201201_01043.png,-0.0132919254658384,-0.0050931677018632,0
MSFT,2020-12-01,MSFT_20201201_01043,ml/datasets/charts/processed/MSFT/MSFT_20201201_01043.png,-0.0009250265945146,-0.0038851116969612,0
NVDA,2020-12-01,NVDA_20201201_01043,ml/datasets/charts/processed/NVDA/NVDA_20201201_01043.png,-0.0029873039581778,0.0112023898431663,1
AMZN,2020-12-02,AMZN_20201202_01044,ml/datasets/charts/processed/AMZN/AMZN_20201202_01044.png,-0.0310275939567985,-0.0052441003870645,0
MSFT,2020-12-02,MSFT_20201202_01044,ml/datasets/charts/processed/MSFT/MSFT_20201202_01044.png,-0.0165761248084691,-0.0052467846032409,0
NVDA,2020-12-02,NVDA_20201202_01044,ml/datasets/charts/processed/NVDA/NVDA_20201202_01044.png,-0.0450516986706055,-0.0103397341211225,0
AMZN,2020-12-03,AMZN_20201203_01045,ml/datasets/charts/processed/AMZN/AMZN_20201203_01045.png,-0.0267980419229321,-0.0075938245261705,0
MSFT,2020-12-03,MSFT_20201203_01045,ml/datasets/charts/processed/MSFT/MSFT_20201203_01045.png,-0.0173637042569081,0.0005601194921582,1
NVDA,2020-12-03,NVDA_20201203_01045,ml/datasets/charts/processed/NVDA/NVDA_20201203_01045.png,-0.0320895522388059,0.0119402985074625,1
AMZN,2020-12-04,AMZN_20201204_01046,ml/datasets/charts/processed/AMZN/AMZN_20201204_01046.png,-0.0146082337317396,-0.0014544994624675,0
MSFT,2020-12-04,MSFT_20201204_01046,ml/datasets/charts/processed/MSFT/MSFT_20201204_01046.png,-0.0051315543944766,-0.0003265534614668,0
NVDA,2020-12-04,NVDA_20201204_01046,ml/datasets/charts/processed/NVDA/NVDA_20201204_01046.png,-0.0405604719764012,0.0036873156342183,1
AMZN,2020-12-07,AMZN_20201207_01047,ml/datasets/charts/processed/AMZN/AMZN_20201207_01047.png,-0.000316656111463,0.0060797973400887,1
MSFT,2020-12-07,MSFT_20201207_01047,ml/datasets/charts/processed/MSFT/MSFT_20201207_01047.png,-0.000419991600168,0.0080265061365438,1
NVDA,2020-12-07,NVDA_20201207_01047,ml/datasets/charts/processed/NVDA/NVDA_20201207_01047.png,-0.0220426157237324,-0.0191036002939015,0
AMZN,2020-12-08,AMZN_20201208_01048,ml/datasets/charts/processed/AMZN/AMZN_20201208_01048.png,-0.0037769104872216,-0.0229762054639305,0
MSFT,2020-12-08,MSFT_20201208_01048,ml/datasets/charts/processed/MSFT/MSFT_20201208_01048.png,-0.0087033007731123,-0.0194898384334057,0
NVDA,2020-12-08,NVDA_20201208_01048,ml/datasets/charts/processed/NVDA/NVDA_20201208_01048.png,0.0007490636704119,-0.0314606741573033,0
AMZN,2020-12-09,AMZN_20201209_01049,ml/datasets/charts/processed/AMZN/AMZN_20201209_01049.png,0.0440693254300625,-0.0009020037368727,0
MSFT,2020-12-09,MSFT_20201209_01049,ml/datasets/charts/processed/MSFT/MSFT_20201209_01049.png,0.0353163361661945,-0.0060434372049102,0
NVDA,2020-12-09,NVDA_20201209_01049,ml/datasets/charts/processed/NVDA/NVDA_20201209_01049.png,0.0239752513534416,0.0030935808197989,1
AMZN,2020-12-10,AMZN_20201210_01050,ml/datasets/charts/processed/AMZN/AMZN_20201210_01050.png,0.0433997549493778,0.0048365254401239,1
MSFT,2020-12-10,MSFT_20201210_01050,ml/datasets/charts/processed/MSFT/MSFT_20201210_01050.png,0.0422762682880484,0.0130153904617138,1
NVDA,2020-12-10,NVDA_20201210_01050,ml/datasets/charts/processed/NVDA/NVDA_20201210_01050.png,0.0285273708558211,0.0030840400925211,1
AMZN,2020-12-11,AMZN_20201211_01051,ml/datasets/charts/processed/AMZN/AMZN_20201211_01051.png,0.0273392375818253,0.0130278526504941,1
MSFT,2020-12-11,MSFT_20201211_01051,ml/datasets/charts/processed/MSFT/MSFT_20201211_01051.png,0.0249929663321768,0.0044077651692768,1
NVDA,2020-12-11,NVDA_20201211_01051,ml/datasets/charts/processed/NVDA/NVDA_20201211_01051.png,0.0199846272098385,0.0230591852421215,1
AMZN,2020-12-14,AMZN_20201214_01052,ml/datasets/charts/processed/AMZN/AMZN_20201214_01052.png,0.0155844155844155,0.0025974025974024,1
MSFT,2020-12-14,MSFT_20201214_01052,ml/datasets/charts/processed/MSFT/MSFT_20201214_01052.png,0.0391690009337069,-0.0003267973856209,0
NVDA,2020-12-14,NVDA_20201214_01052,ml/datasets/charts/processed/NVDA/NVDA_20201214_01052.png,0.001502629601803,0.0037565740045077,1
AMZN,2020-12-15,AMZN_20201215_01053,ml/datasets/charts/processed/AMZN/AMZN_20201215_01053.png,0.0130797421963857,0.023947933779856,1
MSFT,2020-12-15,MSFT_20201215_01053,ml/datasets/charts/processed/MSFT/MSFT_20201215_01053.png,0.0458132909914537,0.0240508102554524,1
NVDA,2020-12-15,NVDA_20201215_01053,ml/datasets/charts/processed/NVDA/NVDA_20201215_01053.png,-0.0059880239520958,-0.0089820359281436,0
AMZN,2020-12-16,AMZN_20201216_01054,ml/datasets/charts/processed/AMZN/AMZN_20201216_01054.png,-0.0172169083616169,-0.0015427337241592,0
MSFT,2020-12-16,MSFT_20201216_01054,ml/datasets/charts/processed/MSFT/MSFT_20201216_01054.png,0.0079350601970085,0.0006384531192995,1
NVDA,2020-12-16,NVDA_20201216_01054,ml/datasets/charts/processed/NVDA/NVDA_20201216_01054.png,-0.0173716012084592,0.0075528700906344,1
AMZN,2020-12-17,AMZN_20201217_01055,ml/datasets/charts/processed/AMZN/AMZN_20201217_01055.png,-0.0195920889987639,-0.0106304079110012,0
MSFT,2020-12-17,MSFT_20201217_01055,ml/datasets/charts/processed/MSFT/MSFT_20201217_01055.png,0.0151763740771124,-0.0037826998450459,0
NVDA,2020-12-17,NVDA_20201217_01055,ml/datasets/charts/processed/NVDA/NVDA_20201217_01055.png,-0.0262368815592203,-0.0052473763118441,0
AMZN,2020-12-18,AMZN_20201218_01056,ml/datasets/charts/processed/AMZN/AMZN_20201218_01056.png,0.0257371314342826,0.0014367816091953,1
MSFT,2020-12-18,MSFT_20201218_01056,ml/datasets/charts/processed/MSFT/MSFT_20201218_01056.png,0.0291413147902466,0.0182990987693856,1
NVDA,2020-12-18,NVDA_20201218_01056,ml/datasets/charts/processed/NVDA/NVDA_20201218_01056.png,-0.0278824415975884,0.0045214770158252,1
AMZN,2020-12-21,AMZN_20201221_01057,ml/datasets/charts/processed/AMZN/AMZN_20201221_01057.png,0.0361175223005425,0.000124758280831,1
MSFT,2020-12-21,MSFT_20201221_01057,ml/datasets/charts/processed/MSFT/MSFT_20201221_01057.png,0.0070084010961857,0.0060649624870838,1
NVDA,2020-12-21,NVDA_20201221_01057,ml/datasets/charts/processed/NVDA/NVDA_20201221_01057.png,-0.0292573143285821,-0.0037509377344336,0
AMZN,2020-12-22,AMZN_20201222_01058,ml/datasets/charts/processed/AMZN/AMZN_20201222_01058.png,0.0246990581924779,-0.0066737354206949,0
MSFT,2020-12-22,MSFT_20201222_01058,ml/datasets/charts/processed/MSFT/MSFT_20201222_01058.png,-0.010091988925605,-0.0130392069304277,0
NVDA,2020-12-22,NVDA_20201222_01058,ml/datasets/charts/processed/NVDA/NVDA_20201222_01058.png,-0.0097891566265059,-0.0203313253012047,0
AMZN,2020-12-23,AMZN_20201223_01059,ml/datasets/charts/processed/AMZN/AMZN_20201223_01059.png,0.0225417556197413,-0.0039557955544392,0
MSFT,2020-12-23,MSFT_20201223_01059,ml/datasets/charts/processed/MSFT/MSFT_20201223_01059.png,0.0063342683920006,0.0078273459415436,1
NVDA,2020-12-23,NVDA_20201223_01059,ml/datasets/charts/processed/NVDA/NVDA_20201223_01059.png,0.0030745580322828,-0.0015372790161414,0
AMZN,2020-12-24,AMZN_20201224_01060,ml/datasets/charts/processed/AMZN/AMZN_20201224_01060.png,0.0044127844669987,0.0351131564016893,1
MSFT,2020-12-24,MSFT_20201224_01060,ml/datasets/charts/processed/MSFT/MSFT_20201224_01060.png,-0.022716049382716,0.0099214365881032,1
NVDA,2020-12-24,NVDA_20201224_01060,ml/datasets/charts/processed/NVDA/NVDA_20201224_01060.png,0.0092378752886834,-0.0069284064665127,0
AMZN,2020-12-28,AMZN_20201228_01061,ml/datasets/charts/processed/AMZN/AMZN_20201228_01061.png,-0.0199147381242386,0.0115712545676005,1
MSFT,2020-12-28,MSFT_20201228_01061,ml/datasets/charts/processed/MSFT/MSFT_20201228_01061.png,-0.0313833570412518,-0.003600640113798,0
NVDA,2020-12-28,NVDA_20201228_01061,ml/datasets/charts/processed/NVDA/NVDA_20201228_01061.png,0.0387596899224806,0.0031007751937983,1
AMZN,2020-12-29,AMZN_20201229_01062,ml/datasets/charts/processed/AMZN/AMZN_20201229_01062.png,-0.0552679108970499,-0.0108970499698977,0
MSFT,2020-12-29,MSFT_20201229_01062,ml/datasets/charts/processed/MSFT/MSFT_20201229_01062.png,-0.0530894490296676,-0.0110194066473343,0
NVDA,2020-12-29,NVDA_20201229_01062,ml/datasets/charts/processed/NVDA/NVDA_20201229_01062.png,-0.0255023183925811,0.0162287480680063,1
AMZN,2020-12-30,AMZN_20201230_01063,ml/datasets/charts/processed/AMZN/AMZN_20201230_01063.png,-0.0376164100066953,-0.0087649887394242,0
MSFT,2020-12-30,MSFT_20201230_01063,ml/datasets/charts/processed/MSFT/MSFT_20201230_01063.png,-0.0152923132443162,0.0033381450739804,1
NVDA,2020-12-30,NVDA_20201230_01063,ml/datasets/charts/processed/NVDA/NVDA_20201230_01063.png,0.0144486692015208,-0.0076045627376425,0
AMZN,2020-12-31,AMZN_20201231_01064,ml/datasets/charts/processed/AMZN/AMZN_20201231_01064.png,-0.0228431071538225,-0.0216149831132943,0
MSFT,2020-12-31,MSFT_20201231_01064,ml/datasets/charts/processed/MSFT/MSFT_20201231_01064.png,-0.0125887959715852,-0.0212660731948565,0
NVDA,2020-12-31,NVDA_20201231_01064,ml/datasets/charts/processed/NVDA/NVDA_20201231_01064.png,0.0176245210727967,0.0045977011494251,1
AMZN,2021-01-04,AMZN_20210104_01065,ml/datasets/charts/processed/AMZN/AMZN_20210104_01065.png,-0.0227201405887153,0.0100420510889349,1
MSFT,2021-01-04,MSFT_20210104_01065,ml/datasets/charts/processed/MSFT/MSFT_20210104_01065.png,-0.0009187376544627,0.0009646745371858,1
NVDA,2021-01-04,NVDA_20210104_01065,ml/datasets/charts/processed/NVDA/NVDA_20210104_01065.png,0.0389016018306636,0.0221205186880244,1
AMZN,2021-01-05,AMZN_20210105_01066,ml/datasets/charts/processed/AMZN/AMZN_20210105_01066.png,-0.0303858820605232,-0.0249176660659915,0
MSFT,2021-01-05,MSFT_20210105_01066,ml/datasets/charts/processed/MSFT/MSFT_20210105_01066.png,-0.0136301055530059,-0.025929325378614,0
NVDA,2021-01-05,NVDA_20210105_01066,ml/datasets/charts/processed/NVDA/NVDA_20210105_01066.png,0.0059701492537314,-0.058955223880597,0
AMZN,2021-01-06,AMZN_20210106_01067,ml/datasets/charts/processed/AMZN/AMZN_20210106_01067.png,0.0087305633443792,0.0075834820290594,1
MSFT,2021-01-06,MSFT_20210106_01067,ml/datasets/charts/processed/MSFT/MSFT_20210106_01067.png,0.0192697290930505,0.0284570082449939,1
NVDA,2021-01-06,NVDA_20210106_01067,ml/datasets/charts/processed/NVDA/NVDA_20210106_01067.png,0.0729579698651863,0.0578905630452022,1
AMZN,2021-01-07,AMZN_20210107_01068,ml/datasets/charts/processed/AMZN/AMZN_20210107_01068.png,-0.0110049965214091,0.0064512048573777,1
MSFT,2021-01-07,MSFT_20210107_01068,ml/datasets/charts/processed/MSFT/MSFT_20210107_01068.png,-0.02414219616107,0.0060928123138943,1
NVDA,2021-01-07,NVDA_20210107_01068,ml/datasets/charts/processed/NVDA/NVDA_20210107_01068.png,-0.0104947526236881,-0.0044977511244378,0
AMZN,2021-01-08,AMZN_20210108_01069,ml/datasets/charts/processed/AMZN/AMZN_20210108_01069.png,-0.024633947087287,-0.0214918619996228,0
MSFT,2021-01-08,MSFT_20210108_01069,ml/datasets/charts/processed/MSFT/MSFT_20210108_01069.png,-0.0317366360076495,-0.0096985702577178,0
NVDA,2021-01-08,NVDA_20210108_01069,ml/datasets/charts/processed/NVDA/NVDA_20210108_01069.png,-0.0316265060240963,0.0256024096385543,1
AMZN,2021-01-11,AMZN_20210111_01070,ml/datasets/charts/processed/AMZN/AMZN_20210111_01070.png,0.0021193243850747,0.0021193243850747,1
MSFT,2021-01-11,MSFT_20210111_01070,ml/datasets/charts/processed/MSFT/MSFT_20210111_01070.png,-0.0048278081750885,-0.0117706561221205,0
NVDA,2021-01-11,NVDA_20210111_01070,ml/datasets/charts/processed/NVDA/NVDA_20210111_01070.png,-0.0433186490455212,-0.0102790014684286,0
AMZN,2021-01-12,AMZN_20210112_01071,ml/datasets/charts/processed/AMZN/AMZN_20210112_01071.png,0.0456934119456549,0.0144193796462446,1
MSFT,2021-01-12,MSFT_20210112_01071,ml/datasets/charts/processed/MSFT/MSFT_20210112_01071.png,0.0437816963662587,0.0065602754385147,1
NVDA,2021-01-12,NVDA_20210112_01071,ml/datasets/charts/processed/NVDA/NVDA_20210112_01071.png,-0.0081602373887241,0.0037091988130562,1
AMZN,2021-01-13,AMZN_20210113_01072,ml/datasets/charts/processed/AMZN/AMZN_20210113_01072.png,0.0446016804599154,-0.0121296354791836,0
MSFT,2021-01-13,MSFT_20210113_01072,ml/datasets/charts/processed/MSFT/MSFT_20210113_01072.png,0.0398909124526207,-0.0153462142923176,0
NVDA,2021-01-13,NVDA_20210113_01072,ml/datasets/charts/processed/NVDA/NVDA_20210113_01072.png,0.0251293422025129,-0.024390243902439,0
AMZN,2021-01-14,AMZN_20210114_01073,ml/datasets/charts/processed/AMZN/AMZN_20210114_01073.png,0.0526955298330882,-0.0074183027434929,0
MSFT,2021-01-14,MSFT_20210114_01073,ml/datasets/charts/processed/MSFT/MSFT_20210114_01073.png,0.0606985259600036,-0.0017369261102244,0
NVDA,2021-01-14,NVDA_20210114_01073,ml/datasets/charts/processed/NVDA/NVDA_20210114_01073.png,0.0386363636363638,-0.0257575757575757,0
AMZN,2021-01-15,AMZN_20210115_01074,ml/datasets/charts/processed/AMZN/AMZN_20210115_01074.png,0.061142967592294,0.0053475935828875,1
MSFT,2021-01-15,MSFT_20210115_01074,ml/datasets/charts/processed/MSFT/MSFT_20210115_01074.png,0.0793792616976252,0.0178227133787913,1
NVDA,2021-01-15,NVDA_20210115_01074,ml/datasets/charts/processed/NVDA/NVDA_20210115_01074.png,0.0614307931570763,0.0132192846034213,1
AMZN,2021-01-19,AMZN_20210119_01075,ml/datasets/charts/processed/AMZN/AMZN_20210119_01075.png,0.0658164573186363,0.0456934119456549,1
MSFT,2021-01-19,MSFT_20210119_01075,ml/datasets/charts/processed/MSFT/MSFT_20210119_01075.png,0.0734152652005175,0.0364997227869154,1
NVDA,2021-01-19,NVDA_20210119_01075,ml/datasets/charts/processed/NVDA/NVDA_20210119_01075.png,0.0314658480429776,0.0260936300844205,1
AMZN,2021-01-20,AMZN_20210120_01076,ml/datasets/charts/processed/AMZN/AMZN_20210120_01076.png,-0.0094380094380094,0.0133602990745849,1
MSFT,2021-01-20,MSFT_20210120_01076,ml/datasets/charts/processed/MSFT/MSFT_20210120_01076.png,0.0381563697958455,0.0028082374966569,1
NVDA,2021-01-20,NVDA_20210120_01076,ml/datasets/charts/processed/NVDA/NVDA_20210120_01076.png,-0.0336574420344053,0.0373971578160059,1
AMZN,2021-01-21,AMZN_20210121_01077,ml/datasets/charts/processed/AMZN/AMZN_20210121_01077.png,-0.0209857877230117,-0.0044753553069245,0
MSFT,2021-01-21,MSFT_20210121_01077,ml/datasets/charts/processed/MSFT/MSFT_20210121_01077.png,0.0620527181401964,0.0043561363737387,1
NVDA,2021-01-21,NVDA_20210121_01077,ml/datasets/charts/processed/NVDA/NVDA_20210121_01077.png,-0.0591204037490986,-0.0115356885364094,0
AMZN,2021-01-22,AMZN_20210122_01078,ml/datasets/charts/processed/AMZN/AMZN_20210122_01078.png,-0.0261223497964887,0.0005467468562054,1
MSFT,2021-01-22,MSFT_20210122_01078,ml/datasets/charts/processed/MSFT/MSFT_20210122_01078.png,0.026598805045364,0.0158442133215312,1
NVDA,2021-01-22,NVDA_20210122_01078,ml/datasets/charts/processed/NVDA/NVDA_20210122_01078.png,-0.0525164113785558,-0.0043763676148796,0
AMZN,2021-01-25,AMZN_20210125_01079,ml/datasets/charts/processed/AMZN/AMZN_20210125_01079.png,0.0148148148148148,0.0097753491196115,1
MSFT,2021-01-25,MSFT_20210125_01079,ml/datasets/charts/processed/MSFT/MSFT_20210125_01079.png,0.0440900971550559,0.0121988411100946,1
NVDA,2021-01-25,NVDA_20210125_01079,ml/datasets/charts/processed/NVDA/NVDA_20210125_01079.png,-0.03003663003663,-0.0153846153846154,0
AMZN,2021-01-26,AMZN_20210126_01080,ml/datasets/charts/processed/AMZN/AMZN_20210126_01080.png,0.0161746136732607,-0.0281402200709518,0
MSFT,2021-01-26,MSFT_20210126_01080,ml/datasets/charts/processed/MSFT/MSFT_20210126_01080.png,0.0309043171351095,0.0024534067920629,1
NVDA,2021-01-26,NVDA_20210126_01080,ml/datasets/charts/processed/NVDA/NVDA_20210126_01080.png,0.0089285714285713,-0.0386904761904761,0
AMZN,2021-01-27,AMZN_20210127_01081,ml/datasets/charts/processed/AMZN/AMZN_20210127_01081.png,0.0247478809626926,0.0015467425601682,1
MSFT,2021-01-27,MSFT_20210127_01081,ml/datasets/charts/processed/MSFT/MSFT_20210127_01081.png,0.0433662516101331,0.0258909403177329,1
NVDA,2021-01-27,NVDA_20210127_01081,ml/datasets/charts/processed/NVDA/NVDA_20210127_01081.png,0.0472136222910215,0.010061919504644,1
AMZN,2021-01-28,AMZN_20210128_01082,ml/datasets/charts/processed/AMZN/AMZN_20210128_01082.png,0.0288485297751421,-0.0096985421299727,0
MSFT,2021-01-28,MSFT_20210128_01082,ml/datasets/charts/processed/MSFT/MSFT_20210128_01082.png,0.012890804838237,-0.0291717239358807,0
NVDA,2021-01-28,NVDA_20210128_01082,ml/datasets/charts/processed/NVDA/NVDA_20210128_01082.png,0.046743295019157,-0.0045977011494253,0
AMZN,2021-01-29,AMZN_20210129_01083,ml/datasets/charts/processed/AMZN/AMZN_20210129_01083.png,0.0455367725032749,0.0426049529037488,1
MSFT,2021-01-29,MSFT_20210129_01083,ml/datasets/charts/processed/MSFT/MSFT_20210129_01083.png,0.0441455423348853,0.0331522676323503,1
NVDA,2021-01-29,NVDA_20210129_01083,ml/datasets/charts/processed/NVDA/NVDA_20210129_01083.png,0.046189376443418,0.0192455735180907,1
AMZN,2021-02-01,AMZN_20210201_01084,ml/datasets/charts/processed/AMZN/AMZN_20210201_01084.png,-0.0059231781739857,0.0111283953571856,1
MSFT,2021-02-01,MSFT_20210201_01084,ml/datasets/charts/processed/MSFT/MSFT_20210201_01084.png,0.0117671604423117,-0.0005841852701857,0
NVDA,2021-02-01,NVDA_20210201_01084,ml/datasets/charts/processed/NVDA/NVDA_20210201_01084.png,0.0906344410876132,0.0241691842900302,1
AMZN,2021-02-02,AMZN_20210202_01085,ml/datasets/charts/processed/AMZN/AMZN_20210202_01085.png,-0.0221893491124259,-0.0199408284023668,0
MSFT,2021-02-02,MSFT_20210202_01085,ml/datasets/charts/processed/MSFT/MSFT_20210202_01085.png,0.0177863137238529,0.0145714166423114,1
NVDA,2021-02-02,NVDA_20210202_01085,ml/datasets/charts/processed/NVDA/NVDA_20210202_01085.png,0.0516224188790559,-0.002212389380531,0
AMZN,2021-02-03,AMZN_20210203_01086,ml/datasets/charts/processed/AMZN/AMZN_20210203_01086.png,-0.0078488196582743,0.0055545492966251,1
MSFT,2021-02-03,MSFT_20210203_01086,ml/datasets/charts/processed/MSFT/MSFT_20210203_01086.png,-0.0007407407407408,-0.0040740740740741,0
NVDA,2021-02-03,NVDA_20210203_01086,ml/datasets/charts/processed/NVDA/NVDA_20210203_01086.png,0.090909090909091,0.0096082779009609,1
AMZN,2021-02-04,AMZN_20210204_01087,ml/datasets/charts/processed/AMZN/AMZN_20210204_01087.png,-0.0206544581206844,0.006364455118583,1
MSFT,2021-02-04,MSFT_20210204_01087,ml/datasets/charts/processed/MSFT/MSFT_20210204_01087.png,0.0102475104334531,0.0007850915251434,1
NVDA,2021-02-04,NVDA_20210204_01087,ml/datasets/charts/processed/NVDA/NVDA_20210204_01087.png,0.116398243045388,-0.0051244509516837,0
AMZN,2021-02-05,AMZN_20210205_01088,ml/datasets/charts/processed/AMZN/AMZN_20210205_01088.png,-0.022194379810274,-0.0087106974524193,0
MSFT,2021-02-05,MSFT_20210205_01088,ml/datasets/charts/processed/MSFT/MSFT_20210205_01088.png,0.0115194054500413,0.0011147811725846,1
NVDA,2021-02-05,NVDA_20210205_01088,ml/datasets/charts/processed/NVDA/NVDA_20210205_01088.png,0.1008094186902135,0.0625459896983076,1
AMZN,2021-02-08,AMZN_20210208_01089,ml/datasets/charts/processed/AMZN/AMZN_20210208_01089.png,-0.016250376166115,-0.0054167920553717,0
MSFT,2021-02-08,MSFT_20210208_01089,ml/datasets/charts/processed/MSFT/MSFT_20210208_01089.png,0.0050727925104137,0.0053614880191363,1
NVDA,2021-02-08,NVDA_20210208_01089,ml/datasets/charts/processed/NVDA/NVDA_20210208_01089.png,0.0616343490304709,-0.0124653739612188,0
AMZN,2021-02-09,AMZN_20210209_01090,ml/datasets/charts/processed/AMZN/AMZN_20210209_01090.png,0.001089258698941,-0.0055673222390316,0
MSFT,2021-02-09,MSFT_20210209_01090,ml/datasets/charts/processed/MSFT/MSFT_20210209_01090.png,0.0017639578291011,-0.0038971161340608,0
NVDA,2021-02-09,NVDA_20210209_01090,ml/datasets/charts/processed/NVDA/NVDA_20210209_01090.png,0.0455820476858346,0.0350631136044881,1
AMZN,2021-02-10,AMZN_20210210_01091,ml/datasets/charts/processed/AMZN/AMZN_20210210_01091.png,0.0126574575549198,-0.007424085681251,0
MSFT,2021-02-10,MSFT_20210210_01091,ml/datasets/charts/processed/MSFT/MSFT_20210210_01091.png,0.0039947286055515,0.0068775224446091,1
NVDA,2021-02-10,NVDA_20210210_01091,ml/datasets/charts/processed/NVDA/NVDA_20210210_01091.png,0.0047425474254743,0.0331978319783197,1
AMZN,2021-02-11,AMZN_20210211_01092,ml/datasets/charts/processed/AMZN/AMZN_20210211_01092.png,-0.0037398074918767,0.0047820489240388,1
MSFT,2021-02-11,MSFT_20210211_01092,ml/datasets/charts/processed/MSFT/MSFT_20210211_01092.png,-0.0143973168636754,0.0020450734181356,1
NVDA,2021-02-11,NVDA_20210211_01092,ml/datasets/charts/processed/NVDA/NVDA_20210211_01092.png,-0.020983606557377,-0.0190163934426228,0
AMZN,2021-02-12,AMZN_20210212_01093,ml/datasets/charts/processed/AMZN/AMZN_20210212_01093.png,-0.0295930197083409,-0.0026847275611691,0
MSFT,2021-02-12,MSFT_20210212_01093,ml/datasets/charts/processed/MSFT/MSFT_20210212_01093.png,-0.0427772562145394,-0.0052655210416752,0
NVDA,2021-02-12,NVDA_20210212_01093,ml/datasets/charts/processed/NVDA/NVDA_20210212_01093.png,-0.0401069518716578,0.0247326203208555,1
AMZN,2021-02-16,AMZN_20210216_01094,ml/datasets/charts/processed/AMZN/AMZN_20210216_01094.png,-0.0228204343836034,0.012113796267972,1
MSFT,2021-02-16,MSFT_20210216_01094,ml/datasets/charts/processed/MSFT/MSFT_20210216_01094.png,-0.0427985227739022,0.0020517029134181,1
NVDA,2021-02-16,NVDA_20210216_01094,ml/datasets/charts/processed/NVDA/NVDA_20210216_01094.png,-0.0776255707762556,-0.0273972602739726,0
AMZN,2021-02-17,AMZN_20210217_01095,ml/datasets/charts/processed/AMZN/AMZN_20210217_01095.png,-0.0450341534183643,0.0059239557516774,1
MSFT,2021-02-17,MSFT_20210217_01095,ml/datasets/charts/processed/MSFT/MSFT_20210217_01095.png,-0.0395167895167893,-0.0016789516789517,0
NVDA,2021-02-17,NVDA_20210217_01095,ml/datasets/charts/processed/NVDA/NVDA_20210217_01095.png,-0.0274983232729711,-0.005365526492287,0
AMZN,2021-02-18,AMZN_20210218_01096,ml/datasets/charts/processed/AMZN/AMZN_20210218_01096.png,-0.0814253951084669,-0.0234961841235502,0
MSFT,2021-02-18,MSFT_20210218_01096,ml/datasets/charts/processed/MSFT/MSFT_20210218_01096.png,-0.0607079863817219,-0.011567332540301,0
NVDA,2021-02-18,NVDA_20210218_01096,ml/datasets/charts/processed/NVDA/NVDA_20210218_01096.png,-0.1024949426837491,0.0067430883344572,1
AMZN,2021-02-19,AMZN_20210219_01097,ml/datasets/charts/processed/AMZN/AMZN_20210219_01097.png,-0.0483076923076922,-0.0212923076923077,0
MSFT,2021-02-19,MSFT_20210219_01097,ml/datasets/charts/processed/MSFT/MSFT_20210219_01097.png,-0.0356475909864298,-0.0268083163879321,0
NVDA,2021-02-19,NVDA_20210219_01097,ml/datasets/charts/processed/NVDA/NVDA_20210219_01097.png,-0.0817146684527795,-0.0381781647689216,0
AMZN,2021-02-22,AMZN_20210222_01098,ml/datasets/charts/processed/AMZN/AMZN_20210222_01098.png,-0.0108777665995974,0.0042756539235413,1
MSFT,2021-02-22,MSFT_20210222_01098,ml/datasets/charts/processed/MSFT/MSFT_20210222_01098.png,0.0103620314698733,-0.0052876209969723,0
NVDA,2021-02-22,NVDA_20210222_01098,ml/datasets/charts/processed/NVDA/NVDA_20210222_01098.png,-0.0362116991643454,-0.0153203342618383,0
AMZN,2021-02-23,AMZN_20210223_01099,ml/datasets/charts/processed/AMZN/AMZN_20210223_01099.png,-0.0312421738041572,-0.0108940646130729,0
MSFT,2021-02-23,MSFT_20210223_01099,ml/datasets/charts/processed/MSFT/MSFT_20210223_01099.png,0.0025721267201097,0.0054872036695674,1
NVDA,2021-02-23,NVDA_20210223_01099,ml/datasets/charts/processed/NVDA/NVDA_20210223_01099.png,-0.0516265912305516,0.0254596888260254,1
AMZN,2021-02-24,AMZN_20210224_01100,ml/datasets/charts/processed/AMZN/AMZN_20210224_01100.png,-0.0489302443347258,-0.0324091657171792,0
MSFT,2021-02-24,MSFT_20210224_01100,ml/datasets/charts/processed/MSFT/MSFT_20210224_01100.png,-0.029801748028139,-0.0237049669580047,0
NVDA,2021-02-24,NVDA_20210224_01100,ml/datasets/charts/processed/NVDA/NVDA_20210224_01100.png,-0.1172413793103447,-0.0820689655172413,0
AMZN,2021-02-25,AMZN_20210225_01101,ml/datasets/charts/processed/AMZN/AMZN_20210225_01101.png,-0.0260368965066074,0.0117100614941776,1
MSFT,2021-02-25,MSFT_20210225_01101,ml/datasets/charts/processed/MSFT/MSFT_20210225_01101.png,-0.0098694266125158,0.0148041399187737,1
NVDA,2021-02-25,NVDA_20210225_01101,ml/datasets/charts/processed/NVDA/NVDA_20210225_01101.png,-0.0706235912847483,0.030052592036063,1
AMZN,2021-02-26,AMZN_20210226_01102,ml/datasets/charts/processed/AMZN/AMZN_20210226_01102.png,-0.0299385709666989,0.0172001293242807,1
MSFT,2021-02-26,MSFT_20210226_01102,ml/datasets/charts/processed/MSFT/MSFT_20210226_01102.png,-0.0033565711334883,0.0196230312419314,1
NVDA,2021-02-26,NVDA_20210226_01102,ml/datasets/charts/processed/NVDA/NVDA_20210226_01102.png,-0.0911743253099927,0.0094821298322391,1
AMZN,2021-03-01,AMZN_20210301_01103,ml/datasets/charts/processed/AMZN/AMZN_20210301_01103.png,-0.0617252558642171,-0.0164007373974954,0
MSFT,2021-03-01,MSFT_20210301_01103,ml/datasets/charts/processed/MSFT/MSFT_20210301_01103.png,-0.0403055625896852,-0.0129568667173123,0
NVDA,2021-03-01,NVDA_20210301_01103,ml/datasets/charts/processed/NVDA/NVDA_20210301_01103.png,-0.1625722543352601,-0.0310693641618496,0
AMZN,2021-03-02,AMZN_20210302_01104,ml/datasets/charts/processed/AMZN/AMZN_20210302_01104.png,-0.010275964583468,-0.0289536612163122,0
MSFT,2021-03-02,MSFT_20210302_01104,ml/datasets/charts/processed/MSFT/MSFT_20210302_01104.png,-0.0003848291786034,-0.0269808012998674,0
NVDA,2021-03-02,NVDA_20210302_01104,ml/datasets/charts/processed/NVDA/NVDA_20210302_01104.png,-0.0663683818046234,-0.0454884414615958,0
AMZN,2021-03-03,AMZN_20210303_01105,ml/datasets/charts/processed/AMZN/AMZN_20210303_01105.png,0.017504159733777,-0.0091181364392679,0
MSFT,2021-03-03,MSFT_20210303_01105,ml/datasets/charts/processed/MSFT/MSFT_20210303_01105.png,0.0213570047460009,-0.00364738969942,0
NVDA,2021-03-03,NVDA_20210303_01105,ml/datasets/charts/processed/NVDA/NVDA_20210303_01105.png,-0.0257812499999999,-0.03359375,0
AMZN,2021-03-04,AMZN_20210304_01106,ml/datasets/charts/processed/AMZN/AMZN_20210304_01106.png,0.0456743686190221,0.0076571735626007,1
MSFT,2021-03-04,MSFT_20210304_01106,ml/datasets/charts/processed/MSFT/MSFT_20210304_01106.png,0.0458695364530499,0.0214792925506108,1
NVDA,2021-03-04,NVDA_20210304_01106,ml/datasets/charts/processed/NVDA/NVDA_20210304_01106.png,0.0501212611156023,0.007275666936136,1
AMZN,2021-03-05,AMZN_20210305_01107,ml/datasets/charts/processed/AMZN/AMZN_20210305_01107.png,0.029662711638448,-0.0161311825089989,0
MSFT,2021-03-05,MSFT_20210305_01107,ml/datasets/charts/processed/MSFT/MSFT_20210305_01107.png,0.0179188255613125,-0.0181778929188255,0
NVDA,2021-03-05,NVDA_20210305_01107,ml/datasets/charts/processed/NVDA/NVDA_20210305_01107.png,0.0321027287319422,-0.0698234349919744,0
AMZN,2021-03-08,AMZN_20210308_01108,ml/datasets/charts/processed/AMZN/AMZN_20210308_01108.png,0.0439024390243902,0.0375338753387533,1
MSFT,2021-03-08,MSFT_20210308_01108,ml/datasets/charts/processed/MSFT/MSFT_20210308_01108.png,0.0326311623202428,0.028101499626193,1
NVDA,2021-03-08,NVDA_20210308_01108,ml/datasets/charts/processed/NVDA/NVDA_20210308_01108.png,0.1380500431406384,0.080241587575496,1
AMZN,2021-03-09,AMZN_20210309_01109,ml/datasets/charts/processed/AMZN/AMZN_20210309_01109.png,0.009468460232467,-0.0016977928692698,0
MSFT,2021-03-09,MSFT_20210309_01109,ml/datasets/charts/processed/MSFT/MSFT_20210309_01109.png,0.0168106767045941,-0.0058174351954829,0
NVDA,2021-03-09,NVDA_20210309_01109,ml/datasets/charts/processed/NVDA/NVDA_20210309_01109.png,0.0615015974440893,-0.003993610223642,0
AMZN,2021-03-10,AMZN_20210310_01110,ml/datasets/charts/processed/AMZN/AMZN_20210310_01110.png,0.025575614861329,0.0183150183150184,1
MSFT,2021-03-10,MSFT_20210310_01110,ml/datasets/charts/processed/MSFT/MSFT_20210310_01110.png,0.019877807417606,0.0202650374322348,1
NVDA,2021-03-10,NVDA_20210310_01110,ml/datasets/charts/processed/NVDA/NVDA_20210310_01110.png,0.069767441860465,0.0417000801924618,1
AMZN,2021-03-11,AMZN_20210311_01111,ml/datasets/charts/processed/AMZN/AMZN_20210311_01111.png,-0.027492291880781,-0.0077723535457349,0
MSFT,2021-03-11,MSFT_20210311_01111,ml/datasets/charts/processed/MSFT/MSFT_20210311_01111.png,-0.027031586049846,-0.0058195926285159,0
NVDA,2021-03-11,NVDA_20210311_01111,ml/datasets/charts/processed/NVDA/NVDA_20210311_01111.png,-0.020785219399538,-0.0100076982294072,0
AMZN,2021-03-12,AMZN_20210312_01112,ml/datasets/charts/processed/AMZN/AMZN_20210312_01112.png,-0.0046610992425714,-0.002524762089726,0
MSFT,2021-03-12,MSFT_20210312_01112,ml/datasets/charts/processed/MSFT/MSFT_20210312_01112.png,-0.0229056203605514,-0.0039872746553552,0
NVDA,2021-03-12,NVDA_20210312_01112,ml/datasets/charts/processed/NVDA/NVDA_20210312_01112.png,-0.0007776049766717,0.025660964230171,1
AMZN,2021-03-15,AMZN_20210315_01113,ml/datasets/charts/processed/AMZN/AMZN_20210315_01113.png,0.0094755970924194,0.0033099688473519,1
MSFT,2021-03-15,MSFT_20210315_01113,ml/datasets/charts/processed/MSFT/MSFT_20210315_01113.png,0.0050253396363018,0.0123504109705718,1
NVDA,2021-03-15,NVDA_20210315_01113,ml/datasets/charts/processed/NVDA/NVDA_20210315_01113.png,0.0,0.0075815011372251,1
AMZN,2021-03-16,AMZN_20210316_01114,ml/datasets/charts/processed/AMZN/AMZN_20210316_01114.png,0.0148133773206546,0.0142311921857816,1
MSFT,2021-03-16,MSFT_20210316_01114,ml/datasets/charts/processed/MSFT/MSFT_20210316_01114.png,-0.000546884859703,-0.0028185604307771,0
NVDA,2021-03-16,NVDA_20210316_01114,ml/datasets/charts/processed/NVDA/NVDA_20210316_01114.png,-0.0165537998495107,0.0037622272385251,1
AMZN,2021-03-17,AMZN_20210317_01115,ml/datasets/charts/processed/AMZN/AMZN_20210317_01115.png,-0.0155622169781235,-0.034377192422986,0
MSFT,2021-03-17,MSFT_20210317_01115,ml/datasets/charts/processed/MSFT/MSFT_20210317_01115.png,-0.0066655416807289,-0.0266621667229158,0
NVDA,2021-03-17,NVDA_20210317_01115,ml/datasets/charts/processed/NVDA/NVDA_20210317_01115.png,-0.0524737631184407,-0.0464767616191903,0
AMZN,2021-03-18,AMZN_20210318_01116,ml/datasets/charts/processed/AMZN/AMZN_20210318_01116.png,0.0060105680317039,0.0155217965653897,1
MSFT,2021-03-18,MSFT_20210318_01116,ml/datasets/charts/processed/MSFT/MSFT_20210318_01116.png,0.0070214979195561,-0.0016036754507628,0
NVDA,2021-03-18,NVDA_20210318_01116,ml/datasets/charts/processed/NVDA/NVDA_20210318_01116.png,-0.0141509433962265,0.0102201257861633,1
AMZN,2021-03-19,AMZN_20210319_01117,ml/datasets/charts/processed/AMZN/AMZN_20210319_01117.png,-0.007479674796748,0.0116422764227641,1
MSFT,2021-03-19,MSFT_20210319_01117,ml/datasets/charts/processed/MSFT/MSFT_20210319_01117.png,0.0266116778814846,0.024484480138919,1
NVDA,2021-03-19,NVDA_20210319_01117,ml/datasets/charts/processed/NVDA/NVDA_20210319_01117.png,-0.0007782101167315,0.0264591439688715,1
AMZN,2021-03-22,AMZN_20210322_01118,ml/datasets/charts/processed/AMZN/AMZN_20210322_01118.png,-0.0112511251125112,0.0086151472290085,1
MSFT,2021-03-22,MSFT_20210322_01118,ml/datasets/charts/processed/MSFT/MSFT_20210322_01118.png,-0.0031781007669816,0.0067375736260011,1
NVDA,2021-03-22,NVDA_20210322_01118,ml/datasets/charts/processed/NVDA/NVDA_20210322_01118.png,-0.0181956027293404,-0.0090978013646702,0
AMZN,2021-03-23,AMZN_20210323_01119,ml/datasets/charts/processed/AMZN/AMZN_20210323_01119.png,-0.0262621111677715,-0.0161269760326364,0
MSFT,2021-03-23,MSFT_20210323_01119,ml/datasets/charts/processed/MSFT/MSFT_20210323_01119.png,-0.0241181917669838,-0.0089233100429328,0
NVDA,2021-03-23,NVDA_20210323_01119,ml/datasets/charts/processed/NVDA/NVDA_20210323_01119.png,-0.0153022188217292,-0.0328997704667176,0
AMZN,2021-03-24,AMZN_20210324_01120,ml/datasets/charts/processed/AMZN/AMZN_20210324_01120.png,0.002267573696145,-0.0132167152575315,0
MSFT,2021-03-24,MSFT_20210324_01120,ml/datasets/charts/processed/MSFT/MSFT_20210324_01120.png,0.001316571816869,-0.0132506582859084,0
NVDA,2021-03-24,NVDA_20210324_01120,ml/datasets/charts/processed/NVDA/NVDA_20210324_01120.png,0.0561708860759493,-0.0079113924050634,0
AMZN,2021-03-25,AMZN_20210325_01121,ml/datasets/charts/processed/AMZN/AMZN_20210325_01121.png,0.0376862976823584,0.0019040115553803,1
MSFT,2021-03-25,MSFT_20210325_01121,ml/datasets/charts/processed/MSFT/MSFT_20210325_01121.png,0.0430834122406817,0.0178187139536885,1
NVDA,2021-03-25,NVDA_20210325_01121,ml/datasets/charts/processed/NVDA/NVDA_20210325_01121.png,0.1012759170653909,0.0239234449760765,1
AMZN,2021-03-26,AMZN_20210326_01122,ml/datasets/charts/processed/AMZN/AMZN_20210326_01122.png,0.0572739187418087,0.0077981651376146,1
MSFT,2021-03-26,MSFT_20210326_01122,ml/datasets/charts/processed/MSFT/MSFT_20210326_01122.png,0.0532391745602165,-0.0052435723951285,0
NVDA,2021-03-26,NVDA_20210326_01122,ml/datasets/charts/processed/NVDA/NVDA_20210326_01122.png,0.0895638629283488,0.0085669781931463,1
AMZN,2021-03-29,AMZN_20210329_01123,ml/datasets/charts/processed/AMZN/AMZN_20210329_01123.png,0.0481175629104624,-0.006697444567267,0
MSFT,2021-03-29,MSFT_20210329_01123,ml/datasets/charts/processed/MSFT/MSFT_20210329_01123.png,0.0536473388879441,-0.0144108144873321,0
NVDA,2021-03-29,NVDA_20210329_01123,ml/datasets/charts/processed/NVDA/NVDA_20210329_01123.png,0.0702702702702702,-0.0061776061776062,0
AMZN,2021-03-30,AMZN_20210330_01124,ml/datasets/charts/processed/AMZN/AMZN_20210330_01124.png,0.0733830845771144,0.012699659596753,1
MSFT,2021-03-30,MSFT_20210330_01124,ml/datasets/charts/processed/MSFT/MSFT_20210330_01124.png,0.0778520595212421,0.0169074832866078,1
NVDA,2021-03-30,NVDA_20210330_01124,ml/datasets/charts/processed/NVDA/NVDA_20210330_01124.png,0.0986790986790988,0.0372960372960373,1
AMZN,2021-03-31,AMZN_20210331_01125,ml/datasets/charts/processed/AMZN/AMZN_20210331_01125.png,0.0663865546218487,0.0216548157724629,1
MSFT,2021-03-31,MSFT_20210331_01125,ml/datasets/charts/processed/MSFT/MSFT_20210331_01125.png,0.0741400517453449,0.0279085549476183,1
NVDA,2021-03-31,NVDA_20210331_01125,ml/datasets/charts/processed/NVDA/NVDA_20210331_01125.png,0.0726591760299626,0.0344569288389513,1
AMZN,2021-04-01,AMZN_20210401_01126,ml/datasets/charts/processed/AMZN/AMZN_20210401_01126.png,0.0668142992723821,0.0208161974058842,1
MSFT,2021-04-01,MSFT_20210401_01126,ml/datasets/charts/processed/MSFT/MSFT_20210401_01126.png,0.0557045595213534,0.0277284918506293,1
NVDA,2021-04-01,NVDA_20210401_01126,ml/datasets/charts/processed/NVDA/NVDA_20210401_01126.png,0.0427226647356988,0.0130340333091962,1
AMZN,2021-04-05,AMZN_20210405_01127,ml/datasets/charts/processed/AMZN/AMZN_20210405_01127.png,0.0472914342382546,-0.0009297136481963,0
MSFT,2021-04-05,MSFT_20210405_01127,ml/datasets/charts/processed/MSFT/MSFT_20210405_01127.png,0.0274621592323442,-0.0048580720279438,0
NVDA,2021-04-05,NVDA_20210405_01127,ml/datasets/charts/processed/NVDA/NVDA_20210405_01127.png,0.0872051465332379,-0.0092923516797712,0
AMZN,2021-04-06,AMZN_20210406_01128,ml/datasets/charts/processed/AMZN/AMZN_20210406_01128.png,0.0546559960295303,0.0172467274644829,1
MSFT,2021-04-06,MSFT_20210406_01128,ml/datasets/charts/processed/MSFT/MSFT_20210406_01128.png,0.0428871136932138,0.008230452674897,1
NVDA,2021-04-06,NVDA_20210406_01128,ml/datasets/charts/processed/NVDA/NVDA_20210406_01128.png,0.1313131313131312,0.0202020202020203,1
AMZN,2021-04-07,AMZN_20210407_01129,ml/datasets/charts/processed/AMZN/AMZN_20210407_01129.png,0.016344453253644,0.0060986765871806,1
MSFT,2021-04-07,MSFT_20210407_01129,ml/datasets/charts/processed/MSFT/MSFT_20210407_01129.png,0.0227691076430571,0.0134053621448579,1
NVDA,2021-04-07,NVDA_20210407_01129,ml/datasets/charts/processed/NVDA/NVDA_20210407_01129.png,0.0806223479490806,0.0127298444130126,1
AMZN,2021-04-08,AMZN_20210408_01130,ml/datasets/charts/processed/AMZN/AMZN_20210408_01130.png,0.0241255985936836,0.0220646178092986,1
MSFT,2021-04-08,MSFT_20210408_01130,ml/datasets/charts/processed/MSFT/MSFT_20210408_01130.png,0.0246791707798617,0.0102665350444224,1
NVDA,2021-04-08,NVDA_20210408_01130,ml/datasets/charts/processed/NVDA/NVDA_20210408_01130.png,0.1270949720670391,0.0055865921787709,1
AMZN,2021-04-09,AMZN_20210409_01131,ml/datasets/charts/processed/AMZN/AMZN_20210409_01131.png,0.0080659510112091,0.0021351046794375,1
MSFT,2021-04-09,MSFT_20210409_01131,ml/datasets/charts/processed/MSFT/MSFT_20210409_01131.png,0.0191127613836232,0.000234512409615,1
NVDA,2021-04-09,NVDA_20210409_01131,ml/datasets/charts/processed/NVDA/NVDA_20210409_01131.png,0.104861111111111,0.0562500000000001,1
AMZN,2021-04-12,AMZN_20210412_01132,ml/datasets/charts/processed/AMZN/AMZN_20210412_01132.png,-0.0021897378232822,0.0060957566431911,1
MSFT,2021-04-12,MSFT_20210412_01132,ml/datasets/charts/processed/MSFT/MSFT_20210412_01132.png,0.011058575280372,0.0100816693368763,1
NVDA,2021-04-12,NVDA_20210412_01132,ml/datasets/charts/processed/NVDA/NVDA_20210412_01132.png,0.0098619329388558,0.0309007232084155,1
AMZN,2021-04-13,AMZN_20210413_01133,ml/datasets/charts/processed/AMZN/AMZN_20210413_01133.png,-0.0192352941176471,-0.0197058823529411,0
MSFT,2021-04-13,MSFT_20210413_01133,ml/datasets/charts/processed/MSFT/MSFT_20210413_01133.png,-0.0008897829703277,-0.0112190026693489,0
NVDA,2021-04-13,NVDA_20210413_01133,ml/datasets/charts/processed/NVDA/NVDA_20210413_01133.png,-0.0325255102040815,-0.0255102040816326,0
AMZN,2021-04-14,AMZN_20210414_01134,ml/datasets/charts/processed/AMZN/AMZN_20210414_01134.png,0.0087008700870085,0.0138013801380136,1
MSFT,2021-04-14,MSFT_20210414_01134,ml/datasets/charts/processed/MSFT/MSFT_20210414_01134.png,0.019523455534254,0.0152979381039946,1
NVDA,2021-04-14,NVDA_20210414_01134,ml/datasets/charts/processed/NVDA/NVDA_20210414_01134.png,0.0052356020942407,0.056282722513089,1
AMZN,2021-04-15,AMZN_20210415_01135,ml/datasets/charts/processed/AMZN/AMZN_20210415_01135.png,-0.0207161882213672,0.0060372891387985,1
MSFT,2021-04-15,MSFT_20210415_01135,ml/datasets/charts/processed/MSFT/MSFT_20210415_01135.png,-0.0089788053949902,0.0047784200385356,1
NVDA,2021-04-15,NVDA_20210415_01135,ml/datasets/charts/processed/NVDA/NVDA_20210415_01135.png,-0.0799256505576209,-0.0142503097893432,0
AMZN,2021-04-16,AMZN_20210416_01136,ml/datasets/charts/processed/AMZN/AMZN_20210416_01136.png,-0.0172383361769724,-0.0080602459257516,0
MSFT,2021-04-16,MSFT_20210416_01136,ml/datasets/charts/processed/MSFT/MSFT_20210416_01136.png,0.0015724476489988,-0.0076704763365804,0
NVDA,2021-04-16,NVDA_20210416_01136,ml/datasets/charts/processed/NVDA/NVDA_20210416_01136.png,-0.0402262727844123,-0.0345694531741044,0
AMZN,2021-04-19,AMZN_20210419_01137,ml/datasets/charts/processed/AMZN/AMZN_20210419_01137.png,0.0109727164887307,-0.011091340450771,0
MSFT,2021-04-19,MSFT_20210419_01137,ml/datasets/charts/processed/MSFT/MSFT_20210419_01137.png,0.0108603231042745,-0.0018551441601608,0
NVDA,2021-04-19,NVDA_20210419_01137,ml/datasets/charts/processed/NVDA/NVDA_20210419_01137.png,0.0078125,-0.0123697916666666,0
AMZN,2021-04-20,AMZN_20210420_01138,ml/datasets/charts/processed/AMZN/AMZN_20210420_01138.png,0.0248305643855335,0.0082168775865172,1
MSFT,2021-04-20,MSFT_20210420_01138,ml/datasets/charts/processed/MSFT/MSFT_20210420_01138.png,0.0143653682335631,0.0089831952296135,1
NVDA,2021-04-20,NVDA_20210420_01138,ml/datasets/charts/processed/NVDA/NVDA_20210420_01138.png,0.0138431114040871,0.012524719841793,1
AMZN,2021-04-21,AMZN_20210421_01139,ml/datasets/charts/processed/AMZN/AMZN_20210421_01139.png,0.0287328970850684,-0.0157644259369423,0
MSFT,2021-04-21,MSFT_20210421_01139,ml/datasets/charts/processed/MSFT/MSFT_20210421_01139.png,-0.023102310231023,-0.0130861923401641,0
NVDA,2021-04-21,NVDA_20210421_01139,ml/datasets/charts/processed/NVDA/NVDA_20210421_01139.png,-0.0052083333333333,-0.033203125,0
AMZN,2021-04-22,AMZN_20210422_01140,ml/datasets/charts/processed/AMZN/AMZN_20210422_01140.png,0.049078271381082,0.0096101541251134,1
MSFT,2021-04-22,MSFT_20210422_01140,ml/datasets/charts/processed/MSFT/MSFT_20210422_01140.png,-0.0181203095228837,0.0154761441847803,1
NVDA,2021-04-22,NVDA_20210422_01140,ml/datasets/charts/processed/NVDA/NVDA_20210422_01140.png,0.0316498316498317,0.0282828282828282,1
AMZN,2021-04-23,AMZN_20210423_01141,ml/datasets/charts/processed/AMZN/AMZN_20210423_01141.png,0.0378951149425288,0.0204142720306512,1
MSFT,2021-04-23,MSFT_20210423_01141,ml/datasets/charts/processed/MSFT/MSFT_20210423_01141.png,-0.0343480758184949,0.0015316867700556,1
NVDA,2021-04-23,NVDA_20210423_01141,ml/datasets/charts/processed/NVDA/NVDA_20210423_01141.png,-0.0170268500327439,0.0137524557956778,1
AMZN,2021-04-26,AMZN_20210426_01142,ml/datasets/charts/processed/AMZN/AMZN_20210426_01142.png,-0.0066295101202697,0.0024640657084189,1
MSFT,2021-04-26,MSFT_20210426_01142,ml/datasets/charts/processed/MSFT/MSFT_20210426_01142.png,-0.0370483655132861,0.0016058115083159,1
NVDA,2021-04-26,NVDA_20210426_01142,ml/datasets/charts/processed/NVDA/NVDA_20210426_01142.png,-0.041343669250646,-0.0064599483204134,0
AMZN,2021-04-27,AMZN_20210427_01143,ml/datasets/charts/processed/AMZN/AMZN_20210427_01143.png,-0.030900684731082,0.012055948967051,1
MSFT,2021-04-27,MSFT_20210427_01143,ml/datasets/charts/processed/MSFT/MSFT_20210427_01143.png,-0.0541283353055694,-0.0282856815665917,0
NVDA,2021-04-27,NVDA_20210427_01143,ml/datasets/charts/processed/NVDA/NVDA_20210427_01143.png,-0.0669700910273082,-0.0065019505851756,0
AMZN,2021-04-28,AMZN_20210428_01144,ml/datasets/charts/processed/AMZN/AMZN_20210428_01144.png,-0.0543572543803851,0.003700919447175,1
MSFT,2021-04-28,MSFT_20210428_01144,ml/datasets/charts/processed/MSFT/MSFT_20210428_01144.png,-0.0317803268384664,-0.0080531112507856,0
NVDA,2021-04-28,NVDA_20210428_01144,ml/datasets/charts/processed/NVDA/NVDA_20210428_01144.png,-0.0536649214659684,0.0026178010471205,1
AMZN,2021-04-29,AMZN_20210429_01145,ml/datasets/charts/processed/AMZN/AMZN_20210429_01145.png,-0.047531255401279,-0.0011522728582127,0
MSFT,2021-04-29,MSFT_20210429_01145,ml/datasets/charts/processed/MSFT/MSFT_20210429_01145.png,-0.0110094649716843,-0.0013068789354876,0
NVDA,2021-04-29,NVDA_20210429_01145,ml/datasets/charts/processed/NVDA/NVDA_20210429_01145.png,-0.0522193211488251,-0.0202349869451697,0
AMZN,2021-04-30,AMZN_20210430_01146,ml/datasets/charts/processed/AMZN/AMZN_20210430_01146.png,-0.0507008132894963,-0.0233604429832151,0
MSFT,2021-04-30,MSFT_20210430_01146,ml/datasets/charts/processed/MSFT/MSFT_20210430_01146.png,0.0011103180268061,-0.0012689348877785,0
NVDA,2021-04-30,NVDA_20210430_01146,ml/datasets/charts/processed/NVDA/NVDA_20210430_01146.png,-0.0133244503664223,-0.011325782811459,0
AMZN,2021-05-03,AMZN_20210503_01147,ml/datasets/charts/processed/AMZN/AMZN_20210503_01147.png,-0.0578785731159933,-0.0220292936451688,0
MSFT,2021-05-03,MSFT_20210503_01147,ml/datasets/charts/processed/MSFT/MSFT_20210503_01147.png,-0.0185817517668546,-0.0161597713015168,0
NVDA,2021-05-03,NVDA_20210503_01147,ml/datasets/charts/processed/NVDA/NVDA_20210503_01147.png,-0.0384097035040431,-0.0330188679245283,0
AMZN,2021-05-04,AMZN_20210504_01148,ml/datasets/charts/processed/AMZN/AMZN_20210504_01148.png,-0.026511262757413,-0.0124403647563259,0
MSFT,2021-05-04,MSFT_20210504_01148,ml/datasets/charts/processed/MSFT/MSFT_20210504_01148.png,-0.0062956535776261,-0.0053270914887606,0
NVDA,2021-05-04,NVDA_20210504_01148,ml/datasets/charts/processed/NVDA/NVDA_20210504_01148.png,-0.0027874564459929,0.0076655052264809,1
AMZN,2021-05-05,AMZN_20210505_01149,ml/datasets/charts/processed/AMZN/AMZN_20210505_01149.png,-0.0362624594875558,0.0109460037913531,1
MSFT,2021-05-05,MSFT_20210505_01149,ml/datasets/charts/processed/MSFT/MSFT_20210505_01149.png,-0.0303079482289934,0.0132267618777133,1
NVDA,2021-05-05,NVDA_20210505_01149,ml/datasets/charts/processed/NVDA/NVDA_20210505_01149.png,-0.0484094052558783,0.0041493775933609,1
AMZN,2021-05-06,AMZN_20210506_01150,ml/datasets/charts/processed/AMZN/AMZN_20210506_01150.png,-0.0438543430921848,-0.0044761674328573,0
MSFT,2021-05-06,MSFT_20210506_01150,ml/datasets/charts/processed/MSFT/MSFT_20210506_01150.png,-0.0268289752933167,0.0109318063508589,1
NVDA,2021-05-06,NVDA_20210506_01150,ml/datasets/charts/processed/NVDA/NVDA_20210506_01150.png,-0.0585399449035812,0.0199724517906336,1
AMZN,2021-05-07,AMZN_20210507_01151,ml/datasets/charts/processed/AMZN/AMZN_20210507_01151.png,-0.0208409284238668,-0.0307449264795236,0
MSFT,2021-05-07,MSFT_20210507_01151,ml/datasets/charts/processed/MSFT/MSFT_20210507_01151.png,-0.0170720114077477,-0.0209142042303731,0
NVDA,2021-05-07,NVDA_20210507_01151,ml/datasets/charts/processed/NVDA/NVDA_20210507_01151.png,-0.038487508440243,-0.036461850101283,0
AMZN,2021-05-10,AMZN_20210510_01152,ml/datasets/charts/processed/AMZN/AMZN_20210510_01152.png,0.025075225677031,0.0105315947843529,1
MSFT,2021-05-10,MSFT_20210510_01152,ml/datasets/charts/processed/MSFT/MSFT_20210510_01152.png,-0.0080912695201876,-0.0038433530220892,0
NVDA,2021-05-10,NVDA_20210510_01152,ml/datasets/charts/processed/NVDA/NVDA_20210510_01152.png,-0.0070077084793271,0.0028030833917309,1
AMZN,2021-05-11,AMZN_20210511_01153,ml/datasets/charts/processed/AMZN/AMZN_20210511_01153.png,0.0025434243176181,-0.0223325062034739,0
MSFT,2021-05-11,MSFT_20210511_01153,ml/datasets/charts/processed/MSFT/MSFT_20210511_01153.png,-0.0127929171912438,-0.0293627908865694,0
NVDA,2021-05-11,NVDA_20210511_01153,ml/datasets/charts/processed/NVDA/NVDA_20210511_01153.png,-0.0202655485674354,-0.0384346610761705,0
AMZN,2021-05-12,AMZN_20210512_01154,ml/datasets/charts/processed/AMZN/AMZN_20210512_01154.png,0.0253172588832488,0.002982233502538,1
MSFT,2021-05-12,MSFT_20210512_01154,ml/datasets/charts/processed/MSFT/MSFT_20210512_01154.png,0.0172384937238494,0.0168619246861925,1
NVDA,2021-05-12,NVDA_20210512_01154,ml/datasets/charts/processed/NVDA/NVDA_20210512_01154.png,0.0225290697674418,-0.0065406976744185,0
AMZN,2021-05-13,AMZN_20210513_01155,ml/datasets/charts/processed/AMZN/AMZN_20210513_01155.png,0.0272664009615992,0.0194850382741824,1
MSFT,2021-05-13,MSFT_20210513_01155,ml/datasets/charts/processed/MSFT/MSFT_20210513_01155.png,0.0141957782989754,0.0210673579393489,1
NVDA,2021-05-13,NVDA_20210513_01155,ml/datasets/charts/processed/NVDA/NVDA_20210513_01155.png,0.0687637161667884,0.0416971470373079,1
AMZN,2021-05-14,AMZN_20210514_01156,ml/datasets/charts/processed/AMZN/AMZN_20210514_01156.png,-0.0062053986968663,0.0147067949115731,1
MSFT,2021-05-14,MSFT_20210514_01156,ml/datasets/charts/processed/MSFT/MSFT_20210514_01156.png,-0.0120088656054806,-0.0119685673987507,0
NVDA,2021-05-14,NVDA_20210514_01156,ml/datasets/charts/processed/NVDA/NVDA_20210514_01156.png,0.0526685393258425,-0.0049157303370787,0
AMZN,2021-05-17,AMZN_20210517_01157,ml/datasets/charts/processed/AMZN/AMZN_20210517_01157.png,-0.0077666340508807,-0.0116805283757338,0
MSFT,2021-05-17,MSFT_20210517_01157,ml/datasets/charts/processed/MSFT/MSFT_20210517_01157.png,0.022840362182886,-0.0085651358185822,0
NVDA,2021-05-17,NVDA_20210517_01157,ml/datasets/charts/processed/NVDA/NVDA_20210517_01157.png,0.1016231474947071,-0.0105857445306987,0
AMZN,2021-05-18,AMZN_20210518_01158,ml/datasets/charts/processed/AMZN/AMZN_20210518_01158.png,0.0082915661159579,-0.0001237547181487,0
MSFT,2021-05-18,MSFT_20210518_01158,ml/datasets/charts/processed/MSFT/MSFT_20210518_01158.png,0.0355438538752672,0.000164554879052,1
NVDA,2021-05-18,NVDA_20210518_01158,ml/datasets/charts/processed/NVDA/NVDA_20210518_01158.png,0.1162624821683309,0.0035663338088445,1
AMZN,2021-05-19,AMZN_20210519_01159,ml/datasets/charts/processed/AMZN/AMZN_20210519_01159.png,0.0103347979454173,0.0048889163933412,1
MSFT,2021-05-19,MSFT_20210519_01159,ml/datasets/charts/processed/MSFT/MSFT_20210519_01159.png,0.0344274432379072,0.0138203356367225,1
NVDA,2021-05-19,NVDA_20210519_01159,ml/datasets/charts/processed/NVDA/NVDA_20210519_01159.png,0.1158493248045486,0.0383795309168442,1
AMZN,2021-05-20,AMZN_20210520_01160,ml/datasets/charts/processed/AMZN/AMZN_20210520_01160.png,-0.0053578026850598,-0.0137332183766473,0
MSFT,2021-05-20,MSFT_20210520_01160,ml/datasets/charts/processed/MSFT/MSFT_20210520_01160.png,0.0114816617981174,-0.0053148328464783,0
NVDA,2021-05-20,NVDA_20210520_01160,ml/datasets/charts/processed/NVDA/NVDA_20210520_01160.png,0.0602327173169063,0.026009582477755,1
AMZN,2021-05-21,AMZN_20210521_01161,ml/datasets/charts/processed/AMZN/AMZN_20210521_01161.png,0.0062441461130189,0.01311270683734,1
MSFT,2021-05-21,MSFT_20210521_01161,ml/datasets/charts/processed/MSFT/MSFT_20210521_01161.png,0.0183953991108212,0.0228820818207775,1
NVDA,2021-05-21,NVDA_20210521_01161,ml/datasets/charts/processed/NVDA/NVDA_20210521_01161.png,0.0833889259506337,0.0413609072715142,1
AMZN,2021-05-24,AMZN_20210524_01162,ml/datasets/charts/processed/AMZN/AMZN_20210524_01162.png,-0.0081355932203389,0.0043143297380585,1
MSFT,2021-05-24,MSFT_20210524_01162,ml/datasets/charts/processed/MSFT/MSFT_20210524_01162.png,-0.0134779487997447,0.0037483052875029,1
NVDA,2021-05-24,NVDA_20210524_01162,ml/datasets/charts/processed/NVDA/NVDA_20210524_01162.png,0.0416399743754005,0.0025624599615632,1
AMZN,2021-05-25,AMZN_20210525_01163,ml/datasets/charts/processed/AMZN/AMZN_20210525_01163.png,-0.0076710647437864,0.0019024240564591,1
MSFT,2021-05-25,MSFT_20210525_01163,ml/datasets/charts/processed/MSFT/MSFT_20210525_01163.png,-0.0175591927538534,-0.0009137136500874,0
NVDA,2021-05-25,NVDA_20210525_01163,ml/datasets/charts/processed/NVDA/NVDA_20210525_01163.png,0.0722044728434505,0.0031948881789136,1
AMZN,2021-05-26,AMZN_20210526_01164,ml/datasets/charts/processed/AMZN/AMZN_20210526_01164.png,-0.0239495283596716,-0.010719098370697,0
MSFT,2021-05-26,MSFT_20210526_01164,ml/datasets/charts/processed/MSFT/MSFT_20210526_01164.png,-0.0229830211936856,-0.0086683367131894,0
NVDA,2021-05-26,NVDA_20210526_01164,ml/datasets/charts/processed/NVDA/NVDA_20210526_01164.png,0.0808917197452228,-0.0133757961783439,0
AMZN,2021-05-27,AMZN_20210527_01165,ml/datasets/charts/processed/AMZN/AMZN_20210527_01165.png,-0.0074298805027551,-0.0022289641508265,0
MSFT,2021-05-27,MSFT_20210527_01165,ml/datasets/charts/processed/MSFT/MSFT_20210527_01165.png,0.0059363844210018,0.0014840961052504,1
NVDA,2021-05-27,NVDA_20210527_01165,ml/datasets/charts/processed/NVDA/NVDA_20210527_01165.png,0.1349257585539056,0.0484183344092961,1
AMZN,2021-05-28,AMZN_20210528_01166,ml/datasets/charts/processed/AMZN/AMZN_20210528_01166.png,-0.0077567483710828,-0.0013651877133106,0
MSFT,2021-05-28,MSFT_20210528_01166,ml/datasets/charts/processed/MSFT/MSFT_20210528_01166.png,0.0165411727010573,-0.0091316885613585,0
NVDA,2021-05-28,NVDA_20210528_01166,ml/datasets/charts/processed/NVDA/NVDA_20210528_01166.png,0.0849753694581283,0.0012315270935963,1
AMZN,2021-06-01,AMZN_20210601_01167,ml/datasets/charts/processed/AMZN/AMZN_20210601_01167.png,0.0141676505312868,0.0047846889952152,1
MSFT,2021-06-01,MSFT_20210601_01167,ml/datasets/charts/processed/MSFT/MSFT_20210601_01167.png,0.0208973322554566,-0.0004042037186742,0
NVDA,2021-06-01,NVDA_20210601_01167,ml/datasets/charts/processed/NVDA/NVDA_20210601_01167.png,0.0738007380073799,0.031980319803198,1
AMZN,2021-06-02,AMZN_20210602_01168,ml/datasets/charts/processed/AMZN/AMZN_20210602_01168.png,0.0145949288806432,-0.0145330859616573,0
MSFT,2021-06-02,MSFT_20210602_01168,ml/datasets/charts/processed/MSFT/MSFT_20210602_01168.png,0.0254346947027901,-0.0064294379296401,0
NVDA,2021-06-02,NVDA_20210602_01168,ml/datasets/charts/processed/NVDA/NVDA_20210602_01168.png,0.0345649582836709,0.0113230035756852,1
AMZN,2021-06-03,AMZN_20210603_01169,ml/datasets/charts/processed/AMZN/AMZN_20210603_01169.png,0.0510197678067148,0.0060244744273612,1
MSFT,2021-06-03,MSFT_20210603_01169,ml/datasets/charts/processed/MSFT/MSFT_20210603_01169.png,0.0469252370680883,0.0206747792112651,1
NVDA,2021-06-03,NVDA_20210603_01169,ml/datasets/charts/processed/NVDA/NVDA_20210603_01169.png,0.0271066588096642,0.0359457866823806,1
AMZN,2021-06-04,AMZN_20210604_01170,ml/datasets/charts/processed/AMZN/AMZN_20210604_01170.png,0.0438525357120578,-0.0025575447570331,0
MSFT,2021-06-04,MSFT_20210604_01170,ml/datasets/charts/processed/MSFT/MSFT_20210604_01170.png,0.0283105386977151,0.0120419474460704,1
NVDA,2021-06-04,NVDA_20210604_01170,ml/datasets/charts/processed/NVDA/NVDA_20210604_01170.png,0.0142207053469851,0.0022753128555177,1
AMZN,2021-06-07,AMZN_20210607_01171,ml/datasets/charts/processed/AMZN/AMZN_20210607_01171.png,0.0580988117573482,0.0207004377736084,1
MSFT,2021-06-07,MSFT_20210607_01171,ml/datasets/charts/processed/MSFT/MSFT_20210607_01171.png,0.023954926913833,-0.0048855443047949,0
NVDA,2021-06-07,NVDA_20210607_01171,ml/datasets/charts/processed/NVDA/NVDA_20210607_01171.png,0.0227014755959136,-0.0090805902383654,0
AMZN,2021-06-08,AMZN_20210608_01172,ml/datasets/charts/processed/AMZN/AMZN_20210608_01172.png,0.0364560995037068,0.0052080142148152,1
MSFT,2021-06-08,MSFT_20210608_01172,ml/datasets/charts/processed/MSFT/MSFT_20210608_01172.png,0.0229243378073407,0.0040384843805678,1
NVDA,2021-06-08,NVDA_20210608_01172,ml/datasets/charts/processed/NVDA/NVDA_20210608_01172.png,0.0189003436426116,-0.0057273768613975,0
AMZN,2021-06-09,AMZN_20210609_01173,ml/datasets/charts/processed/AMZN/AMZN_20210609_01173.png,0.0408387175423625,0.0208460319395342,1
MSFT,2021-06-09,MSFT_20210609_01173,ml/datasets/charts/processed/MSFT/MSFT_20210609_01173.png,0.0149453842817146,0.0143933120391182,1
NVDA,2021-06-09,NVDA_20210609_01173,ml/datasets/charts/processed/NVDA/NVDA_20210609_01173.png,0.025921658986175,0.0040322580645162,1
AMZN,2021-06-10,AMZN_20210610_01174,ml/datasets/charts/processed/AMZN/AMZN_20210610_01174.png,0.0416766181036543,-0.00083592070695,0
MSFT,2021-06-10,MSFT_20210610_01174,ml/datasets/charts/processed/MSFT/MSFT_20210610_01174.png,0.014227958326854,0.0025268232001243,1
NVDA,2021-06-10,NVDA_20210610_01174,ml/datasets/charts/processed/NVDA/NVDA_20210610_01174.png,0.0705679862306367,0.022948938611589,1
AMZN,2021-06-11,AMZN_20210611_01175,ml/datasets/charts/processed/AMZN/AMZN_20210611_01175.png,0.0418310027488944,0.0110553364407792,1
MSFT,2021-06-11,MSFT_20210611_01175,ml/datasets/charts/processed/MSFT/MSFT_20210611_01175.png,0.0059715382527434,0.0077552444840822,1
NVDA,2021-06-11,NVDA_20210611_01175,ml/datasets/charts/processed/NVDA/NVDA_20210611_01175.png,0.0454290521592821,0.0106561974200785,1
AMZN,2021-06-14,AMZN_20210614_01176,ml/datasets/charts/processed/AMZN/AMZN_20210614_01176.png,0.0207459069684969,-0.0001773154441752,0
MSFT,2021-06-14,MSFT_20210614_01176,ml/datasets/charts/processed/MSFT/MSFT_20210614_01176.png,0.0105429220054638,-0.0058871060833428,0
NVDA,2021-06-14,NVDA_20210614_01176,ml/datasets/charts/processed/NVDA/NVDA_20210614_01176.png,0.0227524972253052,-0.0127635960044395,0
AMZN,2021-06-15,AMZN_20210615_01177,ml/datasets/charts/processed/AMZN/AMZN_20210615_01177.png,0.0361196500354694,0.0094585008276188,1
MSFT,2021-06-15,MSFT_20210615_01177,ml/datasets/charts/processed/MSFT/MSFT_20210615_01177.png,0.0276745626257934,-0.0037931568354234,0
NVDA,2021-06-15,NVDA_20210615_01177,ml/datasets/charts/processed/NVDA/NVDA_20210615_01177.png,0.0618324901630129,0.0011242270938729,1
AMZN,2021-06-16,AMZN_20210616_01178,ml/datasets/charts/processed/AMZN/AMZN_20210616_01178.png,0.0259428437573203,0.0216678379011479,1
MSFT,2021-06-16,MSFT_20210616_01178,ml/datasets/charts/processed/MSFT/MSFT_20210616_01178.png,0.0306550625534229,0.0136762763229465,1
NVDA,2021-06-16,NVDA_20210616_01178,ml/datasets/charts/processed/NVDA/NVDA_20210616_01178.png,0.0701852891633914,0.0477259966311061,1
AMZN,2021-06-17,AMZN_20210617_01179,ml/datasets/charts/processed/AMZN/AMZN_20210617_01179.png,-0.0115212656196264,-0.0006878367534105,0
MSFT,2021-06-17,MSFT_20210617_01179,ml/datasets/charts/processed/MSFT/MSFT_20210617_01179.png,0.0221924108853968,-0.0056343426600229,0
NVDA,2021-06-17,NVDA_20210617_01179,ml/datasets/charts/processed/NVDA/NVDA_20210617_01179.png,0.0294748124330117,-0.0010718113612003,0
AMZN,2021-06-18,AMZN_20210618_01180,ml/datasets/charts/processed/AMZN/AMZN_20210618_01180.png,-0.0244923712286337,-0.0094069060456579,0
MSFT,2021-06-18,MSFT_20210618_01180,ml/datasets/charts/processed/MSFT/MSFT_20210618_01180.png,0.0215472381760011,0.0123347338395713,1
NVDA,2021-06-18,NVDA_20210618_01180,ml/datasets/charts/processed/NVDA/NVDA_20210618_01180.png,0.0209227467811159,-0.0112660944206008,0
AMZN,2021-06-21,AMZN_20210621_01181,ml/datasets/charts/processed/AMZN/AMZN_20210621_01181.png,-0.0029530978575563,0.0148812970469023,1
MSFT,2021-06-21,MSFT_20210621_01181,ml/datasets/charts/processed/MSFT/MSFT_20210621_01181.png,0.0231885161634239,0.0109659977915699,1
NVDA,2021-06-21,NVDA_20210621_01181,ml/datasets/charts/processed/NVDA/NVDA_20210621_01181.png,0.0841020075963103,0.0249593054801953,1
AMZN,2021-06-22,AMZN_20210622_01182,ml/datasets/charts/processed/AMZN/AMZN_20210622_01182.png,-0.0163176812917213,-0.0004564386375307,0
MSFT,2021-06-22,MSFT_20210622_01182,ml/datasets/charts/processed/MSFT/MSFT_20210622_01182.png,0.0221837218937139,-0.0009039207562804,0
NVDA,2021-06-22,NVDA_20210622_01182,ml/datasets/charts/processed/NVDA/NVDA_20210622_01182.png,0.0603493912122816,0.0089994706193752,1
AMZN,2021-06-23,AMZN_20210623_01183,ml/datasets/charts/processed/AMZN/AMZN_20210623_01183.png,-0.0181517209886409,-0.0156401621097095,0
MSFT,2021-06-23,MSFT_20210623_01183,ml/datasets/charts/processed/MSFT/MSFT_20210623_01183.png,0.0212236589135597,0.0053530365288196,1
NVDA,2021-06-23,NVDA_20210623_01183,ml/datasets/charts/processed/NVDA/NVDA_20210623_01183.png,0.0493179433368311,0.0078698845750262,1
AMZN,2021-06-24,AMZN_20210624_01184,ml/datasets/charts/processed/AMZN/AMZN_20210624_01184.png,-0.0046390258045809,-0.0138011017686285,0
MSFT,2021-06-24,MSFT_20210624_01184,ml/datasets/charts/processed/MSFT/MSFT_20210624_01184.png,0.0184108890472085,-0.0062619520791931,0
NVDA,2021-06-24,NVDA_20210624_01184,ml/datasets/charts/processed/NVDA/NVDA_20210624_01184.png,0.0520562207183759,-0.0093701197293076,0
AMZN,2021-06-25,AMZN_20210625_01185,ml/datasets/charts/processed/AMZN/AMZN_20210625_01185.png,0.0322220262244958,0.0124654554007173,1
MSFT,2021-06-25,MSFT_20210625_01185,ml/datasets/charts/processed/MSFT/MSFT_20210625_01185.png,0.0476567806203305,0.0139612104746813,1
NVDA,2021-06-25,NVDA_20210625_01185,ml/datasets/charts/processed/NVDA/NVDA_20210625_01185.png,0.0767209668943771,0.049921177088807,1
AMZN,2021-06-28,AMZN_20210628_01186,ml/datasets/charts/processed/AMZN/AMZN_20210628_01186.png,0.0673674429409372,0.001277658400604,1
MSFT,2021-06-28,MSFT_20210628_01186,ml/datasets/charts/processed/MSFT/MSFT_20210628_01186.png,0.0332688300089312,0.0099732063114019,1
NVDA,2021-06-28,NVDA_20210628_01186,ml/datasets/charts/processed/NVDA/NVDA_20210628_01186.png,0.0360360360360358,0.0025025025025025,1
AMZN,2021-06-29,AMZN_20210629_01187,ml/datasets/charts/processed/AMZN/AMZN_20210629_01187.png,0.0720375848268661,-0.0023200510411229,0
MSFT,2021-06-29,MSFT_20210629_01187,ml/datasets/charts/processed/MSFT/MSFT_20210629_01187.png,0.0314296241709655,-0.0018422991893883,0
NVDA,2021-06-29,NVDA_20210629_01187,ml/datasets/charts/processed/NVDA/NVDA_20210629_01187.png,0.0169745381927108,-0.0014977533699451,0
AMZN,2021-06-30,AMZN_20210630_01188,ml/datasets/charts/processed/AMZN/AMZN_20210630_01188.png,0.0846462414975872,-0.0020929015754896,0
MSFT,2021-06-30,MSFT_20210630_01188,ml/datasets/charts/processed/MSFT/MSFT_20210630_01188.png,0.0240679217423405,0.0025839793281654,1
NVDA,2021-06-30,NVDA_20210630_01188,ml/datasets/charts/processed/NVDA/NVDA_20210630_01188.png,-0.0050000000000001,0.0104999999999999,1
AMZN,2021-07-01,AMZN_20210701_01189,ml/datasets/charts/processed/AMZN/AMZN_20210701_01189.png,0.0834255752985726,0.022720652490533,1
MSFT,2021-07-01,MSFT_20210701_01189,ml/datasets/charts/processed/MSFT/MSFT_20210701_01189.png,0.023343151693667,0.0222754050073636,1
NVDA,2021-07-01,NVDA_20210701_01189,ml/datasets/charts/processed/NVDA/NVDA_20210701_01189.png,-0.0079168728352301,0.0138545274616526,1
AMZN,2021-07-02,AMZN_20210702_01190,ml/datasets/charts/processed/AMZN/AMZN_20210702_01190.png,0.0591284534320706,0.0469381942466533,1
MSFT,2021-07-02,MSFT_20210702_01190,ml/datasets/charts/processed/MSFT/MSFT_20210702_01190.png,-0.0011885467314963,3.601656762119987e-05,1
NVDA,2021-07-02,NVDA_20210702_01190,ml/datasets/charts/processed/NVDA/NVDA_20210702_01190.png,0.0009760858955589,0.0102489019033675,1
AMZN,2021-07-06,AMZN_20210706_01191,ml/datasets/charts/processed/AMZN/AMZN_20210706_01191.png,0.0004352793949617,0.0056586321345013,1
MSFT,2021-07-06,MSFT_20210706_01191,ml/datasets/charts/processed/MSFT/MSFT_20210706_01191.png,0.0119570697975941,0.0081754663977526,1
NVDA,2021-07-06,NVDA_20210706_01191,ml/datasets/charts/processed/NVDA/NVDA_20210706_01191.png,-0.0217391304347825,-0.0159420289855071,0
AMZN,2021-07-07,AMZN_20210707_01192,ml/datasets/charts/processed/AMZN/AMZN_20210707_01192.png,-0.004057782827463,0.0094140561597142,1
MSFT,2021-07-07,MSFT_20210707_01192,ml/datasets/charts/processed/MSFT/MSFT_20210707_01192.png,0.0092165898617511,-0.0089665273461222,0
NVDA,2021-07-07,NVDA_20210707_01192,ml/datasets/charts/processed/NVDA/NVDA_20210707_01192.png,-0.0260186548846342,-0.0230731467844871,0
AMZN,2021-07-08,AMZN_20210708_01193,ml/datasets/charts/processed/AMZN/AMZN_20210708_01193.png,-0.0268531918314841,-0.003215951117543,0
MSFT,2021-07-08,MSFT_20210708_01193,ml/datasets/charts/processed/MSFT/MSFT_20210708_01193.png,0.0130127604354406,0.0018744142455482,1
NVDA,2021-07-08,NVDA_20210708_01193,ml/datasets/charts/processed/NVDA/NVDA_20210708_01193.png,-0.0467336683417085,0.0075376884422111,1
AMZN,2021-07-09,AMZN_20210709_01194,ml/datasets/charts/processed/AMZN/AMZN_20210709_01194.png,-0.0391998709469268,-0.000215088455127,0
MSFT,2021-07-09,MSFT_20210709_01194,ml/datasets/charts/processed/MSFT/MSFT_20210709_01194.png,0.0101100957041087,-0.0022306972727926,0
NVDA,2021-07-09,NVDA_20210709_01194,ml/datasets/charts/processed/NVDA/NVDA_20210709_01194.png,-0.0942643391521197,0.0229426433915211,1
AMZN,2021-07-12,AMZN_20210712_01195,ml/datasets/charts/processed/AMZN/AMZN_20210712_01195.png,-0.0454472113160867,-0.0110794384983595,0
MSFT,2021-07-12,MSFT_20210712_01195,ml/datasets/charts/processed/MSFT/MSFT_20210712_01195.png,-0.0011178422039521,0.0131977498918218,1
NVDA,2021-07-12,NVDA_20210712_01195,ml/datasets/charts/processed/NVDA/NVDA_20210712_01195.png,-0.0843490980009751,-0.0126767430521697,0
AMZN,2021-07-13,AMZN_20210713_01196,ml/datasets/charts/processed/AMZN/AMZN_20210713_01196.png,-0.0283352368521238,0.0011421112742699,1
MSFT,2021-07-13,MSFT_20210713_01196,ml/datasets/charts/processed/MSFT/MSFT_20210713_01196.png,-0.0059078938002705,0.0054452274183214,1
NVDA,2021-07-13,NVDA_20210713_01196,ml/datasets/charts/processed/NVDA/NVDA_20210713_01196.png,-0.0809876543209876,-0.0202469135802468,0
AMZN,2021-07-14,AMZN_20210714_01197,ml/datasets/charts/processed/AMZN/AMZN_20210714_01197.png,-0.0261842677096915,-0.0136897001303781,0
MSFT,2021-07-14,MSFT_20210714_01197,ml/datasets/charts/processed/MSFT/MSFT_20210714_01197.png,-0.0039290644578953,-0.005238752610527,0
NVDA,2021-07-14,NVDA_20210714_01197,ml/datasets/charts/processed/NVDA/NVDA_20210714_01197.png,-0.0216733870967741,-0.0438508064516129,0
AMZN,2021-07-15,AMZN_20210715_01198,ml/datasets/charts/processed/AMZN/AMZN_20210715_01198.png,0.00187265917603,-0.0158625247851948,0
MSFT,2021-07-15,MSFT_20210715_01198,ml/datasets/charts/processed/MSFT/MSFT_20210715_01198.png,0.0181831121232609,-0.0009963349108634,0
NVDA,2021-07-15,NVDA_20210715_01198,ml/datasets/charts/processed/NVDA/NVDA_20210715_01198.png,0.032683183974697,-0.0426989984185555,0
AMZN,2021-07-16,AMZN_20210716_01199,ml/datasets/charts/processed/AMZN/AMZN_20210716_01199.png,0.0232258786657713,-0.0067159167226327,0
MSFT,2021-07-16,MSFT_20210716_01199,ml/datasets/charts/processed/MSFT/MSFT_20210716_01199.png,0.0317720391807658,-0.0133214603739982,0
NVDA,2021-07-16,NVDA_20210716_01199,ml/datasets/charts/processed/NVDA/NVDA_20210716_01199.png,0.0770925110132156,0.0341409691629956,1
AMZN,2021-07-19,AMZN_20210719_01200,ml/datasets/charts/processed/AMZN/AMZN_20210719_01200.png,0.0423146270002254,0.0066486364660807,1
MSFT,2021-07-19,MSFT_20210719_01200,ml/datasets/charts/processed/MSFT/MSFT_20210719_01200.png,0.0434641348687774,0.0083390491318002,1
NVDA,2021-07-19,NVDA_20210719_01200,ml/datasets/charts/processed/NVDA/NVDA_20210719_01200.png,0.0271565495207666,-0.009052183173589,0
AMZN,2021-07-20,AMZN_20210720_01201,ml/datasets/charts/processed/AMZN/AMZN_20210720_01201.png,0.0148886152468374,0.003358334266204,1
MSFT,2021-07-20,MSFT_20210720_01201,ml/datasets/charts/processed/MSFT/MSFT_20210720_01201.png,0.0258484891880281,0.0074466561649719,1
NVDA,2021-07-20,NVDA_20210720_01201,ml/datasets/charts/processed/NVDA/NVDA_20210720_01201.png,0.0322407307898979,0.0429876410531973,1
AMZN,2021-07-21,AMZN_20210721_01202,ml/datasets/charts/processed/AMZN/AMZN_20210721_01202.png,0.0126073859198929,0.0147272118710253,1
MSFT,2021-07-21,MSFT_20210721_01202,ml/datasets/charts/processed/MSFT/MSFT_20210721_01202.png,0.0171286425017769,0.0168443496801706,1
NVDA,2021-07-21,NVDA_20210721_01202,ml/datasets/charts/processed/NVDA/NVDA_20210721_01202.png,0.0046367851622874,0.0092735703245749,1
AMZN,2021-07-22,AMZN_20210722_01203,ml/datasets/charts/processed/AMZN/AMZN_20210722_01203.png,-0.0104452996151731,0.0051126992853216,1
MSFT,2021-07-22,MSFT_20210722_01203,ml/datasets/charts/processed/MSFT/MSFT_20210722_01203.png,0.0012581253931642,0.0123366184385267,1
NVDA,2021-07-22,NVDA_20210722_01203,ml/datasets/charts/processed/NVDA/NVDA_20210722_01203.png,0.0035732516590096,-0.001531393568147,0
AMZN,2021-07-23,AMZN_20210723_01204,ml/datasets/charts/processed/AMZN/AMZN_20210723_01204.png,-0.089974293059126,0.0118142536782803,1
MSFT,2021-07-23,MSFT_20210723_01204,ml/datasets/charts/processed/MSFT/MSFT_20210723_01204.png,-0.0164324921462353,-0.0021403666240894,0
NVDA,2021-07-23,NVDA_20210723_01204,ml/datasets/charts/processed/NVDA/NVDA_20210723_01204.png,-0.0030674846625766,-0.0138036809815951,0
AMZN,2021-07-26,AMZN_20210726_01205,ml/datasets/charts/processed/AMZN/AMZN_20210726_01205.png,-0.0995729498891833,-0.0198389102113628,0
MSFT,2021-07-26,MSFT_20210726_01205,ml/datasets/charts/processed/MSFT/MSFT_20210726_01205.png,-0.0146341463414634,-0.0086836187510811,0
NVDA,2021-07-26,NVDA_20210726_01205,ml/datasets/charts/processed/NVDA/NVDA_20210726_01205.png,0.0238465526179367,-0.0041472265422497,0
AMZN,2021-07-27,AMZN_20210727_01206,ml/datasets/charts/processed/AMZN/AMZN_20210727_01206.png,-0.0717515993823074,0.0011030222810501,1
MSFT,2021-07-27,MSFT_20210727_01206,ml/datasets/charts/processed/MSFT/MSFT_20210727_01206.png,0.0020241502059048,-0.0011167725273958,0
NVDA,2021-07-27,NVDA_20210727_01206,ml/datasets/charts/processed/NVDA/NVDA_20210727_01206.png,0.0317542946382092,0.0150963040083289,1
AMZN,2021-07-28,AMZN_20210728_01207,ml/datasets/charts/processed/AMZN/AMZN_20210728_01207.png,-0.0759144997796386,-0.0083737329219921,0
MSFT,2021-07-28,MSFT_20210728_01207,ml/datasets/charts/processed/MSFT/MSFT_20210728_01207.png,0.0010132066242749,0.0009782684648171,1
NVDA,2021-07-28,NVDA_20210728_01207,ml/datasets/charts/processed/NVDA/NVDA_20210728_01207.png,0.0394871794871793,0.0082051282051283,1
AMZN,2021-07-29,AMZN_20210729_01208,ml/datasets/charts/processed/AMZN/AMZN_20210729_01208.png,-0.0622222222222221,-0.0756666666666666,0
MSFT,2021-07-29,MSFT_20210729_01208,ml/datasets/charts/processed/MSFT/MSFT_20210729_01208.png,0.0105410122164049,-0.0055497382198952,0
NVDA,2021-07-29,NVDA_20210729_01208,ml/datasets/charts/processed/NVDA/NVDA_20210729_01208.png,0.0498474059003051,-0.0081383519837232,0
AMZN,2021-07-30,AMZN_20210730_01209,ml/datasets/charts/processed/AMZN/AMZN_20210730_01209.png,0.0052289938694554,0.0011419641783867,1
MSFT,2021-07-30,MSFT_20210730_01209,ml/datasets/charts/processed/MSFT/MSFT_20210730_01209.png,0.0159699554245198,-0.0003158892281773,0
NVDA,2021-07-30,NVDA_20210730_01209,ml/datasets/charts/processed/NVDA/NVDA_20210730_01209.png,0.0446153846153847,0.0128205128205127,1
AMZN,2021-08-02,AMZN_20210802_01210,ml/datasets/charts/processed/AMZN/AMZN_20210802_01210.png,0.0031218106501771,0.0104460587140542,1
MSFT,2021-08-02,MSFT_20210802_01210,ml/datasets/charts/processed/MSFT/MSFT_20210802_01210.png,0.0123235727828101,0.0080752756126676,1
NVDA,2021-08-02,NVDA_20210802_01210,ml/datasets/charts/processed/NVDA/NVDA_20210802_01210.png,0.0278481012658227,0.0035443037974682,1
AMZN,2021-08-03,AMZN_20210803_01211,ml/datasets/charts/processed/AMZN/AMZN_20210803_01211.png,-0.0135464321787178,-0.0033866080446793,0
MSFT,2021-08-03,MSFT_20210803_01211,ml/datasets/charts/processed/MSFT/MSFT_20210803_01211.png,-0.0023683477291724,-0.0021245472276401,0
NVDA,2021-08-03,NVDA_20210803_01211,ml/datasets/charts/processed/NVDA/NVDA_20210803_01211.png,0.0060544904137236,0.0227043390514631,1
AMZN,2021-08-04,AMZN_20210804_01212,ml/datasets/charts/processed/AMZN/AMZN_20210804_01212.png,-0.018659830690354,0.0063193036842732,1
MSFT,2021-08-04,MSFT_20210804_01212,ml/datasets/charts/processed/MSFT/MSFT_20210804_01212.png,0.0015357230114132,0.0105057415098948,1
NVDA,2021-08-04,NVDA_20210804_01212,ml/datasets/charts/processed/NVDA/NVDA_20210804_01212.png,-0.0281203749383325,0.0182535767143563,1
AMZN,2021-08-05,AMZN_20210805_01213,ml/datasets/charts/processed/AMZN/AMZN_20210805_01213.png,-0.0214454976303317,-0.0091824644549763,0
MSFT,2021-08-05,MSFT_20210805_01213,ml/datasets/charts/processed/MSFT/MSFT_20210805_01213.png,0.0010016579165517,-0.0002072395689417,0
NVDA,2021-08-05,NVDA_20210805_01213,ml/datasets/charts/processed/NVDA/NVDA_20210805_01213.png,-0.0353682170542636,-0.0130813953488372,0
AMZN,2021-08-06,AMZN_20210806_01214,ml/datasets/charts/processed/AMZN/AMZN_20210806_01214.png,-0.0152466367713005,-0.0009566517189835,0
MSFT,2021-08-06,MSFT_20210806_01214,ml/datasets/charts/processed/MSFT/MSFT_20210806_01214.png,0.0117114627236925,-0.0039038209078974,0
NVDA,2021-08-06,NVDA_20210806_01214,ml/datasets/charts/processed/NVDA/NVDA_20210806_01214.png,-0.0088365243004417,-0.0034364261168384,0
AMZN,2021-08-09,AMZN_20210809_01215,ml/datasets/charts/processed/AMZN/AMZN_20210809_01215.png,-0.0128074690286672,-0.0063438865282183,0
MSFT,2021-08-09,MSFT_20210809_01215,ml/datasets/charts/processed/MSFT/MSFT_20210809_01215.png,0.0217459161377588,-0.0065549890750181,0
NVDA,2021-08-09,NVDA_20210809_01215,ml/datasets/charts/processed/NVDA/NVDA_20210809_01215.png,-0.0172413793103448,-0.0177339901477832,0
AMZN,2021-08-10,AMZN_20210810_01216,ml/datasets/charts/processed/AMZN/AMZN_20210810_01216.png,-0.0236704210082515,-0.0085526712039991,0
MSFT,2021-08-10,MSFT_20210810_01216,ml/datasets/charts/processed/MSFT/MSFT_20210810_01216.png,0.0231811199553133,0.0017804775869292,1
NVDA,2021-08-10,NVDA_20210810_01216,ml/datasets/charts/processed/NVDA/NVDA_20210810_01216.png,-0.0240722166499498,-0.012036108324975,0
AMZN,2021-08-11,AMZN_20210811_01217,ml/datasets/charts/processed/AMZN/AMZN_20210811_01217.png,-0.0276410910637264,0.0034627300893019,1
MSFT,2021-08-11,MSFT_20210811_01217,ml/datasets/charts/processed/MSFT/MSFT_20210811_01217.png,0.0131730266596969,0.0099668931869663,1
NVDA,2021-08-11,NVDA_20210811_01217,ml/datasets/charts/processed/NVDA/NVDA_20210811_01217.png,-0.0335025380710659,0.0106598984771573,1
AMZN,2021-08-12,AMZN_20210812_01218,ml/datasets/charts/processed/AMZN/AMZN_20210812_01218.png,-0.0350526698147476,-0.0029059208136579,0
MSFT,2021-08-12,MSFT_20210812_01218,ml/datasets/charts/processed/MSFT/MSFT_20210812_01218.png,0.0240157344467064,0.0104896311376418,1
NVDA,2021-08-12,NVDA_20210812_01218,ml/datasets/charts/processed/NVDA/NVDA_20210812_01218.png,-0.005524861878453,0.0140632847815169,1
AMZN,2021-08-13,AMZN_20210813_01219,ml/datasets/charts/processed/AMZN/AMZN_20210813_01219.png,-0.0285367334547661,0.0015179113539769,1
MSFT,2021-08-13,MSFT_20210813_01219,ml/datasets/charts/processed/MSFT/MSFT_20210813_01219.png,0.0393033976438448,0.0059757555062318,1
NVDA,2021-08-13,NVDA_20210813_01219,ml/datasets/charts/processed/NVDA/NVDA_20210813_01219.png,0.0312035661218423,-0.011887072808321,0
AMZN,2021-08-16,AMZN_20210816_01220,ml/datasets/charts/processed/AMZN/AMZN_20210816_01220.png,-0.0100636556532281,-0.0172779630190966,0
MSFT,2021-08-16,MSFT_20210816_01220,ml/datasets/charts/processed/MSFT/MSFT_20210816_01220.png,0.0341140529531567,-0.0051595383570944,0
NVDA,2021-08-16,NVDA_20210816_01220,ml/datasets/charts/processed/NVDA/NVDA_20210816_01220.png,0.1007518796992481,-0.0245614035087718,0
AMZN,2021-08-17,AMZN_20210817_01221,ml/datasets/charts/processed/AMZN/AMZN_20210817_01221.png,0.0196792103639729,-0.0125848241826033,0
MSFT,2021-08-17,MSFT_20210817_01221,ml/datasets/charts/processed/MSFT/MSFT_20210817_01221.png,0.0325508393612665,-0.0080182885219051,0
NVDA,2021-08-17,NVDA_20210817_01221,ml/datasets/charts/processed/NVDA/NVDA_20210817_01221.png,0.119732785200411,-0.0215827338129497,0
AMZN,2021-08-18,AMZN_20210818_01222,ml/datasets/charts/processed/AMZN/AMZN_20210818_01222.png,0.0306135199300263,-0.0041859302761465,0
MSFT,2021-08-18,MSFT_20210818_01222,ml/datasets/charts/processed/MSFT/MSFT_20210818_01222.png,0.0387988855639251,0.0207752897877755,1
NVDA,2021-08-18,NVDA_20210818_01222,ml/datasets/charts/processed/NVDA/NVDA_20210818_01222.png,0.1664915966386555,0.0399159663865547,1
AMZN,2021-08-19,AMZN_20210819_01223,ml/datasets/charts/processed/AMZN/AMZN_20210819_01223.png,0.0402158228245186,0.0038270907836126,1
MSFT,2021-08-19,MSFT_20210819_01223,ml/datasets/charts/processed/MSFT/MSFT_20210819_01223.png,0.0078175017690467,0.0255753613909763,1
NVDA,2021-08-19,NVDA_20210819_01223,ml/datasets/charts/processed/NVDA/NVDA_20210819_01223.png,0.1146464646464646,0.0515151515151515,1
AMZN,2021-08-20,AMZN_20210820_01224,ml/datasets/charts/processed/AMZN/AMZN_20210820_01224.png,0.0467499999999998,0.0205625,1
MSFT,2021-08-20,MSFT_20210820_01224,ml/datasets/charts/processed/MSFT/MSFT_20210820_01224.png,-0.0152451044815349,0.0009528190300958,1
NVDA,2021-08-20,NVDA_20210820_01224,ml/datasets/charts/processed/NVDA/NVDA_20210820_01224.png,0.0874159462055714,0.0547550432276657,1
AMZN,2021-08-23,AMZN_20210823_01225,ml/datasets/charts/processed/AMZN/AMZN_20210823_01225.png,0.047706534386674,0.0122481474676954,1
MSFT,2021-08-23,MSFT_20210823_01225,ml/datasets/charts/processed/MSFT/MSFT_20210823_01225.png,-0.0034794025931397,-0.00666338421139,0
NVDA,2021-08-23,NVDA_20210823_01225,ml/datasets/charts/processed/NVDA/NVDA_20210823_01225.png,0.0332422586520946,-0.0077413479052823,0
AMZN,2021-08-24,AMZN_20210824_01226,ml/datasets/charts/processed/AMZN/AMZN_20210824_01226.png,0.0499122753947607,-0.0019964910157903,0
MSFT,2021-08-24,MSFT_20210824_01226,ml/datasets/charts/processed/MSFT/MSFT_20210824_01226.png,-0.0024453109510277,-0.0020157292974688,0
NVDA,2021-08-24,NVDA_20210824_01226,ml/datasets/charts/processed/NVDA/NVDA_20210824_01226.png,0.0275355667737495,0.0192748967416247,1
AMZN,2021-08-25,AMZN_20210825_01227,ml/datasets/charts/processed/AMZN/AMZN_20210825_01227.png,0.0544980601357902,0.0050921435499515,1
MSFT,2021-08-25,MSFT_20210825_01227,ml/datasets/charts/processed/MSFT/MSFT_20210825_01227.png,-0.0005960067547432,-0.0096685540213901,0
NVDA,2021-08-25,NVDA_20210825_01227,ml/datasets/charts/processed/NVDA/NVDA_20210825_01227.png,0.0103556956325978,-0.0063034669067987,0
AMZN,2021-08-26,AMZN_20210826_01228,ml/datasets/charts/processed/AMZN/AMZN_20210826_01228.png,0.0443908323281061,0.010132689987937,1
MSFT,2021-08-26,MSFT_20210826_01228,ml/datasets/charts/processed/MSFT/MSFT_20210826_01228.png,0.0068875589287504,0.0021063893811228,1
NVDA,2021-08-26,NVDA_20210826_01228,ml/datasets/charts/processed/NVDA/NVDA_20210826_01228.png,0.0149524241051199,0.0258269143633891,1
AMZN,2021-08-27,AMZN_20210827_01229,ml/datasets/charts/processed/AMZN/AMZN_20210827_01229.png,0.0383329352758539,0.0214951038930022,1
MSFT,2021-08-27,MSFT_20210827_01229,ml/datasets/charts/processed/MSFT/MSFT_20210827_01229.png,0.0047377552382221,0.0129120512478311,1
NVDA,2021-08-27,NVDA_20210827_01229,ml/datasets/charts/processed/NVDA/NVDA_20210827_01229.png,0.0088339222614841,0.002208480565371,1
AMZN,2021-08-30,AMZN_20210830_01230,ml/datasets/charts/processed/AMZN/AMZN_20210830_01230.png,0.0256020575169511,0.014379237783493,1
MSFT,2021-08-30,MSFT_20210830_01230,ml/datasets/charts/processed/MSFT/MSFT_20210830_01230.png,-0.0112322540268123,-0.0056325965940906,0
NVDA,2021-08-30,NVDA_20210830_01230,ml/datasets/charts/processed/NVDA/NVDA_20210830_01230.png,-0.0013221683561041,-0.0132216835610401,0
AMZN,2021-08-31,AMZN_20210831_01231,ml/datasets/charts/processed/AMZN/AMZN_20210831_01231.png,0.0157888671199724,0.002362567707733,1
MSFT,2021-08-31,MSFT_20210831_01231,ml/datasets/charts/processed/MSFT/MSFT_20210831_01231.png,-0.0055319994699881,-0.0001656287266463,0
NVDA,2021-08-31,NVDA_20210831_01231,ml/datasets/charts/processed/NVDA/NVDA_20210831_01231.png,-0.0022331397945511,0.0022331397945511,1
AMZN,2021-09-01,AMZN_20210901_01232,ml/datasets/charts/processed/AMZN/AMZN_20210901_01232.png,0.0014946823799943,-0.0045415349238286,0
MSFT,2021-09-01,MSFT_20210901_01232,ml/datasets/charts/processed/MSFT/MSFT_20210901_01232.png,-0.0151741046284331,-0.0022529238312958,0
NVDA,2021-09-01,NVDA_20210901_01232,ml/datasets/charts/processed/NVDA/NVDA_20210901_01232.png,-0.0115864527629234,-0.001782531194296,0
AMZN,2021-09-02,AMZN_20210902_01233,ml/datasets/charts/processed/AMZN/AMZN_20210902_01233.png,0.0017325017325018,0.0042735042735042,1
MSFT,2021-09-02,MSFT_20210902_01233,ml/datasets/charts/processed/MSFT/MSFT_20210902_01233.png,-0.0180640876639548,-3.320604349987821e-05,0
NVDA,2021-09-02,NVDA_20210902_01233,ml/datasets/charts/processed/NVDA/NVDA_20210902_01233.png,0.0035714285714285,0.0196428571428572,1
AMZN,2021-09-03,AMZN_20210903_01234,ml/datasets/charts/processed/AMZN/AMZN_20210903_01234.png,-0.0059804485336399,0.0089706728004601,1
MSFT,2021-09-03,MSFT_20210903_01234,ml/datasets/charts/processed/MSFT/MSFT_20210903_01234.png,-0.0137809656638108,-0.0031878860330742,0
NVDA,2021-09-03,NVDA_20210903_01234,ml/datasets/charts/processed/NVDA/NVDA_20210903_01234.png,-0.0302101576182136,-0.0078809106830122,0
AMZN,2021-09-07,AMZN_20210907_01235,ml/datasets/charts/processed/AMZN/AMZN_20210907_01235.png,-0.0168699418670922,0.0046734298415593,1
MSFT,2021-09-07,MSFT_20210907_01235,ml/datasets/charts/processed/MSFT/MSFT_20210907_01235.png,-0.0012992204677193,9.994003597824096e-05,1
NVDA,2021-09-07,NVDA_20210907_01235,ml/datasets/charts/processed/NVDA/NVDA_20210907_01235.png,-0.0185348631950574,-0.0141218005295675,0
AMZN,2021-09-08,AMZN_20210908_01236,ml/datasets/charts/processed/AMZN/AMZN_20210908_01236.png,-0.0141252552756978,-0.0117426820966644,0
MSFT,2021-09-08,MSFT_20210908_01236,ml/datasets/charts/processed/MSFT/MSFT_20210908_01236.png,0.0153559175243995,-0.0098597648312847,0
NVDA,2021-09-08,NVDA_20210908_01236,ml/datasets/charts/processed/NVDA/NVDA_20210908_01236.png,0.0,-0.0071620411817368,0
AMZN,2021-09-09,AMZN_20210909_01237,ml/datasets/charts/processed/AMZN/AMZN_20210909_01237.png,0.0011480397221743,-0.0043051489581539,0
MSFT,2021-09-09,MSFT_20210909_01237,ml/datasets/charts/processed/MSFT/MSFT_20210909_01237.png,0.0268124474348192,-0.0051808242220353,0
NVDA,2021-09-09,NVDA_20210909_01237,ml/datasets/charts/processed/NVDA/NVDA_20210909_01237.png,0.0027051397655544,0.0135256988277727,1
AMZN,2021-09-10,AMZN_20210910_01238,ml/datasets/charts/processed/AMZN/AMZN_20210910_01238.png,-0.0019024558976133,-0.0034590107229331,0
MSFT,2021-09-10,MSFT_20210910_01238,ml/datasets/charts/processed/MSFT/MSFT_20210910_01238.png,0.0140678367319333,0.0043285651482871,1
NVDA,2021-09-10,NVDA_20210910_01238,ml/datasets/charts/processed/NVDA/NVDA_20210910_01238.png,-0.0258007117437722,-0.0146797153024912,0
AMZN,2021-09-13,AMZN_20210913_01239,ml/datasets/charts/processed/AMZN/AMZN_20210913_01239.png,-0.0293300937174593,-0.00208261020479,0
MSFT,2021-09-13,MSFT_20210913_01239,ml/datasets/charts/processed/MSFT/MSFT_20210913_01239.png,-0.0090575440250513,0.0094279268662245,1
NVDA,2021-09-13,NVDA_20210913_01239,ml/datasets/charts/processed/NVDA/NVDA_20210913_01239.png,-0.0469525959367945,0.0040632054176072,1
AMZN,2021-09-14,AMZN_20210914_01240,ml/datasets/charts/processed/AMZN/AMZN_20210914_01240.png,-0.0308405797101448,0.0074782608695651,1
MSFT,2021-09-14,MSFT_20210914_01240,ml/datasets/charts/processed/MSFT/MSFT_20210914_01240.png,-0.0166449848227092,0.0167784115547549,1
NVDA,2021-09-14,NVDA_20210914_01240,ml/datasets/charts/processed/NVDA/NVDA_20210914_01240.png,-0.0445143884892085,0.0044964028776979,1
AMZN,2021-09-15,AMZN_20210915_01241,ml/datasets/charts/processed/AMZN/AMZN_20210915_01241.png,-0.0275620001150813,0.0035675240232464,1
MSFT,2021-09-15,MSFT_20210915_01241,ml/datasets/charts/processed/MSFT/MSFT_20210915_01241.png,-0.0204710976970015,0.0013122498523721,1
NVDA,2021-09-15,NVDA_20210915_01241,ml/datasets/charts/processed/NVDA/NVDA_20210915_01241.png,-0.0179051029543418,-0.0044762757385855,0
AMZN,2021-09-16,AMZN_20210916_01242,ml/datasets/charts/processed/AMZN/AMZN_20210916_01242.png,-0.0206983544521528,-0.0073390287254171,0
MSFT,2021-09-16,MSFT_20210916_01242,ml/datasets/charts/processed/MSFT/MSFT_20210916_01242.png,-0.0185440010484241,-0.0175283402136164,0
NVDA,2021-09-16,NVDA_20210916_01242,ml/datasets/charts/processed/NVDA/NVDA_20210916_01242.png,0.0107913669064749,-0.0152877697841726,0
AMZN,2021-09-17,AMZN_20210917_01243,ml/datasets/charts/processed/AMZN/AMZN_20210917_01243.png,-0.0106856119678854,-0.0308438745451394,0
MSFT,2021-09-17,MSFT_20210917_01243,ml/datasets/charts/processed/MSFT/MSFT_20210917_01243.png,-0.0017340847700669,-0.018574715710141,0
NVDA,2021-09-17,NVDA_20210917_01243,ml/datasets/charts/processed/NVDA/NVDA_20210917_01243.png,0.0082191780821918,-0.0360730593607305,0
AMZN,2021-09-20,AMZN_20210920_01244,ml/datasets/charts/processed/AMZN/AMZN_20210920_01244.png,0.0148995768520174,-0.0036354967518921,0
MSFT,2021-09-20,MSFT_20210920_01244,ml/datasets/charts/processed/MSFT/MSFT_20210920_01244.png,-0.0004417261297995,0.001698946653075,1
NVDA,2021-09-20,NVDA_20210920_01244,ml/datasets/charts/processed/NVDA/NVDA_20210920_01244.png,0.0260540028422548,0.0066319279962103,1
AMZN,2021-09-21,AMZN_20210921_01245,ml/datasets/charts/processed/AMZN/AMZN_20210921_01245.png,-0.0082545759062088,0.0108864696734058,1
MSFT,2021-09-21,MSFT_20210921_01245,ml/datasets/charts/processed/MSFT/MSFT_20210921_01245.png,-0.0382632293080055,0.0128222523744911,1
NVDA,2021-09-21,NVDA_20210921_01245,ml/datasets/charts/processed/NVDA/NVDA_20210921_01245.png,-0.0258823529411764,0.0324705882352942,1
AMZN,2021-09-22,AMZN_20210922_01246,ml/datasets/charts/processed/AMZN/AMZN_20210922_01246.png,-0.0233136094674556,0.0106508875739645,1
MSFT,2021-09-22,MSFT_20210922_01246,ml/datasets/charts/processed/MSFT/MSFT_20210922_01246.png,-0.0488311340344296,0.0032822024248109,1
NVDA,2021-09-22,NVDA_20210922_01246,ml/datasets/charts/processed/NVDA/NVDA_20210922_01246.png,-0.0647219690063811,0.0246125797629899,1
AMZN,2021-09-23,AMZN_20210923_01247,ml/datasets/charts/processed/AMZN/AMZN_20210923_01247.png,-0.0383489461358314,0.0028103044496485,1
MSFT,2021-09-23,MSFT_20210923_01247,ml/datasets/charts/processed/MSFT/MSFT_20210923_01247.png,-0.0588863666711175,-0.0007010281746561,0
NVDA,2021-09-23,NVDA_20210923_01247,ml/datasets/charts/processed/NVDA/NVDA_20210923_01247.png,-0.0782918149466193,-0.0177935943060498,0
AMZN,2021-09-24,AMZN_20210924_01248,ml/datasets/charts/processed/AMZN/AMZN_20210924_01248.png,-0.0415693601120972,-0.0057800093414293,0
MSFT,2021-09-24,MSFT_20210924_01248,ml/datasets/charts/processed/MSFT/MSFT_20210924_01248.png,-0.0342408551862368,-0.0173041590111909,0
NVDA,2021-09-24,NVDA_20210924_01248,ml/datasets/charts/processed/NVDA/NVDA_20210924_01248.png,-0.0606884057971014,-0.0190217391304347,0
AMZN,2021-09-27,AMZN_20210927_01249,ml/datasets/charts/processed/AMZN/AMZN_20210927_01249.png,-0.0634212226202359,-0.0263667860708202,0
MSFT,2021-09-27,MSFT_20210927_01249,ml/datasets/charts/processed/MSFT/MSFT_20210927_01249.png,-0.037597307679233,-0.0362035557670735,0
NVDA,2021-09-27,NVDA_20210927_01249,ml/datasets/charts/processed/NVDA/NVDA_20210927_01249.png,-0.0891043397968606,-0.0443213296398892,0
AMZN,2021-09-28,AMZN_20210928_01250,ml/datasets/charts/processed/AMZN/AMZN_20210928_01250.png,-0.0286489746682749,-0.0044632086851629,0
MSFT,2021-09-28,MSFT_20210928_01250,ml/datasets/charts/processed/MSFT/MSFT_20210928_01250.png,0.0184819413092551,0.0016930022573364,1
NVDA,2021-09-28,NVDA_20210928_01250,ml/datasets/charts/processed/NVDA/NVDA_20210928_01250.png,-0.0120772946859903,-0.0086956521739129,0
AMZN,2021-09-29,AMZN_20210929_01251,ml/datasets/charts/processed/AMZN/AMZN_20210929_01251.png,-0.011874469889737,-0.004907306434024,0
MSFT,2021-09-29,MSFT_20210929_01251,ml/datasets/charts/processed/MSFT/MSFT_20210929_01251.png,0.0320774647887325,-0.0073239436619717,0
NVDA,2021-09-29,NVDA_20210929_01251,ml/datasets/charts/processed/NVDA/NVDA_20210929_01251.png,0.0087719298245614,0.0097465886939571,1
AMZN,2021-09-30,AMZN_20210930_01252,ml/datasets/charts/processed/AMZN/AMZN_20210930_01252.png,0.0052968036529681,-0.0005479452054795,0
MSFT,2021-09-30,MSFT_20210930_01252,ml/datasets/charts/processed/MSFT/MSFT_20210930_01252.png,0.0458640749148695,0.0254682179341656,1
NVDA,2021-09-30,NVDA_20210930_01252,ml/datasets/charts/processed/NVDA/NVDA_20210930_01252.png,0.0168918918918918,0.0009652509652509,1
AMZN,2021-10-01,AMZN_20211001_01253,ml/datasets/charts/processed/AMZN/AMZN_20211001_01253.png,0.0016447368421053,-0.0284478557504872,0
MSFT,2021-10-01,MSFT_20211001_01253,ml/datasets/charts/processed/MSFT/MSFT_20211001_01253.png,0.0198893116568661,-0.0207194742303701,0
NVDA,2021-10-01,NVDA_20211001_01253,ml/datasets/charts/processed/NVDA/NVDA_20211001_01253.png,0.0043394406943104,-0.0486981677917067,0
AMZN,2021-10-04,AMZN_20211004_01254,ml/datasets/charts/processed/AMZN/AMZN_20211004_01254.png,0.0176813593328735,0.0097811775032916,1
MSFT,2021-10-04,MSFT_20211004_01254,ml/datasets/charts/processed/MSFT/MSFT_20211004_01254.png,0.0392780191445021,0.0199569072092118,1
NVDA,2021-10-04,NVDA_20211004_01254,ml/datasets/charts/processed/NVDA/NVDA_20211004_01254.png,0.049163710086163,0.0364926507856055,1
AMZN,2021-10-05,AMZN_20211005_01255,ml/datasets/charts/processed/AMZN/AMZN_20211005_01255.png,0.0081962123564109,0.0127289661595777,1
MSFT,2021-10-05,MSFT_20211005_01255,ml/datasets/charts/processed/MSFT/MSFT_20211005_01255.png,0.0142679041418478,0.0150644133536501,1
NVDA,2021-10-05,NVDA_20211005_01255,ml/datasets/charts/processed/NVDA/NVDA_20211005_01255.png,0.0107579462102691,0.0122249388753055,1
AMZN,2021-10-06,AMZN_20211006_01256,ml/datasets/charts/processed/AMZN/AMZN_20211006_01256.png,0.0068056407112202,0.0123850398528511,1
MSFT,2021-10-06,MSFT_20211006_01256,ml/datasets/charts/processed/MSFT/MSFT_20211006_01256.png,0.0109174030227559,0.0059363378936236,1
NVDA,2021-10-06,NVDA_20211006_01256,ml/datasets/charts/processed/NVDA/NVDA_20211006_01256.png,0.0115942028985507,0.0178743961352656,1
AMZN,2021-10-07,AMZN_20211007_01257,ml/datasets/charts/processed/AMZN/AMZN_20211007_01257.png,-0.0007873062015503,-0.0041787790697673,0
MSFT,2021-10-07,MSFT_20211007_01257,ml/datasets/charts/processed/MSFT/MSFT_20211007_01257.png,0.0267932847210445,0.0,0
NVDA,2021-10-07,NVDA_20211007_01257,ml/datasets/charts/processed/NVDA/NVDA_20211007_01257.png,0.0322733744660654,-0.011390602752729,0
AMZN,2021-10-08,AMZN_20211008_01258,ml/datasets/charts/processed/AMZN/AMZN_20211008_01258.png,0.0366113239676457,-0.0128930243872772,0
MSFT,2021-10-08,MSFT_20211008_01258,ml/datasets/charts/processed/MSFT/MSFT_20211008_01258.png,0.0317449550618957,-0.0021027641173477,0
NVDA,2021-10-08,NVDA_20211008_01258,ml/datasets/charts/processed/NVDA/NVDA_20211008_01258.png,0.0494479116658665,-0.0062409985597695,0
AMZN,2021-10-11,AMZN_20211011_01259,ml/datasets/charts/processed/AMZN/AMZN_20211011_01259.png,0.0617953299242191,0.0003696629905736,1
MSFT,2021-10-11,MSFT_20211011_01259,ml/datasets/charts/processed/MSFT/MSFT_20211011_01259.png,0.0443870441491349,-0.0045882472895354,0
NVDA,2021-10-11,NVDA_20211011_01259,ml/datasets/charts/processed/NVDA/NVDA_20211011_01259.png,0.0734299516908212,-0.0014492753623187,0
AAPL,2021-10-12,AAPL_20211012_00000,ml/datasets/charts/processed/AAPL/AAPL_20211012_00000.png,0.0512331366739884,-0.0042398556379567,0
AMZN,2021-10-12,AMZN_20211012_01260,ml/datasets/charts/processed/AMZN/AMZN_20211012_01260.png,0.060602328016259,0.0113321426371866,1
GOOGL,2021-10-12,GOOGL_20211012_00000,ml/datasets/charts/processed/GOOGL/GOOGL_20211012_00000.png,0.0497473691929748,0.0083036195279073,1
MSFT,2021-10-12,MSFT_20211012_01260,ml/datasets/charts/processed/MSFT/MSFT_20211012_01260.png,0.0524105435673314,0.0117112810707458,1
NVDA,2021-10-12,NVDA_20211012_01260,ml/datasets/charts/processed/NVDA/NVDA_20211012_01260.png,0.0783744557329462,0.0130624092888242,1
AAPL,2021-10-13,AAPL_20211013_00001,ml/datasets/charts/processed/AAPL/AAPL_20211013_00001.png,0.0592576704137639,0.0202253987043088,1
AMZN,2021-10-13,AMZN_20211013_01261,ml/datasets/charts/processed/AMZN/AMZN_20211013_01261.png,0.0398270507277267,0.0047500152244077,1
GOOGL,2021-10-13,GOOGL_20211013_00001,ml/datasets/charts/processed/GOOGL/GOOGL_20211013_00001.png,0.0304325924778843,0.0259406448864012,1
MSFT,2021-10-13,MSFT_20211013_01261,ml/datasets/charts/processed/MSFT/MSFT_20211013_01261.png,0.0374607674395059,0.0217339948027404,1
NVDA,2021-10-13,NVDA_20211013_01261,ml/datasets/charts/processed/NVDA/NVDA_20211013_01261.png,0.055396370582617,0.0386819484240688,1
AAPL,2021-10-14,AAPL_20211014_00002,ml/datasets/charts/processed/AAPL/AAPL_20211014_00002.png,0.0397883912945917,0.0075124485630966,1
AMZN,2021-10-14,AMZN_20211014_01262,ml/datasets/charts/processed/AMZN/AMZN_20211014_01262.png,0.0409721801321292,0.0330929147221041,1
GOOGL,2021-10-14,GOOGL_20211014_00002,ml/datasets/charts/processed/GOOGL/GOOGL_20211014_00002.png,0.0052073438303985,0.0015374353567161,1
MSFT,2021-10-14,MSFT_20211014_01262,ml/datasets/charts/processed/MSFT/MSFT_20211014_01262.png,0.0264574731626754,0.0048224607762179,1
NVDA,2021-10-14,NVDA_20211014_01262,ml/datasets/charts/processed/NVDA/NVDA_20211014_01262.png,0.0432183908045977,0.0050574712643678,1
AAPL,2021-10-15,AAPL_20211015_00003,ml/datasets/charts/processed/AAPL/AAPL_20211015_00003.png,0.0265813420800826,0.0118068371927091,1
AMZN,2021-10-15,AMZN_20211015_01263,ml/datasets/charts/processed/AMZN/AMZN_20211015_01263.png,-0.0215312408330887,0.011088295687885,1
GOOGL,2021-10-15,GOOGL_20211015_00003,ml/datasets/charts/processed/GOOGL/GOOGL_20211015_00003.png,-0.026890768564507,0.0099741235767722,1
MSFT,2021-10-15,MSFT_20211015_01263,ml/datasets/charts/processed/MSFT/MSFT_20211015_01263.png,0.0162716544492294,0.0101245849906315,1
NVDA,2021-10-15,NVDA_20211015_01263,ml/datasets/charts/processed/NVDA/NVDA_20211015_01263.png,0.0397987191216835,0.0164684354986275,1
AAPL,2021-10-18,AAPL_20211018_00004,ml/datasets/charts/processed/AAPL/AAPL_20211018_00004.png,0.0142608234496137,0.0150796956626353,1
AMZN,2021-10-18,AMZN_20211018_01264,ml/datasets/charts/processed/AMZN/AMZN_20211018_01264.png,-0.0366716954856678,-0.0007543228501798,0
GOOGL,2021-10-18,GOOGL_20211018_00004,ml/datasets/charts/processed/GOOGL/GOOGL_20211018_00004.png,-0.0373377144965454,0.0032144966532101,1
MSFT,2021-10-18,MSFT_20211018_01264,ml/datasets/charts/processed/MSFT/MSFT_20211018_01264.png,0.0027335741481986,0.003058999642032,1
NVDA,2021-10-18,NVDA_20211018_01264,ml/datasets/charts/processed/NVDA/NVDA_20211018_01264.png,0.0427542754275429,0.003150315031503,1
AAPL,2021-10-19,AAPL_20211019_00005,ml/datasets/charts/processed/AAPL/AAPL_20211019_00005.png,0.0037644237973923,0.0033612278861396,1
AMZN,2021-10-19,AMZN_20211019_01265,ml/datasets/charts/processed/AMZN/AMZN_20211019_01265.png,-0.0198014052610184,-0.0084780210208467,0
GOOGL,2021-10-19,GOOGL_20211019_00005,ml/datasets/charts/processed/GOOGL/GOOGL_20211019_00005.png,-0.0274263294826513,-0.0102486148893803,0
MSFT,2021-10-19,MSFT_20211019_01265,ml/datasets/charts/processed/MSFT/MSFT_20211019_01265.png,0.0060993414009018,-0.0026603510365635,0
NVDA,2021-10-19,NVDA_20211019_01265,ml/datasets/charts/processed/NVDA/NVDA_20211019_01265.png,0.1090174966352623,-0.0085240017945266,0
AAPL,2021-10-20,AAPL_20211020_00006,ml/datasets/charts/processed/AAPL/AAPL_20211020_00006.png,-0.0027470952428716,0.0014735372765941,1
AMZN,2021-10-20,AMZN_20211020_01266,ml/datasets/charts/processed/AMZN/AMZN_20211020_01266.png,-0.0066178623718886,0.0058565153733527,1
GOOGL,2021-10-20,GOOGL_20211020_00006,ml/datasets/charts/processed/GOOGL/GOOGL_20211020_00006.png,0.0313785655215068,0.0008253602440659,1
MSFT,2021-10-20,MSFT_20211020_01266,ml/datasets/charts/processed/MSFT/MSFT_20211020_01266.png,0.0512670375069126,0.0108974984548322,1
NVDA,2021-10-20,NVDA_20211020_01266,ml/datasets/charts/processed/NVDA/NVDA_20211020_01266.png,0.1063348416289591,0.0266968325791854,1
AAPL,2021-10-21,AAPL_20211021_00007,ml/datasets/charts/processed/AAPL/AAPL_20211021_00007.png,0.0206722186371473,-0.0052846422717378,0
AMZN,2021-10-21,AMZN_20211021_01267,ml/datasets/charts/processed/AMZN/AMZN_20211021_01267.png,0.003377001455604,-0.0289374090247452,0
GOOGL,2021-10-21,GOOGL_20211021_00007,ml/datasets/charts/processed/GOOGL/GOOGL_20211021_00007.png,0.0279307182350532,-0.0304434901360141,0
MSFT,2021-10-21,MSFT_20211021_01267,ml/datasets/charts/processed/MSFT/MSFT_20211021_01267.png,0.0437314969751578,-0.0051486677822112,0
NVDA,2021-10-21,NVDA_20211021_01267,ml/datasets/charts/processed/NVDA/NVDA_20211021_01267.png,0.0991626267078007,0.0017628911414719,1
AAPL,2021-10-22,AAPL_20211022_00008,ml/datasets/charts/processed/AAPL/AAPL_20211022_00008.png,0.0074651606372568,-0.0003363651791652,0
AMZN,2021-10-22,AMZN_20211022_01268,ml/datasets/charts/processed/AMZN/AMZN_20211022_01268.png,0.0110324979014271,-0.004556901307111,0
GOOGL,2021-10-22,GOOGL_20211022_00008,ml/datasets/charts/processed/GOOGL/GOOGL_20211022_00008.png,0.076177683023366,-0.000868590397074,0
MSFT,2021-10-22,MSFT_20211022_01268,ml/datasets/charts/processed/MSFT/MSFT_20211022_01268.png,0.0726484668133005,-0.003331608228749,0
NVDA,2021-10-22,NVDA_20211022_01268,ml/datasets/charts/processed/NVDA/NVDA_20211022_01268.png,0.1249450065992081,0.0193576770787506,1
AAPL,2021-10-25,AAPL_20211025_00009,ml/datasets/charts/processed/AAPL/AAPL_20211025_00009.png,0.0021528510568071,0.0045748216517351,1
AMZN,2021-10-25,AMZN_20211025_01269,ml/datasets/charts/processed/AMZN/AMZN_20211025_01269.png,-0.0006625707746055,0.0167449704854836,1
GOOGL,2021-10-25,GOOGL_20211025_00009,ml/datasets/charts/processed/GOOGL/GOOGL_20211025_00009.png,0.0440169720613277,0.013543399402994,1
MSFT,2021-10-25,MSFT_20211025_01269,ml/datasets/charts/processed/MSFT/MSFT_20211025_01269.png,0.0689319443092202,0.0064258592152663,1
NVDA,2021-10-25,NVDA_20211025_01269,ml/datasets/charts/processed/NVDA/NVDA_20211025_01269.png,0.1148036253776434,0.0668968493741906,1
AAPL,2021-10-26,AAPL_20211026_00010,ml/datasets/charts/processed/AAPL/AAPL_20211026_00010.png,0.0046878825700344,-0.0031476755823917,0
AMZN,2021-10-26,AMZN_20211026_01270,ml/datasets/charts/processed/AMZN/AMZN_20211026_01270.png,-0.0187203791469195,0.0048578199052131,1
GOOGL,2021-10-26,GOOGL_20211026_00010,ml/datasets/charts/processed/GOOGL/GOOGL_20211026_00010.png,0.0439598787952322,0.0495948993306687,1
MSFT,2021-10-26,MSFT_20211026_01270,ml/datasets/charts/processed/MSFT/MSFT_20211026_01270.png,0.074231724226887,0.0421140885492243,1
NVDA,2021-10-26,NVDA_20211026_01270,ml/datasets/charts/processed/NVDA/NVDA_20211026_01270.png,0.0679611650485436,-0.0109223300970873,0
AAPL,2021-10-27,AAPL_20211027_00011,ml/datasets/charts/processed/AAPL/AAPL_20211027_00011.png,0.0177359910799801,0.0249919677571004,1
AMZN,2021-10-27,AMZN_20211027_01271,ml/datasets/charts/processed/AMZN/AMZN_20211027_01271.png,-0.0024761230986912,0.0159768895177456,1
GOOGL,2021-10-27,GOOGL_20211027_00011,ml/datasets/charts/processed/GOOGL/GOOGL_20211027_00011.png,0.0026022587020164,-0.002520349195597,0
MSFT,2021-10-27,MSFT_20211027_01271,ml/datasets/charts/processed/MSFT/MSFT_20211027_01271.png,0.0335117739889221,0.0036513290218771,1
NVDA,2021-10-27,NVDA_20211027_01271,ml/datasets/charts/processed/NVDA/NVDA_20211027_01271.png,0.0879345603271983,0.020040899795501,1
AAPL,2021-10-28,AAPL_20211028_00012,ml/datasets/charts/processed/AAPL/AAPL_20211028_00012.png,-0.0105526030574505,-0.0181558296941216,0
AMZN,2021-10-28,AMZN_20211028_01272,ml/datasets/charts/processed/AMZN/AMZN_20211028_01272.png,0.0088202866593163,-0.0215284628329368,0
GOOGL,2021-10-28,GOOGL_20211028_00012,ml/datasets/charts/processed/GOOGL/GOOGL_20211028_00012.png,0.0165824603445008,0.0150636223199738,1
MSFT,2021-10-28,MSFT_20211028_01272,ml/datasets/charts/processed/MSFT/MSFT_20211028_01272.png,0.0372745490981962,0.0224140588870047,1
NVDA,2021-10-28,NVDA_20211028_01272,ml/datasets/charts/processed/NVDA/NVDA_20211028_01272.png,0.1948676824378508,0.0252606255012028,1
AAPL,2021-10-29,AAPL_20211029_00013,ml/datasets/charts/processed/AAPL/AAPL_20211029_00013.png,0.0113536582513045,-0.005607537733784,0
AMZN,2021-10-29,AMZN_20211029_01273,ml/datasets/charts/processed/AMZN/AMZN_20211029_01273.png,0.0434705254418217,-0.0160716403748073,0
GOOGL,2021-10-29,GOOGL_20211029_00013,ml/datasets/charts/processed/GOOGL/GOOGL_20211029_00013.png,0.0054444879550581,-0.0307268349827275,0
MSFT,2021-10-29,MSFT_20211029_01273,ml/datasets/charts/processed/MSFT/MSFT_20211029_01273.png,0.0133888185272299,-0.0067848742536638,0
NVDA,2021-10-29,NVDA_20211029_01273,ml/datasets/charts/processed/NVDA/NVDA_20211029_01273.png,0.1634728197105983,0.0101681658193193,1
AAPL,2021-11-01,AAPL_20211101_00014,ml/datasets/charts/processed/AAPL/AAPL_20211101_00014.png,0.011409911709004,0.0071159797471258,1
AMZN,2021-11-01,AMZN_20211101_01274,ml/datasets/charts/processed/AMZN/AMZN_20211101_01274.png,0.0514736905551203,-0.0016273883430776,0
GOOGL,2021-11-01,GOOGL_20211101_00014,ml/datasets/charts/processed/GOOGL/GOOGL_20211101_00014.png,0.0385653094266156,0.0134879726191869,1
MSFT,2021-11-01,MSFT_20211101_01274,ml/datasets/charts/processed/MSFT/MSFT_20211101_01274.png,0.0231350760542854,0.0114157330661566,1
NVDA,2021-11-01,NVDA_20211101_01274,ml/datasets/charts/processed/NVDA/NVDA_20211101_01274.png,0.1924119241192412,0.0220673635307782,1
AAPL,2021-11-02,AAPL_20211102_00015,ml/datasets/charts/processed/AAPL/AAPL_20211102_00015.png,0.0067331514272908,0.0097986707636195,1
AMZN,2021-11-02,AMZN_20211102_01275,ml/datasets/charts/processed/AMZN/AMZN_20211102_01275.png,0.0795097802463173,0.0214923931417532,1
GOOGL,2021-11-02,GOOGL_20211102_00015,ml/datasets/charts/processed/GOOGL/GOOGL_20211102_00015.png,0.0239699350914595,0.0080140416942715,1
MSFT,2021-11-02,MSFT_20211102_01275,ml/datasets/charts/processed/MSFT/MSFT_20211102_01275.png,0.0084651637498873,0.0026115930717738,1
NVDA,2021-11-02,NVDA_20211102_01275,ml/datasets/charts/processed/NVDA/NVDA_20211102_01275.png,0.1613636363636363,0.0075757575757577,1
AAPL,2021-11-03,AAPL_20211103_00016,ml/datasets/charts/processed/AAPL/AAPL_20211103_00016.png,-0.022140477476656,-0.0034983106885287,0
AMZN,2021-11-03,AMZN_20211103_01276,ml/datasets/charts/processed/AMZN/AMZN_20211103_01276.png,0.0289598108747044,0.0274822695035461,1
GOOGL,2021-11-03,GOOGL_20211103_00016,ml/datasets/charts/processed/GOOGL/GOOGL_20211103_00016.png,-0.004805626459886,0.0113884232328369,1
MSFT,2021-11-03,MSFT_20211103_01276,ml/datasets/charts/processed/MSFT/MSFT_20211103_01276.png,-0.0095808383233532,0.0073053892215568,1
NVDA,2021-11-03,NVDA_20211103_01276,ml/datasets/charts/processed/NVDA/NVDA_20211103_01276.png,0.1075187969924811,0.1203007518796992,1
AAPL,2021-11-04,AAPL_20211104_00017,ml/datasets/charts/processed/AAPL/AAPL_20211104_00017.png,-0.0190396444225208,0.0035820969765241,1
AMZN,2021-11-04,AMZN_20211104_01277,ml/datasets/charts/processed/AMZN/AMZN_20211104_01277.png,-0.0013229795800977,0.0120793787748059,1
GOOGL,2021-11-04,GOOGL_20211104_00017,ml/datasets/charts/processed/GOOGL/GOOGL_20211104_00017.png,-0.0168683737951977,0.0039422907606077,1
MSFT,2021-11-04,MSFT_20211104_01277,ml/datasets/charts/processed/MSFT/MSFT_20211104_01277.png,-0.0119189157056235,-0.0011294733087623,0
NVDA,2021-11-04,NVDA_20211104_01277,ml/datasets/charts/processed/NVDA/NVDA_20211104_01277.png,0.0197986577181208,-0.0016778523489933,0
AAPL,2021-11-05,AAPL_20211105_00018,ml/datasets/charts/processed/AAPL/AAPL_20211105_00018.png,-0.0085271701255061,-0.0055522276907972,0
AMZN,2021-11-05,AMZN_20211105_01278,ml/datasets/charts/processed/AMZN/AMZN_20211105_01278.png,0.0017618641659562,-0.0085251491901108,0
GOOGL,2021-11-05,GOOGL_20211105_00018,ml/datasets/charts/processed/GOOGL/GOOGL_20211105_00018.png,-0.0011691490270466,0.0012024498662071,1
MSFT,2021-11-05,MSFT_20211105_01278,ml/datasets/charts/processed/MSFT/MSFT_20211105_01278.png,0.0019639350116051,0.0027673629708979,1
NVDA,2021-11-05,NVDA_20211105_01278,ml/datasets/charts/processed/NVDA/NVDA_20211105_01278.png,0.0215126050420169,0.0352941176470589,1
AAPL,2021-11-08,AAPL_20211108_00019,ml/datasets/charts/processed/AAPL/AAPL_20211108_00019.png,-0.0029250963506177,0.0024590746104129,1
AMZN,2021-11-08,AMZN_20211108_01279,ml/datasets/charts/processed/AMZN/AMZN_20211108_01279.png,0.0162224132989396,0.0249928346231012,1
GOOGL,2021-11-08,GOOGL_20211108_00019,ml/datasets/charts/processed/GOOGL/GOOGL_20211108_00019.png,-0.003885217858016,-0.0007549798560135,0
MSFT,2021-11-08,MSFT_20211108_01279,ml/datasets/charts/processed/MSFT/MSFT_20211108_01279.png,-0.002730051336835,-0.0030861449894655,0
NVDA,2021-11-08,NVDA_20211108_01279,ml/datasets/charts/processed/NVDA/NVDA_20211108_01279.png,-0.0253246753246754,-0.0045454545454545,0
AAPL,2021-11-09,AAPL_20211109_00020,ml/datasets/charts/processed/AAPL/AAPL_20211109_00020.png,0.0012598747852474,-0.0191628788247604,0
AMZN,2021-11-09,AMZN_20211109_01280,ml/datasets/charts/processed/AMZN/AMZN_20211109_01280.png,-0.0099547005201051,-0.026340808679604,0
GOOGL,2021-11-09,GOOGL_20211109_00020,ml/datasets/charts/processed/GOOGL/GOOGL_20211109_00020.png,-0.0070004953614649,-0.0203131279885017,0
MSFT,2021-11-09,MSFT_20211109_01280,ml/datasets/charts/processed/MSFT/MSFT_20211109_01280.png,0.0105968150022324,-0.0153296621521058,0
NVDA,2021-11-09,NVDA_20211109_01280,ml/datasets/charts/processed/NVDA/NVDA_20211109_01280.png,-0.015003261578604,-0.0391389432485322,0
AAPL,2021-11-10,AAPL_20211110_00021,ml/datasets/charts/processed/AAPL/AAPL_20211110_00021.png,0.0376552953686466,-0.0003383625512494,0
AMZN,2021-11-10,AMZN_20211110_01281,ml/datasets/charts/processed/AMZN/AMZN_20211110_01281.png,0.0192418150488224,-0.0027570361860999,0
GOOGL,2021-11-10,GOOGL_20211110_00021,ml/datasets/charts/processed/GOOGL/GOOGL_20211110_00021.png,0.0147606265115161,-0.0008706121191401,0
MSFT,2021-11-10,MSFT_20211110_01281,ml/datasets/charts/processed/MSFT/MSFT_20211110_01281.png,0.0251511487303506,0.0049274486094317,1
NVDA,2021-11-10,NVDA_20211110_01281,ml/datasets/charts/processed/NVDA/NVDA_20211110_01281.png,-0.0067888662593346,0.0315682281059062,1
AAPL,2021-11-11,AAPL_20211111_00022,ml/datasets/charts/processed/AAPL/AAPL_20211111_00022.png,0.0676268541629669,0.0143369974568792,1
AMZN,2021-11-11,AMZN_20211111_01282,ml/datasets/charts/processed/AMZN/AMZN_20211111_01282.png,0.0643935030526436,0.0152056214721805,1
GOOGL,2021-11-11,GOOGL_20211111_00022,ml/datasets/charts/processed/GOOGL/GOOGL_20211111_00022.png,0.0279352948873421,0.0199738324756739,1
MSFT,2021-11-11,MSFT_20211111_01282,ml/datasets/charts/processed/MSFT/MSFT_20211111_01282.png,0.0265920644947807,0.0129049724754084,1
NVDA,2021-11-11,NVDA_20211111_01282,ml/datasets/charts/processed/NVDA/NVDA_20211111_01282.png,0.0424481737413622,0.0,0
AAPL,2021-11-12,AAPL_20211112_00023,ml/datasets/charts/processed/AAPL/AAPL_20211112_00023.png,0.0704046245423439,6.665526583882198e-05,1
AMZN,2021-11-12,AMZN_20211112_01283,ml/datasets/charts/processed/AMZN/AMZN_20211112_01283.png,0.0429479178486327,0.0057869057074777,1
GOOGL,2021-11-12,GOOGL_20211112_00023,ml/datasets/charts/processed/GOOGL/GOOGL_20211112_00023.png,0.0016714431306048,-0.0015200679303976,0
MSFT,2021-11-12,MSFT_20211112_01283,ml/datasets/charts/processed/MSFT/MSFT_20211112_01283.png,0.0189771917320027,-0.0019303872653837,0
NVDA,2021-11-12,NVDA_20211112_01283,ml/datasets/charts/processed/NVDA/NVDA_20211112_01283.png,0.0852254030931225,-0.0121750575847318,0
AAPL,2021-11-15,AAPL_20211115_00024,ml/datasets/charts/processed/AAPL/AAPL_20211115_00024.png,0.0734667030191364,0.0066666444497256,1
AMZN,2021-11-15,AMZN_20211115_01284,ml/datasets/charts/processed/AMZN/AMZN_20211115_01284.png,0.0076150722021659,-0.0014101985559566,0
GOOGL,2021-11-15,GOOGL_20211115_00024,ml/datasets/charts/processed/GOOGL/GOOGL_20211115_00024.png,-0.0144827986693545,-0.0038800469541989,0
MSFT,2021-11-15,MSFT_20211115_01284,ml/datasets/charts/processed/MSFT/MSFT_20211115_01284.png,0.0111881453268662,0.0102359627458565,1
NVDA,2021-11-15,NVDA_20211115_01284,ml/datasets/charts/processed/NVDA/NVDA_20211115_01284.png,0.0646235842771485,0.0059960026648899,1
AAPL,2021-11-16,AAPL_20211116_00025,ml/datasets/charts/processed/AAPL/AAPL_20211116_00025.png,0.0689404639646391,0.0164901823314553,1
AMZN,2021-11-16,AMZN_20211116_01285,ml/datasets/charts/processed/AMZN/AMZN_20211116_01285.png,0.0111280573914025,0.0023724792408066,1
GOOGL,2021-11-16,GOOGL_20211116_00025,ml/datasets/charts/processed/GOOGL/GOOGL_20211116_00025.png,-0.0141605948684486,0.0011562537378893,1
MSFT,2021-11-16,MSFT_20211116_01285,ml/datasets/charts/processed/MSFT/MSFT_20211116_01285.png,-0.0053901210568171,-0.0011487143235839,0
NVDA,2021-11-16,NVDA_20211116_01285,ml/datasets/charts/processed/NVDA/NVDA_20211116_01285.png,0.0513245033112583,-0.0311258278145694,0
AAPL,2021-11-17,AAPL_20211117_00026,ml/datasets/charts/processed/AAPL/AAPL_20211117_00026.png,0.0550521815452056,0.0285357902381673,1
AMZN,2021-11-17,AMZN_20211117_01286,ml/datasets/charts/processed/AMZN/AMZN_20211117_01286.png,0.0088475626937165,0.0414201183431954,1
GOOGL,2021-11-17,GOOGL_20211117_00026,ml/datasets/charts/processed/GOOGL/GOOGL_20211117_00026.png,-0.0130159413463267,0.0121011154055314,1
MSFT,2021-11-17,MSFT_20211117_01286,ml/datasets/charts/processed/MSFT/MSFT_20211117_01286.png,-0.0035680585043641,0.0063399386647793,1
NVDA,2021-11-17,NVDA_20211117_01286,ml/datasets/charts/processed/NVDA/NVDA_20211117_01286.png,0.1165413533834587,0.0827067669172931,1
AAPL,2021-11-18,AAPL_20211118_00027,ml/datasets/charts/processed/AAPL/AAPL_20211118_00027.png,-0.0067141760207716,0.0169761173471811,1
AMZN,2021-11-18,AMZN_20211118_01287,ml/datasets/charts/processed/AMZN/AMZN_20211118_01287.png,-0.0517857142857144,-0.0052489177489177,0
GOOGL,2021-11-18,GOOGL_20211118_00027,ml/datasets/charts/processed/GOOGL/GOOGL_20211118_00027.png,-0.0510918571187284,-0.0060866031034237,0
MSFT,2021-11-18,MSFT_20211118_01287,ml/datasets/charts/processed/MSFT/MSFT_20211118_01287.png,-0.0339613795528466,0.005391625399244,1
NVDA,2021-11-18,NVDA_20211118_01287,ml/datasets/charts/processed/NVDA/NVDA_20211118_01287.png,-0.0056818181818181,0.0410353535353533,1
AAPL,2021-11-19,AAPL_20211119_00028,ml/datasets/charts/processed/AAPL/AAPL_20211119_00028.png,-0.0019308903734922,0.0029275197559908,1
AMZN,2021-11-19,AMZN_20211119_01288,ml/datasets/charts/processed/AMZN/AMZN_20211119_01288.png,-0.0312788989827558,-0.0282870042974487,0
GOOGL,2021-11-19,GOOGL_20211119_00028,ml/datasets/charts/processed/GOOGL/GOOGL_20211119_00028.png,-0.02280338845415,-0.017622839318836,0
MSFT,2021-11-19,MSFT_20211119_01288,ml/datasets/charts/processed/MSFT/MSFT_20211119_01288.png,-0.0188860715222524,-0.0095596164495351,0
NVDA,2021-11-19,NVDA_20211119_01288,ml/datasets/charts/processed/NVDA/NVDA_20211119_01288.png,0.0121285627653124,-0.0309278350515462,0
AAPL,2021-11-22,AAPL_20211122_00029,ml/datasets/charts/processed/AAPL/AAPL_20211122_00029.png,0.0265803431017304,0.0024220657700579,1
AMZN,2021-11-22,AMZN_20211122_01289,ml/datasets/charts/processed/AMZN/AMZN_20211122_01289.png,-0.0183619772714549,0.002071320606841,1
GOOGL,2021-11-22,GOOGL_20211122_00029,ml/datasets/charts/processed/GOOGL/GOOGL_20211122_00029.png,-0.0301055075372146,-0.0035543767024811,0
MSFT,2021-11-22,MSFT_20211122_01289,ml/datasets/charts/processed/MSFT/MSFT_20211122_01289.png,-0.0271900656210458,-0.0063266927581436,0
NVDA,2021-11-22,NVDA_20211122_01289,ml/datasets/charts/processed/NVDA/NVDA_20211122_01289.png,0.0225281602002502,-0.0065707133917396,0
AAPL,2021-11-23,AAPL_20211123_00030,ml/datasets/charts/processed/AAPL/AAPL_20211123_00030.png,0.0208165419751049,0.0032833637997284,1
AMZN,2021-11-23,AMZN_20211123_01290,ml/datasets/charts/processed/AMZN/AMZN_20211123_01290.png,-0.0380446927374301,0.0001117318435754,1
GOOGL,2021-11-23,GOOGL_20211123_00030,ml/datasets/charts/processed/GOOGL/GOOGL_20211123_00030.png,-0.0324489049414593,0.0023186915812847,1
MSFT,2021-11-23,MSFT_20211123_01290,ml/datasets/charts/processed/MSFT/MSFT_20211123_01290.png,-0.0225065150438285,0.0006811182184316,1
NVDA,2021-11-23,NVDA_20211123_01290,ml/datasets/charts/processed/NVDA/NVDA_20211123_01290.png,-0.0100787401574803,0.0289763779527558,1
AAPL,2021-11-24,AAPL_20211124_00031,ml/datasets/charts/processed/AAPL/AAPL_20211124_00031.png,0.0112386657871772,-0.0316782072308607,0
AMZN,2021-11-24,AMZN_20211124_01291,ml/datasets/charts/processed/AMZN/AMZN_20211124_01291.png,-0.0399396715450788,-0.0211708189029159,0
GOOGL,2021-11-24,GOOGL_20211124_00031,ml/datasets/charts/processed/GOOGL/GOOGL_20211124_00031.png,-0.021585018216481,-0.0269437673212491,0
MSFT,2021-11-24,MSFT_20211124_01291,ml/datasets/charts/processed/MSFT/MSFT_20211124_01291.png,-0.0249178775413572,-0.0243555976443432,0
NVDA,2021-11-24,NVDA_20211124_01291,ml/datasets/charts/processed/NVDA/NVDA_20211124_01291.png,-0.0165289256198346,-0.0358126721763085,0
AAPL,2021-11-26,AAPL_20211126_00032,ml/datasets/charts/processed/AAPL/AAPL_20211126_00032.png,0.032076882907398,0.0218734864108458,1
AMZN,2021-11-26,AMZN_20211126_01292,ml/datasets/charts/processed/AMZN/AMZN_20211126_01292.png,-0.0327569480111852,0.0162643382982368,1
GOOGL,2021-11-26,GOOGL_20211126_00032,ml/datasets/charts/processed/GOOGL/GOOGL_20211126_00032.png,-0.0012764983020623,0.0235435441287845,1
MSFT,2021-11-26,MSFT_20211126_01292,ml/datasets/charts/processed/MSFT/MSFT_20211126_01292.png,-0.0202317398689638,0.02108104828925,1
NVDA,2021-11-26,NVDA_20211126_01292,ml/datasets/charts/processed/NVDA/NVDA_20211126_01292.png,-0.0257142857142856,0.0596825396825397,1
AAPL,2021-11-29,AAPL_20211129_00033,ml/datasets/charts/processed/AAPL/AAPL_20211129_00033.png,0.0317026160685378,0.0315775404796956,1
AMZN,2021-11-29,AMZN_20211129_01293,ml/datasets/charts/processed/AMZN/AMZN_20211129_01293.png,-0.0376796945193171,-0.0153301886792454,0
GOOGL,2021-11-29,GOOGL_20211129_00033,ml/datasets/charts/processed/GOOGL/GOOGL_20211129_00033.png,-0.0163229937025435,-0.0249636701475767,0
MSFT,2021-11-29,MSFT_20211129_01293,ml/datasets/charts/processed/MSFT/MSFT_20211129_01293.png,-0.031013278673915,-0.0179425481983186,0
NVDA,2021-11-29,NVDA_20211129_01293,ml/datasets/charts/processed/NVDA/NVDA_20211129_01293.png,-0.1000599161174357,-0.0209706411024566,0
AAPL,2021-11-30,AAPL_20211130_00034,ml/datasets/charts/processed/AAPL/AAPL_20211130_00034.png,0.0355717453308364,-0.0032060971602613,0
AMZN,2021-11-30,AMZN_20211130_01294,ml/datasets/charts/processed/AMZN/AMZN_20211130_01294.png,0.0046193327630452,-0.0180211006558311,0
GOOGL,2021-11-30,GOOGL_20211130_00034,ml/datasets/charts/processed/GOOGL/GOOGL_20211130_00034.png,0.0378583067720006,-0.0059619252608579,0
MSFT,2021-11-30,MSFT_20211130_01294,ml/datasets/charts/processed/MSFT/MSFT_20211130_01294.png,0.013097794851629,-0.0015426963913003,0
NVDA,2021-11-30,NVDA_20211130_01294,ml/datasets/charts/processed/NVDA/NVDA_20211130_01294.png,-0.0076499388004895,-0.0382496940024479,0
AAPL,2021-12-01,AAPL_20211201_00035,ml/datasets/charts/processed/AAPL/AAPL_20211201_00035.png,0.0625719878492048,-0.0061300062278466,0
AMZN,2021-12-01,AMZN_20211201_01295,ml/datasets/charts/processed/AMZN/AMZN_20211201_01295.png,0.0230559265927172,-0.0018584122190602,0
GOOGL,2021-12-01,GOOGL_20211201_00035,ml/datasets/charts/processed/GOOGL/GOOGL_20211201_00035.png,0.0505841888394311,0.0135729568942795,1
MSFT,2021-12-01,MSFT_20211201_01295,ml/datasets/charts/processed/MSFT/MSFT_20211201_01295.png,0.0148145904023269,-0.0017874454677653,0
NVDA,2021-12-01,NVDA_20211201_01295,ml/datasets/charts/processed/NVDA/NVDA_20211201_01295.png,0.0127266942411707,0.022271714922049,1
AAPL,2021-12-02,AAPL_20211202_00036,ml/datasets/charts/processed/AAPL/AAPL_20211202_00036.png,0.0659504428496491,-0.0117243620678521,0
AMZN,2021-12-02,AMZN_20211202_01296,ml/datasets/charts/processed/AMZN/AMZN_20211202_01296.png,0.0133822074823994,-0.0138476755687437,0
GOOGL,2021-12-02,GOOGL_20211202_00036,ml/datasets/charts/processed/GOOGL/GOOGL_20211202_00036.png,0.0326826437186325,-0.0067464765528848,0
MSFT,2021-12-02,MSFT_20211202_01296,ml/datasets/charts/processed/MSFT/MSFT_20211202_01296.png,0.0109563264438981,-0.0196667577164709,0
NVDA,2021-12-02,NVDA_20211202_01296,ml/datasets/charts/processed/NVDA/NVDA_20211202_01296.png,-0.0510426392779335,-0.0448179271708684,0
AAPL,2021-12-03,AAPL_20211203_00037,ml/datasets/charts/processed/AAPL/AAPL_20211203_00037.png,0.1088112888711543,0.0215029196770994,1
AMZN,2021-12-03,AMZN_20211203_01297,ml/datasets/charts/processed/AMZN/AMZN_20211203_01297.png,0.0160481444332998,0.0110920998288983,1
GOOGL,2021-12-03,GOOGL_20211203_00037,ml/datasets/charts/processed/GOOGL/GOOGL_20211203_00037.png,0.0422530859680532,0.0081231167504931,1
MSFT,2021-12-03,MSFT_20211203_01297,ml/datasets/charts/processed/MSFT/MSFT_20211203_01297.png,0.0604625243800502,0.0098448964428345,1
NVDA,2021-12-03,NVDA_20211203_01297,ml/datasets/charts/processed/NVDA/NVDA_20211203_01297.png,-0.0159661127403063,-0.0211795373085695,0
AAPL,2021-12-06,AAPL_20211206_00038,ml/datasets/charts/processed/AAPL/AAPL_20211206_00038.png,0.0630293160840276,0.0354462006789004,1
AMZN,2021-12-06,AMZN_20211206_01298,ml/datasets/charts/processed/AMZN/AMZN_20211206_01298.png,-0.0105035887261482,0.0279512166656941,1
GOOGL,2021-12-06,GOOGL_20211206_00038,ml/datasets/charts/processed/GOOGL/GOOGL_20211206_00038.png,0.0186617424494153,0.0287416986097732,1
MSFT,2021-12-06,MSFT_20211206_01298,ml/datasets/charts/processed/MSFT/MSFT_20211206_01298.png,0.0404978693399551,0.0267635427205004,1
NVDA,2021-12-06,NVDA_20211206_01298,ml/datasets/charts/processed/NVDA/NVDA_20211206_01298.png,-0.0625832223701731,0.0795605858854859,1
AAPL,2021-12-07,AAPL_20211207_00039,ml/datasets/charts/processed/AAPL/AAPL_20211207_00039.png,0.0184017828600755,0.0227830988938524,1
AMZN,2021-12-07,AMZN_20211207_01299,ml/datasets/charts/processed/AMZN/AMZN_20211207_01299.png,-0.0401339691189827,0.0,0
GOOGL,2021-12-07,GOOGL_20211207_00039,ml/datasets/charts/processed/GOOGL/GOOGL_20211207_00039.png,-0.0228325036258868,0.0062266473286034,1
MSFT,2021-12-07,MSFT_20211207_01299,ml/datasets/charts/processed/MSFT/MSFT_20211207_01299.png,-0.0196464827421475,0.0001492893825392,1
NVDA,2021-12-07,NVDA_20211207_01299,ml/datasets/charts/processed/NVDA/NVDA_20211207_01299.png,-0.1261177921677458,-0.0185013876040703,0
AAPL,2021-12-08,AAPL_20211208_00040,ml/datasets/charts/processed/AAPL/AAPL_20211208_00040.png,0.0241032503930527,-0.002969989693769,0
AMZN,2021-12-08,AMZN_20211208_01300,ml/datasets/charts/processed/AMZN/AMZN_20211208_01300.png,-0.0161784741144414,-0.0112965485921889,0
GOOGL,2021-12-08,GOOGL_20211208_00040,ml/datasets/charts/processed/GOOGL/GOOGL_20211208_00040.png,-0.0117792153138837,-0.0036979312590138,0
MSFT,2021-12-08,MSFT_20211208_01300,ml/datasets/charts/processed/MSFT/MSFT_20211208_01300.png,-0.0009553094306954,-0.0055825894856256,0
NVDA,2021-12-08,NVDA_20211208_01300,ml/datasets/charts/processed/NVDA/NVDA_20211208_01300.png,-0.0430411561420043,-0.0420986490732013,0
AAPL,2021-12-09,AAPL_20211209_00041,ml/datasets/charts/processed/AAPL/AAPL_20211209_00041.png,-0.0131758067656921,0.0280132544680313,1
AMZN,2021-12-09,AMZN_20211209_01301,ml/datasets/charts/processed/AMZN/AMZN_20211209_01301.png,-0.0304300396164666,-0.0112533731411837,0
GOOGL,2021-12-09,GOOGL_20211209_00041,ml/datasets/charts/processed/GOOGL/GOOGL_20211209_00041.png,-0.0216307724775394,0.0024585541920438,1
MSFT,2021-12-09,MSFT_20211209_01301,ml/datasets/charts/processed/MSFT/MSFT_20211209_01301.png,-0.0246172320624438,0.0283398378865205,1
NVDA,2021-12-09,NVDA_20211209_01301,ml/datasets/charts/processed/NVDA/NVDA_20211209_01301.png,-0.0688750409970481,-0.0095113151853066,0
AAPL,2021-12-10,AAPL_20211210_00042,ml/datasets/charts/processed/AAPL/AAPL_20211210_00042.png,-0.0463081271604949,-0.0206741571077507,0
AMZN,2021-12-10,AMZN_20211210_01302,ml/datasets/charts/processed/AMZN/AMZN_20211210_01302.png,-0.0127170315312699,-0.0153301202020789,0
GOOGL,2021-12-10,GOOGL_20211210_00042,ml/datasets/charts/processed/GOOGL/GOOGL_20211210_00042.png,-0.0424081109403563,-0.0146956967186472,0
MSFT,2021-12-10,MSFT_20211210_01302,ml/datasets/charts/processed/MSFT/MSFT_20211210_01302.png,-0.0547089391020026,-0.0091668126350208,0
NVDA,2021-12-10,NVDA_20211210_01302,ml/datasets/charts/processed/NVDA/NVDA_20211210_01302.png,-0.0794701986754966,-0.0675496688741721,0
AAPL,2021-12-13,AAPL_20211213_00043,ml/datasets/charts/processed/AAPL/AAPL_20211213_00043.png,-0.0340846050701175,-0.0080233528162356,0
AMZN,2021-12-13,AMZN_20211213_01303,ml/datasets/charts/processed/AMZN/AMZN_20211213_01303.png,-0.0146842012148373,-0.0028306893908119,0
GOOGL,2021-12-13,GOOGL_20211213_00043,ml/datasets/charts/processed/GOOGL/GOOGL_20211213_00043.png,-0.0289352096213952,-0.0131631451781125,0
MSFT,2021-12-13,MSFT_20211213_01303,ml/datasets/charts/processed/MSFT/MSFT_20211213_01303.png,-0.0574248674130817,-0.0325869180907484,0
NVDA,2021-12-13,NVDA_20211213_01303,ml/datasets/charts/processed/NVDA/NVDA_20211213_01303.png,-0.015625,0.0063920454545454,1
AAPL,2021-12-14,AAPL_20211214_00044,ml/datasets/charts/processed/AAPL/AAPL_20211214_00044.png,-0.0076863577499611,0.028509094988679,1
AMZN,2021-12-14,AMZN_20211214_01304,ml/datasets/charts/processed/AMZN/AMZN_20211214_01304.png,0.0078656336862024,0.0249571234253946,1
GOOGL,2021-12-14,GOOGL_20211214_00044,ml/datasets/charts/processed/GOOGL/GOOGL_20211214_00044.png,-0.0030189785300798,0.0176086399566974,1
MSFT,2021-12-14,MSFT_20211214_01304,ml/datasets/charts/processed/MSFT/MSFT_20211214_01304.png,-0.0031979046110737,0.0192178839008345,1
NVDA,2021-12-14,NVDA_20211214_01304,ml/datasets/charts/processed/NVDA/NVDA_20211214_01304.png,0.0257586450247,0.0748059280169373,1
AAPL,2021-12-15,AAPL_20211215_00045,ml/datasets/charts/processed/AAPL/AAPL_20211215_00045.png,-0.0204125710156546,-0.0392635360026248,0
AMZN,2021-12-15,AMZN_20211215_01305,ml/datasets/charts/processed/AMZN/AMZN_20211215_01305.png,-0.0130979170272922,-0.0256188333044833,0
GOOGL,2021-12-15,GOOGL_20211215_00045,ml/datasets/charts/processed/GOOGL/GOOGL_20211215_00045.png,-0.0001775501734294,-0.0136300506138884,0
MSFT,2021-12-15,MSFT_20211215_01305,ml/datasets/charts/processed/MSFT/MSFT_20211215_01305.png,-0.0043328851038397,-0.0291349170775436,0
NVDA,2021-12-15,NVDA_20211215_01305,ml/datasets/charts/processed/NVDA/NVDA_20211215_01305.png,-0.0347997373604728,-0.0679579776756401,0
AAPL,2021-12-16,AAPL_20211216_00046,ml/datasets/charts/processed/AAPL/AAPL_20211216_00046.png,0.0233366158039396,-0.0065019760569781,0
AMZN,2021-12-16,AMZN_20211216_01306,ml/datasets/charts/processed/AMZN/AMZN_20211216_01306.png,0.0130277728430152,0.0068099721679397,1
GOOGL,2021-12-16,GOOGL_20211216_00046,ml/datasets/charts/processed/GOOGL/GOOGL_20211216_00046.png,0.0171104695824768,-0.0188303621899014,0
MSFT,2021-12-16,MSFT_20211216_01306,ml/datasets/charts/processed/MSFT/MSFT_20211216_01306.png,0.0301323484148969,-0.0033856571252691,0
NVDA,2021-12-16,NVDA_20211216_01306,ml/datasets/charts/processed/NVDA/NVDA_20211216_01306.png,0.0440295878830574,-0.0207819654808031,0
AAPL,2021-12-17,AAPL_20211217_00047,ml/datasets/charts/processed/AAPL/AAPL_20211217_00047.png,0.0536989241265899,-0.0081220829890638,0
AMZN,2021-12-17,AMZN_20211217_01307,ml/datasets/charts/processed/AMZN/AMZN_20211217_01307.png,-0.0020585813433715,-0.0172920832843195,0
GOOGL,2021-12-17,GOOGL_20211217_00047,ml/datasets/charts/processed/GOOGL/GOOGL_20211217_00047.png,0.0436160233644737,-0.0008328937867079,0
MSFT,2021-12-17,MSFT_20211217_01307,ml/datasets/charts/processed/MSFT/MSFT_20211217_01307.png,0.0575972822730079,-0.0120135886349598,0
NVDA,2021-12-17,NVDA_20211217_01307,ml/datasets/charts/processed/NVDA/NVDA_20211217_01307.png,0.1133093525179855,-0.0028776978417266,0
AAPL,2021-12-20,AAPL_20211220_00048,ml/datasets/charts/processed/AAPL/AAPL_20211220_00048.png,0.0562002845052842,0.0190871425808041,1
AMZN,2021-12-20,AMZN_20211220_01308,ml/datasets/charts/processed/AMZN/AMZN_20211220_01308.png,0.0214268613837682,0.0199904237491019,1
GOOGL,2021-12-20,GOOGL_20211220_00048,ml/datasets/charts/processed/GOOGL/GOOGL_20211220_00048.png,0.0358739651354069,0.01317401814239,1
MSFT,2021-12-20,MSFT_20211220_01308,ml/datasets/charts/processed/MSFT/MSFT_20211220_01308.png,0.0667062611359443,0.023068988152918,1
NVDA,2021-12-20,NVDA_20211220_01308,ml/datasets/charts/processed/NVDA/NVDA_20211220_01308.png,0.0937950937950937,0.0487012987012986,1
AAPL,2021-12-21,AAPL_20211221_00049,ml/datasets/charts/processed/AAPL/AAPL_20211221_00049.png,0.0369382537140619,0.0153186826722138,1
AMZN,2021-12-21,AMZN_20211221_01309,ml/datasets/charts/processed/AMZN/AMZN_20211221_01309.png,-0.0071587841802605,0.0036380706489849,1
GOOGL,2021-12-21,GOOGL_20211221_00049,ml/datasets/charts/processed/GOOGL/GOOGL_20211221_00049.png,0.0221819312137492,0.0205088576973344,1
MSFT,2021-12-21,MSFT_20211221_01309,ml/datasets/charts/processed/MSFT/MSFT_20211221_01309.png,0.0447920804179777,0.0180573803049282,1
NVDA,2021-12-21,NVDA_20211221_01309,ml/datasets/charts/processed/NVDA/NVDA_20211221_01309.png,0.0319917440660475,0.0113519091847265,1
AAPL,2021-12-22,AAPL_20211222_00050,ml/datasets/charts/processed/AAPL/AAPL_20211222_00050.png,0.0145750932994699,0.0036437510900613,1
AMZN,2021-12-22,AMZN_20211222_01310,ml/datasets/charts/processed/AMZN/AMZN_20211222_01310.png,-0.0140318054256314,0.0001753975678204,1
GOOGL,2021-12-22,GOOGL_20211222_00050,ml/datasets/charts/processed/GOOGL/GOOGL_20211222_00050.png,-0.0014648124851818,0.0034253607489762,1
MSFT,2021-12-22,MSFT_20211222_01310,ml/datasets/charts/processed/MSFT/MSFT_20211222_01310.png,0.0183673469387755,0.0044717887154861,1
NVDA,2021-12-22,NVDA_20211222_01310,ml/datasets/charts/processed/NVDA/NVDA_20211222_01310.png,0.0064625850340136,0.0081632653061225,1
AAPL,2021-12-23,AAPL_20211223_00051,ml/datasets/charts/processed/AAPL/AAPL_20211223_00051.png,0.0073179364234556,0.0229750238422232,1
AMZN,2021-12-23,AMZN_20211223_01311,ml/datasets/charts/processed/AMZN/AMZN_20211223_01311.png,-0.0254281872917518,-0.0081837844157363,0
GOOGL,2021-12-23,GOOGL_20211223_00051,ml/datasets/charts/processed/GOOGL/GOOGL_20211223_00051.png,-0.0140522108106148,0.0067385857090556,1
MSFT,2021-12-23,MSFT_20211223_01311,ml/datasets/charts/processed/MSFT/MSFT_20211223_01311.png,0.0048701783740177,0.0231856344677163,1
NVDA,2021-12-23,NVDA_20211223_01311,ml/datasets/charts/processed/NVDA/NVDA_20211223_01311.png,-0.0077597840755735,0.0441970310391361,1
AAPL,2021-12-27,AAPL_20211227_00052,ml/datasets/charts/processed/AAPL/AAPL_20211227_00052.png,0.009316029829175,-0.0057674785899282,0
AMZN,2021-12-27,AMZN_20211227_01312,ml/datasets/charts/processed/AMZN/AMZN_20211227_01312.png,0.0043024694996169,0.0058348558967407,1
GOOGL,2021-12-27,GOOGL_20211227_00052,ml/datasets/charts/processed/GOOGL/GOOGL_20211227_00052.png,-0.0197085659301801,-0.0082452080322605,0
MSFT,2021-12-27,MSFT_20211227_01312,ml/datasets/charts/processed/MSFT/MSFT_20211227_01312.png,-0.0224850343115783,-0.0035041611914147,0
NVDA,2021-12-27,NVDA_20211227_01312,ml/datasets/charts/processed/NVDA/NVDA_20211227_01312.png,-0.0268174474959611,-0.0203554119547657,0
AAPL,2021-12-28,AAPL_20211228_00053,ml/datasets/charts/processed/AAPL/AAPL_20211228_00053.png,0.0022868644828695,0.0005019478906469,1
AMZN,2021-12-28,AMZN_20211228_01313,ml/datasets/charts/processed/AMZN/AMZN_20211228_01313.png,-0.0183991562170396,-0.0085550216805344,0
GOOGL,2021-12-28,GOOGL_20211228_00053,ml/datasets/charts/processed/GOOGL/GOOGL_20211228_00053.png,-0.015594223187951,-0.0002179711264342,0
MSFT,2021-12-28,MSFT_20211228_01313,ml/datasets/charts/processed/MSFT/MSFT_20211228_01313.png,-0.0358681318681318,0.0020512820512819,1
NVDA,2021-12-28,NVDA_20211228_01313,ml/datasets/charts/processed/NVDA/NVDA_20211228_01313.png,-0.0339709762532981,-0.0105540897097625,0
AAPL,2021-12-29,AAPL_20211229_00054,ml/datasets/charts/processed/AAPL/AAPL_20211229_00054.png,-0.0248634334716706,-0.0065782186053737,0
AMZN,2021-12-29,AMZN_20211229_01314,ml/datasets/charts/processed/AMZN/AMZN_20211229_01314.png,-0.0286052009456263,-0.0033096926713948,0
GOOGL,2021-12-29,GOOGL_20211229_00054,ml/datasets/charts/processed/GOOGL/GOOGL_20211229_00054.png,-0.0605506120267357,-0.0030991817950124,0
MSFT,2021-12-29,MSFT_20211229_01314,ml/datasets/charts/processed/MSFT/MSFT_20211229_01314.png,-0.0747770141833601,-0.0076911829214797,0
NVDA,2021-12-29,NVDA_20211229_01314,ml/datasets/charts/processed/NVDA/NVDA_20211229_01314.png,-0.0799999999999999,-0.0136666666666667,0
AAPL,2021-12-30,AAPL_20211230_00055,ml/datasets/charts/processed/AAPL/AAPL_20211230_00055.png,-0.0347925182620922,-0.003535214959268,0
AMZN,2021-12-30,AMZN_20211230_01315,ml/datasets/charts/processed/AMZN/AMZN_20211230_01315.png,-0.0319615749525615,-0.0113851992409866,0
GOOGL,2021-12-30,GOOGL_20211230_00055,ml/datasets/charts/processed/GOOGL/GOOGL_20211230_00055.png,-0.0578180919542141,-0.0092236824329908,0
MSFT,2021-12-30,MSFT_20211230_01315,ml/datasets/charts/processed/MSFT/MSFT_20211230_01315.png,-0.0749734763644937,-0.0088412118354356,0
NVDA,2021-12-30,NVDA_20211230_01315,ml/datasets/charts/processed/NVDA/NVDA_20211230_01315.png,-0.0476512335248394,-0.0060831361946603,0
AAPL,2021-12-31,AAPL_20211231_00056,ml/datasets/charts/processed/AAPL/AAPL_20211231_00056.png,-0.0304106154014248,0.0250041742975524,1
AMZN,2021-12-31,AMZN_20211231_01316,ml/datasets/charts/processed/AMZN/AMZN_20211231_01316.png,-0.0250119961612282,0.0220729366602687,1
GOOGL,2021-12-31,GOOGL_20211231_00056,ml/datasets/charts/processed/GOOGL/GOOGL_20211231_00056.png,-0.0540897450939382,0.0009629543665268,1
MSFT,2021-12-31,MSFT_20211231_01316,ml/datasets/charts/processed/MSFT/MSFT_20211231_01316.png,-0.0662464319695527,-0.004668173168411,0
NVDA,2021-12-31,NVDA_20211231_01316,ml/datasets/charts/processed/NVDA/NVDA_20211231_01316.png,-0.0734444066643998,0.0241414484869091,1
AAPL,2022-01-03,AAPL_20220103_00057,ml/datasets/charts/processed/AAPL/AAPL_20220103_00057.png,-0.0539530455072,-0.0126915980719585,0
AMZN,2022-01-03,AMZN_20220103_01317,ml/datasets/charts/processed/AMZN/AMZN_20220103_01317.png,-0.0522887323943661,-0.0169014084507042,0
GOOGL,2022-01-03,GOOGL_20220103_00057,ml/datasets/charts/processed/GOOGL/GOOGL_20220103_00057.png,-0.0436026625910627,-0.0040827528800586,0
MSFT,2022-01-03,MSFT_20220103_01317,ml/datasets/charts/processed/MSFT/MSFT_20220103_01317.png,-0.0611799850634802,-0.0171471247199402,0
NVDA,2022-01-03,NVDA_20220103_01317,ml/datasets/charts/processed/NVDA/NVDA_20220103_01317.png,-0.0903054448871182,-0.0275564409030545,0
AAPL,2022-01-04,AAPL_20220104_00058,ml/datasets/charts/processed/AAPL/AAPL_20220104_00058.png,-0.0257095775958935,-0.0265999996175088,0
AMZN,2022-01-04,AMZN_20220104_01318,ml/datasets/charts/processed/AMZN/AMZN_20220104_01318.png,-0.0128939828080228,-0.0188634192932186,0
GOOGL,2022-01-04,GOOGL_20220104_00058,ml/datasets/charts/processed/GOOGL/GOOGL_20220104_00058.png,-0.0322960374687466,-0.0458765711700326,0
MSFT,2022-01-04,MSFT_20220104_01318,ml/datasets/charts/processed/MSFT/MSFT_20220104_01318.png,-0.0426430807574237,-0.0383878909455639,0
NVDA,2022-01-04,NVDA_20220104_01318,ml/datasets/charts/processed/NVDA/NVDA_20220104_01318.png,-0.0501877773984295,-0.0576988733356093,0
AAPL,2022-01-05,AAPL_20220105_00059,ml/datasets/charts/processed/AAPL/AAPL_20220105_00059.png,0.0034874624247824,-0.0166934880339788,0
AMZN,2022-01-05,AMZN_20220105_01319,ml/datasets/charts/processed/AMZN/AMZN_20220105_01319.png,0.0051715745923581,-0.0067534679970796,0
GOOGL,2022-01-05,GOOGL_20220105_00059,ml/datasets/charts/processed/GOOGL/GOOGL_20220105_00059.png,0.0265325938059366,-0.0001995561941751,0
MSFT,2022-01-05,MSFT_20220105_01319,ml/datasets/charts/processed/MSFT/MSFT_20220105_01319.png,0.0059738289398822,-0.0079018901321196,0
NVDA,2022-01-05,NVDA_20220105_01319,ml/datasets/charts/processed/NVDA/NVDA_20220105_01319.png,0.0144927536231882,0.0210144927536231,1
AAPL,2022-01-06,AAPL_20220106_00060,ml/datasets/charts/processed/AAPL/AAPL_20220106_00060.png,0.0011049338392936,0.0009885915535681,1
AMZN,2022-01-06,AMZN_20220106_01320,ml/datasets/charts/processed/AMZN/AMZN_20220106_01320.png,-0.0124961715160796,-0.0042879019908115,0
GOOGL,2022-01-06,GOOGL_20220106_00060,ml/datasets/charts/processed/GOOGL/GOOGL_20220106_00060.png,0.0060946076217072,-0.005303040631984,0
MSFT,2022-01-06,MSFT_20220106_01320,ml/datasets/charts/processed/MSFT/MSFT_20220106_01320.png,-0.0289282528354785,0.0005097489486429,1
NVDA,2022-01-06,NVDA_20220106_01320,ml/datasets/charts/processed/NVDA/NVDA_20220106_01320.png,-0.0571327182398864,-0.0330021291696238,0
AAPL,2022-01-07,AAPL_20220107_00061,ml/datasets/charts/processed/AAPL/AAPL_20220107_00061.png,0.0052273288778594,0.0001162273843149,1
AMZN,2022-01-07,AMZN_20220107_01321,ml/datasets/charts/processed/AMZN/AMZN_20220107_01321.png,-0.0025223008305138,-0.0065210704398647,0
GOOGL,2022-01-07,GOOGL_20220107_00061,ml/datasets/charts/processed/GOOGL/GOOGL_20220107_00061.png,0.0179794176182293,0.0120603930826408,1
MSFT,2022-01-07,MSFT_20220107_01321,ml/datasets/charts/processed/MSFT/MSFT_20220107_01321.png,-0.0122277416889569,0.0007323907782446,1
NVDA,2022-01-07,NVDA_20220107_01321,ml/datasets/charts/processed/NVDA/NVDA_20220107_01321.png,-0.0113761467889907,0.0055045871559633,1
AAPL,2022-01-10,AAPL_20220110_00062,ml/datasets/charts/processed/AAPL/AAPL_20220110_00062.png,-0.0138799830895653,0.0167836970346864,1
AMZN,2022-01-10,AMZN_20220110_01322,ml/datasets/charts/processed/AMZN/AMZN_20220110_01322.png,-0.0159142980989536,0.0239643321567899,1
GOOGL,2022-01-10,GOOGL_20220110_00062,ml/datasets/charts/processed/GOOGL/GOOGL_20220110_00062.png,-0.0192649462414771,0.0076910805734524,1
MSFT,2022-01-10,MSFT_20220110_01322,ml/datasets/charts/processed/MSFT/MSFT_20220110_01322.png,-0.0369745760015273,0.0022592038692845,1
NVDA,2022-01-10,NVDA_20220110_01322,ml/datasets/charts/processed/NVDA/NVDA_20220110_01322.png,-0.0547445255474452,0.0153284671532847,1
AAPL,2022-01-11,AAPL_20220111_00063,ml/datasets/charts/processed/AAPL/AAPL_20220111_00063.png,-0.0505479986541494,0.0025703566887402,1
AMZN,2022-01-11,AMZN_20220111_01323,ml/datasets/charts/processed/AMZN/AMZN_20220111_01323.png,-0.0547895500725689,-0.0009071117561684,0
GOOGL,2022-01-11,GOOGL_20220111_00063,ml/datasets/charts/processed/GOOGL/GOOGL_20220111_00063.png,-0.0330588081321563,0.0121264726930452,1
MSFT,2022-01-11,MSFT_20220111_01323,ml/datasets/charts/processed/MSFT/MSFT_20220111_01323.png,-0.0369864753317672,0.0104451076258809,1
NVDA,2022-01-11,NVDA_20220111_01323,ml/datasets/charts/processed/NVDA/NVDA_20220111_01323.png,-0.0988497483824586,0.00647016534867,1
AAPL,2022-01-12,AAPL_20220112_00064,ml/datasets/charts/processed/AAPL/AAPL_20220112_00064.png,-0.0627811406502203,-0.0190281020284532,0
AMZN,2022-01-12,AMZN_20220112_01324,ml/datasets/charts/processed/AMZN/AMZN_20220112_01324.png,-0.0819562980449126,-0.0242116094667392,0
GOOGL,2022-01-12,GOOGL_20220112_00064,ml/datasets/charts/processed/GOOGL/GOOGL_20220112_00064.png,-0.0574345758824414,-0.020105312505068,0
MSFT,2022-01-12,MSFT_20220112_01324,ml/datasets/charts/processed/MSFT/MSFT_20220112_01324.png,-0.0523769126841988,-0.0423225563201055,0
NVDA,2022-01-12,NVDA_20220112_01324,ml/datasets/charts/processed/NVDA/NVDA_20220112_01324.png,-0.1375,-0.0510714285714285,0
AAPL,2022-01-13,AAPL_20220113_00065,ml/datasets/charts/processed/AAPL/AAPL_20220113_00065.png,-0.0567977406788486,0.0051105075126238,1
AMZN,2022-01-13,AMZN_20220113_01325,ml/datasets/charts/processed/AMZN/AMZN_20220113_01325.png,-0.1151913652999194,0.0057688728987033,1
GOOGL,2022-01-13,GOOGL_20220113_00065,ml/datasets/charts/processed/GOOGL/GOOGL_20220113_00065.png,-0.05942455126064,0.0064471310483438,1
MSFT,2022-01-13,MSFT_20220113_01325,ml/datasets/charts/processed/MSFT/MSFT_20220113_01325.png,-0.0287729658792652,0.0177165354330708,1
NVDA,2022-01-13,NVDA_20220113_01325,ml/datasets/charts/processed/NVDA/NVDA_20220113_01325.png,-0.1204365826119683,0.0139254798645089,1
AAPL,2022-01-14,AAPL_20220114_00066,ml/datasets/charts/processed/AAPL/AAPL_20220114_00066.png,-0.066158100035454,-0.0188939330155701,0
AMZN,2022-01-14,AMZN_20220114_01326,ml/datasets/charts/processed/AMZN/AMZN_20220114_01326.png,-0.1085481682496607,-0.0198593807820401,0
GOOGL,2022-01-14,GOOGL_20220114_00066,ml/datasets/charts/processed/GOOGL/GOOGL_20220114_00066.png,-0.0622055812772814,-0.0249674140376242,0
MSFT,2022-01-14,MSFT_20220114_01326,ml/datasets/charts/processed/MSFT/MSFT_20220114_01326.png,-0.0445841392649902,-0.0243391360412636,0
NVDA,2022-01-14,NVDA_20220114_01326,ml/datasets/charts/processed/NVDA/NVDA_20220114_01326.png,-0.1325167037861915,-0.038604305864885,0
AAPL,2022-01-18,AAPL_20220118_00067,ml/datasets/charts/processed/AAPL/AAPL_20220118_00067.png,-0.0590108322299688,-0.0210245208184449,0
AMZN,2022-01-18,AMZN_20220118_01327,ml/datasets/charts/processed/AMZN/AMZN_20220118_01327.png,-0.1191165366221996,-0.0164862824062419,0
GOOGL,2022-01-18,GOOGL_20220118_00067,ml/datasets/charts/processed/GOOGL/GOOGL_20220118_00067.png,-0.0666408660933264,-0.0064819129793221,0
MSFT,2022-01-18,MSFT_20220118_01327,ml/datasets/charts/processed/MSFT/MSFT_20220118_01327.png,-0.0467867173302494,0.0022468197587972,1
NVDA,2022-01-18,NVDA_20220118_01327,ml/datasets/charts/processed/NVDA/NVDA_20220118_01327.png,-0.1382239382239382,-0.032046332046332,0
AAPL,2022-01-19,AAPL_20220119_00068,ml/datasets/charts/processed/AAPL/AAPL_20220119_00068.png,-0.0393433028369217,-0.0103471847109719,0
AMZN,2022-01-19,AMZN_20220119_01328,ml/datasets/charts/processed/AMZN/AMZN_20220119_01328.png,-0.1115163147792707,-0.0296225207933462,0
GOOGL,2022-01-19,GOOGL_20220119_00068,ml/datasets/charts/processed/GOOGL/GOOGL_20220119_00068.png,-0.0435437866326997,-0.0133883776823153,0
MSFT,2022-01-19,MSFT_20220119_01328,ml/datasets/charts/processed/MSFT/MSFT_20220119_01328.png,-0.0218244156529192,-0.0057033593775754,0
NVDA,2022-01-19,NVDA_20220119_01328,ml/datasets/charts/processed/NVDA/NVDA_20220119_01328.png,-0.091743119266055,-0.0366972477064221,0
AAPL,2022-01-20,AAPL_20220120_00069,ml/datasets/charts/processed/AAPL/AAPL_20220120_00069.png,-0.0321563324785671,-0.0127653735657423,0
AMZN,2022-01-20,AMZN_20220120_01329,ml/datasets/charts/processed/AMZN/AMZN_20220120_01329.png,-0.0793169380892727,-0.0595371530296037,0
GOOGL,2022-01-20,GOOGL_20220120_00069,ml/datasets/charts/processed/GOOGL/GOOGL_20220120_00069.png,-0.0322749652901794,-0.0221740986619209,0
MSFT,2022-01-20,MSFT_20220120_01329,ml/datasets/charts/processed/MSFT/MSFT_20220120_01329.png,-0.0058355437665783,-0.0184681697612734,0
NVDA,2022-01-20,NVDA_20220120_01329,ml/datasets/charts/processed/NVDA/NVDA_20220120_01329.png,-0.091511387163561,-0.0322981366459625,0
AAPL,2022-01-21,AAPL_20220121_00070,ml/datasets/charts/processed/AAPL/AAPL_20220121_00070.png,0.048765422064728,-0.0048642306206261,0
AMZN,2022-01-21,AMZN_20220121_01330,ml/datasets/charts/processed/AMZN/AMZN_20220121_01330.png,0.0093942793045429,0.0133202467750981,1
GOOGL,2022-01-21,GOOGL_20220121_00070,ml/datasets/charts/processed/GOOGL/GOOGL_20220121_00070.png,0.0230105626920769,0.0034713360864837,1
MSFT,2022-01-21,MSFT_20220121_01330,ml/datasets/charts/processed/MSFT/MSFT_20220121_01330.png,0.0413133804006351,0.0011485322433537,1
NVDA,2022-01-21,NVDA_20220121_01330,ml/datasets/charts/processed/NVDA/NVDA_20220121_01330.png,-0.02267864783911,0.0,0
AAPL,2022-01-24,AAPL_20220124_00071,ml/datasets/charts/processed/AAPL/AAPL_20220124_00071.png,0.081425641004823,-0.0113849233999272,0
AMZN,2022-01-24,AMZN_20220124_01331,ml/datasets/charts/processed/AMZN/AMZN_20220124_01331.png,0.0348000553480005,-0.0314791753147916,0
GOOGL,2022-01-24,GOOGL_20220124_00071,ml/datasets/charts/processed/GOOGL/GOOGL_20220124_00071.png,0.0343986196583816,-0.0295788162141887,0
MSFT,2022-01-24,MSFT_20220124_01331,ml/datasets/charts/processed/MSFT/MSFT_20220124_01331.png,0.0492964874987347,-0.0265883861389478,0
NVDA,2022-01-24,NVDA_20220124_01331,ml/datasets/charts/processed/NVDA/NVDA_20220124_01331.png,0.0479246897732135,-0.0449293966623877,0
AAPL,2022-01-25,AAPL_20220125_00072,ml/datasets/charts/processed/AAPL/AAPL_20220125_00072.png,0.0928152725332309,-0.0005630429700824,0
AMZN,2022-01-25,AMZN_20220125_01332,ml/datasets/charts/processed/AMZN/AMZN_20220125_01332.png,0.0800057146939066,-0.0080005714693907,0
GOOGL,2022-01-25,GOOGL_20220125_00072,ml/datasets/charts/processed/GOOGL/GOOGL_20220125_00072.png,0.0843659630874049,0.0181038711715628,1
MSFT,2022-01-25,MSFT_20220125_01332,ml/datasets/charts/processed/MSFT/MSFT_20220125_01332.png,0.0702624007764567,0.0284931886720509,1
NVDA,2022-01-25,NVDA_20220125_01332,ml/datasets/charts/processed/NVDA/NVDA_20220125_01332.png,0.103942652329749,0.0201612903225805,1
AAPL,2022-01-26,AAPL_20220126_00073,ml/datasets/charts/processed/AAPL/AAPL_20220126_00073.png,0.1011334700892827,-0.0029432854100575,0
AMZN,2022-01-26,AMZN_20220126_01333,ml/datasets/charts/processed/AMZN/AMZN_20220126_01333.png,0.0845394973716426,0.0055447540865556,1
GOOGL,2022-01-26,GOOGL_20220126_00073,ml/datasets/charts/processed/GOOGL/GOOGL_20220126_00073.png,0.1452184366503099,-0.0017642699072086,0
MSFT,2022-01-26,MSFT_20220126_01333,ml/datasets/charts/processed/MSFT/MSFT_20220126_01333.png,0.0564524282969902,0.0105490209295271,1
NVDA,2022-01-26,NVDA_20220126_01333,ml/datasets/charts/processed/NVDA/NVDA_20220126_01333.png,0.108476064997804,-0.0364514712340798,0
AAPL,2022-01-27,AAPL_20220127_00074,ml/datasets/charts/processed/AAPL/AAPL_20220127_00074.png,0.0859187469376998,0.0697776659744584,1
AMZN,2022-01-27,AMZN_20220127_01334,ml/datasets/charts/processed/AMZN/AMZN_20220127_01334.png,-0.0056574047550844,0.0310799197937554,1
GOOGL,2022-01-27,GOOGL_20220127_00074,ml/datasets/charts/processed/GOOGL/GOOGL_20220127_00074.png,0.1091816471827575,0.0336884855342312,1
MSFT,2022-01-27,MSFT_20220127_01334,ml/datasets/charts/processed/MSFT/MSFT_20220127_01334.png,0.004702508004269,0.0280816435432231,1
NVDA,2022-01-27,NVDA_20220127_01334,ml/datasets/charts/processed/NVDA/NVDA_20220127_01334.png,0.0916134913400181,0.0410209662716498,1
AAPL,2022-01-28,AAPL_20220128_00075,ml/datasets/charts/processed/AAPL/AAPL_20220128_00075.png,0.0133838837071158,0.0261258758600626,1
AMZN,2022-01-28,AMZN_20220128_01335,ml/datasets/charts/processed/AMZN/AMZN_20220128_01335.png,0.0948742880955688,0.0388248367828865,1
GOOGL,2022-01-28,GOOGL_20220128_00075,ml/datasets/charts/processed/GOOGL/GOOGL_20220128_00075.png,0.0745551099812316,0.0146418842275848,1
MSFT,2022-01-28,MSFT_20220128_01335,ml/datasets/charts/processed/MSFT/MSFT_20220128_01335.png,-0.0075261143190812,0.0088237202361642,1
NVDA,2022-01-28,NVDA_20220128_01335,ml/datasets/charts/processed/NVDA/NVDA_20220128_01335.png,0.0647985989492119,0.0722416812609456,1
AAPL,2022-01-31,AAPL_20220131_00076,ml/datasets/charts/processed/AAPL/AAPL_20220131_00076.png,-0.0166000511235563,-0.0009727776000171,0
AMZN,2022-01-31,AMZN_20220131_01336,ml/datasets/charts/processed/AMZN/AMZN_20220131_01336.png,0.0559604198702949,0.0108310490071539,1
GOOGL,2022-01-31,GOOGL_20220131_00076,ml/datasets/charts/processed/GOOGL/GOOGL_20220131_00076.png,0.0288055505589572,0.01729805276021,1
MSFT,2022-01-31,MSFT_20220131_01336,ml/datasets/charts/processed/MSFT/MSFT_20220131_01336.png,-0.0322528779985852,-0.0071387227474436,0
NVDA,2022-01-31,NVDA_20220131_01336,ml/datasets/charts/processed/NVDA/NVDA_20220131_01336.png,0.009799918334014,0.0061249489587587,1
AAPL,2022-02-01,AAPL_20220201_00077,ml/datasets/charts/processed/AAPL/AAPL_20220201_00077.png,0.0025355851510007,0.0070443855334767,1
AMZN,2022-02-01,AMZN_20220201_01337,ml/datasets/charts/processed/AMZN/AMZN_20220201_01337.png,0.0675970632978371,-0.003836232555063,0
GOOGL,2022-02-01,GOOGL_20220201_00077,ml/datasets/charts/processed/GOOGL/GOOGL_20220201_00077.png,0.0127505340076683,0.0752378471664965,1
MSFT,2022-02-01,MSFT_20220201_01337,ml/datasets/charts/processed/MSFT/MSFT_20220201_01337.png,-0.0136027982899339,0.0152221790387354,1
NVDA,2022-02-01,NVDA_20220201_01337,ml/datasets/charts/processed/NVDA/NVDA_20220201_01337.png,0.0190746753246753,0.0243506493506493,1
AAPL,2022-02-02,AAPL_20220202_00078,ml/datasets/charts/processed/AAPL/AAPL_20220202_00078.png,0.0037794378256137,-0.0167199458158869,0
AMZN,2022-02-02,AMZN_20220202_01338,ml/datasets/charts/processed/AMZN/AMZN_20220202_01338.png,0.0702476595179601,-0.0780824646437821,0
GOOGL,2022-02-02,GOOGL_20220202_00078,ml/datasets/charts/processed/GOOGL/GOOGL_20220202_00078.png,-0.0432974390994707,-0.0331759287603108,0
MSFT,2022-02-02,MSFT_20220202_01338,ml/datasets/charts/processed/MSFT/MSFT_20220202_01338.png,-0.0071779493396286,-0.0389523384163847,0
NVDA,2022-02-02,NVDA_20220202_01338,ml/datasets/charts/processed/NVDA/NVDA_20220202_01338.png,0.0578446909667196,-0.0511093502377179,0
AAPL,2022-02-03,AAPL_20220203_00079,ml/datasets/charts/processed/AAPL/AAPL_20220203_00079.png,-0.0032426145140292,-0.0016790400704574,0
AMZN,2022-02-03,AMZN_20220203_01339,ml/datasets/charts/processed/AMZN/AMZN_20220203_01339.png,0.1451206337774577,0.1353258912495498,1
GOOGL,2022-02-03,GOOGL_20220203_00079,ml/datasets/charts/processed/GOOGL/GOOGL_20220203_00079.png,-0.0312389626258845,0.0014187009682389,1
MSFT,2022-02-03,MSFT_20220203_01339,ml/datasets/charts/processed/MSFT/MSFT_20220203_01339.png,0.0037510373443983,0.0155684647302904,1
NVDA,2022-02-03,NVDA_20220203_01339,ml/datasets/charts/processed/NVDA/NVDA_20220203_01339.png,0.0780793319415449,0.0154488517745303,1
AAPL,2022-02-04,AAPL_20220204_00080,ml/datasets/charts/processed/AAPL/AAPL_20220204_00080.png,-0.0217531875458442,-0.0042350681854484,0
AMZN,2022-02-04,AMZN_20220204_01340,ml/datasets/charts/processed/AMZN/AMZN_20220204_01340.png,-0.0275945191575741,0.0019030702867293,1
GOOGL,2022-02-04,GOOGL_20220204_00080,ml/datasets/charts/processed/GOOGL/GOOGL_20220204_00080.png,-0.0628813393623547,-0.0285568486653323,0
MSFT,2022-02-04,MSFT_20220204_01340,ml/datasets/charts/processed/MSFT/MSFT_20220204_01340.png,-0.0356279008956004,-0.0163103876577106,0
NVDA,2022-02-04,NVDA_20220204_01340,ml/datasets/charts/processed/NVDA/NVDA_20220204_01340.png,-0.0152138157894736,0.0168585526315789,1
AAPL,2022-02-07,AAPL_20220207_00081,ml/datasets/charts/processed/AAPL/AAPL_20220207_00081.png,-0.016194532888709,0.0184669443341447,1
AMZN,2022-02-07,AMZN_20220207_01341,ml/datasets/charts/processed/AMZN/AMZN_20220207_01341.png,-0.0175383056857034,0.0219703684943648,1
GOOGL,2022-02-07,GOOGL_20220207_00081,ml/datasets/charts/processed/GOOGL/GOOGL_20220207_00081.png,-0.0264005704620871,0.0014226163711028,1
MSFT,2022-02-07,MSFT_20220207_01341,ml/datasets/charts/processed/MSFT/MSFT_20220207_01341.png,-0.0197707260342249,0.0119953480644625,1
NVDA,2022-02-07,NVDA_20220207_01341,ml/datasets/charts/processed/NVDA/NVDA_20220207_01341.png,-0.0186008896077638,0.0153659522846745,1
AAPL,2022-02-08,AAPL_20220208_00082,ml/datasets/charts/processed/AAPL/AAPL_20220208_00082.png,-0.0116686200778544,0.0082938323071901,1
AMZN,2022-02-08,AMZN_20220208_01342,ml/datasets/charts/processed/AMZN/AMZN_20220208_01342.png,-0.0303574747537327,-0.0013629886624124,0
GOOGL,2022-02-08,GOOGL_20220208_00082,ml/datasets/charts/processed/GOOGL/GOOGL_20220208_00082.png,-0.0200180931554555,0.0157316806248852,1
MSFT,2022-02-08,MSFT_20220208_01342,ml/datasets/charts/processed/MSFT/MSFT_20220208_01342.png,-0.013429209351195,0.0218347780404517,1
NVDA,2022-02-08,NVDA_20220208_01342,ml/datasets/charts/processed/NVDA/NVDA_20220208_01342.png,0.0553564317005177,0.0633213859020309,1
AAPL,2022-02-09,AAPL_20220209_00083,ml/datasets/charts/processed/AAPL/AAPL_20220209_00083.png,-0.0211594339630155,-0.0235985924037914,0
AMZN,2022-02-09,AMZN_20220209_01343,ml/datasets/charts/processed/AMZN/AMZN_20220209_01343.png,-0.0191699236925367,-0.0135864507723804,0
GOOGL,2022-02-09,GOOGL_20220209_00083,ml/datasets/charts/processed/GOOGL/GOOGL_20220209_00083.png,-0.0272188587418705,-0.0209898786820433,0
MSFT,2022-02-09,MSFT_20220209_01343,ml/datasets/charts/processed/MSFT/MSFT_20220209_01343.png,-0.037627325600077,-0.0283731242569326,0
NVDA,2022-02-09,NVDA_20220209_01343,ml/datasets/charts/processed/NVDA/NVDA_20220209_01343.png,-0.0071161048689137,-0.0329588014981273,0
AAPL,2022-02-10,AAPL_20220210_00084,ml/datasets/charts/processed/AAPL/AAPL_20220210_00084.png,-0.0188242946486687,-0.0202186499163957,0
AMZN,2022-02-10,AMZN_20220210_01344,ml/datasets/charts/processed/AMZN/AMZN_20220210_01344.png,-0.0273584905660376,-0.0359119496855346,0
GOOGL,2022-02-10,GOOGL_20220210_00084,ml/datasets/charts/processed/GOOGL/GOOGL_20220210_00084.png,-0.043868166067409,-0.031290364099937,0
MSFT,2022-02-10,MSFT_20220210_01344,ml/datasets/charts/processed/MSFT/MSFT_20220210_01344.png,-0.0385276804021429,-0.0242740922018651,0
NVDA,2022-02-10,NVDA_20220210_01344,ml/datasets/charts/processed/NVDA/NVDA_20220210_01344.png,-0.0507358636715723,-0.0724244771494965,0
AAPL,2022-02-11,AAPL_20220211_00085,ml/datasets/charts/processed/AAPL/AAPL_20220211_00085.png,-0.0079459501465407,0.0014231290150685,1
AMZN,2022-02-11,AMZN_20220211_01345,ml/datasets/charts/processed/AMZN/AMZN_20220211_01345.png,-0.0045012720986365,0.0122643355730966,1
GOOGL,2022-02-11,GOOGL_20220211_00085,ml/datasets/charts/processed/GOOGL/GOOGL_20220211_00085.png,-0.0288907784038754,0.0092601264864311,1
MSFT,2022-02-11,MSFT_20220211_01345,ml/datasets/charts/processed/MSFT/MSFT_20220211_01345.png,-0.0240984273318872,-0.0001355748373103,0
NVDA,2022-02-11,NVDA_20220211_01345,ml/datasets/charts/processed/NVDA/NVDA_20220211_01345.png,-0.0129436325678495,0.0133611691022965,1
AAPL,2022-02-14,AAPL_20220214_00086,ml/datasets/charts/processed/AAPL/AAPL_20220214_00086.png,-0.0270013948702144,0.023152314302995,1
AMZN,2022-02-14,AMZN_20220214_01346,ml/datasets/charts/processed/AMZN/AMZN_20220214_01346.png,-0.0320293871237996,0.0086356898885093,1
GOOGL,2022-02-14,GOOGL_20220214_00086,ml/datasets/charts/processed/GOOGL/GOOGL_20220214_00086.png,-0.0421504794481726,0.00798748990063,1
MSFT,2022-02-14,MSFT_20220214_01346,ml/datasets/charts/processed/MSFT/MSFT_20220214_01346.png,-0.0246779661016948,0.018542372881356,1
NVDA,2022-02-14,NVDA_20220214_01346,ml/datasets/charts/processed/NVDA/NVDA_20220214_01346.png,-0.0362587556654305,0.091882983106716,1
AAPL,2022-02-15,AAPL_20220215_00087,ml/datasets/charts/processed/AAPL/AAPL_20220215_00087.png,-0.0736151206664861,-0.0013886783348753,0
AMZN,2022-02-15,AMZN_20220215_01347,ml/datasets/charts/processed/AMZN/AMZN_20220215_01347.png,-0.0746278193086702,0.0101590952654782,1
GOOGL,2022-02-15,GOOGL_20220215_00087,ml/datasets/charts/processed/GOOGL/GOOGL_20220215_00087.png,-0.0660318633342224,0.0082682308613832,1
MSFT,2022-02-15,MSFT_20220215_01347,ml/datasets/charts/processed/MSFT/MSFT_20220215_01347.png,-0.0672280094518589,-0.0032282757014012,0
NVDA,2022-02-15,NVDA_20220215_01347,ml/datasets/charts/processed/NVDA/NVDA_20220215_01347.png,-0.1550943396226415,0.0003773584905661,1
AAPL,2022-02-16,AAPL_20220216_00088,ml/datasets/charts/processed/AAPL/AAPL_20220216_00088.png,-0.056853050828041,-0.0212692719888309,0
AMZN,2022-02-16,AMZN_20220216_01348,ml/datasets/charts/processed/AMZN/AMZN_20220216_01348.png,-0.0426312460468056,-0.0218216318785577,0
GOOGL,2022-02-16,GOOGL_20220216_00088,ml/datasets/charts/processed/GOOGL/GOOGL_20220216_00088.png,-0.0366422426029287,-0.0377457960136172,0
MSFT,2022-02-16,MSFT_20220216_01348,ml/datasets/charts/processed/MSFT/MSFT_20220216_01348.png,-0.0163939899833055,-0.0292821368948246,0
NVDA,2022-02-16,NVDA_20220216_01348,ml/datasets/charts/processed/NVDA/NVDA_20220216_01348.png,-0.1041116559788759,-0.0754432289701999,0
AAPL,2022-02-17,AAPL_20220217_00089,ml/datasets/charts/processed/AAPL/AAPL_20220217_00089.png,-0.0238629137923277,-0.0093557647014045,0
AMZN,2022-02-17,AMZN_20220217_01349,ml/datasets/charts/processed/AMZN/AMZN_20220217_01349.png,-0.0055609440672487,-0.0132557387649532,0
GOOGL,2022-02-17,GOOGL_20220217_00089,ml/datasets/charts/processed/GOOGL/GOOGL_20220217_00089.png,0.0144902320409312,-0.0161159506609439,0
MSFT,2022-02-17,MSFT_20220217_01349,ml/datasets/charts/processed/MSFT/MSFT_20220217_01349.png,0.0226326832456229,-0.0096309290406907,0
NVDA,2022-02-17,NVDA_20220217_01349,ml/datasets/charts/processed/NVDA/NVDA_20220217_01349.png,-0.0142798857609139,-0.0354957160342718,0
AAPL,2022-02-18,AAPL_20220218_00090,ml/datasets/charts/processed/AAPL/AAPL_20220218_00090.png,-0.0130303943062781,-0.0178122776472738,0
AMZN,2022-02-18,AMZN_20220218_01350,ml/datasets/charts/processed/AMZN/AMZN_20220218_01350.png,0.0062909567496725,-0.0157273918741809,0
GOOGL,2022-02-18,GOOGL_20220218_00090,ml/datasets/charts/processed/GOOGL/GOOGL_20220218_00090.png,0.0356893897834924,-0.0045204939170534,0
MSFT,2022-02-18,MSFT_20220218_01350,ml/datasets/charts/processed/MSFT/MSFT_20220218_01350.png,0.0377175007814398,-0.0007293439377625,0
NVDA,2022-02-18,NVDA_20220218_01350,ml/datasets/charts/processed/NVDA/NVDA_20220218_01350.png,0.031725888324873,-0.0105752961082909,0
AAPL,2022-02-22,AAPL_20220222_00091,ml/datasets/charts/processed/AAPL/AAPL_20220222_00091.png,-0.0068160269918049,-0.0258641397549006,0
AMZN,2022-02-22,AMZN_20220222_01351,ml/datasets/charts/processed/AMZN/AMZN_20220222_01351.png,0.0062583222370173,-0.0357523302263647,0
GOOGL,2022-02-22,GOOGL_20220222_00091,ml/datasets/charts/processed/GOOGL/GOOGL_20220222_00091.png,0.0327236263092509,-0.0171439484747679,0
MSFT,2022-02-22,MSFT_20220222_01351,ml/datasets/charts/processed/MSFT/MSFT_20220222_01351.png,0.0251285972473236,-0.0258932295287086,0
NVDA,2022-02-22,NVDA_20220222_01351,ml/datasets/charts/processed/NVDA/NVDA_20220222_01351.png,0.0038477982043607,-0.0427533133817871,0
AAPL,2022-02-23,AAPL_20220223_00092,ml/datasets/charts/processed/AAPL/AAPL_20220223_00092.png,0.0405448514425625,0.0166802615718895,1
AMZN,2022-02-23,AMZN_20220223_01352,ml/datasets/charts/processed/AMZN/AMZN_20220223_01352.png,0.0498515500932126,0.0450873437823655,1
GOOGL,2022-02-23,GOOGL_20220223_00092,ml/datasets/charts/processed/GOOGL/GOOGL_20220223_00092.png,0.0547345840842328,0.0399958880876947,1
MSFT,2022-02-23,MSFT_20220223_01352,ml/datasets/charts/processed/MSFT/MSFT_20220223_01352.png,0.0710743211902809,0.0510935883255432,1
NVDA,2022-02-23,NVDA_20220223_01352,ml/datasets/charts/processed/NVDA/NVDA_20220223_01352.png,0.0817329164805715,0.0607414024117909,1
AAPL,2022-02-24,AAPL_20220224_00093,ml/datasets/charts/processed/AAPL/AAPL_20220224_00093.png,0.0214453687095621,0.0129655424973949,1
AMZN,2022-02-24,AMZN_20220224_01353,ml/datasets/charts/processed/AMZN/AMZN_20220224_01353.png,-0.0228594080338266,0.0160544397463,1
GOOGL,2022-02-24,GOOGL_20220224_00093,ml/datasets/charts/processed/GOOGL/GOOGL_20220224_00093.png,0.009107725934077,0.0133281049421638,1
MSFT,2022-02-24,MSFT_20220224_01353,ml/datasets/charts/processed/MSFT/MSFT_20220224_01353.png,0.004514749312604,0.0092331715265285,1
NVDA,2022-02-24,NVDA_20220224_01353,ml/datasets/charts/processed/NVDA/NVDA_20220224_01353.png,-0.0016842105263157,0.0172631578947368,1
AAPL,2022-02-25,AAPL_20220225_00094,ml/datasets/charts/processed/AAPL/AAPL_20220225_00094.png,-0.0101914046991606,0.0016377454666249,1
AMZN,2022-02-25,AMZN_20220225_01354,ml/datasets/charts/processed/AMZN/AMZN_20220225_01354.png,-0.0529943429351713,-0.001495545874244,0
GOOGL,2022-02-25,GOOGL_20220225_00094,ml/datasets/charts/processed/GOOGL/GOOGL_20220225_00094.png,-0.0189871461269395,0.0044436491297485,1
MSFT,2022-02-25,MSFT_20220225_01354,ml/datasets/charts/processed/MSFT/MSFT_20220225_01354.png,-0.0250580202482256,0.0049779691231375,1
NVDA,2022-02-25,NVDA_20220225_01354,ml/datasets/charts/processed/NVDA/NVDA_20220225_01354.png,-0.0504966887417218,0.0095198675496688,1
AAPL,2022-02-28,AAPL_20220228_00095,ml/datasets/charts/processed/AAPL/AAPL_20220228_00095.png,-0.0352470695392709,-0.0116280190406721,0
AMZN,2022-02-28,AMZN_20220228_01355,ml/datasets/charts/processed/AMZN/AMZN_20220228_01355.png,-0.1049101328470957,-0.0157593123209169,0
GOOGL,2022-02-28,GOOGL_20220228_00095,ml/datasets/charts/processed/GOOGL/GOOGL_20220228_00095.png,-0.0642580255709909,-0.0073711137917187,0
MSFT,2022-02-28,MSFT_20220228_01355,ml/datasets/charts/processed/MSFT/MSFT_20220228_01355.png,-0.0665350245992167,-0.0128518357374746,0
NVDA,2022-02-28,NVDA_20220228_01355,ml/datasets/charts/processed/NVDA/NVDA_20220228_01355.png,-0.1246412464124641,-0.037310373103731,0
AAPL,2022-03-01,AAPL_20220301_00096,ml/datasets/charts/processed/AAPL/AAPL_20220301_00096.png,-0.0352941750051837,0.0205884121483361,1
AMZN,2022-03-01,AMZN_20220301_01356,ml/datasets/charts/processed/AMZN/AMZN_20220301_01356.png,-0.1001058621145957,0.0060209077676327,1
GOOGL,2022-03-01,GOOGL_20220301_00096,ml/datasets/charts/processed/GOOGL/GOOGL_20220301_00096.png,-0.0518939714067605,0.0038041566115092,1
MSFT,2022-03-01,MSFT_20220301_01356,ml/datasets/charts/processed/MSFT/MSFT_20220301_01356.png,-0.0647567384302423,0.017765723003899,1
NVDA,2022-03-01,NVDA_20220301_01356,ml/datasets/charts/processed/NVDA/NVDA_20220301_01356.png,-0.0839011925042588,0.0315161839863713,1
AAPL,2022-03-02,AAPL_20220302_00097,ml/datasets/charts/processed/AAPL/AAPL_20220302_00097.png,-0.021673929089281,-0.0019811801467971,0
AMZN,2022-03-02,AMZN_20220302_01357,ml/datasets/charts/processed/AMZN/AMZN_20220302_01357.png,-0.0839855310753042,-0.0272936534034857,0
GOOGL,2022-03-02,GOOGL_20220302_00097,ml/datasets/charts/processed/GOOGL/GOOGL_20220302_00097.png,-0.0085568571366798,-0.0049933874879443,0
MSFT,2022-03-02,MSFT_20220302_01357,ml/datasets/charts/processed/MSFT/MSFT_20220302_01357.png,-0.038942003397848,-0.0142243245944234,0
NVDA,2022-03-02,NVDA_20220302_01357,ml/datasets/charts/processed/NVDA/NVDA_20220302_01357.png,-0.0499587118084227,-0.0210569777043764,0
AAPL,2022-03-03,AAPL_20220303_00098,ml/datasets/charts/processed/AAPL/AAPL_20220303_00098.png,-0.0463817793448948,-0.0184085890230411,0
AMZN,2022-03-03,AMZN_20220303_01358,ml/datasets/charts/processed/AMZN/AMZN_20220303_01358.png,-0.0073022312373226,-0.0152805949966194,0
GOOGL,2022-03-03,GOOGL_20220303_00098,ml/datasets/charts/processed/GOOGL/GOOGL_20220303_00098.png,-0.0109784769334947,-0.0148842679616606,0
MSFT,2022-03-03,MSFT_20220303_01358,ml/datasets/charts/processed/MSFT/MSFT_20220303_01358.png,-0.0349080832657476,-0.0204785077047851,0
NVDA,2022-03-03,NVDA_20220303_01358,ml/datasets/charts/processed/NVDA/NVDA_20220303_01358.png,-0.0442851117671868,-0.0324757486292703,0
AAPL,2022-03-04,AAPL_20220304_00099,ml/datasets/charts/processed/AAPL/AAPL_20220304_00099.png,-0.0517251286946742,-0.0237173582986516,0
AMZN,2022-03-04,AMZN_20220304_01359,ml/datasets/charts/processed/AMZN/AMZN_20220304_01359.png,-0.0008239494644326,-0.0562345509475419,0
GOOGL,2022-03-04,GOOGL_20220304_00099,ml/datasets/charts/processed/GOOGL/GOOGL_20220304_00099.png,-0.0154353459619345,-0.0419084931164729,0
MSFT,2022-03-04,MSFT_20220304_01359,ml/datasets/charts/processed/MSFT/MSFT_20220304_01359.png,-0.033774925826261,-0.0377768577934174,0
NVDA,2022-03-04,NVDA_20220304_01359,ml/datasets/charts/processed/NVDA/NVDA_20220304_01359.png,-0.0366172624237139,-0.0693112467306015,0
AAPL,2022-03-07,AAPL_20220307_00100,ml/datasets/charts/processed/AAPL/AAPL_20220307_00100.png,-0.0544885779184548,-0.0116762777411002,0
AMZN,2022-03-07,AMZN_20220307_01360,ml/datasets/charts/processed/AMZN/AMZN_20220307_01360.png,0.0320116405965806,-0.0104765369225172,0
GOOGL,2022-03-07,GOOGL_20220307_00100,ml/datasets/charts/processed/GOOGL/GOOGL_20220307_00100.png,-0.003382891088009,0.0057445929409494,1
MSFT,2022-03-07,MSFT_20220307_01360,ml/datasets/charts/processed/MSFT/MSFT_20220307_01360.png,-0.0088559033379944,-0.0109712810584059,0
NVDA,2022-03-07,NVDA_20220307_01360,ml/datasets/charts/processed/NVDA/NVDA_20220307_01360.png,-0.000936768149883,0.0074941451990633,1
AAPL,2022-03-08,AAPL_20220308_00101,ml/datasets/charts/processed/AAPL/AAPL_20220308_00101.png,-0.014926083063838,0.0349976390776498,1
AMZN,2022-03-08,AMZN_20220308_01361,ml/datasets/charts/processed/AMZN/AMZN_20220308_01361.png,0.0835232703477686,0.0240423498272186,1
GOOGL,2022-03-08,GOOGL_20220308_00101,ml/datasets/charts/processed/GOOGL/GOOGL_20220308_00101.png,0.0164707925611744,0.049687184593518,1
MSFT,2022-03-08,MSFT_20220308_01361,ml/datasets/charts/processed/MSFT/MSFT_20220308_01361.png,0.040964292187783,0.0458582562987128,1
NVDA,2022-03-08,NVDA_20220308_01361,ml/datasets/charts/processed/NVDA/NVDA_20220308_01361.png,0.0678754067875404,0.0697350069735007,1
AAPL,2022-03-09,AAPL_20220309_00102,ml/datasets/charts/processed/AAPL/AAPL_20220309_00102.png,-0.0206198053151063,-0.0271863753127222,0
AMZN,2022-03-09,AMZN_20220309_01362,ml/datasets/charts/processed/AMZN/AMZN_20220309_01362.png,0.0992245835726592,0.0541355542791499,1
GOOGL,2022-03-09,GOOGL_20220309_00102,ml/datasets/charts/processed/GOOGL/GOOGL_20220309_00102.png,-0.0010453493549467,-0.0074237111309745,0
MSFT,2022-03-09,MSFT_20220309_01362,ml/datasets/charts/processed/MSFT/MSFT_20220309_01362.png,0.0204159445407279,-0.0100866551126517,0
NVDA,2022-03-09,NVDA_20220309_01362,ml/datasets/charts/processed/NVDA/NVDA_20220309_01362.png,0.0647544545849629,-0.0152107779226423,0
AAPL,2022-03-10,AAPL_20220310_00103,ml/datasets/charts/processed/AAPL/AAPL_20220310_00103.png,0.0132474199409091,-0.0239086788010968,0
AMZN,2022-03-10,AMZN_20220310_01363,ml/datasets/charts/processed/AMZN/AMZN_20220310_01363.png,0.0709712573218908,-0.0088543795123279,0
GOOGL,2022-03-10,GOOGL_20220310_00103,ml/datasets/charts/processed/GOOGL/GOOGL_20220310_00103.png,0.0106433878616951,-0.0193235361607362,0
MSFT,2022-03-10,MSFT_20220310_01363,ml/datasets/charts/processed/MSFT/MSFT_20220310_01363.png,0.0337196680556044,-0.0193284078574179,0
NVDA,2022-03-10,NVDA_20220310_01363,ml/datasets/charts/processed/NVDA/NVDA_20220310_01363.png,0.0931156222418359,-0.024713150926743,0
AAPL,2022-03-11,AAPL_20220311_00104,ml/datasets/charts/processed/AAPL/AAPL_20220311_00104.png,0.0597813422940194,-0.0265624273709621,0
AMZN,2022-03-11,AMZN_20220311_01364,ml/datasets/charts/processed/AMZN/AMZN_20220311_01364.png,0.108095107201759,-0.02521990104453,0
GOOGL,2022-03-11,GOOGL_20220311_00104,ml/datasets/charts/processed/GOOGL/GOOGL_20220311_00104.png,0.0481632832072029,-0.0301801067637382,0
MSFT,2022-03-11,MSFT_20220311_01364,ml/datasets/charts/processed/MSFT/MSFT_20220311_01364.png,0.0726961116863642,-0.0129610454529224,0
NVDA,2022-03-11,NVDA_20220311_01364,ml/datasets/charts/processed/NVDA/NVDA_20220311_01364.png,0.1968325791855203,-0.0348416289592761,0
AAPL,2022-03-14,AAPL_20220314_00105,ml/datasets/charts/processed/AAPL/AAPL_20220314_00105.png,0.0979950291348219,0.0296775877579367,1
AMZN,2022-03-14,AMZN_20220314_01365,ml/datasets/charts/processed/AMZN/AMZN_20220314_01365.png,0.1384561156150865,0.0389143461402892,1
GOOGL,2022-03-14,GOOGL_20220314_00105,ml/datasets/charts/processed/GOOGL/GOOGL_20220314_00105.png,0.0805909574133922,0.0257801058792384,1
MSFT,2022-03-14,MSFT_20220314_01365,ml/datasets/charts/processed/MSFT/MSFT_20220314_01365.png,0.0821878165243814,0.0387425842859208,1
NVDA,2022-03-14,NVDA_20220314_01365,ml/datasets/charts/processed/NVDA/NVDA_20220314_01365.png,0.2531645569620253,0.0768870135958743,1
AAPL,2022-03-15,AAPL_20220315_00106,ml/datasets/charts/processed/AAPL/AAPL_20220315_00106.png,0.0885291582040426,0.0290153579652281,1
AMZN,2022-03-15,AMZN_20220315_01366,ml/datasets/charts/processed/AMZN/AMZN_20220315_01366.png,0.1188844405238513,0.0388817262672185,1
GOOGL,2022-03-15,GOOGL_20220315_00106,ml/datasets/charts/processed/GOOGL/GOOGL_20220315_00106.png,0.0825864045436624,0.0315986474437728,1
MSFT,2022-03-15,MSFT_20220315_01366,ml/datasets/charts/processed/MSFT/MSFT_20220315_01366.png,0.0588890823611354,0.025213303151663,1
NVDA,2022-03-15,NVDA_20220315_01366,ml/datasets/charts/processed/NVDA/NVDA_20220315_01366.png,0.1545494122768829,0.0666086199390509,1
AAPL,2022-03-16,AAPL_20220316_00107,ml/datasets/charts/processed/AAPL/AAPL_20220316_00107.png,0.0665453473657042,0.0064537762221013,1
AMZN,2022-03-16,AMZN_20220316_01367,ml/datasets/charts/processed/AMZN/AMZN_20220316_01367.png,0.0673416067929457,0.027041149575441,1
GOOGL,2022-03-16,GOOGL_20220316_00107,ml/datasets/charts/processed/GOOGL/GOOGL_20220316_00107.png,0.0374773371692138,0.0041903930734235,1
MSFT,2022-03-16,MSFT_20220316_01367,ml/datasets/charts/processed/MSFT/MSFT_20220316_01367.png,0.0173239580148782,0.0028193892455588,1
NVDA,2022-03-16,NVDA_20220316_01367,ml/datasets/charts/processed/NVDA/NVDA_20220316_01367.png,0.0461224489795917,0.0110204081632652,1
AAPL,2022-03-17,AAPL_20220317_00108,ml/datasets/charts/processed/AAPL/AAPL_20220317_00108.png,0.083738262273509,0.0209188301136196,1
AMZN,2022-03-17,AMZN_20220317_01368,ml/datasets/charts/processed/AMZN/AMZN_20220317_01368.png,0.0407657084711268,0.0255024166878656,1
GOOGL,2022-03-17,GOOGL_20220317_00108,ml/datasets/charts/processed/GOOGL/GOOGL_20220317_00108.png,0.0577784285324698,0.0170838442594751,1
MSFT,2022-03-17,MSFT_20220317_01368,ml/datasets/charts/processed/MSFT/MSFT_20220317_01368.png,0.0300792629225661,0.0176478558363253,1
NVDA,2022-03-17,NVDA_20220317_01368,ml/datasets/charts/processed/NVDA/NVDA_20220317_01368.png,0.1364553895841744,0.0678239806217197,1
AAPL,2022-03-18,AAPL_20220318_00109,ml/datasets/charts/processed/AAPL/AAPL_20220318_00109.png,0.0654959675892477,0.0085378683928756,1
AMZN,2022-03-18,AMZN_20220318_01369,ml/datasets/charts/processed/AMZN/AMZN_20220318_01369.png,0.0218294573643411,0.0014883720930232,1
GOOGL,2022-03-18,GOOGL_20220318_00109,ml/datasets/charts/processed/GOOGL/GOOGL_20220318_00109.png,0.0407531221484276,-0.0001761903507171,0
MSFT,2022-03-18,MSFT_20220318_01369,ml/datasets/charts/processed/MSFT/MSFT_20220318_01369.png,0.0108178277801818,-0.0042272742402555,0
NVDA,2022-03-18,NVDA_20220318_01369,ml/datasets/charts/processed/NVDA/NVDA_20220318_01369.png,0.0468809073724008,0.0105860113421549,1
AAPL,2022-03-21,AAPL_20220321_00110,ml/datasets/charts/processed/AAPL/AAPL_20220321_00110.png,0.0617973563826916,0.0208006849601956,1
AMZN,2022-03-21,AMZN_20220321_01370,ml/datasets/charts/processed/AMZN/AMZN_20220321_01370.png,0.0464425041798253,0.0210539352281873,1
GOOGL,2022-03-21,GOOGL_20220321_00110,ml/datasets/charts/processed/GOOGL/GOOGL_20220321_00110.png,0.0393382038153176,0.0276743378775004,1
MSFT,2022-03-21,MSFT_20220321_01370,ml/datasets/charts/processed/MSFT/MSFT_20220321_01370.png,0.0385746757587912,0.0163791950795559,1
NVDA,2022-03-21,NVDA_20220321_01370,ml/datasets/charts/processed/NVDA/NVDA_20220321_01370.png,0.0557426112981667,-0.0078563411896745,0
AAPL,2022-03-22,AAPL_20220322_00111,ml/datasets/charts/processed/AAPL/AAPL_20220322_00111.png,0.0600639434098235,0.0082334810547595,1
AMZN,2022-03-22,AMZN_20220322_01371,ml/datasets/charts/processed/AMZN/AMZN_20220322_01371.png,0.0268057492874038,-0.0089756807568681,0
GOOGL,2022-03-22,GOOGL_20220322_00111,ml/datasets/charts/processed/GOOGL/GOOGL_20220322_00111.png,0.0188568477663666,-0.0113858687995717,0
MSFT,2022-03-22,MSFT_20220322_01371,ml/datasets/charts/processed/MSFT/MSFT_20220322_01371.png,0.0373281589160034,-0.0150299283036242,0
NVDA,2022-03-22,NVDA_20220322_01371,ml/datasets/charts/processed/NVDA/NVDA_20220322_01371.png,0.0806938159879335,-0.0335595776772247,0
AAPL,2022-03-23,AAPL_20220323_00112,ml/datasets/charts/processed/AAPL/AAPL_20220323_00112.png,0.0444156693853872,0.0226780035144191,1
AMZN,2022-03-23,AMZN_20220323_01372,ml/datasets/charts/processed/AMZN/AMZN_20220323_01372.png,0.01768557615813,0.0014686983660732,1
GOOGL,2022-03-23,GOOGL_20220323_00112,ml/datasets/charts/processed/GOOGL/GOOGL_20220323_00112.png,0.0264906582602773,0.0238401340224756,1
MSFT,2022-03-23,MSFT_20220323_01372,ml/datasets/charts/processed/MSFT/MSFT_20220323_01372.png,0.0479815686667335,0.0153928344852916,1
NVDA,2022-03-23,NVDA_20220323_01372,ml/datasets/charts/processed/NVDA/NVDA_20220323_01372.png,0.0803745610612565,0.0983222785797892,1
AAPL,2022-03-24,AAPL_20220324_00113,ml/datasets/charts/processed/AAPL/AAPL_20220324_00113.png,0.0031020873639435,0.0037339591941654,1
AMZN,2022-03-24,AMZN_20220324_01373,ml/datasets/charts/processed/AMZN/AMZN_20220324_01373.png,-0.0039718912312862,0.006843874121601,1
GOOGL,2022-03-24,GOOGL_20220324_00113,ml/datasets/charts/processed/GOOGL/GOOGL_20220324_00113.png,-0.0176905055882581,0.0007135311582702,1
MSFT,2022-03-24,MSFT_20220324_01373,ml/datasets/charts/processed/MSFT/MSFT_20220324_01373.png,0.0138441302203222,-0.0013811246300559,0
NVDA,2022-03-24,NVDA_20220324_01373,ml/datasets/charts/processed/NVDA/NVDA_20220324_01373.png,-0.0305506216696269,-0.0163410301953818,0
AAPL,2022-03-25,AAPL_20220325_00114,ml/datasets/charts/processed/AAPL/AAPL_20220325_00114.png,-0.0023466408167095,0.0050369734334008,1
AMZN,2022-03-25,AMZN_20220325_01374,ml/datasets/charts/processed/AMZN/AMZN_20220325_01374.png,-0.007343569824604,0.0256114583965527,1
GOOGL,2022-03-25,GOOGL_20220325_00114,ml/datasets/charts/processed/GOOGL/GOOGL_20220325_00114.png,-0.0107468404317382,-0.0015354647146818,0
MSFT,2022-03-25,MSFT_20220325_01374,ml/datasets/charts/processed/MSFT/MSFT_20220325_01374.png,0.0189014752370917,0.0231164383561643,1
NVDA,2022-03-25,NVDA_20220325_01374,ml/datasets/charts/processed/NVDA/NVDA_20220325_01374.png,-0.0353918382087395,0.0191404839292161,1
AAPL,2022-03-28,AAPL_20220328_00115,ml/datasets/charts/processed/AAPL/AAPL_20220328_00115.png,0.0161731315361983,0.0191342001649696,1
AMZN,2022-03-28,AMZN_20220328_01375,ml/datasets/charts/processed/AMZN/AMZN_20220328_01375.png,-0.0037872063435706,0.0018936031717853,1
GOOGL,2022-03-28,GOOGL_20220328_00115,ml/datasets/charts/processed/GOOGL/GOOGL_20220328_00115.png,0.0107172248046729,0.0074228317371762,1
MSFT,2022-03-28,MSFT_20220328_01375,ml/datasets/charts/processed/MSFT/MSFT_20220328_01375.png,0.0137431606050855,0.0151593176697779,1
NVDA,2022-03-28,NVDA_20220328_01375,ml/datasets/charts/processed/NVDA/NVDA_20220328_01375.png,-0.030474840538625,0.0155917788802268,1
AAPL,2022-03-29,AAPL_20220329_00116,ml/datasets/charts/processed/AAPL/AAPL_20220329_00116.png,-0.0217925422371788,-0.00664969074845,0
AMZN,2022-03-29,AMZN_20220329_01376,ml/datasets/charts/processed/AMZN/AMZN_20220329_01376.png,-0.0310082097926879,-0.017778040281141,0
GOOGL,2022-03-29,GOOGL_20220329_00116,ml/datasets/charts/processed/GOOGL/GOOGL_20220329_00116.png,-0.0134344745696139,-0.0039786526182885,0
MSFT,2022-03-29,MSFT_20220329_01376,ml/datasets/charts/processed/MSFT/MSFT_20220329_01376.png,-0.0143622586474747,-0.0049142386100631,0
NVDA,2022-03-29,NVDA_20220329_01376,ml/datasets/charts/processed/NVDA/NVDA_20220329_01376.png,-0.0952547103977669,-0.0338450802512211,0
AAPL,2022-03-30,AAPL_20220330_00117,ml/datasets/charts/processed/AAPL/AAPL_20220330_00117.png,-0.0334138050329975,-0.0177757093301828,0
AMZN,2022-03-30,AMZN_20220330_01377,ml/datasets/charts/processed/AMZN/AMZN_20220330_01377.png,-0.0453397474443777,-0.0198436560432953,0
GOOGL,2022-03-30,GOOGL_20220330_00117,ml/datasets/charts/processed/GOOGL/GOOGL_20220330_00117.png,-0.0379776283325432,-0.0202269486654643,0
MSFT,2022-03-30,MSFT_20220330_01377,ml/datasets/charts/processed/MSFT/MSFT_20220330_01377.png,-0.0457528834512203,-0.0176830433951443,0
NVDA,2022-03-30,NVDA_20220330_01377,ml/datasets/charts/processed/NVDA/NVDA_20220330_01377.png,-0.1184543156374142,-0.0144456482484652,0
AAPL,2022-03-31,AAPL_20220331_00118,ml/datasets/charts/processed/AAPL/AAPL_20220331_00118.png,-0.0141458087192591,-0.0017182012371942,0
AMZN,2022-03-31,AMZN_20220331_01378,ml/datasets/charts/processed/AMZN/AMZN_20220331_01378.png,-0.0320245398773005,0.003435582822086,1
GOOGL,2022-03-31,GOOGL_20220331_00118,ml/datasets/charts/processed/GOOGL/GOOGL_20220331_00118.png,-0.0228595332386373,0.0077872891922623,1
MSFT,2022-03-31,MSFT_20220331_01378,ml/datasets/charts/processed/MSFT/MSFT_20220331_01378.png,-0.0225098115533067,0.0036002724530506,1
NVDA,2022-03-31,NVDA_20220331_01378,ml/datasets/charts/processed/NVDA/NVDA_20220331_01378.png,-0.1128618541590326,-0.0212532063026749,0
AAPL,2022-04-01,AAPL_20220401_00119,ml/datasets/charts/processed/AAPL/AAPL_20220401_00119.png,-0.0242092628044394,0.0236938102825035,1
AMZN,2022-04-01,AMZN_20220401_01379,ml/datasets/charts/processed/AMZN/AMZN_20220401_01379.png,-0.0556370750794814,0.0292858889704084,1
GOOGL,2022-04-01,GOOGL_20220401_00119,ml/datasets/charts/processed/GOOGL/GOOGL_20220401_00119.png,-0.0489685334406541,0.0201284619701316,1
MSFT,2022-04-01,MSFT_20220401_01379,ml/datasets/charts/processed/MSFT/MSFT_20220401_01379.png,-0.0402365716501841,0.0179367849524918,1
NVDA,2022-04-01,NVDA_20220401_01379,ml/datasets/charts/processed/NVDA/NVDA_20220401_01379.png,-0.1344065892923998,0.0243354548858105,1
AAPL,2022-04-04,AAPL_20220404_00120,ml/datasets/charts/processed/AAPL/AAPL_20220404_00120.png,-0.0711165820366479,-0.0189421033447109,0
AMZN,2022-04-04,AMZN_20220404_01380,ml/datasets/charts/processed/AMZN/AMZN_20220404_01380.png,-0.1023463023463022,-0.0254826254826254,0
GOOGL,2022-04-04,GOOGL_20220404_00120,ml/datasets/charts/processed/GOOGL/GOOGL_20220404_00120.png,-0.0989568046087259,-0.0166501461222947,0
MSFT,2022-04-04,MSFT_20220404_01380,ml/datasets/charts/processed/MSFT/MSFT_20220404_01380.png,-0.0943264437882973,-0.0129853636854304,0
NVDA,2022-04-04,NVDA_20220404_01380,ml/datasets/charts/processed/NVDA/NVDA_20220404_01380.png,-0.198830409356725,-0.052266081871345,0
AAPL,2022-04-05,AAPL_20220405_00121,ml/datasets/charts/processed/AAPL/AAPL_20220405_00121.png,-0.042271296242989,-0.0184508530688859,0
AMZN,2022-04-05,AMZN_20220405_01381,ml/datasets/charts/processed/AMZN/AMZN_20220405_01381.png,-0.0808850420577838,-0.0323052541753018,0
GOOGL,2022-04-05,GOOGL_20220405_00121,ml/datasets/charts/processed/GOOGL/GOOGL_20220405_00121.png,-0.091588341743141,-0.0287570423448959,0
MSFT,2022-04-05,MSFT_20220405_01381,ml/datasets/charts/processed/MSFT/MSFT_20220405_01381.png,-0.092704580545548,-0.0366057642820381,0
NVDA,2022-04-05,NVDA_20220405_01381,ml/datasets/charts/processed/NVDA/NVDA_20220405_01381.png,-0.170844581565754,-0.0586193598148861,0
AAPL,2022-04-06,AAPL_20220406_00122,ml/datasets/charts/processed/AAPL/AAPL_20220406_00122.png,-0.0083222343272939,0.0018040178689382,1
AMZN,2022-04-06,AMZN_20220406_01382,ml/datasets/charts/processed/AMZN/AMZN_20220406_01382.png,-0.0202821869488536,-0.0061728395061727,0
GOOGL,2022-04-06,GOOGL_20220406_00122,ml/datasets/charts/processed/GOOGL/GOOGL_20220406_00122.png,-0.0487303663283524,-0.004829903236211,0
MSFT,2022-04-06,MSFT_20220406_01382,ml/datasets/charts/processed/MSFT/MSFT_20220406_01382.png,-0.0396661101836394,0.0062437395659431,1
NVDA,2022-04-06,NVDA_20220406_01382,ml/datasets/charts/processed/NVDA/NVDA_20220406_01382.png,-0.0905366653011061,-0.0081933633756656,0
AAPL,2022-04-07,AAPL_20220407_00123,ml/datasets/charts/processed/AAPL/AAPL_20220407_00123.png,-0.0397932935506739,-0.011908514505396,0
AMZN,2022-04-07,AMZN_20220407_01383,ml/datasets/charts/processed/AMZN/AMZN_20220407_01383.png,-0.0384712891367726,-0.021041957155533,0
GOOGL,2022-04-07,GOOGL_20220407_00123,ml/datasets/charts/processed/GOOGL/GOOGL_20220407_00123.png,-0.0673971643699132,-0.019140588049707,0
MSFT,2022-04-07,MSFT_20220407_01383,ml/datasets/charts/processed/MSFT/MSFT_20220407_01383.png,-0.0714736038756346,-0.0145999933636392,0
NVDA,2022-04-07,NVDA_20220407_01383,ml/datasets/charts/processed/NVDA/NVDA_20220407_01383.png,-0.1218504750103263,-0.0450227178851714,0
AAPL,2022-04-08,AAPL_20220408_00124,ml/datasets/charts/processed/AAPL/AAPL_20220408_00124.png,-0.0295141615142011,-0.0255162616361579,0
AMZN,2022-04-08,AMZN_20220408_01384,ml/datasets/charts/processed/AMZN/AMZN_20220408_01384.png,-0.0108766023565972,-0.0216237213518063,0
GOOGL,2022-04-08,GOOGL_20220408_00124,ml/datasets/charts/processed/GOOGL/GOOGL_20220408_00124.png,-0.0420971420090767,-0.0334916967484009,0
MSFT,2022-04-08,MSFT_20220408_01384,ml/datasets/charts/processed/MSFT/MSFT_20220408_01384.png,-0.0553928006195914,-0.0394315924167425,0
NVDA,2022-04-08,NVDA_20220408_01384,ml/datasets/charts/processed/NVDA/NVDA_20220408_01384.png,-0.0579584775086504,-0.0519031141868512,0
AAPL,2022-04-11,AAPL_20220411_00125,ml/datasets/charts/processed/AAPL/AAPL_20220411_00125.png,0.0099544052921487,0.0115233941137269,1
AMZN,2022-04-11,AMZN_20220411_01385,ml/datasets/charts/processed/AMZN/AMZN_20220411_01385.png,0.0463208046585494,-0.0021836950767603,0
GOOGL,2022-04-11,GOOGL_20220411_00125,ml/datasets/charts/processed/GOOGL/GOOGL_20220411_00125.png,0.0092026262694824,-0.0086086039196151,0
MSFT,2022-04-11,MSFT_20220411_01385,ml/datasets/charts/processed/MSFT/MSFT_20220411_01385.png,0.0001402229544977,-0.0112178363598121,0
NVDA,2022-04-11,NVDA_20220411_01385,ml/datasets/charts/processed/NVDA/NVDA_20220411_01385.png,0.0127737226277371,-0.0191605839416059,0
AAPL,2022-04-12,AAPL_20220412_00126,ml/datasets/charts/processed/AAPL/AAPL_20220412_00126.png,-0.0025647503620958,0.0163425833518278,1
AMZN,2022-04-12,AMZN_20220412_01386,ml/datasets/charts/processed/AMZN/AMZN_20220412_01386.png,0.0212878838119239,0.0315007626500432,1
GOOGL,2022-04-12,GOOGL_20220412_00126,ml/datasets/charts/processed/GOOGL/GOOGL_20220412_00126.png,0.0025485359071935,0.0170652524513241,1
MSFT,2022-04-12,MSFT_20220412_01386,ml/datasets/charts/processed/MSFT/MSFT_20220412_01386.png,0.0152449833368786,0.0197121179890802,1
NVDA,2022-04-12,NVDA_20220412_01386,ml/datasets/charts/processed/NVDA/NVDA_20220412_01386.png,-0.0009302325581395,0.0325581395348837,1
AAPL,2022-04-13,AAPL_20220413_00127,ml/datasets/charts/processed/AAPL/AAPL_20220413_00127.png,-0.0233567934342237,-0.0299883996561097,0
AMZN,2022-04-13,AMZN_20220413_01387,ml/datasets/charts/processed/AMZN/AMZN_20220413_01387.png,-0.0465475118940463,-0.0246238909605245,0
GOOGL,2022-04-13,GOOGL_20220413_00127,ml/datasets/charts/processed/GOOGL/GOOGL_20220413_00127.png,-0.0391048210866409,-0.0243581616350303,0
MSFT,2022-04-13,MSFT_20220413_01387,ml/datasets/charts/processed/MSFT/MSFT_20220413_01387.png,-0.0236770739169738,-0.0270843474028232,0
NVDA,2022-04-13,NVDA_20220413_01387,ml/datasets/charts/processed/NVDA/NVDA_20220413_01387.png,-0.0909909909909909,-0.0423423423423422,0
AAPL,2022-04-14,AAPL_20220414_00128,ml/datasets/charts/processed/AAPL/AAPL_20220414_00128.png,-0.0211748413382951,-0.0013308724463531,0
AMZN,2022-04-14,AMZN_20220414_01388,ml/datasets/charts/processed/AMZN/AMZN_20220414_01388.png,-0.0485136114956167,0.0070529299321071,1
GOOGL,2022-04-14,GOOGL_20220414_00128,ml/datasets/charts/processed/GOOGL/GOOGL_20220414_00128.png,-0.0559812661686249,0.007468557995204,1
MSFT,2022-04-14,MSFT_20220414_01388,ml/datasets/charts/processed/MSFT/MSFT_20220414_01388.png,-0.0207268698852874,0.002465782796698,1
NVDA,2022-04-14,NVDA_20220414_01388,ml/datasets/charts/processed/NVDA/NVDA_20220414_01388.png,-0.0818438381937912,0.024459078080903,1
AAPL,2022-04-18,AAPL_20220418_00129,ml/datasets/charts/processed/AAPL/AAPL_20220418_00129.png,-0.0132669165236198,0.0141148952587479,1
AMZN,2022-04-18,AMZN_20220418_01389,ml/datasets/charts/processed/AMZN/AMZN_20220418_01389.png,-0.0439193611729284,0.0349522188768163,1
GOOGL,2022-04-18,GOOGL_20220418_00129,ml/datasets/charts/processed/GOOGL/GOOGL_20220418_00129.png,-0.0360480996611589,0.0182689296893376,1
MSFT,2022-04-18,MSFT_20220418_01389,ml/datasets/charts/processed/MSFT/MSFT_20220418_01389.png,0.0007129616426637,0.0170397832596607,1
NVDA,2022-04-18,NVDA_20220418_01389,ml/datasets/charts/processed/NVDA/NVDA_20220418_01389.png,-0.0863177226813591,0.0192837465564736,1
AAPL,2022-04-19,AAPL_20220419_00130,ml/datasets/charts/processed/AAPL/AAPL_20220419_00130.png,-0.0633210547525786,-0.0010152103544186,0
AMZN,2022-04-19,AMZN_20220419_01390,ml/datasets/charts/processed/AMZN/AMZN_20220419_01390.png,-0.118454338477106,-0.0260561598785732,0
GOOGL,2022-04-19,GOOGL_20220419_00130,ml/datasets/charts/processed/GOOGL/GOOGL_20220419_00130.png,-0.087370874713438,-0.0151452574738173,0
MSFT,2022-04-19,MSFT_20220419_01390,ml/datasets/charts/processed/MSFT/MSFT_20220419_01390.png,-0.0528566421310899,0.0037153873116018,1
NVDA,2022-04-19,NVDA_20220419_01390,ml/datasets/charts/processed/NVDA/NVDA_20220419_01390.png,-0.1536036036036036,-0.0324324324324324,0
AAPL,2022-04-20,AAPL_20220420_00131,ml/datasets/charts/processed/AAPL/AAPL_20220420_00131.png,-0.063744489524721,-0.0048435926698842,0
AMZN,2022-04-20,AMZN_20220420_01391,ml/datasets/charts/processed/AMZN/AMZN_20220420_01391.png,-0.1027922077922078,-0.0370129870129869,0
GOOGL,2022-04-20,GOOGL_20220420_00131,ml/datasets/charts/processed/GOOGL/GOOGL_20220420_00131.png,-0.1073530063298653,-0.0251912374133231,0
MSFT,2022-04-20,MSFT_20220420_01391,ml/datasets/charts/processed/MSFT/MSFT_20220420_01391.png,-0.0109652186059504,-0.0193811984914094,0
NVDA,2022-04-20,NVDA_20220420_01391,ml/datasets/charts/processed/NVDA/NVDA_20220420_01391.png,-0.1429236499068901,-0.0605214152700186,0
AAPL,2022-04-21,AAPL_20220421_00132,ml/datasets/charts/processed/AAPL/AAPL_20220421_00132.png,-0.0167047202185059,-0.0278212634591686,0
AMZN,2022-04-21,AMZN_20220421_01392,ml/datasets/charts/processed/AMZN/AMZN_20220421_01392.png,-0.0249494268374916,-0.0266351989211059,0
GOOGL,2022-04-21,GOOGL_20220421_00132,ml/datasets/charts/processed/GOOGL/GOOGL_20220421_00132.png,-0.0504108437794619,-0.0414936060270737,0
MSFT,2022-04-21,MSFT_20220421_01392,ml/datasets/charts/processed/MSFT/MSFT_20220421_01392.png,0.031409137851216,-0.0241444393005948,0
NVDA,2022-04-21,NVDA_20220421_01392,ml/datasets/charts/processed/NVDA/NVDA_20220421_01392.png,-0.0198216055500495,-0.0327056491575817,0
AAPL,2022-04-22,AAPL_20220422_00133,ml/datasets/charts/processed/AAPL/AAPL_20220422_00133.png,-0.0255885701898591,0.0067373717191618,1
AMZN,2022-04-22,AMZN_20220422_01393,ml/datasets/charts/processed/AMZN/AMZN_20220422_01393.png,-0.1390370626948388,0.0119154832005541,1
GOOGL,2022-04-22,GOOGL_20220422_00133,ml/datasets/charts/processed/GOOGL/GOOGL_20220422_00133.png,-0.0461903205550523,0.0287414817178621,1
MSFT,2022-04-22,MSFT_20220422_01393,ml/datasets/charts/processed/MSFT/MSFT_20220422_01393.png,0.0127358318432289,0.0244133853957597,1
NVDA,2022-04-22,NVDA_20220422_01393,ml/datasets/charts/processed/NVDA/NVDA_20220422_01393.png,-0.0496926229508196,0.0194672131147539,1
AAPL,2022-04-25,AAPL_20220425_00134,ml/datasets/charts/processed/AAPL/AAPL_20220425_00134.png,-0.0302065577250144,-0.0373282437191118,0
AMZN,2022-04-25,AMZN_20220425_01394,ml/datasets/charts/processed/AMZN/AMZN_20220425_01394.png,-0.1476689258574656,-0.0457314985965633,0
GOOGL,2022-04-25,GOOGL_20220425_00134,ml/datasets/charts/processed/GOOGL/GOOGL_20220425_00134.png,-0.052740658558566,-0.0359457953428974,0
MSFT,2022-04-25,MSFT_20220425_01394,ml/datasets/charts/processed/MSFT/MSFT_20220425_01394.png,0.0133585066970647,-0.0374038187517811,0
NVDA,2022-04-25,NVDA_20220425_01394,ml/datasets/charts/processed/NVDA/NVDA_20220425_01394.png,-0.0185929648241204,-0.0557788944723618,0
AAPL,2022-04-26,AAPL_20220426_00135,ml/datasets/charts/processed/AAPL/AAPL_20220426_00135.png,0.0170917022590402,-0.0014668110858362,0
AMZN,2022-04-26,AMZN_20220426_01395,ml/datasets/charts/processed/AMZN/AMZN_20220426_01395.png,-0.1086161130640647,-0.0087524212640791,0
GOOGL,2022-04-26,GOOGL_20220426_00135,ml/datasets/charts/processed/GOOGL/GOOGL_20220426_00135.png,-0.0110914657504165,-0.0367087782326376,0
MSFT,2022-04-26,MSFT_20220426_01395,ml/datasets/charts/processed/MSFT/MSFT_20220426_01395.png,0.042779957072015,0.048108948264377,1
NVDA,2022-04-26,NVDA_20220426_01395,ml/datasets/charts/processed/NVDA/NVDA_20220426_01395.png,0.0431080361894626,-0.0202235231506119,0
AAPL,2022-04-27,AAPL_20220427_00136,ml/datasets/charts/processed/AAPL/AAPL_20220427_00136.png,0.0603566372302213,0.0451555019155744,1
AMZN,2022-04-27,AMZN_20220427_01396,ml/datasets/charts/processed/AMZN/AMZN_20220427_01396.png,-0.0885865238474341,0.0465368748642975,1
GOOGL,2022-04-27,GOOGL_20220427_00136,ml/datasets/charts/processed/GOOGL/GOOGL_20220427_00136.png,0.069701415011335,0.0369920437811241,1
MSFT,2022-04-27,MSFT_20220427_01396,ml/datasets/charts/processed/MSFT/MSFT_20220427_01396.png,0.0238683708777629,0.0226325824447424,1
NVDA,2022-04-27,NVDA_20220427_01396,ml/datasets/charts/processed/NVDA/NVDA_20220427_01396.png,0.104291146116241,0.0744160782183596,1
AAPL,2022-04-28,AAPL_20220428_00137,ml/datasets/charts/processed/AAPL/AAPL_20220428_00137.png,-0.0419825116247851,-0.0366046779821058,0
AMZN,2022-04-28,AMZN_20220428_01397,ml/datasets/charts/processed/AMZN/AMZN_20220428_01397.png,-0.1949515905947441,-0.1405255878284923,0
GOOGL,2022-04-28,GOOGL_20220428_00137,ml/datasets/charts/processed/GOOGL/GOOGL_20220428_00137.png,-0.0170177639434752,-0.0372334494425051,0
MSFT,2022-04-28,MSFT_20220428_01397,ml/datasets/charts/processed/MSFT/MSFT_20220428_01397.png,-0.0423989227635257,-0.0418119669923696,0
NVDA,2022-04-28,NVDA_20220428_01397,ml/datasets/charts/processed/NVDA/NVDA_20220428_01397.png,-0.0475227502527806,-0.0621840242669363,0
AAPL,2022-04-29,AAPL_20220429_00138,ml/datasets/charts/processed/AAPL/AAPL_20220429_00138.png,-0.0008812593785344,0.0019661831928943,1
AMZN,2022-04-29,AMZN_20220429_01398,ml/datasets/charts/processed/AMZN/AMZN_20220429_01398.png,-0.0765207595751529,0.0017701963308658,1
GOOGL,2022-04-29,GOOGL_20220429_00138,ml/datasets/charts/processed/GOOGL/GOOGL_20220429_00138.png,0.0143460733018903,0.0216765456318615,1
MSFT,2022-04-29,MSFT_20220429_01398,ml/datasets/charts/processed/MSFT/MSFT_20220429_01398.png,-0.0100533294897663,0.0250432401268378,1
NVDA,2022-04-29,NVDA_20220429_01398,ml/datasets/charts/processed/NVDA/NVDA_20220429_01398.png,0.0070080862533692,0.0528301886792452,1
AAPL,2022-05-02,AAPL_20220502_00139,ml/datasets/charts/processed/AAPL/AAPL_20220502_00139.png,-0.0359366797616725,0.0096226811098572,1
AMZN,2022-05-02,AMZN_20220502_01399,ml/datasets/charts/processed/AMZN/AMZN_20220502_01399.png,-0.1261847389558232,-0.002008032128514,0
GOOGL,2022-05-02,GOOGL_20220502_00139,ml/datasets/charts/processed/GOOGL/GOOGL_20220502_00139.png,-0.0349278996496803,0.006441835679217,1
MSFT,2022-05-02,MSFT_20220502_01399,ml/datasets/charts/processed/MSFT/MSFT_20220502_01399.png,-0.0699194994199741,-0.0094561816711781,0
NVDA,2022-05-02,NVDA_20220502_01399,ml/datasets/charts/processed/NVDA/NVDA_20220502_01399.png,-0.1321044546850999,0.0035842293906809,1
AAPL,2022-05-03,AAPL_20220503_00140,ml/datasets/charts/processed/AAPL/AAPL_20220503_00140.png,-0.0297403129986718,0.0410086838857415,1
AMZN,2022-05-03,AMZN_20220503_01400,ml/datasets/charts/processed/AMZN/AMZN_20220503_01400.png,-0.1238631790744466,0.0135211267605634,1
GOOGL,2022-05-03,GOOGL_20220503_00140,ml/datasets/charts/processed/GOOGL/GOOGL_20220503_00140.png,-0.0250481007974925,0.0419911926177003,1
MSFT,2022-05-03,MSFT_20220503_01400,ml/datasets/charts/processed/MSFT/MSFT_20220503_01400.png,-0.0435800979487542,0.0291007168713182,1
NVDA,2022-05-03,NVDA_20220503_01400,ml/datasets/charts/processed/NVDA/NVDA_20220503_01400.png,-0.1025510204081633,0.0372448979591835,1
AAPL,2022-05-04,AAPL_20220504_00141,ml/datasets/charts/processed/AAPL/AAPL_20220504_00141.png,-0.1162800881730314,-0.0557165261659964,0
AMZN,2022-05-04,AMZN_20220504_01401,ml/datasets/charts/processed/AMZN/AMZN_20220504_01401.png,-0.1632653061224489,-0.075597554196776,0
GOOGL,2022-05-04,GOOGL_20220504_00141,ml/datasets/charts/processed/GOOGL/GOOGL_20220504_00141.png,-0.0708198017582943,-0.0470754327664475,0
MSFT,2022-05-04,MSFT_20220504_01401,ml/datasets/charts/processed/MSFT/MSFT_20220504_01401.png,-0.1014897579143389,-0.0435547279122697,0
NVDA,2022-05-04,NVDA_20220504_01401,ml/datasets/charts/processed/NVDA/NVDA_20220504_01401.png,-0.1819970486965075,-0.0732907033939989,0
AAPL,2022-05-05,AAPL_20220505_00142,ml/datasets/charts/processed/AAPL/AAPL_20220505_00142.png,-0.089306012370067,0.0047272962496702,1
AMZN,2022-05-05,AMZN_20220505_01402,ml/datasets/charts/processed/AMZN/AMZN_20220505_01402.png,-0.0814363027231336,-0.0140881367580104,0
GOOGL,2022-05-05,GOOGL_20220505_00142,ml/datasets/charts/processed/GOOGL/GOOGL_20220505_00142.png,-0.0314277008682121,-0.0065146304350466,0
MSFT,2022-05-05,MSFT_20220505_01402,ml/datasets/charts/processed/MSFT/MSFT_20220505_01402.png,-0.0793221561204255,-0.0094465476834324,0
NVDA,2022-05-05,NVDA_20220505_01402,ml/datasets/charts/processed/NVDA/NVDA_20220505_01402.png,-0.1411889596602972,-0.0084925690021231,0
AAPL,2022-05-06,AAPL_20220506_00143,ml/datasets/charts/processed/AAPL/AAPL_20220506_00143.png,-0.0646617575043938,-0.0331891435300009,0
AMZN,2022-05-06,AMZN_20220506_01403,ml/datasets/charts/processed/AMZN/AMZN_20220506_01403.png,-0.0148993639452817,-0.0521042084168336,0
GOOGL,2022-05-06,GOOGL_20220506_00143,ml/datasets/charts/processed/GOOGL/GOOGL_20220506_00143.png,0.0026263178138479,-0.0279535202793177,0
MSFT,2022-05-06,MSFT_20220506_01403,ml/datasets/charts/processed/MSFT/MSFT_20220506_01403.png,-0.0495395479197757,-0.03694536453973,0
NVDA,2022-05-06,NVDA_20220506_01403,ml/datasets/charts/processed/NVDA/NVDA_20220506_01403.png,-0.0519271948608136,-0.0926124197002141,0
AAPL,2022-05-09,AAPL_20220509_00144,ml/datasets/charts/processed/AAPL/AAPL_20220509_00144.png,-0.0428778113767658,0.0161118735654464,1
AMZN,2022-05-09,AMZN_20220509_01404,ml/datasets/charts/processed/AMZN/AMZN_20220509_01404.png,0.0185678830774886,0.0006434414927842,1
GOOGL,2022-05-09,GOOGL_20220509_00144,ml/datasets/charts/processed/GOOGL/GOOGL_20220509_00144.png,0.0171894844680233,0.0167451517623655,1
MSFT,2022-05-09,MSFT_20220509_01404,ml/datasets/charts/processed/MSFT/MSFT_20220509_01404.png,-0.0116410915413106,0.0185955098646912,1
NVDA,2022-05-09,NVDA_20220509_01404,ml/datasets/charts/processed/NVDA/NVDA_20220509_01404.png,0.0182890855457229,0.0377581120943952,1
AAPL,2022-05-10,AAPL_20220510_00145,ml/datasets/charts/processed/AAPL/AAPL_20220510_00145.png,-0.0341076988008439,-0.0518413630294867,0
AMZN,2022-05-10,AMZN_20220510_01405,ml/datasets/charts/processed/AMZN/AMZN_20220510_01405.png,0.0598015800110234,-0.0320595259966929,0
GOOGL,2022-05-10,GOOGL_20220510_00145,ml/datasets/charts/processed/GOOGL/GOOGL_20220510_00145.png,0.0181650141069327,-0.006927845656187,0
MSFT,2022-05-10,MSFT_20220510_01405,ml/datasets/charts/processed/MSFT/MSFT_20220510_01405.png,-0.0099443413729127,-0.0332096474953617,0
NVDA,2022-05-10,NVDA_20220510_01405,ml/datasets/charts/processed/NVDA/NVDA_20220510_01405.png,0.0335417851051733,-0.0545764638999431,0
AAPL,2022-05-11,AAPL_20220511_00146,ml/datasets/charts/processed/AAPL/AAPL_20220511_00146.png,-0.0387710639716919,-0.0268938486843643,0
AMZN,2022-05-11,AMZN_20220511_01406,ml/datasets/charts/processed/AMZN/AMZN_20220511_01406.png,0.0165132390623516,0.0148049729524533,1
GOOGL,2022-05-11,GOOGL_20220511_00146,ml/datasets/charts/processed/GOOGL/GOOGL_20220511_00146.png,-0.014990819644896,-0.0066767019668296,0
MSFT,2022-05-11,MSFT_20220511_01406,ml/datasets/charts/processed/MSFT/MSFT_20220511_01406.png,-0.0248320859719823,-0.0199577816158127,0
NVDA,2022-05-11,NVDA_20220511_01406,ml/datasets/charts/processed/NVDA/NVDA_20220511_01406.png,0.0186410102224896,-0.0270595309681298,0
AAPL,2022-05-12,AAPL_20220512_00147,ml/datasets/charts/processed/AAPL/AAPL_20220512_00147.png,-0.0365459182173699,0.0319161828521998,1
AMZN,2022-05-12,AMZN_20220512_01407,ml/datasets/charts/processed/AMZN/AMZN_20220512_01407.png,0.0036472458617786,0.0573272234171888,1
GOOGL,2022-05-12,GOOGL_20220512_00147,ml/datasets/charts/processed/GOOGL/GOOGL_20220512_00147.png,-0.0218000653448098,0.0284153065101302,1
MSFT,2022-05-12,MSFT_20220512_01407,ml/datasets/charts/processed/MSFT/MSFT_20220512_01407.png,-0.0086547875465048,0.0225964362639514,1
NVDA,2022-05-12,NVDA_20220512_01407,ml/datasets/charts/processed/NVDA/NVDA_20220512_01407.png,0.0580964153275649,0.0945611866501854,1
AAPL,2022-05-13,AAPL_20220513_00148,ml/datasets/charts/processed/AAPL/AAPL_20220513_00148.png,-0.0647135007142758,-0.010672202966601,0
AMZN,2022-05-13,AMZN_20220513_01408,ml/datasets/charts/processed/AMZN/AMZN_20220513_01408.png,-0.0483813904121704,-0.0199009375552803,0
GOOGL,2022-05-13,GOOGL_20220513_00148,ml/datasets/charts/processed/GOOGL/GOOGL_20220513_00148.png,-0.061546586857389,-0.0138345263647722,0
MSFT,2022-05-13,MSFT_20220513_01408,ml/datasets/charts/processed/MSFT/MSFT_20220513_01408.png,-0.032781862745098,0.0014552696078431,1
NVDA,2022-05-13,NVDA_20220513_01408,ml/datasets/charts/processed/NVDA/NVDA_20220513_01408.png,-0.0575945793337097,-0.0254093732354601,0
AAPL,2022-05-16,AAPL_20220516_00149,ml/datasets/charts/processed/AAPL/AAPL_20220516_00149.png,-0.0166963326468894,0.0254225087453896,1
AMZN,2022-05-16,AMZN_20220516_01409,ml/datasets/charts/processed/AMZN/AMZN_20220516_01409.png,-0.0293294828986553,0.0411515206208825,1
GOOGL,2022-05-16,GOOGL_20220516_00149,ml/datasets/charts/processed/GOOGL/GOOGL_20220516_00149.png,-0.0258377149676456,0.0177202552665864,1
MSFT,2022-05-16,MSFT_20220516_01409,ml/datasets/charts/processed/MSFT/MSFT_20220516_01409.png,-0.0032504780114723,0.0203441682600382,1
NVDA,2022-05-16,NVDA_20220516_01409,ml/datasets/charts/processed/NVDA/NVDA_20220516_01409.png,-0.0208574739281577,0.0533024333719582,1
AAPL,2022-05-17,AAPL_20220517_00150,ml/datasets/charts/processed/AAPL/AAPL_20220517_00150.png,-0.059501514479809,-0.0564191093875409,0
AMZN,2022-05-17,AMZN_20220517_01410,ml/datasets/charts/processed/AMZN/AMZN_20220517_01410.png,-0.0976857068562018,-0.071595735459825,0
GOOGL,2022-05-17,GOOGL_20220517_00150,ml/datasets/charts/processed/GOOGL/GOOGL_20220517_00150.png,-0.0901753139404742,-0.0392665479262455,0
MSFT,2022-05-17,MSFT_20220517_01410,ml/datasets/charts/processed/MSFT/MSFT_20220517_01410.png,-0.0269844839217449,-0.047747545161532,0
NVDA,2022-05-17,NVDA_20220517_01410,ml/datasets/charts/processed/NVDA/NVDA_20220517_01410.png,-0.1116611661166117,-0.068206820682068,0
AAPL,2022-05-18,AAPL_20220518_00151,ml/datasets/charts/processed/AAPL/AAPL_20220518_00151.png,-0.0021305688338899,-0.0246412084027979,0
AMZN,2022-05-18,AMZN_20220518_01411,ml/datasets/charts/processed/AMZN/AMZN_20220518_01411.png,-0.003080944823079,0.0019606012510502,1
GOOGL,2022-05-18,GOOGL_20220518_00151,ml/datasets/charts/processed/GOOGL/GOOGL_20220518_00151.png,-0.0544641002395104,-0.0135434221260449,0
MSFT,2022-05-18,MSFT_20220518_01411,ml/datasets/charts/processed/MSFT/MSFT_20220518_01411.png,0.0332178841309822,-0.0036996221662469,0
NVDA,2022-05-18,NVDA_20220518_01411,ml/datasets/charts/processed/NVDA/NVDA_20220518_01411.png,0.0023612750885477,0.0106257378984651,1
AAPL,2022-05-19,AAPL_20220519_00152,ml/datasets/charts/processed/AAPL/AAPL_20220519_00152.png,0.0468142642726601,0.0017470395998289,1
AMZN,2022-05-19,AMZN_20220519_01412,ml/datasets/charts/processed/AMZN/AMZN_20220519_01412.png,0.035035408125233,0.0025158404770779,1
GOOGL,2022-05-19,GOOGL_20220519_00152,ml/datasets/charts/processed/GOOGL/GOOGL_20220519_00152.png,-0.0234770923206235,-0.0133715814827413,0
MSFT,2022-05-19,MSFT_20220519_01412,ml/datasets/charts/processed/MSFT/MSFT_20220519_01412.png,0.0504068894682783,-0.002291222248558,0
NVDA,2022-05-19,NVDA_20220519_01412,ml/datasets/charts/processed/NVDA/NVDA_20220519_01412.png,0.0426401869158878,-0.0251168224299065,0
AAPL,2022-05-20,AAPL_20220520_00153,ml/datasets/charts/processed/AAPL/AAPL_20220520_00153.png,0.0875790531556044,0.0401194198571743,1
AMZN,2022-05-20,AMZN_20220520_01413,ml/datasets/charts/processed/AMZN/AMZN_20220520_01413.png,0.070266753415745,-0.0002788363230783,0
GOOGL,2022-05-20,GOOGL_20220520_00153,ml/datasets/charts/processed/GOOGL/GOOGL_20220520_00153.png,0.0312970450953731,0.0236898260079299,1
MSFT,2022-05-20,MSFT_20220520_01413,ml/datasets/charts/processed/MSFT/MSFT_20220520_01413.png,0.0818815331010454,0.032031992397846,1
NVDA,2022-05-20,NVDA_20220520_01413,ml/datasets/charts/processed/NVDA/NVDA_20220520_01413.png,0.1270221689634509,0.0125823846614738,1
AAPL,2022-05-23,AAPL_20220523_00154,ml/datasets/charts/processed/AAPL/AAPL_20220523_00154.png,0.0400390012679656,-0.0192161907731107,0
AMZN,2022-05-23,AMZN_20220523_01414,ml/datasets/charts/processed/AMZN/AMZN_20220523_01414.png,0.1176087764968389,-0.0321680922275939,0
GOOGL,2022-05-23,GOOGL_20220523_00154,ml/datasets/charts/processed/GOOGL/GOOGL_20220523_00154.png,0.0203968816911959,-0.0494940874111241,0
MSFT,2022-05-23,MSFT_20220523_01414,ml/datasets/charts/processed/MSFT/MSFT_20220523_01414.png,0.0430462305774028,-0.0039516593132552,0
NVDA,2022-05-23,NVDA_20220523_01414,ml/datasets/charts/processed/NVDA/NVDA_20220523_01414.png,0.104733727810651,-0.044378698224852,0
AAPL,2022-05-24,AAPL_20220524_00155,ml/datasets/charts/processed/AAPL/AAPL_20220524_00155.png,0.059490173023031,0.0011398647323521,1
AMZN,2022-05-24,AMZN_20220524_01415,ml/datasets/charts/processed/AMZN/AMZN_20220524_01415.png,0.1688760806916427,0.0257444764649377,1
GOOGL,2022-05-24,GOOGL_20220524_00155,ml/datasets/charts/processed/GOOGL/GOOGL_20220524_00155.png,0.0747569296654033,-0.0015571318790029,0
MSFT,2022-05-24,MSFT_20220524_01415,ml/datasets/charts/processed/MSFT/MSFT_20220524_01415.png,0.0493028272089977,0.0111701717895384,1
NVDA,2022-05-24,NVDA_20220524_01415,ml/datasets/charts/processed/NVDA/NVDA_20220524_01415.png,0.1343653250773995,0.0513931888544891,1
AAPL,2022-05-25,AAPL_20220525_00156,ml/datasets/charts/processed/AAPL/AAPL_20220525_00156.png,0.0760747844455573,0.0231994927778604,1
AMZN,2022-05-25,AMZN_20220525_01416,ml/datasets/charts/processed/AMZN/AMZN_20220525_01416.png,0.1754073796591122,0.0402697134294811,1
GOOGL,2022-05-25,GOOGL_20220525_00156,ml/datasets/charts/processed/GOOGL/GOOGL_20220525_00156.png,0.1116913772857071,0.0187846341624167,1
MSFT,2022-05-25,MSFT_20220525_01416,ml/datasets/charts/processed/MSFT/MSFT_20220525_01416.png,0.0459393570013713,0.012875209507847,1
NVDA,2022-05-25,NVDA_20220525_01416,ml/datasets/charts/processed/NVDA/NVDA_20220525_01416.png,0.1537102473498233,0.0512367491166079,1
AAPL,2022-05-26,AAPL_20220526_00157,ml/datasets/charts/processed/AAPL/AAPL_20220526_00157.png,0.0111281665612603,0.0407568314770678,1
AMZN,2022-05-26,AMZN_20220526_01417,ml/datasets/charts/processed/AMZN/AMZN_20220526_01417.png,0.1014584083543392,0.0366402592725962,1
GOOGL,2022-05-26,GOOGL_20220526_00157,ml/datasets/charts/processed/GOOGL/GOOGL_20220526_00157.png,0.0626063281973043,0.0419693840485408,1
MSFT,2022-05-26,MSFT_20220526_01417,ml/datasets/charts/processed/MSFT/MSFT_20220526_01417.png,0.0154945468221134,0.0276043625423092,1
NVDA,2022-05-26,NVDA_20220526_01417,ml/datasets/charts/processed/NVDA/NVDA_20220526_01417.png,0.0487394957983191,0.0537815126050418,1
AAPL,2022-05-27,AAPL_20220527_00158,ml/datasets/charts/processed/AAPL/AAPL_20220527_00158.png,-0.0233892278544043,-0.0053460854280548,0
AMZN,2022-05-27,AMZN_20220527_01418,ml/datasets/charts/processed/AMZN/AMZN_20220527_01418.png,0.0837168910117238,0.0439426834563612,1
GOOGL,2022-05-27,GOOGL_20220527_00158,ml/datasets/charts/processed/GOOGL/GOOGL_20220527_00158.png,0.0401010680053768,0.0128700661417042,1
MSFT,2022-05-27,MSFT_20220527_01418,ml/datasets/charts/processed/MSFT/MSFT_20220527_01418.png,-0.0164324403454838,-0.0050139071878202,0
NVDA,2022-05-27,NVDA_20220527_01418,ml/datasets/charts/processed/NVDA/NVDA_20220527_01418.png,-0.0010632642211589,-0.0074428495481125,0
AAPL,2022-05-31,AAPL_20220531_00159,ml/datasets/charts/processed/AAPL/AAPL_20220531_00159.png,-0.0008732302643209,-0.0008732302643209,0
AMZN,2022-05-31,AMZN_20220531_01419,ml/datasets/charts/processed/AMZN/AMZN_20220531_01419.png,0.0232093835787372,0.0122285999500875,1
GOOGL,2022-05-31,GOOGL_20220531_00159,ml/datasets/charts/processed/GOOGL/GOOGL_20220531_00159.png,0.0297769472536355,0.0011426284934388,1
MSFT,2022-05-31,MSFT_20220531_01419,ml/datasets/charts/processed/MSFT/MSFT_20220531_01419.png,0.0023172839960274,0.0020230257108178,1
NVDA,2022-05-31,NVDA_20220531_01419,ml/datasets/charts/processed/NVDA/NVDA_20220531_01419.png,0.0139260846277449,-0.018746652383503,0
AAPL,2022-06-01,AAPL_20220601_00160,ml/datasets/charts/processed/AAPL/AAPL_20220601_00160.png,-0.0050434545400833,0.0168110961028251,1
AMZN,2022-06-01,AMZN_20220601_01420,ml/datasets/charts/processed/AMZN/AMZN_20220601_01420.png,-0.0041091387245233,0.0314760026298488,1
GOOGL,2022-06-01,GOOGL_20220601_00160,ml/datasets/charts/processed/GOOGL/GOOGL_20220601_00160.png,0.0289923291079956,0.032754752786827,1
MSFT,2022-06-01,MSFT_20220601_01420,ml/datasets/charts/processed/MSFT/MSFT_20220601_01420.png,-0.0073783128991997,0.0079289332648115,1
NVDA,2022-06-01,NVDA_20220601_01420,ml/datasets/charts/processed/NVDA/NVDA_20220601_01420.png,0.018013100436681,0.0693231441048034,1
AAPL,2022-06-02,AAPL_20220602_00161,ml/datasets/charts/processed/AAPL/AAPL_20220602_00161.png,-0.0566760976411848,-0.0385558307715987,0
AMZN,2022-06-02,AMZN_20220602_01421,ml/datasets/charts/processed/AMZN/AMZN_20220602_01421.png,-0.0745757310174488,-0.0251772767110191,0
GOOGL,2022-06-02,GOOGL_20220602_00161,ml/datasets/charts/processed/GOOGL/GOOGL_20220602_00161.png,-0.0236944485598021,-0.0261982583922322,0
MSFT,2022-06-02,MSFT_20220602_01421,ml/datasets/charts/processed/MSFT/MSFT_20220602_01421.png,-0.0356544540753148,-0.0166071818777769,0
NVDA,2022-06-02,NVDA_20220602_01421,ml/datasets/charts/processed/NVDA/NVDA_20220602_01421.png,-0.0786115364982132,-0.0444104134762634,0
AAPL,2022-06-03,AAPL_20220603_00162,ml/datasets/charts/processed/AAPL/AAPL_20220603_00162.png,-0.0567475907565719,0.0052279883185728,1
AMZN,2022-06-03,AMZN_20220603_01422,ml/datasets/charts/processed/AMZN/AMZN_20220603_01422.png,-0.1038005721291376,0.019942787086228,1
GOOGL,2022-06-03,GOOGL_20220603_00162,ml/datasets/charts/processed/GOOGL/GOOGL_20220603_00162.png,-0.0295046160034669,0.0199011999263767,1
MSFT,2022-06-03,MSFT_20220603_01422,ml/datasets/charts/processed/MSFT/MSFT_20220603_01422.png,-0.0630694022664987,-0.0047033553070142,0
NVDA,2022-06-03,NVDA_20220603_01422,ml/datasets/charts/processed/NVDA/NVDA_20220603_01422.png,-0.0934829059829059,0.0037393162393162,1
AAPL,2022-06-06,AAPL_20220606_00163,ml/datasets/charts/processed/AAPL/AAPL_20220606_00163.png,-0.0975777612026692,0.0175859011752326,1
AMZN,2022-06-06,AMZN_20220606_01423,ml/datasets/charts/processed/AMZN/AMZN_20220606_01423.png,-0.1692443304751983,-0.0143440980847824,0
GOOGL,2022-06-06,GOOGL_20220606_00163,ml/datasets/charts/processed/GOOGL/GOOGL_20220606_00163.png,-0.0892651243474144,0.0028162423448256,1
MSFT,2022-06-06,MSFT_20220606_01423,ml/datasets/charts/processed/MSFT/MSFT_20220606_01423.png,-0.0985674418604651,0.013953488372093,1
NVDA,2022-06-06,NVDA_20220606_01423,ml/datasets/charts/processed/NVDA/NVDA_20220606_01423.png,-0.167110164981373,0.0074507716870675,1
AAPL,2022-06-07,AAPL_20220607_00164,ml/datasets/charts/processed/AAPL/AAPL_20220607_00164.png,-0.1072559580416093,-0.0050434545400833,0
AMZN,2022-06-07,AMZN_20220607_01424,ml/datasets/charts/processed/AMZN/AMZN_20220607_01424.png,-0.1682113821138211,-0.0147967479674796,0
GOOGL,2022-06-07,GOOGL_20220607_00164,ml/datasets/charts/processed/GOOGL/GOOGL_20220607_00164.png,-0.0890656862762491,0.0003798276997479,1
MSFT,2022-06-07,MSFT_20220607_01424,ml/datasets/charts/processed/MSFT/MSFT_20220607_01424.png,-0.102788990825688,-0.007669724770642,0
NVDA,2022-06-07,NVDA_20220607_01424,ml/datasets/charts/processed/NVDA/NVDA_20220607_01424.png,-0.1632329635499207,-0.0147913365029055,0
AAPL,2022-06-08,AAPL_20220608_00165,ml/datasets/charts/processed/AAPL/AAPL_20220608_00165.png,-0.0846851877940055,-0.0359556751354591,0
AMZN,2022-06-08,AMZN_20220608_01425,ml/datasets/charts/processed/AMZN/AMZN_20220608_01425.png,-0.1114870440666777,-0.0415084997524344,0
GOOGL,2022-06-08,GOOGL_20220608_00165,ml/datasets/charts/processed/GOOGL/GOOGL_20220608_00165.png,-0.0633947946385881,-0.0201246696405585,0
MSFT,2022-06-08,MSFT_20220608_01425,ml/datasets/charts/processed/MSFT/MSFT_20220608_01425.png,-0.0689693428497467,-0.0207832550571355,0
NVDA,2022-06-08,NVDA_20220608_01425,ml/datasets/charts/processed/NVDA/NVDA_20220608_01425.png,-0.1136729222520106,-0.0321715817694369,0
AAPL,2022-06-09,AAPL_20220609_00166,ml/datasets/charts/processed/AAPL/AAPL_20220609_00166.png,-0.0881939752722691,-0.0386286971950584,0
AMZN,2022-06-09,AMZN_20220609_01426,ml/datasets/charts/processed/AMZN/AMZN_20220609_01426.png,-0.1075333620318554,-0.0559621179509255,0
GOOGL,2022-06-09,GOOGL_20220609_00166,ml/datasets/charts/processed/GOOGL/GOOGL_20220609_00166.png,-0.0766487984624071,-0.031993525219638,0
MSFT,2022-06-09,MSFT_20220609_01426,ml/datasets/charts/processed/MSFT/MSFT_20220609_01426.png,-0.0748517693266362,-0.0445636164507723,0
NVDA,2022-06-09,NVDA_20220609_01426,ml/datasets/charts/processed/NVDA/NVDA_20220609_01426.png,-0.1357340720221607,-0.0598337950138505,0
AAPL,2022-06-10,AAPL_20220610_00167,ml/datasets/charts/processed/AAPL/AAPL_20220610_00167.png,-0.0406185465820756,-0.0382848929611635,0
AMZN,2022-06-10,AMZN_20220610_01427,ml/datasets/charts/processed/AMZN/AMZN_20220610_01427.png,-0.031281349749202,-0.0545371637026904,0
GOOGL,2022-06-10,GOOGL_20220610_00167,ml/datasets/charts/processed/GOOGL/GOOGL_20220610_00167.png,-0.0361455743970752,-0.0429015863343974,0
MSFT,2022-06-10,MSFT_20220610_01427,ml/datasets/charts/processed/MSFT/MSFT_20220610_01427.png,-0.0211075536582473,-0.0424127435867031,0
NVDA,2022-06-10,NVDA_20220610_01427,ml/datasets/charts/processed/NVDA/NVDA_20220610_01427.png,-0.0642309958750735,-0.0777843252799056,0
AAPL,2022-06-13,AAPL_20220613_00168,ml/datasets/charts/processed/AAPL/AAPL_20220613_00168.png,0.0302546700414612,0.0066726100032095,1
AMZN,2022-06-13,AMZN_20220613_01428,ml/datasets/charts/processed/AMZN/AMZN_20220613_01428.png,0.0483264203723352,-0.0131185492427896,0
GOOGL,2022-06-13,GOOGL_20220613_00168,ml/datasets/charts/processed/GOOGL/GOOGL_20220613_00168.png,0.0484197118743479,0.0030358449343972,1
MSFT,2022-06-13,MSFT_20220613_01428,ml/datasets/charts/processed/MSFT/MSFT_20220613_01428.png,0.0473871047634772,0.0092049863782712,1
NVDA,2022-06-13,NVDA_20220613_01428,ml/datasets/charts/processed/NVDA/NVDA_20220613_01428.png,0.0587859424920127,0.0121405750798722,1
AAPL,2022-06-14,AAPL_20220614_00169,ml/datasets/charts/processed/AAPL/AAPL_20220614_00169.png,0.0195089409867883,0.0201114997788074,1
AMZN,2022-06-14,AMZN_20220614_01429,ml/datasets/charts/processed/AMZN/AMZN_20220614_01429.png,0.0649007917114652,0.0523897957188934,1
GOOGL,2022-06-14,GOOGL_20220614_00169,ml/datasets/charts/processed/GOOGL/GOOGL_20220614_00169.png,0.0447171670558872,0.0285713688092315,1
MSFT,2022-06-14,MSFT_20220614_01429,ml/datasets/charts/processed/MSFT/MSFT_20220614_01429.png,0.035338868665385,0.0297353674996931,1
NVDA,2022-06-14,NVDA_20220614_01429,ml/datasets/charts/processed/NVDA/NVDA_20220614_01429.png,0.0328282828282828,0.0435606060606061,1
AAPL,2022-06-15,AAPL_20220615_00170,ml/datasets/charts/processed/AAPL/AAPL_20220615_00170.png,0.0209702095157464,-0.0396512633751199,0
AMZN,2022-06-15,AMZN_20220615_01430,ml/datasets/charts/processed/AMZN/AMZN_20220615_01430.png,0.0443020339927555,-0.0372434289960064,0
GOOGL,2022-06-15,GOOGL_20220615_00170,ml/datasets/charts/processed/GOOGL/GOOGL_20220615_00170.png,0.0225710683581989,-0.0339909937877092,0
MSFT,2022-06-15,MSFT_20220615_01430,ml/datasets/charts/processed/MSFT/MSFT_20220615_01430.png,0.0282014617095647,-0.026970130282809,0
NVDA,2022-06-15,NVDA_20220615_01430,ml/datasets/charts/processed/NVDA/NVDA_20220615_01430.png,-0.0181488203266788,-0.0562613430127042,0
AAPL,2022-06-16,AAPL_20220616_00171,ml/datasets/charts/processed/AAPL/AAPL_20220616_00171.png,0.089189286469538,0.0115329058444173,1
AMZN,2022-06-16,AMZN_20220616_01431,ml/datasets/charts/processed/AMZN/AMZN_20220616_01431.png,0.1234806096855103,0.024696121937102,1
GOOGL,2022-06-16,GOOGL_20220616_00171,ml/datasets/charts/processed/GOOGL/GOOGL_20220616_00171.png,0.1126200459658841,0.0104685228931837,1
MSFT,2022-06-16,MSFT_20220616_01431,ml/datasets/charts/processed/MSFT/MSFT_20220616_01431.png,0.0927868718618605,0.0109401151161367,1
NVDA,2022-06-16,NVDA_20220616_01431,ml/datasets/charts/processed/NVDA/NVDA_20220616_01431.png,0.0980769230769229,0.0179487179487181,1
AAPL,2022-06-17,AAPL_20220617_00172,ml/datasets/charts/processed/AAPL/AAPL_20220617_00172.png,0.0767709880483757,0.0327607196765029,1
AMZN,2022-06-17,AMZN_20220617_01432,ml/datasets/charts/processed/AMZN/AMZN_20220617_01432.png,0.0659009602711353,0.0231594803238561,1
GOOGL,2022-06-17,GOOGL_20220617_00172,ml/datasets/charts/processed/GOOGL/GOOGL_20220617_00172.png,0.0811062032536877,0.0410709505877913,1
MSFT,2022-06-17,MSFT_20220617_01432,ml/datasets/charts/processed/MSFT/MSFT_20220617_01432.png,0.0696143751261861,0.0245911568746215,1
NVDA,2022-06-17,NVDA_20220617_01432,ml/datasets/charts/processed/NVDA/NVDA_20220617_01432.png,0.0623425692695214,0.0434508816120906,1
AAPL,2022-06-21,AAPL_20220621_00173,ml/datasets/charts/processed/AAPL/AAPL_20220621_00173.png,0.0115554167434872,-0.003827154208895,0
AMZN,2022-06-21,AMZN_20220621_01433,ml/datasets/charts/processed/AMZN/AMZN_20220621_01433.png,-0.0117776959882223,0.0024843577475155,1
GOOGL,2022-06-21,GOOGL_20220621_00173,ml/datasets/charts/processed/GOOGL/GOOGL_20220621_00173.png,0.0041553174269048,-0.0005064245673396,0
MSFT,2022-06-21,MSFT_20220621_01433,ml/datasets/charts/processed/MSFT/MSFT_20220621_01433.png,0.0107984551115314,-0.0024040356270198,0
NVDA,2022-06-21,NVDA_20220621_01433,ml/datasets/charts/processed/NVDA/NVDA_20220621_01433.png,-0.0356065178032588,-0.0126735063367532,0
AAPL,2022-06-22,AAPL_20220622_00174,ml/datasets/charts/processed/AAPL/AAPL_20220622_00174.png,0.0286665488830022,0.0215736319590436,1
AMZN,2022-06-22,AMZN_20220622_01434,ml/datasets/charts/processed/AMZN/AMZN_20220622_01434.png,-0.0002753556677375,0.0320330426801285,1
GOOGL,2022-06-22,GOOGL_20220622_00174,ml/datasets/charts/processed/GOOGL/GOOGL_20220622_00174.png,0.0019194372117856,0.0067675315893853,1
MSFT,2022-06-22,MSFT_20220622_01434,ml/datasets/charts/processed/MSFT/MSFT_20220622_01434.png,0.0281673448425709,0.0226365898945206,1
NVDA,2022-06-22,NVDA_20220622_01434,ml/datasets/charts/processed/NVDA/NVDA_20220622_01434.png,-0.050122249388753,-0.0079462102689485,0
AAPL,2022-06-23,AAPL_20220623_00175,ml/datasets/charts/processed/AAPL/AAPL_20220623_00175.png,-0.011209730136794,0.0245172145644694,1
AMZN,2022-06-23,AMZN_20220623_01435,ml/datasets/charts/processed/AMZN/AMZN_20220623_01435.png,-0.0554073283528994,0.0357524012806829,1
GOOGL,2022-06-23,GOOGL_20220623_00175,ml/datasets/charts/processed/GOOGL/GOOGL_20220623_00175.png,-0.029213827718444,0.0510770528849759,1
MSFT,2022-06-23,MSFT_20220623_01435,ml/datasets/charts/processed/MSFT/MSFT_20220623_01435.png,-0.0078420767982694,0.0341497334466505,1
NVDA,2022-06-23,NVDA_20220623_01435,ml/datasets/charts/processed/NVDA/NVDA_20220623_01435.png,-0.0659272951324707,0.0554528650646948,1
AAPL,2022-06-24,AAPL_20220624_00176,ml/datasets/charts/processed/AAPL/AAPL_20220624_00176.png,-0.019271684865619,0.0,0
AMZN,2022-06-24,AMZN_20220624_01436,ml/datasets/charts/processed/AMZN/AMZN_20220624_01436.png,-0.0592478104070066,-0.0278207109737248,0
GOOGL,2022-06-24,GOOGL_20220624_00176,ml/datasets/charts/processed/GOOGL/GOOGL_20220624_00176.png,-0.0783003773395822,-0.0181519807653109,0
MSFT,2022-06-24,MSFT_20220624_01436,ml/datasets/charts/processed/MSFT/MSFT_20220624_01436.png,-0.0303324617108704,-0.0104968248038849,0
NVDA,2022-06-24,NVDA_20220624_01436,ml/datasets/charts/processed/NVDA/NVDA_20220624_01436.png,-0.1523642732049036,-0.0151780502043198,0
AAPL,2022-06-27,AAPL_20220627_00177,ml/datasets/charts/processed/AAPL/AAPL_20220627_00177.png,-0.0007057952298668,-0.0297893314509194,0
AMZN,2022-06-27,AMZN_20220627_01437,ml/datasets/charts/processed/AMZN/AMZN_20220627_01437.png,0.0024730612965906,-0.0514043455219924,0
GOOGL,2022-06-27,GOOGL_20220627_00177,ml/datasets/charts/processed/GOOGL/GOOGL_20220627_00177.png,-0.0221913794504611,-0.0330303094134548,0
MSFT,2022-06-27,MSFT_20220627_01437,ml/datasets/charts/processed/MSFT/MSFT_20220627_01437.png,-0.0077013099777264,-0.0317490278983727,0
NVDA,2022-06-27,NVDA_20220627_01437,ml/datasets/charts/processed/NVDA/NVDA_20220627_01437.png,-0.1132187314759929,-0.0527563722584469,0
AAPL,2022-06-28,AAPL_20220628_00178,ml/datasets/charts/processed/AAPL/AAPL_20220628_00178.png,0.0398716631268158,0.0130237715199232,1
AMZN,2022-06-28,AMZN_20220628_01438,ml/datasets/charts/processed/AMZN/AMZN_20220628_01438.png,0.0645251396648043,0.0141527001862196,1
GOOGL,2022-06-28,GOOGL_20220628_00178,ml/datasets/charts/processed/GOOGL/GOOGL_20220628_00178.png,0.0228958045729898,-0.0027319248178138,0
MSFT,2022-06-28,MSFT_20220628_01438,ml/datasets/charts/processed/MSFT/MSFT_20220628_01438.png,0.0379366812227073,0.0147379912663754,1
NVDA,2022-06-28,NVDA_20220628_01438,ml/datasets/charts/processed/NVDA/NVDA_20220628_01438.png,-0.0531914893617021,-0.0275344180225282,0
AAPL,2022-06-29,AAPL_20220629_00179,ml/datasets/charts/processed/AAPL/AAPL_20220629_00179.png,0.0511381112901234,-0.0180276899965504,0
AMZN,2022-06-29,AMZN_20220629_01439,ml/datasets/charts/processed/AMZN/AMZN_20220629_01439.png,0.0680315828130737,-0.024880646345942,0
GOOGL,2022-06-29,GOOGL_20220629_00179,ml/datasets/charts/processed/GOOGL/GOOGL_20220629_00179.png,0.0633965525415207,-0.0245163811884244,0
MSFT,2022-06-29,MSFT_20220629_01439,ml/datasets/charts/processed/MSFT/MSFT_20220629_01439.png,0.0312764158918004,-0.0131791285637439,0
NVDA,2022-06-29,NVDA_20220629_01439,ml/datasets/charts/processed/NVDA/NVDA_20220629_01439.png,0.0205920205920207,-0.0244530244530244,0
AAPL,2022-06-30,AAPL_20220630_00180,ml/datasets/charts/processed/AAPL/AAPL_20220630_00180.png,0.0754824304128398,0.0161639654939023,1
AMZN,2022-06-30,AMZN_20220630_01440,ml/datasets/charts/processed/AMZN/AMZN_20220630_01440.png,0.0878448357028529,0.0315412861312494,1
GOOGL,2022-06-30,GOOGL_20220630_00180,ml/datasets/charts/processed/GOOGL/GOOGL_20220630_00180.png,0.0953582489643602,-0.0020693014670042,0
MSFT,2022-06-30,MSFT_20220630_01440,ml/datasets/charts/processed/MSFT/MSFT_20220630_01440.png,0.0421679710314217,0.0107074718685511,1
NVDA,2022-06-30,NVDA_20220630_01440,ml/datasets/charts/processed/NVDA/NVDA_20220630_01440.png,0.0448548812664908,-0.0422163588390501,0
AAPL,2022-07-01,AAPL_20220701_00181,ml/datasets/charts/processed/AAPL/AAPL_20220701_00181.png,0.0427556664318617,0.0189307164372105,1
AMZN,2022-07-01,AMZN_20220701_01441,ml/datasets/charts/processed/AMZN/AMZN_20220701_01441.png,0.0199890470974808,0.0359620299379335,1
GOOGL,2022-07-01,GOOGL_20220701_00181,ml/datasets/charts/processed/GOOGL/GOOGL_20220701_00181.png,0.0638141782638197,0.0416185855713249,1
MSFT,2022-07-01,MSFT_20220701_01441,ml/datasets/charts/processed/MSFT/MSFT_20220701_01441.png,0.0189922181986286,0.0125972725171432,1
NVDA,2022-07-01,NVDA_20220701_01441,ml/datasets/charts/processed/NVDA/NVDA_20220701_01441.png,0.0433884297520661,0.0303030303030304,1
AAPL,2022-07-05,AAPL_20220705_00182,ml/datasets/charts/processed/AAPL/AAPL_20220705_00182.png,0.030375582530004,0.009607157403247,1
AMZN,2022-07-05,AMZN_20220705_01442,ml/datasets/charts/processed/AMZN/AMZN_20220705_01442.png,-0.0377092511013216,0.0073127753303965,1
GOOGL,2022-07-05,GOOGL_20220705_00182,ml/datasets/charts/processed/GOOGL/GOOGL_20220705_00182.png,0.0066879477153001,0.0115570867991829,1
MSFT,2022-07-05,MSFT_20220705_01442,ml/datasets/charts/processed/MSFT/MSFT_20220705_01442.png,-0.0349248620886438,0.0127829560585883,1
NVDA,2022-07-05,NVDA_20220705_01442,ml/datasets/charts/processed/NVDA/NVDA_20220705_01442.png,0.0080213903743315,0.0113636363636364,1
AAPL,2022-07-06,AAPL_20220706_00183,ml/datasets/charts/processed/AAPL/AAPL_20220706_00183.png,0.0179821171833527,0.0239993372697475,1
AMZN,2022-07-06,AMZN_20220706_01443,ml/datasets/charts/processed/AMZN/AMZN_20220706_01443.png,-0.0343741800052479,0.0174932213767164,1
GOOGL,2022-07-06,GOOGL_20220706_00183,ml/datasets/charts/processed/GOOGL/GOOGL_20220706_00183.png,-0.0280916113202712,0.0367541135347204,1
MSFT,2022-07-06,MSFT_20220706_01443,ml/datasets/charts/processed/MSFT/MSFT_20220706_01443.png,-0.050674279703993,0.0082265880320047,1
NVDA,2022-07-06,NVDA_20220706_01443,ml/datasets/charts/processed/NVDA/NVDA_20220706_01443.png,0.0019828155981493,0.0482485128883012,1
AAPL,2022-07-07,AAPL_20220707_00184,ml/datasets/charts/processed/AAPL/AAPL_20220707_00184.png,0.0144857373755953,0.0047147517697883,1
AMZN,2022-07-07,AMZN_20220707_01444,ml/datasets/charts/processed/AMZN/AMZN_20220707_01444.png,-0.0489985386400756,-0.0067910255308174,0
GOOGL,2022-07-07,GOOGL_20220707_00184,ml/datasets/charts/processed/GOOGL/GOOGL_20220707_00184.png,-0.0708476509924034,0.0048029834600622,1
MSFT,2022-07-07,MSFT_20220707_01444,ml/datasets/charts/processed/MSFT/MSFT_20220707_01444.png,-0.0533532041728761,-0.002757078986587,0
NVDA,2022-07-07,NVDA_20220707_01444,ml/datasets/charts/processed/NVDA/NVDA_20220707_01444.png,-0.0308953341740226,-0.0012610340479192,0
AAPL,2022-07-08,AAPL_20220708_00185,ml/datasets/charts/processed/AAPL/AAPL_20220708_00185.png,0.0212868681449311,-0.0147577467761231,0
AMZN,2022-07-08,AMZN_20220708_01445,ml/datasets/charts/processed/AMZN/AMZN_20220708_01445.png,-0.0172234723905141,-0.0328024926432405,0
GOOGL,2022-07-08,GOOGL_20220708_00185,ml/datasets/charts/processed/GOOGL/GOOGL_20220708_00185.png,-0.0634753873302925,-0.0308076585648097,0
MSFT,2022-07-08,MSFT_20220708_01445,ml/datasets/charts/processed/MSFT/MSFT_20220708_01445.png,-0.0408727490099379,-0.0117686617350371,0
NVDA,2022-07-08,NVDA_20220708_01445,ml/datasets/charts/processed/NVDA/NVDA_20220708_01445.png,-0.005050505050505,-0.043560606060606,0
AAPL,2022-07-11,AAPL_20220711_00186,ml/datasets/charts/processed/AAPL/AAPL_20220711_00186.png,0.0151862341242816,0.006833493505939,1
AMZN,2022-07-11,AMZN_20220711_01446,ml/datasets/charts/processed/AMZN/AMZN_20220711_01446.png,0.0179865771812079,-0.0226398210290827,0
GOOGL,2022-07-11,GOOGL_20220711_00186,ml/datasets/charts/processed/GOOGL/GOOGL_20220711_00186.png,-0.0574577102139589,-0.0143157539766611,0
MSFT,2022-07-11,MSFT_20220711_01446,ml/datasets/charts/processed/MSFT/MSFT_20220711_01446.png,-0.038788703640694,-0.0409814373747684,0
NVDA,2022-07-11,NVDA_20220711_01446,ml/datasets/charts/processed/NVDA/NVDA_20220711_01446.png,0.0627062706270626,-0.0046204620462045,0
AAPL,2022-07-12,AAPL_20220712_00187,ml/datasets/charts/processed/AAPL/AAPL_20220712_00187.png,0.0352394399592432,-0.0025365031523386,0
AMZN,2022-07-12,AMZN_20220712_01447,ml/datasets/charts/processed/AMZN/AMZN_20220712_01447.png,0.0823109320637245,0.0108038820728804,1
GOOGL,2022-07-12,GOOGL_20220712_00187,ml/datasets/charts/processed/GOOGL/GOOGL_20220712_00187.png,-0.001846418759701,-0.0233906936903202,0
MSFT,2022-07-12,MSFT_20220712_01447,ml/datasets/charts/processed/MSFT/MSFT_20220712_01447.png,0.023100879094887,-0.0037450230614577,0
NVDA,2022-07-12,NVDA_20220712_01447,ml/datasets/charts/processed/NVDA/NVDA_20220712_01447.png,0.1266578249336869,0.0053050397877985,1
AAPL,2022-07-13,AAPL_20220713_00188,ml/datasets/charts/processed/AAPL/AAPL_20220713_00188.png,0.0518935306791064,0.0204822906089543,1
AMZN,2022-07-13,AMZN_20220713_01448,ml/datasets/charts/processed/AMZN/AMZN_20220713_01448.png,0.1120471014492752,0.0020833333333332,1
GOOGL,2022-07-13,GOOGL_20220713_00188,ml/datasets/charts/processed/GOOGL/GOOGL_20220713_00188.png,0.022868807597296,-0.0088546089794997,0
MSFT,2022-07-13,MSFT_20220713_01448,ml/datasets/charts/processed/MSFT/MSFT_20220713_01448.png,0.0377888572333016,0.0053814498258943,1
NVDA,2022-07-13,NVDA_20220713_01448,ml/datasets/charts/processed/NVDA/NVDA_20220713_01448.png,0.1748021108179418,0.0138522427440632,1
AAPL,2022-07-14,AAPL_20220714_00189,ml/datasets/charts/processed/AAPL/AAPL_20220714_00189.png,0.0463396817015981,0.0114503776745389,1
AMZN,2022-07-14,AMZN_20220714_01449,ml/datasets/charts/processed/AMZN/AMZN_20220714_01449.png,0.1265479526349091,0.0263942872638525,1
GOOGL,2022-07-14,GOOGL_20220714_00189,ml/datasets/charts/processed/GOOGL/GOOGL_20220714_00189.png,0.0359933808226575,0.0127754892934222,1
MSFT,2022-07-14,MSFT_20220714_01449,ml/datasets/charts/processed/MSFT/MSFT_20220714_01449.png,0.0423488664987403,0.0103904282115869,1
NVDA,2022-07-14,NVDA_20220714_01449,ml/datasets/charts/processed/NVDA/NVDA_20220714_01449.png,0.1743656473649968,0.0253741054001301,1
AAPL,2022-07-15,AAPL_20220715_00190,ml/datasets/charts/processed/AAPL/AAPL_20220715_00190.png,0.026103902099215,-0.0206430691043311,0
AMZN,2022-07-15,AMZN_20220715_01450,ml/datasets/charts/processed/AMZN/AMZN_20220715_01450.png,0.0781153676794363,0.0018494055482167,1
GOOGL,2022-07-15,GOOGL_20220715_00190,ml/datasets/charts/processed/GOOGL/GOOGL_20220715_00190.png,-0.0346894040123181,-0.0245800736241913,0
MSFT,2022-07-15,MSFT_20220715_01450,ml/datasets/charts/processed/MSFT/MSFT_20220715_01450.png,0.0141788719227173,-0.0096213773761297,0
NVDA,2022-07-15,NVDA_20220715_01450,ml/datasets/charts/processed/NVDA/NVDA_20220715_01450.png,0.098984771573604,0.0215736040609137,1
AAPL,2022-07-18,AAPL_20220718_00191,ml/datasets/charts/processed/AAPL/AAPL_20220718_00191.png,0.0399805520114526,0.0267217057453659,1
AMZN,2022-07-18,AMZN_20220718_01451,ml/datasets/charts/processed/AMZN/AMZN_20220718_01451.png,0.0648734177215188,0.0391174402250351,1
GOOGL,2022-07-18,GOOGL_20220718_00191,ml/datasets/charts/processed/GOOGL/GOOGL_20220718_00191.png,-0.0139410218328412,0.0438409722323214,1
MSFT,2022-07-18,MSFT_20220718_01451,ml/datasets/charts/processed/MSFT/MSFT_20220718_01451.png,0.0180137659783676,0.0207669616519172,1
NVDA,2022-07-18,NVDA_20220718_01451,ml/datasets/charts/processed/NVDA/NVDA_20220718_01451.png,0.0571428571428569,0.0552795031055899,1
AAPL,2022-07-19,AAPL_20220719_00192,ml/datasets/charts/processed/AAPL/AAPL_20220719_00192.png,0.0039734513119127,0.013509878897119,1
AMZN,2022-07-19,AMZN_20220719_01452,ml/datasets/charts/processed/AMZN/AMZN_20220719_01452.png,-0.0287623720497419,0.0385754166314187,1
GOOGL,2022-07-19,GOOGL_20220719_00192,ml/datasets/charts/processed/GOOGL/GOOGL_20220719_00192.png,-0.077233829487774,0.0007910760507661,1
MSFT,2022-07-19,MSFT_20220719_01452,ml/datasets/charts/processed/MSFT/MSFT_20220719_01452.png,-0.0293992987323237,0.0105575463337572,1
NVDA,2022-07-19,NVDA_20220719_01452,ml/datasets/charts/processed/NVDA/NVDA_20220719_01452.png,-0.0270747498528545,0.0482636845203061,1
AAPL,2022-07-20,AAPL_20220720_00193,ml/datasets/charts/processed/AAPL/AAPL_20220720_00193.png,0.0245034957005356,0.0150942885336828,1
AMZN,2022-07-20,AMZN_20220720_01453,ml/datasets/charts/processed/AMZN/AMZN_20220720_01453.png,-0.014661562270913,0.0151502810132768,1
GOOGL,2022-07-20,GOOGL_20220720_00193,ml/datasets/charts/processed/GOOGL/GOOGL_20220720_00193.png,-0.0073750399212428,0.0038629166355248,1
MSFT,2022-07-20,MSFT_20220720_01453,ml/datasets/charts/processed/MSFT/MSFT_20220720_01453.png,0.024669233995501,0.009799062035307,1
NVDA,2022-07-20,NVDA_20220720_01453,ml/datasets/charts/processed/NVDA/NVDA_20220720_01453.png,-0.0011229646266142,0.0134755755193711,1
AAPL,2022-07-21,AAPL_20220721_00194,ml/datasets/charts/processed/AAPL/AAPL_20220721_00194.png,0.0128741639770699,-0.0081106571206666,0
AMZN,2022-07-21,AMZN_20220721_01454,ml/datasets/charts/processed/AMZN/AMZN_20220721_01454.png,-0.0188558132070929,-0.0177324881649683,0
GOOGL,2022-07-21,GOOGL_20220721_00194,ml/datasets/charts/processed/GOOGL/GOOGL_20220721_00194.png,-0.00104947482839,-0.0563232070119728,0
MSFT,2022-07-21,MSFT_20220721_01454,ml/datasets/charts/processed/MSFT/MSFT_20220721_01454.png,0.0436867542667271,-0.0169158737350851,0
NVDA,2022-07-21,NVDA_20220721_01454,ml/datasets/charts/processed/NVDA/NVDA_20220721_01454.png,-0.0038781163434903,-0.0404432132963988,0
AAPL,2022-07-22,AAPL_20220722_00195,ml/datasets/charts/processed/AAPL/AAPL_20220722_00195.png,0.0546430988804678,-0.0073986079524344,0
AMZN,2022-07-22,AMZN_20220722_01455,ml/datasets/charts/processed/AMZN/AMZN_20220722_01455.png,0.1023525567717691,-0.0104558078745302,0
GOOGL,2022-07-22,GOOGL_20220722_00195,ml/datasets/charts/processed/GOOGL/GOOGL_20220722_00195.png,0.0780352059601814,-0.003614401536841,0
MSFT,2022-07-22,MSFT_20220722_01455,ml/datasets/charts/processed/MSFT/MSFT_20220722_01455.png,0.0782762329082809,-0.0058764787217699,0
NVDA,2022-07-22,NVDA_20220722_01455,ml/datasets/charts/processed/NVDA/NVDA_20220722_01455.png,0.048498845265589,-0.0173210161662817,0
AAPL,2022-07-25,AAPL_20220725_00196,ml/datasets/charts/processed/AAPL/AAPL_20220725_00196.png,0.055965958050129,-0.0088263357806739,0
AMZN,2022-07-25,AMZN_20220725_01456,ml/datasets/charts/processed/AMZN/AMZN_20220725_01456.png,0.1176324913323425,-0.0522535908865775,0
GOOGL,2022-07-25,GOOGL_20220725_00196,ml/datasets/charts/processed/GOOGL/GOOGL_20220725_00196.png,0.0683656010006514,-0.0231607257803488,0
MSFT,2022-07-25,MSFT_20220725_01456,ml/datasets/charts/processed/MSFT/MSFT_20220725_01456.png,0.0741026928872232,-0.0267743306417338,0
NVDA,2022-07-25,NVDA_20220725_01456,ml/datasets/charts/processed/NVDA/NVDA_20220725_01456.png,0.083431257344301,-0.0287896592244417,0
AAPL,2022-07-26,AAPL_20220726_00197,ml/datasets/charts/processed/AAPL/AAPL_20220726_00197.png,0.0554749512066521,0.0342349317108925,1
AMZN,2022-07-26,AMZN_20220726_01457,ml/datasets/charts/processed/AMZN/AMZN_20220726_01457.png,0.1685393258426966,0.0536538629039282,1
GOOGL,2022-07-26,GOOGL_20220726_00197,ml/datasets/charts/processed/GOOGL/GOOGL_20220726_00197.png,0.0962673136817526,0.0765568067592112,1
MSFT,2022-07-26,MSFT_20220726_01457,ml/datasets/charts/processed/MSFT/MSFT_20220726_01457.png,0.0909884874950377,0.0668519253672093,1
NVDA,2022-07-26,NVDA_20220726_01457,ml/datasets/charts/processed/NVDA/NVDA_20220726_01457.png,0.1209921355111918,0.0762250453720507,1
AAPL,2022-07-27,AAPL_20220727_00198,ml/datasets/charts/processed/AAPL/AAPL_20220727_00198.png,0.059570178306938,0.0035717624891213,1
AMZN,2022-07-27,AMZN_20220727_01458,ml/datasets/charts/processed/AMZN/AMZN_20220727_01458.png,0.1533438042489874,0.0108291311895512,1
GOOGL,2022-07-27,GOOGL_20220727_00198,ml/datasets/charts/processed/GOOGL/GOOGL_20220727_00198.png,0.0444011883651647,0.01026009631452,1
MSFT,2022-07-27,MSFT_20220727_01458,ml/datasets/charts/processed/MSFT/MSFT_20220727_01458.png,0.0510902731264419,0.0285405968594181,1
NVDA,2022-07-27,NVDA_20220727_01458,ml/datasets/charts/processed/NVDA/NVDA_20220727_01458.png,0.0618324901630129,0.0106801573917931,1
AAPL,2022-07-28,AAPL_20220728_00199,ml/datasets/charts/processed/AAPL/AAPL_20220728_00199.png,0.0537652442510712,0.0327929051060809,1
AMZN,2022-07-28,AMZN_20220728_01459,ml/datasets/charts/processed/AMZN/AMZN_20220728_01459.png,0.1659306509649982,0.1036146548904153,1
GOOGL,2022-07-28,GOOGL_20220728_00199,ml/datasets/charts/processed/GOOGL/GOOGL_20220728_00199.png,0.0347575339505301,0.018385575916211,1
MSFT,2022-07-28,MSFT_20220728_01459,ml/datasets/charts/processed/MSFT/MSFT_20220728_01459.png,0.0261929742049851,0.0156651351253571,1
NVDA,2022-07-28,NVDA_20220728_01459,ml/datasets/charts/processed/NVDA/NVDA_20220728_01459.png,0.0684093437152391,0.0100111234705226,1
AAPL,2022-07-29,AAPL_20220729_00200,ml/datasets/charts/processed/AAPL/AAPL_20220729_00200.png,0.0188891136318538,-0.0061535688916539,0
AMZN,2022-07-29,AMZN_20220729_01460,ml/datasets/charts/processed/AMZN/AMZN_20220729_01460.png,0.0433493886624678,0.0032604668395701,1
GOOGL,2022-07-29,GOOGL_20220729_00200,ml/datasets/charts/processed/GOOGL/GOOGL_20220729_00200.png,0.0098866545118805,-0.0125516376041198,0
MSFT,2022-07-29,MSFT_20220729_01460,ml/datasets/charts/processed/MSFT/MSFT_20220729_01460.png,0.0077295718458361,-0.0097243000641162,0
NVDA,2022-07-29,NVDA_20220729_01460,ml/datasets/charts/processed/NVDA/NVDA_20220729_01460.png,0.0457048458149778,0.0154185022026431,1
AAPL,2022-08-01,AAPL_20220801_00201,ml/datasets/charts/processed/AAPL/AAPL_20220801_00201.png,0.0222217978181387,-0.0092872152706762,0
AMZN,2022-08-01,AMZN_20220801_01461,ml/datasets/charts/processed/AMZN/AMZN_20220801_01461.png,0.0296920008863283,-0.0090848659428317,0
GOOGL,2022-08-01,GOOGL_20220801_00201,ml/datasets/charts/processed/GOOGL/GOOGL_20220801_00201.png,0.0212433390492694,0.0023506616504744,1
MSFT,2022-08-01,MSFT_20220801_01461,ml/datasets/charts/processed/MSFT/MSFT_20220801_01461.png,0.0083090536311642,-0.0114744073954173,0
NVDA,2022-08-01,NVDA_20220801_01461,ml/datasets/charts/processed/NVDA/NVDA_20220801_01461.png,-0.0352494577006509,0.0048806941431669,1
AAPL,2022-08-02,AAPL_20220802_00202,ml/datasets/charts/processed/AAPL/AAPL_20220802_00202.png,0.032117495990972,0.0382477478516858,1
AMZN,2022-08-02,AMZN_20220802_01462,ml/datasets/charts/processed/AMZN/AMZN_20220802_01462.png,0.0273553965414432,0.0399522957662492,1
GOOGL,2022-08-02,GOOGL_20220802_00202,ml/datasets/charts/processed/GOOGL/GOOGL_20220802_00202.png,0.0130287541153595,0.0256232164268734,1
MSFT,2022-08-02,MSFT_20220802_01462,ml/datasets/charts/processed/MSFT/MSFT_20220802_01462.png,0.0272178152972855,0.0278364020085875,1
NVDA,2022-08-02,NVDA_20220802_01462,ml/datasets/charts/processed/NVDA/NVDA_20220802_01462.png,-0.0777118186724231,0.0194279546681057,1
AAPL,2022-08-03,AAPL_20220803_00203,ml/datasets/charts/processed/AAPL/AAPL_20220803_00203.png,0.0201355152075062,-0.0019263800793001,0
AMZN,2022-08-03,AMZN_20220803_01463,ml/datasets/charts/processed/AMZN/AMZN_20220803_01463.png,0.0227207568807339,0.0218606651376145,1
GOOGL,2022-08-03,GOOGL_20220803_00203,ml/datasets/charts/processed/GOOGL/GOOGL_20220803_00203.png,0.0137195554199418,0.000931689428079,1
MSFT,2022-08-03,MSFT_20220803_01463,ml/datasets/charts/processed/MSFT/MSFT_20220803_01463.png,0.0236839310369243,0.0041774347718339,1
NVDA,2022-08-03,NVDA_20220803_01463,ml/datasets/charts/processed/NVDA/NVDA_20220803_01463.png,-0.0418210693488617,0.0169401799894124,1
AAPL,2022-08-04,AAPL_20220804_00204,ml/datasets/charts/processed/AAPL/AAPL_20220804_00204.png,0.0175747639404331,-0.0013891107248555,0
AMZN,2022-08-04,AMZN_20220804_01464,ml/datasets/charts/processed/AMZN/AMZN_20220804_01464.png,-0.0135372097916813,-0.0124149540576558,0
GOOGL,2022-08-04,GOOGL_20220804_00204,ml/datasets/charts/processed/GOOGL/GOOGL_20220804_00204.png,0.0054994248869537,-0.0060917958831259,0
MSFT,2022-08-04,MSFT_20220804_01464,ml/datasets/charts/processed/MSFT/MSFT_20220804_01464.png,0.0118808390622244,-0.0026088489335447,0
NVDA,2022-08-04,NVDA_20220804_01464,ml/datasets/charts/processed/NVDA/NVDA_20220804_01464.png,-0.0661114003123373,-0.0114523685580427,0
AAPL,2022-08-05,AAPL_20220805_00205,ml/datasets/charts/processed/AAPL/AAPL_20220805_00205.png,0.0408226206084179,-0.0029027968103387,0
AMZN,2022-08-05,AMZN_20220805_01465,ml/datasets/charts/processed/AMZN/AMZN_20220805_01465.png,0.01953125,-0.0098721590909092,0
GOOGL,2022-08-05,GOOGL_20220805_00205,ml/datasets/charts/processed/GOOGL/GOOGL_20220805_00205.png,0.0358388622605041,-0.0014472829732413,0
MSFT,2022-08-05,MSFT_20220805_01465,ml/datasets/charts/processed/MSFT/MSFT_20220805_01465.png,0.0318122371072071,-0.0091548549008519,0
NVDA,2022-08-05,NVDA_20220805_01465,ml/datasets/charts/processed/NVDA/NVDA_20220805_01465.png,-0.0147446024223274,-0.0631911532385465,0
AAPL,2022-08-08,AAPL_20220808_00206,ml/datasets/charts/processed/AAPL/AAPL_20220808_00206.png,0.0504640464274774,0.0003034574332068,1
AMZN,2022-08-08,AMZN_20220808_01466,ml/datasets/charts/processed/AMZN/AMZN_20220808_01466.png,0.0270425364034143,-0.0113334767950648,0
GOOGL,2022-08-08,GOOGL_20220808_00206,ml/datasets/charts/processed/GOOGL/GOOGL_20220808_00206.png,0.0407501817795503,-0.0057119560713254,0
MSFT,2022-08-08,MSFT_20220808_01466,ml/datasets/charts/processed/MSFT/MSFT_20220808_01466.png,0.0469106735159818,0.0070633561643835,1
NVDA,2022-08-08,NVDA_20220808_01466,ml/datasets/charts/processed/NVDA/NVDA_20220808_01466.png,0.0697020798201237,-0.0393479482855536,0
AAPL,2022-08-09,AAPL_20220809_00207,ml/datasets/charts/processed/AAPL/AAPL_20220809_00207.png,0.0491753763155029,0.0261946002095259,1
AMZN,2022-08-09,AMZN_20220809_01467,ml/datasets/charts/processed/AMZN/AMZN_20220809_01467.png,0.0504244358992962,0.0352608285569178,1
GOOGL,2022-08-09,GOOGL_20220809_00207,ml/datasets/charts/processed/GOOGL/GOOGL_20220809_00207.png,0.0434709238996831,0.0263226061066228,1
MSFT,2022-08-09,MSFT_20220809_01467,ml/datasets/charts/processed/MSFT/MSFT_20220809_01467.png,0.0368756641870349,0.024300389656394,1
NVDA,2022-08-09,NVDA_20220809_01467,ml/datasets/charts/processed/NVDA/NVDA_20220809_01467.png,0.1047396138092451,0.0590988882387362,1
AAPL,2022-08-10,AAPL_20220810_00208,ml/datasets/charts/processed/AAPL/AAPL_20220810_00208.png,0.0313755168438634,-0.0044317514233457,0
AMZN,2022-08-10,AMZN_20220810_01468,ml/datasets/charts/processed/AMZN/AMZN_20220810_01468.png,-0.0041348377601794,-0.0143668091667251,0
GOOGL,2022-08-10,GOOGL_20220810_00208,ml/datasets/charts/processed/GOOGL/GOOGL_20220810_00208.png,-0.0012530688515903,-0.0071847458302842,0
MSFT,2022-08-10,MSFT_20220810_01468,ml/datasets/charts/processed/MSFT/MSFT_20220810_01468.png,0.0074699128510167,-0.0074007469912852,0
NVDA,2022-08-10,NVDA_20220810_01468,ml/datasets/charts/processed/NVDA/NVDA_20220810_01468.png,0.0132596685082873,-0.0088397790055249,0
AAPL,2022-08-11,AAPL_20220811_00209,ml/datasets/charts/processed/AAPL/AAPL_20220811_00209.png,0.0335925474562388,0.0214254908588726,1
AMZN,2022-08-11,AMZN_20220811_01469,ml/datasets/charts/processed/AMZN/AMZN_20220811_01469.png,0.0118031854379978,0.0206911262798636,1
GOOGL,2022-08-11,GOOGL_20220811_00209,ml/datasets/charts/processed/GOOGL/GOOGL_20220811_00209.png,0.0111916128869711,0.0238978937850229,1
MSFT,2022-08-11,MSFT_20220811_01469,ml/datasets/charts/processed/MSFT/MSFT_20220811_01469.png,0.0109748449585396,0.0170371402689708,1
NVDA,2022-08-11,NVDA_20220811_01469,ml/datasets/charts/processed/NVDA/NVDA_20220811_01469.png,0.0462653288740244,0.0429208472686732,1
AAPL,2022-08-12,AAPL_20220812_00210,ml/datasets/charts/processed/AAPL/AAPL_20220812_00210.png,-0.003370182091798,0.0063335884570427,1
AMZN,2022-08-12,AMZN_20220812_01470,ml/datasets/charts/processed/AMZN/AMZN_20220812_01470.png,-0.037060257749913,-0.0025774991292233,0
GOOGL,2022-08-12,GOOGL_20220812_00210,ml/datasets/charts/processed/GOOGL/GOOGL_20220812_00210.png,-0.0367358074493714,0.0032872482638157,1
MSFT,2022-08-12,MSFT_20220812_01470,ml/datasets/charts/processed/MSFT/MSFT_20220812_01470.png,-0.0197321092117435,0.0053441129115139,1
NVDA,2022-08-12,NVDA_20220812_01470,ml/datasets/charts/processed/NVDA/NVDA_20220812_01470.png,-0.045964724746125,0.017103153393907,1
AAPL,2022-08-15,AAPL_20220815_00211,ml/datasets/charts/processed/AAPL/AAPL_20220815_00211.png,-0.0324497988937607,-0.0009236775390779,0
AMZN,2022-08-15,AMZN_20220815_01471,ml/datasets/charts/processed/AMZN/AMZN_20220815_01471.png,-0.0695627880988966,0.0111747450761279,1
GOOGL,2022-08-15,GOOGL_20220815_00211,ml/datasets/charts/processed/GOOGL/GOOGL_20220815_00211.png,-0.0642201476233917,-0.003112675852094,0
MSFT,2022-08-15,MSFT_20220815_01471,ml/datasets/charts/processed/MSFT/MSFT_20220815_01471.png,-0.0535659522268034,-0.0025897025249601,0
NVDA,2022-08-15,NVDA_20220815_01471,ml/datasets/charts/processed/NVDA/NVDA_20220815_01471.png,-0.1050972149238045,-0.0078822911192854,0
AAPL,2022-08-16,AAPL_20220816_00212,ml/datasets/charts/processed/AAPL/AAPL_20220816_00212.png,-0.0335204933472033,0.0087846227294672,1
AMZN,2022-08-16,AMZN_20220816_01472,ml/datasets/charts/processed/AMZN/AMZN_20220816_01472.png,-0.0770824699544135,-0.0185108440392319,0
GOOGL,2022-08-16,GOOGL_20220816_00212,ml/datasets/charts/processed/GOOGL/GOOGL_20220816_00212.png,-0.0644207315279913,-0.0176663961210936,0
MSFT,2022-08-16,MSFT_20220816_01472,ml/datasets/charts/processed/MSFT/MSFT_20220816_01472.png,-0.0555840251443408,-0.0047487274093812,0
NVDA,2022-08-16,NVDA_20220816_01472,ml/datasets/charts/processed/NVDA/NVDA_20220816_01472.png,-0.0900423728813558,-0.0286016949152542,0
AAPL,2022-08-17,AAPL_20220817_00213,ml/datasets/charts/processed/AAPL/AAPL_20220817_00213.png,-0.0402180159599347,-0.0022916916218899,0
AMZN,2022-08-17,AMZN_20220817_01473,ml/datasets/charts/processed/AMZN/AMZN_20220817_01473.png,-0.0584095707248415,0.0014074595355384,1
GOOGL,2022-08-17,GOOGL_20220817_00213,ml/datasets/charts/processed/GOOGL/GOOGL_20220817_00213.png,-0.0490171442279591,0.0051860254612223,1
MSFT,2022-08-17,MSFT_20220817_01473,ml/datasets/charts/processed/MSFT/MSFT_20220817_01473.png,-0.0533090759302484,-0.0039475490869146,0
NVDA,2022-08-17,NVDA_20220817_01473,ml/datasets/charts/processed/NVDA/NVDA_20220817_01473.png,-0.0610687022900764,0.0234460196292256,1
AAPL,2022-08-18,AAPL_20220818_00214,ml/datasets/charts/processed/AAPL/AAPL_20220818_00214.png,-0.023657936306092,-0.0151021275580798,0
AMZN,2022-08-18,AMZN_20220818_01474,ml/datasets/charts/processed/AMZN/AMZN_20220818_01474.png,-0.0352775825720309,-0.0286015460295152,0
GOOGL,2022-08-18,GOOGL_20220818_00214,ml/datasets/charts/processed/GOOGL/GOOGL_20220818_00214.png,-0.0292917551482204,-0.024631765788425,0
MSFT,2022-08-18,MSFT_20220818_01474,ml/datasets/charts/processed/MSFT/MSFT_20220818_01474.png,-0.0390116138815177,-0.0138539476858394,0
NVDA,2022-08-18,NVDA_20220818_01474,ml/datasets/charts/processed/NVDA/NVDA_20220818_01474.png,-0.0458177943526904,-0.0490143846563664,0
AAPL,2022-08-19,AAPL_20220819_00215,ml/datasets/charts/processed/AAPL/AAPL_20220819_00215.png,-0.0460588731904839,-0.0230291644943948,0
AMZN,2022-08-19,AMZN_20220819_01475,ml/datasets/charts/processed/AMZN/AMZN_20220819_01475.png,-0.0541127106995585,-0.0362439412573246,0
GOOGL,2022-08-19,GOOGL_20220819_00215,ml/datasets/charts/processed/GOOGL/GOOGL_20220819_00215.png,-0.0586127362510924,-0.0253390499384713,0
MSFT,2022-08-19,MSFT_20220819_01475,ml/datasets/charts/processed/MSFT/MSFT_20220819_01475.png,-0.0631137515289184,-0.0293552332692642,0
NVDA,2022-08-19,NVDA_20220819_01475,ml/datasets/charts/processed/NVDA/NVDA_20220819_01475.png,-0.0890756302521008,-0.0459383753501401,0
AAPL,2022-08-22,AAPL_20220822_00216,ml/datasets/charts/processed/AAPL/AAPL_20220822_00216.png,-0.0369398835065386,-0.0020292589092245,0
AMZN,2022-08-22,AMZN_20220822_01476,ml/datasets/charts/processed/AMZN/AMZN_20220822_01476.png,-0.0257468848521243,0.0030025521693439,1
GOOGL,2022-08-22,GOOGL_20220822_00216,ml/datasets/charts/processed/GOOGL/GOOGL_20220822_00216.png,-0.0421919251359886,-0.0033263581101758,0
MSFT,2022-08-22,MSFT_20220822_01476,ml/datasets/charts/processed/MSFT/MSFT_20220822_01476.png,-0.0450765076507649,-0.0047164716471647,0
NVDA,2022-08-22,NVDA_20220822_01476,ml/datasets/charts/processed/NVDA/NVDA_20220822_01476.png,-0.0722254844392249,0.0088079859072225,1
AAPL,2022-08-23,AAPL_20220823_00217,ml/datasets/charts/processed/AAPL/AAPL_20220823_00217.png,-0.0497515154570948,0.0017939335574788,1
AMZN,2022-08-23,AMZN_20220823_01477,ml/datasets/charts/processed/AMZN/AMZN_20220823_01477.png,-0.0365963179164796,0.0013471037269869,1
GOOGL,2022-08-23,GOOGL_20220823_00217,ml/datasets/charts/processed/GOOGL/GOOGL_20220823_00217.png,-0.0432108755352644,-0.0014930349372607,0
MSFT,2022-08-23,MSFT_20220823_01477,ml/datasets/charts/processed/MSFT/MSFT_20220823_01477.png,-0.0487266676313122,-0.0023513239762695,0
NVDA,2022-08-23,NVDA_20220823_01477,ml/datasets/charts/processed/NVDA/NVDA_20220823_01477.png,-0.09953434225844,0.0023282887077997,1
AAPL,2022-08-24,AAPL_20220824_00218,ml/datasets/charts/processed/AAPL/AAPL_20220824_00218.png,-0.0615410416306445,0.0149227688834996,1
AMZN,2022-08-24,AMZN_20220824_01478,ml/datasets/charts/processed/AMZN/AMZN_20220824_01478.png,-0.0525411061285502,0.0260089686098654,1
GOOGL,2022-08-24,GOOGL_20220824_00218,ml/datasets/charts/processed/GOOGL/GOOGL_20220824_00218.png,-0.0481132725666836,0.0260357025394089,1
MSFT,2022-08-24,MSFT_20220824_01478,ml/datasets/charts/processed/MSFT/MSFT_20220824_01478.png,-0.0519235650313644,0.0110953986729032,1
NVDA,2022-08-24,NVDA_20220824_01478,ml/datasets/charts/processed/NVDA/NVDA_20220824_01478.png,-0.1236933797909407,0.0400696864111498,1
AAPL,2022-08-25,AAPL_20220825_00219,ml/datasets/charts/processed/AAPL/AAPL_20220825_00219.png,-0.0709874800849477,-0.0376993666800645,0
AMZN,2022-08-25,AMZN_20220825_01479,ml/datasets/charts/processed/AMZN/AMZN_20220825_01479.png,-0.0689102564102565,-0.0475670163170163,0
GOOGL,2022-08-25,GOOGL_20220825_00219,ml/datasets/charts/processed/GOOGL/GOOGL_20220825_00219.png,-0.0592370323912671,-0.0540935054154804,0
MSFT,2022-08-25,MSFT_20220825_01479,ml/datasets/charts/processed/MSFT/MSFT_20220825_01479.png,-0.0661646046261432,-0.0385870539716695,0
NVDA,2022-08-25,NVDA_20220825_01479,ml/datasets/charts/processed/NVDA/NVDA_20220825_01479.png,-0.2216638749302066,-0.0921273031825794,0
AAPL,2022-08-26,AAPL_20220826_00220,ml/datasets/charts/processed/AAPL/AAPL_20220826_00220.png,-0.0477324005396714,-0.013690027392415,0
AMZN,2022-08-26,AMZN_20220826_01480,ml/datasets/charts/processed/AMZN/AMZN_20220826_01480.png,-0.0247801147227533,-0.0073422562141491,0
GOOGL,2022-08-26,GOOGL_20220826_00220,ml/datasets/charts/processed/GOOGL/GOOGL_20220826_00220.png,-0.0225664927076519,-0.00833783908876,0
MSFT,2022-08-26,MSFT_20220826_01480,ml/datasets/charts/processed/MSFT/MSFT_20220826_01480.png,-0.0448729904136669,-0.0106680592338391,0
NVDA,2022-08-26,NVDA_20220826_01480,ml/datasets/charts/processed/NVDA/NVDA_20220826_01480.png,-0.1605166051660517,-0.028290282902829,0
AAPL,2022-08-29,AAPL_20220829_00221,ml/datasets/charts/processed/AAPL/AAPL_20220829_00221.png,-0.0424464200934591,-0.0153053084655409,0
AMZN,2022-08-29,AMZN_20220829_01481,ml/datasets/charts/processed/AMZN/AMZN_20220829_01481.png,-0.0283534941058632,-0.0081670390631019,0
GOOGL,2022-08-29,GOOGL_20220829_00221,ml/datasets/charts/processed/GOOGL/GOOGL_20220829_00221.png,-0.0238531052994889,-0.0043866550861598,0
MSFT,2022-08-29,MSFT_20220829_01481,ml/datasets/charts/processed/MSFT/MSFT_20220829_01481.png,-0.0451683444557554,-0.0085209063831391,0
NVDA,2022-08-29,NVDA_20220829_01481,ml/datasets/charts/processed/NVDA/NVDA_20220829_01481.png,-0.1481012658227848,-0.020886075949367,0
AAPL,2022-08-30,AAPL_20220830_00222,ml/datasets/charts/processed/AAPL/AAPL_20220830_00222.png,-0.0185643219049306,-0.0106351057856992,0
AMZN,2022-08-30,AMZN_20220830_01482,ml/datasets/charts/processed/AMZN/AMZN_20220830_01482.png,0.005826147751107,-0.0152256661228927,0
GOOGL,2022-08-30,GOOGL_20220830_00222,ml/datasets/charts/processed/GOOGL/GOOGL_20220830_00222.png,0.0046813211984639,-0.0066091858802529,0
MSFT,2022-08-30,MSFT_20220830_01482,ml/datasets/charts/processed/MSFT/MSFT_20220830_01482.png,-0.0185572498764119,-0.0057040727079133,0
NVDA,2022-08-30,NVDA_20220830_01482,ml/datasets/charts/processed/NVDA/NVDA_20220830_01482.png,-0.1137685843568195,-0.0245636716224951,0
AAPL,2022-08-31,AAPL_20220831_00223,ml/datasets/charts/processed/AAPL/AAPL_20220831_00223.png,-0.0175549073234831,0.0047066529983812,1
AMZN,2022-08-31,AMZN_20220831_01483,ml/datasets/charts/processed/AMZN/AMZN_20220831_01483.png,0.0240593200283978,0.0082827167310877,1
GOOGL,2022-08-31,GOOGL_20220831_00223,ml/datasets/charts/processed/GOOGL/GOOGL_20220831_00223.png,0.0014783846872745,0.0140454368937563,1
MSFT,2022-08-31,MSFT_20220831_01483,ml/datasets/charts/processed/MSFT/MSFT_20220831_01483.png,-0.0112823650896853,-0.0040922476765978,0
NVDA,2022-08-31,NVDA_20220831_01483,ml/datasets/charts/processed/NVDA/NVDA_20220831_01483.png,-0.0728959575878064,-0.076209410205434,0
AAPL,2022-09-01,AAPL_20220901_00224,ml/datasets/charts/processed/AAPL/AAPL_20220901_00224.png,-0.0037348998186471,-0.0136110177131733,0
AMZN,2022-09-01,AMZN_20220901_01484,ml/datasets/charts/processed/AMZN/AMZN_20220901_01484.png,0.0426380848067595,-0.0024252855578156,0
GOOGL,2022-09-01,GOOGL_20220901_00224,ml/datasets/charts/processed/GOOGL/GOOGL_20220901_00224.png,0.0082923149198541,-0.0172224732416488,0
MSFT,2022-09-01,MSFT_20220901_01484,ml/datasets/charts/processed/MSFT/MSFT_20220901_01484.png,0.0155913978494623,-0.0166666666666666,0
NVDA,2022-09-01,NVDA_20220901_01484,ml/datasets/charts/processed/NVDA/NVDA_20220901_01484.png,0.032281205164993,-0.0208034433285508,0
AAPL,2022-09-02,AAPL_20220902_00225,ml/datasets/charts/processed/AAPL/AAPL_20220902_00225.png,0.0489057742990752,-0.0082150797704834,0
AMZN,2022-09-02,AMZN_20220902_01485,ml/datasets/charts/processed/AMZN/AMZN_20220902_01485.png,0.070112148066818,-0.0109795310171751,0
GOOGL,2022-09-02,GOOGL_20220902_00225,ml/datasets/charts/processed/GOOGL/GOOGL_20220902_00225.png,0.0279090513971369,-0.0096431811028793,0
MSFT,2022-09-02,MSFT_20220902_01485,ml/datasets/charts/processed/MSFT/MSFT_20220902_01485.png,0.0413574943372645,-0.0109739904709833,0
NVDA,2022-09-02,NVDA_20220902_01485,ml/datasets/charts/processed/NVDA/NVDA_20220902_01485.png,0.063003663003663,-0.0139194139194138,0
AAPL,2022-09-06,AAPL_20220906_00226,ml/datasets/charts/processed/AAPL/AAPL_20220906_00226.png,-0.0044650236791625,0.0092537092254001,1
AMZN,2022-09-06,AMZN_20220906_01486,ml/datasets/charts/processed/AMZN/AMZN_20220906_01486.png,0.0056300055507096,0.0267227024026641,1
GOOGL,2022-09-06,GOOGL_20220906_00226,ml/datasets/charts/processed/GOOGL/GOOGL_20220906_00226.png,-0.0233123012728265,0.0247168087112035,1
MSFT,2022-09-06,MSFT_20220906_01486,ml/datasets/charts/processed/MSFT/MSFT_20220906_01486.png,-0.0049753208292201,0.0191115498519249,1
NVDA,2022-09-06,NVDA_20220906_01486,ml/datasets/charts/processed/NVDA/NVDA_20220906_01486.png,-0.0245170876671619,0.0185735512630014,1
AAPL,2022-09-07,AAPL_20220907_00227,ml/datasets/charts/processed/AAPL/AAPL_20220907_00227.png,-0.0041677285819379,-0.0096175359409483,0
AMZN,2022-09-07,AMZN_20220907_01487,ml/datasets/charts/processed/AMZN/AMZN_20220907_01487.png,-0.0071825764596846,0.0026258881680569,1
GOOGL,2022-09-07,GOOGL_20220907_00227,ml/datasets/charts/processed/GOOGL/GOOGL_20220907_00227.png,-0.0406577757399221,-0.0097761281148601,0
MSFT,2022-09-07,MSFT_20220907_01487,ml/datasets/charts/processed/MSFT/MSFT_20220907_01487.png,-0.0227440040296019,0.0016660854740595,1
NVDA,2022-09-07,NVDA_20220907_01487,ml/datasets/charts/processed/NVDA/NVDA_20220907_01487.png,-0.0423048869438366,0.0204230488694383,1
AAPL,2022-09-08,AAPL_20220908_00228,ml/datasets/charts/processed/AAPL/AAPL_20220908_00228.png,-0.0135312671094768,0.0188398127933664,1
AMZN,2022-09-08,AMZN_20220908_01488,ml/datasets/charts/processed/AMZN/AMZN_20220908_01488.png,-0.0272685256509012,0.0265752580496072,1
GOOGL,2022-09-08,GOOGL_20220908_00228,ml/datasets/charts/processed/GOOGL/GOOGL_20220908_00228.png,-0.0504704800022383,0.0209448717345968,1
MSFT,2022-09-08,MSFT_20220908_01488,ml/datasets/charts/processed/MSFT/MSFT_20220908_01488.png,-0.0508277889524988,0.0229769456908557,1
NVDA,2022-09-08,NVDA_20220908_01488,ml/datasets/charts/processed/NVDA/NVDA_20220908_01488.png,-0.0757684060042888,0.028591851322373,1
AAPL,2022-09-09,AAPL_20220909_00229,ml/datasets/charts/processed/AAPL/AAPL_20220909_00229.png,-0.0423842472386907,0.0385078219013237,1
AMZN,2022-09-09,AMZN_20220909_01489,ml/datasets/charts/processed/AMZN/AMZN_20220909_01489.png,-0.0730847152397389,0.0238613341337132,1
GOOGL,2022-09-09,GOOGL_20220909_00229,ml/datasets/charts/processed/GOOGL/GOOGL_20220909_00229.png,-0.0709443645832934,0.001897862669814,1
MSFT,2022-09-09,MSFT_20220909_01489,ml/datasets/charts/processed/MSFT/MSFT_20220909_01489.png,-0.074567042274824,0.0082810254858958,1
NVDA,2022-09-09,NVDA_20220909_01489,ml/datasets/charts/processed/NVDA/NVDA_20220909_01489.png,-0.0826963168867269,0.0083391243919388,1
AAPL,2022-09-12,AAPL_20220912_00230,ml/datasets/charts/processed/AAPL/AAPL_20220912_00230.png,-0.0547636007314022,-0.0586794340646563,0
AMZN,2022-09-12,AMZN_20220912_01490,ml/datasets/charts/processed/AMZN/AMZN_20220912_01490.png,-0.0864052766581164,-0.0705753023085379,0
GOOGL,2022-09-12,GOOGL_20220912_00230,ml/datasets/charts/processed/GOOGL/GOOGL_20220912_00230.png,-0.0702687675728157,-0.0589932824770074,0
MSFT,2022-09-12,MSFT_20220912_01490,ml/datasets/charts/processed/MSFT/MSFT_20220912_01490.png,-0.08299268704294,-0.0549784361522593,0
NVDA,2022-09-12,NVDA_20220912_01490,ml/datasets/charts/processed/NVDA/NVDA_20220912_01490.png,-0.0778773259820813,-0.0951068228807717,0
AAPL,2022-09-13,AAPL_20220913_00231,ml/datasets/charts/processed/AAPL/AAPL_20220913_00231.png,0.0198905757937168,0.009555101126986,1
AMZN,2022-09-13,AMZN_20220913_01491,ml/datasets/charts/processed/AMZN/AMZN_20220913_01491.png,-0.0365084371550228,0.0136413814855702,1
GOOGL,2022-09-13,GOOGL_20220913_00231,ml/datasets/charts/processed/GOOGL/GOOGL_20220913_00231.png,-0.0304831637454979,0.0065183617924318,1
MSFT,2022-09-13,MSFT_20220913_01491,ml/datasets/charts/processed/MSFT/MSFT_20220913_01491.png,-0.0378586451843327,0.0009127346323265,1
NVDA,2022-09-13,NVDA_20220913_01491,ml/datasets/charts/processed/NVDA/NVDA_20220913_01491.png,0.0038080731150036,0.0,0
AAPL,2022-09-14,AAPL_20220914_00232,ml/datasets/charts/processed/AAPL/AAPL_20220914_00232.png,-0.0102375526915182,-0.0189298314201966,0
AMZN,2022-09-14,AMZN_20220914_01492,ml/datasets/charts/processed/AMZN/AMZN_20220914_01492.png,-0.0778685336444963,-0.017658498638662,0
GOOGL,2022-09-14,GOOGL_20220914_00232,ml/datasets/charts/processed/GOOGL/GOOGL_20220914_00232.png,-0.0544761731342745,-0.0199047076379692,0
MSFT,2022-09-14,MSFT_20220914_01492,ml/datasets/charts/processed/MSFT/MSFT_20220914_01492.png,-0.0526127983506462,-0.0271191816667988,0
NVDA,2022-09-14,NVDA_20220914_01492,ml/datasets/charts/processed/NVDA/NVDA_20220914_01492.png,0.0099009900990099,-0.0152322924600153,0
AAPL,2022-09-15,AAPL_20220915_00233,ml/datasets/charts/processed/AAPL/AAPL_20220915_00233.png,0.00242843840741,-0.0109599810503187,0
AMZN,2022-09-15,AMZN_20220915_01493,ml/datasets/charts/processed/AMZN/AMZN_20220915_01493.png,-0.0710326259106747,-0.0217770034843205,0
GOOGL,2022-09-15,GOOGL_20220915_00233,ml/datasets/charts/processed/GOOGL/GOOGL_20220915_00233.png,-0.0269167726559295,-0.0010688803681958,0
MSFT,2022-09-15,MSFT_20220915_01493,ml/datasets/charts/processed/MSFT/MSFT_20220915_01493.png,-0.0179313717499388,-0.0026081995272637,0
NVDA,2022-09-15,NVDA_20220915_01493,ml/datasets/charts/processed/NVDA/NVDA_20220915_01493.png,-0.0286156225831398,0.0208816705336427,1
AAPL,2022-09-16,AAPL_20220916_00234,ml/datasets/charts/processed/AAPL/AAPL_20220916_00234.png,-0.0017919866741186,0.0250827551193795,1
AMZN,2022-09-16,AMZN_20220916_01494,ml/datasets/charts/processed/AMZN/AMZN_20220916_01494.png,-0.078928195580021,0.0091475754877357,1
GOOGL,2022-09-16,GOOGL_20220916_00234,ml/datasets/charts/processed/GOOGL/GOOGL_20220916_00234.png,-0.0394943041114651,0.0026264295876825,1
MSFT,2022-09-16,MSFT_20220916_01494,ml/datasets/charts/processed/MSFT/MSFT_20220916_01494.png,-0.0278663071014138,-0.0008989131323036,0
NVDA,2022-09-16,NVDA_20220916_01494,ml/datasets/charts/processed/NVDA/NVDA_20220916_01494.png,-0.0515151515151515,0.0136363636363636,1
AAPL,2022-09-19,AAPL_20220919_00235,ml/datasets/charts/processed/AAPL/AAPL_20220919_00235.png,-0.024016134556416,0.0156654724057654,1
AMZN,2022-09-19,AMZN_20220919_01495,ml/datasets/charts/processed/AMZN/AMZN_20220919_01495.png,-0.0762875020054547,-0.0198138937911118,0
GOOGL,2022-09-19,GOOGL_20220919_00235,ml/datasets/charts/processed/GOOGL/GOOGL_20220919_00235.png,-0.0475405149724602,-0.0187251714827404,0
MSFT,2022-09-19,MSFT_20220919_01495,ml/datasets/charts/processed/MSFT/MSFT_20220919_01495.png,-0.0289137902830035,-0.0084655651889417,0
NVDA,2022-09-19,NVDA_20220919_01495,ml/datasets/charts/processed/NVDA/NVDA_20220919_01495.png,-0.085949177877429,-0.0149476831091182,0
AAPL,2022-09-20,AAPL_20220920_00236,ml/datasets/charts/processed/AAPL/AAPL_20220920_00236.png,-0.032759743668887,-0.0202677117527265,0
AMZN,2022-09-20,AMZN_20220920_01496,ml/datasets/charts/processed/AMZN/AMZN_20220920_01496.png,-0.0636713315328586,-0.0298715115803256,0
GOOGL,2022-09-20,GOOGL_20220920_00236,ml/datasets/charts/processed/GOOGL/GOOGL_20220920_00236.png,-0.0359898162160945,-0.0183903387080744,0
MSFT,2022-09-20,MSFT_20220920_01496,ml/datasets/charts/processed/MSFT/MSFT_20220920_01496.png,-0.024912353062487,-0.0144359661785935,0
NVDA,2022-09-20,NVDA_20220920_01496,ml/datasets/charts/processed/NVDA/NVDA_20220920_01496.png,-0.058421851289833,0.0060698027314112,1
AAPL,2022-09-21,AAPL_20220921_00237,ml/datasets/charts/processed/AAPL/AAPL_20220921_00237.png,-0.0252407162009071,-0.0063750754214747,0
AMZN,2022-09-21,AMZN_20220921_01497,ml/datasets/charts/processed/AMZN/AMZN_20220921_01497.png,-0.0044710646195377,-0.0103762443057195,0
GOOGL,2022-09-21,GOOGL_20220921_00237,ml/datasets/charts/processed/GOOGL/GOOGL_20220921_00237.png,0.0077558901434318,0.0086623552975919,1
MSFT,2022-09-21,MSFT_20220921_01497,ml/datasets/charts/processed/MSFT/MSFT_20220921_01497.png,0.0088721489851433,0.0084955011508682,1
NVDA,2022-09-21,NVDA_20220921_01497,ml/datasets/charts/processed/NVDA/NVDA_20220921_01497.png,-0.0392156862745097,-0.0527903469079938,0
AAPL,2022-09-22,AAPL_20220922_00238,ml/datasets/charts/processed/AAPL/AAPL_20220922_00238.png,-0.0671732796775765,-0.0151240381966246,0
AMZN,2022-09-22,AMZN_20220922_01498,ml/datasets/charts/processed/AMZN/AMZN_20220922_01498.png,-0.0213963004006478,-0.030091211320433,0
GOOGL,2022-09-22,GOOGL_20220922_00238,ml/datasets/charts/processed/GOOGL/GOOGL_20220922_00238.png,-0.0271620252008696,-0.0139805072733012,0
MSFT,2022-09-22,MSFT_20220922_01498,ml/datasets/charts/processed/MSFT/MSFT_20220922_01498.png,-0.0144410324508257,-0.012698149224002,0
NVDA,2022-09-22,NVDA_20220922_01498,ml/datasets/charts/processed/NVDA/NVDA_20220922_01498.png,-0.0270700636942674,-0.0031847133757962,0
AAPL,2022-09-23,AAPL_20220923_00239,ml/datasets/charts/processed/AAPL/AAPL_20220923_00239.png,-0.0813001084319967,0.0022602667830444,1
AMZN,2022-09-23,AMZN_20220923_01499,ml/datasets/charts/processed/AMZN/AMZN_20220923_01499.png,-0.006855334856741,0.0120407804535067,1
GOOGL,2022-09-23,GOOGL_20220923_00239,ml/datasets/charts/processed/GOOGL/GOOGL_20220923_00239.png,-0.0312941772395821,-0.0057726290559065,0
MSFT,2022-09-23,MSFT_20220923_01499,ml/datasets/charts/processed/MSFT/MSFT_20220923_01499.png,-0.0210995292535305,-0.0019754539340954,0
NVDA,2022-09-23,NVDA_20220923_01499,ml/datasets/charts/processed/NVDA/NVDA_20220923_01499.png,-0.0303514376996804,-0.0231629392971245,0
AAPL,2022-09-26,AAPL_20220926_00240,ml/datasets/charts/processed/AAPL/AAPL_20220926_00240.png,-0.0551830359579635,0.0065663651416172,1
AMZN,2022-09-26,AMZN_20220926_01500,ml/datasets/charts/processed/AMZN/AMZN_20220926_01500.png,0.0063395570994353,-0.006426400347373,0
GOOGL,2022-09-26,GOOGL_20220926_00240,ml/datasets/charts/processed/GOOGL/GOOGL_20220926_00240.png,0.0047874260520652,-0.0068250223219815,0
MSFT,2022-09-26,MSFT_20220926_01500,ml/datasets/charts/processed/MSFT/MSFT_20220926_01500.png,0.0138555485365341,-0.0043798694461991,0
NVDA,2022-09-26,NVDA_20220926_01500,ml/datasets/charts/processed/NVDA/NVDA_20220926_01500.png,0.0228945216680294,0.0147179067865903,1
AAPL,2022-09-27,AAPL_20220927_00241,ml/datasets/charts/processed/AAPL/AAPL_20220927_00241.png,-0.037295586156603,-0.0126515750810162,0
AMZN,2022-09-27,AMZN_20220927_01501,ml/datasets/charts/processed/AMZN/AMZN_20220927_01501.png,0.0583865046761646,0.0314657809632026,1
GOOGL,2022-09-27,GOOGL_20220927_00241,ml/datasets/charts/processed/GOOGL/GOOGL_20220927_00241.png,0.0424615676586987,0.026154012300749,1
MSFT,2022-09-27,MSFT_20220927_01501,ml/datasets/charts/processed/MSFT/MSFT_20220927_01501.png,0.0527473457129563,0.0197115181252907,1
NVDA,2022-09-27,NVDA_20220927_01501,ml/datasets/charts/processed/NVDA/NVDA_20220927_01501.png,0.0612409347300564,0.0265914585012088,1
AAPL,2022-09-28,AAPL_20220928_00242,ml/datasets/charts/processed/AAPL/AAPL_20220928_00242.png,-0.0229578670749837,-0.0491192081672546,0
AMZN,2022-09-28,AMZN_20220928_01502,ml/datasets/charts/processed/AMZN/AMZN_20220928_01502.png,0.0249131429539868,-0.0272010846538429,0
GOOGL,2022-09-28,GOOGL_20220928_00242,ml/datasets/charts/processed/GOOGL/GOOGL_20220928_00242.png,0.013793059411344,-0.0262869683210993,0
MSFT,2022-09-28,MSFT_20220928_01502,ml/datasets/charts/processed/MSFT/MSFT_20220928_01502.png,0.0337246442941883,-0.0148089766457875,0
NVDA,2022-09-28,NVDA_20220928_01502,ml/datasets/charts/processed/NVDA/NVDA_20220928_01502.png,0.0368916797488225,-0.0408163265306121,0
AAPL,2022-09-29,AAPL_20220929_00243,ml/datasets/charts/processed/AAPL/AAPL_20220929_00243.png,0.0207048479313713,-0.0300391062940867,0
AMZN,2022-09-29,AMZN_20220929_01503,ml/datasets/charts/processed/AMZN/AMZN_20220929_01503.png,0.0479094076655053,-0.0156794425087107,0
GOOGL,2022-09-29,GOOGL_20220929_00243,ml/datasets/charts/processed/GOOGL/GOOGL_20220929_00243.png,0.0410593417626867,-0.018168648117538,0
MSFT,2022-09-29,MSFT_20220929_01503,ml/datasets/charts/processed/MSFT/MSFT_20220929_01503.png,0.0391157894736842,-0.0193684210526315,0
NVDA,2022-09-29,NVDA_20220929_01503,ml/datasets/charts/processed/NVDA/NVDA_20220929_01503.png,0.074468085106383,-0.0065466448445171,0
AAPL,2022-09-30,AAPL_20220930_00244,ml/datasets/charts/processed/AAPL/AAPL_20220930_00244.png,0.0136758990898981,0.0307528183395056,1
AMZN,2022-09-30,AMZN_20220930_01504,ml/datasets/charts/processed/AMZN/AMZN_20220930_01504.png,0.0138053097345132,0.0254867256637167,1
GOOGL,2022-09-30,GOOGL_20220930_00244,ml/datasets/charts/processed/GOOGL/GOOGL_20220930_00244.png,0.0316779494974026,0.0312595810714961,1
MSFT,2022-09-30,MSFT_20220930_01504,ml/datasets/charts/processed/MSFT/MSFT_20220930_01504.png,0.0057535422928296,0.033662516101331,1
NVDA,2022-09-30,NVDA_20220930_01504,ml/datasets/charts/processed/NVDA/NVDA_20220930_01504.png,-0.0049423393739703,0.0304777594728171,1
AAPL,2022-10-03,AAPL_20221003_00245,ml/datasets/charts/processed/AAPL/AAPL_20221003_00245.png,-0.014250651762905,0.0256228660443758,1
AMZN,2022-10-03,AMZN_20221003_01505,ml/datasets/charts/processed/AMZN/AMZN_20221003_01505.png,-0.0190714532274766,0.044960303762513,1
GOOGL,2022-10-03,GOOGL_20221003_00245,ml/datasets/charts/processed/GOOGL/GOOGL_20221003_00245.png,-0.0079073426584337,0.0304137147273293,1
MSFT,2022-10-03,MSFT_20221003_01505,ml/datasets/charts/processed/MSFT/MSFT_20221003_01505.png,-0.047727839162582,0.0338124117304976,1
NVDA,2022-10-03,NVDA_20221003_01505,ml/datasets/charts/processed/NVDA/NVDA_20221003_01505.png,-0.0671462829736211,0.0527577937649881,1
AAPL,2022-10-04,AAPL_20221004_00246,ml/datasets/charts/processed/AAPL/AAPL_20221004_00246.png,-0.0487338048677902,0.0020531714108498,1
AMZN,2022-10-04,AMZN_20221004_01506,ml/datasets/charts/processed/AMZN/AMZN_20221004_01506.png,-0.0733338838880172,-0.0011561648360723,0
GOOGL,2022-10-04,GOOGL_20221004_00246,ml/datasets/charts/processed/GOOGL/GOOGL_20221004_00246.png,-0.0438804352723746,-0.0020660254228207,0
MSFT,2022-10-04,MSFT_20221004_01506,ml/datasets/charts/processed/MSFT/MSFT_20221004_01506.png,-0.094302475088396,0.0012857602057216,1
NVDA,2022-10-04,NVDA_20221004_01506,ml/datasets/charts/processed/NVDA/NVDA_20221004_01506.png,-0.119969627942293,0.0030372057706911,1
AAPL,2022-10-05,AAPL_20221005_00247,ml/datasets/charts/processed/AAPL/AAPL_20221005_00247.png,-0.0550545783072229,-0.0066256087412852,0
AMZN,2022-10-05,AMZN_20221005_01507,ml/datasets/charts/processed/AMZN/AMZN_20221005_01507.png,-0.0665564282761471,-0.0053741215378255,0
GOOGL,2022-10-05,GOOGL_20221005_00247,ml/datasets/charts/processed/GOOGL/GOOGL_20221005_00247.png,-0.038154369365469,-9.865088839300372e-05,0
MSFT,2022-10-05,MSFT_20221005_01507,ml/datasets/charts/processed/MSFT/MSFT_20221005_01507.png,-0.0941011235955056,-0.0096709470304975,0
NVDA,2022-10-05,NVDA_20221005_01507,ml/datasets/charts/processed/NVDA/NVDA_20221005_01507.png,-0.129447388342165,-0.0060560181680544,0
AAPL,2022-10-06,AAPL_20221006_00248,ml/datasets/charts/processed/AAPL/AAPL_20221006_00248.png,-0.0167778888383031,-0.0367186136109237,0
AMZN,2022-10-06,AMZN_20221006_01508,ml/datasets/charts/processed/AMZN/AMZN_20221006_01508.png,-0.0645885286783042,-0.0477140482128013,0
GOOGL,2022-10-06,GOOGL_20221006_00248,ml/datasets/charts/processed/GOOGL/GOOGL_20221006_00248.png,-0.0232696387951171,-0.0270163138373115,0
MSFT,2022-10-06,MSFT_20221006_01508,ml/datasets/charts/processed/MSFT/MSFT_20221006_01508.png,-0.0508529519024271,-0.0508529519024271,0
NVDA,2022-10-06,NVDA_20221006_01508,ml/datasets/charts/processed/NVDA/NVDA_20221006_01508.png,-0.089108910891089,-0.07996953541508,0
AAPL,2022-10-07,AAPL_20221007_00249,ml/datasets/charts/processed/AAPL/AAPL_20221007_00249.png,-0.0122066616094768,0.0023558020704272,1
AMZN,2022-10-07,AMZN_20221007_01509,ml/datasets/charts/processed/AMZN/AMZN_20221007_01509.png,-0.0668645251396647,-0.0077688547486033,0
GOOGL,2022-10-07,GOOGL_20221007_00249,ml/datasets/charts/processed/GOOGL/GOOGL_20221007_00249.png,-0.0214836344564639,-0.0083096583651981,0
MSFT,2022-10-07,MSFT_20221007_01509,ml/datasets/charts/processed/MSFT/MSFT_20221007_01509.png,-0.0242486338797814,-0.0213029371584699,0
NVDA,2022-10-07,NVDA_20221007_01509,ml/datasets/charts/processed/NVDA/NVDA_20221007_01509.png,-0.070364238410596,-0.0339403973509934,0
AAPL,2022-10-10,AAPL_20221010_00250,ml/datasets/charts/processed/AAPL/AAPL_20221010_00250.png,0.0141717209262133,-0.0102551290878846,0
AMZN,2022-10-10,AMZN_20221010_01510,ml/datasets/charts/processed/AMZN/AMZN_20221010_01510.png,0.001055687516495,-0.0128441981173573,0
GOOGL,2022-10-10,GOOGL_20221010_00250,ml/datasets/charts/processed/GOOGL/GOOGL_20221010_00250.png,0.0215614022654921,-0.0069488921988092,0
MSFT,2022-10-10,MSFT_20221010_01510,ml/datasets/charts/processed/MSFT/MSFT_20221010_01510.png,0.0361177753544166,-0.0167502726281352,0
NVDA,2022-10-10,NVDA_20221010_01510,ml/datasets/charts/processed/NVDA/NVDA_20221010_01510.png,0.0188517566409598,-0.0068551842330762,0
AAPL,2022-10-11,AAPL_20221011_00251,ml/datasets/charts/processed/AAPL/AAPL_20221011_00251.png,0.0343212460752324,-0.0046050606415071,0
AMZN,2022-10-11,AMZN_20221011_01511,ml/datasets/charts/processed/AMZN/AMZN_20221011_01511.png,0.0369842260048125,0.0061491845646557,1
GOOGL,2022-10-11,GOOGL_20221011_00251,ml/datasets/charts/processed/GOOGL/GOOGL_20221011_00251.png,0.0369419452714445,0.0039104611171205,1
MSFT,2022-10-11,MSFT_20221011_01511,ml/datasets/charts/processed/MSFT/MSFT_20221011_01511.png,0.0580719577658488,0.0015083625393728,1
NVDA,2022-10-11,NVDA_20221011_01511,ml/datasets/charts/processed/NVDA/NVDA_20221011_01511.png,0.0327868852459016,-0.0077653149266608,0
AAPL,2022-10-12,AAPL_20221012_00252,ml/datasets/charts/processed/AAPL/AAPL_20221012_00252.png,0.0399016700571603,0.0336127819929357,1
AMZN,2022-10-12,AMZN_20221012_01512,ml/datasets/charts/processed/AMZN/AMZN_20221012_01512.png,0.0192205491585473,-0.0032772364924712,0
GOOGL,2022-10-12,GOOGL_20221012_00252,ml/datasets/charts/processed/GOOGL/GOOGL_20221012_00252.png,0.0212176843016795,0.0153749986291902,1
MSFT,2022-10-12,MSFT_20221012_01512,ml/datasets/charts/processed/MSFT/MSFT_20221012_01512.png,0.047530454042082,0.037607973421927,1
NVDA,2022-10-12,NVDA_20221012_01512,ml/datasets/charts/processed/NVDA/NVDA_20221012_01512.png,0.0478260869565219,0.04,1
AAPL,2022-10-13,AAPL_20221013_00253,ml/datasets/charts/processed/AAPL/AAPL_20221013_00253.png,0.0027972851178905,-0.0322400954282106,0
AMZN,2022-10-13,AMZN_20221013_01513,ml/datasets/charts/processed/AMZN/AMZN_20221013_01513.png,0.0241713320892207,-0.0500311028170264,0
GOOGL,2022-10-13,GOOGL_20221013_00253,ml/datasets/charts/processed/GOOGL/GOOGL_20221013_00253.png,0.0091864945654855,-0.0252371604967911,0
MSFT,2022-10-13,MSFT_20221013_01513,ml/datasets/charts/processed/MSFT/MSFT_20221013_01513.png,0.0081540300546447,-0.0242486338797814,0
NVDA,2022-10-13,NVDA_20221013_01513,ml/datasets/charts/processed/NVDA/NVDA_20221013_01513.png,0.0192307692307691,-0.0610367892976588,0
AAPL,2022-10-14,AAPL_20221014_00254,ml/datasets/charts/processed/AAPL/AAPL_20221014_00254.png,0.0642437167512828,0.029123065784681,1
AMZN,2022-10-14,AMZN_20221014_01514,ml/datasets/charts/processed/AMZN/AMZN_20221014_01514.png,0.1161833489242281,0.0644527595884003,1
GOOGL,2022-10-14,GOOGL_20221014_00254,ml/datasets/charts/processed/GOOGL/GOOGL_20221014_00254.png,0.0473279866388969,0.035314902935591,1
MSFT,2022-10-14,MSFT_20221014_01514,ml/datasets/charts/processed/MSFT/MSFT_20221014_01514.png,0.0593279663983199,0.0392457122856142,1
NVDA,2022-10-14,NVDA_20221014_01514,ml/datasets/charts/processed/NVDA/NVDA_20221014_01514.png,0.1104185218165627,0.0587711487088156,1
AAPL,2022-10-17,AAPL_20221017_00255,ml/datasets/charts/processed/AAPL/AAPL_20221017_00255.png,0.0494343974939404,0.0094090843348118,1
AMZN,2022-10-17,AMZN_20221017_01515,ml/datasets/charts/processed/AMZN/AMZN_20221017_01515.png,0.0529923543369363,0.0225854644520606,1
GOOGL,2022-10-17,GOOGL_20221017_00255,ml/datasets/charts/processed/GOOGL/GOOGL_20221017_00255.png,0.0255076570091083,0.0080024021989359,1
MSFT,2022-10-17,MSFT_20221017_01515,ml/datasets/charts/processed/MSFT/MSFT_20221017_01515.png,0.0409211468025092,0.0040836946911968,1
NVDA,2022-10-17,NVDA_20221017_01515,ml/datasets/charts/processed/NVDA/NVDA_20221017_01515.png,0.059714045416316,0.0067283431455005,1
AAPL,2022-10-18,AAPL_20221018_00256,ml/datasets/charts/processed/AAPL/AAPL_20221018_00256.png,0.0597567342231779,0.0007653460983365,1
AMZN,2022-10-18,AMZN_20221018_01516,ml/datasets/charts/processed/AMZN/AMZN_20221018_01516.png,0.0364386387074595,-0.0110862839463733,0
GOOGL,2022-10-18,GOOGL_20221018_00256,ml/datasets/charts/processed/GOOGL/GOOGL_20221018_00256.png,0.03681635155907,-0.0113129080916062,0
MSFT,2022-10-18,MSFT_20221018_01516,ml/datasets/charts/processed/MSFT/MSFT_20221018_01516.png,0.0509853249475891,-0.0084696016771489,0
NVDA,2022-10-18,NVDA_20221018_01516,ml/datasets/charts/processed/NVDA/NVDA_20221018_01516.png,0.107769423558897,0.0066833751044277,1
AAPL,2022-10-19,AAPL_20221019_00257,ml/datasets/charts/processed/AAPL/AAPL_20221019_00257.png,0.0381623421058778,-0.0032672112271037,0
AMZN,2022-10-19,AMZN_20221019_01517,ml/datasets/charts/processed/AMZN/AMZN_20221019_01517.png,0.0051273138089857,0.0015642652298601,1
GOOGL,2022-10-19,GOOGL_20221019_00257,ml/datasets/charts/processed/GOOGL/GOOGL_20221019_00257.png,-0.0471746325516206,0.0034126428556031,1
MSFT,2022-10-19,MSFT_20221019_01517,ml/datasets/charts/processed/MSFT/MSFT_20221019_01517.png,-0.0218200270635994,-0.0013954668470905,0
NVDA,2022-10-19,NVDA_20221019_01517,ml/datasets/charts/processed/NVDA/NVDA_20221019_01517.png,0.0705394190871369,0.0116182572614107,1
AAPL,2022-10-20,AAPL_20221020_00258,ml/datasets/charts/processed/AAPL/AAPL_20221020_00258.png,0.0098335456736338,0.0270594197343356,1
AMZN,2022-10-20,AMZN_20221020_01518,ml/datasets/charts/processed/AMZN/AMZN_20221020_01518.png,-0.0372234273318872,0.0353145336225595,1
GOOGL,2022-10-20,GOOGL_20221020_00258,ml/datasets/charts/processed/GOOGL/GOOGL_20221020_00258.png,-0.0775231943086364,0.0116033138026347,1
MSFT,2022-10-20,MSFT_20221020_01518,ml/datasets/charts/processed/MSFT/MSFT_20221020_01518.png,-0.0398052085538852,0.0252805420283717,1
NVDA,2022-10-20,NVDA_20221020_01518,ml/datasets/charts/processed/NVDA/NVDA_20221020_01518.png,0.0812141099261689,0.0229696472518459,1
AAPL,2022-10-21,AAPL_20221021_00259,ml/datasets/charts/processed/AAPL/AAPL_20221021_00259.png,0.0575133472835303,0.0148024625277278,1
AMZN,2022-10-21,AMZN_20221021_01519,ml/datasets/charts/processed/AMZN/AMZN_20221021_01519.png,-0.133338920549782,0.0041904123365739,1
GOOGL,2022-10-21,GOOGL_20221021_00259,ml/datasets/charts/processed/GOOGL/GOOGL_20221021_00259.png,-0.0478590708972389,0.013744857313888,1
MSFT,2022-10-21,MSFT_20221021_01519,ml/datasets/charts/processed/MSFT/MSFT_20221021_01519.png,-0.0258136461258879,0.0211878407401289,1
NVDA,2022-10-21,NVDA_20221021_01519,ml/datasets/charts/processed/NVDA/NVDA_20221021_01519.png,0.1090617481956695,0.0104250200481152,1
AAPL,2022-10-24,AAPL_20221024_00260,ml/datasets/charts/processed/AAPL/AAPL_20221024_00260.png,0.0260291270817196,0.0193377282699993,1
AMZN,2022-10-24,AMZN_20221024_01520,ml/datasets/charts/processed/AMZN/AMZN_20221024_01520.png,-0.1450509096978801,0.0065097646469705,1
GOOGL,2022-10-24,GOOGL_20221024_00260,ml/datasets/charts/processed/GOOGL/GOOGL_20221024_00260.png,-0.078131095434057,0.0191180591071846,1
MSFT,2022-10-24,MSFT_20221024_01520,ml/datasets/charts/processed/MSFT/MSFT_20221024_01520.png,-0.0611526794742164,0.0137917087967645,1
NVDA,2022-10-24,NVDA_20221024_01520,ml/datasets/charts/processed/NVDA/NVDA_20221024_01520.png,0.0714285714285714,0.0523809523809524,1
AAPL,2022-10-25,AAPL_20221025_00261,ml/datasets/charts/processed/AAPL/AAPL_20221025_00261.png,-0.0110934648307999,-0.0196269935803485,0
AMZN,2022-10-25,AMZN_20221025_01521,ml/datasets/charts/processed/AMZN/AMZN_20221025_01521.png,-0.19742951907131,-0.0409618573797677,0
GOOGL,2022-10-25,GOOGL_20221025_00261,ml/datasets/charts/processed/GOOGL/GOOGL_20221025_00261.png,-0.1340926063484282,-0.0914050109042727,0
MSFT,2022-10-25,MSFT_20221025_01521,ml/datasets/charts/processed/MSFT/MSFT_20221025_01521.png,-0.0897231309343333,-0.0771563073485996,0
NVDA,2022-10-25,NVDA_20221025_01521,ml/datasets/charts/processed/NVDA/NVDA_20221025_01521.png,0.0211161387631975,-0.0271493212669682,0
AAPL,2022-10-26,AAPL_20221026_00262,ml/datasets/charts/processed/AAPL/AAPL_20221026_00262.png,-0.0289255389138349,-0.0304655010564323,0
AMZN,2022-10-26,AMZN_20221026_01522,ml/datasets/charts/processed/AMZN/AMZN_20221026_01522.png,-0.2035275808403942,-0.0406363479163064,0
GOOGL,2022-10-26,GOOGL_20221026_00262,ml/datasets/charts/processed/GOOGL/GOOGL_20221026_00262.png,-0.0838512670815972,-0.0285471806333776,0
MSFT,2022-10-26,MSFT_20221026_01522,ml/datasets/charts/processed/MSFT/MSFT_20221026_01522.png,-0.048504236555421,-0.0197561819125021,0
NVDA,2022-10-26,NVDA_20221026_01522,ml/datasets/charts/processed/NVDA/NVDA_20221026_01522.png,0.0248062015503875,0.021705426356589,1
AAPL,2022-10-27,AAPL_20221027_00263,ml/datasets/charts/processed/AAPL/AAPL_20221027_00263.png,-0.0408837357215914,0.0755525497004649,1
AMZN,2022-10-27,AMZN_20221027_01523,ml/datasets/charts/processed/AMZN/AMZN_20221027_01523.png,-0.1952054794520548,-0.0680425378514779,0
GOOGL,2022-10-27,GOOGL_20221027_00263,ml/datasets/charts/processed/GOOGL/GOOGL_20221027_00263.png,-0.0953156610665975,0.0441334818880314,1
MSFT,2022-10-27,MSFT_20221027_01523,ml/datasets/charts/processed/MSFT/MSFT_20221027_01523.png,-0.0551267916207276,0.0402205071664829,1
NVDA,2022-10-27,NVDA_20221027_01523,ml/datasets/charts/processed/NVDA/NVDA_20221027_01523.png,0.0182094081942336,0.0493171471927162,1
AAPL,2022-10-28,AAPL_20221028_00264,ml/datasets/charts/processed/AAPL/AAPL_20221028_00264.png,-0.1099940715124435,-0.0154101719261391,0
AMZN,2022-10-28,AMZN_20221028_01524,ml/datasets/charts/processed/AMZN/AMZN_20221028_01524.png,-0.1202011410888694,-0.0093801373174741,0
GOOGL,2022-10-28,GOOGL_20221028_00264,ml/datasets/charts/processed/GOOGL/GOOGL_20221028_00264.png,-0.1008412154314384,-0.0184857802489752,0
MSFT,2022-10-28,MSFT_20221028_01524,ml/datasets/charts/processed/MSFT/MSFT_20221028_01524.png,-0.0613897485903253,-0.015856191970153,0
NVDA,2022-10-28,NVDA_20221028_01524,ml/datasets/charts/processed/NVDA/NVDA_20221028_01524.png,0.0238611713665943,-0.0238611713665943,0
AAPL,2022-10-31,AAPL_20221031_00265,ml/datasets/charts/processed/AAPL/AAPL_20221031_00265.png,-0.0925365187627438,-0.0175427632373222,0
AMZN,2022-10-31,AMZN_20221031_01525,ml/datasets/charts/processed/AMZN/AMZN_20221031_01525.png,-0.1162631784459194,-0.0551542366263178,0
GOOGL,2022-10-31,GOOGL_20221031_00265,ml/datasets/charts/processed/GOOGL/GOOGL_20221031_00265.png,-0.0636970235619511,-0.0427469046694298,0
MSFT,2022-10-31,MSFT_20221031_01525,ml/datasets/charts/processed/MSFT/MSFT_20221031_01525.png,-0.0183517856373582,-0.0170594063671218,0
NVDA,2022-10-31,NVDA_20221031_01525,ml/datasets/charts/processed/NVDA/NVDA_20221031_01525.png,0.0592592592592593,0.0029629629629628,1
AAPL,2022-11-01,AAPL_20221101_00266,ml/datasets/charts/processed/AAPL/AAPL_20221101_00266.png,-0.0724767136867758,-0.0373051901113199,0
AMZN,2022-11-01,AMZN_20221101_01526,ml/datasets/charts/processed/AMZN/AMZN_20221101_01526.png,-0.0703585081103419,-0.0482487860316148,0
GOOGL,2022-11-01,GOOGL_20221101_00266,ml/datasets/charts/processed/GOOGL/GOOGL_20221101_00266.png,-0.0173537899340122,-0.03868686871265,0
MSFT,2022-11-01,MSFT_20221101_01526,ml/datasets/charts/processed/MSFT/MSFT_20221101_01526.png,0.0030678879782619,-0.0353683656922469,0
NVDA,2022-11-01,NVDA_20221101_01526,ml/datasets/charts/processed/NVDA/NVDA_20221101_01526.png,0.0782865583456426,-0.0236336779911372,0
AAPL,2022-11-02,AAPL_20221102_00267,ml/datasets/charts/processed/AAPL/AAPL_20221102_00267.png,-0.0685117710358889,-0.0424047341584014,0
AMZN,2022-11-02,AMZN_20221102_01527,ml/datasets/charts/processed/AMZN/AMZN_20221102_01527.png,-0.064915327833261,-0.0306122448979592,0
GOOGL,2022-11-02,GOOGL_20221102_00267,ml/datasets/charts/processed/GOOGL/GOOGL_20221102_00267.png,0.0040244659349708,-0.0407036323741127,0
MSFT,2022-11-02,MSFT_20221102_01527,ml/datasets/charts/processed/MSFT/MSFT_20221102_01527.png,0.0200363471149478,-0.0265788278055428,0
NVDA,2022-11-02,NVDA_20221102_01527,ml/datasets/charts/processed/NVDA/NVDA_20221102_01527.png,0.0423600605143721,0.0151285930408471,1
AAPL,2022-11-03,AAPL_20221103_00268,ml/datasets/charts/processed/AAPL/AAPL_20221103_00268.png,0.0592857309282257,-0.0019477499388387,0
AMZN,2022-11-03,AMZN_20221103_01528,ml/datasets/charts/processed/AMZN/AMZN_20221103_01528.png,0.0820828667413213,0.0188129899216125,1
GOOGL,2022-11-03,GOOGL_20221103_00268,ml/datasets/charts/processed/GOOGL/GOOGL_20221103_00268.png,0.1259738820762339,0.0377562118613115,1
MSFT,2022-11-03,MSFT_20221103_01528,ml/datasets/charts/processed/MSFT/MSFT_20221103_01528.png,0.1340956826137689,0.0333255542590431,1
NVDA,2022-11-03,NVDA_20221103_01528,ml/datasets/charts/processed/NVDA/NVDA_20221103_01528.png,0.1736214605067063,0.0551415797317436,1
AAPL,2022-11-04,AAPL_20221104_00269,ml/datasets/charts/processed/AAPL/AAPL_20221104_00269.png,0.0818039748430834,0.0039026532025954,1
AMZN,2022-11-04,AMZN_20221104_01529,ml/datasets/charts/processed/AMZN/AMZN_20221104_01529.png,0.107825895801275,-0.0049461420092328,0
GOOGL,2022-11-04,GOOGL_20221104_00269,ml/datasets/charts/processed/GOOGL/GOOGL_20221104_00269.png,0.1135366753401418,0.0220605093794525,1
MSFT,2022-11-04,MSFT_20221104_01529,ml/datasets/charts/processed/MSFT/MSFT_20221104_01529.png,0.1161750756583406,0.0292696147070781,1
NVDA,2022-11-04,NVDA_20221104_01529,ml/datasets/charts/processed/NVDA/NVDA_20221104_01529.png,0.1532485875706213,0.0098870056497175,1
AAPL,2022-11-07,AAPL_20221107_00270,ml/datasets/charts/processed/AAPL/AAPL_20221107_00270.png,0.0673767928119377,0.0041748056482744,1
AMZN,2022-11-07,AMZN_20221107_01530,ml/datasets/charts/processed/AMZN/AMZN_20221107_01530.png,0.0879266541477963,-0.0060753341433779,0
GOOGL,2022-11-07,GOOGL_20221107_00270,ml/datasets/charts/processed/GOOGL/GOOGL_20221107_00270.png,0.0814780485878543,0.0046332756294067,1
MSFT,2022-11-07,MSFT_20221107_01530,ml/datasets/charts/processed/MSFT/MSFT_20221107_01530.png,0.0600342300434457,0.004388467108439,1
NVDA,2022-11-07,NVDA_20221107_01530,ml/datasets/charts/processed/NVDA/NVDA_20221107_01530.png,0.1398601398601398,0.0209790209790208,1
AAPL,2022-11-08,AAPL_20221108_00271,ml/datasets/charts/processed/AAPL/AAPL_20221108_00271.png,0.0755556421489764,-0.0331898975166862,0
AMZN,2022-11-08,AMZN_20221108_01531,ml/datasets/charts/processed/AMZN/AMZN_20221108_01531.png,0.0995776839297621,-0.0426761502556124,0
GOOGL,2022-11-08,GOOGL_20221108_00271,ml/datasets/charts/processed/GOOGL/GOOGL_20221108_00271.png,0.1073116312413502,-0.0177727310704824,0
MSFT,2022-11-08,MSFT_20221108_01531,ml/datasets/charts/processed/MSFT/MSFT_20221108_01531.png,0.057237733210993,-0.0190501157862542,0
NVDA,2022-11-08,NVDA_20221108_01531,ml/datasets/charts/processed/NVDA/NVDA_20221108_01531.png,0.1417808219178082,-0.0561643835616438,0
AAPL,2022-11-09,AAPL_20221109_00272,ml/datasets/charts/processed/AAPL/AAPL_20221109_00272.png,0.1032104460699414,0.088974578066846,1
AMZN,2022-11-09,AMZN_20221109_01532,ml/datasets/charts/processed/AMZN/AMZN_20221109_01532.png,0.1274669143255167,0.12177850011609,1
GOOGL,2022-11-09,GOOGL_20221109_00272,ml/datasets/charts/processed/GOOGL/GOOGL_20221109_00272.png,0.1320430350548789,0.0758130820163793,1
MSFT,2022-11-09,MSFT_20221109_01532,ml/datasets/charts/processed/MSFT/MSFT_20221109_01532.png,0.0767003696940002,0.0822680504209165,1
NVDA,2022-11-09,NVDA_20221109_01532,ml/datasets/charts/processed/NVDA/NVDA_20221109_01532.png,0.1545718432510885,0.1429608127721335,1
AAPL,2022-11-10,AAPL_20221110_00273,ml/datasets/charts/processed/AAPL/AAPL_20221110_00273.png,0.026213556607368,0.0192687956545356,1
AMZN,2022-11-10,AMZN_20221110_01533,ml/datasets/charts/processed/AMZN/AMZN_20221110_01533.png,-0.0184207802959743,0.0430508123771087,1
GOOGL,2022-11-10,GOOGL_20221110_00273,ml/datasets/charts/processed/GOOGL/GOOGL_20221110_00273.png,0.0470512873666022,0.0262934339460871,1
MSFT,2022-11-10,MSFT_20221110_01533,ml/datasets/charts/processed/MSFT/MSFT_20221110_01533.png,-0.0053502345872087,0.0169972837270557,1
NVDA,2022-11-10,NVDA_20221110_01533,ml/datasets/charts/processed/NVDA/NVDA_20221110_01533.png,-0.0044444444444444,0.0368253968253966,1
AAPL,2022-11-11,AAPL_20221111_00274,ml/datasets/charts/processed/AAPL/AAPL_20221111_00274.png,0.0106211462629384,-0.0094856192165413,0
AMZN,2022-11-11,AMZN_20221111_01534,ml/datasets/charts/processed/AMZN/AMZN_20221111_01534.png,-0.0659787677348944,-0.0228197241789861,0
GOOGL,2022-11-11,GOOGL_20221111_00274,ml/datasets/charts/processed/GOOGL/GOOGL_20221111_00274.png,0.0105797054588665,-0.0073645262875946,0
MSFT,2022-11-11,MSFT_20221111_01534,ml/datasets/charts/processed/MSFT/MSFT_20221111_01534.png,-0.0238355388288616,-0.0225001011695196,0
NVDA,2022-11-11,NVDA_20221111_01534,ml/datasets/charts/processed/NVDA/NVDA_20221111_01534.png,-0.056338028169014,-0.0018371096142068,0
AAPL,2022-11-14,AAPL_20221114_00275,ml/datasets/charts/processed/AAPL/AAPL_20221114_00275.png,-0.0018210447031595,0.0118693653377452,1
AMZN,2022-11-14,AMZN_20221114_01535,ml/datasets/charts/processed/AMZN/AMZN_20221114_01535.png,-0.0612244897959184,0.0045689917758149,1
GOOGL,2022-11-14,GOOGL_20221114_00275,ml/datasets/charts/processed/GOOGL/GOOGL_20221114_00275.png,-0.0010449324155857,0.0286312447017456,1
MSFT,2022-11-14,MSFT_20221114_01535,ml/datasets/charts/processed/MSFT/MSFT_20221114_01535.png,0.0020699648105981,0.0017387704409024,1
NVDA,2022-11-14,NVDA_20221114_01535,ml/datasets/charts/processed/NVDA/NVDA_20221114_01535.png,-0.060122699386503,0.0226993865030675,1
AAPL,2022-11-15,AAPL_20221115_00276,ml/datasets/charts/processed/AAPL/AAPL_20221115_00276.png,0.0009329660816677,-0.0083311707663312,0
AMZN,2022-11-15,AMZN_20221115_01536,ml/datasets/charts/processed/AMZN/AMZN_20221115_01536.png,-0.0580149585607437,-0.0183949868607236,0
GOOGL,2022-11-15,GOOGL_20221115_00276,ml/datasets/charts/processed/GOOGL/GOOGL_20221115_00276.png,-0.0141202168496501,0.0041649588617753,1
MSFT,2022-11-15,MSFT_20221115_01536,ml/datasets/charts/processed/MSFT/MSFT_20221115_01536.png,0.0126461958093979,-0.0009918584948547,0
NVDA,2022-11-15,NVDA_20221115_01536,ml/datasets/charts/processed/NVDA/NVDA_20221115_01536.png,-0.0377924415116978,-0.0455908818236353,0
AAPL,2022-11-16,AAPL_20221116_00277,ml/datasets/charts/processed/AAPL/AAPL_20221116_00277.png,0.0153239479784299,0.0129712592860431,1
AMZN,2022-11-16,AMZN_20221116_01537,ml/datasets/charts/processed/AMZN/AMZN_20221116_01537.png,-0.0307866556836903,-0.0233731466227348,0
GOOGL,2022-11-16,GOOGL_20221116_00277,ml/datasets/charts/processed/GOOGL/GOOGL_20221116_00277.png,-0.0039453882702311,-0.004957022295115,0
MSFT,2022-11-16,MSFT_20221116_01537,ml/datasets/charts/processed/MSFT/MSFT_20221116_01537.png,0.0242005543374841,-0.0002068423447647,0
NVDA,2022-11-16,NVDA_20221116_01537,ml/datasets/charts/processed/NVDA/NVDA_20221116_01537.png,0.0383406662476428,-0.0144563167818981,0
AAPL,2022-11-17,AAPL_20221117_00278,ml/datasets/charts/processed/AAPL/AAPL_20221117_00278.png,-0.0173166333637972,0.0037819048307004,1
AMZN,2022-11-17,AMZN_20221117_01538,ml/datasets/charts/processed/AMZN/AMZN_20221117_01538.png,-0.0151818661043753,-0.0074855034264628,0
GOOGL,2022-11-17,GOOGL_20221117_00278,ml/datasets/charts/processed/GOOGL/GOOGL_20221117_00278.png,-0.0091499067840432,-0.0094550967029474,0
MSFT,2022-11-17,MSFT_20221117_01538,ml/datasets/charts/processed/MSFT/MSFT_20221117_01538.png,0.0240400529625952,-0.0019033432638199,0
NVDA,2022-11-17,NVDA_20221117_01538,ml/datasets/charts/processed/NVDA/NVDA_20221117_01538.png,0.037627551020408,-0.017219387755102,0
AAPL,2022-11-18,AAPL_20221118_00279,ml/datasets/charts/processed/AAPL/AAPL_20221118_00279.png,-0.0467312112529731,-0.0216802671575093,0
AMZN,2022-11-18,AMZN_20221118_01539,ml/datasets/charts/processed/AMZN/AMZN_20221118_01539.png,-0.002018270660718,-0.0178457616316125,0
GOOGL,2022-11-18,GOOGL_20221118_00279,ml/datasets/charts/processed/GOOGL/GOOGL_20221118_00279.png,-0.0141638928174222,-0.0187827527381275,0
MSFT,2022-11-18,MSFT_20221118_01539,ml/datasets/charts/processed/MSFT/MSFT_20221118_01539.png,0.0022386203465716,0.0034408423845453,1
NVDA,2022-11-18,NVDA_20221118_01539,ml/datasets/charts/processed/NVDA/NVDA_20221118_01539.png,0.0272550292018169,-0.0058403634003894,0
AAPL,2022-11-21,AAPL_20221121_00280,ml/datasets/charts/processed/AAPL/AAPL_20221121_00280.png,-0.0462130639406724,0.0146611484445609,1
AMZN,2022-11-21,AMZN_20221121_01540,ml/datasets/charts/processed/AMZN/AMZN_20221121_01540.png,-0.0004326195111398,0.0080034609560892,1
GOOGL,2022-11-21,GOOGL_20221121_00280,ml/datasets/charts/processed/GOOGL/GOOGL_20221121_00280.png,-0.0042886076944058,0.0151675299275029,1
MSFT,2022-11-21,MSFT_20221121_01540,ml/datasets/charts/processed/MSFT/MSFT_20221121_01540.png,-0.0071059698409419,0.0123115058872134,1
NVDA,2022-11-21,NVDA_20221121_01540,ml/datasets/charts/processed/NVDA/NVDA_20221121_01540.png,0.0208877284595301,0.0469973890339425,1
AAPL,2022-11-22,AAPL_20221122_00281,ml/datasets/charts/processed/AAPL/AAPL_20221122_00281.png,-0.0143157938280797,0.0059266153718871,1
AMZN,2022-11-22,AMZN_20221122_01541,ml/datasets/charts/processed/AMZN/AMZN_20221122_01541.png,0.0358369098712447,0.0099785407725321,1
GOOGL,2022-11-22,GOOGL_20221122_00281,ml/datasets/charts/processed/GOOGL/GOOGL_20221122_00281.png,0.0405975730791055,0.014528500640905,1
MSFT,2022-11-22,MSFT_20221122_01541,ml/datasets/charts/processed/MSFT/MSFT_20221122_01541.png,0.0412602538464677,0.0104068889523731,1
NVDA,2022-11-22,NVDA_20221122_01541,ml/datasets/charts/processed/NVDA/NVDA_20221122_01541.png,0.0548628428927682,0.029925187032419,1
AAPL,2022-11-23,AAPL_20221123_00282,ml/datasets/charts/processed/AAPL/AAPL_20221123_00282.png,-0.0182699373737266,-0.0195936879427666,0
AMZN,2022-11-23,AMZN_20221123_01542,ml/datasets/charts/processed/AMZN/AMZN_20221123_01542.png,0.0145543397429088,-0.0076489960692659,0
GOOGL,2022-11-23,GOOGL_20221123_00282,ml/datasets/charts/processed/GOOGL/GOOGL_20221123_00282.png,0.0256957516932565,-0.0101562548858967,0
MSFT,2022-11-23,MSFT_20221123_01542,ml/datasets/charts/processed/MSFT/MSFT_20221123_01542.png,0.0287179901445997,-0.0003635188625898,0
NVDA,2022-11-23,NVDA_20221123_01542,ml/datasets/charts/processed/NVDA/NVDA_20221123_01542.png,0.0375302663438257,-0.0151331719128329,0
AAPL,2022-11-25,AAPL_20221125_00283,ml/datasets/charts/processed/AAPL/AAPL_20221125_00283.png,-0.0020255188530756,-0.02626421381325,0
AMZN,2022-11-25,AMZN_20221125_01543,ml/datasets/charts/processed/AMZN/AMZN_20221125_01543.png,0.0077079541804945,0.0057809656353711,1
GOOGL,2022-11-25,GOOGL_20221125_00283,ml/datasets/charts/processed/GOOGL/GOOGL_20221125_00283.png,0.0305765233649466,-0.0144675383876894,0
MSFT,2022-11-25,MSFT_20221125_01543,ml/datasets/charts/processed/MSFT/MSFT_20221125_01543.png,0.0304254717362317,-0.0231524506040649,0
NVDA,2022-11-25,NVDA_20221125_01543,ml/datasets/charts/processed/NVDA/NVDA_20221125_01543.png,0.0374923171481254,-0.0270436385986477,0
AAPL,2022-11-28,AAPL_20221128_00284,ml/datasets/charts/processed/AAPL/AAPL_20221128_00284.png,0.0167103567597093,-0.0211485034554695,0
AMZN,2022-11-28,AMZN_20221128_01544,ml/datasets/charts/processed/AMZN/AMZN_20221128_01544.png,-0.0312932410856838,-0.0162852581160192,0
GOOGL,2022-11-28,GOOGL_20221128_00284,ml/datasets/charts/processed/GOOGL/GOOGL_20221128_00284.png,0.0357105250547047,-0.0089537355072363,0
MSFT,2022-11-28,MSFT_20221128_01544,ml/datasets/charts/processed/MSFT/MSFT_20221128_01544.png,0.0349106551952349,-0.0059149569821309,0
NVDA,2022-11-28,NVDA_20221128_01544,ml/datasets/charts/processed/NVDA/NVDA_20221128_01544.png,0.0492735312697409,-0.0120025268477573,0
AAPL,2022-11-29,AAPL_20221129_00285,ml/datasets/charts/processed/AAPL/AAPL_20221129_00285.png,0.0123257930380145,0.0485942203929028,1
AMZN,2022-11-29,AMZN_20221129_01545,ml/datasets/charts/processed/AMZN/AMZN_20221129_01545.png,-0.0451201038736204,0.0445790954338887,1
GOOGL,2022-11-29,GOOGL_20221129_00285,ml/datasets/charts/processed/GOOGL/GOOGL_20221129_00285.png,0.0188045975598771,0.0609307838340522,1
MSFT,2022-11-29,MSFT_20221129_01545,ml/datasets/charts/processed/MSFT/MSFT_20221129_01545.png,0.0199309283069113,0.0616236008821202,1
NVDA,2022-11-29,NVDA_20221129_01545,ml/datasets/charts/processed/NVDA/NVDA_20221129_01545.png,0.0223785166240408,0.081841432225064,1
AAPL,2022-11-30,AAPL_20221130_00286,ml/datasets/charts/processed/AAPL/AAPL_20221130_00286.png,-0.0478959985193846,0.0018912679364091,1
AMZN,2022-11-30,AMZN_20221130_01546,ml/datasets/charts/processed/AMZN/AMZN_20221130_01546.png,-0.0836958773565362,-0.0107727366894552,0
GOOGL,2022-11-30,GOOGL_20221130_00286,ml/datasets/charts/processed/GOOGL/GOOGL_20221130_00286.png,-0.0599068580458634,0.0,0
MSFT,2022-11-30,MSFT_20221130_01546,ml/datasets/charts/processed/MSFT/MSFT_20221130_01546.png,-0.042212118836717,-0.0017637375558516,0
NVDA,2022-11-30,NVDA_20221130_01546,ml/datasets/charts/processed/NVDA/NVDA_20221130_01546.png,-0.0472813238770686,0.0130023640661938,1
AAPL,2022-12-01,AAPL_20221201_00287,ml/datasets/charts/processed/AAPL/AAPL_20221201_00287.png,-0.0381635190724917,-0.0033711731603009,0
AMZN,2022-12-01,AMZN_20221201_01547,ml/datasets/charts/processed/AMZN/AMZN_20221201_01547.png,-0.0539267015706806,-0.0143455497382199,0
GOOGL,2022-12-01,GOOGL_20221201_00287,ml/datasets/charts/processed/GOOGL/GOOGL_20221201_00287.png,-0.0720863148366943,-0.0054460849328895,0
MSFT,2022-12-01,MSFT_20221201_01547,ml/datasets/charts/processed/MSFT/MSFT_20221201_01547.png,-0.028623031921159,0.0012956928030154,1
NVDA,2022-12-01,NVDA_20221201_01547,ml/datasets/charts/processed/NVDA/NVDA_20221201_01547.png,0.0017502917152858,-0.015169194865811,0
AAPL,2022-12-02,AAPL_20221202_00288,ml/datasets/charts/processed/AAPL/AAPL_20221202_00288.png,-0.0382250468267015,-0.0079833930965264,0
AMZN,2022-12-02,AMZN_20221202_01548,ml/datasets/charts/processed/AMZN/AMZN_20221202_01548.png,-0.0535429724848612,-0.0331456496334855,0
GOOGL,2022-12-02,GOOGL_20221202_00288,ml/datasets/charts/processed/GOOGL/GOOGL_20221202_00288.png,-0.075766627772726,-0.00955793176604,0
MSFT,2022-12-02,MSFT_20221202_01548,ml/datasets/charts/processed/MSFT/MSFT_20221202_01548.png,-0.0376441063446004,-0.0189004783938515,0
NVDA,2022-12-02,NVDA_20221202_01548,ml/datasets/charts/processed/NVDA/NVDA_20221202_01548.png,0.0071090047393365,-0.015995260663507,0
AAPL,2022-12-05,AAPL_20221205_00289,ml/datasets/charts/processed/AAPL/AAPL_20221205_00289.png,-0.0145943852724512,-0.0253698008310111,0
AMZN,2022-12-05,AMZN_20221205_01549,ml/datasets/charts/processed/AMZN/AMZN_20221205_01549.png,-0.0050543896275135,-0.0303263377650808,0
GOOGL,2022-12-05,GOOGL_20221205_00289,ml/datasets/charts/processed/GOOGL/GOOGL_20221205_00289.png,-0.0620224986167676,-0.0251306072162975,0
MSFT,2022-12-05,MSFT_20221205_01549,ml/datasets/charts/processed/MSFT/MSFT_20221205_01549.png,0.0092326139088729,-0.0203037569944044,0
NVDA,2022-12-05,NVDA_20221205_01549,ml/datasets/charts/processed/NVDA/NVDA_20221205_01549.png,0.0559903672486454,-0.0373269114990968,0
AAPL,2022-12-06,AAPL_20221206_00290,ml/datasets/charts/processed/AAPL/AAPL_20221206_00290.png,0.0179133622727831,-0.0137851272470358,0
AMZN,2022-12-06,AMZN_20221206_01550,ml/datasets/charts/processed/AMZN/AMZN_20221206_01550.png,0.0480453257790367,0.0023796033994334,1
GOOGL,2022-12-06,GOOGL_20221206_00290,ml/datasets/charts/processed/GOOGL/GOOGL_20221206_00290.png,-0.0139204770929964,-0.021035283547784,0
MSFT,2022-12-06,MSFT_20221206_01550,ml/datasets/charts/processed/MSFT/MSFT_20221206_01550.png,0.048139686684073,-0.0030597258485639,0
NVDA,2022-12-06,NVDA_20221206_01550,ml/datasets/charts/processed/NVDA/NVDA_20221206_01550.png,0.1300813008130081,0.0081300813008131,1
AAPL,2022-12-07,AAPL_20221207_00291,ml/datasets/charts/processed/AAPL/AAPL_20221207_00291.png,0.0161062659379127,0.012132676604001,1
AMZN,2022-12-07,AMZN_20221207_01551,ml/datasets/charts/processed/AMZN/AMZN_20221207_01551.png,0.0352701786118019,0.0213655889667645,1
GOOGL,2022-12-07,GOOGL_20221207_00291,ml/datasets/charts/processed/GOOGL/GOOGL_20221207_00291.png,0.0013691563482018,-0.0129555851939456,0
MSFT,2022-12-07,MSFT_20221207_01551,ml/datasets/charts/processed/MSFT/MSFT_20221207_01551.png,0.052584196096084,0.0123992306747964,1
NVDA,2022-12-07,NVDA_20221207_01551,ml/datasets/charts/processed/NVDA/NVDA_20221207_01551.png,0.0961538461538462,0.0651364764267989,1
AAPL,2022-12-08,AAPL_20221208_00292,ml/datasets/charts/processed/AAPL/AAPL_20221208_00292.png,-0.0431121442710522,-0.0034349265474018,0
AMZN,2022-12-08,AMZN_20221208_01552,ml/datasets/charts/processed/AMZN/AMZN_20221208_01552.png,-0.0210293303818482,-0.013945766463752,0
GOOGL,2022-12-08,GOOGL_20221208_00292,ml/datasets/charts/processed/GOOGL/GOOGL_20221208_00292.png,-0.0304129816988385,-0.009390707905616,0
MSFT,2022-12-08,MSFT_20221208_01552,ml/datasets/charts/processed/MSFT/MSFT_20221208_01552.png,0.0065076798706547,-0.0080032336297494,0
NVDA,2022-12-08,NVDA_20221208_01552,ml/datasets/charts/processed/NVDA/NVDA_20221208_01552.png,-0.0128130460104834,-0.00990099009901,0
AAPL,2022-12-09,AAPL_20221209_00293,ml/datasets/charts/processed/AAPL/AAPL_20221209_00293.png,-0.0538126591107084,0.0163903012033581,1
AMZN,2022-12-09,AMZN_20221209_01553,ml/datasets/charts/processed/AMZN/AMZN_20221209_01553.png,-0.0138062633292176,0.0163879223257379,1
GOOGL,2022-12-09,GOOGL_20221209_00293,ml/datasets/charts/processed/GOOGL/GOOGL_20221209_00293.png,-0.0276849884220939,0.0051707764978665,1
MSFT,2022-12-09,MSFT_20221209_01553,ml/datasets/charts/processed/MSFT/MSFT_20221209_01553.png,-0.0029744927063808,0.0288892510797815,1
NVDA,2022-12-09,NVDA_20221209_01553,ml/datasets/charts/processed/NVDA/NVDA_20221209_01553.png,-0.0252941176470588,0.0317647058823529,1
AAPL,2022-12-12,AAPL_20221212_00294,ml/datasets/charts/processed/AAPL/AAPL_20221212_00294.png,-0.0838812964340818,0.0067824743245419,1
AMZN,2022-12-12,AMZN_20221212_01554,ml/datasets/charts/processed/AMZN/AMZN_20221212_01554.png,-0.062175593594699,0.0214246272777469,1
GOOGL,2022-12-12,GOOGL_20221212_00294,ml/datasets/charts/processed/GOOGL/GOOGL_20221212_00294.png,-0.0521916782982988,0.0248633302133254,1
MSFT,2022-12-12,MSFT_20221212_01554,ml/datasets/charts/processed/MSFT/MSFT_20221212_01554.png,-0.0477604847332778,0.017464654865154,1
NVDA,2022-12-12,NVDA_20221212_01554,ml/datasets/charts/processed/NVDA/NVDA_20221212_01554.png,-0.0735461801596351,0.0302166476624858,1
AAPL,2022-12-13,AAPL_20221213_00295,ml/datasets/charts/processed/AAPL/AAPL_20221213_00295.png,-0.090534179782692,-0.0155359494171737,0
AMZN,2022-12-13,AMZN_20221213_01555,ml/datasets/charts/processed/AMZN/AMZN_20221213_01555.png,-0.0789274516163909,-0.0098389015028651,0
GOOGL,2022-12-13,GOOGL_20221213_00295,ml/datasets/charts/processed/GOOGL/GOOGL_20221213_00295.png,-0.0691205672263276,-0.0058559685749969,0
MSFT,2022-12-13,MSFT_20221213_01555,ml/datasets/charts/processed/MSFT/MSFT_20221213_01555.png,-0.0588510042036432,0.0011676786548342,1
NVDA,2022-12-13,NVDA_20221213_01555,ml/datasets/charts/processed/NVDA/NVDA_20221213_01555.png,-0.109573879358052,-0.0221361372440508,0
AAPL,2022-12-14,AAPL_20221214_00296,ml/datasets/charts/processed/AAPL/AAPL_20221214_00296.png,-0.0541861434105794,-0.0468541538469546,0
AMZN,2022-12-14,AMZN_20221214_01556,ml/datasets/charts/processed/AMZN/AMZN_20221214_01556.png,-0.0525223848001746,-0.0341777680716313,0
GOOGL,2022-12-14,GOOGL_20221214_00296,ml/datasets/charts/processed/GOOGL/GOOGL_20221214_00296.png,-0.0577468744461701,-0.0442830748125874,0
MSFT,2022-12-14,MSFT_20221214_01556,ml/datasets/charts/processed/MSFT/MSFT_20221214_01556.png,-0.0497239716973797,-0.0319182023170827,0
NVDA,2022-12-14,NVDA_20221214_01556,ml/datasets/charts/processed/NVDA/NVDA_20221214_01556.png,-0.066213921901528,-0.0407470288624789,0
AAPL,2022-12-15,AAPL_20221215_00297,ml/datasets/charts/processed/AAPL/AAPL_20221215_00297.png,-0.03128222854745,-0.0145791367004702,0
AMZN,2022-12-15,AMZN_20221215_01557,ml/datasets/charts/processed/AMZN/AMZN_20221215_01557.png,-0.0526851328434143,-0.0066704352741662,0
GOOGL,2022-12-15,GOOGL_20221215_00297,ml/datasets/charts/processed/GOOGL/GOOGL_20221215_00297.png,-0.0341185997340511,-0.0066035671563007,0
MSFT,2022-12-15,MSFT_20221215_01557,ml/datasets/charts/processed/MSFT/MSFT_20221215_01557.png,-0.043452070197984,-0.0173487008553873,0
NVDA,2022-12-15,NVDA_20221215_01557,ml/datasets/charts/processed/NVDA/NVDA_20221215_01557.png,-0.0949852507374631,-0.0224188790560471,0
AAPL,2022-12-16,AAPL_20221216_00298,ml/datasets/charts/processed/AAPL/AAPL_20221216_00298.png,-0.0197008102963065,-0.0159092974333708,0
AMZN,2022-12-16,AMZN_20221216_01558,ml/datasets/charts/processed/AMZN/AMZN_20221216_01558.png,-0.0297063510129751,-0.0334623264284088,0
GOOGL,2022-12-16,GOOGL_20221216_00298,ml/datasets/charts/processed/GOOGL/GOOGL_20221216_00298.png,-0.0114115994803939,-0.0201640256999122,0
MSFT,2022-12-16,MSFT_20221216_01558,ml/datasets/charts/processed/MSFT/MSFT_20221216_01558.png,-0.0243573501164738,-0.0173280477338674,0
NVDA,2022-12-16,NVDA_20221216_01558,ml/datasets/charts/processed/NVDA/NVDA_20221216_01558.png,-0.0820760410380204,-0.0193120096560048,0
AAPL,2022-12-19,AAPL_20221219_00299,ml/datasets/charts/processed/AAPL/AAPL_20221219_00299.png,-0.0176778396583124,-0.000528812229302,0
AMZN,2022-12-19,AMZN_20221219_01559,ml/datasets/charts/processed/AMZN/AMZN_20221219_01559.png,-0.0221384832783796,0.0031794630240224,1
GOOGL,2022-12-19,GOOGL_20221219_00299,ml/datasets/charts/processed/GOOGL/GOOGL_20221219_00299.png,-0.0118725458267544,0.00655815490906,1
MSFT,2022-12-19,MSFT_20221219_01559,ml/datasets/charts/processed/MSFT/MSFT_20221219_01559.png,-0.0145144520690371,0.0056144728633813,1
NVDA,2022-12-19,NVDA_20221219_01559,ml/datasets/charts/processed/NVDA/NVDA_20221219_01559.png,-0.1310769230769231,-0.0098461538461538,0
AAPL,2022-12-20,AAPL_20221220_00300,ml/datasets/charts/processed/AAPL/AAPL_20221220_00300.png,-0.0473168155351841,0.0238094930636352,1
AMZN,2022-12-20,AMZN_20221220_01560,ml/datasets/charts/processed/AMZN/AMZN_20221220_01560.png,-0.0395586336424463,0.0185467777908205,1
GOOGL,2022-12-20,GOOGL_20221220_00300,ml/datasets/charts/processed/GOOGL/GOOGL_20221220_00300.png,-0.0337002990624856,0.0062907051988176,1
MSFT,2022-12-20,MSFT_20221220_01560,ml/datasets/charts/processed/MSFT/MSFT_20221220_01560.png,-0.030066170388751,0.0108767576509511,1
NVDA,2022-12-20,NVDA_20221220_01560,ml/datasets/charts/processed/NVDA/NVDA_20221220_01560.png,-0.127408328154133,0.0254816656308265,1
AAPL,2022-12-21,AAPL_20221221_00301,ml/datasets/charts/processed/AAPL/AAPL_20221221_00301.png,-0.0431155857833539,-0.0237726868539079,0
AMZN,2022-12-21,AMZN_20221221_01561,ml/datasets/charts/processed/AMZN/AMZN_20221221_01561.png,-0.0298490261611155,-0.034343667166071,0
GOOGL,2022-12-21,GOOGL_20221221_00301,ml/datasets/charts/processed/GOOGL/GOOGL_20221221_00301.png,-0.0126144600498133,-0.0203171770692641,0
MSFT,2022-12-21,MSFT_20221221_01561,ml/datasets/charts/processed/MSFT/MSFT_20221221_01561.png,-0.0139917358753017,-0.0255287812461645,0
NVDA,2022-12-21,NVDA_20221221_01561,ml/datasets/charts/processed/NVDA/NVDA_20221221_01561.png,-0.1151515151515152,-0.0703030303030303,0
AAPL,2022-12-22,AAPL_20221222_00302,ml/datasets/charts/processed/AAPL/AAPL_20221222_00302.png,-0.0173938163645885,-0.0027980261359743,0
AMZN,2022-12-22,AMZN_20221222_01562,ml/datasets/charts/processed/AMZN/AMZN_20221222_01562.png,0.0025062656641603,0.0174245136651149,1
GOOGL,2022-12-22,GOOGL_20221222_00302,ml/datasets/charts/processed/GOOGL/GOOGL_20221222_00302.png,0.0053556573428259,0.0167502866878184,1
MSFT,2022-12-22,MSFT_20221222_01562,ml/datasets/charts/processed/MSFT/MSFT_20221222_01562.png,0.0068432763760022,0.0022670976951173,1
NVDA,2022-12-22,NVDA_20221222_01562,ml/datasets/charts/processed/NVDA/NVDA_20221222_01562.png,-0.0475880052151238,-0.0084745762711864,0
AAPL,2022-12-23,AAPL_20221223_00303,ml/datasets/charts/processed/AAPL/AAPL_20221223_00303.png,-0.0514941218748516,-0.0138785025318499,0
AMZN,2022-12-23,AMZN_20221223_01563,ml/datasets/charts/processed/AMZN/AMZN_20221223_01563.png,0.0066862170087975,-0.0259237536656891,0
GOOGL,2022-12-23,GOOGL_20221223_00303,ml/datasets/charts/processed/GOOGL/GOOGL_20221223_00303.png,-0.0012325798571832,-0.0206208910769982,0
MSFT,2022-12-23,MSFT_20221223_01563,ml/datasets/charts/processed/MSFT/MSFT_20221223_01563.png,0.0035605076865079,-0.0074142336530808,0
NVDA,2022-12-23,NVDA_20221223_01563,ml/datasets/charts/processed/NVDA/NVDA_20221223_01563.png,-0.059171597633136,-0.0716633793556871,0
AAPL,2022-12-27,AAPL_20221227_00304,ml/datasets/charts/processed/AAPL/AAPL_20221227_00304.png,-0.0282241554438208,-0.0306852147008291,0
AMZN,2022-12-27,AMZN_20221227_01564,ml/datasets/charts/processed/AMZN/AMZN_20221227_01564.png,0.0252890173410405,-0.0146917148362236,0
GOOGL,2022-12-27,GOOGL_20221227_00304,ml/datasets/charts/processed/GOOGL/GOOGL_20221227_00304.png,0.007895660491443,-0.0156767328374306,0
MSFT,2022-12-27,MSFT_20221227_01564,ml/datasets/charts/processed/MSFT/MSFT_20221227_01564.png,-0.0331701553004727,-0.0102548953409858,0
NVDA,2022-12-27,NVDA_20221227_01564,ml/datasets/charts/processed/NVDA/NVDA_20221227_01564.png,0.0446175637393768,-0.0056657223796033,0
AAPL,2022-12-28,AAPL_20221228_00305,ml/datasets/charts/processed/AAPL/AAPL_20221228_00305.png,-0.0080927334216027,0.028324382139673,1
AMZN,2022-12-28,AMZN_20221228_01565,ml/datasets/charts/processed/AMZN/AMZN_20221228_01565.png,0.0158885358103155,0.0288438034710341,1
GOOGL,2022-12-28,GOOGL_20221228_00305,ml/datasets/charts/processed/GOOGL/GOOGL_20221228_00305.png,0.002092572860656,0.028249196740504,1
MSFT,2022-12-28,MSFT_20221228_01565,ml/datasets/charts/processed/MSFT/MSFT_20221228_01565.png,-0.0521042084168336,0.0276297275401866,1
NVDA,2022-12-28,NVDA_20221228_01565,ml/datasets/charts/processed/NVDA/NVDA_20221228_01565.png,0.0163817663817664,0.0398860398860398,1
AAPL,2022-12-29,AAPL_20221229_00306,ml/datasets/charts/processed/AAPL/AAPL_20221229_00306.png,7.717042417132447e-05,0.0024690341690027,1
AMZN,2022-12-29,AMZN_20221229_01566,ml/datasets/charts/processed/AMZN/AMZN_20221229_01566.png,0.0225706818721784,-0.0021382751247327,0
GOOGL,2022-12-29,GOOGL_20221229_00306,ml/datasets/charts/processed/GOOGL/GOOGL_20221229_00306.png,-0.0125494488453603,-0.0024872467904535,0
MSFT,2022-12-29,MSFT_20221229_01566,ml/datasets/charts/processed/MSFT/MSFT_20221229_01566.png,-0.066719223268744,-0.0049375544583212,0
NVDA,2022-12-29,NVDA_20221229_01566,ml/datasets/charts/processed/NVDA/NVDA_20221229_01566.png,0.0178082191780821,0.0006849315068493,1
AAPL,2022-12-30,AAPL_20221230_00307,ml/datasets/charts/processed/AAPL/AAPL_20221230_00307.png,0.00169320925072,-0.0374048630667073,0
AMZN,2022-12-30,AMZN_20221230_01567,ml/datasets/charts/processed/AMZN/AMZN_20221230_01567.png,0.04,0.0216666666666665,1
GOOGL,2022-12-30,GOOGL_20221230_00307,ml/datasets/charts/processed/GOOGL/GOOGL_20221230_00307.png,-0.0023801259007476,0.0100873788770827,1
MSFT,2022-12-30,MSFT_20221230_01567,ml/datasets/charts/processed/MSFT/MSFT_20221230_01567.png,-0.0529563839546326,-0.0010007505629221,0
NVDA,2022-12-30,NVDA_20221230_01567,ml/datasets/charts/processed/NVDA/NVDA_20221230_01567.png,0.0698151950718686,-0.0205338809034907,0
AAPL,2023-01-03,AAPL_20230103_00308,ml/datasets/charts/processed/AAPL/AAPL_20230103_00308.png,0.0452547855728096,0.0103142986644479,1
AMZN,2023-01-03,AMZN_20230103_01568,ml/datasets/charts/processed/AMZN/AMZN_20230103_01568.png,0.0471917967839665,-0.0079235609415053,0
GOOGL,2023-01-03,GOOGL_20230103_00308,ml/datasets/charts/processed/GOOGL/GOOGL_20230103_00308.png,-0.0078546654138815,-0.0116698503057701,0
MSFT,2023-01-03,MSFT_20230103_01568,ml/datasets/charts/processed/MSFT/MSFT_20230103_01568.png,-0.0447867100759663,-0.0437432172969364,0
NVDA,2023-01-03,NVDA_20230103_01568,ml/datasets/charts/processed/NVDA/NVDA_20230103_01568.png,0.1118099231306777,0.0307477288609363,1
AAPL,2023-01-04,AAPL_20230104_00309,ml/datasets/charts/processed/AAPL/AAPL_20230104_00309.png,0.0564262053308237,-0.0106047762699424,0
AMZN,2023-01-04,AMZN_20230104_01569,ml/datasets/charts/processed/AMZN/AMZN_20230104_01569.png,0.1168663377965704,-0.0237256283767911,0
GOOGL,2023-01-04,GOOGL_20230104_00309,ml/datasets/charts/processed/GOOGL/GOOGL_20230104_00309.png,0.0390554339419837,-0.0213440994114485,0
MSFT,2023-01-04,MSFT_20230104_01569,ml/datasets/charts/processed/MSFT/MSFT_20230104_01569.png,0.029113924050633,-0.029637712789175,0
NVDA,2023-01-04,NVDA_20230104_01569,ml/datasets/charts/processed/NVDA/NVDA_20230104_01569.png,0.0847457627118644,-0.0325423728813559,0
AAPL,2023-01-05,AAPL_20230105_00310,ml/datasets/charts/processed/AAPL/AAPL_20230105_00310.png,0.0671094199360715,0.0367942377475734,1
AMZN,2023-01-05,AMZN_20230105_01570,ml/datasets/charts/processed/AMZN/AMZN_20230105_01570.png,0.1461742059672761,0.0356111645813281,1
GOOGL,2023-01-05,GOOGL_20230105_00310,ml/datasets/charts/processed/GOOGL/GOOGL_20230105_00310.png,0.0571924427512133,0.0132249889321482,1
MSFT,2023-01-05,MSFT_20230105_01570,ml/datasets/charts/processed/MSFT/MSFT_20230105_01570.png,0.0728712158697313,0.0117853447888085,1
NVDA,2023-01-05,NVDA_20230105_01570,ml/datasets/charts/processed/NVDA/NVDA_20230105_01570.png,0.1569726699369307,0.0413454800280308,1
AAPL,2023-01-06,AAPL_20230106_00311,ml/datasets/charts/processed/AAPL/AAPL_20230106_00311.png,0.0396543894481182,0.0040889380419637,1
AMZN,2023-01-06,AMZN_20230106_01571,ml/datasets/charts/processed/AMZN/AMZN_20230106_01571.png,0.1398698884758364,0.0148698884758364,1
GOOGL,2023-01-06,GOOGL_20230106_00311,ml/datasets/charts/processed/GOOGL/GOOGL_20230106_00311.png,0.054728695423809,0.0077857023885166,1
MSFT,2023-01-06,MSFT_20230106_01571,ml/datasets/charts/processed/MSFT/MSFT_20230106_01571.png,0.0635753345485261,0.0097363624238651,1
NVDA,2023-01-06,NVDA_20230106_01571,ml/datasets/charts/processed/NVDA/NVDA_20230106_01571.png,0.1372812920592192,0.0518169582772545,1
AAPL,2023-01-09,AAPL_20230109_00312,ml/datasets/charts/processed/AAPL/AAPL_20230109_00312.png,0.0444872755882188,0.004456418548806,1
AMZN,2023-01-09,AMZN_20230109_01572,ml/datasets/charts/processed/AMZN/AMZN_20230109_01572.png,0.0994734432234432,0.0287316849816849,1
GOOGL,2023-01-09,GOOGL_20230109_00312,ml/datasets/charts/processed/GOOGL/GOOGL_20230109_00312.png,0.0371506203983438,0.0045444226760815,1
MSFT,2023-01-09,MSFT_20230109_01572,ml/datasets/charts/processed/MSFT/MSFT_20230109_01572.png,0.0582511447692848,0.0076171187037687,1
NVDA,2023-01-09,NVDA_20230109_01572,ml/datasets/charts/processed/NVDA/NVDA_20230109_01572.png,0.1324376199616121,0.017914267434421,1
AAPL,2023-01-10,AAPL_20230110_00313,ml/datasets/charts/processed/AAPL/AAPL_20230110_00313.png,0.0342689087211069,0.0211122833029198,1
AMZN,2023-01-10,AMZN_20230110_01573,ml/datasets/charts/processed/AMZN/AMZN_20230110_01573.png,0.0622009569377988,0.0580838989651719,1
GOOGL,2023-01-10,GOOGL_20230110_00313,ml/datasets/charts/processed/GOOGL/GOOGL_20230110_00313.png,0.0305361712410785,0.035059861463619,1
MSFT,2023-01-10,MSFT_20230110_01573,ml/datasets/charts/processed/MSFT/MSFT_20230110_01573.png,0.0304129342363994,0.0302381472580293,1
NVDA,2023-01-10,NVDA_20230110_01573,ml/datasets/charts/processed/NVDA/NVDA_20230110_01573.png,0.092394720301697,0.0056568196103079,1
AAPL,2023-01-11,AAPL_20230111_00314,ml/datasets/charts/processed/AAPL/AAPL_20230111_00314.png,0.0133342827238385,-0.0005994191033192,0
AMZN,2023-01-11,AMZN_20230111_01574,ml/datasets/charts/processed/AMZN/AMZN_20230111_01574.png,-0.014828057629614,0.0018929435271846,1
GOOGL,2023-01-11,GOOGL_20230111_00314,ml/datasets/charts/processed/GOOGL/GOOGL_20230111_00314.png,0.0167177798663193,-0.0042613816753609,0
MSFT,2023-01-11,MSFT_20230111_01574,ml/datasets/charts/processed/MSFT/MSFT_20230111_01574.png,-0.0162870594223183,0.0116214955253,1
NVDA,2023-01-11,NVDA_20230111_01574,ml/datasets/charts/processed/NVDA/NVDA_20230111_01574.png,0.0481249999999999,0.0318750000000001,1
AAPL,2023-01-12,AAPL_20230112_00315,ml/datasets/charts/processed/AAPL/AAPL_20230112_00315.png,0.0334305567649952,0.0101191687478083,1
AMZN,2023-01-12,AMZN_20230112_01575,ml/datasets/charts/processed/AMZN/AMZN_20230112_01575.png,0.0207830376823765,0.0299149784822085,1
GOOGL,2023-01-12,GOOGL_20230112_00315,ml/datasets/charts/processed/GOOGL/GOOGL_20230112_00315.png,0.0756064010913879,0.0108637061064365,1
MSFT,2023-01-12,MSFT_20230112_01575,ml/datasets/charts/processed/MSFT/MSFT_20230112_01575.png,0.007169510712339,0.0030187413525637,1
NVDA,2023-01-12,NVDA_20230112_01575,ml/datasets/charts/processed/NVDA/NVDA_20230112_01575.png,0.0805572380375529,0.0236220472440942,1
AAPL,2023-01-13,AAPL_20230113_00316,ml/datasets/charts/processed/AAPL/AAPL_20230113_00316.png,0.0471205950425261,0.0087564963780251,1
AMZN,2023-01-13,AMZN_20230113_01576,ml/datasets/charts/processed/AMZN/AMZN_20230113_01576.png,-0.006114961271912,-0.0210966163880962,0
GOOGL,2023-01-13,GOOGL_20230113_00316,ml/datasets/charts/processed/GOOGL/GOOGL_20230113_00316.png,0.0832609472346284,-0.0090100222021169,0
MSFT,2023-01-13,MSFT_20230113_01576,ml/datasets/charts/processed/MSFT/MSFT_20230113_01576.png,0.0140032604606445,0.0046816870793797,1
NVDA,2023-01-13,NVDA_20230113_01576,ml/datasets/charts/processed/NVDA/NVDA_20230113_01576.png,0.1355029585798819,0.0473372781065088,1
AAPL,2023-01-17,AAPL_20230117_00317,ml/datasets/charts/processed/AAPL/AAPL_20230117_00317.png,0.0484771847340077,-0.0053703207774117,0
AMZN,2023-01-17,AMZN_20230117_01577,ml/datasets/charts/processed/AMZN/AMZN_20230117_01577.png,0.0028110359187922,-0.0061426340447683,0
GOOGL,2023-01-17,GOOGL_20230117_00317,ml/datasets/charts/processed/GOOGL/GOOGL_20230117_00317.png,0.070215879843452,-0.0018620797926276,0
MSFT,2023-01-17,MSFT_20230117_01577,ml/datasets/charts/processed/MSFT/MSFT_20230117_01577.png,0.0070314125234034,-0.0188891200332848,0
NVDA,2023-01-17,NVDA_20230117_01577,ml/datasets/charts/processed/NVDA/NVDA_20230117_01577.png,0.0887005649717513,-0.0180790960451977,0
AAPL,2023-01-18,AAPL_20230118_00318,ml/datasets/charts/processed/AAPL/AAPL_20230118_00318.png,0.0491828888349525,0.0004439604210146,1
AMZN,2023-01-18,AMZN_20230118_01578,ml/datasets/charts/processed/AMZN/AMZN_20230118_01578.png,0.018018018018018,-0.0186465535302743,0
GOOGL,2023-01-18,GOOGL_20230118_00318,ml/datasets/charts/processed/GOOGL/GOOGL_20230118_00318.png,0.0449955310340353,0.0211808122258001,1
MSFT,2023-01-18,MSFT_20230118_01578,ml/datasets/charts/processed/MSFT/MSFT_20230118_01578.png,0.0203553708494126,-0.0164539247699418,0
NVDA,2023-01-18,NVDA_20230118_01578,ml/datasets/charts/processed/NVDA/NVDA_20230118_01578.png,0.1116225546605294,-0.0350978135788262,0
AAPL,2023-01-19,AAPL_20230119_00319,ml/datasets/charts/processed/AAPL/AAPL_20230119_00319.png,0.0642415560951392,0.0192205241207514,1
AMZN,2023-01-19,AMZN_20230119_01579,ml/datasets/charts/processed/AMZN/AMZN_20230119_01579.png,0.0591374893253628,0.0381084543125533,1
GOOGL,2023-01-19,GOOGL_20230119_00319,ml/datasets/charts/processed/GOOGL/GOOGL_20230119_00319.png,0.0480386637366332,0.0534121197572614,1
MSFT,2023-01-19,MSFT_20230119_01579,ml/datasets/charts/processed/MSFT/MSFT_20230119_01579.png,0.0692881472858188,0.0357435433104815,1
NVDA,2023-01-19,NVDA_20230119_01579,ml/datasets/charts/processed/NVDA/NVDA_20230119_01579.png,0.180679785330948,0.0638044126416219,1
AAPL,2023-01-20,AAPL_20230120_00320,ml/datasets/charts/processed/AAPL/AAPL_20230120_00320.png,0.0584608604777356,0.0235003969246814,1
AMZN,2023-01-20,AMZN_20230120_01580,ml/datasets/charts/processed/AMZN/AMZN_20230120_01580.png,0.0513110539845758,0.0027763496143957,1
GOOGL,2023-01-20,GOOGL_20230120_00320,ml/datasets/charts/processed/GOOGL/GOOGL_20230120_00320.png,0.0137726235194455,0.0180575112707304,1
MSFT,2023-01-20,MSFT_20230120_01580,ml/datasets/charts/processed/MSFT/MSFT_20230120_01580.png,0.033053034718175,0.0098243276996088,1
NVDA,2023-01-20,NVDA_20230120_01580,ml/datasets/charts/processed/NVDA/NVDA_20230120_01580.png,0.141255605381166,0.0756726457399104,1
AAPL,2023-01-23,AAPL_20230123_00321,ml/datasets/charts/processed/AAPL/AAPL_20230123_00321.png,0.013394034435985,0.0100633837324333,1
AMZN,2023-01-23,AMZN_20230123_01581,ml/datasets/charts/processed/AMZN/AMZN_20230123_01581.png,0.0310705496308449,-0.0123051681706316,0
GOOGL,2023-01-23,GOOGL_20230123_00321,ml/datasets/charts/processed/GOOGL/GOOGL_20230123_00321.png,-0.0285599821176155,-0.020943925180301,0
MSFT,2023-01-23,MSFT_20230123_01581,ml/datasets/charts/processed/MSFT/MSFT_20230123_01581.png,0.0005359056806002,-0.0022260697501855,0
NVDA,2023-01-23,NVDA_20230123_01581,ml/datasets/charts/processed/NVDA/NVDA_20230123_01581.png,-0.0015633142261595,0.004168837936425,1
AAPL,2023-01-24,AAPL_20230124_00322,ml/datasets/charts/processed/AAPL/AAPL_20230124_00322.png,0.0123483117221623,-0.0047008601026649,0
AMZN,2023-01-24,AMZN_20230124_01582,ml/datasets/charts/processed/AMZN/AMZN_20230124_01582.png,0.070701827242525,0.0089285714285716,1
GOOGL,2023-01-24,GOOGL_20230124_00322,ml/datasets/charts/processed/GOOGL/GOOGL_20230124_00322.png,0.0116683113816538,-0.025383863557617,0
MSFT,2023-01-24,MSFT_20230124_01582,ml/datasets/charts/processed/MSFT/MSFT_20230124_01582.png,0.0238390348702695,-0.0059081143612624,0
NVDA,2023-01-24,NVDA_20230124_01582,ml/datasets/charts/processed/NVDA/NVDA_20230124_01582.png,0.0140114167099116,0.0025947067981317,1
AAPL,2023-01-25,AAPL_20230125_00323,ml/datasets/charts/processed/AAPL/AAPL_20230125_00323.png,0.0251655808950914,0.0148030896755648,1
AMZN,2023-01-25,AMZN_20230125_01583,ml/datasets/charts/processed/AMZN/AMZN_20230125_01583.png,0.0820127598271249,0.0209919736571311,1
GOOGL,2023-01-25,GOOGL_20230125_00323,ml/datasets/charts/processed/GOOGL/GOOGL_20230125_00323.png,0.0547153095389369,0.0241545940580294,1
MSFT,2023-01-25,MSFT_20230125_01583,ml/datasets/charts/processed/MSFT/MSFT_20230125_01583.png,0.0504550933045175,0.0307136029258965,1
NVDA,2023-01-25,NVDA_20230125_01583,ml/datasets/charts/processed/NVDA/NVDA_20230125_01583.png,0.0838509316770186,0.0248447204968944,1
AAPL,2023-01-26,AAPL_20230126_00324,ml/datasets/charts/processed/AAPL/AAPL_20230126_00324.png,0.047652343039475,0.013684371559137,1
AMZN,2023-01-26,AMZN_20230126_01584,ml/datasets/charts/processed/AMZN/AMZN_20230126_01584.png,0.1379762144728884,0.0304374118121346,1
GOOGL,2023-01-26,GOOGL_20230126_00324,ml/datasets/charts/processed/GOOGL/GOOGL_20230126_00324.png,0.10479900386715,0.0189703922620378,1
MSFT,2023-01-26,MSFT_20230126_01584,ml/datasets/charts/processed/MSFT/MSFT_20230126_01584.png,0.0669354838709679,0.0006451612903226,1
NVDA,2023-01-26,NVDA_20230126_01584,ml/datasets/charts/processed/NVDA/NVDA_20230126_01584.png,0.0964646464646463,0.0282828282828282,1
AAPL,2023-01-27,AAPL_20230127_00325,ml/datasets/charts/processed/AAPL/AAPL_20230127_00325.png,0.0587270736474287,-0.0200778930850676,0
AMZN,2023-01-27,AMZN_20230127_01585,ml/datasets/charts/processed/AMZN/AMZN_20230127_01585.png,0.0112480438184663,-0.0165297339593114,0
GOOGL,2023-01-27,GOOGL_20230127_00325,ml/datasets/charts/processed/GOOGL/GOOGL_20230127_00325.png,0.0544430671471052,-0.0244540205467836,0
MSFT,2023-01-27,MSFT_20230127_01585,ml/datasets/charts/processed/MSFT/MSFT_20230127_01585.png,0.0410622179239201,-0.0219616376531269,0
NVDA,2023-01-27,NVDA_20230127_01585,ml/datasets/charts/processed/NVDA/NVDA_20230127_01585.png,0.0363457760314342,-0.0589390962671905,0
AAPL,2023-01-30,AAPL_20230130_00326,ml/datasets/charts/processed/AAPL/AAPL_20230130_00326.png,0.0610490257464046,0.0090210979217044,1
AMZN,2023-01-30,AMZN_20230130_01586,ml/datasets/charts/processed/AMZN/AMZN_20230130_01586.png,0.0162108403779215,0.0256588761810043,1
GOOGL,2023-01-30,GOOGL_20230130_00326,ml/datasets/charts/processed/GOOGL/GOOGL_20230130_00326.png,0.061481326445427,0.0195997567816026,1
MSFT,2023-01-30,MSFT_20230130_01586,ml/datasets/charts/processed/MSFT/MSFT_20230130_01586.png,0.0579292159367144,0.0210127312430472,1
NVDA,2023-01-30,NVDA_20230130_01586,ml/datasets/charts/processed/NVDA/NVDA_20230130_01586.png,0.1007306889352819,0.0198329853862211,1
AAPL,2023-01-31,AAPL_20230131_00327,ml/datasets/charts/processed/AAPL/AAPL_20230131_00327.png,0.0717996548036594,0.0079005507318603,1
AMZN,2023-01-31,AMZN_20230131_01587,ml/datasets/charts/processed/AMZN/AMZN_20230131_01587.png,-0.0098904295549305,0.0195869291185883,1
GOOGL,2023-01-31,GOOGL_20230131_00327,ml/datasets/charts/processed/GOOGL/GOOGL_20230131_00327.png,0.0890327217904118,0.0160865458221095,1
MSFT,2023-01-31,MSFT_20230131_01587,ml/datasets/charts/processed/MSFT/MSFT_20230131_01587.png,0.0796981558452039,0.0199346273354585,1
NVDA,2023-01-31,NVDA_20230131_01587,ml/datasets/charts/processed/NVDA/NVDA_20230131_01587.png,0.1345957011258958,0.0716479017400206,1
AAPL,2023-02-01,AAPL_20230201_00328,ml/datasets/charts/processed/AAPL/AAPL_20230201_00328.png,0.0446262848999612,0.0370625530502477,1
AMZN,2023-02-01,AMZN_20230201_01588,ml/datasets/charts/processed/AMZN/AMZN_20230201_01588.png,-0.0485021398002853,0.0737993342843557,1
GOOGL,2023-02-01,GOOGL_20230201_00328,ml/datasets/charts/processed/GOOGL/GOOGL_20230201_00328.png,-0.0105546027387474,0.0727870972271169,1
MSFT,2023-02-01,MSFT_20230201_01588,ml/datasets/charts/processed/MSFT/MSFT_20230201_01588.png,0.0553115727002968,0.0468842729970326,1
NVDA,2023-02-01,NVDA_20230201_01588,ml/datasets/charts/processed/NVDA/NVDA_20230201_01588.png,0.0601719197707735,0.036771728748806,1
AAPL,2023-02-02,AAPL_20230202_00329,ml/datasets/charts/processed/AAPL/AAPL_20230202_00329.png,0.0003313833069933,0.0244000268154795,1
AMZN,2023-02-02,AMZN_20230202_01589,ml/datasets/charts/processed/AMZN/AMZN_20230202_01589.png,-0.1299264901248782,-0.0843149411035337,0
GOOGL,2023-02-02,GOOGL_20230202_00329,ml/datasets/charts/processed/GOOGL/GOOGL_20230202_00329.png,-0.1181547979228977,-0.0274735386364699,0
MSFT,2023-02-02,MSFT_20230202_01589,ml/datasets/charts/processed/MSFT/MSFT_20230202_01589.png,-0.0037037037037037,-0.023620559334845,0
NVDA,2023-02-02,NVDA_20230202_01589,ml/datasets/charts/processed/NVDA/NVDA_20230202_01589.png,0.0290188853063104,-0.0280976508521418,0
AAPL,2023-02-03,AAPL_20230203_00330,ml/datasets/charts/processed/AAPL/AAPL_20230203_00330.png,-0.0210968245793798,-0.0179287724574584,0
AMZN,2023-02-03,AMZN_20230203_01590,ml/datasets/charts/processed/AMZN/AMZN_20230203_01590.png,-0.0559048263855305,-0.0117032595028532,0
GOOGL,2023-02-03,GOOGL_20230203_00330,ml/datasets/charts/processed/GOOGL/GOOGL_20230203_00330.png,-0.0974423373514243,-0.0179423882218597,0
MSFT,2023-02-03,MSFT_20230203_01590,ml/datasets/charts/processed/MSFT/MSFT_20230203_01590.png,0.0183859105864137,-0.0061157344687441,0
NVDA,2023-02-03,NVDA_20230203_01590,ml/datasets/charts/processed/NVDA/NVDA_20230203_01590.png,0.0080568720379146,-0.0004739336492891,0
AAPL,2023-02-06,AAPL_20230206_00331,ml/datasets/charts/processed/AAPL/AAPL_20230206_00331.png,0.0155200901754273,0.0192445760753832,1
AMZN,2023-02-06,AMZN_20230206_01591,ml/datasets/charts/processed/AMZN/AMZN_20230206_01591.png,-0.0258367586611861,-0.0006850655705618,0
GOOGL,2023-02-06,GOOGL_20230206_00331,ml/datasets/charts/processed/GOOGL/GOOGL_20230206_00331.png,-0.0805636122708416,0.0460640904376732,1
MSFT,2023-02-06,MSFT_20230206_01591,ml/datasets/charts/processed/MSFT/MSFT_20230206_01591.png,0.0566654983058769,0.0420220430735678,1
NVDA,2023-02-06,NVDA_20230206_01591,ml/datasets/charts/processed/NVDA/NVDA_20230206_01591.png,0.0331910858226647,0.0512091038406827,1
AAPL,2023-02-07,AAPL_20230207_00332,ml/datasets/charts/processed/AAPL/AAPL_20230207_00332.png,-0.007863490606493,-0.0176527832036643,0
AMZN,2023-02-07,AMZN_20230207_01592,ml/datasets/charts/processed/AMZN/AMZN_20230207_01592.png,-0.0236019978454607,-0.0201743218098129,0
GOOGL,2023-02-07,GOOGL_20230207_00332,ml/datasets/charts/processed/GOOGL/GOOGL_20230207_00332.png,-0.1204013562075672,-0.0768301669302307,0
MSFT,2023-02-07,MSFT_20230207_01592,ml/datasets/charts/processed/MSFT/MSFT_20230207_01592.png,0.0172297802362086,-0.0031021079384062,0
NVDA,2023-02-07,NVDA_20230207_01592,ml/datasets/charts/processed/NVDA/NVDA_20230207_01592.png,0.0360847992783039,0.0013531799729362,1
AAPL,2023-02-08,AAPL_20230208_00333,ml/datasets/charts/processed/AAPL/AAPL_20230208_00333.png,0.0240069297215577,-0.0069116264215161,0
AMZN,2023-02-08,AMZN_20230208_01593,ml/datasets/charts/processed/AMZN/AMZN_20230208_01593.png,0.0110944527736132,-0.0180909545227386,0
GOOGL,2023-02-08,GOOGL_20230208_00333,ml/datasets/charts/processed/GOOGL/GOOGL_20230208_00333.png,-0.0244540205467836,-0.043876340060264,0
MSFT,2023-02-08,MSFT_20230208_01593,ml/datasets/charts/processed/MSFT/MSFT_20230208_01593.png,0.0097101938289654,-0.0116597308139317,0
NVDA,2023-02-08,NVDA_20230208_01593,ml/datasets/charts/processed/NVDA/NVDA_20230208_01593.png,0.0252252252252254,0.0063063063063062,1
AAPL,2023-02-09,AAPL_20230209_00334,ml/datasets/charts/processed/AAPL/AAPL_20230209_00334.png,0.0203798074681076,0.0024562418860889,1
AMZN,2023-02-09,AMZN_20230209_01594,ml/datasets/charts/processed/AMZN/AMZN_20230209_01594.png,-0.0009161237785014,-0.0064128664495113,0
GOOGL,2023-02-09,GOOGL_20230209_00334,ml/datasets/charts/processed/GOOGL/GOOGL_20230209_00334.png,0.0052626048743742,-0.0046311895050568,0
MSFT,2023-02-09,MSFT_20230209_01594,ml/datasets/charts/processed/MSFT/MSFT_20230209_01594.png,-0.0055762081784387,-0.0019725362263863,0
NVDA,2023-02-09,NVDA_20230209_01594,ml/datasets/charts/processed/NVDA/NVDA_20230209_01594.png,-0.0152193375111906,-0.0478961504028648,0
AAPL,2023-02-10,AAPL_20230210_00335,ml/datasets/charts/processed/AAPL/AAPL_20230210_00335.png,0.0101981056054563,0.0188066466575347,1
AMZN,2023-02-10,AMZN_20230210_01595,ml/datasets/charts/processed/AMZN/AMZN_20230210_01595.png,-0.0042003893043744,0.0197725642864461,1
GOOGL,2023-02-10,GOOGL_20230210_00335,ml/datasets/charts/processed/GOOGL/GOOGL_20230210_00335.png,-0.0023262872164648,0.0004230648992789,1
MSFT,2023-02-10,MSFT_20230210_01595,ml/datasets/charts/processed/MSFT/MSFT_20230210_01595.png,-0.0191562143671608,0.031242873432155,1
NVDA,2023-02-10,NVDA_20230210_01595,ml/datasets/charts/processed/NVDA/NVDA_20230210_01595.png,0.005641748942172,0.0244475787494122,1
AAPL,2023-02-13,AAPL_20230213_00336,ml/datasets/charts/processed/AAPL/AAPL_20230213_00336.png,-0.034904058290757,-0.0042247655080766,0
AMZN,2023-02-13,AMZN_20230213_01596,ml/datasets/charts/processed/AMZN/AMZN_20230213_01596.png,-0.0498292143861764,0.0016073940124572,1
GOOGL,2023-02-13,GOOGL_20230213_00336,ml/datasets/charts/processed/GOOGL/GOOGL_20230213_00336.png,-0.0298066285060466,0.0007397657400352,1
MSFT,2023-02-13,MSFT_20230213_01596,ml/datasets/charts/processed/MSFT/MSFT_20230213_01596.png,-0.0687380215243992,0.0031328320802006,1
NVDA,2023-02-13,NVDA_20230213_01596,ml/datasets/charts/processed/NVDA/NVDA_20230213_01596.png,-0.051858650757228,0.0541532813217071,1
AAPL,2023-02-14,AAPL_20230214_00337,ml/datasets/charts/processed/AAPL/AAPL_20230214_00337.png,-0.0280025224944352,0.0139031754884801,1
AMZN,2023-02-14,AMZN_20230214_01597,ml/datasets/charts/processed/AMZN/AMZN_20230214_01597.png,-0.0392176529588765,0.0146439317953861,1
GOOGL,2023-02-14,GOOGL_20230214_00337,ml/datasets/charts/processed/GOOGL/GOOGL_20230214_00337.png,-0.0320024954429872,0.0238699495041878,1
MSFT,2023-02-14,MSFT_20230214_01597,ml/datasets/charts/processed/MSFT/MSFT_20230214_01597.png,-0.0759084395782049,-0.0104713965536246,0
NVDA,2023-02-14,NVDA_20230214_01597,ml/datasets/charts/processed/NVDA/NVDA_20230214_01597.png,-0.0966478014801914,-0.0091423595994775,0
AAPL,2023-02-15,AAPL_20230215_00338,ml/datasets/charts/processed/AAPL/AAPL_20230215_00338.png,-0.0381765575685864,-0.0104292324404797,0
AMZN,2023-02-15,AMZN_20230215_01598,ml/datasets/charts/processed/AMZN/AMZN_20230215_01598.png,-0.0527876631079478,-0.0297548438117831,0
GOOGL,2023-02-15,GOOGL_20230215_00338,ml/datasets/charts/processed/GOOGL/GOOGL_20230215_00338.png,-0.0624096724571046,-0.0147513482534596,0
MSFT,2023-02-15,MSFT_20230215_01598,ml/datasets/charts/processed/MSFT/MSFT_20230215_01598.png,-0.0540249517302836,-0.0266226050794594,0
NVDA,2023-02-15,NVDA_20230215_01598,ml/datasets/charts/processed/NVDA/NVDA_20230215_01598.png,0.039543057996485,-0.0333919156414763,0
AAPL,2023-02-16,AAPL_20230216_00339,ml/datasets/charts/processed/AAPL/AAPL_20230216_00339.png,-0.0455405706841921,-0.0075466124535752,0
AMZN,2023-02-16,AMZN_20230216_01599,ml/datasets/charts/processed/AMZN/AMZN_20230216_01599.png,-0.0473764645950076,-0.0096790626591951,0
GOOGL,2023-02-16,GOOGL_20230216_00339,ml/datasets/charts/processed/GOOGL/GOOGL_20230216_00339.png,-0.0667994127003431,-0.0121453917212799,0
MSFT,2023-02-16,MSFT_20230216_01599,ml/datasets/charts/processed/MSFT/MSFT_20230216_01599.png,-0.0493229067327865,-0.0156017547205796,0
NVDA,2023-02-16,NVDA_20230216_01599,ml/datasets/charts/processed/NVDA/NVDA_20230216_01599.png,0.0586363636363636,-0.0277272727272727,0
AAPL,2023-02-17,AAPL_20230217_00340,ml/datasets/charts/processed/AAPL/AAPL_20230217_00340.png,-0.0303507249780043,-0.0266798614849049,0
AMZN,2023-02-17,AMZN_20230217_01600,ml/datasets/charts/processed/AMZN/AMZN_20230217_01600.png,-0.0353909465020575,-0.0269547325102881,0
GOOGL,2023-02-17,GOOGL_20230217_00340,ml/datasets/charts/processed/GOOGL/GOOGL_20230217_00340.png,-0.0474827395676062,-0.0271330056928771,0
MSFT,2023-02-17,MSFT_20230217_01600,ml/datasets/charts/processed/MSFT/MSFT_20230217_01600.png,-0.0306130357281252,-0.0208866155157715,0
NVDA,2023-02-17,NVDA_20230217_01600,ml/datasets/charts/processed/NVDA/NVDA_20230217_01600.png,0.0986442262739597,-0.0341280972417017,0
AAPL,2023-02-21,AAPL_20230221_00341,ml/datasets/charts/processed/AAPL/AAPL_20230221_00341.png,-0.0072062531201891,0.0028961621934382,1
AMZN,2023-02-21,AMZN_20230221_01601,ml/datasets/charts/processed/AMZN/AMZN_20230221_01601.png,-0.0037005709452314,0.0127934024106577,1
GOOGL,2023-02-21,GOOGL_20230221_00341,ml/datasets/charts/processed/GOOGL/GOOGL_20230221_00341.png,-0.0188474069616718,-0.0015252377413703,0
MSFT,2023-02-21,MSFT_20230221_01601,ml/datasets/charts/processed/MSFT/MSFT_20230221_01601.png,-0.0128626271421221,-0.0045909684568804,0
NVDA,2023-02-21,NVDA_20230221_01601,ml/datasets/charts/processed/NVDA/NVDA_20230221_01601.png,0.1239109390125845,0.0043562439496611,1
AAPL,2023-02-22,AAPL_20230222_00342,ml/datasets/charts/processed/AAPL/AAPL_20230222_00342.png,-0.024175863085227,0.0032905075464959,1
AMZN,2023-02-22,AMZN_20230222_01602,ml/datasets/charts/processed/AMZN/AMZN_20230222_01602.png,-0.0377910011483454,0.0003131850923894,1
GOOGL,2023-02-22,GOOGL_20230222_00342,ml/datasets/charts/processed/GOOGL/GOOGL_20230222_00342.png,-0.0140752227755305,-0.0082923181126657,0
MSFT,2023-02-22,MSFT_20230222_01602,ml/datasets/charts/processed/MSFT/MSFT_20230222_01602.png,-0.0208341616635521,0.0129617112639657,1
NVDA,2023-02-22,NVDA_20230222_01602,ml/datasets/charts/processed/NVDA/NVDA_20230222_01602.png,0.0939759036144578,0.1402409638554216,1
AAPL,2023-02-23,AAPL_20230223_00343,ml/datasets/charts/processed/AAPL/AAPL_20230223_00343.png,-0.0233601240265404,-0.0180056875253202,0
AMZN,2023-02-23,AMZN_20230223_01603,ml/datasets/charts/processed/AMZN/AMZN_20230223_01603.png,-0.0385097056981841,-0.0242120642872051,0
GOOGL,2023-02-23,GOOGL_20230223_00343,ml/datasets/charts/processed/GOOGL/GOOGL_20230223_00343.png,0.0122124648778367,-0.0193642218392,0
MSFT,2023-02-23,MSFT_20230223_01603,ml/datasets/charts/processed/MSFT/MSFT_20230223_01603.png,-0.0143658986536876,-0.0217843545158378,0
NVDA,2023-02-23,NVDA_20230223_01603,ml/datasets/charts/processed/NVDA/NVDA_20230223_01603.png,-0.0147928994082841,-0.0156382079459003,0
AAPL,2023-02-24,AAPL_20230224_00344,ml/datasets/charts/processed/AAPL/AAPL_20230224_00344.png,0.0294463384400924,0.0082478921260693,1
AMZN,2023-02-24,AMZN_20230224_01604,ml/datasets/charts/processed/AMZN/AMZN_20230224_01604.png,0.0149732620320857,0.0027807486631017,1
GOOGL,2023-02-24,GOOGL_20230224_00344,ml/datasets/charts/processed/GOOGL/GOOGL_20230224_00344.png,0.0507126827951447,0.0083025857344614,1
MSFT,2023-02-24,MSFT_20230224_01604,ml/datasets/charts/processed/MSFT/MSFT_20230224_01604.png,0.0243559906909558,0.0037717679158975,1
NVDA,2023-02-24,NVDA_20230224_01604,ml/datasets/charts/processed/NVDA/NVDA_20230224_01604.png,0.0257621296693859,0.009016745384285,1
AAPL,2023-02-27,AAPL_20230227_00345,ml/datasets/charts/processed/AAPL/AAPL_20230227_00345.png,0.0399541695142982,-0.0034477701145521,0
AMZN,2023-02-27,AMZN_20230227_01605,ml/datasets/charts/processed/AMZN/AMZN_20230227_01605.png,-0.0001066552901024,0.0050127986348122,1
GOOGL,2023-02-27,GOOGL_20230227_00345,ml/datasets/charts/processed/GOOGL/GOOGL_20230227_00345.png,0.0585290668614382,0.002114096822277,1
MSFT,2023-02-27,MSFT_20230227_01605,ml/datasets/charts/processed/MSFT/MSFT_20230227_01605.png,0.0268228333866324,-0.0029581068116405,0
NVDA,2023-02-27,NVDA_20230227_01605,ml/datasets/charts/processed/NVDA/NVDA_20230227_01605.png,0.0021276595744681,-0.0119148936170213,0
AAPL,2023-02-28,AAPL_20230228_00346,ml/datasets/charts/processed/AAPL/AAPL_20230228_00346.png,0.0284241882432745,-0.0142461261835215,0
AMZN,2023-02-28,AMZN_20230228_01606,ml/datasets/charts/processed/AMZN/AMZN_20230228_01606.png,-0.0072163854398812,-0.0218614029502282,0
GOOGL,2023-02-28,GOOGL_20230228_00346,ml/datasets/charts/processed/GOOGL/GOOGL_20230228_00346.png,0.0421941043666851,0.0033311989683941,1
MSFT,2023-02-28,MSFT_20230228_01606,ml/datasets/charts/processed/MSFT/MSFT_20230228_01606.png,0.0189639964718146,-0.012629299975944,0
NVDA,2023-02-28,NVDA_20230228_01606,ml/datasets/charts/processed/NVDA/NVDA_20230228_01606.png,0.0030146425495263,-0.0223944875107665,0
AAPL,2023-03-01,AAPL_20230301_00347,ml/datasets/charts/processed/AAPL/AAPL_20230301_00347.png,0.0520267072999198,0.0041292070859464,1
AMZN,2023-03-01,AMZN_20230301_01607,ml/datasets/charts/processed/AMZN/AMZN_20230301_01607.png,0.0189866550938482,-0.0004339806878594,0
GOOGL,2023-03-01,GOOGL_20230301_00347,ml/datasets/charts/processed/GOOGL/GOOGL_20230301_00347.png,0.0430501324196825,0.0181495589829574,1
MSFT,2023-03-01,MSFT_20230301_01607,ml/datasets/charts/processed/MSFT/MSFT_20230301_01607.png,0.0301701384659112,0.0196532261339181,1
NVDA,2023-03-01,NVDA_20230301_01607,ml/datasets/charts/processed/NVDA/NVDA_20230301_01607.png,0.0651982378854625,0.0268722466960351,1
AAPL,2023-03-02,AAPL_20230302_00348,ml/datasets/charts/processed/AAPL/AAPL_20230302_00348.png,0.0320744554105243,0.0350902868249531,1
AMZN,2023-03-02,AMZN_20230302_01608,ml/datasets/charts/processed/AMZN/AMZN_20230302_01608.png,0.0013025073266037,0.0300662107891025,1
GOOGL,2023-03-02,GOOGL_20230302_00348,ml/datasets/charts/processed/GOOGL/GOOGL_20230302_00348.png,0.0034782282771574,0.0179349544372511,1
MSFT,2023-03-02,MSFT_20230302_01608,ml/datasets/charts/processed/MSFT/MSFT_20230302_01608.png,0.0048186053920591,0.0166460913543864,1
NVDA,2023-03-02,NVDA_20230302_01608,ml/datasets/charts/processed/NVDA/NVDA_20230302_01608.png,0.0055770055770056,0.0248820248820249,1
AAPL,2023-03-03,AAPL_20230303_00349,ml/datasets/charts/processed/AAPL/AAPL_20230303_00349.png,-0.0167517200371817,0.0185393450515696,1
AMZN,2023-03-03,AMZN_20230303_01609,ml/datasets/charts/processed/AMZN/AMZN_20230303_01609.png,-0.043940990516333,-0.0121180189673341,0
GOOGL,2023-03-03,GOOGL_20230303_00349,ml/datasets/charts/processed/GOOGL/GOOGL_20230303_00349.png,-0.032247865066569,0.0158034757438703,1
MSFT,2023-03-03,MSFT_20230303_01609,ml/datasets/charts/processed/MSFT/MSFT_20230303_01609.png,-0.0262446629323513,0.0061890399153903,1
NVDA,2023-03-03,NVDA_20230303_01609,ml/datasets/charts/processed/NVDA/NVDA_20230303_01609.png,-0.0389284219338634,-0.0142318961908748,0
AAPL,2023-03-06,AAPL_20230306_00350,ml/datasets/charts/processed/AAPL/AAPL_20230306_00350.png,-0.0218423129564826,-0.014496553688873,0
AMZN,2023-03-06,AMZN_20230306_01610,ml/datasets/charts/processed/AMZN/AMZN_20230306_01610.png,-0.0140799999999999,-0.0021333333333333,0
GOOGL,2023-03-06,GOOGL_20230306_00350,ml/datasets/charts/processed/GOOGL/GOOGL_20230306_00350.png,-0.0422580977156614,-0.0133502836085704,0
MSFT,2023-03-06,MSFT_20230306_01610,ml/datasets/charts/processed/MSFT/MSFT_20230306_01610.png,-0.0114844084556391,-0.0105890138980807,0
NVDA,2023-03-06,NVDA_20230306_01610,ml/datasets/charts/processed/NVDA/NVDA_20230306_01610.png,-0.0246284501061572,-0.0110403397027601,0
AAPL,2023-03-07,AAPL_20230307_00351,ml/datasets/charts/processed/AAPL/AAPL_20230307_00351.png,0.006530117068086,0.0083771015253273,1
AMZN,2023-03-07,AMZN_20230307_01611,ml/datasets/charts/processed/AMZN/AMZN_20230307_01611.png,0.0142169962586851,0.0039551042223411,1
GOOGL,2023-03-07,GOOGL_20230307_00351,ml/datasets/charts/processed/GOOGL/GOOGL_20230307_00351.png,0.0011721061533072,0.0041553061564563,1
MSFT,2023-03-07,MSFT_20230307_01611,ml/datasets/charts/processed/MSFT/MSFT_20230307_01611.png,0.026126303364155,-0.0017706079087154,0
NVDA,2023-03-07,NVDA_20230307_01611,ml/datasets/charts/processed/NVDA/NVDA_20230307_01611.png,0.0330613997423787,0.0382138256762558,1
AAPL,2023-03-08,AAPL_20230308_00352,ml/datasets/charts/processed/AAPL/AAPL_20230308_00352.png,0.0007852641793644,-0.0149146429705769,0
AMZN,2023-03-08,AMZN_20230308_01612,ml/datasets/charts/processed/AMZN/AMZN_20230308_01612.png,0.0242759795570699,-0.0177810902896081,0
GOOGL,2023-03-08,GOOGL_20230308_00352,ml/datasets/charts/processed/GOOGL/GOOGL_20230308_00352.png,0.0197346516227616,-0.0204776512522419,0
MSFT,2023-03-08,MSFT_20230308_01612,ml/datasets/charts/processed/MSFT/MSFT_20230308_01612.png,0.0462751281040598,-0.0054394954670871,0
NVDA,2023-03-08,NVDA_20230308_01612,ml/datasets/charts/processed/NVDA/NVDA_20230308_01612.png,0.0020678246484697,-0.0306038047973531,0
AAPL,2023-03-09,AAPL_20230309_00353,ml/datasets/charts/processed/AAPL/AAPL_20230309_00353.png,0.0349294491917919,-0.0138785639045504,0
AMZN,2023-03-09,AMZN_20230309_01613,ml/datasets/charts/processed/AMZN/AMZN_20230309_01613.png,0.0844444444444445,-0.0164769647696476,0
GOOGL,2023-03-09,GOOGL_20230309_00353,ml/datasets/charts/processed/GOOGL/GOOGL_20230309_00353.png,0.0866552205893327,-0.0183058310379898,0
MSFT,2023-03-09,MSFT_20230309_01613,ml/datasets/charts/processed/MSFT/MSFT_20230309_01613.png,0.0946417247939124,-0.0147828154724158,0
NVDA,2023-03-09,NVDA_20230309_01613,ml/datasets/charts/processed/NVDA/NVDA_20230309_01613.png,0.0895904436860066,-0.0204778156996586,0
AAPL,2023-03-10,AAPL_20230310_00354,ml/datasets/charts/processed/AAPL/AAPL_20230310_00354.png,0.0437709527047269,0.0132660389257301,1
AMZN,2023-03-10,AMZN_20230310_01614,ml/datasets/charts/processed/AMZN/AMZN_20230310_01614.png,0.0905984790036371,0.0187369117160807,1
GOOGL,2023-03-10,GOOGL_20230310_00354,ml/datasets/charts/processed/GOOGL/GOOGL_20230310_00354.png,0.1212622340185654,0.0052962097292599,1
MSFT,2023-03-10,MSFT_20230310_01614,ml/datasets/charts/processed/MSFT/MSFT_20230310_01614.png,0.1240596966893279,0.0214409268273059,1
NVDA,2023-03-10,NVDA_20230310_01614,ml/datasets/charts/processed/NVDA/NVDA_20230310_01614.png,0.1206445993031357,0.0004355400696862,1
AAPL,2023-03-13,AAPL_20230313_00355,ml/datasets/charts/processed/AAPL/AAPL_20230313_00355.png,0.0460555409954399,0.0140889473400522,1
AMZN,2023-03-13,AMZN_20230313_01615,ml/datasets/charts/processed/AMZN/AMZN_20230313_01615.png,0.057124310288867,0.026506545493887,1
GOOGL,2023-03-13,GOOGL_20230313_00355,ml/datasets/charts/processed/GOOGL/GOOGL_20230313_00355.png,0.1109648654457275,0.031390787266512,1
MSFT,2023-03-13,MSFT_20230313_01615,ml/datasets/charts/processed/MSFT/MSFT_20230313_01615.png,0.0721093257718967,0.0270557655954633,1
NVDA,2023-03-13,NVDA_20230313_01615,ml/datasets/charts/processed/NVDA/NVDA_20230313_01615.png,0.1275576839355681,0.0474531998258598,1
AAPL,2023-03-14,AAPL_20230314_00356,ml/datasets/charts/processed/AAPL/AAPL_20230314_00356.png,0.0438432878482053,0.0026217068218952,1
AMZN,2023-03-14,AMZN_20230314_01616,ml/datasets/charts/processed/AMZN/AMZN_20230314_01616.png,0.0603920741989882,0.013912310286678,1
GOOGL,2023-03-14,GOOGL_20230314_00356,ml/datasets/charts/processed/GOOGL/GOOGL_20230314_00356.png,0.1165264824798231,0.0227731625813025,1
MSFT,2023-03-14,MSFT_20230314_01616,ml/datasets/charts/processed/MSFT/MSFT_20230314_01616.png,0.0498101921085929,0.0178304382836764,1
NVDA,2023-03-14,NVDA_20230314_01616,ml/datasets/charts/processed/NVDA/NVDA_20230314_01616.png,0.0889443059019119,0.0070656691604322,1
AAPL,2023-03-15,AAPL_20230315_00357,ml/datasets/charts/processed/AAPL/AAPL_20230315_00357.png,0.0316358811503034,0.0186939021262835,1
AMZN,2023-03-15,AMZN_20230315_01617,ml/datasets/charts/processed/AMZN/AMZN_20230315_01617.png,0.0259875259875259,0.0399168399168399,1
GOOGL,2023-03-15,GOOGL_20230315_00357,ml/datasets/charts/processed/GOOGL/GOOGL_20230315_00357.png,0.0755384428230272,0.0438039663130316,1
MSFT,2023-03-15,MSFT_20230315_01617,ml/datasets/charts/processed/MSFT/MSFT_20230315_01617.png,0.0258062085593731,0.0405364677516575,1
NVDA,2023-03-15,NVDA_20230315_01617,ml/datasets/charts/processed/NVDA/NVDA_20230315_01617.png,0.0924473792818818,0.0540652084193149,1
AAPL,2023-03-16,AAPL_20230316_00358,ml/datasets/charts/processed/AAPL/AAPL_20230316_00358.png,0.0197623959253316,-0.0054540320215052,0
AMZN,2023-03-16,AMZN_20230316_01618,ml/datasets/charts/processed/AMZN/AMZN_20230316_01618.png,-0.0132946821271492,-0.0108956417433027,0
GOOGL,2023-03-16,GOOGL_20230316_00358,ml/datasets/charts/processed/GOOGL/GOOGL_20230316_00358.png,0.0526314658790392,0.0129584583566193,1
MSFT,2023-03-16,MSFT_20230316_01618,ml/datasets/charts/processed/MSFT/MSFT_20230316_01618.png,0.0052860246198407,0.0116944243301955,1
NVDA,2023-03-16,NVDA_20230316_01618,ml/datasets/charts/processed/NVDA/NVDA_20230316_01618.png,0.0646045418950667,0.0074393108848864,1
AAPL,2023-03-17,AAPL_20230317_00359,ml/datasets/charts/processed/AAPL/AAPL_20230317_00359.png,0.0338709156200542,0.0154838585746754,1
AMZN,2023-03-17,AMZN_20230317_01619,ml/datasets/charts/processed/AMZN/AMZN_20230317_01619.png,-0.0082870136432542,-0.0125315816068722,0
GOOGL,2023-03-17,GOOGL_20230317_00359,ml/datasets/charts/processed/GOOGL/GOOGL_20230317_00359.png,0.0375910805154826,-0.003936158295264,0
MSFT,2023-03-17,MSFT_20230317_01619,ml/datasets/charts/processed/MSFT/MSFT_20230317_01619.png,0.0040797337436924,-0.0257667394338474,0
NVDA,2023-03-17,NVDA_20230317_01619,ml/datasets/charts/processed/NVDA/NVDA_20230317_01619.png,0.0408083948698019,0.0066070734551106,1
AAPL,2023-03-20,AAPL_20230320_00360,ml/datasets/charts/processed/AAPL/AAPL_20230320_00360.png,0.0055908666321113,0.0119442988224469,1
AMZN,2023-03-20,AMZN_20230320_01620,ml/datasets/charts/processed/AMZN/AMZN_20230320_01620.png,0.0033773411114523,0.0296796643127623,1
GOOGL,2023-03-20,GOOGL_20230320_00360,ml/datasets/charts/processed/GOOGL/GOOGL_20230320_00360.png,0.0122505608151781,0.0365540473746246,1
MSFT,2023-03-20,MSFT_20230320_01620,ml/datasets/charts/processed/MSFT/MSFT_20230320_01620.png,0.0152444624031149,0.0056937148734523,1
NVDA,2023-03-20,NVDA_20230320_01620,ml/datasets/charts/processed/NVDA/NVDA_20230320_01620.png,0.0243243243243245,0.0115830115830115,1
AAPL,2023-03-21,AAPL_20230321_00361,ml/datasets/charts/processed/AAPL/AAPL_20230321_00361.png,-0.0102338767080436,-0.0091036269344294,0
AMZN,2023-03-21,AMZN_20230321_01621,ml/datasets/charts/processed/AMZN/AMZN_20230321_01621.png,-0.0334956763741178,-0.018984196401948,0
GOOGL,2023-03-21,GOOGL_20230321_00361,ml/datasets/charts/processed/GOOGL/GOOGL_20230321_00361.png,-0.0370758885275284,-0.0147731631043009,0
MSFT,2023-03-21,MSFT_20230321_01621,ml/datasets/charts/processed/MSFT/MSFT_20230321_01621.png,0.0052962232449413,-0.0054423259551462,0
NVDA,2023-03-21,NVDA_20230321_01621,ml/datasets/charts/processed/NVDA/NVDA_20230321_01621.png,0.0080152671755726,0.0103053435114504,1
AAPL,2023-03-22,AAPL_20230322_00362,ml/datasets/charts/processed/AAPL/AAPL_20230322_00362.png,0.0186277299454218,0.0069693710037537,1
AMZN,2023-03-22,AMZN_20230322_01622,ml/datasets/charts/processed/AMZN/AMZN_20230322_01622.png,0.0157041540020264,0.0001013171225936,1
GOOGL,2023-03-22,GOOGL_20230322_00362,ml/datasets/charts/processed/GOOGL/GOOGL_20230322_00362.png,-0.0191545267742817,0.0215728749467229,1
MSFT,2023-03-22,MSFT_20230322_01622,ml/datasets/charts/processed/MSFT/MSFT_20230322_01622.png,0.030188402071321,0.0197216203312644,1
NVDA,2023-03-22,NVDA_20230322_01622,ml/datasets/charts/processed/NVDA/NVDA_20230322_01622.png,0.0192670948243294,0.0272006044578769,1
AAPL,2023-03-23,AAPL_20230323_00363,ml/datasets/charts/processed/AAPL/AAPL_20230323_00363.png,0.0215818577508282,0.0083056157480119,1
AMZN,2023-03-23,AMZN_20230323_01623,ml/datasets/charts/processed/AMZN/AMZN_20230323_01623.png,0.0333299564380509,-0.0058757977915104,0
GOOGL,2023-03-23,GOOGL_20230323_00363,ml/datasets/charts/processed/GOOGL/GOOGL_20230323_00363.png,-0.0446021982648406,-0.0015150644904626,0
MSFT,2023-03-23,MSFT_20230323_01623,ml/datasets/charts/processed/MSFT/MSFT_20230323_01623.png,0.0230137578333213,0.010480443708132,1
NVDA,2023-03-23,NVDA_20230323_01623,ml/datasets/charts/processed/NVDA/NVDA_20230323_01623.png,0.0069878631849944,-0.0150790731886722,0
AAPL,2023-03-24,AAPL_20230324_00364,ml/datasets/charts/processed/AAPL/AAPL_20230324_00364.png,0.0290173082727445,-0.0122932389653338,0
AMZN,2023-03-24,AMZN_20230324_01624,ml/datasets/charts/processed/AMZN/AMZN_20230324_01624.png,0.0525833078569246,-0.0009171507184345,0
GOOGL,2023-03-24,GOOGL_20230324_00364,ml/datasets/charts/processed/GOOGL/GOOGL_20230324_00364.png,-0.0162177428880071,-0.0282624809453584,0
MSFT,2023-03-24,MSFT_20230324_01624,ml/datasets/charts/processed/MSFT/MSFT_20230324_01624.png,0.0275510567772749,-0.0149338845920804,0
NVDA,2023-03-24,NVDA_20230324_01624,ml/datasets/charts/processed/NVDA/NVDA_20230324_01624.png,0.0373412994772217,-0.0093353248693054,0
AAPL,2023-03-27,AAPL_20230327_00365,ml/datasets/charts/processed/AAPL/AAPL_20230327_00365.png,0.0498484621954964,-0.0039804269629323,0
AMZN,2023-03-27,AMZN_20230327_01625,ml/datasets/charts/processed/AMZN/AMZN_20230327_01625.png,0.0445736434108525,-0.0081599347205223,0
GOOGL,2023-03-27,GOOGL_20230327_00365,ml/datasets/charts/processed/GOOGL/GOOGL_20230327_00365.png,0.0185436747991467,-0.0139566983715934,0
MSFT,2023-03-27,MSFT_20230327_01625,ml/datasets/charts/processed/MSFT/MSFT_20230327_01625.png,0.0392575439612128,-0.0041609378392067,0
NVDA,2023-03-27,NVDA_20230327_01625,ml/datasets/charts/processed/NVDA/NVDA_20230327_01625.png,0.0539012438748587,-0.0045231813041839,0
AAPL,2023-03-28,AAPL_20230328_00366,ml/datasets/charts/processed/AAPL/AAPL_20230328_00366.png,0.0506183954915897,0.0197909378326937,1
AMZN,2023-03-28,AMZN_20230328_01626,ml/datasets/charts/processed/AMZN/AMZN_20230328_01626.png,0.0690045248868778,0.0309543397778693,1
GOOGL,2023-03-28,GOOGL_20230328_00366,ml/datasets/charts/processed/GOOGL/GOOGL_20230328_00366.png,0.036523674910853,0.0035632834989676,1
MSFT,2023-03-28,MSFT_20230328_01626,ml/datasets/charts/processed/MSFT/MSFT_20230328_01626.png,0.0434182320241252,0.0191839552374377,1
NVDA,2023-03-28,NVDA_20230328_01626,ml/datasets/charts/processed/NVDA/NVDA_20230328_01626.png,0.0393790230973116,0.0215827338129497,1
AAPL,2023-03-29,AAPL_20230329_00367,ml/datasets/charts/processed/AAPL/AAPL_20230329_00367.png,0.0185976761658308,0.0098896883391499,1
AMZN,2023-03-29,AMZN_20230329_01627,ml/datasets/charts/processed/AMZN/AMZN_20230329_01627.png,0.0084788029925186,0.0174563591022443,1
GOOGL,2023-03-29,GOOGL_20230329_00367,ml/datasets/charts/processed/GOOGL/GOOGL_20230329_00367.png,0.0303777861082097,-0.0049314538542394,0
MSFT,2023-03-29,MSFT_20230329_01627,ml/datasets/charts/processed/MSFT/MSFT_20230329_01627.png,0.0136537021853053,0.0126198709493423,1
NVDA,2023-03-29,NVDA_20230329_01627,ml/datasets/charts/processed/NVDA/NVDA_20230329_01627.png,-0.0037064492216457,0.0148257968865825,1
AAPL,2023-03-30,AAPL_20230330_00368,ml/datasets/charts/processed/AAPL/AAPL_20230330_00368.png,0.0141661840082401,0.0156444368713342,1
AMZN,2023-03-30,AMZN_20230330_01628,ml/datasets/charts/processed/AMZN/AMZN_20230330_01628.png,0.0005882352941177,0.0126470588235294,1
GOOGL,2023-03-30,GOOGL_20230330_00368,ml/datasets/charts/processed/GOOGL/GOOGL_20230330_00368.png,0.0746357883570982,0.0281494909909696,1
MSFT,2023-03-30,MSFT_20230330_01628,ml/datasets/charts/processed/MSFT/MSFT_20230330_01628.png,0.0265798274951594,0.0149621545502551,1
NVDA,2023-03-30,NVDA_20230330_01628,ml/datasets/charts/processed/NVDA/NVDA_20230330_01628.png,-0.012417823228634,0.0146092037983931,1
AAPL,2023-03-31,AAPL_20230331_00369,ml/datasets/charts/processed/AAPL/AAPL_20230331_00369.png,-0.017404570762864,0.0077016351774461,1
AMZN,2023-03-31,AMZN_20230331_01629,ml/datasets/charts/processed/AMZN/AMZN_20230331_01629.png,-0.0108432568496467,-0.0085197018104367,0
GOOGL,2023-03-31,GOOGL_20230331_00369,ml/datasets/charts/processed/GOOGL/GOOGL_20230331_00369.png,0.0261255083719564,0.0060733423915038,1
MSFT,2023-03-31,MSFT_20230331_01629,ml/datasets/charts/processed/MSFT/MSFT_20230331_01629.png,0.0037807839056538,-0.0037114117238986,0
NVDA,2023-03-31,NVDA_20230331_01629,ml/datasets/charts/processed/NVDA/NVDA_20230331_01629.png,-0.0071994240460764,0.0064794816414686,1
AAPL,2023-04-03,AAPL_20230403_00370,ml/datasets/charts/processed/AAPL/AAPL_20230403_00370.png,-0.0323163251079139,-0.0032499704632978,0
AMZN,2023-04-03,AMZN_20230403_01630,ml/datasets/charts/processed/AMZN/AMZN_20230403_01630.png,-0.0243140318328287,0.0150375939849625,1
GOOGL,2023-04-03,GOOGL_20230403_00370,ml/datasets/charts/processed/GOOGL/GOOGL_20230403_00370.png,0.0094864109436723,0.0034495838645829,1
MSFT,2023-04-03,MSFT_20230403_01630,ml/datasets/charts/processed/MSFT/MSFT_20230403_01630.png,-0.0153187341155173,-0.00017407652404,0
NVDA,2023-04-03,NVDA_20230403_01630,ml/datasets/charts/processed/NVDA/NVDA_20230403_01630.png,-0.0282546494992846,-0.0182403433476395,0
AAPL,2023-04-04,AAPL_20230404_00371,ml/datasets/charts/processed/AAPL/AAPL_20230404_00371.png,-0.0333874592171623,-0.0112902230639931,0
AMZN,2023-04-04,AMZN_20230404_01631,ml/datasets/charts/processed/AMZN/AMZN_20230404_01631.png,-0.0588744588744589,-0.0274170274170274,0
GOOGL,2023-04-04,GOOGL_20230404_00371,ml/datasets/charts/processed/GOOGL/GOOGL_20230404_00371.png,-0.0007638980867488,-0.0023871723334385,0
MSFT,2023-04-04,MSFT_20230404_01631,ml/datasets/charts/processed/MSFT/MSFT_20230404_01631.png,-0.0128490841980639,-0.0098892680548785,0
NVDA,2023-04-04,NVDA_20230404_01631,ml/datasets/charts/processed/NVDA/NVDA_20230404_01631.png,-0.0346083788706739,-0.0207650273224043,0
AAPL,2023-04-05,AAPL_20230405_00372,ml/datasets/charts/processed/AAPL/AAPL_20230405_00372.png,0.0109918778947488,0.0054960809918873,1
AMZN,2023-04-05,AMZN_20230405_01632,ml/datasets/charts/processed/AMZN/AMZN_20230405_01632.png,0.0128585558852623,0.0094955489614243,1
GOOGL,2023-04-05,GOOGL_20230405_00372,ml/datasets/charts/processed/GOOGL/GOOGL_20230405_00372.png,0.0283333357892363,0.0378099042639878,1
MSFT,2023-04-05,MSFT_20230405_01632,ml/datasets/charts/processed/MSFT/MSFT_20230405_01632.png,0.0193430400225083,0.0255328128297109,1
NVDA,2023-04-05,NVDA_20230405_01632,ml/datasets/charts/processed/NVDA/NVDA_20230405_01632.png,-0.0156249999999998,0.0059523809523809,1
AAPL,2023-04-06,AAPL_20230406_00373,ml/datasets/charts/processed/AAPL/AAPL_20230406_00373.png,0.003340048590573,-0.0159723355637053,0
AMZN,2023-04-06,AMZN_20230406_01633,ml/datasets/charts/processed/AMZN/AMZN_20230406_01633.png,0.0044091710758378,0.0010777973740936,1
GOOGL,2023-04-06,GOOGL_20230406_00373,ml/datasets/charts/processed/GOOGL/GOOGL_20230406_00373.png,0.004150526440438,-0.0182623447350701,0
MSFT,2023-04-06,MSFT_20230406_01633,ml/datasets/charts/processed/MSFT/MSFT_20230406_01633.png,-0.018724279835391,-0.0075788751714679,0
NVDA,2023-04-06,NVDA_20230406_01633,ml/datasets/charts/processed/NVDA/NVDA_20230406_01633.png,-0.0103550295857987,0.0199704142011833,1
AAPL,2023-04-10,AAPL_20230410_00374,ml/datasets/charts/processed/AAPL/AAPL_20230410_00374.png,0.019749317438759,-0.007591128038985,0
AMZN,2023-04-10,AMZN_20230410_01634,ml/datasets/charts/processed/AMZN/AMZN_20230410_01634.png,0.0055789370656746,-0.0220221199960849,0
GOOGL,2023-04-10,GOOGL_20230410_00374,ml/datasets/charts/processed/GOOGL/GOOGL_20230410_00374.png,-0.0044156051892726,-0.010240599935699,0
MSFT,2023-04-10,MSFT_20230410_01634,ml/datasets/charts/processed/MSFT/MSFT_20230410_01634.png,-0.0020387712084037,-0.0226683714019143,0
NVDA,2023-04-10,NVDA_20230410_01634,ml/datasets/charts/processed/NVDA/NVDA_20230410_01634.png,-0.02102973168963,-0.0148658448150832,0
AAPL,2023-04-11,AAPL_20230411_00375,ml/datasets/charts/processed/AAPL/AAPL_20230411_00375.png,0.0352610718071997,-0.0043532782721747,0
AMZN,2023-04-11,AMZN_20230411_01635,ml/datasets/charts/processed/AMZN/AMZN_20230411_01635.png,0.0238190552441952,-0.0209167333867094,0
GOOGL,2023-04-11,GOOGL_20230411_00375,ml/datasets/charts/processed/GOOGL/GOOGL_20230411_00375.png,-0.0080682729127962,-0.0067394273192769,0
MSFT,2023-04-11,MSFT_20230411_01635,ml/datasets/charts/processed/MSFT/MSFT_20230411_01635.png,0.0195877382173037,0.0023335572605451,1
NVDA,2023-04-11,NVDA_20230411_01635,ml/datasets/charts/processed/NVDA/NVDA_20230411_01635.png,0.0184026499815972,-0.0246595509753405,0
AAPL,2023-04-12,AAPL_20230412_00376,ml/datasets/charts/processed/AAPL/AAPL_20230412_00376.png,0.047033254465759,0.0341036474323999,1
AMZN,2023-04-12,AMZN_20230412_01636,ml/datasets/charts/processed/AMZN/AMZN_20230412_01636.png,0.0661351323724828,0.0467136870080753,1
GOOGL,2023-04-12,GOOGL_20230412_00376,ml/datasets/charts/processed/GOOGL/GOOGL_20230412_00376.png,-0.0043959374247185,0.0266627926435243,1
MSFT,2023-04-12,MSFT_20230412_01636,ml/datasets/charts/processed/MSFT/MSFT_20230412_01636.png,0.0174962079791174,0.0223993791668135,1
NVDA,2023-04-12,NVDA_20230412_01636,ml/datasets/charts/processed/NVDA/NVDA_20230412_01636.png,0.0539622641509434,-0.0015094339622641,0
AAPL,2023-04-13,AAPL_20230413_00377,ml/datasets/charts/processed/AAPL/AAPL_20230413_00377.png,0.0065836498099267,-0.0021141526271889,0
AMZN,2023-04-13,AMZN_20230413_01637,ml/datasets/charts/processed/AMZN/AMZN_20230413_01637.png,0.0137695312499999,0.0010742187499999,1
GOOGL,2023-04-13,GOOGL_20230413_00377,ml/datasets/charts/processed/GOOGL/GOOGL_20230413_00377.png,-0.0199198971205105,0.0134042391147113,1
MSFT,2023-04-13,MSFT_20230413_01637,ml/datasets/charts/processed/MSFT/MSFT_20230413_01637.png,-0.0128691691967981,-0.0127656638145182,0
NVDA,2023-04-13,NVDA_20230413_01637,ml/datasets/charts/processed/NVDA/NVDA_20230413_01637.png,0.0241874527588814,0.0113378684807257,1
AAPL,2023-04-14,AAPL_20230414_00378,ml/datasets/charts/processed/AAPL/AAPL_20230414_00378.png,-0.0011498488676194,0.0001210861256513,1
AMZN,2023-04-14,AMZN_20230414_01638,ml/datasets/charts/processed/AMZN/AMZN_20230414_01638.png,0.0434103989854646,0.0022436835430688,1
GOOGL,2023-04-14,GOOGL_20230414_00378,ml/datasets/charts/processed/GOOGL/GOOGL_20230414_00378.png,-0.0317810851908191,-0.0266372783325796,0
MSFT,2023-04-14,MSFT_20230414_01638,ml/datasets/charts/processed/MSFT/MSFT_20230414_01638.png,-0.0013280212483399,0.0092961487383798,1
NVDA,2023-04-14,NVDA_20230414_01638,ml/datasets/charts/processed/NVDA/NVDA_20230414_01638.png,0.0134529147982063,0.0089686098654708,1
AAPL,2023-04-17,AAPL_20230417_00379,ml/datasets/charts/processed/AAPL/AAPL_20230417_00379.png,0.0006055450355819,0.0075047414964657,1
AMZN,2023-04-17,AMZN_20230417_01639,ml/datasets/charts/processed/AMZN/AMZN_20230417_01639.png,0.033774576601129,-0.0042826552462527,0
GOOGL,2023-04-17,GOOGL_20230417_00379,ml/datasets/charts/processed/GOOGL/GOOGL_20230417_00379.png,0.0,-0.01387189652242,0
MSFT,2023-04-17,MSFT_20230417_01639,ml/datasets/charts/processed/MSFT/MSFT_20230417_01639.png,-0.0243421052631579,-0.00148891966759,0
NVDA,2023-04-17,NVDA_20230417_01639,ml/datasets/charts/processed/NVDA/NVDA_20230417_01639.png,0.0014814814814814,0.0248148148148148,1
AAPL,2023-04-18,AAPL_20230418_00380,ml/datasets/charts/processed/AAPL/AAPL_20230418_00380.png,-0.0162188935339986,0.0069684408485055,1
AMZN,2023-04-18,AMZN_20230418_01640,ml/datasets/charts/processed/AMZN/AMZN_20230418_01640.png,0.0026392961876833,0.0195503421309872,1
GOOGL,2023-04-18,GOOGL_20230418_00380,ml/datasets/charts/processed/GOOGL/GOOGL_20230418_00380.png,-0.006220023412278,-0.0030621721712085,0
MSFT,2023-04-18,MSFT_20230418_01640,ml/datasets/charts/processed/MSFT/MSFT_20230418_01640.png,-0.044907584006658,0.0002774213683809,1
NVDA,2023-04-18,NVDA_20230418_01640,ml/datasets/charts/processed/NVDA/NVDA_20230418_01640.png,-0.0516805204192266,0.009396458258041,1
AAPL,2023-04-19,AAPL_20230419_00381,ml/datasets/charts/processed/AAPL/AAPL_20230419_00381.png,-0.0230869120324274,-0.0058464530380362,0
AMZN,2023-04-19,AMZN_20230419_01641,ml/datasets/charts/processed/AMZN/AMZN_20230419_01641.png,0.0065196548418025,-0.0046979865771811,0
GOOGL,2023-04-19,GOOGL_20230419_00381,ml/datasets/charts/processed/GOOGL/GOOGL_20230419_00381.png,-0.0045113938516575,0.0106545495946344,1
MSFT,2023-04-19,MSFT_20230419_01641,ml/datasets/charts/processed/MSFT/MSFT_20230419_01641.png,0.0239902929450512,-0.0081123244929796,0
NVDA,2023-04-19,NVDA_20230419_01641,ml/datasets/charts/processed/NVDA/NVDA_20230419_01641.png,-0.0347296813462226,-0.0297171500179018,0
AAPL,2023-04-20,AAPL_20230420_00382,ml/datasets/charts/processed/AAPL/AAPL_20230420_00382.png,0.0105611787650841,-0.0097808268101611,0
AMZN,2023-04-20,AMZN_20230420_01642,ml/datasets/charts/processed/AMZN/AMZN_20230420_01642.png,0.0578942298429823,0.0303438975050571,1
GOOGL,2023-04-20,GOOGL_20230420_00382,ml/datasets/charts/processed/GOOGL/GOOGL_20230420_00382.png,0.0218445088419538,0.0011397535526924,1
MSFT,2023-04-20,MSFT_20230420_01642,ml/datasets/charts/processed/MSFT/MSFT_20230420_01642.png,0.0654293803082728,-0.0012233057215756,0
NVDA,2023-04-20,NVDA_20230420_01642,ml/datasets/charts/processed/NVDA/NVDA_20230420_01642.png,0.0047970479704797,0.0007380073800737,1
AAPL,2023-04-21,AAPL_20230421_00383,ml/datasets/charts/processed/AAPL/AAPL_20230421_00383.png,0.0282390612295988,0.0018787135886473,1
AMZN,2023-04-21,AMZN_20230421_01643,ml/datasets/charts/processed/AMZN/AMZN_20230421_01643.png,-0.0141174270755422,-0.0070119670905011,0
GOOGL,2023-04-21,GOOGL_20230421_00383,ml/datasets/charts/processed/GOOGL/GOOGL_20230421_00383.png,0.0183092727317335,0.0053126485958532,1
MSFT,2023-04-21,MSFT_20230421_01643,ml/datasets/charts/processed/MSFT/MSFT_20230421_01643.png,0.0752379619260918,-0.0139627659574468,0
NVDA,2023-04-21,NVDA_20230421_01643,ml/datasets/charts/processed/NVDA/NVDA_20230421_01643.png,0.0232300884955751,-0.0029498525073746,0
AAPL,2023-04-24,AAPL_20230424_00384,ml/datasets/charts/processed/AAPL/AAPL_20230424_00384.png,0.0257663312859313,-0.0094357019339826,0
AMZN,2023-04-24,AMZN_20230424_01644,ml/datasets/charts/processed/AMZN/AMZN_20230424_01644.png,-0.0391676866585066,-0.0342717258261934,0
GOOGL,2023-04-24,GOOGL_20230424_00384,ml/datasets/charts/processed/GOOGL/GOOGL_20230424_00384.png,0.0116069444101449,-0.0200056364135559,0
MSFT,2023-04-24,MSFT_20230424_01644,ml/datasets/charts/processed/MSFT/MSFT_20230424_01644.png,0.0844305639351243,-0.0225361110125278,0
NVDA,2023-04-24,NVDA_20230424_01644,ml/datasets/charts/processed/NVDA/NVDA_20230424_01644.png,0.0691568047337278,-0.029585798816568,0
AAPL,2023-04-25,AAPL_20230425_00385,ml/datasets/charts/processed/AAPL/AAPL_20230425_00385.png,0.0291261418848469,-6.145414909719538e-05,0
AMZN,2023-04-25,AMZN_20230425_01645,ml/datasets/charts/processed/AMZN/AMZN_20230425_01645.png,0.0103344057716681,0.0234961489714342,1
GOOGL,2023-04-25,GOOGL_20230425_00385,ml/datasets/charts/processed/GOOGL/GOOGL_20230425_00385.png,0.0141550037466118,-0.0013481132418086,0
MSFT,2023-04-25,MSFT_20230425_01645,ml/datasets/charts/processed/MSFT/MSFT_20230425_01645.png,0.1088882434100646,0.0724348268099628,1
NVDA,2023-04-25,NVDA_20230425_01645,ml/datasets/charts/processed/NVDA/NVDA_20230425_01645.png,0.0750762195121952,0.027439024390244,1
AAPL,2023-04-26,AAPL_20230426_00386,ml/datasets/charts/processed/AAPL/AAPL_20230426_00386.png,0.0225331839656366,0.0283954557119412,1
AMZN,2023-04-26,AMZN_20230426_01646,ml/datasets/charts/processed/AMZN/AMZN_20230426_01646.png,-0.0126690798247285,0.0461040198132975,1
GOOGL,2023-04-26,GOOGL_20230426_00386,ml/datasets/charts/processed/GOOGL/GOOGL_20230426_00386.png,0.0163917903820844,0.0374119758488959,1
MSFT,2023-04-26,MSFT_20230426_01646,ml/datasets/charts/processed/MSFT/MSFT_20230426_01646.png,0.0305718251684328,0.0320276263669294,1
NVDA,2023-04-26,NVDA_20230426_01646,ml/datasets/charts/processed/NVDA/NVDA_20230426_01646.png,0.0311572700296736,0.0100148367952521,1
AAPL,2023-04-27,AAPL_20230427_00387,ml/datasets/charts/processed/AAPL/AAPL_20230427_00387.png,-0.0155572854626661,0.0075412102179683,1
AMZN,2023-04-27,AMZN_20230427_01647,ml/datasets/charts/processed/AMZN/AMZN_20230427_01647.png,-0.0529958113276269,-0.0397923875432525,0
GOOGL,2023-04-27,GOOGL_20230427_00387,ml/datasets/charts/processed/GOOGL/GOOGL_20230427_00387.png,-0.0269541832968596,-0.0023238511127058,0
MSFT,2023-04-27,MSFT_20230427_01647,ml/datasets/charts/processed/MSFT/MSFT_20230427_01647.png,0.0019026998654989,0.007971656333038,1
NVDA,2023-04-27,NVDA_20230427_01647,ml/datasets/charts/processed/NVDA/NVDA_20230427_01647.png,0.0121189864120454,0.0190965846492838,1
AAPL,2023-04-28,AAPL_20230428_00388,ml/datasets/charts/processed/AAPL/AAPL_20230428_00388.png,0.0229255174525273,-0.0005306244616414,0
AMZN,2023-04-28,AMZN_20230428_01648,ml/datasets/charts/processed/AMZN/AMZN_20230428_01648.png,0.0019914651493597,-0.0322427690848744,0
GOOGL,2023-04-28,GOOGL_20230428_00388,ml/datasets/charts/processed/GOOGL/GOOGL_20230428_00388.png,-0.0164893503739206,-0.0013041382852678,0
MSFT,2023-04-28,MSFT_20230428_01648,ml/datasets/charts/processed/MSFT/MSFT_20230428_01648.png,0.0110330013669204,-0.0055327735468332,0
NVDA,2023-04-28,NVDA_20230428_01648,ml/datasets/charts/processed/NVDA/NVDA_20230428_01648.png,0.0335135135135133,0.0418018018018018,1
AAPL,2023-05-01,AAPL_20230501_00389,ml/datasets/charts/processed/AAPL/AAPL_20230501_00389.png,0.0230556475807146,-0.0061911926085717,0
AMZN,2023-05-01,AMZN_20230501_01649,ml/datasets/charts/processed/AMZN/AMZN_20230501_01649.png,0.0370406663400293,0.015482606565409,1
GOOGL,2023-05-01,GOOGL_20230501_00389,ml/datasets/charts/processed/GOOGL/GOOGL_20230501_00389.png,0.0053172087866955,-0.0175372035883171,0
MSFT,2023-05-01,MSFT_20230501_01649,ml/datasets/charts/processed/MSFT/MSFT_20230501_01649.png,0.0101125801806518,-0.000490901950517,0
NVDA,2023-05-01,NVDA_20230501_01649,ml/datasets/charts/processed/NVDA/NVDA_20230501_01649.png,0.0083016257350396,-0.0242130750605327,0
AAPL,2023-05-02,AAPL_20230502_00390,ml/datasets/charts/processed/AAPL/AAPL_20230502_00390.png,0.0191645215926814,-0.0064674256683098,0
AMZN,2023-05-02,AMZN_20230502_01650,ml/datasets/charts/processed/AMZN/AMZN_20230502_01650.png,0.028852648846859,0.000192994306668,1
GOOGL,2023-05-02,GOOGL_20230502_00390,ml/datasets/charts/processed/GOOGL/GOOGL_20230502_00390.png,0.0192745512517127,0.000854480233092,1
MSFT,2023-05-02,MSFT_20230502_01650,ml/datasets/charts/processed/MSFT/MSFT_20230502_01650.png,0.0052061163681607,-0.0033070298942406,0
NVDA,2023-05-02,NVDA_20230502_01650,ml/datasets/charts/processed/NVDA/NVDA_20230502_01650.png,0.0127614321162707,-0.0145338532435306,0
AAPL,2023-05-03,AAPL_20230503_00391,ml/datasets/charts/processed/AAPL/AAPL_20230503_00391.png,0.0364883494402956,-0.0099133896930382,0
AMZN,2023-05-03,AMZN_20230503_01651,ml/datasets/charts/processed/AMZN/AMZN_20230503_01651.png,0.0630969609261937,0.0033767486734201,1
GOOGL,2023-05-03,GOOGL_20230503_00391,ml/datasets/charts/processed/GOOGL/GOOGL_20230503_00391.png,0.0601462708939644,-0.0068304438802749,0
MSFT,2023-05-03,MSFT_20230503_01651,ml/datasets/charts/processed/MSFT/MSFT_20230503_01651.png,0.0259855453350854,0.0033180026281209,1
NVDA,2023-05-03,NVDA_20230503_01651,ml/datasets/charts/processed/NVDA/NVDA_20230503_01651.png,0.039208633093525,-0.0086330935251799,0
AAPL,2023-05-04,AAPL_20230504_00392,ml/datasets/charts/processed/AAPL/AAPL_20230504_00392.png,0.0480123565881771,0.0469269553194249,1
AMZN,2023-05-04,AMZN_20230504_01652,ml/datasets/charts/processed/AMZN/AMZN_20230504_01652.png,0.0786538461538461,0.0159615384615383,1
GOOGL,2023-05-04,GOOGL_20230504_00392,ml/datasets/charts/processed/GOOGL/GOOGL_20230504_00392.png,0.113477866342698,0.0084058740760639,1
MSFT,2023-05-04,MSFT_20230504_01652,ml/datasets/charts/processed/MSFT/MSFT_20230504_01652.png,0.0153891490128024,0.0171572640057626,1
NVDA,2023-05-04,NVDA_20230504_01652,ml/datasets/charts/processed/NVDA/NVDA_20230504_01652.png,0.0370101596516689,0.0406386066763426,1
AAPL,2023-05-05,AAPL_20230505_00393,ml/datasets/charts/processed/AAPL/AAPL_20230505_00393.png,-0.0043862627261836,-0.0004034782757861,0
AMZN,2023-05-05,AMZN_20230505_01653,ml/datasets/charts/processed/AMZN/AMZN_20230505_01653.png,0.0435358697709635,0.0016089343176226,1
GOOGL,2023-05-05,GOOGL_20230505_00393,ml/datasets/charts/processed/GOOGL/GOOGL_20230505_00393.png,0.1131002658057915,0.0208391098841593,1
MSFT,2023-05-05,MSFT_20230505_01653,ml/datasets/charts/processed/MSFT/MSFT_20230505_01653.png,-0.0054080154514725,-0.0064381136327056,0
NVDA,2023-05-05,NVDA_20230505_01653,ml/datasets/charts/processed/NVDA/NVDA_20230505_01653.png,-0.011854951185495,0.0163877266387726,1
AAPL,2023-05-08,AAPL_20230508_00394,ml/datasets/charts/processed/AAPL/AAPL_20230508_00394.png,-0.0068701222971864,-0.0099710801315248,0
AMZN,2023-05-08,AMZN_20230508_01654,ml/datasets/charts/processed/AMZN/AMZN_20230508_01654.png,0.0507417556458471,0.0074648020410093,1
GOOGL,2023-05-08,GOOGL_20230508_00394,ml/datasets/charts/processed/GOOGL/GOOGL_20230508_00394.png,0.0810986699615576,-0.0038971608348405,0
MSFT,2023-05-08,MSFT_20230508_01654,ml/datasets/charts/processed/MSFT/MSFT_20230508_01654.png,0.0026243317673739,-0.0053458610076136,0
NVDA,2023-05-08,NVDA_20230508_01654,ml/datasets/charts/processed/NVDA/NVDA_20230508_01654.png,-0.006861063464837,-0.0198970840480273,0
AAPL,2023-05-09,AAPL_20230509_00395,ml/datasets/charts/processed/AAPL/AAPL_20230509_00395.png,0.0031321891432729,0.0104207085966285,1
AMZN,2023-05-09,AMZN_20230509_01655,ml/datasets/charts/processed/AMZN/AMZN_20230509_01655.png,0.0635903207653347,0.0334833989870568,1
GOOGL,2023-05-09,GOOGL_20230509_00395,ml/datasets/charts/processed/GOOGL/GOOGL_20230509_00395.png,0.1132742746080868,0.0409875765303984,1
MSFT,2023-05-09,MSFT_20230509_01655,ml/datasets/charts/processed/MSFT/MSFT_20230509_01655.png,0.0154397394136807,0.0172964169381106,1
NVDA,2023-05-09,NVDA_20230509_01655,ml/datasets/charts/processed/NVDA/NVDA_20230509_01655.png,0.0224011200560028,0.0112005600280014,1
AAPL,2023-05-10,AAPL_20230510_00396,ml/datasets/charts/processed/AAPL/AAPL_20230510_00396.png,-0.0036362502439236,0.0010947081600254,1
AMZN,2023-05-10,AMZN_20230510_01656,ml/datasets/charts/processed/AMZN/AMZN_20230510_01656.png,0.04818949087939,0.0180597150376622,1
GOOGL,2023-05-10,GOOGL_20230510_00396,ml/datasets/charts/processed/GOOGL/GOOGL_20230510_00396.png,0.081342094625231,0.04313182871661,1
MSFT,2023-05-10,MSFT_20230510_01656,ml/datasets/charts/processed/MSFT/MSFT_20230510_01656.png,0.005411290064359,-0.0070442829240178,0
NVDA,2023-05-10,NVDA_20230510_01656,ml/datasets/charts/processed/NVDA/NVDA_20230510_01656.png,0.0446521287642782,-0.010730356524749,0
AAPL,2023-05-11,AAPL_20230511_00397,ml/datasets/charts/processed/AAPL/AAPL_20230511_00397.png,0.0088755400170434,-0.0054173960013123,0
AMZN,2023-05-11,AMZN_20230511_01657,ml/datasets/charts/processed/AMZN/AMZN_20230511_01657.png,0.053218042431806,-0.017115350329827,0
GOOGL,2023-05-11,GOOGL_20230511_00397,ml/datasets/charts/processed/GOOGL/GOOGL_20230511_00397.png,0.0537017033799982,0.0080639053571691,1
MSFT,2023-05-11,MSFT_20230511_01657,ml/datasets/charts/processed/MSFT/MSFT_20230511_01657.png,0.0271194092418818,-0.0036761149269614,0
NVDA,2023-05-11,NVDA_20230511_01657,ml/datasets/charts/processed/NVDA/NVDA_20230511_01657.png,0.1084674597620714,-0.0083974807557731,0
AAPL,2023-05-12,AAPL_20230512_00398,ml/datasets/charts/processed/AAPL/AAPL_20230512_00398.png,0.0150084649652024,-0.0028972741071134,0
AMZN,2023-05-12,AMZN_20230512_01658,ml/datasets/charts/processed/AMZN/AMZN_20230512_01658.png,0.0543261382187556,0.0085253038273171,1
GOOGL,2023-05-12,GOOGL_20230512_00398,ml/datasets/charts/processed/GOOGL/GOOGL_20230512_00398.png,0.0446770551998876,-0.0085099807773644,0
MSFT,2023-05-12,MSFT_20230512_01658,ml/datasets/charts/processed/MSFT/MSFT_20230512_01658.png,0.0303265689225489,0.0015859144900798,1
NVDA,2023-05-12,NVDA_20230512_01658,ml/datasets/charts/processed/NVDA/NVDA_20230512_01658.png,0.1030345800988004,0.0215243472124206,1
AAPL,2023-05-15,AAPL_20230515_00399,ml/datasets/charts/processed/AAPL/AAPL_20230515_00399.png,0.0123785784767425,0.0,0
AMZN,2023-05-15,AMZN_20230515_01659,ml/datasets/charts/processed/AMZN/AMZN_20230515_01659.png,0.0342625899280575,0.0197841726618706,1
GOOGL,2023-05-15,GOOGL_20230515_00399,ml/datasets/charts/processed/GOOGL/GOOGL_20230515_00399.png,0.0732984580275479,0.0257488021385512,1
MSFT,2023-05-15,MSFT_20230515_01659,ml/datasets/charts/processed/MSFT/MSFT_20230515_01659.png,0.0378724229302658,0.0073676727202223,1
NVDA,2023-05-15,NVDA_20230515_01659,ml/datasets/charts/processed/NVDA/NVDA_20230515_01659.png,0.0770293609671848,0.0089810017271156,1
AAPL,2023-05-16,AAPL_20230516_00400,ml/datasets/charts/processed/AAPL/AAPL_20230516_00400.png,-0.0029641917429584,0.0036030913416729,1
AMZN,2023-05-16,AMZN_20230516_01660,ml/datasets/charts/processed/AMZN/AMZN_20230516_01660.png,0.0140211640211638,0.0185185185185183,1
GOOGL,2023-05-16,GOOGL_20230516_00400,ml/datasets/charts/processed/GOOGL/GOOGL_20230516_00400.png,0.0255208194124523,0.0111288046070214,1
MSFT,2023-05-16,MSFT_20230516_01660,ml/datasets/charts/processed/MSFT/MSFT_20230516_01660.png,0.0112914608327452,0.007249631102842,1
NVDA,2023-05-16,NVDA_20230516_01660,ml/datasets/charts/processed/NVDA/NVDA_20230516_01660.png,0.0506675795960287,0.0332078055460458,1
AAPL,2023-05-17,AAPL_20230517_00401,ml/datasets/charts/processed/AAPL/AAPL_20230517_00401.png,-0.0049221047862734,0.0136659072054832,1
AMZN,2023-05-17,AMZN_20230517_01661,ml/datasets/charts/processed/AMZN/AMZN_20230517_01661.png,0.0108225108225108,0.022943722943723,1
GOOGL,2023-05-17,GOOGL_20230517_00401,ml/datasets/charts/processed/GOOGL/GOOGL_20230517_00401.png,0.0004965754068162,0.0164681373562225,1
MSFT,2023-05-17,MSFT_20230517_01661,ml/datasets/charts/processed/MSFT/MSFT_20230517_01661.png,-0.0004777070063693,0.0143949044585987,1
NVDA,2023-05-17,NVDA_20230517_01661,ml/datasets/charts/processed/NVDA/NVDA_20230517_01661.png,0.0119284294234591,0.0497017892644136,1
AAPL,2023-05-18,AAPL_20230518_00402,ml/datasets/charts/processed/AAPL/AAPL_20230518_00402.png,-0.0117678074120731,0.0006286426061508,1
AMZN,2023-05-18,AMZN_20230518_01662,ml/datasets/charts/processed/AMZN/AMZN_20230518_01662.png,-0.0266610241218789,-0.0160812526449428,0
GOOGL,2023-05-18,GOOGL_20230518_00402,ml/datasets/charts/processed/GOOGL/GOOGL_20230518_00402.png,0.0052917423415399,-0.0005698683756951,0
MSFT,2023-05-18,MSFT_20230518_01662,ml/datasets/charts/processed/MSFT/MSFT_20230518_01662.png,0.0232324500816276,-0.0005651136506341,0
NVDA,2023-05-18,NVDA_20230518_01662,ml/datasets/charts/processed/NVDA/NVDA_20230518_01662.png,0.1988636363636362,-0.0132575757575756,0
AAPL,2023-05-19,AAPL_20230519_00403,ml/datasets/charts/processed/AAPL/AAPL_20230519_00403.png,0.0015412667474505,-0.0054807668334744,0
AMZN,2023-05-19,AMZN_20230519_01663,ml/datasets/charts/processed/AMZN/AMZN_20230519_01663.png,0.0332043010752687,-0.0106666666666666,0
GOOGL,2023-05-19,GOOGL_20230519_00403,ml/datasets/charts/processed/GOOGL/GOOGL_20230519_00403.png,0.0150699947714514,0.0186542371965297,1
MSFT,2023-05-19,MSFT_20230519_01663,ml/datasets/charts/processed/MSFT/MSFT_20230519_01663.png,0.0457058490921655,0.0089212791355155,1
NVDA,2023-05-19,NVDA_20230519_01663,ml/datasets/charts/processed/NVDA/NVDA_20230519_01663.png,0.246001279590531,-0.0025591810620602,0
AAPL,2023-05-22,AAPL_20230522_00404,ml/datasets/charts/processed/AAPL/AAPL_20230522_00404.png,0.0177955332970509,-0.0151551707492527,0
AMZN,2023-05-22,AMZN_20230522_01664,ml/datasets/charts/processed/AMZN/AMZN_20230522_01664.png,0.0578210590383443,-0.0001738979219199,0
GOOGL,2023-05-22,GOOGL_20230522_00404,ml/datasets/charts/processed/GOOGL/GOOGL_20230522_00404.png,-0.0110356124241705,-0.0199121742766269,0
MSFT,2023-05-22,MSFT_20230522_01664,ml/datasets/charts/processed/MSFT/MSFT_20230522_01664.png,0.0312285945575689,-0.0184320318824335,0
NVDA,2023-05-22,NVDA_20230522_01664,ml/datasets/charts/processed/NVDA/NVDA_20230522_01664.png,0.2864015394483643,-0.0157152020525978,0
AAPL,2023-05-23,AAPL_20230523_00405,ml/datasets/charts/processed/AAPL/AAPL_20230523_00405.png,0.0331665637031342,0.0016322819017551,1
AMZN,2023-05-23,AMZN_20230523_01665,ml/datasets/charts/processed/AMZN/AMZN_20230523_01665.png,0.0486129228628575,0.0153056787546743,1
GOOGL,2023-05-23,GOOGL_20230523_00405,ml/datasets/charts/processed/GOOGL/GOOGL_20230523_00405.png,0.0025294244359883,-0.013544252681186,0
MSFT,2023-05-23,MSFT_20230523_01665,ml/datasets/charts/processed/MSFT/MSFT_20230523_01665.png,0.0416481634206686,-0.0044724988898051,0
NVDA,2023-05-23,NVDA_20230523_01665,ml/datasets/charts/processed/NVDA/NVDA_20230523_01665.png,0.2326490713587485,-0.0048875855327469,0
AAPL,2023-05-24,AAPL_20230524_00406,ml/datasets/charts/processed/AAPL/AAPL_20230524_00406.png,0.0480096362445645,0.0066923271510797,1
AMZN,2023-05-24,AMZN_20230524_01666,ml/datasets/charts/processed/AMZN/AMZN_20230524_01666.png,0.0515631691648821,-0.0149892933618843,0
GOOGL,2023-05-24,GOOGL_20230524_00406,ml/datasets/charts/processed/GOOGL/GOOGL_20230524_00406.png,0.0233249773592894,0.0213398525847017,1
MSFT,2023-05-24,MSFT_20230524_01666,ml/datasets/charts/processed/MSFT/MSFT_20230524_01666.png,0.059678190218257,0.0384578620360045,1
NVDA,2023-05-24,NVDA_20230524_01666,ml/datasets/charts/processed/NVDA/NVDA_20230524_01666.png,0.3022265880812051,0.2436149312377209,1
AAPL,2023-05-25,AAPL_20230525_00407,ml/datasets/charts/processed/AAPL/AAPL_20230525_00407.png,0.0460139472011602,0.0141046666726347,1
AMZN,2023-05-25,AMZN_20230525_01667,ml/datasets/charts/processed/AMZN/AMZN_20230525_01667.png,0.0804347826086957,0.0444347826086957,1
GOOGL,2023-05-25,GOOGL_20230525_00407,ml/datasets/charts/processed/GOOGL/GOOGL_20230525_00407.png,0.0096372657731951,0.0091513694515641,1
MSFT,2023-05-25,MSFT_20230525_01667,ml/datasets/charts/processed/MSFT/MSFT_20230525_01667.png,0.0290868924889542,0.0213856161021108,1
NVDA,2023-05-25,NVDA_20230525_01667,ml/datasets/charts/processed/NVDA/NVDA_20230525_01667.png,0.0355450236966825,0.025539757767246,1
AAPL,2023-05-26,AAPL_20230526_00408,ml/datasets/charts/processed/AAPL/AAPL_20230526_00408.png,0.0236562387918566,0.010659537356976,1
AMZN,2023-05-26,AMZN_20230526_01668,ml/datasets/charts/processed/AMZN/AMZN_20230526_01668.png,0.0432103904753975,0.0129048372325368,1
GOOGL,2023-05-26,GOOGL_20230526_00408,ml/datasets/charts/processed/GOOGL/GOOGL_20230526_00408.png,0.0112349938181497,-0.0075435496766759,0
MSFT,2023-05-26,MSFT_20230526_01668,ml/datasets/charts/processed/MSFT/MSFT_20230526_01668.png,0.0091621857069903,-0.0050467121271291,0
NVDA,2023-05-26,NVDA_20230526_01668,ml/datasets/charts/processed/NVDA/NVDA_20230526_01668.png,0.0056482670089859,0.0297817715019255,1
AAPL,2023-05-30,AAPL_20230530_00409,ml/datasets/charts/processed/AAPL/AAPL_20230530_00409.png,0.0107729810421213,-0.0002817710137983,0
AMZN,2023-05-30,AMZN_20230530_01669,ml/datasets/charts/processed/AMZN/AMZN_20230530_01669.png,0.0406871609403254,-0.0088771987506164,0
GOOGL,2023-05-30,GOOGL_20230530_00409,ml/datasets/charts/processed/GOOGL/GOOGL_20230530_00409.png,0.0294331253547988,-0.0064688919409308,0
MSFT,2023-05-30,MSFT_20230530_01669,ml/datasets/charts/processed/MSFT/MSFT_20230530_01669.png,0.0074575043024063,-0.0085142356812898,0
NVDA,2023-05-30,NVDA_20230530_01669,ml/datasets/charts/processed/NVDA/NVDA_20230530_01669.png,-0.0363999002742458,-0.0568436798803291,0
AAPL,2023-05-31,AAPL_20230531_00410,ml/datasets/charts/processed/AAPL/AAPL_20230531_00410.png,0.0032156810187013,0.0160223145861442,1
AMZN,2023-05-31,AMZN_20230531_01670,ml/datasets/charts/processed/AMZN/AMZN_20230531_01670.png,0.0053906120417979,0.0181622159562115,1
GOOGL,2023-05-31,GOOGL_20230531_00410,ml/datasets/charts/processed/GOOGL/GOOGL_20230531_00410.png,-0.0030114138297264,0.0069178825936997,1
MSFT,2023-05-31,MSFT_20230531_01670,ml/datasets/charts/processed/MSFT/MSFT_20230531_01670.png,-0.0152562501903225,0.0127592192210481,1
NVDA,2023-05-31,NVDA_20230531_01670,ml/datasets/charts/processed/NVDA/NVDA_20230531_01670.png,-0.0092519164684113,0.0512820512820513,1
AAPL,2023-06-01,AAPL_20230601_00411,ml/datasets/charts/processed/AAPL/AAPL_20230601_00411.png,0.0026652793512866,0.0047753172516538,1
AMZN,2023-06-01,AMZN_20230601_01671,ml/datasets/charts/processed/AMZN/AMZN_20230601_01671.png,0.0120550623116397,0.0120550623116397,1
GOOGL,2023-06-01,GOOGL_20230601_00411,ml/datasets/charts/processed/GOOGL/GOOGL_20230601_00411.png,-0.0127708010938119,0.0076786934780035,1
MSFT,2023-06-01,MSFT_20230601_01671,ml/datasets/charts/processed/MSFT/MSFT_20230601_01671.png,-0.0220097420169582,0.0084791629081724,1
NVDA,2023-06-01,NVDA_20230601_01671,ml/datasets/charts/processed/NVDA/NVDA_20230601_01671.png,-0.0316821724918281,-0.0110636157907971,0
AAPL,2023-06-02,AAPL_20230602_00412,ml/datasets/charts/processed/AAPL/AAPL_20230602_00412.png,5.528593440251584e-05,-0.0075710064812916,0
AMZN,2023-06-02,AMZN_20230602_01672,ml/datasets/charts/processed/AMZN/AMZN_20230602_01672.png,-0.0065995975855129,0.0084507042253521,1
GOOGL,2023-06-02,GOOGL_20230602_00412,ml/datasets/charts/processed/GOOGL/GOOGL_20230602_00412.png,-0.0195716856629416,0.0107483285766243,1
MSFT,2023-06-02,MSFT_20230602_01672,ml/datasets/charts/processed/MSFT/MSFT_20230602_01672.png,-0.0256708407871196,0.0016100178890876,1
NVDA,2023-06-02,NVDA_20230602_01672,ml/datasets/charts/processed/NVDA/NVDA_20230602_01672.png,-0.0142384947876937,-0.0040681413679124,0
AAPL,2023-06-05,AAPL_20230605_00413,ml/datasets/charts/processed/AAPL/AAPL_20230605_00413.png,0.0234437136234555,-0.0020601499985813,0
AMZN,2023-06-05,AMZN_20230605_01673,ml/datasets/charts/processed/AMZN/AMZN_20230605_01673.png,0.0101356743814844,0.0104549082202713,1
GOOGL,2023-06-05,GOOGL_20230605_00413,ml/datasets/charts/processed/GOOGL/GOOGL_20230605_00413.png,-0.0188079504178521,0.0103166441830981,1
MSFT,2023-06-05,MSFT_20230605_01673,ml/datasets/charts/processed/MSFT/MSFT_20230605_01673.png,-0.0121747931178185,-0.006727391796154,0
NVDA,2023-06-05,NVDA_20230605_01673,ml/datasets/charts/processed/NVDA/NVDA_20230605_01673.png,0.007914220066377,-0.0132754659177942,0
AAPL,2023-06-06,AAPL_20230606_00414,ml/datasets/charts/processed/AAPL/AAPL_20230606_00414.png,0.0228780611860008,-0.0077564173854703,0
AMZN,2023-06-06,AMZN_20230606_01674,ml/datasets/charts/processed/AMZN/AMZN_20230606_01674.png,0.0003949135139404,-0.042492694099992,0
GOOGL,2023-06-06,GOOGL_20230606_00414,ml/datasets/charts/processed/GOOGL/GOOGL_20230606_00414.png,-0.027334762142769,-0.0377819108952776,0
MSFT,2023-06-06,MSFT_20230606_01674,ml/datasets/charts/processed/MSFT/MSFT_20230606_01674.png,0.0018280987772716,-0.0308678973867178,0
NVDA,2023-06-06,NVDA_20230606_01674,ml/datasets/charts/processed/NVDA/NVDA_20230606_01674.png,0.0613195342820183,-0.0302716688227684,0
AAPL,2023-06-07,AAPL_20230607_00415,ml/datasets/charts/processed/AAPL/AAPL_20230607_00415.png,0.034473136860289,0.0154648867202731,1
AMZN,2023-06-07,AMZN_20230607_01675,ml/datasets/charts/processed/AMZN/AMZN_20230607_01675.png,0.0428111853501609,0.024911325579477,1
GOOGL,2023-06-07,GOOGL_20230607_00415,ml/datasets/charts/processed/GOOGL/GOOGL_20230607_00415.png,0.0095511873747817,-0.0029387012184708,0
MSFT,2023-06-07,MSFT_20230607_01675,ml/datasets/charts/processed/MSFT/MSFT_20230607_01675.png,0.0431690271507203,0.0058135939142804,1
NVDA,2023-06-07,NVDA_20230607_01675,ml/datasets/charts/processed/NVDA/NVDA_20230607_01675.png,0.1472785485592316,0.0274813233724653,1
AAPL,2023-06-08,AAPL_20230608_00416,ml/datasets/charts/processed/AAPL/AAPL_20230608_00416.png,0.0301269192473179,0.002159831288909,1
AMZN,2023-06-08,AMZN_20230608_01676,ml/datasets/charts/processed/AMZN/AMZN_20230608_01676.png,0.0230181086519114,-0.0065995975855129,0
GOOGL,2023-06-08,GOOGL_20230608_00416,ml/datasets/charts/processed/GOOGL/GOOGL_20230608_00416.png,0.0241527450993246,0.0007369351865063,1
MSFT,2023-06-08,MSFT_20230608_01676,ml/datasets/charts/processed/MSFT/MSFT_20230608_01676.png,0.0702207464797393,0.0047039291643609,1
NVDA,2023-06-08,NVDA_20230608_01676,ml/datasets/charts/processed/NVDA/NVDA_20230608_01676.png,0.1075045442742144,0.0067514931186705,1
AAPL,2023-06-09,AAPL_20230609_00417,ml/datasets/charts/processed/AAPL/AAPL_20230609_00417.png,0.0218833764043433,0.0156390640797019,1
AMZN,2023-06-09,AMZN_20230609_01677,ml/datasets/charts/processed/AMZN/AMZN_20230609_01677.png,0.0166896216478975,0.0254395203759214,1
GOOGL,2023-06-09,GOOGL_20230609_00417,ml/datasets/charts/processed/GOOGL/GOOGL_20230609_00417.png,0.0106356892310246,0.0115356825434171,1
MSFT,2023-06-09,MSFT_20230609_01677,ml/datasets/charts/processed/MSFT/MSFT_20230609_01677.png,0.0475534747085282,0.0154839499372685,1
NVDA,2023-06-09,NVDA_20230609_01677,ml/datasets/charts/processed/NVDA/NVDA_20230609_01677.png,0.1011091049780756,0.0183131287077635,1
AAPL,2023-06-12,AAPL_20230612_00418,ml/datasets/charts/processed/AAPL/AAPL_20230612_00418.png,0.0066378768905084,-0.002611706572795,0
AMZN,2023-06-12,AMZN_20230612_01678,ml/datasets/charts/processed/AMZN/AMZN_20230612_01678.png,-0.0062416054357271,0.0007110689736904,1
GOOGL,2023-06-12,GOOGL_20230612_00418,ml/datasets/charts/processed/GOOGL/GOOGL_20230612_00418.png,-0.0043675940681203,0.0015367322268529,1
MSFT,2023-06-12,MSFT_20230612_01678,ml/datasets/charts/processed/MSFT/MSFT_20230612_01678.png,0.0186831399728792,0.0073527196022298,1
NVDA,2023-06-12,NVDA_20230612_01678,ml/datasets/charts/processed/NVDA/NVDA_20230612_01678.png,0.1096757852077001,0.0390070921985816,1
AAPL,2023-06-13,AAPL_20230613_00419,ml/datasets/charts/processed/AAPL/AAPL_20230613_00419.png,0.0035457991167775,0.0034913939268599,1
AMZN,2023-06-13,AMZN_20230613_01679,ml/datasets/charts/processed/AMZN/AMZN_20230613_01679.png,-0.0144481288488867,-0.0018948365703457,0
GOOGL,2023-06-13,GOOGL_20230613_00419,ml/datasets/charts/processed/GOOGL/GOOGL_20230613_00419.png,-0.0264879561407014,-0.0012921439351873,0
MSFT,2023-06-13,MSFT_20230613_01679,ml/datasets/charts/processed/MSFT/MSFT_20230613_01679.png,-0.0021837326871878,0.0091238146519487,1
NVDA,2023-06-13,NVDA_20230613_01679,ml/datasets/charts/processed/NVDA/NVDA_20230613_01679.png,0.0494880546075084,0.0482691370063383,1
AAPL,2023-06-14,AAPL_20230614_00420,ml/datasets/charts/processed/AAPL/AAPL_20230614_00420.png,0.0165804684354859,0.0111985300419232,1
AMZN,2023-06-14,AMZN_20230614_01680,ml/datasets/charts/processed/AMZN/AMZN_20230614_01680.png,0.0295048251858882,0.0054579971523494,1
GOOGL,2023-06-14,GOOGL_20230614_00420,ml/datasets/charts/processed/GOOGL/GOOGL_20230614_00420.png,-0.0042047144110894,0.0114822100648135,1
MSFT,2023-06-14,MSFT_20230614_01680,ml/datasets/charts/processed/MSFT/MSFT_20230614_01680.png,0.0070255528546867,0.0318966028339362,1
NVDA,2023-06-14,NVDA_20230614_01680,ml/datasets/charts/processed/NVDA/NVDA_20230614_01680.png,0.0004651162790698,-0.0081395348837209,0
AAPL,2023-06-15,AAPL_20230615_00421,ml/datasets/charts/processed/AAPL/AAPL_20230615_00421.png,0.0036020615320957,-0.0058599062311767,0
AMZN,2023-06-15,AMZN_20230615_01681,ml/datasets/charts/processed/AMZN/AMZN_20230615_01681.png,0.0174651876327591,-0.0127448666509323,0
GOOGL,2023-06-15,GOOGL_20230615_00421,ml/datasets/charts/processed/GOOGL/GOOGL_20230615_00421.png,-0.021984298248367,-0.0124710722392565,0
MSFT,2023-06-15,MSFT_20230615_01681,ml/datasets/charts/processed/MSFT/MSFT_20230615_01681.png,-0.037575409365125,-0.016575696638897,0
NVDA,2023-06-15,NVDA_20230615_01681,ml/datasets/charts/processed/NVDA/NVDA_20230615_01681.png,-0.0103165298944899,0.0009378663540444,1
AAPL,2023-06-16,AAPL_20230616_00422,ml/datasets/charts/processed/AAPL/AAPL_20230616_00422.png,0.0018927116156852,0.0004867235923349,1
AMZN,2023-06-16,AMZN_20230616_01682,ml/datasets/charts/processed/AMZN/AMZN_20230616_01682.png,0.0146625229101919,0.0023109411108455,1
GOOGL,2023-06-16,GOOGL_20230616_00422,ml/datasets/charts/processed/GOOGL/GOOGL_20230616_00422.png,-0.042014045224211,-0.0034809615095355,0
MSFT,2023-06-16,MSFT_20230616_01682,ml/datasets/charts/processed/MSFT/MSFT_20230616_01682.png,-0.0401074986124498,-0.0125025560132036,0
NVDA,2023-06-16,NVDA_20230616_01682,ml/datasets/charts/processed/NVDA/NVDA_20230616_01682.png,-0.0482548606230965,0.0262356523776061,1
AAPL,2023-06-20,AAPL_20230620_00423,ml/datasets/charts/processed/AAPL/AAPL_20230620_00423.png,0.0164857254374592,-0.0056753725093601,0
AMZN,2023-06-20,AMZN_20230620_01683,ml/datasets/charts/processed/AMZN/AMZN_20230620_01683.png,0.0270313245349023,-0.0075528700906344,0
GOOGL,2023-06-20,GOOGL_20230620_00423,ml/datasets/charts/processed/GOOGL/GOOGL_20230620_00423.png,-0.0387489067193025,-0.02071480861679,0
MSFT,2023-06-20,MSFT_20230620_01683,ml/datasets/charts/processed/MSFT/MSFT_20230620_01683.png,-0.010294335157521,-0.0132820588670314,0
NVDA,2023-06-20,NVDA_20230620_01683,ml/datasets/charts/processed/NVDA/NVDA_20230620_01683.png,-0.0440538689796849,-0.0173476375256791,0
AAPL,2023-06-21,AAPL_20230621_00424,ml/datasets/charts/processed/AAPL/AAPL_20230621_00424.png,0.0287562721618628,0.0165253565975405,1
AMZN,2023-06-21,AMZN_20230621_01684,ml/datasets/charts/processed/AMZN/AMZN_20230621_01684.png,0.0337258671793638,0.0426179604261796,1
GOOGL,2023-06-21,GOOGL_20230621_00424,ml/datasets/charts/processed/GOOGL/GOOGL_20230621_00424.png,-0.0030693686117473,0.0215678183162617,1
MSFT,2023-06-21,MSFT_20230621_01684,ml/datasets/charts/processed/MSFT/MSFT_20230621_01684.png,0.0068653315745292,0.0184374625254826,1
NVDA,2023-06-21,NVDA_20230621_01684,ml/datasets/charts/processed/NVDA/NVDA_20230621_01684.png,-0.0448315911730545,-0.0006968641114981,0
AAPL,2023-06-22,AAPL_20230622_00425,ml/datasets/charts/processed/AAPL/AAPL_20230622_00425.png,0.0138503255879895,-0.0017111671148513,0
AMZN,2023-06-22,AMZN_20230622_01685,ml/datasets/charts/processed/AMZN/AMZN_20230622_01685.png,-0.0172877449097195,-0.0063004225893199,0
GOOGL,2023-06-22,GOOGL_20230622_00425,ml/datasets/charts/processed/GOOGL/GOOGL_20230622_00425.png,-0.0328867921757014,-0.0065774584373592,0
MSFT,2023-06-22,MSFT_20230622_01685,ml/datasets/charts/processed/MSFT/MSFT_20230622_01685.png,-0.0137175826440197,-0.0138058932618998,0
NVDA,2023-06-22,NVDA_20230622_01685,ml/datasets/charts/processed/NVDA/NVDA_20230622_01685.png,-0.0511390051139005,-0.0188284518828452,0
AAPL,2023-06-23,AAPL_20230623_00426,ml/datasets/charts/processed/AAPL/AAPL_20230623_00426.png,0.0390507586197972,-0.0075531403837552,0
AMZN,2023-06-23,AMZN_20230623_01686,ml/datasets/charts/processed/AMZN/AMZN_20230623_01686.png,0.0079641227866698,-0.015464316090621,0
GOOGL,2023-06-23,GOOGL_20230623_00426,ml/datasets/charts/processed/GOOGL/GOOGL_20230623_00426.png,-0.0215791616774905,-0.0326956499417906,0
MSFT,2023-06-23,MSFT_20230623_01686,ml/datasets/charts/processed/MSFT/MSFT_20230623_01686.png,0.0164766282609993,-0.0191630350426839,0
NVDA,2023-06-23,NVDA_20230623_01686,ml/datasets/charts/processed/NVDA/NVDA_20230623_01686.png,0.0021321961620468,-0.0374318881781567,0
AAPL,2023-06-26,AAPL_20230626_00427,ml/datasets/charts/processed/AAPL/AAPL_20230626_00427.png,0.0388083255389024,0.0150592585719935,1
AMZN,2023-06-26,AMZN_20230626_01687,ml/datasets/charts/processed/AMZN/AMZN_20230626_01687.png,0.0226969292389853,0.0145291761564438,1
GOOGL,2023-06-26,GOOGL_20230626_00427,ml/datasets/charts/processed/GOOGL/GOOGL_20230626_00427.png,0.0131824103577753,-8.448928859250415e-05,0
MSFT,2023-06-26,MSFT_20230626_01687,ml/datasets/charts/processed/MSFT/MSFT_20230626_01687.png,0.0285757760194764,0.0181679853925744,1
NVDA,2023-06-26,NVDA_20230626_01687,ml/datasets/charts/processed/NVDA/NVDA_20230626_01687.png,0.0438099926162931,0.0307654442530149,1
AAPL,2023-06-27,AAPL_20230627_00428,ml/datasets/charts/processed/AAPL/AAPL_20230627_00428.png,0.0173879188401291,0.006327655664595,1
AMZN,2023-06-27,AMZN_20230627_01688,ml/datasets/charts/processed/AMZN/AMZN_20230627_01688.png,0.009289363678588,-0.0010837590958353,0
GOOGL,2023-06-27,GOOGL_20230627_00428,ml/datasets/charts/processed/GOOGL/GOOGL_20230627_00428.png,0.0289021364196451,0.0156341157676513,1
MSFT,2023-06-27,MSFT_20230627_01688,ml/datasets/charts/processed/MSFT/MSFT_20230627_01688.png,0.0107003018800251,0.0038258062587799,1
NVDA,2023-06-27,NVDA_20230627_01688,ml/datasets/charts/processed/NVDA/NVDA_20230627_01688.png,0.0105062082139446,-0.0181470869149953,0
AAPL,2023-06-28,AAPL_20230628_00429,ml/datasets/charts/processed/AAPL/AAPL_20230628_00429.png,0.0135270749343159,0.0017966272896852,1
AMZN,2023-06-28,AMZN_20230628_01689,ml/datasets/charts/processed/AMZN/AMZN_20230628_01689.png,-0.0052696838189707,-0.008834469931804,0
GOOGL,2023-06-28,GOOGL_20230628_00429,ml/datasets/charts/processed/GOOGL/GOOGL_20230628_00429.png,-0.0005824982430584,-0.0089864844396113,0
MSFT,2023-06-28,MSFT_20230628_01689,ml/datasets/charts/processed/MSFT/MSFT_20230628_01689.png,0.0161381569152894,-0.0023820157808546,0
NVDA,2023-06-28,NVDA_20230628_01689,ml/datasets/charts/processed/NVDA/NVDA_20230628_01689.png,0.0238326848249028,-0.0072957198443579,0
AAPL,2023-06-29,AAPL_20230629_00430,ml/datasets/charts/processed/AAPL/AAPL_20230629_00430.png,0.0057491722368197,0.0231024668551664,1
AMZN,2023-06-29,AMZN_20230629_01690,ml/datasets/charts/processed/AMZN/AMZN_20230629_01690.png,0.0146989835809225,0.0192337763878029,1
GOOGL,2023-06-29,GOOGL_20230629_00430,ml/datasets/charts/processed/GOOGL/GOOGL_20230629_00430.png,0.0031906874399456,0.0050377846776172,1
MSFT,2023-06-29,MSFT_20230629_01690,ml/datasets/charts/processed/MSFT/MSFT_20230629_01690.png,0.0064766452768243,0.0163856140874496,1
NVDA,2023-06-29,NVDA_20230629_01690,ml/datasets/charts/processed/NVDA/NVDA_20230629_01690.png,0.041156295933366,0.0362567368936794,1
AAPL,2023-06-30,AAPL_20230630_00431,ml/datasets/charts/processed/AAPL/AAPL_20230630_00431.png,-0.0276330615058106,-0.0077846997640886,0
AMZN,2023-06-30,AMZN_20230630_01691,ml/datasets/charts/processed/AMZN/AMZN_20230630_01691.png,-0.0247775391224303,-0.0010739490641301,0
GOOGL,2023-06-30,GOOGL_20230630_00431,ml/datasets/charts/processed/GOOGL/GOOGL_20230630_00431.png,-0.0271511540425247,0.001670972811486,1
MSFT,2023-06-30,MSFT_20230630_01691,ml/datasets/charts/processed/MSFT/MSFT_20230630_01691.png,-0.0255770247254362,-0.0074881071239796,0
NVDA,2023-06-30,NVDA_20230630_01691,ml/datasets/charts/processed/NVDA/NVDA_20230630_01691.png,-0.002836879432624,0.0026004728132387,1
AAPL,2023-07-03,AAPL_20230703_00432,ml/datasets/charts/processed/AAPL/AAPL_20230703_00432.png,-0.0227580391311205,-0.0058714382730552,0
AMZN,2023-07-03,AMZN_20230703_01692,ml/datasets/charts/processed/AMZN/AMZN_20230703_01692.png,-0.0110582091844571,0.001228689909384,1
GOOGL,2023-07-03,GOOGL_20230703_00432,ml/datasets/charts/processed/GOOGL/GOOGL_20230703_00432.png,-0.0230193011596411,0.0154293981937685,1
MSFT,2023-07-03,MSFT_20230703_01692,ml/datasets/charts/processed/MSFT/MSFT_20230703_01692.png,-0.0163318441374004,0.0004733867865911,1
NVDA,2023-07-03,NVDA_20230703_01692,ml/datasets/charts/processed/NVDA/NVDA_20230703_01692.png,0.0,-0.0021221410044799,0
AAPL,2023-07-05,AAPL_20230705_00433,ml/datasets/charts/processed/AAPL/AAPL_20230705_00433.png,-0.0081533048590083,0.0025087839002699,1
AMZN,2023-07-05,AMZN_20230705_01693,ml/datasets/charts/processed/AMZN/AMZN_20230705_01693.png,0.0032213529682467,-0.0154931737996624,0
GOOGL,2023-07-05,GOOGL_20230705_00433,ml/datasets/charts/processed/GOOGL/GOOGL_20230705_00433.png,-0.0231620717881853,-0.0134703051431568,0
MSFT,2023-07-05,MSFT_20230705_01693,ml/datasets/charts/processed/MSFT/MSFT_20230705_01693.png,-0.0028094041106018,0.0092266745527131,1
NVDA,2023-07-05,NVDA_20230705_01693,ml/datasets/charts/processed/NVDA/NVDA_20230705_01693.png,0.0373345935727786,-0.0051984877126654,0
AAPL,2023-07-06,AAPL_20230706_00434,ml/datasets/charts/processed/AAPL/AAPL_20230706_00434.png,-0.0066211119566899,-0.0058912548423675,0
AMZN,2023-07-06,AMZN_20230706_01694,ml/datasets/charts/processed/AMZN/AMZN_20230706_01694.png,0.0462760984730445,0.0110626363353067,1
GOOGL,2023-07-06,GOOGL_20230706_00434,ml/datasets/charts/processed/GOOGL/GOOGL_20230706_00434.png,0.0368829593879684,-0.0052450270386729,0
MSFT,2023-07-06,MSFT_20230706_01694,ml/datasets/charts/processed/MSFT/MSFT_20230706_01694.png,0.0040730213613855,-0.0118674363407271,0
NVDA,2023-07-06,NVDA_20230706_01694,ml/datasets/charts/processed/NVDA/NVDA_20230706_01694.png,0.0921615201900236,0.009501187648456,1
AAPL,2023-07-07,AAPL_20230707_00435,ml/datasets/charts/processed/AAPL/AAPL_20230707_00435.png,5.23835872232592e-05,-0.0108557472145132,0
AMZN,2023-07-07,AMZN_20230707_01695,ml/datasets/charts/processed/AMZN/AMZN_20230707_01695.png,0.0377562028047464,-0.0204191709046078,0
GOOGL,2023-07-07,GOOGL_20230707_00435,ml/datasets/charts/processed/GOOGL/GOOGL_20230707_00435.png,0.0497152614930811,-0.0253599228852402,0
MSFT,2023-07-07,MSFT_20230707_01695,ml/datasets/charts/processed/MSFT/MSFT_20230707_01695.png,0.0237826937904037,-0.0159836308641244,0
NVDA,2023-07-07,NVDA_20230707_01695,ml/datasets/charts/processed/NVDA/NVDA_20230707_01695.png,0.0698823529411765,-0.0075294117647058,0
AAPL,2023-07-10,AAPL_20230710_00436,ml/datasets/charts/processed/AAPL/AAPL_20230710_00436.png,0.0285242644311889,-0.0028101663881895,0
AMZN,2023-07-10,AMZN_20230710_01696,ml/datasets/charts/processed/AMZN/AMZN_20230710_01696.png,0.0505781483520806,0.0129788405569102,1
GOOGL,2023-07-10,GOOGL_20230710_00436,ml/datasets/charts/processed/GOOGL/GOOGL_20230710_00436.png,0.0704165017260352,0.0059252381209531,1
MSFT,2023-07-10,MSFT_20230710_01696,ml/datasets/charts/processed/MSFT/MSFT_20230710_01696.png,0.0418889190248019,0.0019286984299191,1
NVDA,2023-07-10,NVDA_20230710_01696,ml/datasets/charts/processed/NVDA/NVDA_20230710_01696.png,0.1014698909435751,0.0054528212422948,1
AAPL,2023-07-11,AAPL_20230711_00437,ml/datasets/charts/processed/AAPL/AAPL_20230711_00437.png,0.0300403684639201,0.0089856637116261,1
AMZN,2023-07-11,AMZN_20230711_01697,ml/datasets/charts/processed/AMZN/AMZN_20230711_01697.png,0.0314489827612984,0.0156856654760055,1
GOOGL,2023-07-11,GOOGL_20230711_00437,ml/datasets/charts/processed/GOOGL/GOOGL_20230711_00437.png,0.0565136927456622,0.0152810088820918,1
MSFT,2023-07-11,MSFT_20230711_01697,ml/datasets/charts/processed/MSFT/MSFT_20230711_01697.png,0.0812704905705776,0.0142268475351159,1
NVDA,2023-07-11,NVDA_20230711_01697,ml/datasets/charts/processed/NVDA/NVDA_20230711_01697.png,0.1197830700306532,0.0351332232963923,1
AAPL,2023-07-12,AAPL_20230712_00438,ml/datasets/charts/processed/AAPL/AAPL_20230712_00438.png,0.0280864868499564,0.0040574474696792,1
AMZN,2023-07-12,AMZN_20230712_01698,ml/datasets/charts/processed/AMZN/AMZN_20230712_01698.png,0.0348623853211009,0.0267584097859328,1
GOOGL,2023-07-12,GOOGL_20230712_00438,ml/datasets/charts/processed/GOOGL/GOOGL_20230712_00438.png,0.0260656262248091,0.047170467059779,1
MSFT,2023-07-12,MSFT_20230712_01698,ml/datasets/charts/processed/MSFT/MSFT_20230712_01698.png,0.0530249110320284,0.0161921708185055,1
NVDA,2023-07-12,NVDA_20230712_01698,ml/datasets/charts/processed/NVDA/NVDA_20230712_01698.png,0.0724373576309795,0.047380410022779,1
AAPL,2023-07-13,AAPL_20230713_00439,ml/datasets/charts/processed/AAPL/AAPL_20230713_00439.png,0.0135930845774496,0.0007871438641342,1
AMZN,2023-07-13,AMZN_20230713_01699,ml/datasets/charts/processed/AMZN/AMZN_20230713_01699.png,-0.0323157110945644,0.0028294862248696,1
GOOGL,2023-07-13,GOOGL_20230713_00439,ml/datasets/charts/processed/GOOGL/GOOGL_20230713_00439.png,-0.0428778126989889,0.0070659056640283,1
MSFT,2023-07-13,MSFT_20230713_01699,ml/datasets/charts/processed/MSFT/MSFT_20230713_01699.png,0.0122862312496352,0.0075293293643845,1
NVDA,2023-07-13,NVDA_20230713_01699,ml/datasets/charts/processed/NVDA/NVDA_20230713_01699.png,-0.0100043497172682,-0.0110917790343627,0
AAPL,2023-07-14,AAPL_20230714_00440,ml/datasets/charts/processed/AAPL/AAPL_20230714_00440.png,0.0065551580025502,0.0173055748972157,1
AMZN,2023-07-14,AMZN_20230714_01700,ml/datasets/charts/processed/AMZN/AMZN_20230714_01700.png,-0.0347490347490347,-0.0083160083160083,0
GOOGL,2023-07-14,GOOGL_20230714_00440,ml/datasets/charts/processed/GOOGL/GOOGL_20230714_00440.png,-0.0430552256056483,-0.0061392264572207,0
MSFT,2023-07-14,MSFT_20230714_01700,ml/datasets/charts/processed/MSFT/MSFT_20230714_01700.png,-0.0042579075425791,0.001419302514193,1
NVDA,2023-07-14,NVDA_20230714_01700,ml/datasets/charts/processed/NVDA/NVDA_20230714_01700.png,-0.0255113261491092,0.0217725973169122,1
AAPL,2023-07-17,AAPL_20230717_00441,ml/datasets/charts/processed/AAPL/AAPL_20230717_00441.png,-0.0063919177166126,-0.0013402511120795,0
AMZN,2023-07-17,AMZN_20230717_01701,ml/datasets/charts/processed/AMZN/AMZN_20230717_01701.png,-0.0356394129979035,-0.0054657082958968,0
GOOGL,2023-07-17,GOOGL_20230717_00441,ml/datasets/charts/processed/GOOGL/GOOGL_20230717_00441.png,-0.0250302494207147,-0.0071399439007935,0
MSFT,2023-07-17,MSFT_20230717_01701,ml/datasets/charts/processed/MSFT/MSFT_20230717_01701.png,-0.0017933069158013,0.0397998438087525,1
NVDA,2023-07-17,NVDA_20230717_01701,ml/datasets/charts/processed/NVDA/NVDA_20230717_01701.png,-0.0398191993112354,0.0221696082651743,1
AAPL,2023-07-18,AAPL_20230718_00442,ml/datasets/charts/processed/AAPL/AAPL_20230718_00442.png,-0.0005677872237561,0.0070717207270234,1
AMZN,2023-07-18,AMZN_20230718_01702,ml/datasets/charts/processed/AMZN/AMZN_20230718_01702.png,-0.0278551532033427,0.0190469020552586,1
GOOGL,2023-07-18,GOOGL_20230718_00442,ml/datasets/charts/processed/GOOGL/GOOGL_20230718_00442.png,-0.0125243043723709,-0.0139787573737181,0
MSFT,2023-07-18,MSFT_20230718_01702,ml/datasets/charts/processed/MSFT/MSFT_20230718_01702.png,-0.0236724248240562,-0.0122673787866144,0
NVDA,2023-07-18,NVDA_20230718_01702,ml/datasets/charts/processed/NVDA/NVDA_20230718_01702.png,-0.0381132870077911,-0.0086333965045273,0
AAPL,2023-07-19,AAPL_20230719_00443,ml/datasets/charts/processed/AAPL/AAPL_20230719_00443.png,-0.0030752232320919,-0.0100972065181113,0
AMZN,2023-07-19,AMZN_20230719_01703,ml/datasets/charts/processed/AMZN/AMZN_20230719_01703.png,-0.0532653664302601,-0.0398936170212765,0
GOOGL,2023-07-19,GOOGL_20230719_00443,ml/datasets/charts/processed/GOOGL/GOOGL_20230719_00443.png,0.0593297621932551,-0.0231910490979827,0
MSFT,2023-07-19,MSFT_20230719_01703,ml/datasets/charts/processed/MSFT/MSFT_20230719_01703.png,-0.0487495775599865,-0.0231215500732229,0
NVDA,2023-07-19,NVDA_20230719_01703,ml/datasets/charts/processed/NVDA/NVDA_20230719_01703.png,-0.0346219201359386,-0.0331350892098554,0
AAPL,2023-07-20,AAPL_20230720_00444,ml/datasets/charts/processed/AAPL/AAPL_20230720_00444.png,0.0004658724009973,-0.0061618641182509,0
AMZN,2023-07-20,AMZN_20230720_01704,ml/datasets/charts/processed/AMZN/AMZN_20230720_01704.png,-0.0131578947368421,0.0003077870113881,1
GOOGL,2023-07-20,GOOGL_20230720_00444,ml/datasets/charts/processed/GOOGL/GOOGL_20230720_00444.png,0.0855704919006667,0.0068792351512223,1
MSFT,2023-07-20,MSFT_20230720_01704,ml/datasets/charts/processed/MSFT/MSFT_20230720_01704.png,-0.0465592296825899,-0.0089370657595064,0
NVDA,2023-07-20,NVDA_20230720_01704,ml/datasets/charts/processed/NVDA/NVDA_20230720_01704.png,0.0083479789103688,-0.0265817223198594,0
AAPL,2023-07-21,AAPL_20230721_00445,ml/datasets/charts/processed/AAPL/AAPL_20230721_00445.png,0.020266766066556,0.0042202191638467,1
AMZN,2023-07-21,AMZN_20230721_01705,ml/datasets/charts/processed/AMZN/AMZN_20230721_01705.png,0.0170000000000001,-0.0092307692307691,0
GOOGL,2023-07-21,GOOGL_20230721_00445,ml/datasets/charts/processed/GOOGL/GOOGL_20230721_00445.png,0.1046491068585604,0.0125810981148906,1
MSFT,2023-07-21,MSFT_20230721_01705,ml/datasets/charts/processed/MSFT/MSFT_20230721_01705.png,-0.0157081769787938,0.0038979550280711,1
NVDA,2023-07-21,NVDA_20230721_01705,ml/datasets/charts/processed/NVDA/NVDA_20230721_01705.png,0.0550665763935904,0.00677048070413,1
AAPL,2023-07-24,AAPL_20230724_00446,ml/datasets/charts/processed/AAPL/AAPL_20230724_00446.png,0.0191957908156605,0.0045134902163124,1
AMZN,2023-07-24,AMZN_20230724_01706,ml/datasets/charts/processed/AMZN/AMZN_20230724_01706.png,0.0378881987577639,0.0025621118012422,1
GOOGL,2023-07-24,GOOGL_20230724_00446,ml/datasets/charts/processed/GOOGL/GOOGL_20230724_00446.png,0.0920762659371878,0.0055954802443092,1
MSFT,2023-07-24,MSFT_20230724_01706,ml/datasets/charts/processed/MSFT/MSFT_20230724_01706.png,-0.0266291906928225,0.0170090695720204,1
NVDA,2023-07-24,NVDA_20230724_01706,ml/datasets/charts/processed/NVDA/NVDA_20230724_01706.png,0.0475229769110063,0.0239856534409326,1
AAPL,2023-07-25,AAPL_20230725_00447,ml/datasets/charts/processed/AAPL/AAPL_20230725_00447.png,0.0102779642905845,0.0045451182588949,1
AMZN,2023-07-25,AMZN_20230725_01707,ml/datasets/charts/processed/AMZN/AMZN_20230725_01707.png,0.0198249825756988,-0.0075892511422596,0
GOOGL,2023-07-25,GOOGL_20230725_00447,ml/datasets/charts/processed/GOOGL/GOOGL_20230725_00447.png,0.0764260413465074,0.0577694753336792,1
MSFT,2023-07-25,MSFT_20230725_01707,ml/datasets/charts/processed/MSFT/MSFT_20230725_01707.png,-0.0417117784489146,-0.0376374722206394,0
NVDA,2023-07-25,NVDA_20230725_01707,ml/datasets/charts/processed/NVDA/NVDA_20230725_01707.png,0.018169877408056,-0.0050350262697022,0
AAPL,2023-07-26,AAPL_20230726_00448,ml/datasets/charts/processed/AAPL/AAPL_20230726_00448.png,-0.0098715796533865,-0.0065810531022576,0
AMZN,2023-07-26,AMZN_20230726_01708,ml/datasets/charts/processed/AMZN/AMZN_20230726_01708.png,0.0004682013265704,0.0007803355442839,1
GOOGL,2023-07-26,GOOGL_20230726_00448,ml/datasets/charts/processed/GOOGL/GOOGL_20230726_00448.png,-0.0068847680787977,0.0010055519711034,1
MSFT,2023-07-26,MSFT_20230726_01708,ml/datasets/charts/processed/MSFT/MSFT_20230726_01708.png,-0.0304053053853212,-0.0208721911359799,0
NVDA,2023-07-26,NVDA_20230726_01708,ml/datasets/charts/processed/NVDA/NVDA_20230726_01708.png,-0.0259625962596259,0.0099009900990099,1
AAPL,2023-07-27,AAPL_20230727_00449,ml/datasets/charts/processed/AAPL/AAPL_20230727_00449.png,-0.0106098114968969,0.013507855551591,1
AMZN,2023-07-27,AMZN_20230727_01709,ml/datasets/charts/processed/AMZN/AMZN_20230727_01709.png,0.0051461988304093,0.0308771929824562,1
GOOGL,2023-07-27,GOOGL_20230727_00449,ml/datasets/charts/processed/GOOGL/GOOGL_20230727_00449.png,-0.0073415187711565,0.0245748720351204,1
MSFT,2023-07-27,MSFT_20230727_01709,ml/datasets/charts/processed/MSFT/MSFT_20230727_01709.png,-0.0122762457668118,0.0231313497822931,1
NVDA,2023-07-27,NVDA_20230727_01709,ml/datasets/charts/processed/NVDA/NVDA_20230727_01709.png,-0.030065359477124,0.0185185185185186,1
AAPL,2023-07-28,AAPL_20230728_00450,ml/datasets/charts/processed/AAPL/AAPL_20230728_00450.png,-0.0706734229699657,0.0031660879925259,1
AMZN,2023-07-28,AMZN_20230728_01710,ml/datasets/charts/processed/AMZN/AMZN_20230728_01710.png,0.0556690114212237,0.011118674835489,1
GOOGL,2023-07-28,GOOGL_20230728_00450,ml/datasets/charts/processed/GOOGL/GOOGL_20230728_00450.png,-0.0337154802718036,0.0010561523311636,1
MSFT,2023-07-28,MSFT_20230728_01710,ml/datasets/charts/processed/MSFT/MSFT_20230728_01710.png,-0.0312971008068092,-0.0072405946153618,0
NVDA,2023-07-28,NVDA_20230728_01710,ml/datasets/charts/processed/NVDA/NVDA_20230728_01710.png,-0.0442780748663101,-0.000427807486631,0
AAPL,2023-07-31,AAPL_20230731_00451,ml/datasets/charts/processed/AAPL/AAPL_20230731_00451.png,-0.0895902451998567,-0.0042758681469894,0
AMZN,2023-07-31,AMZN_20230731_01711,ml/datasets/charts/processed/AMZN/AMZN_20230731_01711.png,0.0638839018551764,-0.0148862956313585,0
GOOGL,2023-07-31,GOOGL_20230731_00451,ml/datasets/charts/processed/GOOGL/GOOGL_20230731_00451.png,-0.0089664315564943,-0.0088154135770035,0
MSFT,2023-07-31,MSFT_20230731_01711,ml/datasets/charts/processed/MSFT/MSFT_20230731_01711.png,-0.0172957847106454,0.001250297689926,1
NVDA,2023-07-31,NVDA_20230731_01711,ml/datasets/charts/processed/NVDA/NVDA_20230731_01711.png,-0.028033383265568,-0.0047078964262785,0
AAPL,2023-08-01,AAPL_20230801_00452,ml/datasets/charts/processed/AAPL/AAPL_20230801_00452.png,-0.0808242558664862,-0.0154900866248152,0
AMZN,2023-08-01,AMZN_20230801_01712,ml/datasets/charts/processed/AMZN/AMZN_20230801_01712.png,0.062647125825803,-0.026425696711975,0
GOOGL,2023-08-01,GOOGL_20230801_00452,ml/datasets/charts/processed/GOOGL/GOOGL_20230801_00452.png,-0.001140484896825,-0.024097395022964,0
MSFT,2023-08-01,MSFT_20230801_01712,ml/datasets/charts/processed/MSFT/MSFT_20230801_01712.png,-0.0305940417434738,-0.0262829279895343,0
NVDA,2023-08-01,NVDA_20230801_01712,ml/datasets/charts/processed/NVDA/NVDA_20230801_01712.png,-0.039776392173726,-0.0481616856589979,0
AAPL,2023-08-02,AAPL_20230802_00453,ml/datasets/charts/processed/AAPL/AAPL_20230802_00453.png,-0.0747220825706102,-0.0073217383360878,0
AMZN,2023-08-02,AMZN_20230802_01713,ml/datasets/charts/processed/AMZN/AMZN_20230802_01713.png,0.075189142812573,0.0054597925278838,1
GOOGL,2023-08-02,GOOGL_20230802_00453,ml/datasets/charts/processed/GOOGL/GOOGL_20230802_00453.png,0.0099703054020567,0.0005451723855107,1
MSFT,2023-08-02,MSFT_20230802_01713,ml/datasets/charts/processed/MSFT/MSFT_20230802_01713.png,-0.016091603053435,-0.0025648854961831,0
NVDA,2023-08-02,NVDA_20230802_01713,ml/datasets/charts/processed/NVDA/NVDA_20230802_01713.png,-0.0388524960469846,0.0056471651231082,1
AAPL,2023-08-03,AAPL_20230803_00454,ml/datasets/charts/processed/AAPL/AAPL_20230803_00454.png,-0.0690484150349419,-0.0480198842300764,0
AMZN,2023-08-03,AMZN_20230803_01714,ml/datasets/charts/processed/AMZN/AMZN_20230803_01714.png,0.0748584283608719,0.0826933519509736,1
GOOGL,2023-08-03,GOOGL_20230803_00454,ml/datasets/charts/processed/GOOGL/GOOGL_20230803_00454.png,0.0096535754170561,-0.0026470766416624,0
MSFT,2023-08-03,MSFT_20230803_01714,ml/datasets/charts/processed/MSFT/MSFT_20230803_01714.png,-0.0114186003795996,0.0034286414008446,1
NVDA,2023-08-03,NVDA_20230803_01714,ml/datasets/charts/processed/NVDA/NVDA_20230803_01714.png,-0.0478436657681941,0.003593890386343,1
AAPL,2023-08-04,AAPL_20230804_00455,ml/datasets/charts/processed/AAPL/AAPL_20230804_00455.png,-0.0217591790513643,-0.0172537676563419,0
AMZN,2023-08-04,AMZN_20230804_01715,ml/datasets/charts/processed/AMZN/AMZN_20230804_01715.png,-0.0083112416708461,0.0189868882997779,1
GOOGL,2023-08-04,GOOGL_20230804_00455,ml/datasets/charts/processed/GOOGL/GOOGL_20230804_00455.png,0.0113185219507323,0.026695792597545,1
MSFT,2023-08-04,MSFT_20230804_01715,ml/datasets/charts/processed/MSFT/MSFT_20230804_01715.png,-0.0206540972603574,0.0071084263835501,1
NVDA,2023-08-04,NVDA_20230804_01715,ml/datasets/charts/processed/NVDA/NVDA_20230804_01715.png,-0.0857206803939122,0.0165622202327664,1
AAPL,2023-08-07,AAPL_20230807_00456,ml/datasets/charts/processed/AAPL/AAPL_20230807_00456.png,0.0047654779106673,0.0053115808810795,1
AMZN,2023-08-07,AMZN_20230807_01716,ml/datasets/charts/processed/AMZN/AMZN_20230807_01716.png,-0.0116017437772465,-0.0160315004921951,0
GOOGL,2023-08-07,GOOGL_20230807_00456,ml/datasets/charts/processed/GOOGL/GOOGL_20230807_00456.png,-0.0015205661487238,-0.0009882743657499,0
MSFT,2023-08-07,MSFT_20230807_01716,ml/datasets/charts/processed/MSFT/MSFT_20230807_01716.png,-0.0183878101238981,-0.0122989306594771,0
NVDA,2023-08-07,NVDA_20230807_01716,ml/datasets/charts/processed/NVDA/NVDA_20230807_01716.png,-0.0367679436371642,-0.0167327168648173,0
AAPL,2023-08-08,AAPL_20230808_00457,ml/datasets/charts/processed/AAPL/AAPL_20230808_00457.png,-0.0117372731870466,-0.0089541764452155,0
AMZN,2023-08-08,AMZN_20230808_01717,ml/datasets/charts/processed/AMZN/AMZN_20230808_01717.png,-0.0162212376732886,-0.0149349721309133,0
GOOGL,2023-08-08,GOOGL_20230808_00457,ml/datasets/charts/processed/GOOGL/GOOGL_20230808_00457.png,-0.0123287465811408,-0.0132419653733676,0
MSFT,2023-08-08,MSFT_20230808_01717,ml/datasets/charts/processed/MSFT/MSFT_20230808_01717.png,-0.0128507897561723,-0.0117159944793743,0
NVDA,2023-08-08,NVDA_20230808_01717,ml/datasets/charts/processed/NVDA/NVDA_20230808_01717.png,-0.0161218092252575,-0.0472458575906851,0
AAPL,2023-08-09,AAPL_20230809_00458,ml/datasets/charts/processed/AAPL/AAPL_20230809_00458.png,-0.007753279324374,-0.0012347818439095,0
AMZN,2023-08-09,AMZN_20230809_01718,ml/datasets/charts/processed/AMZN/AMZN_20230809_01718.png,-0.0201668480232136,0.0051505259339863,1
GOOGL,2023-08-09,GOOGL_20230809_00458,ml/datasets/charts/processed/GOOGL/GOOGL_20230809_00458.png,-0.0074040878994794,0.000231398152994,1
MSFT,2023-08-09,MSFT_20230809_01718,ml/datasets/charts/processed/MSFT/MSFT_20230809_01718.png,-0.0056791732613351,0.0021723613567947,1
NVDA,2023-08-09,NVDA_20230809_01718,ml/datasets/charts/processed/NVDA/NVDA_20230809_01718.png,0.0220916568742657,-0.0037602820211515,0
AAPL,2023-08-10,AAPL_20230810_00459,ml/datasets/charts/processed/AAPL/AAPL_20230810_00459.png,-0.0209867878239632,0.0003375309925499,1
AMZN,2023-08-10,AMZN_20230810_01719,ml/datasets/charts/processed/AMZN/AMZN_20230810_01719.png,-0.033054272517321,-0.0010825635103925,0
GOOGL,2023-08-10,GOOGL_20230810_00459,ml/datasets/charts/processed/GOOGL/GOOGL_20230810_00459.png,0.0017733651241278,-0.001002414221771,0
MSFT,2023-08-10,MSFT_20230810_01719,ml/datasets/charts/processed/MSFT/MSFT_20230810_01719.png,-0.0187347103087356,-0.0059455609574831,0
NVDA,2023-08-10,NVDA_20230810_01719,ml/datasets/charts/processed/NVDA/NVDA_20230810_01719.png,0.022410945977825,-0.0363293229535267,0
AAPL,2023-08-11,AAPL_20230811_00460,ml/datasets/charts/processed/AAPL/AAPL_20230811_00460.png,-0.0185611591769319,0.009393051956406,1
AMZN,2023-08-11,AMZN_20230811_01720,ml/datasets/charts/processed/AMZN/AMZN_20230811_01720.png,-0.0374972906581894,0.0156058088288417,1
GOOGL,2023-08-11,GOOGL_20230811_00460,ml/datasets/charts/processed/GOOGL/GOOGL_20230811_00460.png,-0.0162087094722853,0.01366148397332,1
MSFT,2023-08-11,MSFT_20230811_01720,ml/datasets/charts/processed/MSFT/MSFT_20230811_01720.png,-0.0141117099155788,0.0094389582879039,1
NVDA,2023-08-11,NVDA_20230811_01720,ml/datasets/charts/processed/NVDA/NVDA_20230811_01720.png,0.0599755201958382,0.0709914320685434,1
AAPL,2023-08-14,AAPL_20230814_00461,ml/datasets/charts/processed/AAPL/AAPL_20230814_00461.png,-0.0201712474882889,-0.0112001396742765,0
AMZN,2023-08-14,AMZN_20230814_01721,ml/datasets/charts/processed/AMZN/AMZN_20230814_01721.png,-0.0419008323255316,-0.0206302909582415,0
GOOGL,2023-08-14,GOOGL_20230814_00461,ml/datasets/charts/processed/GOOGL/GOOGL_20230814_00461.png,-0.0225386973968708,-0.0118022166650998,0
MSFT,2023-08-14,MSFT_20230814_01721,ml/datasets/charts/processed/MSFT/MSFT_20230814_01721.png,-0.0066658437229972,-0.0067275644982101,0
NVDA,2023-08-14,NVDA_20230814_01721,ml/datasets/charts/processed/NVDA/NVDA_20230814_01721.png,0.0735999999999998,0.0043428571428569,1
AAPL,2023-08-15,AAPL_20230815_00462,ml/datasets/charts/processed/AAPL/AAPL_20230815_00462.png,-0.0012399150683888,-0.0049589630555508,0
AMZN,2023-08-15,AMZN_20230815_01722,ml/datasets/charts/processed/AMZN/AMZN_20230815_01722.png,-0.0248420135105686,-0.0188857412653445,0
GOOGL,2023-08-15,GOOGL_20230815_00462,ml/datasets/charts/processed/GOOGL/GOOGL_20230815_00462.png,-0.0053936851010265,-0.0083218601206309,0
MSFT,2023-08-15,MSFT_20230815_01722,ml/datasets/charts/processed/MSFT/MSFT_20230815_01722.png,0.0018641645435901,-0.0045361337227367,0
NVDA,2023-08-15,NVDA_20230815_01722,ml/datasets/charts/processed/NVDA/NVDA_20230815_01722.png,0.0393718707328176,-0.0102412380518888,0
AAPL,2023-08-16,AAPL_20230816_00463,ml/datasets/charts/processed/AAPL/AAPL_20230816_00463.png,0.0257689379942127,-0.014555226979332,0
AMZN,2023-08-16,AMZN_20230816_01723,ml/datasets/charts/processed/AMZN/AMZN_20230816_01723.png,0.003331605834012,-0.008069889686829,0
GOOGL,2023-08-16,GOOGL_20230816_00463,ml/datasets/charts/processed/GOOGL/GOOGL_20230816_00463.png,0.0285160925389542,0.0094794481977098,1
MSFT,2023-08-16,MSFT_20230816_01723,ml/datasets/charts/processed/MSFT/MSFT_20230816_01723.png,0.0205992509363297,-0.0109862671660423,0
NVDA,2023-08-16,NVDA_20230816_01723,ml/datasets/charts/processed/NVDA/NVDA_20230816_01723.png,0.0834674637847781,-0.0034490687514371,0
AAPL,2023-08-17,AAPL_20230817_00464,ml/datasets/charts/processed/AAPL/AAPL_20230817_00464.png,0.0136782278555716,0.002815993327581,1
AMZN,2023-08-17,AMZN_20230817_01724,ml/datasets/charts/processed/AMZN/AMZN_20230817_01724.png,-0.0159725332139124,-0.005672488431109,0
GOOGL,2023-08-17,GOOGL_20230817_00464,ml/datasets/charts/processed/GOOGL/GOOGL_20230817_00464.png,-0.0010775390921916,-0.0189346629064572,0
MSFT,2023-08-17,MSFT_20230817_01724,ml/datasets/charts/processed/MSFT/MSFT_20230817_01724.png,0.0097513254228731,-0.0012623074981065,0
NVDA,2023-08-17,NVDA_20230817_01724,ml/datasets/charts/processed/NVDA/NVDA_20230817_01724.png,0.088140286109829,-0.0009229349330873,0
AAPL,2023-08-18,AAPL_20230818_00465,ml/datasets/charts/processed/AAPL/AAPL_20230818_00465.png,0.0236117444511656,0.007737103682383,1
AMZN,2023-08-18,AMZN_20230818_01725,ml/datasets/charts/processed/AMZN/AMZN_20230818_01725.png,0.0003002552169344,0.0109593154181053,1
GOOGL,2023-08-18,GOOGL_20230818_00465,ml/datasets/charts/processed/GOOGL/GOOGL_20230818_00465.png,0.0189864489480422,0.0071393028817121,1
MSFT,2023-08-18,MSFT_20230818_01725,ml/datasets/charts/processed/MSFT/MSFT_20230818_01725.png,0.0205384226491405,0.0170626895854397,1
NVDA,2023-08-18,NVDA_20230818_01725,ml/datasets/charts/processed/NVDA/NVDA_20230818_01725.png,0.0628175519630487,0.084757505773672,1
AAPL,2023-08-21,AAPL_20230821_00466,ml/datasets/charts/processed/AAPL/AAPL_20230821_00466.png,0.0247383679486257,0.0079045240790491,1
AMZN,2023-08-21,AMZN_20230821_01726,ml/datasets/charts/processed/AMZN/AMZN_20230821_01726.png,-0.0114345114345115,-0.0031927531927532,0
GOOGL,2023-08-21,GOOGL_20230821_00466,ml/datasets/charts/processed/GOOGL/GOOGL_20230821_00466.png,0.0205655126232295,0.005531117248869,1
MSFT,2023-08-21,MSFT_20230821_01726,ml/datasets/charts/processed/MSFT/MSFT_20230821_01726.png,0.005654281098546,0.0018019137566793,1
NVDA,2023-08-21,NVDA_20230821_01726,ml/datasets/charts/processed/NVDA/NVDA_20230821_01726.png,-0.0027677240791993,-0.0276772407919948,0
AAPL,2023-08-22,AAPL_20230822_00467,ml/datasets/charts/processed/AAPL/AAPL_20230822_00467.png,0.0388762739370671,0.0219493180857919,1
AMZN,2023-08-22,AMZN_20230822_01727,ml/datasets/charts/processed/AMZN/AMZN_20230822_01727.png,0.0049162011173184,0.0094599627560523,1
GOOGL,2023-08-22,GOOGL_20230822_00467,ml/datasets/charts/processed/GOOGL/GOOGL_20230822_00467.png,0.0425316625075706,0.0254880852919465,1
MSFT,2023-08-22,MSFT_20230822_01727,ml/datasets/charts/processed/MSFT/MSFT_20230822_01727.png,0.0184519010109782,0.0140792656453514,1
NVDA,2023-08-22,NVDA_20230822_01727,ml/datasets/charts/processed/NVDA/NVDA_20230822_01727.png,0.0680972191810815,0.0317495073352309,1
AAPL,2023-08-23,AAPL_20230823_00468,ml/datasets/charts/processed/AAPL/AAPL_20230823_00468.png,0.0360531594458908,-0.0261706372992526,0
AMZN,2023-08-23,AMZN_20230823_01728,ml/datasets/charts/processed/AMZN/AMZN_20230823_01728.png,-0.0033205430932704,-0.0271546635182999,0
GOOGL,2023-08-23,GOOGL_20230823_00468,ml/datasets/charts/processed/GOOGL/GOOGL_20230823_00468.png,0.0265166325260612,-0.0195664395097243,0
MSFT,2023-08-23,MSFT_20230823_01728,ml/datasets/charts/processed/MSFT/MSFT_20230823_01728.png,0.0054740061162079,-0.0214984709480121,0
NVDA,2023-08-23,NVDA_20230823_01728,ml/datasets/charts/processed/NVDA/NVDA_20230823_01728.png,0.0454159592529712,0.0008488964346349,1
AAPL,2023-08-24,AAPL_20230824_00469,ml/datasets/charts/processed/AAPL/AAPL_20230824_00469.png,0.065143257068158,0.0126430657045026,1
AMZN,2023-08-24,AMZN_20230824_01729,ml/datasets/charts/processed/AMZN/AMZN_20230824_01729.png,0.0467991504854368,0.0107706310679611,1
GOOGL,2023-08-24,GOOGL_20230824_00469,ml/datasets/charts/processed/GOOGL/GOOGL_20230824_00469.png,0.0492371336623052,0.0007706535324625,1
MSFT,2023-08-24,MSFT_20230824_01729,ml/datasets/charts/processed/MSFT/MSFT_20230824_01729.png,0.0243460324405411,0.0094071319186173,1
NVDA,2023-08-24,NVDA_20230824_01729,ml/datasets/charts/processed/NVDA/NVDA_20230824_01729.png,0.046437659033079,-0.0241730279898217,0
AAPL,2023-08-25,AAPL_20230825_00470,ml/datasets/charts/processed/AAPL/AAPL_20230825_00470.png,0.0607469049104003,0.0088462549855266,1
AMZN,2023-08-25,AMZN_20230825_01730,ml/datasets/charts/processed/AMZN/AMZN_20230825_01730.png,0.0364700585321928,-0.0009004952723998,0
GOOGL,2023-08-25,GOOGL_20230825_00470,ml/datasets/charts/processed/GOOGL/GOOGL_20230825_00470.png,0.0445024086749277,0.0087000077278616,1
MSFT,2023-08-25,MSFT_20230825_01730,ml/datasets/charts/processed/MSFT/MSFT_20230825_01730.png,0.0175862282494272,0.0022292402006314,1
NVDA,2023-08-25,NVDA_20230825_01730,ml/datasets/charts/processed/NVDA/NVDA_20230825_01730.png,0.0541069100391133,0.0178183398522382,1
AAPL,2023-08-28,AAPL_20230828_00471,ml/datasets/charts/processed/AAPL/AAPL_20230828_00471.png,0.0527774125363005,0.021810180246955,1
AMZN,2023-08-28,AMZN_20230828_01731,ml/datasets/charts/processed/AMZN/AMZN_20230828_01731.png,0.031019978969506,0.0132942767012167,1
GOOGL,2023-08-28,GOOGL_20230828_00471,ml/datasets/charts/processed/GOOGL/GOOGL_20230828_00471.png,0.0363332842169927,0.0271736742054373,1
MSFT,2023-08-28,MSFT_20230828_01731,ml/datasets/charts/processed/MSFT/MSFT_20230828_01731.png,0.0304294099474822,0.0145505097312328,1
NVDA,2023-08-28,NVDA_20230828_01731,ml/datasets/charts/processed/NVDA/NVDA_20230828_01731.png,0.0365072587532022,0.0414175918018786,1
AAPL,2023-08-29,AAPL_20230829_00472,ml/datasets/charts/processed/AAPL/AAPL_20230829_00472.png,-0.0065718553141891,0.0191722020792803,1
AMZN,2023-08-29,AMZN_20230829_01732,ml/datasets/charts/processed/AMZN/AMZN_20230829_01732.png,0.0033355570380255,0.0011859758357424,1
GOOGL,2023-08-29,GOOGL_20230829_00472,ml/datasets/charts/processed/GOOGL/GOOGL_20230829_00472.png,-0.0008172356181573,0.009734873162035,1
MSFT,2023-08-29,MSFT_20230829_01732,ml/datasets/charts/processed/MSFT/MSFT_20230829_01732.png,0.0136110349867542,0.0011570902225876,1
NVDA,2023-08-29,NVDA_20230829_01732,ml/datasets/charts/processed/NVDA/NVDA_20230829_01732.png,-0.035260352603526,0.0098400984009838,1
AAPL,2023-08-30,AAPL_20230830_00473,ml/datasets/charts/processed/AAPL/AAPL_20230830_00473.png,-0.0537702369924475,0.0011723527491982,1
AMZN,2023-08-30,AMZN_20230830_01733,ml/datasets/charts/processed/AMZN/AMZN_20230830_01733.png,0.020581920485674,0.0217664914488784,1
GOOGL,2023-08-30,GOOGL_20230830_00473,ml/datasets/charts/processed/GOOGL/GOOGL_20230830_00473.png,-0.0045630539119432,0.0021340776755784,1
MSFT,2023-08-30,MSFT_20230830_01733,ml/datasets/charts/processed/MSFT/MSFT_20230830_01733.png,0.0034064296359377,-0.0031326986830501,0
NVDA,2023-08-30,NVDA_20230830_01733,ml/datasets/charts/processed/NVDA/NVDA_20230830_01733.png,-0.0613073487616726,0.0018270401948843,1
AAPL,2023-08-31,AAPL_20230831_00474,ml/datasets/charts/processed/AAPL/AAPL_20230831_00474.png,-0.0515781064204687,0.0084634067737383,1
AMZN,2023-08-31,AMZN_20230831_01734,ml/datasets/charts/processed/AMZN/AMZN_20230831_01734.png,0.001594087384972,0.0007970436924862,1
GOOGL,2023-08-31,GOOGL_20230831_00474,ml/datasets/charts/processed/GOOGL/GOOGL_20230831_00474.png,0.0015421224629055,-0.0037453645037799,0
MSFT,2023-08-31,MSFT_20230831_01734,ml/datasets/charts/processed/MSFT/MSFT_20230831_01734.png,0.0198620942152794,0.0027459116426655,1
NVDA,2023-08-31,NVDA_20230831_01734,ml/datasets/charts/processed/NVDA/NVDA_20230831_01734.png,-0.076595744680851,-0.0170212765957447,0
AAPL,2023-09-01,AAPL_20230901_00475,ml/datasets/charts/processed/AAPL/AAPL_20230901_00475.png,-0.0533094360365294,0.0012666971300876,1
AMZN,2023-09-01,AMZN_20230901_01735,ml/datasets/charts/processed/AMZN/AMZN_20230901_01735.png,0.0360556038227628,-0.0061540689255719,0
GOOGL,2023-09-01,GOOGL_20230901_00475,ml/datasets/charts/processed/GOOGL/GOOGL_20230901_00475.png,0.0092880873026419,0.0008108962855026,1
MSFT,2023-09-01,MSFT_20230901_01735,ml/datasets/charts/processed/MSFT/MSFT_20230901_01735.png,0.0282358668532829,0.0148785979431631,1
NVDA,2023-09-01,NVDA_20230901_01735,ml/datasets/charts/processed/NVDA/NVDA_20230901_01735.png,-0.0686456400742114,0.0008245722531436,1
