timestamp,ticker,source,sentiment_label,text
2022-01-03 11:21:00,AMZN,Synthetic Economic Wire,negative,amzn reduces near-term outlook amid challenging conditions [sep] recent updates from amzn indicate pressure on operating performance as market conditions become more challenging.
2022-01-03 13:41:00,GOOGL,Synthetic Research Bulletin,negative,googl warns of pressure across key operating segments [sep] recent updates from googl indicate pressure on operating performance as market conditions become more challenging.
2022-01-03 13:41:00,NVDA,Synthetic Market Journal,positive,"nvda expands investment following improved business conditions [sep] recent company updates indicate improving business conditions for nvda, supported by stronger activity in important operating segments."
2022-01-03 13:45:00,AAPL,Synthetic Market Journal,negative,"aapl faces weaker-than-expected demand conditions [sep] aapl reported weaker operating conditions, with management highlighting softer demand and increased uncertainty across several business areas."
2022-01-03 17:16:00,MSFT,Synthetic Financial Desk,neutral,"msft continues previously announced investment program [sep] msft provided a routine business update, with management maintaining its existing operating outlook and previously announced plans."
2022-01-04 10:01:00,MSFT,Synthetic Market Journal,positive,"msft reports stronger-than-expected quarterly demand [sep] msft reported stronger operating activity during the quarter, with management highlighting improving demand across several business areas."
2022-01-04 11:07:00,AAPL,Synthetic Research Bulletin,positive,"aapl reports stronger-than-expected quarterly demand [sep] recent company updates indicate improving business conditions for aapl, supported by stronger activity in important operating segments."
2022-01-04 12:37:00,NVDA,Synthetic Financial Desk,negative,"nvda warns of pressure across key operating segments [sep] nvda reported weaker operating conditions, with management highlighting softer demand and increased uncertainty across several business areas."
2022-01-04 13:08:00,GOOGL,Synthetic Market Journal,positive,"googl reports stronger-than-expected quarterly demand [sep] googl reported stronger operating activity during the quarter, with management highlighting improving demand across several business areas."
2022-01-04 17:27:00,AMZN,Synthetic Research Bulletin,neutral,amzn reports mixed conditions across operating segments [sep] amzn continues its existing operating initiatives while monitoring market conditions and changes in customer demand.
2022-01-05 12:44:00,AAPL,Synthetic Financial Desk,positive,"aapl reports stronger-than-expected quarterly demand [sep] aapl reported stronger operating activity during the quarter, with management highlighting improving demand across several business areas."
2022-01-05 13:53:00,NVDA,Synthetic Market Journal,neutral,nvda provides routine quarterly business update [sep] the latest update from nvda contained a mixture of stable operating indicators and incremental changes across business segments.
2022-01-05 15:28:00,GOOGL,Synthetic Market Journal,positive,"googl announces progress in strategic growth initiative [sep] googl reported stronger operating activity during the quarter, with management highlighting improving demand across several business areas."
2022-01-05 16:53:00,AMZN,Synthetic Economic Wire,neutral,amzn provides routine quarterly business update [sep] the latest update from amzn contained a mixture of stable operating indicators and incremental changes across business segments.
2022-01-05 16:53:00,MSFT,Synthetic Research Bulletin,neutral,msft reports mixed conditions across operating segments [sep] the latest update from msft contained a mixture of stable operating indicators and incremental changes across business segments.
2022-01-06 11:23:00,MSFT,Synthetic Market Journal,negative,msft faces weaker-than-expected demand conditions [sep] recent updates from msft indicate pressure on operating performance as market conditions become more challenging.
2022-01-06 12:28:00,GOOGL,Synthetic Economic Wire,positive,"googl sees positive momentum across key operating segments [sep] recent company updates indicate improving business conditions for googl, supported by stronger activity in important operating segments."
2022-01-06 14:52:00,NVDA,Synthetic Market Journal,positive,"nvda reports stronger-than-expected quarterly demand [sep] recent company updates indicate improving business conditions for nvda, supported by stronger activity in important operating segments."
2022-01-06 15:44:00,AAPL,Synthetic Research Bulletin,negative,aapl warns of pressure across key operating segments [sep] aapl management warned that near-term business conditions remain difficult and that several operating segments are facing additional pressure.
2022-01-06 16:08:00,AMZN,Synthetic Market Journal,positive,"amzn announces progress in strategic growth initiative [sep] amzn reported stronger operating activity during the quarter, with management highlighting improving demand across several business areas."
2022-01-07 10:35:00,AMZN,Synthetic Economic Wire,negative,amzn reduces near-term outlook amid challenging conditions [sep] recent updates from amzn indicate pressure on operating performance as market conditions become more challenging.
2022-01-07 11:04:00,MSFT,Synthetic Research Bulletin,positive,msft sees positive momentum across key operating segments [sep] management at msft described recent operating trends as constructive and pointed to continued investment in long-term growth opportunities.
2022-01-07 12:04:00,NVDA,Synthetic Economic Wire,neutral,nvda reports mixed conditions across operating segments [sep] nvda continues its existing operating initiatives while monitoring market conditions and changes in customer demand.
2022-01-07 12:14:00,AAPL,Synthetic Research Bulletin,negative,"aapl reduces near-term outlook amid challenging conditions [sep] aapl reported weaker operating conditions, with management highlighting softer demand and increased uncertainty across several business areas."
2022-01-07 12:19:00,GOOGL,Synthetic Financial Desk,positive,"googl reports stronger-than-expected quarterly demand [sep] googl reported stronger operating activity during the quarter, with management highlighting improving demand across several business areas."
2022-01-08 13:18:00,AAPL,Synthetic Economic Wire,neutral,"aapl continues previously announced investment program [sep] aapl provided a routine business update, with management maintaining its existing operating outlook and previously announced plans."
2022-01-08 15:15:00,GOOGL,Synthetic Research Bulletin,negative,"googl reduces near-term outlook amid challenging conditions [sep] googl reported weaker operating conditions, with management highlighting softer demand and increased uncertainty across several business areas."
2022-01-08 16:23:00,MSFT,Synthetic Financial Desk,positive,msft expands investment following improved business conditions [sep] management at msft described recent operating trends as constructive and pointed to continued investment in long-term growth opportunities.
2022-01-08 17:08:00,AMZN,Synthetic Research Bulletin,negative,amzn reduces near-term outlook amid challenging conditions [sep] recent updates from amzn indicate pressure on operating performance as market conditions become more challenging.
2022-01-08 17:19:00,NVDA,Synthetic Market Journal,positive,nvda reports stronger-than-expected quarterly demand [sep] management at nvda described recent operating trends as constructive and pointed to continued investment in long-term growth opportunities.
2022-01-09 10:17:00,NVDA,Synthetic Economic Wire,neutral,"nvda continues previously announced investment program [sep] nvda provided a routine business update, with management maintaining its existing operating outlook and previously announced plans."
2022-01-09 10:52:00,AAPL,Synthetic Economic Wire,positive,aapl reports stronger-than-expected quarterly demand [sep] management at aapl described recent operating trends as constructive and pointed to continued investment in long-term growth opportunities.
2022-01-09 13:50:00,GOOGL,Synthetic Market Journal,negative,googl faces weaker-than-expected demand conditions [sep] recent updates from googl indicate pressure on operating performance as market conditions become more challenging.
2022-01-09 16:32:00,AMZN,Synthetic Economic Wire,positive,amzn announces progress in strategic growth initiative [sep] management at amzn described recent operating trends as constructive and pointed to continued investment in long-term growth opportunities.
2022-01-09 16:45:00,MSFT,Synthetic Financial Desk,positive,msft expands investment following improved business conditions [sep] management at msft described recent operating trends as constructive and pointed to continued investment in long-term growth opportunities.
2022-01-10 09:34:00,AMZN,Synthetic Research Bulletin,negative,amzn reports increased operating uncertainty [sep] recent updates from amzn indicate pressure on operating performance as market conditions become more challenging.
2022-01-10 11:03:00,MSFT,Synthetic Market Journal,positive,"msft announces progress in strategic growth initiative [sep] recent company updates indicate improving business conditions for msft, supported by stronger activity in important operating segments."
2022-01-10 14:18:00,NVDA,Synthetic Market Journal,negative,nvda reduces near-term outlook amid challenging conditions [sep] recent updates from nvda indicate pressure on operating performance as market conditions become more challenging.
2022-01-10 17:04:00,AAPL,Synthetic Financial Desk,negative,"aapl reduces near-term outlook amid challenging conditions [sep] aapl reported weaker operating conditions, with management highlighting softer demand and increased uncertainty across several business areas."
2022-01-10 17:11:00,GOOGL,Synthetic Economic Wire,positive,"googl announces progress in strategic growth initiative [sep] recent company updates indicate improving business conditions for googl, supported by stronger activity in important operating segments."
2022-01-11 11:16:00,NVDA,Synthetic Research Bulletin,negative,nvda reports increased operating uncertainty [sep] recent updates from nvda indicate pressure on operating performance as market conditions become more challenging.
2022-01-11 11:54:00,GOOGL,Synthetic Economic Wire,positive,"googl sees positive momentum across key operating segments [sep] googl reported stronger operating activity during the quarter, with management highlighting improving demand across several business areas."
2022-01-11 12:24:00,AMZN,Synthetic Research Bulletin,neutral,"amzn provides routine quarterly business update [sep] amzn provided a routine business update, with management maintaining its existing operating outlook and previously announced plans."
2022-01-11 14:23:00,AAPL,Synthetic Economic Wire,neutral,aapl maintains current operating outlook [sep] aapl continues its existing operating initiatives while monitoring market conditions and changes in customer demand.
2022-01-11 14:29:00,MSFT,Synthetic Economic Wire,neutral,msft reports mixed conditions across operating segments [sep] msft continues its existing operating initiatives while monitoring market conditions and changes in customer demand.
2022-01-12 10:32:00,AAPL,Synthetic Market Journal,negative,aapl warns of pressure across key operating segments [sep] aapl management warned that near-term business conditions remain difficult and that several operating segments are facing additional pressure.
2022-01-12 10:46:00,MSFT,Synthetic Research Bulletin,positive,"msft reports stronger-than-expected quarterly demand [sep] recent company updates indicate improving business conditions for msft, supported by stronger activity in important operating segments."
2022-01-12 10:49:00,NVDA,Synthetic Financial Desk,positive,"nvda expands investment following improved business conditions [sep] recent company updates indicate improving business conditions for nvda, supported by stronger activity in important operating segments."
2022-01-12 12:16:00,GOOGL,Synthetic Financial Desk,negative,"googl reduces near-term outlook amid challenging conditions [sep] googl reported weaker operating conditions, with management highlighting softer demand and increased uncertainty across several business areas."
2022-01-12 13:19:00,AMZN,Synthetic Economic Wire,positive,"amzn expands investment following improved business conditions [sep] amzn reported stronger operating activity during the quarter, with management highlighting improving demand across several business areas."
2022-01-13 09:41:00,GOOGL,Synthetic Economic Wire,negative,googl reports increased operating uncertainty [sep] googl management warned that near-term business conditions remain difficult and that several operating segments are facing additional pressure.
2022-01-13 10:08:00,AMZN,Synthetic Market Journal,neutral,amzn reports mixed conditions across operating segments [sep] amzn continues its existing operating initiatives while monitoring market conditions and changes in customer demand.
2022-01-13 10:54:00,AAPL,Synthetic Economic Wire,neutral,"aapl maintains current operating outlook [sep] aapl provided a routine business update, with management maintaining its existing operating outlook and previously announced plans."
2022-01-13 14:35:00,NVDA,Synthetic Economic Wire,neutral,nvda provides routine quarterly business update [sep] the latest update from nvda contained a mixture of stable operating indicators and incremental changes across business segments.
2022-01-13 15:26:00,MSFT,Synthetic Financial Desk,negative,"msft reduces near-term outlook amid challenging conditions [sep] msft reported weaker operating conditions, with management highlighting softer demand and increased uncertainty across several business areas."
2022-01-14 11:29:00,GOOGL,Synthetic Research Bulletin,negative,googl warns of pressure across key operating segments [sep] googl management warned that near-term business conditions remain difficult and that several operating segments are facing additional pressure.
2022-01-14 13:10:00,MSFT,Synthetic Research Bulletin,negative,"msft warns of pressure across key operating segments [sep] msft reported weaker operating conditions, with management highlighting softer demand and increased uncertainty across several business areas."
2022-01-14 13:20:00,NVDA,Synthetic Economic Wire,positive,"nvda expands investment following improved business conditions [sep] recent company updates indicate improving business conditions for nvda, supported by stronger activity in important operating segments."
2022-01-14 14:52:00,AAPL,Synthetic Market Journal,neutral,"aapl continues previously announced investment program [sep] aapl provided a routine business update, with management maintaining its existing operating outlook and previously announced plans."
2022-01-14 14:58:00,AMZN,Synthetic Financial Desk,negative,amzn reports increased operating uncertainty [sep] recent updates from amzn indicate pressure on operating performance as market conditions become more challenging.
2022-01-15 10:45:00,GOOGL,Synthetic Economic Wire,positive,"googl sees positive momentum across key operating segments [sep] recent company updates indicate improving business conditions for googl, supported by stronger activity in important operating segments."
2022-01-15 11:08:00,AAPL,Synthetic Market Journal,negative,aapl reduces near-term outlook amid challenging conditions [sep] aapl management warned that near-term business conditions remain difficult and that several operating segments are facing additional pressure.
2022-01-15 14:07:00,MSFT,Synthetic Financial Desk,neutral,"msft maintains current operating outlook [sep] msft provided a routine business update, with management maintaining its existing operating outlook and previously announced plans."
2022-01-15 14:55:00,AMZN,Synthetic Economic Wire,negative,amzn warns of pressure across key operating segments [sep] amzn management warned that near-term business conditions remain difficult and that several operating segments are facing additional pressure.
2022-01-15 17:13:00,NVDA,Synthetic Financial Desk,positive,"nvda reports stronger-than-expected quarterly demand [sep] nvda reported stronger operating activity during the quarter, with management highlighting improving demand across several business areas."
2022-01-16 10:07:00,MSFT,Synthetic Research Bulletin,neutral,"msft provides routine quarterly business update [sep] msft provided a routine business update, with management maintaining its existing operating outlook and previously announced plans."
2022-01-16 10:31:00,AMZN,Synthetic Market Journal,negative,"amzn reduces near-term outlook amid challenging conditions [sep] amzn reported weaker operating conditions, with management highlighting softer demand and increased uncertainty across several business areas."
2022-01-16 11:22:00,GOOGL,Synthetic Economic Wire,neutral,googl provides routine quarterly business update [sep] googl continues its existing operating initiatives while monitoring market conditions and changes in customer demand.
2022-01-16 16:50:00,NVDA,Synthetic Financial Desk,negative,"nvda reports increased operating uncertainty [sep] nvda reported weaker operating conditions, with management highlighting softer demand and increased uncertainty across several business areas."
2022-01-16 16:54:00,AAPL,Synthetic Economic Wire,negative,"aapl warns of pressure across key operating segments [sep] aapl reported weaker operating conditions, with management highlighting softer demand and increased uncertainty across several business areas."
2022-01-17 10:45:00,MSFT,Synthetic Market Journal,negative,msft warns of pressure across key operating segments [sep] recent updates from msft indicate pressure on operating performance as market conditions become more challenging.
2022-01-17 10:46:00,AMZN,Synthetic Economic Wire,neutral,amzn reports mixed conditions across operating segments [sep] amzn continues its existing operating initiatives while monitoring market conditions and changes in customer demand.
2022-01-17 12:15:00,NVDA,Synthetic Research Bulletin,negative,nvda reduces near-term outlook amid challenging conditions [sep] recent updates from nvda indicate pressure on operating performance as market conditions become more challenging.
2022-01-17 12:45:00,GOOGL,Synthetic Financial Desk,neutral,googl maintains current operating outlook [sep] the latest update from googl contained a mixture of stable operating indicators and incremental changes across business segments.
2022-01-17 15:23:00,AAPL,Synthetic Financial Desk,negative,aapl warns of pressure across key operating segments [sep] aapl management warned that near-term business conditions remain difficult and that several operating segments are facing additional pressure.
2022-01-18 09:33:00,GOOGL,Synthetic Research Bulletin,neutral,"googl continues previously announced investment program [sep] googl provided a routine business update, with management maintaining its existing operating outlook and previously announced plans."
2022-01-18 09:48:00,NVDA,Synthetic Economic Wire,neutral,nvda reports mixed conditions across operating segments [sep] the latest update from nvda contained a mixture of stable operating indicators and incremental changes across business segments.
2022-01-18 14:14:00,AMZN,Synthetic Research Bulletin,negative,"amzn reports increased operating uncertainty [sep] amzn reported weaker operating conditions, with management highlighting softer demand and increased uncertainty across several business areas."
2022-01-18 15:29:00,MSFT,Synthetic Financial Desk,neutral,msft maintains current operating outlook [sep] msft continues its existing operating initiatives while monitoring market conditions and changes in customer demand.
2022-01-18 15:47:00,AAPL,Synthetic Financial Desk,positive,aapl reports stronger-than-expected quarterly demand [sep] management at aapl described recent operating trends as constructive and pointed to continued investment in long-term growth opportunities.
2022-01-19 10:43:00,NVDA,Synthetic Research Bulletin,neutral,nvda continues previously announced investment program [sep] the latest update from nvda contained a mixture of stable operating indicators and incremental changes across business segments.
2022-01-19 10:58:00,AMZN,Synthetic Market Journal,positive,"amzn reports stronger-than-expected quarterly demand [sep] amzn reported stronger operating activity during the quarter, with management highlighting improving demand across several business areas."
2022-01-19 12:14:00,MSFT,Synthetic Financial Desk,positive,"msft sees positive momentum across key operating segments [sep] recent company updates indicate improving business conditions for msft, supported by stronger activity in important operating segments."
2022-01-19 16:01:00,GOOGL,Synthetic Research Bulletin,neutral,"googl reports mixed conditions across operating segments [sep] googl provided a routine business update, with management maintaining its existing operating outlook and previously announced plans."
2022-01-19 16:55:00,AAPL,Synthetic Research Bulletin,positive,"aapl sees positive momentum across key operating segments [sep] aapl reported stronger operating activity during the quarter, with management highlighting improving demand across several business areas."
2022-01-20 13:17:00,AAPL,Synthetic Economic Wire,positive,"aapl sees positive momentum across key operating segments [sep] aapl reported stronger operating activity during the quarter, with management highlighting improving demand across several business areas."
2022-01-20 13:40:00,NVDA,Synthetic Research Bulletin,negative,nvda reports increased operating uncertainty [sep] recent updates from nvda indicate pressure on operating performance as market conditions become more challenging.
2022-01-20 15:05:00,MSFT,Synthetic Economic Wire,positive,"msft announces progress in strategic growth initiative [sep] msft reported stronger operating activity during the quarter, with management highlighting improving demand across several business areas."
2022-01-20 15:12:00,AMZN,Synthetic Economic Wire,negative,"amzn reports increased operating uncertainty [sep] amzn reported weaker operating conditions, with management highlighting softer demand and increased uncertainty across several business areas."
2022-01-20 17:20:00,GOOGL,Synthetic Market Journal,neutral,"googl reports mixed conditions across operating segments [sep] googl provided a routine business update, with management maintaining its existing operating outlook and previously announced plans."
2022-01-21 09:48:00,GOOGL,Synthetic Financial Desk,positive,"googl announces progress in strategic growth initiative [sep] googl reported stronger operating activity during the quarter, with management highlighting improving demand across several business areas."
2022-01-21 10:39:00,NVDA,Synthetic Market Journal,negative,"nvda reports increased operating uncertainty [sep] nvda reported weaker operating conditions, with management highlighting softer demand and increased uncertainty across several business areas."
2022-01-21 14:27:00,AMZN,Synthetic Economic Wire,negative,amzn faces weaker-than-expected demand conditions [sep] amzn management warned that near-term business conditions remain difficult and that several operating segments are facing additional pressure.
2022-01-21 15:52:00,MSFT,Synthetic Market Journal,neutral,"msft provides routine quarterly business update [sep] msft provided a routine business update, with management maintaining its existing operating outlook and previously announced plans."
2022-01-21 15:53:00,AAPL,Synthetic Market Journal,negative,aapl reports increased operating uncertainty [sep] aapl management warned that near-term business conditions remain difficult and that several operating segments are facing additional pressure.
2022-01-22 10:25:00,AAPL,Synthetic Financial Desk,positive,"aapl announces progress in strategic growth initiative [sep] aapl reported stronger operating activity during the quarter, with management highlighting improving demand across several business areas."
2022-01-22 10:51:00,GOOGL,Synthetic Market Journal,neutral,"googl continues previously announced investment program [sep] googl provided a routine business update, with management maintaining its existing operating outlook and previously announced plans."
2022-01-22 12:37:00,AMZN,Synthetic Market Journal,positive,amzn expands investment following improved business conditions [sep] management at amzn described recent operating trends as constructive and pointed to continued investment in long-term growth opportunities.
2022-01-22 14:34:00,NVDA,Synthetic Research Bulletin,neutral,nvda reports mixed conditions across operating segments [sep] nvda continues its existing operating initiatives while monitoring market conditions and changes in customer demand.
2022-01-22 17:05:00,MSFT,Synthetic Economic Wire,neutral,msft maintains current operating outlook [sep] the latest update from msft contained a mixture of stable operating indicators and incremental changes across business segments.
2022-01-23 09:53:00,AMZN,Synthetic Economic Wire,positive,amzn expands investment following improved business conditions [sep] management at amzn described recent operating trends as constructive and pointed to continued investment in long-term growth opportunities.
2022-01-23 11:05:00,GOOGL,Synthetic Financial Desk,neutral,googl provides routine quarterly business update [sep] googl continues its existing operating initiatives while monitoring market conditions and changes in customer demand.
2022-01-23 12:04:00,MSFT,Synthetic Economic Wire,negative,"msft reports increased operating uncertainty [sep] msft reported weaker operating conditions, with management highlighting softer demand and increased uncertainty across several business areas."
2022-01-23 13:56:00,NVDA,Synthetic Market Journal,positive,nvda reports stronger-than-expected quarterly demand [sep] management at nvda described recent operating trends as constructive and pointed to continued investment in long-term growth opportunities.
2022-01-23 16:08:00,AAPL,Synthetic Financial Desk,positive,"aapl expands investment following improved business conditions [sep] recent company updates indicate improving business conditions for aapl, supported by stronger activity in important operating segments."
2022-01-24 09:57:00,GOOGL,Synthetic Market Journal,neutral,googl reports mixed conditions across operating segments [sep] googl continues its existing operating initiatives while monitoring market conditions and changes in customer demand.
2022-01-24 10:34:00,AMZN,Synthetic Economic Wire,neutral,amzn provides routine quarterly business update [sep] amzn continues its existing operating initiatives while monitoring market conditions and changes in customer demand.
2022-01-24 11:34:00,MSFT,Synthetic Market Journal,neutral,msft reports mixed conditions across operating segments [sep] the latest update from msft contained a mixture of stable operating indicators and incremental changes across business segments.
2022-01-24 11:42:00,NVDA,Synthetic Market Journal,negative,nvda reports increased operating uncertainty [sep] nvda management warned that near-term business conditions remain difficult and that several operating segments are facing additional pressure.
2022-01-24 17:03:00,AAPL,Synthetic Economic Wire,neutral,aapl reports mixed conditions across operating segments [sep] aapl continues its existing operating initiatives while monitoring market conditions and changes in customer demand.
2022-01-25 09:36:00,GOOGL,Synthetic Economic Wire,negative,"googl reports increased operating uncertainty [sep] googl reported weaker operating conditions, with management highlighting softer demand and increased uncertainty across several business areas."
2022-01-25 11:13:00,AAPL,Synthetic Economic Wire,negative,aapl faces weaker-than-expected demand conditions [sep] aapl management warned that near-term business conditions remain difficult and that several operating segments are facing additional pressure.
2022-01-25 14:59:00,MSFT,Synthetic Financial Desk,neutral,msft continues previously announced investment program [sep] the latest update from msft contained a mixture of stable operating indicators and incremental changes across business segments.
2022-01-25 16:19:00,AMZN,Synthetic Research Bulletin,neutral,amzn reports mixed conditions across operating segments [sep] amzn continues its existing operating initiatives while monitoring market conditions and changes in customer demand.
2022-01-25 16:32:00,NVDA,Synthetic Economic Wire,neutral,nvda continues previously announced investment program [sep] nvda continues its existing operating initiatives while monitoring market conditions and changes in customer demand.
2022-01-26 12:26:00,MSFT,Synthetic Financial Desk,negative,msft reports increased operating uncertainty [sep] msft management warned that near-term business conditions remain difficult and that several operating segments are facing additional pressure.
2022-01-26 13:57:00,AAPL,Synthetic Market Journal,negative,"aapl reduces near-term outlook amid challenging conditions [sep] aapl reported weaker operating conditions, with management highlighting softer demand and increased uncertainty across several business areas."
2022-01-26 14:12:00,GOOGL,Synthetic Economic Wire,positive,googl expands investment following improved business conditions [sep] management at googl described recent operating trends as constructive and pointed to continued investment in long-term growth opportunities.
2022-01-26 15:11:00,AMZN,Synthetic Financial Desk,negative,"amzn faces weaker-than-expected demand conditions [sep] amzn reported weaker operating conditions, with management highlighting softer demand and increased uncertainty across several business areas."
2022-01-26 16:44:00,NVDA,Synthetic Financial Desk,negative,nvda reduces near-term outlook amid challenging conditions [sep] recent updates from nvda indicate pressure on operating performance as market conditions become more challenging.
2022-01-27 09:55:00,GOOGL,Synthetic Research Bulletin,neutral,"googl provides routine quarterly business update [sep] googl provided a routine business update, with management maintaining its existing operating outlook and previously announced plans."
2022-01-27 12:50:00,MSFT,Synthetic Financial Desk,negative,msft reduces near-term outlook amid challenging conditions [sep] msft management warned that near-term business conditions remain difficult and that several operating segments are facing additional pressure.
2022-01-27 14:02:00,AAPL,Synthetic Market Journal,neutral,aapl maintains current operating outlook [sep] aapl continues its existing operating initiatives while monitoring market conditions and changes in customer demand.
2022-01-27 14:10:00,NVDA,Synthetic Research Bulletin,positive,nvda expands investment following improved business conditions [sep] management at nvda described recent operating trends as constructive and pointed to continued investment in long-term growth opportunities.
2022-01-27 14:38:00,AMZN,Synthetic Market Journal,neutral,amzn reports mixed conditions across operating segments [sep] amzn continues its existing operating initiatives while monitoring market conditions and changes in customer demand.
2022-01-28 09:57:00,GOOGL,Synthetic Financial Desk,positive,googl reports stronger-than-expected quarterly demand [sep] management at googl described recent operating trends as constructive and pointed to continued investment in long-term growth opportunities.
2022-01-28 10:23:00,AMZN,Synthetic Financial Desk,positive,"amzn announces progress in strategic growth initiative [sep] recent company updates indicate improving business conditions for amzn, supported by stronger activity in important operating segments."
2022-01-28 12:01:00,NVDA,Synthetic Market Journal,positive,nvda sees positive momentum across key operating segments [sep] management at nvda described recent operating trends as constructive and pointed to continued investment in long-term growth opportunities.
2022-01-28 14:23:00,AAPL,Synthetic Market Journal,negative,aapl faces weaker-than-expected demand conditions [sep] aapl management warned that near-term business conditions remain difficult and that several operating segments are facing additional pressure.
2022-01-28 17:19:00,MSFT,Synthetic Market Journal,negative,"msft reports increased operating uncertainty [sep] msft reported weaker operating conditions, with management highlighting softer demand and increased uncertainty across several business areas."
2022-01-29 10:08:00,AAPL,Synthetic Economic Wire,positive,"aapl sees positive momentum across key operating segments [sep] aapl reported stronger operating activity during the quarter, with management highlighting improving demand across several business areas."
2022-01-29 10:31:00,GOOGL,Synthetic Market Journal,neutral,"googl reports mixed conditions across operating segments [sep] googl provided a routine business update, with management maintaining its existing operating outlook and previously announced plans."
2022-01-29 11:40:00,AMZN,Synthetic Economic Wire,negative,amzn warns of pressure across key operating segments [sep] recent updates from amzn indicate pressure on operating performance as market conditions become more challenging.
2022-01-29 16:11:00,MSFT,Synthetic Economic Wire,negative,msft reduces near-term outlook amid challenging conditions [sep] recent updates from msft indicate pressure on operating performance as market conditions become more challenging.
2022-01-29 16:34:00,NVDA,Synthetic Economic Wire,positive,nvda reports stronger-than-expected quarterly demand [sep] management at nvda described recent operating trends as constructive and pointed to continued investment in long-term growth opportunities.
2022-01-30 10:32:00,MSFT,Synthetic Market Journal,positive,"msft reports stronger-than-expected quarterly demand [sep] recent company updates indicate improving business conditions for msft, supported by stronger activity in important operating segments."
2022-01-30 14:24:00,AMZN,Synthetic Financial Desk,negative,amzn warns of pressure across key operating segments [sep] recent updates from amzn indicate pressure on operating performance as market conditions become more challenging.
2022-01-30 15:26:00,AAPL,Synthetic Economic Wire,neutral,"aapl maintains current operating outlook [sep] aapl provided a routine business update, with management maintaining its existing operating outlook and previously announced plans."
2022-01-30 16:25:00,NVDA,Synthetic Economic Wire,negative,nvda reports increased operating uncertainty [sep] nvda management warned that near-term business conditions remain difficult and that several operating segments are facing additional pressure.
2022-01-30 17:24:00,GOOGL,Synthetic Financial Desk,positive,"googl sees positive momentum across key operating segments [sep] googl reported stronger operating activity during the quarter, with management highlighting improving demand across several business areas."
2022-01-31 10:35:00,AAPL,Synthetic Research Bulletin,positive,"aapl reports stronger-than-expected quarterly demand [sep] aapl reported stronger operating activity during the quarter, with management highlighting improving demand across several business areas."
2022-01-31 10:53:00,NVDA,Synthetic Financial Desk,negative,nvda reports increased operating uncertainty [sep] nvda management warned that near-term business conditions remain difficult and that several operating segments are facing additional pressure.
2022-01-31 11:01:00,MSFT,Synthetic Market Journal,positive,"msft reports stronger-than-expected quarterly demand [sep] msft reported stronger operating activity during the quarter, with management highlighting improving demand across several business areas."
2022-01-31 13:38:00,AMZN,Synthetic Economic Wire,neutral,amzn provides routine quarterly business update [sep] amzn continues its existing operating initiatives while monitoring market conditions and changes in customer demand.
2022-01-31 17:27:00,GOOGL,Synthetic Economic Wire,neutral,googl reports mixed conditions across operating segments [sep] the latest update from googl contained a mixture of stable operating indicators and incremental changes across business segments.
2022-02-01 09:39:00,NVDA,Synthetic Economic Wire,neutral,nvda provides routine quarterly business update [sep] nvda continues its existing operating initiatives while monitoring market conditions and changes in customer demand.
2022-02-01 12:07:00,AMZN,Synthetic Market Journal,negative,amzn faces weaker-than-expected demand conditions [sep] amzn management warned that near-term business conditions remain difficult and that several operating segments are facing additional pressure.
2022-02-01 15:26:00,GOOGL,Synthetic Research Bulletin,positive,"googl announces progress in strategic growth initiative [sep] googl reported stronger operating activity during the quarter, with management highlighting improving demand across several business areas."
2022-02-01 16:12:00,MSFT,Synthetic Research Bulletin,positive,"msft reports stronger-than-expected quarterly demand [sep] recent company updates indicate improving business conditions for msft, supported by stronger activity in important operating segments."
2022-02-01 17:05:00,AAPL,Synthetic Market Journal,positive,"aapl expands investment following improved business conditions [sep] aapl reported stronger operating activity during the quarter, with management highlighting improving demand across several business areas."
2022-02-02 09:46:00,GOOGL,Synthetic Research Bulletin,neutral,googl provides routine quarterly business update [sep] the latest update from googl contained a mixture of stable operating indicators and incremental changes across business segments.
2022-02-02 10:22:00,AMZN,Synthetic Financial Desk,positive,"amzn sees positive momentum across key operating segments [sep] recent company updates indicate improving business conditions for amzn, supported by stronger activity in important operating segments."
2022-02-02 11:33:00,NVDA,Synthetic Economic Wire,neutral,nvda provides routine quarterly business update [sep] the latest update from nvda contained a mixture of stable operating indicators and incremental changes across business segments.
2022-02-02 13:15:00,AAPL,Synthetic Economic Wire,neutral,"aapl reports mixed conditions across operating segments [sep] aapl provided a routine business update, with management maintaining its existing operating outlook and previously announced plans."
2022-02-02 14:44:00,MSFT,Synthetic Financial Desk,negative,"msft reduces near-term outlook amid challenging conditions [sep] msft reported weaker operating conditions, with management highlighting softer demand and increased uncertainty across several business areas."
2022-02-03 14:06:00,GOOGL,Synthetic Financial Desk,neutral,"googl continues previously announced investment program [sep] googl provided a routine business update, with management maintaining its existing operating outlook and previously announced plans."
2022-02-03 14:11:00,AMZN,Synthetic Market Journal,positive,"amzn reports stronger-than-expected quarterly demand [sep] recent company updates indicate improving business conditions for amzn, supported by stronger activity in important operating segments."
2022-02-03 14:33:00,NVDA,Synthetic Economic Wire,neutral,nvda reports mixed conditions across operating segments [sep] nvda continues its existing operating initiatives while monitoring market conditions and changes in customer demand.
2022-02-03 16:37:00,AAPL,Synthetic Market Journal,neutral,aapl continues previously announced investment program [sep] the latest update from aapl contained a mixture of stable operating indicators and incremental changes across business segments.
2022-02-03 17:29:00,MSFT,Synthetic Financial Desk,positive,"msft expands investment following improved business conditions [sep] recent company updates indicate improving business conditions for msft, supported by stronger activity in important operating segments."
2022-02-04 10:01:00,AMZN,Synthetic Economic Wire,negative,amzn reports increased operating uncertainty [sep] amzn management warned that near-term business conditions remain difficult and that several operating segments are facing additional pressure.
2022-02-04 10:07:00,AAPL,Synthetic Market Journal,positive,aapl reports stronger-than-expected quarterly demand [sep] management at aapl described recent operating trends as constructive and pointed to continued investment in long-term growth opportunities.
2022-02-04 13:19:00,NVDA,Synthetic Market Journal,neutral,nvda maintains current operating outlook [sep] nvda continues its existing operating initiatives while monitoring market conditions and changes in customer demand.
2022-02-04 15:21:00,GOOGL,Synthetic Research Bulletin,positive,"googl reports stronger-than-expected quarterly demand [sep] googl reported stronger operating activity during the quarter, with management highlighting improving demand across several business areas."
2022-02-04 16:22:00,MSFT,Synthetic Economic Wire,neutral,msft maintains current operating outlook [sep] the latest update from msft contained a mixture of stable operating indicators and incremental changes across business segments.
2022-02-05 10:23:00,GOOGL,Synthetic Research Bulletin,negative,googl warns of pressure across key operating segments [sep] googl management warned that near-term business conditions remain difficult and that several operating segments are facing additional pressure.
2022-02-05 11:15:00,AAPL,Synthetic Financial Desk,negative,"aapl warns of pressure across key operating segments [sep] aapl reported weaker operating conditions, with management highlighting softer demand and increased uncertainty across several business areas."
2022-02-05 13:21:00,AMZN,Synthetic Research Bulletin,negative,amzn reduces near-term outlook amid challenging conditions [sep] recent updates from amzn indicate pressure on operating performance as market conditions become more challenging.
2022-02-05 14:03:00,MSFT,Synthetic Financial Desk,negative,msft faces weaker-than-expected demand conditions [sep] msft management warned that near-term business conditions remain difficult and that several operating segments are facing additional pressure.
2022-02-05 15:25:00,NVDA,Synthetic Economic Wire,positive,"nvda expands investment following improved business conditions [sep] recent company updates indicate improving business conditions for nvda, supported by stronger activity in important operating segments."
2022-02-06 09:40:00,AMZN,Synthetic Research Bulletin,neutral,"amzn reports mixed conditions across operating segments [sep] amzn provided a routine business update, with management maintaining its existing operating outlook and previously announced plans."
2022-02-06 10:43:00,MSFT,Synthetic Financial Desk,negative,msft faces weaker-than-expected demand conditions [sep] recent updates from msft indicate pressure on operating performance as market conditions become more challenging.
2022-02-06 14:34:00,AAPL,Synthetic Market Journal,positive,"aapl reports stronger-than-expected quarterly demand [sep] aapl reported stronger operating activity during the quarter, with management highlighting improving demand across several business areas."
2022-02-06 14:36:00,NVDA,Synthetic Economic Wire,negative,nvda reduces near-term outlook amid challenging conditions [sep] recent updates from nvda indicate pressure on operating performance as market conditions become more challenging.
2022-02-06 17:06:00,GOOGL,Synthetic Market Journal,negative,googl reports increased operating uncertainty [sep] googl management warned that near-term business conditions remain difficult and that several operating segments are facing additional pressure.
2022-02-07 12:16:00,AAPL,Synthetic Research Bulletin,neutral,"aapl reports mixed conditions across operating segments [sep] aapl provided a routine business update, with management maintaining its existing operating outlook and previously announced plans."
2022-02-07 12:51:00,AMZN,Synthetic Market Journal,neutral,amzn reports mixed conditions across operating segments [sep] the latest update from amzn contained a mixture of stable operating indicators and incremental changes across business segments.
2022-02-07 13:53:00,NVDA,Synthetic Research Bulletin,positive,"nvda reports stronger-than-expected quarterly demand [sep] nvda reported stronger operating activity during the quarter, with management highlighting improving demand across several business areas."
2022-02-07 15:42:00,MSFT,Synthetic Market Journal,positive,"msft expands investment following improved business conditions [sep] recent company updates indicate improving business conditions for msft, supported by stronger activity in important operating segments."
2022-02-07 16:27:00,GOOGL,Synthetic Financial Desk,neutral,"googl continues previously announced investment program [sep] googl provided a routine business update, with management maintaining its existing operating outlook and previously announced plans."
2022-02-08 10:43:00,NVDA,Synthetic Market Journal,neutral,"nvda continues previously announced investment program [sep] nvda provided a routine business update, with management maintaining its existing operating outlook and previously announced plans."
2022-02-08 12:05:00,MSFT,Synthetic Research Bulletin,negative,msft warns of pressure across key operating segments [sep] msft management warned that near-term business conditions remain difficult and that several operating segments are facing additional pressure.
2022-02-08 12:36:00,AAPL,Synthetic Financial Desk,positive,aapl announces progress in strategic growth initiative [sep] management at aapl described recent operating trends as constructive and pointed to continued investment in long-term growth opportunities.
2022-02-08 14:55:00,AMZN,Synthetic Market Journal,neutral,amzn continues previously announced investment program [sep] amzn continues its existing operating initiatives while monitoring market conditions and changes in customer demand.
2022-02-08 16:41:00,GOOGL,Synthetic Market Journal,negative,"googl warns of pressure across key operating segments [sep] googl reported weaker operating conditions, with management highlighting softer demand and increased uncertainty across several business areas."
2022-02-09 09:57:00,GOOGL,Synthetic Financial Desk,positive,"googl expands investment following improved business conditions [sep] googl reported stronger operating activity during the quarter, with management highlighting improving demand across several business areas."
2022-02-09 10:56:00,NVDA,Synthetic Research Bulletin,negative,"nvda warns of pressure across key operating segments [sep] nvda reported weaker operating conditions, with management highlighting softer demand and increased uncertainty across several business areas."
2022-02-09 12:59:00,AMZN,Synthetic Financial Desk,neutral,amzn maintains current operating outlook [sep] the latest update from amzn contained a mixture of stable operating indicators and incremental changes across business segments.
2022-02-09 15:13:00,MSFT,Synthetic Research Bulletin,negative,msft faces weaker-than-expected demand conditions [sep] msft management warned that near-term business conditions remain difficult and that several operating segments are facing additional pressure.
2022-02-09 15:56:00,AAPL,Synthetic Research Bulletin,negative,aapl reports increased operating uncertainty [sep] recent updates from aapl indicate pressure on operating performance as market conditions become more challenging.
2022-02-10 10:00:00,NVDA,Synthetic Economic Wire,positive,"nvda reports stronger-than-expected quarterly demand [sep] nvda reported stronger operating activity during the quarter, with management highlighting improving demand across several business areas."
2022-02-10 10:33:00,AAPL,Synthetic Research Bulletin,negative,aapl faces weaker-than-expected demand conditions [sep] aapl management warned that near-term business conditions remain difficult and that several operating segments are facing additional pressure.
2022-02-10 11:36:00,AMZN,Synthetic Financial Desk,neutral,"amzn reports mixed conditions across operating segments [sep] amzn provided a routine business update, with management maintaining its existing operating outlook and previously announced plans."
2022-02-10 12:20:00,MSFT,Synthetic Market Journal,negative,"msft reports increased operating uncertainty [sep] msft reported weaker operating conditions, with management highlighting softer demand and increased uncertainty across several business areas."
2022-02-10 12:23:00,GOOGL,Synthetic Economic Wire,negative,"googl reports increased operating uncertainty [sep] googl reported weaker operating conditions, with management highlighting softer demand and increased uncertainty across several business areas."
2022-02-11 12:42:00,AAPL,Synthetic Market Journal,negative,"aapl reduces near-term outlook amid challenging conditions [sep] aapl reported weaker operating conditions, with management highlighting softer demand and increased uncertainty across several business areas."
2022-02-11 15:12:00,MSFT,Synthetic Market Journal,negative,msft reports increased operating uncertainty [sep] msft management warned that near-term business conditions remain difficult and that several operating segments are facing additional pressure.
2022-02-11 15:45:00,AMZN,Synthetic Market Journal,neutral,amzn reports mixed conditions across operating segments [sep] amzn continues its existing operating initiatives while monitoring market conditions and changes in customer demand.
2022-02-11 16:05:00,GOOGL,Synthetic Research Bulletin,neutral,"googl maintains current operating outlook [sep] googl provided a routine business update, with management maintaining its existing operating outlook and previously announced plans."
2022-02-11 17:26:00,NVDA,Synthetic Economic Wire,neutral,"nvda continues previously announced investment program [sep] nvda provided a routine business update, with management maintaining its existing operating outlook and previously announced plans."
2022-02-12 10:44:00,NVDA,Synthetic Market Journal,positive,"nvda sees positive momentum across key operating segments [sep] nvda reported stronger operating activity during the quarter, with management highlighting improving demand across several business areas."
2022-02-12 12:01:00,AMZN,Synthetic Research Bulletin,neutral,"amzn continues previously announced investment program [sep] amzn provided a routine business update, with management maintaining its existing operating outlook and previously announced plans."
2022-02-12 15:05:00,MSFT,Synthetic Economic Wire,negative,msft reports increased operating uncertainty [sep] recent updates from msft indicate pressure on operating performance as market conditions become more challenging.
2022-02-12 15:41:00,AAPL,Synthetic Economic Wire,negative,"aapl reports increased operating uncertainty [sep] aapl reported weaker operating conditions, with management highlighting softer demand and increased uncertainty across several business areas."
2022-02-12 17:28:00,GOOGL,Synthetic Financial Desk,negative,googl reduces near-term outlook amid challenging conditions [sep] recent updates from googl indicate pressure on operating performance as market conditions become more challenging.
2022-02-13 09:35:00,AMZN,Synthetic Research Bulletin,neutral,amzn continues previously announced investment program [sep] the latest update from amzn contained a mixture of stable operating indicators and incremental changes across business segments.
2022-02-13 12:49:00,NVDA,Synthetic Market Journal,negative,nvda warns of pressure across key operating segments [sep] nvda management warned that near-term business conditions remain difficult and that several operating segments are facing additional pressure.
2022-02-13 15:39:00,GOOGL,Synthetic Market Journal,negative,"googl reports increased operating uncertainty [sep] googl reported weaker operating conditions, with management highlighting softer demand and increased uncertainty across several business areas."
2022-02-13 16:22:00,MSFT,Synthetic Economic Wire,neutral,msft reports mixed conditions across operating segments [sep] msft continues its existing operating initiatives while monitoring market conditions and changes in customer demand.
2022-02-13 17:21:00,AAPL,Synthetic Financial Desk,neutral,"aapl provides routine quarterly business update [sep] aapl provided a routine business update, with management maintaining its existing operating outlook and previously announced plans."
2022-02-14 11:20:00,GOOGL,Synthetic Economic Wire,negative,"googl faces weaker-than-expected demand conditions [sep] googl reported weaker operating conditions, with management highlighting softer demand and increased uncertainty across several business areas."
2022-02-14 12:40:00,AAPL,Synthetic Research Bulletin,positive,"aapl reports stronger-than-expected quarterly demand [sep] aapl reported stronger operating activity during the quarter, with management highlighting improving demand across several business areas."
2022-02-14 12:54:00,MSFT,Synthetic Economic Wire,negative,msft warns of pressure across key operating segments [sep] msft management warned that near-term business conditions remain difficult and that several operating segments are facing additional pressure.
2022-02-14 13:07:00,AMZN,Synthetic Economic Wire,negative,"amzn reports increased operating uncertainty [sep] amzn reported weaker operating conditions, with management highlighting softer demand and increased uncertainty across several business areas."
2022-02-14 16:14:00,NVDA,Synthetic Financial Desk,positive,"nvda expands investment following improved business conditions [sep] nvda reported stronger operating activity during the quarter, with management highlighting improving demand across several business areas."
2022-02-15 13:54:00,GOOGL,Synthetic Research Bulletin,negative,googl reduces near-term outlook amid challenging conditions [sep] recent updates from googl indicate pressure on operating performance as market conditions become more challenging.
2022-02-15 15:30:00,MSFT,Synthetic Financial Desk,neutral,msft reports mixed conditions across operating segments [sep] the latest update from msft contained a mixture of stable operating indicators and incremental changes across business segments.
2022-02-15 15:32:00,NVDA,Synthetic Market Journal,positive,nvda reports stronger-than-expected quarterly demand [sep] management at nvda described recent operating trends as constructive and pointed to continued investment in long-term growth opportunities.
2022-02-15 16:27:00,AAPL,Synthetic Financial Desk,neutral,"aapl reports mixed conditions across operating segments [sep] aapl provided a routine business update, with management maintaining its existing operating outlook and previously announced plans."
2022-02-15 17:08:00,AMZN,Synthetic Research Bulletin,positive,amzn reports stronger-than-expected quarterly demand [sep] management at amzn described recent operating trends as constructive and pointed to continued investment in long-term growth opportunities.
2022-02-16 10:00:00,NVDA,Synthetic Financial Desk,positive,"nvda reports stronger-than-expected quarterly demand [sep] recent company updates indicate improving business conditions for nvda, supported by stronger activity in important operating segments."
2022-02-16 11:47:00,GOOGL,Synthetic Research Bulletin,negative,"googl reports increased operating uncertainty [sep] googl reported weaker operating conditions, with management highlighting softer demand and increased uncertainty across several business areas."
2022-02-16 12:26:00,MSFT,Synthetic Economic Wire,neutral,msft maintains current operating outlook [sep] msft continues its existing operating initiatives while monitoring market conditions and changes in customer demand.
2022-02-16 15:38:00,AMZN,Synthetic Economic Wire,neutral,"amzn maintains current operating outlook [sep] amzn provided a routine business update, with management maintaining its existing operating outlook and previously announced plans."
2022-02-16 15:46:00,AAPL,Synthetic Research Bulletin,positive,"aapl announces progress in strategic growth initiative [sep] aapl reported stronger operating activity during the quarter, with management highlighting improving demand across several business areas."
2022-02-17 13:24:00,MSFT,Synthetic Economic Wire,positive,"msft sees positive momentum across key operating segments [sep] msft reported stronger operating activity during the quarter, with management highlighting improving demand across several business areas."
2022-02-17 14:12:00,NVDA,Synthetic Financial Desk,neutral,"nvda maintains current operating outlook [sep] nvda provided a routine business update, with management maintaining its existing operating outlook and previously announced plans."
2022-02-17 14:32:00,AMZN,Synthetic Research Bulletin,negative,amzn reduces near-term outlook amid challenging conditions [sep] recent updates from amzn indicate pressure on operating performance as market conditions become more challenging.
2022-02-17 16:26:00,GOOGL,Synthetic Economic Wire,positive,"googl announces progress in strategic growth initiative [sep] googl reported stronger operating activity during the quarter, with management highlighting improving demand across several business areas."
2022-02-17 16:39:00,AAPL,Synthetic Market Journal,neutral,aapl reports mixed conditions across operating segments [sep] aapl continues its existing operating initiatives while monitoring market conditions and changes in customer demand.
2022-02-18 10:17:00,AAPL,Synthetic Economic Wire,neutral,"aapl provides routine quarterly business update [sep] aapl provided a routine business update, with management maintaining its existing operating outlook and previously announced plans."
2022-02-18 11:36:00,MSFT,Synthetic Financial Desk,positive,"msft sees positive momentum across key operating segments [sep] recent company updates indicate improving business conditions for msft, supported by stronger activity in important operating segments."
2022-02-18 13:07:00,NVDA,Synthetic Market Journal,positive,"nvda reports stronger-than-expected quarterly demand [sep] recent company updates indicate improving business conditions for nvda, supported by stronger activity in important operating segments."
2022-02-18 13:34:00,AMZN,Synthetic Research Bulletin,positive,amzn expands investment following improved business conditions [sep] management at amzn described recent operating trends as constructive and pointed to continued investment in long-term growth opportunities.
2022-02-18 17:28:00,GOOGL,Synthetic Economic Wire,negative,"googl warns of pressure across key operating segments [sep] googl reported weaker operating conditions, with management highlighting softer demand and increased uncertainty across several business areas."
2022-02-19 10:39:00,NVDA,Synthetic Economic Wire,positive,"nvda sees positive momentum across key operating segments [sep] nvda reported stronger operating activity during the quarter, with management highlighting improving demand across several business areas."
2022-02-19 11:46:00,MSFT,Synthetic Economic Wire,neutral,"msft continues previously announced investment program [sep] msft provided a routine business update, with management maintaining its existing operating outlook and previously announced plans."
2022-02-19 13:49:00,GOOGL,Synthetic Economic Wire,neutral,googl maintains current operating outlook [sep] the latest update from googl contained a mixture of stable operating indicators and incremental changes across business segments.
2022-02-19 14:22:00,AMZN,Synthetic Financial Desk,negative,amzn reports increased operating uncertainty [sep] amzn management warned that near-term business conditions remain difficult and that several operating segments are facing additional pressure.
2022-02-19 17:02:00,AAPL,Synthetic Market Journal,positive,"aapl reports stronger-than-expected quarterly demand [sep] recent company updates indicate improving business conditions for aapl, supported by stronger activity in important operating segments."
2022-02-20 11:08:00,AAPL,Synthetic Financial Desk,positive,"aapl reports stronger-than-expected quarterly demand [sep] aapl reported stronger operating activity during the quarter, with management highlighting improving demand across several business areas."
2022-02-20 11:49:00,GOOGL,Synthetic Research Bulletin,neutral,"googl maintains current operating outlook [sep] googl provided a routine business update, with management maintaining its existing operating outlook and previously announced plans."
2022-02-20 12:24:00,NVDA,Synthetic Market Journal,negative,nvda reduces near-term outlook amid challenging conditions [sep] recent updates from nvda indicate pressure on operating performance as market conditions become more challenging.
2022-02-20 14:21:00,MSFT,Synthetic Economic Wire,negative,"msft warns of pressure across key operating segments [sep] msft reported weaker operating conditions, with management highlighting softer demand and increased uncertainty across several business areas."
2022-02-20 15:20:00,AMZN,Synthetic Economic Wire,positive,amzn reports stronger-than-expected quarterly demand [sep] management at amzn described recent operating trends as constructive and pointed to continued investment in long-term growth opportunities.
2022-02-21 10:03:00,NVDA,Synthetic Market Journal,negative,"nvda faces weaker-than-expected demand conditions [sep] nvda reported weaker operating conditions, with management highlighting softer demand and increased uncertainty across several business areas."
2022-02-21 11:26:00,AAPL,Synthetic Market Journal,negative,aapl warns of pressure across key operating segments [sep] recent updates from aapl indicate pressure on operating performance as market conditions become more challenging.
2022-02-21 13:08:00,AMZN,Synthetic Research Bulletin,negative,"amzn reduces near-term outlook amid challenging conditions [sep] amzn reported weaker operating conditions, with management highlighting softer demand and increased uncertainty across several business areas."
2022-02-21 13:16:00,MSFT,Synthetic Financial Desk,positive,"msft announces progress in strategic growth initiative [sep] recent company updates indicate improving business conditions for msft, supported by stronger activity in important operating segments."
2022-02-21 16:08:00,GOOGL,Synthetic Financial Desk,neutral,googl continues previously announced investment program [sep] googl continues its existing operating initiatives while monitoring market conditions and changes in customer demand.
2022-02-22 09:38:00,AMZN,Synthetic Economic Wire,negative,"amzn faces weaker-than-expected demand conditions [sep] amzn reported weaker operating conditions, with management highlighting softer demand and increased uncertainty across several business areas."
2022-02-22 10:56:00,AAPL,Synthetic Economic Wire,negative,aapl faces weaker-than-expected demand conditions [sep] aapl management warned that near-term business conditions remain difficult and that several operating segments are facing additional pressure.
2022-02-22 12:01:00,MSFT,Synthetic Financial Desk,negative,msft reduces near-term outlook amid challenging conditions [sep] recent updates from msft indicate pressure on operating performance as market conditions become more challenging.
2022-02-22 12:27:00,NVDA,Synthetic Financial Desk,negative,nvda warns of pressure across key operating segments [sep] recent updates from nvda indicate pressure on operating performance as market conditions become more challenging.
2022-02-22 16:17:00,GOOGL,Synthetic Research Bulletin,positive,"googl announces progress in strategic growth initiative [sep] googl reported stronger operating activity during the quarter, with management highlighting improving demand across several business areas."
2022-02-23 11:34:00,GOOGL,Synthetic Economic Wire,negative,"googl reduces near-term outlook amid challenging conditions [sep] googl reported weaker operating conditions, with management highlighting softer demand and increased uncertainty across several business areas."
2022-02-23 11:50:00,AMZN,Synthetic Economic Wire,neutral,"amzn reports mixed conditions across operating segments [sep] amzn provided a routine business update, with management maintaining its existing operating outlook and previously announced plans."
2022-02-23 14:45:00,AAPL,Synthetic Economic Wire,neutral,aapl provides routine quarterly business update [sep] aapl continues its existing operating initiatives while monitoring market conditions and changes in customer demand.
2022-02-23 15:35:00,MSFT,Synthetic Financial Desk,negative,"msft reduces near-term outlook amid challenging conditions [sep] msft reported weaker operating conditions, with management highlighting softer demand and increased uncertainty across several business areas."
2022-02-23 16:53:00,NVDA,Synthetic Market Journal,negative,"nvda faces weaker-than-expected demand conditions [sep] nvda reported weaker operating conditions, with management highlighting softer demand and increased uncertainty across several business areas."
2022-02-24 09:41:00,GOOGL,Synthetic Market Journal,negative,"googl reports increased operating uncertainty [sep] googl reported weaker operating conditions, with management highlighting softer demand and increased uncertainty across several business areas."
2022-02-24 13:59:00,AAPL,Synthetic Economic Wire,neutral,aapl provides routine quarterly business update [sep] aapl continues its existing operating initiatives while monitoring market conditions and changes in customer demand.
2022-02-24 14:07:00,AMZN,Synthetic Economic Wire,positive,"amzn announces progress in strategic growth initiative [sep] recent company updates indicate improving business conditions for amzn, supported by stronger activity in important operating segments."
2022-02-24 14:54:00,NVDA,Synthetic Research Bulletin,neutral,"nvda maintains current operating outlook [sep] nvda provided a routine business update, with management maintaining its existing operating outlook and previously announced plans."
2022-02-24 16:29:00,MSFT,Synthetic Financial Desk,neutral,msft continues previously announced investment program [sep] the latest update from msft contained a mixture of stable operating indicators and incremental changes across business segments.
2022-02-25 09:59:00,GOOGL,Synthetic Financial Desk,positive,"googl reports stronger-than-expected quarterly demand [sep] googl reported stronger operating activity during the quarter, with management highlighting improving demand across several business areas."
2022-02-25 10:34:00,AAPL,Synthetic Market Journal,positive,aapl reports stronger-than-expected quarterly demand [sep] management at aapl described recent operating trends as constructive and pointed to continued investment in long-term growth opportunities.
2022-02-25 11:18:00,NVDA,Synthetic Economic Wire,positive,nvda expands investment following improved business conditions [sep] management at nvda described recent operating trends as constructive and pointed to continued investment in long-term growth opportunities.
2022-02-25 14:00:00,AMZN,Synthetic Financial Desk,negative,amzn reports increased operating uncertainty [sep] amzn management warned that near-term business conditions remain difficult and that several operating segments are facing additional pressure.
2022-02-25 15:33:00,MSFT,Synthetic Economic Wire,positive,"msft reports stronger-than-expected quarterly demand [sep] recent company updates indicate improving business conditions for msft, supported by stronger activity in important operating segments."
2022-02-26 10:56:00,AMZN,Synthetic Economic Wire,neutral,amzn continues previously announced investment program [sep] amzn continues its existing operating initiatives while monitoring market conditions and changes in customer demand.
2022-02-26 11:50:00,MSFT,Synthetic Market Journal,negative,msft faces weaker-than-expected demand conditions [sep] recent updates from msft indicate pressure on operating performance as market conditions become more challenging.
2022-02-26 12:01:00,NVDA,Synthetic Economic Wire,positive,"nvda announces progress in strategic growth initiative [sep] nvda reported stronger operating activity during the quarter, with management highlighting improving demand across several business areas."
2022-02-26 15:22:00,GOOGL,Synthetic Research Bulletin,neutral,googl provides routine quarterly business update [sep] the latest update from googl contained a mixture of stable operating indicators and incremental changes across business segments.
2022-02-26 15:26:00,AAPL,Synthetic Financial Desk,negative,"aapl reduces near-term outlook amid challenging conditions [sep] aapl reported weaker operating conditions, with management highlighting softer demand and increased uncertainty across several business areas."
2022-02-27 09:35:00,NVDA,Synthetic Economic Wire,negative,nvda reduces near-term outlook amid challenging conditions [sep] nvda management warned that near-term business conditions remain difficult and that several operating segments are facing additional pressure.
2022-02-27 11:13:00,GOOGL,Synthetic Financial Desk,negative,googl reports increased operating uncertainty [sep] googl management warned that near-term business conditions remain difficult and that several operating segments are facing additional pressure.
2022-02-27 11:58:00,AAPL,Synthetic Economic Wire,positive,aapl sees positive momentum across key operating segments [sep] management at aapl described recent operating trends as constructive and pointed to continued investment in long-term growth opportunities.
2022-02-27 15:58:00,MSFT,Synthetic Financial Desk,positive,"msft reports stronger-than-expected quarterly demand [sep] recent company updates indicate improving business conditions for msft, supported by stronger activity in important operating segments."
2022-02-27 16:46:00,AMZN,Synthetic Market Journal,negative,amzn faces weaker-than-expected demand conditions [sep] amzn management warned that near-term business conditions remain difficult and that several operating segments are facing additional pressure.
2022-02-28 13:59:00,NVDA,Synthetic Economic Wire,neutral,nvda maintains current operating outlook [sep] the latest update from nvda contained a mixture of stable operating indicators and incremental changes across business segments.
2022-02-28 14:29:00,AAPL,Synthetic Financial Desk,negative,aapl faces weaker-than-expected demand conditions [sep] aapl management warned that near-term business conditions remain difficult and that several operating segments are facing additional pressure.
2022-02-28 15:39:00,MSFT,Synthetic Market Journal,positive,msft announces progress in strategic growth initiative [sep] management at msft described recent operating trends as constructive and pointed to continued investment in long-term growth opportunities.
2022-02-28 16:40:00,AMZN,Synthetic Research Bulletin,negative,amzn faces weaker-than-expected demand conditions [sep] amzn management warned that near-term business conditions remain difficult and that several operating segments are facing additional pressure.
2022-02-28 16:41:00,GOOGL,Synthetic Research Bulletin,positive,googl sees positive momentum across key operating segments [sep] management at googl described recent operating trends as constructive and pointed to continued investment in long-term growth opportunities.
2022-03-01 10:05:00,MSFT,Synthetic Research Bulletin,neutral,msft maintains current operating outlook [sep] the latest update from msft contained a mixture of stable operating indicators and incremental changes across business segments.
2022-03-01 10:42:00,AMZN,Synthetic Financial Desk,positive,"amzn expands investment following improved business conditions [sep] amzn reported stronger operating activity during the quarter, with management highlighting improving demand across several business areas."
2022-03-01 11:17:00,AAPL,Synthetic Market Journal,positive,"aapl sees positive momentum across key operating segments [sep] aapl reported stronger operating activity during the quarter, with management highlighting improving demand across several business areas."
2022-03-01 12:23:00,GOOGL,Synthetic Economic Wire,negative,googl reduces near-term outlook amid challenging conditions [sep] recent updates from googl indicate pressure on operating performance as market conditions become more challenging.
2022-03-01 15:48:00,NVDA,Synthetic Research Bulletin,negative,"nvda reports increased operating uncertainty [sep] nvda reported weaker operating conditions, with management highlighting softer demand and increased uncertainty across several business areas."
2022-03-02 09:54:00,GOOGL,Synthetic Financial Desk,negative,googl faces weaker-than-expected demand conditions [sep] recent updates from googl indicate pressure on operating performance as market conditions become more challenging.
2022-03-02 11:56:00,AMZN,Synthetic Market Journal,neutral,amzn continues previously announced investment program [sep] the latest update from amzn contained a mixture of stable operating indicators and incremental changes across business segments.
2022-03-02 13:15:00,AAPL,Synthetic Economic Wire,neutral,aapl continues previously announced investment program [sep] aapl continues its existing operating initiatives while monitoring market conditions and changes in customer demand.
2022-03-02 14:41:00,NVDA,Synthetic Financial Desk,positive,nvda reports stronger-than-expected quarterly demand [sep] management at nvda described recent operating trends as constructive and pointed to continued investment in long-term growth opportunities.
2022-03-02 16:19:00,MSFT,Synthetic Market Journal,neutral,msft maintains current operating outlook [sep] the latest update from msft contained a mixture of stable operating indicators and incremental changes across business segments.
2022-03-03 10:15:00,AMZN,Synthetic Market Journal,neutral,amzn reports mixed conditions across operating segments [sep] amzn continues its existing operating initiatives while monitoring market conditions and changes in customer demand.
2022-03-03 10:55:00,NVDA,Synthetic Research Bulletin,negative,nvda reports increased operating uncertainty [sep] nvda management warned that near-term business conditions remain difficult and that several operating segments are facing additional pressure.
2022-03-03 13:01:00,MSFT,Synthetic Research Bulletin,positive,"msft announces progress in strategic growth initiative [sep] recent company updates indicate improving business conditions for msft, supported by stronger activity in important operating segments."
2022-03-03 13:13:00,GOOGL,Synthetic Market Journal,positive,"googl expands investment following improved business conditions [sep] googl reported stronger operating activity during the quarter, with management highlighting improving demand across several business areas."
2022-03-03 16:46:00,AAPL,Synthetic Financial Desk,positive,"aapl sees positive momentum across key operating segments [sep] recent company updates indicate improving business conditions for aapl, supported by stronger activity in important operating segments."
2022-03-04 09:30:00,AAPL,Synthetic Economic Wire,positive,aapl announces progress in strategic growth initiative [sep] management at aapl described recent operating trends as constructive and pointed to continued investment in long-term growth opportunities.
2022-03-04 10:25:00,GOOGL,Synthetic Financial Desk,neutral,googl reports mixed conditions across operating segments [sep] googl continues its existing operating initiatives while monitoring market conditions and changes in customer demand.
2022-03-04 11:55:00,NVDA,Synthetic Research Bulletin,negative,"nvda faces weaker-than-expected demand conditions [sep] nvda reported weaker operating conditions, with management highlighting softer demand and increased uncertainty across several business areas."
2022-03-04 12:45:00,MSFT,Synthetic Financial Desk,negative,msft warns of pressure across key operating segments [sep] msft management warned that near-term business conditions remain difficult and that several operating segments are facing additional pressure.
2022-03-04 15:12:00,AMZN,Synthetic Research Bulletin,negative,amzn warns of pressure across key operating segments [sep] amzn management warned that near-term business conditions remain difficult and that several operating segments are facing additional pressure.
2022-03-05 10:37:00,MSFT,Synthetic Research Bulletin,neutral,msft reports mixed conditions across operating segments [sep] the latest update from msft contained a mixture of stable operating indicators and incremental changes across business segments.
2022-03-05 11:34:00,NVDA,Synthetic Economic Wire,negative,nvda faces weaker-than-expected demand conditions [sep] nvda management warned that near-term business conditions remain difficult and that several operating segments are facing additional pressure.
2022-03-05 11:59:00,AMZN,Synthetic Economic Wire,negative,amzn reports increased operating uncertainty [sep] recent updates from amzn indicate pressure on operating performance as market conditions become more challenging.
2022-03-05 12:08:00,GOOGL,Synthetic Financial Desk,neutral,googl provides routine quarterly business update [sep] googl continues its existing operating initiatives while monitoring market conditions and changes in customer demand.
2022-03-05 17:05:00,AAPL,Synthetic Research Bulletin,positive,"aapl sees positive momentum across key operating segments [sep] aapl reported stronger operating activity during the quarter, with management highlighting improving demand across several business areas."
2022-03-06 11:26:00,AAPL,Synthetic Market Journal,negative,"aapl faces weaker-than-expected demand conditions [sep] aapl reported weaker operating conditions, with management highlighting softer demand and increased uncertainty across several business areas."
2022-03-06 12:50:00,MSFT,Synthetic Economic Wire,neutral,msft continues previously announced investment program [sep] the latest update from msft contained a mixture of stable operating indicators and incremental changes across business segments.
2022-03-06 14:09:00,AMZN,Synthetic Research Bulletin,negative,amzn reduces near-term outlook amid challenging conditions [sep] amzn management warned that near-term business conditions remain difficult and that several operating segments are facing additional pressure.
2022-03-06 14:15:00,GOOGL,Synthetic Economic Wire,positive,"googl sees positive momentum across key operating segments [sep] recent company updates indicate improving business conditions for googl, supported by stronger activity in important operating segments."
2022-03-06 15:37:00,NVDA,Synthetic Market Journal,positive,"nvda sees positive momentum across key operating segments [sep] nvda reported stronger operating activity during the quarter, with management highlighting improving demand across several business areas."
2022-03-07 11:52:00,MSFT,Synthetic Research Bulletin,negative,msft faces weaker-than-expected demand conditions [sep] recent updates from msft indicate pressure on operating performance as market conditions become more challenging.
2022-03-07 11:57:00,AAPL,Synthetic Market Journal,negative,aapl faces weaker-than-expected demand conditions [sep] recent updates from aapl indicate pressure on operating performance as market conditions become more challenging.
2022-03-07 13:44:00,AMZN,Synthetic Economic Wire,positive,amzn expands investment following improved business conditions [sep] management at amzn described recent operating trends as constructive and pointed to continued investment in long-term growth opportunities.
2022-03-07 14:18:00,NVDA,Synthetic Research Bulletin,neutral,nvda reports mixed conditions across operating segments [sep] the latest update from nvda contained a mixture of stable operating indicators and incremental changes across business segments.
2022-03-07 16:46:00,GOOGL,Synthetic Market Journal,neutral,googl reports mixed conditions across operating segments [sep] the latest update from googl contained a mixture of stable operating indicators and incremental changes across business segments.
2022-03-08 10:27:00,AAPL,Synthetic Economic Wire,positive,aapl sees positive momentum across key operating segments [sep] management at aapl described recent operating trends as constructive and pointed to continued investment in long-term growth opportunities.
2022-03-08 10:29:00,MSFT,Synthetic Market Journal,negative,msft warns of pressure across key operating segments [sep] recent updates from msft indicate pressure on operating performance as market conditions become more challenging.
2022-03-08 16:01:00,NVDA,Synthetic Economic Wire,neutral,nvda reports mixed conditions across operating segments [sep] nvda continues its existing operating initiatives while monitoring market conditions and changes in customer demand.
2022-03-08 16:07:00,GOOGL,Synthetic Financial Desk,neutral,googl continues previously announced investment program [sep] googl continues its existing operating initiatives while monitoring market conditions and changes in customer demand.
2022-03-08 16:50:00,AMZN,Synthetic Research Bulletin,neutral,amzn provides routine quarterly business update [sep] amzn continues its existing operating initiatives while monitoring market conditions and changes in customer demand.
2022-03-09 10:37:00,MSFT,Synthetic Financial Desk,positive,"msft sees positive momentum across key operating segments [sep] msft reported stronger operating activity during the quarter, with management highlighting improving demand across several business areas."
2022-03-09 10:46:00,NVDA,Synthetic Research Bulletin,positive,"nvda announces progress in strategic growth initiative [sep] nvda reported stronger operating activity during the quarter, with management highlighting improving demand across several business areas."
2022-03-09 10:52:00,AAPL,Synthetic Research Bulletin,positive,"aapl expands investment following improved business conditions [sep] recent company updates indicate improving business conditions for aapl, supported by stronger activity in important operating segments."
2022-03-09 11:06:00,AMZN,Synthetic Research Bulletin,neutral,amzn continues previously announced investment program [sep] the latest update from amzn contained a mixture of stable operating indicators and incremental changes across business segments.
2022-03-09 13:49:00,GOOGL,Synthetic Financial Desk,positive,"googl sees positive momentum across key operating segments [sep] recent company updates indicate improving business conditions for googl, supported by stronger activity in important operating segments."
2022-03-10 09:51:00,MSFT,Synthetic Financial Desk,positive,msft expands investment following improved business conditions [sep] management at msft described recent operating trends as constructive and pointed to continued investment in long-term growth opportunities.
2022-03-10 11:31:00,NVDA,Synthetic Financial Desk,neutral,nvda provides routine quarterly business update [sep] nvda continues its existing operating initiatives while monitoring market conditions and changes in customer demand.
2022-03-10 12:21:00,AAPL,Synthetic Market Journal,negative,"aapl warns of pressure across key operating segments [sep] aapl reported weaker operating conditions, with management highlighting softer demand and increased uncertainty across several business areas."
2022-03-10 13:32:00,AMZN,Synthetic Economic Wire,neutral,"amzn continues previously announced investment program [sep] amzn provided a routine business update, with management maintaining its existing operating outlook and previously announced plans."
2022-03-10 14:10:00,GOOGL,Synthetic Economic Wire,neutral,googl maintains current operating outlook [sep] the latest update from googl contained a mixture of stable operating indicators and incremental changes across business segments.
2022-03-11 09:51:00,MSFT,Synthetic Market Journal,neutral,msft reports mixed conditions across operating segments [sep] the latest update from msft contained a mixture of stable operating indicators and incremental changes across business segments.
2022-03-11 13:42:00,GOOGL,Synthetic Market Journal,neutral,googl continues previously announced investment program [sep] googl continues its existing operating initiatives while monitoring market conditions and changes in customer demand.
2022-03-11 15:20:00,AAPL,Synthetic Research Bulletin,neutral,"aapl maintains current operating outlook [sep] aapl provided a routine business update, with management maintaining its existing operating outlook and previously announced plans."
2022-03-11 17:11:00,AMZN,Synthetic Economic Wire,negative,amzn faces weaker-than-expected demand conditions [sep] recent updates from amzn indicate pressure on operating performance as market conditions become more challenging.
2022-03-11 17:13:00,NVDA,Synthetic Financial Desk,negative,"nvda faces weaker-than-expected demand conditions [sep] nvda reported weaker operating conditions, with management highlighting softer demand and increased uncertainty across several business areas."
2022-03-12 12:20:00,AAPL,Synthetic Financial Desk,negative,aapl warns of pressure across key operating segments [sep] recent updates from aapl indicate pressure on operating performance as market conditions become more challenging.
2022-03-12 13:22:00,AMZN,Synthetic Economic Wire,negative,"amzn reports increased operating uncertainty [sep] amzn reported weaker operating conditions, with management highlighting softer demand and increased uncertainty across several business areas."
2022-03-12 14:05:00,MSFT,Synthetic Research Bulletin,negative,"msft warns of pressure across key operating segments [sep] msft reported weaker operating conditions, with management highlighting softer demand and increased uncertainty across several business areas."
2022-03-12 14:39:00,NVDA,Synthetic Economic Wire,positive,"nvda announces progress in strategic growth initiative [sep] recent company updates indicate improving business conditions for nvda, supported by stronger activity in important operating segments."
2022-03-12 16:12:00,GOOGL,Synthetic Economic Wire,negative,"googl warns of pressure across key operating segments [sep] googl reported weaker operating conditions, with management highlighting softer demand and increased uncertainty across several business areas."
2022-03-13 09:54:00,MSFT,Synthetic Financial Desk,negative,msft warns of pressure across key operating segments [sep] msft management warned that near-term business conditions remain difficult and that several operating segments are facing additional pressure.
2022-03-13 10:11:00,GOOGL,Synthetic Research Bulletin,negative,googl warns of pressure across key operating segments [sep] googl management warned that near-term business conditions remain difficult and that several operating segments are facing additional pressure.
2022-03-13 11:09:00,AMZN,Synthetic Market Journal,negative,"amzn reduces near-term outlook amid challenging conditions [sep] amzn reported weaker operating conditions, with management highlighting softer demand and increased uncertainty across several business areas."
2022-03-13 12:42:00,AAPL,Synthetic Research Bulletin,neutral,aapl maintains current operating outlook [sep] the latest update from aapl contained a mixture of stable operating indicators and incremental changes across business segments.
2022-03-13 17:20:00,NVDA,Synthetic Research Bulletin,negative,"nvda faces weaker-than-expected demand conditions [sep] nvda reported weaker operating conditions, with management highlighting softer demand and increased uncertainty across several business areas."
2022-03-14 12:31:00,AAPL,Synthetic Market Journal,neutral,"aapl continues previously announced investment program [sep] aapl provided a routine business update, with management maintaining its existing operating outlook and previously announced plans."
2022-03-14 13:10:00,AMZN,Synthetic Market Journal,positive,"amzn reports stronger-than-expected quarterly demand [sep] recent company updates indicate improving business conditions for amzn, supported by stronger activity in important operating segments."
2022-03-14 13:42:00,MSFT,Synthetic Economic Wire,neutral,"msft provides routine quarterly business update [sep] msft provided a routine business update, with management maintaining its existing operating outlook and previously announced plans."
2022-03-14 15:54:00,GOOGL,Synthetic Financial Desk,neutral,googl continues previously announced investment program [sep] the latest update from googl contained a mixture of stable operating indicators and incremental changes across business segments.
2022-03-14 17:01:00,NVDA,Synthetic Economic Wire,positive,"nvda sees positive momentum across key operating segments [sep] recent company updates indicate improving business conditions for nvda, supported by stronger activity in important operating segments."
2022-03-15 09:34:00,MSFT,Synthetic Research Bulletin,positive,"msft announces progress in strategic growth initiative [sep] recent company updates indicate improving business conditions for msft, supported by stronger activity in important operating segments."
2022-03-15 10:18:00,NVDA,Synthetic Financial Desk,negative,nvda reduces near-term outlook amid challenging conditions [sep] nvda management warned that near-term business conditions remain difficult and that several operating segments are facing additional pressure.
2022-03-15 11:19:00,AAPL,Synthetic Economic Wire,neutral,aapl continues previously announced investment program [sep] the latest update from aapl contained a mixture of stable operating indicators and incremental changes across business segments.
2022-03-15 13:13:00,GOOGL,Synthetic Research Bulletin,negative,googl warns of pressure across key operating segments [sep] recent updates from googl indicate pressure on operating performance as market conditions become more challenging.
2022-03-15 15:15:00,AMZN,Synthetic Research Bulletin,positive,amzn reports stronger-than-expected quarterly demand [sep] management at amzn described recent operating trends as constructive and pointed to continued investment in long-term growth opportunities.
2022-03-16 11:56:00,AMZN,Synthetic Research Bulletin,positive,"amzn expands investment following improved business conditions [sep] amzn reported stronger operating activity during the quarter, with management highlighting improving demand across several business areas."
2022-03-16 14:24:00,GOOGL,Synthetic Market Journal,negative,googl reduces near-term outlook amid challenging conditions [sep] googl management warned that near-term business conditions remain difficult and that several operating segments are facing additional pressure.
2022-03-16 14:31:00,AAPL,Synthetic Financial Desk,neutral,aapl reports mixed conditions across operating segments [sep] aapl continues its existing operating initiatives while monitoring market conditions and changes in customer demand.
2022-03-16 15:25:00,MSFT,Synthetic Financial Desk,negative,msft reduces near-term outlook amid challenging conditions [sep] msft management warned that near-term business conditions remain difficult and that several operating segments are facing additional pressure.
2022-03-16 16:50:00,NVDA,Synthetic Research Bulletin,neutral,nvda maintains current operating outlook [sep] the latest update from nvda contained a mixture of stable operating indicators and incremental changes across business segments.
2022-03-17 09:41:00,NVDA,Synthetic Economic Wire,neutral,"nvda reports mixed conditions across operating segments [sep] nvda provided a routine business update, with management maintaining its existing operating outlook and previously announced plans."
2022-03-17 11:00:00,GOOGL,Synthetic Market Journal,negative,googl warns of pressure across key operating segments [sep] recent updates from googl indicate pressure on operating performance as market conditions become more challenging.
2022-03-17 13:32:00,AAPL,Synthetic Financial Desk,neutral,aapl provides routine quarterly business update [sep] aapl continues its existing operating initiatives while monitoring market conditions and changes in customer demand.
2022-03-17 14:48:00,AMZN,Synthetic Financial Desk,neutral,amzn provides routine quarterly business update [sep] the latest update from amzn contained a mixture of stable operating indicators and incremental changes across business segments.
2022-03-17 15:44:00,MSFT,Synthetic Research Bulletin,positive,"msft sees positive momentum across key operating segments [sep] recent company updates indicate improving business conditions for msft, supported by stronger activity in important operating segments."
2022-03-18 10:28:00,AMZN,Synthetic Market Journal,positive,"amzn expands investment following improved business conditions [sep] recent company updates indicate improving business conditions for amzn, supported by stronger activity in important operating segments."
2022-03-18 12:13:00,GOOGL,Synthetic Economic Wire,negative,googl reduces near-term outlook amid challenging conditions [sep] googl management warned that near-term business conditions remain difficult and that several operating segments are facing additional pressure.
2022-03-18 14:57:00,AAPL,Synthetic Financial Desk,negative,aapl reports increased operating uncertainty [sep] recent updates from aapl indicate pressure on operating performance as market conditions become more challenging.
2022-03-18 15:38:00,NVDA,Synthetic Economic Wire,negative,nvda warns of pressure across key operating segments [sep] recent updates from nvda indicate pressure on operating performance as market conditions become more challenging.
2022-03-18 17:25:00,MSFT,Synthetic Financial Desk,negative,msft faces weaker-than-expected demand conditions [sep] recent updates from msft indicate pressure on operating performance as market conditions become more challenging.
2022-03-19 10:15:00,AAPL,Synthetic Research Bulletin,neutral,aapl provides routine quarterly business update [sep] the latest update from aapl contained a mixture of stable operating indicators and incremental changes across business segments.
2022-03-19 11:06:00,NVDA,Synthetic Research Bulletin,negative,nvda reports increased operating uncertainty [sep] recent updates from nvda indicate pressure on operating performance as market conditions become more challenging.
2022-03-19 14:44:00,GOOGL,Synthetic Economic Wire,negative,"googl faces weaker-than-expected demand conditions [sep] googl reported weaker operating conditions, with management highlighting softer demand and increased uncertainty across several business areas."
2022-03-19 16:20:00,AMZN,Synthetic Research Bulletin,neutral,"amzn provides routine quarterly business update [sep] amzn provided a routine business update, with management maintaining its existing operating outlook and previously announced plans."
2022-03-19 17:05:00,MSFT,Synthetic Financial Desk,positive,"msft expands investment following improved business conditions [sep] recent company updates indicate improving business conditions for msft, supported by stronger activity in important operating segments."
2022-03-20 09:49:00,AMZN,Synthetic Financial Desk,positive,"amzn sees positive momentum across key operating segments [sep] amzn reported stronger operating activity during the quarter, with management highlighting improving demand across several business areas."
2022-03-20 12:02:00,NVDA,Synthetic Financial Desk,negative,nvda reports increased operating uncertainty [sep] recent updates from nvda indicate pressure on operating performance as market conditions become more challenging.
2022-03-20 13:51:00,MSFT,Synthetic Research Bulletin,positive,"msft expands investment following improved business conditions [sep] recent company updates indicate improving business conditions for msft, supported by stronger activity in important operating segments."
2022-03-20 14:07:00,GOOGL,Synthetic Economic Wire,neutral,googl continues previously announced investment program [sep] the latest update from googl contained a mixture of stable operating indicators and incremental changes across business segments.
2022-03-20 15:34:00,AAPL,Synthetic Economic Wire,positive,aapl expands investment following improved business conditions [sep] management at aapl described recent operating trends as constructive and pointed to continued investment in long-term growth opportunities.
2022-03-21 10:25:00,GOOGL,Synthetic Financial Desk,neutral,googl maintains current operating outlook [sep] the latest update from googl contained a mixture of stable operating indicators and incremental changes across business segments.
2022-03-21 11:16:00,AAPL,Synthetic Economic Wire,negative,aapl reduces near-term outlook amid challenging conditions [sep] aapl management warned that near-term business conditions remain difficult and that several operating segments are facing additional pressure.
2022-03-21 15:13:00,MSFT,Synthetic Economic Wire,neutral,"msft provides routine quarterly business update [sep] msft provided a routine business update, with management maintaining its existing operating outlook and previously announced plans."
2022-03-21 16:09:00,NVDA,Synthetic Economic Wire,neutral,nvda continues previously announced investment program [sep] the latest update from nvda contained a mixture of stable operating indicators and incremental changes across business segments.
2022-03-21 17:26:00,AMZN,Synthetic Market Journal,neutral,amzn continues previously announced investment program [sep] the latest update from amzn contained a mixture of stable operating indicators and incremental changes across business segments.
2022-03-22 10:07:00,NVDA,Synthetic Financial Desk,neutral,"nvda continues previously announced investment program [sep] nvda provided a routine business update, with management maintaining its existing operating outlook and previously announced plans."
2022-03-22 11:25:00,GOOGL,Synthetic Research Bulletin,neutral,googl provides routine quarterly business update [sep] googl continues its existing operating initiatives while monitoring market conditions and changes in customer demand.
2022-03-22 13:21:00,AMZN,Synthetic Financial Desk,negative,amzn reports increased operating uncertainty [sep] recent updates from amzn indicate pressure on operating performance as market conditions become more challenging.
2022-03-22 14:21:00,MSFT,Synthetic Financial Desk,neutral,"msft continues previously announced investment program [sep] msft provided a routine business update, with management maintaining its existing operating outlook and previously announced plans."
2022-03-22 15:50:00,AAPL,Synthetic Research Bulletin,negative,aapl reduces near-term outlook amid challenging conditions [sep] aapl management warned that near-term business conditions remain difficult and that several operating segments are facing additional pressure.
2022-03-23 10:05:00,MSFT,Synthetic Economic Wire,negative,msft reduces near-term outlook amid challenging conditions [sep] recent updates from msft indicate pressure on operating performance as market conditions become more challenging.
2022-03-23 10:18:00,NVDA,Synthetic Economic Wire,positive,nvda sees positive momentum across key operating segments [sep] management at nvda described recent operating trends as constructive and pointed to continued investment in long-term growth opportunities.
2022-03-23 10:25:00,GOOGL,Synthetic Market Journal,negative,googl reduces near-term outlook amid challenging conditions [sep] recent updates from googl indicate pressure on operating performance as market conditions become more challenging.
2022-03-23 11:42:00,AAPL,Synthetic Research Bulletin,negative,aapl reduces near-term outlook amid challenging conditions [sep] aapl management warned that near-term business conditions remain difficult and that several operating segments are facing additional pressure.
2022-03-23 17:11:00,AMZN,Synthetic Economic Wire,neutral,amzn provides routine quarterly business update [sep] amzn continues its existing operating initiatives while monitoring market conditions and changes in customer demand.
2022-03-24 12:09:00,AAPL,Synthetic Economic Wire,negative,aapl reports increased operating uncertainty [sep] aapl management warned that near-term business conditions remain difficult and that several operating segments are facing additional pressure.
2022-03-24 14:52:00,NVDA,Synthetic Research Bulletin,neutral,nvda maintains current operating outlook [sep] the latest update from nvda contained a mixture of stable operating indicators and incremental changes across business segments.
2022-03-24 15:20:00,AMZN,Synthetic Economic Wire,negative,"amzn warns of pressure across key operating segments [sep] amzn reported weaker operating conditions, with management highlighting softer demand and increased uncertainty across several business areas."
2022-03-24 16:06:00,GOOGL,Synthetic Research Bulletin,positive,googl expands investment following improved business conditions [sep] management at googl described recent operating trends as constructive and pointed to continued investment in long-term growth opportunities.
2022-03-24 16:12:00,MSFT,Synthetic Market Journal,positive,msft expands investment following improved business conditions [sep] management at msft described recent operating trends as constructive and pointed to continued investment in long-term growth opportunities.
2022-03-25 12:19:00,GOOGL,Synthetic Financial Desk,positive,"googl sees positive momentum across key operating segments [sep] recent company updates indicate improving business conditions for googl, supported by stronger activity in important operating segments."
2022-03-25 12:45:00,NVDA,Synthetic Market Journal,neutral,nvda maintains current operating outlook [sep] nvda continues its existing operating initiatives while monitoring market conditions and changes in customer demand.
2022-03-25 12:56:00,MSFT,Synthetic Market Journal,positive,"msft announces progress in strategic growth initiative [sep] recent company updates indicate improving business conditions for msft, supported by stronger activity in important operating segments."
2022-03-25 13:43:00,AAPL,Synthetic Research Bulletin,neutral,aapl maintains current operating outlook [sep] the latest update from aapl contained a mixture of stable operating indicators and incremental changes across business segments.
2022-03-25 16:22:00,AMZN,Synthetic Research Bulletin,negative,"amzn warns of pressure across key operating segments [sep] amzn reported weaker operating conditions, with management highlighting softer demand and increased uncertainty across several business areas."
2022-03-26 11:28:00,NVDA,Synthetic Financial Desk,negative,nvda reduces near-term outlook amid challenging conditions [sep] nvda management warned that near-term business conditions remain difficult and that several operating segments are facing additional pressure.
2022-03-26 11:50:00,GOOGL,Synthetic Financial Desk,neutral,googl continues previously announced investment program [sep] googl continues its existing operating initiatives while monitoring market conditions and changes in customer demand.
2022-03-26 14:28:00,MSFT,Synthetic Economic Wire,negative,msft warns of pressure across key operating segments [sep] recent updates from msft indicate pressure on operating performance as market conditions become more challenging.
2022-03-26 16:12:00,AMZN,Synthetic Financial Desk,negative,"amzn reduces near-term outlook amid challenging conditions [sep] amzn reported weaker operating conditions, with management highlighting softer demand and increased uncertainty across several business areas."
2022-03-26 16:58:00,AAPL,Synthetic Market Journal,negative,aapl reduces near-term outlook amid challenging conditions [sep] recent updates from aapl indicate pressure on operating performance as market conditions become more challenging.
2022-03-27 11:31:00,NVDA,Synthetic Economic Wire,neutral,nvda maintains current operating outlook [sep] the latest update from nvda contained a mixture of stable operating indicators and incremental changes across business segments.
2022-03-27 12:07:00,MSFT,Synthetic Market Journal,neutral,"msft provides routine quarterly business update [sep] msft provided a routine business update, with management maintaining its existing operating outlook and previously announced plans."
2022-03-27 12:12:00,AAPL,Synthetic Financial Desk,negative,aapl reports increased operating uncertainty [sep] aapl management warned that near-term business conditions remain difficult and that several operating segments are facing additional pressure.
2022-03-27 13:18:00,GOOGL,Synthetic Market Journal,positive,googl announces progress in strategic growth initiative [sep] management at googl described recent operating trends as constructive and pointed to continued investment in long-term growth opportunities.
2022-03-27 15:29:00,AMZN,Synthetic Market Journal,positive,amzn expands investment following improved business conditions [sep] management at amzn described recent operating trends as constructive and pointed to continued investment in long-term growth opportunities.
2022-03-28 10:38:00,GOOGL,Synthetic Research Bulletin,negative,googl warns of pressure across key operating segments [sep] recent updates from googl indicate pressure on operating performance as market conditions become more challenging.
2022-03-28 11:57:00,MSFT,Synthetic Market Journal,positive,"msft sees positive momentum across key operating segments [sep] recent company updates indicate improving business conditions for msft, supported by stronger activity in important operating segments."
2022-03-28 12:58:00,AMZN,Synthetic Economic Wire,positive,amzn sees positive momentum across key operating segments [sep] management at amzn described recent operating trends as constructive and pointed to continued investment in long-term growth opportunities.
2022-03-28 13:13:00,AAPL,Synthetic Economic Wire,neutral,"aapl continues previously announced investment program [sep] aapl provided a routine business update, with management maintaining its existing operating outlook and previously announced plans."
2022-03-28 16:06:00,NVDA,Synthetic Research Bulletin,positive,"nvda announces progress in strategic growth initiative [sep] recent company updates indicate improving business conditions for nvda, supported by stronger activity in important operating segments."
2022-03-29 09:32:00,AAPL,Synthetic Market Journal,positive,"aapl expands investment following improved business conditions [sep] aapl reported stronger operating activity during the quarter, with management highlighting improving demand across several business areas."
2022-03-29 09:46:00,AMZN,Synthetic Economic Wire,neutral,amzn continues previously announced investment program [sep] amzn continues its existing operating initiatives while monitoring market conditions and changes in customer demand.
2022-03-29 11:05:00,MSFT,Synthetic Financial Desk,negative,msft warns of pressure across key operating segments [sep] recent updates from msft indicate pressure on operating performance as market conditions become more challenging.
2022-03-29 16:00:00,GOOGL,Synthetic Research Bulletin,negative,googl reports increased operating uncertainty [sep] recent updates from googl indicate pressure on operating performance as market conditions become more challenging.
2022-03-29 17:07:00,NVDA,Synthetic Financial Desk,neutral,nvda maintains current operating outlook [sep] nvda continues its existing operating initiatives while monitoring market conditions and changes in customer demand.
2022-03-30 10:18:00,MSFT,Synthetic Economic Wire,positive,"msft sees positive momentum across key operating segments [sep] msft reported stronger operating activity during the quarter, with management highlighting improving demand across several business areas."
2022-03-30 10:59:00,AMZN,Synthetic Economic Wire,negative,"amzn warns of pressure across key operating segments [sep] amzn reported weaker operating conditions, with management highlighting softer demand and increased uncertainty across several business areas."
2022-03-30 13:16:00,GOOGL,Synthetic Economic Wire,positive,"googl reports stronger-than-expected quarterly demand [sep] recent company updates indicate improving business conditions for googl, supported by stronger activity in important operating segments."
2022-03-30 15:50:00,NVDA,Synthetic Financial Desk,neutral,nvda reports mixed conditions across operating segments [sep] nvda continues its existing operating initiatives while monitoring market conditions and changes in customer demand.
2022-03-30 16:26:00,AAPL,Synthetic Market Journal,neutral,aapl maintains current operating outlook [sep] the latest update from aapl contained a mixture of stable operating indicators and incremental changes across business segments.
2022-03-31 12:31:00,GOOGL,Synthetic Financial Desk,positive,"googl sees positive momentum across key operating segments [sep] recent company updates indicate improving business conditions for googl, supported by stronger activity in important operating segments."
2022-03-31 12:51:00,NVDA,Synthetic Research Bulletin,neutral,nvda maintains current operating outlook [sep] nvda continues its existing operating initiatives while monitoring market conditions and changes in customer demand.
2022-03-31 14:14:00,AMZN,Synthetic Financial Desk,positive,"amzn announces progress in strategic growth initiative [sep] recent company updates indicate improving business conditions for amzn, supported by stronger activity in important operating segments."
2022-03-31 15:45:00,AAPL,Synthetic Market Journal,negative,aapl reports increased operating uncertainty [sep] recent updates from aapl indicate pressure on operating performance as market conditions become more challenging.
2022-03-31 17:17:00,MSFT,Synthetic Economic Wire,neutral,msft reports mixed conditions across operating segments [sep] the latest update from msft contained a mixture of stable operating indicators and incremental changes across business segments.
2022-04-01 11:41:00,MSFT,Synthetic Financial Desk,positive,"msft expands investment following improved business conditions [sep] msft reported stronger operating activity during the quarter, with management highlighting improving demand across several business areas."
2022-04-01 12:44:00,AMZN,Synthetic Market Journal,negative,amzn reduces near-term outlook amid challenging conditions [sep] recent updates from amzn indicate pressure on operating performance as market conditions become more challenging.
2022-04-01 13:53:00,NVDA,Synthetic Research Bulletin,negative,"nvda reduces near-term outlook amid challenging conditions [sep] nvda reported weaker operating conditions, with management highlighting softer demand and increased uncertainty across several business areas."
2022-04-01 14:49:00,GOOGL,Synthetic Market Journal,negative,"googl warns of pressure across key operating segments [sep] googl reported weaker operating conditions, with management highlighting softer demand and increased uncertainty across several business areas."
2022-04-01 15:44:00,AAPL,Synthetic Market Journal,negative,"aapl faces weaker-than-expected demand conditions [sep] aapl reported weaker operating conditions, with management highlighting softer demand and increased uncertainty across several business areas."
2022-04-02 11:23:00,NVDA,Synthetic Market Journal,positive,"nvda announces progress in strategic growth initiative [sep] recent company updates indicate improving business conditions for nvda, supported by stronger activity in important operating segments."
2022-04-02 13:08:00,MSFT,Synthetic Market Journal,negative,msft reduces near-term outlook amid challenging conditions [sep] msft management warned that near-term business conditions remain difficult and that several operating segments are facing additional pressure.
2022-04-02 13:28:00,AAPL,Synthetic Financial Desk,negative,"aapl reports increased operating uncertainty [sep] aapl reported weaker operating conditions, with management highlighting softer demand and increased uncertainty across several business areas."
2022-04-02 13:40:00,GOOGL,Synthetic Financial Desk,positive,"googl announces progress in strategic growth initiative [sep] recent company updates indicate improving business conditions for googl, supported by stronger activity in important operating segments."
2022-04-02 14:56:00,AMZN,Synthetic Research Bulletin,neutral,amzn provides routine quarterly business update [sep] the latest update from amzn contained a mixture of stable operating indicators and incremental changes across business segments.
2022-04-03 11:03:00,AMZN,Synthetic Research Bulletin,negative,"amzn warns of pressure across key operating segments [sep] amzn reported weaker operating conditions, with management highlighting softer demand and increased uncertainty across several business areas."
2022-04-03 11:14:00,MSFT,Synthetic Research Bulletin,positive,msft reports stronger-than-expected quarterly demand [sep] management at msft described recent operating trends as constructive and pointed to continued investment in long-term growth opportunities.
2022-04-03 14:06:00,NVDA,Synthetic Research Bulletin,neutral,"nvda continues previously announced investment program [sep] nvda provided a routine business update, with management maintaining its existing operating outlook and previously announced plans."
2022-04-03 15:18:00,AAPL,Synthetic Research Bulletin,neutral,aapl provides routine quarterly business update [sep] the latest update from aapl contained a mixture of stable operating indicators and incremental changes across business segments.
2022-04-03 17:16:00,GOOGL,Synthetic Economic Wire,positive,googl sees positive momentum across key operating segments [sep] management at googl described recent operating trends as constructive and pointed to continued investment in long-term growth opportunities.
2022-04-04 10:33:00,AMZN,Synthetic Market Journal,negative,"amzn reduces near-term outlook amid challenging conditions [sep] amzn reported weaker operating conditions, with management highlighting softer demand and increased uncertainty across several business areas."
2022-04-04 11:07:00,NVDA,Synthetic Economic Wire,positive,"nvda reports stronger-than-expected quarterly demand [sep] recent company updates indicate improving business conditions for nvda, supported by stronger activity in important operating segments."
2022-04-04 14:41:00,MSFT,Synthetic Research Bulletin,positive,"msft announces progress in strategic growth initiative [sep] recent company updates indicate improving business conditions for msft, supported by stronger activity in important operating segments."
2022-04-04 16:52:00,GOOGL,Synthetic Market Journal,neutral,googl provides routine quarterly business update [sep] the latest update from googl contained a mixture of stable operating indicators and incremental changes across business segments.
2022-04-04 17:27:00,AAPL,Synthetic Market Journal,negative,aapl reports increased operating uncertainty [sep] aapl management warned that near-term business conditions remain difficult and that several operating segments are facing additional pressure.
2022-04-05 11:42:00,MSFT,Synthetic Market Journal,neutral,"msft reports mixed conditions across operating segments [sep] msft provided a routine business update, with management maintaining its existing operating outlook and previously announced plans."
2022-04-05 12:44:00,GOOGL,Synthetic Market Journal,positive,"googl announces progress in strategic growth initiative [sep] googl reported stronger operating activity during the quarter, with management highlighting improving demand across several business areas."
2022-04-05 14:18:00,AAPL,Synthetic Market Journal,negative,aapl reports increased operating uncertainty [sep] recent updates from aapl indicate pressure on operating performance as market conditions become more challenging.
2022-04-05 15:24:00,AMZN,Synthetic Research Bulletin,negative,"amzn warns of pressure across key operating segments [sep] amzn reported weaker operating conditions, with management highlighting softer demand and increased uncertainty across several business areas."
2022-04-05 16:57:00,NVDA,Synthetic Market Journal,neutral,nvda maintains current operating outlook [sep] nvda continues its existing operating initiatives while monitoring market conditions and changes in customer demand.
2022-04-06 11:37:00,GOOGL,Synthetic Economic Wire,positive,"googl reports stronger-than-expected quarterly demand [sep] recent company updates indicate improving business conditions for googl, supported by stronger activity in important operating segments."
2022-04-06 13:56:00,MSFT,Synthetic Market Journal,positive,"msft announces progress in strategic growth initiative [sep] msft reported stronger operating activity during the quarter, with management highlighting improving demand across several business areas."
2022-04-06 14:02:00,NVDA,Synthetic Economic Wire,neutral,nvda maintains current operating outlook [sep] nvda continues its existing operating initiatives while monitoring market conditions and changes in customer demand.
2022-04-06 16:35:00,AMZN,Synthetic Research Bulletin,positive,"amzn expands investment following improved business conditions [sep] recent company updates indicate improving business conditions for amzn, supported by stronger activity in important operating segments."
2022-04-06 17:10:00,AAPL,Synthetic Market Journal,negative,aapl reduces near-term outlook amid challenging conditions [sep] aapl management warned that near-term business conditions remain difficult and that several operating segments are facing additional pressure.
2022-04-07 10:41:00,MSFT,Synthetic Research Bulletin,negative,"msft warns of pressure across key operating segments [sep] msft reported weaker operating conditions, with management highlighting softer demand and increased uncertainty across several business areas."
2022-04-07 13:45:00,AAPL,Synthetic Economic Wire,neutral,"aapl reports mixed conditions across operating segments [sep] aapl provided a routine business update, with management maintaining its existing operating outlook and previously announced plans."
2022-04-07 14:19:00,GOOGL,Synthetic Financial Desk,negative,googl faces weaker-than-expected demand conditions [sep] recent updates from googl indicate pressure on operating performance as market conditions become more challenging.
2022-04-07 15:55:00,NVDA,Synthetic Economic Wire,neutral,"nvda continues previously announced investment program [sep] nvda provided a routine business update, with management maintaining its existing operating outlook and previously announced plans."
2022-04-07 15:59:00,AMZN,Synthetic Financial Desk,positive,"amzn announces progress in strategic growth initiative [sep] amzn reported stronger operating activity during the quarter, with management highlighting improving demand across several business areas."
2022-04-08 10:38:00,AAPL,Synthetic Market Journal,neutral,aapl continues previously announced investment program [sep] aapl continues its existing operating initiatives while monitoring market conditions and changes in customer demand.
2022-04-08 11:11:00,GOOGL,Synthetic Financial Desk,negative,googl faces weaker-than-expected demand conditions [sep] googl management warned that near-term business conditions remain difficult and that several operating segments are facing additional pressure.
2022-04-08 12:26:00,NVDA,Synthetic Financial Desk,negative,nvda reports increased operating uncertainty [sep] nvda management warned that near-term business conditions remain difficult and that several operating segments are facing additional pressure.
2022-04-08 14:16:00,AMZN,Synthetic Financial Desk,negative,amzn reports increased operating uncertainty [sep] amzn management warned that near-term business conditions remain difficult and that several operating segments are facing additional pressure.
2022-04-08 15:25:00,MSFT,Synthetic Research Bulletin,negative,msft reports increased operating uncertainty [sep] msft management warned that near-term business conditions remain difficult and that several operating segments are facing additional pressure.
2022-04-09 10:08:00,MSFT,Synthetic Research Bulletin,positive,msft announces progress in strategic growth initiative [sep] management at msft described recent operating trends as constructive and pointed to continued investment in long-term growth opportunities.
2022-04-09 12:15:00,AAPL,Synthetic Market Journal,positive,"aapl announces progress in strategic growth initiative [sep] recent company updates indicate improving business conditions for aapl, supported by stronger activity in important operating segments."
2022-04-09 13:07:00,AMZN,Synthetic Financial Desk,neutral,"amzn continues previously announced investment program [sep] amzn provided a routine business update, with management maintaining its existing operating outlook and previously announced plans."
2022-04-09 16:43:00,NVDA,Synthetic Research Bulletin,negative,nvda warns of pressure across key operating segments [sep] nvda management warned that near-term business conditions remain difficult and that several operating segments are facing additional pressure.
2022-04-09 16:54:00,GOOGL,Synthetic Financial Desk,positive,googl reports stronger-than-expected quarterly demand [sep] management at googl described recent operating trends as constructive and pointed to continued investment in long-term growth opportunities.
2022-04-10 10:03:00,MSFT,Synthetic Financial Desk,negative,msft reduces near-term outlook amid challenging conditions [sep] recent updates from msft indicate pressure on operating performance as market conditions become more challenging.
2022-04-10 10:03:00,NVDA,Synthetic Market Journal,neutral,nvda reports mixed conditions across operating segments [sep] nvda continues its existing operating initiatives while monitoring market conditions and changes in customer demand.
2022-04-10 11:04:00,AMZN,Synthetic Financial Desk,positive,amzn announces progress in strategic growth initiative [sep] management at amzn described recent operating trends as constructive and pointed to continued investment in long-term growth opportunities.
2022-04-10 11:43:00,GOOGL,Synthetic Financial Desk,negative,googl reduces near-term outlook amid challenging conditions [sep] recent updates from googl indicate pressure on operating performance as market conditions become more challenging.
2022-04-10 15:04:00,AAPL,Synthetic Research Bulletin,positive,aapl announces progress in strategic growth initiative [sep] management at aapl described recent operating trends as constructive and pointed to continued investment in long-term growth opportunities.
2022-04-11 11:12:00,GOOGL,Synthetic Economic Wire,neutral,googl reports mixed conditions across operating segments [sep] googl continues its existing operating initiatives while monitoring market conditions and changes in customer demand.
2022-04-11 12:39:00,NVDA,Synthetic Economic Wire,neutral,"nvda reports mixed conditions across operating segments [sep] nvda provided a routine business update, with management maintaining its existing operating outlook and previously announced plans."
2022-04-11 13:03:00,MSFT,Synthetic Research Bulletin,neutral,"msft reports mixed conditions across operating segments [sep] msft provided a routine business update, with management maintaining its existing operating outlook and previously announced plans."
2022-04-11 13:56:00,AMZN,Synthetic Market Journal,positive,"amzn announces progress in strategic growth initiative [sep] amzn reported stronger operating activity during the quarter, with management highlighting improving demand across several business areas."
2022-04-11 15:54:00,AAPL,Synthetic Financial Desk,neutral,"aapl maintains current operating outlook [sep] aapl provided a routine business update, with management maintaining its existing operating outlook and previously announced plans."
2022-04-12 09:52:00,AAPL,Synthetic Economic Wire,negative,aapl reports increased operating uncertainty [sep] recent updates from aapl indicate pressure on operating performance as market conditions become more challenging.
2022-04-12 11:02:00,GOOGL,Synthetic Financial Desk,negative,googl warns of pressure across key operating segments [sep] recent updates from googl indicate pressure on operating performance as market conditions become more challenging.
2022-04-12 11:10:00,NVDA,Synthetic Market Journal,neutral,nvda reports mixed conditions across operating segments [sep] the latest update from nvda contained a mixture of stable operating indicators and incremental changes across business segments.
2022-04-12 15:58:00,AMZN,Synthetic Research Bulletin,positive,amzn announces progress in strategic growth initiative [sep] management at amzn described recent operating trends as constructive and pointed to continued investment in long-term growth opportunities.
2022-04-12 16:03:00,MSFT,Synthetic Financial Desk,negative,msft faces weaker-than-expected demand conditions [sep] msft management warned that near-term business conditions remain difficult and that several operating segments are facing additional pressure.
2022-04-13 11:46:00,NVDA,Synthetic Market Journal,neutral,nvda continues previously announced investment program [sep] the latest update from nvda contained a mixture of stable operating indicators and incremental changes across business segments.
2022-04-13 12:11:00,AMZN,Synthetic Economic Wire,neutral,amzn maintains current operating outlook [sep] amzn continues its existing operating initiatives while monitoring market conditions and changes in customer demand.
2022-04-13 13:01:00,AAPL,Synthetic Market Journal,neutral,aapl reports mixed conditions across operating segments [sep] aapl continues its existing operating initiatives while monitoring market conditions and changes in customer demand.
2022-04-13 16:26:00,MSFT,Synthetic Economic Wire,positive,msft sees positive momentum across key operating segments [sep] management at msft described recent operating trends as constructive and pointed to continued investment in long-term growth opportunities.
2022-04-13 16:42:00,GOOGL,Synthetic Market Journal,neutral,"googl maintains current operating outlook [sep] googl provided a routine business update, with management maintaining its existing operating outlook and previously announced plans."
2022-04-14 09:54:00,AAPL,Synthetic Economic Wire,neutral,aapl reports mixed conditions across operating segments [sep] the latest update from aapl contained a mixture of stable operating indicators and incremental changes across business segments.
2022-04-14 11:42:00,NVDA,Synthetic Financial Desk,neutral,"nvda provides routine quarterly business update [sep] nvda provided a routine business update, with management maintaining its existing operating outlook and previously announced plans."
2022-04-14 15:48:00,GOOGL,Synthetic Market Journal,neutral,googl provides routine quarterly business update [sep] the latest update from googl contained a mixture of stable operating indicators and incremental changes across business segments.
2022-04-14 15:48:00,MSFT,Synthetic Financial Desk,neutral,"msft reports mixed conditions across operating segments [sep] msft provided a routine business update, with management maintaining its existing operating outlook and previously announced plans."
2022-04-14 16:03:00,AMZN,Synthetic Market Journal,positive,"amzn expands investment following improved business conditions [sep] recent company updates indicate improving business conditions for amzn, supported by stronger activity in important operating segments."
2022-04-15 09:49:00,AMZN,Synthetic Research Bulletin,negative,"amzn warns of pressure across key operating segments [sep] amzn reported weaker operating conditions, with management highlighting softer demand and increased uncertainty across several business areas."
2022-04-15 12:23:00,AAPL,Synthetic Research Bulletin,negative,aapl reports increased operating uncertainty [sep] aapl management warned that near-term business conditions remain difficult and that several operating segments are facing additional pressure.
2022-04-15 16:35:00,MSFT,Synthetic Financial Desk,negative,msft warns of pressure across key operating segments [sep] recent updates from msft indicate pressure on operating performance as market conditions become more challenging.
2022-04-15 16:51:00,GOOGL,Synthetic Market Journal,positive,"googl announces progress in strategic growth initiative [sep] googl reported stronger operating activity during the quarter, with management highlighting improving demand across several business areas."
2022-04-15 17:05:00,NVDA,Synthetic Research Bulletin,positive,nvda sees positive momentum across key operating segments [sep] management at nvda described recent operating trends as constructive and pointed to continued investment in long-term growth opportunities.
2022-04-16 09:35:00,AAPL,Synthetic Research Bulletin,positive,aapl reports stronger-than-expected quarterly demand [sep] management at aapl described recent operating trends as constructive and pointed to continued investment in long-term growth opportunities.
2022-04-16 11:28:00,GOOGL,Synthetic Financial Desk,positive,"googl reports stronger-than-expected quarterly demand [sep] recent company updates indicate improving business conditions for googl, supported by stronger activity in important operating segments."
2022-04-16 11:47:00,NVDA,Synthetic Market Journal,neutral,"nvda maintains current operating outlook [sep] nvda provided a routine business update, with management maintaining its existing operating outlook and previously announced plans."
2022-04-16 15:50:00,MSFT,Synthetic Research Bulletin,positive,msft expands investment following improved business conditions [sep] management at msft described recent operating trends as constructive and pointed to continued investment in long-term growth opportunities.
2022-04-16 16:22:00,AMZN,Synthetic Market Journal,negative,amzn reports increased operating uncertainty [sep] amzn management warned that near-term business conditions remain difficult and that several operating segments are facing additional pressure.
2022-04-17 09:46:00,AAPL,Synthetic Research Bulletin,positive,"aapl announces progress in strategic growth initiative [sep] aapl reported stronger operating activity during the quarter, with management highlighting improving demand across several business areas."
2022-04-17 11:19:00,GOOGL,Synthetic Financial Desk,negative,"googl reports increased operating uncertainty [sep] googl reported weaker operating conditions, with management highlighting softer demand and increased uncertainty across several business areas."
2022-04-17 11:47:00,AMZN,Synthetic Market Journal,positive,amzn announces progress in strategic growth initiative [sep] management at amzn described recent operating trends as constructive and pointed to continued investment in long-term growth opportunities.
2022-04-17 12:11:00,NVDA,Synthetic Financial Desk,positive,nvda sees positive momentum across key operating segments [sep] management at nvda described recent operating trends as constructive and pointed to continued investment in long-term growth opportunities.
2022-04-17 13:26:00,MSFT,Synthetic Research Bulletin,positive,msft expands investment following improved business conditions [sep] management at msft described recent operating trends as constructive and pointed to continued investment in long-term growth opportunities.
2022-04-18 10:25:00,NVDA,Synthetic Financial Desk,negative,"nvda reports increased operating uncertainty [sep] nvda reported weaker operating conditions, with management highlighting softer demand and increased uncertainty across several business areas."
2022-04-18 12:15:00,MSFT,Synthetic Financial Desk,positive,msft sees positive momentum across key operating segments [sep] management at msft described recent operating trends as constructive and pointed to continued investment in long-term growth opportunities.
2022-04-18 12:59:00,GOOGL,Synthetic Economic Wire,negative,googl faces weaker-than-expected demand conditions [sep] recent updates from googl indicate pressure on operating performance as market conditions become more challenging.
2022-04-18 14:51:00,AAPL,Synthetic Research Bulletin,neutral,aapl provides routine quarterly business update [sep] the latest update from aapl contained a mixture of stable operating indicators and incremental changes across business segments.
2022-04-18 16:09:00,AMZN,Synthetic Financial Desk,negative,"amzn faces weaker-than-expected demand conditions [sep] amzn reported weaker operating conditions, with management highlighting softer demand and increased uncertainty across several business areas."
2022-04-19 11:00:00,AAPL,Synthetic Financial Desk,neutral,aapl reports mixed conditions across operating segments [sep] the latest update from aapl contained a mixture of stable operating indicators and incremental changes across business segments.
2022-04-19 11:08:00,AMZN,Synthetic Financial Desk,positive,"amzn expands investment following improved business conditions [sep] amzn reported stronger operating activity during the quarter, with management highlighting improving demand across several business areas."
2022-04-19 11:22:00,GOOGL,Synthetic Market Journal,neutral,"googl reports mixed conditions across operating segments [sep] googl provided a routine business update, with management maintaining its existing operating outlook and previously announced plans."
2022-04-19 16:27:00,NVDA,Synthetic Economic Wire,neutral,"nvda continues previously announced investment program [sep] nvda provided a routine business update, with management maintaining its existing operating outlook and previously announced plans."
2022-04-19 17:10:00,MSFT,Synthetic Economic Wire,positive,"msft reports stronger-than-expected quarterly demand [sep] recent company updates indicate improving business conditions for msft, supported by stronger activity in important operating segments."
2022-04-20 09:55:00,AMZN,Synthetic Research Bulletin,neutral,"amzn maintains current operating outlook [sep] amzn provided a routine business update, with management maintaining its existing operating outlook and previously announced plans."
2022-04-20 11:45:00,NVDA,Synthetic Financial Desk,negative,nvda faces weaker-than-expected demand conditions [sep] recent updates from nvda indicate pressure on operating performance as market conditions become more challenging.
2022-04-20 11:54:00,MSFT,Synthetic Research Bulletin,positive,"msft announces progress in strategic growth initiative [sep] recent company updates indicate improving business conditions for msft, supported by stronger activity in important operating segments."
2022-04-20 13:11:00,AAPL,Synthetic Financial Desk,negative,aapl faces weaker-than-expected demand conditions [sep] recent updates from aapl indicate pressure on operating performance as market conditions become more challenging.
2022-04-20 14:57:00,GOOGL,Synthetic Financial Desk,positive,googl sees positive momentum across key operating segments [sep] management at googl described recent operating trends as constructive and pointed to continued investment in long-term growth opportunities.
2022-04-21 11:40:00,MSFT,Synthetic Market Journal,positive,msft expands investment following improved business conditions [sep] management at msft described recent operating trends as constructive and pointed to continued investment in long-term growth opportunities.
2022-04-21 12:02:00,AMZN,Synthetic Economic Wire,positive,"amzn expands investment following improved business conditions [sep] amzn reported stronger operating activity during the quarter, with management highlighting improving demand across several business areas."
2022-04-21 12:12:00,GOOGL,Synthetic Market Journal,positive,"googl reports stronger-than-expected quarterly demand [sep] googl reported stronger operating activity during the quarter, with management highlighting improving demand across several business areas."
2022-04-21 12:42:00,AAPL,Synthetic Financial Desk,negative,"aapl faces weaker-than-expected demand conditions [sep] aapl reported weaker operating conditions, with management highlighting softer demand and increased uncertainty across several business areas."
2022-04-21 14:01:00,NVDA,Synthetic Financial Desk,negative,nvda faces weaker-than-expected demand conditions [sep] nvda management warned that near-term business conditions remain difficult and that several operating segments are facing additional pressure.
2022-04-22 12:00:00,AAPL,Synthetic Financial Desk,negative,"aapl warns of pressure across key operating segments [sep] aapl reported weaker operating conditions, with management highlighting softer demand and increased uncertainty across several business areas."
2022-04-22 13:49:00,MSFT,Synthetic Research Bulletin,positive,msft reports stronger-than-expected quarterly demand [sep] management at msft described recent operating trends as constructive and pointed to continued investment in long-term growth opportunities.
2022-04-22 14:26:00,GOOGL,Synthetic Financial Desk,neutral,googl continues previously announced investment program [sep] the latest update from googl contained a mixture of stable operating indicators and incremental changes across business segments.
2022-04-22 14:45:00,AMZN,Synthetic Economic Wire,positive,"amzn sees positive momentum across key operating segments [sep] recent company updates indicate improving business conditions for amzn, supported by stronger activity in important operating segments."
2022-04-22 15:23:00,NVDA,Synthetic Research Bulletin,positive,nvda reports stronger-than-expected quarterly demand [sep] management at nvda described recent operating trends as constructive and pointed to continued investment in long-term growth opportunities.
2022-04-23 10:55:00,GOOGL,Synthetic Research Bulletin,neutral,"googl continues previously announced investment program [sep] googl provided a routine business update, with management maintaining its existing operating outlook and previously announced plans."
2022-04-23 11:42:00,MSFT,Synthetic Financial Desk,neutral,"msft provides routine quarterly business update [sep] msft provided a routine business update, with management maintaining its existing operating outlook and previously announced plans."
2022-04-23 12:39:00,NVDA,Synthetic Financial Desk,negative,nvda warns of pressure across key operating segments [sep] recent updates from nvda indicate pressure on operating performance as market conditions become more challenging.
2022-04-23 13:47:00,AMZN,Synthetic Financial Desk,positive,amzn expands investment following improved business conditions [sep] management at amzn described recent operating trends as constructive and pointed to continued investment in long-term growth opportunities.
2022-04-23 14:19:00,AAPL,Synthetic Economic Wire,negative,aapl warns of pressure across key operating segments [sep] recent updates from aapl indicate pressure on operating performance as market conditions become more challenging.
2022-04-24 13:36:00,AAPL,Synthetic Financial Desk,positive,"aapl reports stronger-than-expected quarterly demand [sep] aapl reported stronger operating activity during the quarter, with management highlighting improving demand across several business areas."
2022-04-24 16:05:00,AMZN,Synthetic Research Bulletin,negative,amzn warns of pressure across key operating segments [sep] amzn management warned that near-term business conditions remain difficult and that several operating segments are facing additional pressure.
2022-04-24 16:56:00,NVDA,Synthetic Economic Wire,positive,nvda expands investment following improved business conditions [sep] management at nvda described recent operating trends as constructive and pointed to continued investment in long-term growth opportunities.
2022-04-24 17:01:00,MSFT,Synthetic Research Bulletin,negative,"msft reduces near-term outlook amid challenging conditions [sep] msft reported weaker operating conditions, with management highlighting softer demand and increased uncertainty across several business areas."
2022-04-24 17:21:00,GOOGL,Synthetic Research Bulletin,neutral,googl continues previously announced investment program [sep] the latest update from googl contained a mixture of stable operating indicators and incremental changes across business segments.
2022-04-25 12:14:00,GOOGL,Synthetic Financial Desk,negative,"googl warns of pressure across key operating segments [sep] googl reported weaker operating conditions, with management highlighting softer demand and increased uncertainty across several business areas."
2022-04-25 12:34:00,AAPL,Synthetic Market Journal,neutral,aapl reports mixed conditions across operating segments [sep] the latest update from aapl contained a mixture of stable operating indicators and incremental changes across business segments.
2022-04-25 15:14:00,NVDA,Synthetic Financial Desk,negative,nvda faces weaker-than-expected demand conditions [sep] recent updates from nvda indicate pressure on operating performance as market conditions become more challenging.
2022-04-25 16:20:00,AMZN,Synthetic Economic Wire,positive,"amzn sees positive momentum across key operating segments [sep] recent company updates indicate improving business conditions for amzn, supported by stronger activity in important operating segments."
2022-04-25 16:45:00,MSFT,Synthetic Market Journal,negative,msft faces weaker-than-expected demand conditions [sep] msft management warned that near-term business conditions remain difficult and that several operating segments are facing additional pressure.
2022-04-26 11:20:00,AAPL,Synthetic Financial Desk,positive,"aapl sees positive momentum across key operating segments [sep] recent company updates indicate improving business conditions for aapl, supported by stronger activity in important operating segments."
2022-04-26 11:49:00,AMZN,Synthetic Research Bulletin,negative,amzn reports increased operating uncertainty [sep] recent updates from amzn indicate pressure on operating performance as market conditions become more challenging.
2022-04-26 12:47:00,NVDA,Synthetic Market Journal,neutral,nvda reports mixed conditions across operating segments [sep] the latest update from nvda contained a mixture of stable operating indicators and incremental changes across business segments.
2022-04-26 15:58:00,MSFT,Synthetic Financial Desk,negative,msft reports increased operating uncertainty [sep] recent updates from msft indicate pressure on operating performance as market conditions become more challenging.
2022-04-26 17:21:00,GOOGL,Synthetic Research Bulletin,positive,googl reports stronger-than-expected quarterly demand [sep] management at googl described recent operating trends as constructive and pointed to continued investment in long-term growth opportunities.
2022-04-27 10:25:00,GOOGL,Synthetic Market Journal,positive,googl announces progress in strategic growth initiative [sep] management at googl described recent operating trends as constructive and pointed to continued investment in long-term growth opportunities.
2022-04-27 12:49:00,AMZN,Synthetic Market Journal,positive,"amzn announces progress in strategic growth initiative [sep] amzn reported stronger operating activity during the quarter, with management highlighting improving demand across several business areas."
2022-04-27 14:09:00,MSFT,Synthetic Market Journal,negative,"msft faces weaker-than-expected demand conditions [sep] msft reported weaker operating conditions, with management highlighting softer demand and increased uncertainty across several business areas."
2022-04-27 14:34:00,AAPL,Synthetic Economic Wire,neutral,aapl reports mixed conditions across operating segments [sep] aapl continues its existing operating initiatives while monitoring market conditions and changes in customer demand.
2022-04-27 15:22:00,NVDA,Synthetic Economic Wire,neutral,nvda reports mixed conditions across operating segments [sep] nvda continues its existing operating initiatives while monitoring market conditions and changes in customer demand.
2022-04-28 10:11:00,MSFT,Synthetic Economic Wire,positive,"msft expands investment following improved business conditions [sep] msft reported stronger operating activity during the quarter, with management highlighting improving demand across several business areas."
2022-04-28 10:14:00,NVDA,Synthetic Market Journal,positive,"nvda reports stronger-than-expected quarterly demand [sep] recent company updates indicate improving business conditions for nvda, supported by stronger activity in important operating segments."
2022-04-28 10:57:00,AAPL,Synthetic Economic Wire,positive,aapl announces progress in strategic growth initiative [sep] management at aapl described recent operating trends as constructive and pointed to continued investment in long-term growth opportunities.
2022-04-28 15:56:00,AMZN,Synthetic Market Journal,neutral,amzn maintains current operating outlook [sep] amzn continues its existing operating initiatives while monitoring market conditions and changes in customer demand.
2022-04-28 15:58:00,GOOGL,Synthetic Financial Desk,neutral,"googl reports mixed conditions across operating segments [sep] googl provided a routine business update, with management maintaining its existing operating outlook and previously announced plans."
2022-04-29 11:57:00,AAPL,Synthetic Market Journal,negative,aapl reports increased operating uncertainty [sep] aapl management warned that near-term business conditions remain difficult and that several operating segments are facing additional pressure.
2022-04-29 12:51:00,AMZN,Synthetic Financial Desk,neutral,amzn provides routine quarterly business update [sep] the latest update from amzn contained a mixture of stable operating indicators and incremental changes across business segments.
2022-04-29 13:51:00,MSFT,Synthetic Financial Desk,positive,"msft expands investment following improved business conditions [sep] msft reported stronger operating activity during the quarter, with management highlighting improving demand across several business areas."
2022-04-29 14:30:00,GOOGL,Synthetic Market Journal,positive,"googl sees positive momentum across key operating segments [sep] recent company updates indicate improving business conditions for googl, supported by stronger activity in important operating segments."
2022-04-29 15:27:00,NVDA,Synthetic Financial Desk,neutral,nvda reports mixed conditions across operating segments [sep] the latest update from nvda contained a mixture of stable operating indicators and incremental changes across business segments.
2022-04-30 10:57:00,GOOGL,Synthetic Market Journal,negative,googl reduces near-term outlook amid challenging conditions [sep] googl management warned that near-term business conditions remain difficult and that several operating segments are facing additional pressure.
2022-04-30 11:40:00,MSFT,Synthetic Economic Wire,positive,msft reports stronger-than-expected quarterly demand [sep] management at msft described recent operating trends as constructive and pointed to continued investment in long-term growth opportunities.
2022-04-30 12:33:00,AMZN,Synthetic Economic Wire,neutral,"amzn continues previously announced investment program [sep] amzn provided a routine business update, with management maintaining its existing operating outlook and previously announced plans."
2022-04-30 15:30:00,NVDA,Synthetic Research Bulletin,negative,nvda warns of pressure across key operating segments [sep] recent updates from nvda indicate pressure on operating performance as market conditions become more challenging.
2022-04-30 16:59:00,AAPL,Synthetic Research Bulletin,negative,aapl reduces near-term outlook amid challenging conditions [sep] aapl management warned that near-term business conditions remain difficult and that several operating segments are facing additional pressure.
2022-05-01 12:49:00,NVDA,Synthetic Market Journal,neutral,"nvda continues previously announced investment program [sep] nvda provided a routine business update, with management maintaining its existing operating outlook and previously announced plans."
2022-05-01 13:21:00,AMZN,Synthetic Market Journal,neutral,"amzn maintains current operating outlook [sep] amzn provided a routine business update, with management maintaining its existing operating outlook and previously announced plans."
2022-05-01 13:23:00,AAPL,Synthetic Financial Desk,negative,aapl reduces near-term outlook amid challenging conditions [sep] recent updates from aapl indicate pressure on operating performance as market conditions become more challenging.
2022-05-01 15:29:00,MSFT,Synthetic Financial Desk,negative,msft warns of pressure across key operating segments [sep] recent updates from msft indicate pressure on operating performance as market conditions become more challenging.
2022-05-01 15:39:00,GOOGL,Synthetic Financial Desk,neutral,googl continues previously announced investment program [sep] googl continues its existing operating initiatives while monitoring market conditions and changes in customer demand.
2022-05-02 14:28:00,AMZN,Synthetic Financial Desk,neutral,amzn provides routine quarterly business update [sep] the latest update from amzn contained a mixture of stable operating indicators and incremental changes across business segments.
2022-05-02 15:26:00,NVDA,Synthetic Research Bulletin,positive,"nvda announces progress in strategic growth initiative [sep] recent company updates indicate improving business conditions for nvda, supported by stronger activity in important operating segments."
2022-05-02 15:27:00,MSFT,Synthetic Research Bulletin,positive,msft sees positive momentum across key operating segments [sep] management at msft described recent operating trends as constructive and pointed to continued investment in long-term growth opportunities.
2022-05-02 17:06:00,AAPL,Synthetic Research Bulletin,neutral,"aapl reports mixed conditions across operating segments [sep] aapl provided a routine business update, with management maintaining its existing operating outlook and previously announced plans."
2022-05-02 17:24:00,GOOGL,Synthetic Research Bulletin,positive,"googl expands investment following improved business conditions [sep] recent company updates indicate improving business conditions for googl, supported by stronger activity in important operating segments."
2022-05-03 10:48:00,MSFT,Synthetic Research Bulletin,positive,"msft announces progress in strategic growth initiative [sep] recent company updates indicate improving business conditions for msft, supported by stronger activity in important operating segments."
2022-05-03 11:17:00,AMZN,Synthetic Research Bulletin,positive,"amzn expands investment following improved business conditions [sep] recent company updates indicate improving business conditions for amzn, supported by stronger activity in important operating segments."
2022-05-03 14:41:00,AAPL,Synthetic Research Bulletin,neutral,aapl maintains current operating outlook [sep] the latest update from aapl contained a mixture of stable operating indicators and incremental changes across business segments.
2022-05-03 14:45:00,GOOGL,Synthetic Economic Wire,positive,googl reports stronger-than-expected quarterly demand [sep] management at googl described recent operating trends as constructive and pointed to continued investment in long-term growth opportunities.
2022-05-03 17:00:00,NVDA,Synthetic Research Bulletin,positive,"nvda sees positive momentum across key operating segments [sep] nvda reported stronger operating activity during the quarter, with management highlighting improving demand across several business areas."
2022-05-04 12:14:00,NVDA,Synthetic Economic Wire,neutral,"nvda reports mixed conditions across operating segments [sep] nvda provided a routine business update, with management maintaining its existing operating outlook and previously announced plans."
2022-05-04 13:05:00,AMZN,Synthetic Economic Wire,positive,amzn expands investment following improved business conditions [sep] management at amzn described recent operating trends as constructive and pointed to continued investment in long-term growth opportunities.
2022-05-04 13:05:00,GOOGL,Synthetic Research Bulletin,neutral,googl maintains current operating outlook [sep] googl continues its existing operating initiatives while monitoring market conditions and changes in customer demand.
2022-05-04 13:51:00,MSFT,Synthetic Research Bulletin,positive,"msft reports stronger-than-expected quarterly demand [sep] recent company updates indicate improving business conditions for msft, supported by stronger activity in important operating segments."
2022-05-04 14:47:00,AAPL,Synthetic Economic Wire,positive,aapl sees positive momentum across key operating segments [sep] management at aapl described recent operating trends as constructive and pointed to continued investment in long-term growth opportunities.
2022-05-05 12:35:00,AAPL,Synthetic Market Journal,negative,aapl faces weaker-than-expected demand conditions [sep] aapl management warned that near-term business conditions remain difficult and that several operating segments are facing additional pressure.
2022-05-05 13:09:00,MSFT,Synthetic Financial Desk,negative,msft warns of pressure across key operating segments [sep] msft management warned that near-term business conditions remain difficult and that several operating segments are facing additional pressure.
2022-05-05 14:49:00,AMZN,Synthetic Economic Wire,neutral,amzn reports mixed conditions across operating segments [sep] the latest update from amzn contained a mixture of stable operating indicators and incremental changes across business segments.
2022-05-05 16:08:00,NVDA,Synthetic Economic Wire,negative,nvda faces weaker-than-expected demand conditions [sep] recent updates from nvda indicate pressure on operating performance as market conditions become more challenging.
2022-05-05 16:58:00,GOOGL,Synthetic Research Bulletin,neutral,"googl provides routine quarterly business update [sep] googl provided a routine business update, with management maintaining its existing operating outlook and previously announced plans."
2022-05-06 11:21:00,AMZN,Synthetic Research Bulletin,neutral,amzn reports mixed conditions across operating segments [sep] the latest update from amzn contained a mixture of stable operating indicators and incremental changes across business segments.
2022-05-06 12:10:00,NVDA,Synthetic Research Bulletin,neutral,"nvda maintains current operating outlook [sep] nvda provided a routine business update, with management maintaining its existing operating outlook and previously announced plans."
2022-05-06 13:14:00,AAPL,Synthetic Research Bulletin,negative,aapl reports increased operating uncertainty [sep] recent updates from aapl indicate pressure on operating performance as market conditions become more challenging.
2022-05-06 13:57:00,MSFT,Synthetic Economic Wire,positive,msft reports stronger-than-expected quarterly demand [sep] management at msft described recent operating trends as constructive and pointed to continued investment in long-term growth opportunities.
2022-05-06 14:37:00,GOOGL,Synthetic Research Bulletin,positive,googl announces progress in strategic growth initiative [sep] management at googl described recent operating trends as constructive and pointed to continued investment in long-term growth opportunities.
2022-05-07 09:35:00,AAPL,Synthetic Economic Wire,negative,aapl reports increased operating uncertainty [sep] recent updates from aapl indicate pressure on operating performance as market conditions become more challenging.
2022-05-07 14:56:00,AMZN,Synthetic Financial Desk,neutral,amzn provides routine quarterly business update [sep] the latest update from amzn contained a mixture of stable operating indicators and incremental changes across business segments.
2022-05-07 15:42:00,NVDA,Synthetic Economic Wire,negative,"nvda warns of pressure across key operating segments [sep] nvda reported weaker operating conditions, with management highlighting softer demand and increased uncertainty across several business areas."
2022-05-07 15:56:00,GOOGL,Synthetic Financial Desk,negative,"googl faces weaker-than-expected demand conditions [sep] googl reported weaker operating conditions, with management highlighting softer demand and increased uncertainty across several business areas."
2022-05-07 17:03:00,MSFT,Synthetic Research Bulletin,neutral,"msft continues previously announced investment program [sep] msft provided a routine business update, with management maintaining its existing operating outlook and previously announced plans."
2022-05-08 11:31:00,AMZN,Synthetic Economic Wire,negative,amzn warns of pressure across key operating segments [sep] amzn management warned that near-term business conditions remain difficult and that several operating segments are facing additional pressure.
2022-05-08 11:45:00,NVDA,Synthetic Market Journal,neutral,"nvda maintains current operating outlook [sep] nvda provided a routine business update, with management maintaining its existing operating outlook and previously announced plans."
2022-05-08 12:49:00,AAPL,Synthetic Economic Wire,positive,"aapl announces progress in strategic growth initiative [sep] recent company updates indicate improving business conditions for aapl, supported by stronger activity in important operating segments."
2022-05-08 13:15:00,MSFT,Synthetic Economic Wire,neutral,msft provides routine quarterly business update [sep] msft continues its existing operating initiatives while monitoring market conditions and changes in customer demand.
2022-05-08 14:26:00,GOOGL,Synthetic Market Journal,negative,"googl faces weaker-than-expected demand conditions [sep] googl reported weaker operating conditions, with management highlighting softer demand and increased uncertainty across several business areas."
2022-05-09 09:59:00,MSFT,Synthetic Financial Desk,positive,"msft reports stronger-than-expected quarterly demand [sep] msft reported stronger operating activity during the quarter, with management highlighting improving demand across several business areas."
2022-05-09 11:42:00,AMZN,Synthetic Economic Wire,negative,amzn reports increased operating uncertainty [sep] recent updates from amzn indicate pressure on operating performance as market conditions become more challenging.
2022-05-09 14:52:00,AAPL,Synthetic Research Bulletin,neutral,aapl continues previously announced investment program [sep] the latest update from aapl contained a mixture of stable operating indicators and incremental changes across business segments.
2022-05-09 15:22:00,GOOGL,Synthetic Financial Desk,negative,googl reports increased operating uncertainty [sep] recent updates from googl indicate pressure on operating performance as market conditions become more challenging.
2022-05-09 17:00:00,NVDA,Synthetic Market Journal,negative,nvda reports increased operating uncertainty [sep] recent updates from nvda indicate pressure on operating performance as market conditions become more challenging.
2022-05-10 12:37:00,AAPL,Synthetic Market Journal,neutral,aapl continues previously announced investment program [sep] the latest update from aapl contained a mixture of stable operating indicators and incremental changes across business segments.
2022-05-10 13:01:00,AMZN,Synthetic Economic Wire,positive,"amzn announces progress in strategic growth initiative [sep] recent company updates indicate improving business conditions for amzn, supported by stronger activity in important operating segments."
2022-05-10 15:21:00,NVDA,Synthetic Economic Wire,neutral,nvda provides routine quarterly business update [sep] nvda continues its existing operating initiatives while monitoring market conditions and changes in customer demand.
2022-05-10 15:56:00,MSFT,Synthetic Financial Desk,negative,msft warns of pressure across key operating segments [sep] msft management warned that near-term business conditions remain difficult and that several operating segments are facing additional pressure.
2022-05-10 17:15:00,GOOGL,Synthetic Economic Wire,positive,googl announces progress in strategic growth initiative [sep] management at googl described recent operating trends as constructive and pointed to continued investment in long-term growth opportunities.
2022-05-11 11:18:00,GOOGL,Synthetic Market Journal,negative,"googl reports increased operating uncertainty [sep] googl reported weaker operating conditions, with management highlighting softer demand and increased uncertainty across several business areas."
2022-05-11 11:42:00,AAPL,Synthetic Market Journal,neutral,aapl maintains current operating outlook [sep] aapl continues its existing operating initiatives while monitoring market conditions and changes in customer demand.
2022-05-11 12:30:00,MSFT,Synthetic Market Journal,neutral,msft continues previously announced investment program [sep] msft continues its existing operating initiatives while monitoring market conditions and changes in customer demand.
2022-05-11 14:41:00,NVDA,Synthetic Research Bulletin,positive,nvda reports stronger-than-expected quarterly demand [sep] management at nvda described recent operating trends as constructive and pointed to continued investment in long-term growth opportunities.
2022-05-11 16:59:00,AMZN,Synthetic Market Journal,neutral,amzn reports mixed conditions across operating segments [sep] amzn continues its existing operating initiatives while monitoring market conditions and changes in customer demand.
2022-05-12 10:29:00,NVDA,Synthetic Market Journal,neutral,"nvda provides routine quarterly business update [sep] nvda provided a routine business update, with management maintaining its existing operating outlook and previously announced plans."
2022-05-12 10:49:00,MSFT,Synthetic Economic Wire,negative,msft reduces near-term outlook amid challenging conditions [sep] recent updates from msft indicate pressure on operating performance as market conditions become more challenging.
2022-05-12 12:16:00,AMZN,Synthetic Research Bulletin,negative,"amzn reduces near-term outlook amid challenging conditions [sep] amzn reported weaker operating conditions, with management highlighting softer demand and increased uncertainty across several business areas."
2022-05-12 13:36:00,AAPL,Synthetic Market Journal,negative,aapl reports increased operating uncertainty [sep] recent updates from aapl indicate pressure on operating performance as market conditions become more challenging.
2022-05-12 14:05:00,GOOGL,Synthetic Economic Wire,positive,googl sees positive momentum across key operating segments [sep] management at googl described recent operating trends as constructive and pointed to continued investment in long-term growth opportunities.
2022-05-13 10:23:00,AMZN,Synthetic Financial Desk,positive,"amzn reports stronger-than-expected quarterly demand [sep] recent company updates indicate improving business conditions for amzn, supported by stronger activity in important operating segments."
2022-05-13 11:13:00,MSFT,Synthetic Economic Wire,negative,"msft reduces near-term outlook amid challenging conditions [sep] msft reported weaker operating conditions, with management highlighting softer demand and increased uncertainty across several business areas."
2022-05-13 11:49:00,AAPL,Synthetic Financial Desk,neutral,aapl provides routine quarterly business update [sep] the latest update from aapl contained a mixture of stable operating indicators and incremental changes across business segments.
2022-05-13 12:01:00,GOOGL,Synthetic Market Journal,negative,"googl faces weaker-than-expected demand conditions [sep] googl reported weaker operating conditions, with management highlighting softer demand and increased uncertainty across several business areas."
2022-05-13 14:14:00,NVDA,Synthetic Market Journal,positive,"nvda announces progress in strategic growth initiative [sep] nvda reported stronger operating activity during the quarter, with management highlighting improving demand across several business areas."
2022-05-14 09:33:00,AAPL,Synthetic Economic Wire,negative,aapl warns of pressure across key operating segments [sep] recent updates from aapl indicate pressure on operating performance as market conditions become more challenging.
2022-05-14 10:23:00,MSFT,Synthetic Market Journal,neutral,msft reports mixed conditions across operating segments [sep] msft continues its existing operating initiatives while monitoring market conditions and changes in customer demand.
2022-05-14 14:09:00,GOOGL,Synthetic Market Journal,negative,"googl reports increased operating uncertainty [sep] googl reported weaker operating conditions, with management highlighting softer demand and increased uncertainty across several business areas."
2022-05-14 15:38:00,AMZN,Synthetic Market Journal,negative,"amzn faces weaker-than-expected demand conditions [sep] amzn reported weaker operating conditions, with management highlighting softer demand and increased uncertainty across several business areas."
2022-05-14 16:08:00,NVDA,Synthetic Economic Wire,positive,"nvda announces progress in strategic growth initiative [sep] recent company updates indicate improving business conditions for nvda, supported by stronger activity in important operating segments."
2022-05-15 12:06:00,NVDA,Synthetic Financial Desk,positive,nvda reports stronger-than-expected quarterly demand [sep] management at nvda described recent operating trends as constructive and pointed to continued investment in long-term growth opportunities.
2022-05-15 12:59:00,GOOGL,Synthetic Market Journal,positive,googl reports stronger-than-expected quarterly demand [sep] management at googl described recent operating trends as constructive and pointed to continued investment in long-term growth opportunities.
2022-05-15 13:02:00,AMZN,Synthetic Research Bulletin,positive,"amzn expands investment following improved business conditions [sep] amzn reported stronger operating activity during the quarter, with management highlighting improving demand across several business areas."
2022-05-15 16:36:00,AAPL,Synthetic Financial Desk,negative,aapl warns of pressure across key operating segments [sep] aapl management warned that near-term business conditions remain difficult and that several operating segments are facing additional pressure.
2022-05-15 17:28:00,MSFT,Synthetic Research Bulletin,positive,msft sees positive momentum across key operating segments [sep] management at msft described recent operating trends as constructive and pointed to continued investment in long-term growth opportunities.
2022-05-16 12:10:00,MSFT,Synthetic Research Bulletin,positive,msft expands investment following improved business conditions [sep] management at msft described recent operating trends as constructive and pointed to continued investment in long-term growth opportunities.
2022-05-16 15:32:00,GOOGL,Synthetic Financial Desk,negative,"googl reduces near-term outlook amid challenging conditions [sep] googl reported weaker operating conditions, with management highlighting softer demand and increased uncertainty across several business areas."
2022-05-16 16:37:00,NVDA,Synthetic Market Journal,positive,nvda announces progress in strategic growth initiative [sep] management at nvda described recent operating trends as constructive and pointed to continued investment in long-term growth opportunities.
2022-05-16 16:58:00,AAPL,Synthetic Economic Wire,negative,aapl reduces near-term outlook amid challenging conditions [sep] recent updates from aapl indicate pressure on operating performance as market conditions become more challenging.
2022-05-16 17:12:00,AMZN,Synthetic Research Bulletin,neutral,amzn maintains current operating outlook [sep] amzn continues its existing operating initiatives while monitoring market conditions and changes in customer demand.
2022-05-17 12:01:00,GOOGL,Synthetic Financial Desk,neutral,googl reports mixed conditions across operating segments [sep] googl continues its existing operating initiatives while monitoring market conditions and changes in customer demand.
2022-05-17 13:48:00,NVDA,Synthetic Research Bulletin,negative,"nvda warns of pressure across key operating segments [sep] nvda reported weaker operating conditions, with management highlighting softer demand and increased uncertainty across several business areas."
2022-05-17 15:30:00,AMZN,Synthetic Financial Desk,positive,"amzn reports stronger-than-expected quarterly demand [sep] recent company updates indicate improving business conditions for amzn, supported by stronger activity in important operating segments."
2022-05-17 16:29:00,MSFT,Synthetic Financial Desk,negative,msft reduces near-term outlook amid challenging conditions [sep] recent updates from msft indicate pressure on operating performance as market conditions become more challenging.
2022-05-17 16:37:00,AAPL,Synthetic Financial Desk,positive,aapl reports stronger-than-expected quarterly demand [sep] management at aapl described recent operating trends as constructive and pointed to continued investment in long-term growth opportunities.
2022-05-18 09:39:00,AAPL,Synthetic Market Journal,neutral,"aapl reports mixed conditions across operating segments [sep] aapl provided a routine business update, with management maintaining its existing operating outlook and previously announced plans."
2022-05-18 13:08:00,NVDA,Synthetic Market Journal,neutral,nvda provides routine quarterly business update [sep] the latest update from nvda contained a mixture of stable operating indicators and incremental changes across business segments.
2022-05-18 13:31:00,AMZN,Synthetic Research Bulletin,negative,amzn reduces near-term outlook amid challenging conditions [sep] amzn management warned that near-term business conditions remain difficult and that several operating segments are facing additional pressure.
2022-05-18 15:05:00,MSFT,Synthetic Financial Desk,negative,msft reduces near-term outlook amid challenging conditions [sep] msft management warned that near-term business conditions remain difficult and that several operating segments are facing additional pressure.
2022-05-18 16:23:00,GOOGL,Synthetic Research Bulletin,negative,googl faces weaker-than-expected demand conditions [sep] googl management warned that near-term business conditions remain difficult and that several operating segments are facing additional pressure.
2022-05-19 10:39:00,MSFT,Synthetic Economic Wire,positive,msft sees positive momentum across key operating segments [sep] management at msft described recent operating trends as constructive and pointed to continued investment in long-term growth opportunities.
2022-05-19 11:45:00,AMZN,Synthetic Market Journal,positive,"amzn reports stronger-than-expected quarterly demand [sep] amzn reported stronger operating activity during the quarter, with management highlighting improving demand across several business areas."
2022-05-19 11:56:00,NVDA,Synthetic Market Journal,neutral,nvda provides routine quarterly business update [sep] the latest update from nvda contained a mixture of stable operating indicators and incremental changes across business segments.
2022-05-19 12:16:00,GOOGL,Synthetic Market Journal,negative,googl warns of pressure across key operating segments [sep] googl management warned that near-term business conditions remain difficult and that several operating segments are facing additional pressure.
2022-05-19 12:37:00,AAPL,Synthetic Research Bulletin,negative,"aapl reduces near-term outlook amid challenging conditions [sep] aapl reported weaker operating conditions, with management highlighting softer demand and increased uncertainty across several business areas."
2022-05-20 12:06:00,MSFT,Synthetic Research Bulletin,positive,msft sees positive momentum across key operating segments [sep] management at msft described recent operating trends as constructive and pointed to continued investment in long-term growth opportunities.
2022-05-20 13:09:00,NVDA,Synthetic Research Bulletin,positive,nvda sees positive momentum across key operating segments [sep] management at nvda described recent operating trends as constructive and pointed to continued investment in long-term growth opportunities.
2022-05-20 14:20:00,AMZN,Synthetic Research Bulletin,negative,amzn reduces near-term outlook amid challenging conditions [sep] recent updates from amzn indicate pressure on operating performance as market conditions become more challenging.
2022-05-20 15:02:00,GOOGL,Synthetic Research Bulletin,positive,"googl announces progress in strategic growth initiative [sep] recent company updates indicate improving business conditions for googl, supported by stronger activity in important operating segments."
2022-05-20 15:58:00,AAPL,Synthetic Research Bulletin,negative,aapl warns of pressure across key operating segments [sep] aapl management warned that near-term business conditions remain difficult and that several operating segments are facing additional pressure.
2022-05-21 10:09:00,AAPL,Synthetic Financial Desk,neutral,aapl reports mixed conditions across operating segments [sep] the latest update from aapl contained a mixture of stable operating indicators and incremental changes across business segments.
2022-05-21 15:15:00,MSFT,Synthetic Financial Desk,positive,msft reports stronger-than-expected quarterly demand [sep] management at msft described recent operating trends as constructive and pointed to continued investment in long-term growth opportunities.
2022-05-21 15:51:00,GOOGL,Synthetic Economic Wire,neutral,googl provides routine quarterly business update [sep] the latest update from googl contained a mixture of stable operating indicators and incremental changes across business segments.
2022-05-21 16:35:00,NVDA,Synthetic Financial Desk,positive,"nvda sees positive momentum across key operating segments [sep] recent company updates indicate improving business conditions for nvda, supported by stronger activity in important operating segments."
2022-05-21 17:06:00,AMZN,Synthetic Market Journal,positive,amzn sees positive momentum across key operating segments [sep] management at amzn described recent operating trends as constructive and pointed to continued investment in long-term growth opportunities.
2022-05-22 10:40:00,AAPL,Synthetic Market Journal,positive,aapl expands investment following improved business conditions [sep] management at aapl described recent operating trends as constructive and pointed to continued investment in long-term growth opportunities.
2022-05-22 11:11:00,AMZN,Synthetic Financial Desk,negative,amzn warns of pressure across key operating segments [sep] recent updates from amzn indicate pressure on operating performance as market conditions become more challenging.
2022-05-22 16:08:00,GOOGL,Synthetic Economic Wire,neutral,"googl provides routine quarterly business update [sep] googl provided a routine business update, with management maintaining its existing operating outlook and previously announced plans."
2022-05-22 16:13:00,NVDA,Synthetic Market Journal,neutral,nvda provides routine quarterly business update [sep] the latest update from nvda contained a mixture of stable operating indicators and incremental changes across business segments.
2022-05-22 17:26:00,MSFT,Synthetic Market Journal,neutral,"msft reports mixed conditions across operating segments [sep] msft provided a routine business update, with management maintaining its existing operating outlook and previously announced plans."
2022-05-23 09:56:00,AAPL,Synthetic Research Bulletin,positive,"aapl reports stronger-than-expected quarterly demand [sep] aapl reported stronger operating activity during the quarter, with management highlighting improving demand across several business areas."
2022-05-23 12:42:00,GOOGL,Synthetic Market Journal,negative,googl reduces near-term outlook amid challenging conditions [sep] googl management warned that near-term business conditions remain difficult and that several operating segments are facing additional pressure.
2022-05-23 13:03:00,MSFT,Synthetic Economic Wire,neutral,msft reports mixed conditions across operating segments [sep] the latest update from msft contained a mixture of stable operating indicators and incremental changes across business segments.
2022-05-23 16:05:00,AMZN,Synthetic Research Bulletin,positive,amzn announces progress in strategic growth initiative [sep] management at amzn described recent operating trends as constructive and pointed to continued investment in long-term growth opportunities.
2022-05-23 16:17:00,NVDA,Synthetic Economic Wire,negative,nvda reports increased operating uncertainty [sep] nvda management warned that near-term business conditions remain difficult and that several operating segments are facing additional pressure.
2022-05-24 09:33:00,NVDA,Synthetic Economic Wire,positive,"nvda reports stronger-than-expected quarterly demand [sep] recent company updates indicate improving business conditions for nvda, supported by stronger activity in important operating segments."
2022-05-24 09:44:00,AAPL,Synthetic Economic Wire,negative,aapl reports increased operating uncertainty [sep] recent updates from aapl indicate pressure on operating performance as market conditions become more challenging.
2022-05-24 10:19:00,MSFT,Synthetic Market Journal,positive,msft reports stronger-than-expected quarterly demand [sep] management at msft described recent operating trends as constructive and pointed to continued investment in long-term growth opportunities.
2022-05-24 11:35:00,AMZN,Synthetic Research Bulletin,positive,"amzn reports stronger-than-expected quarterly demand [sep] recent company updates indicate improving business conditions for amzn, supported by stronger activity in important operating segments."
2022-05-24 15:28:00,GOOGL,Synthetic Market Journal,negative,googl reduces near-term outlook amid challenging conditions [sep] googl management warned that near-term business conditions remain difficult and that several operating segments are facing additional pressure.
2022-05-25 09:30:00,NVDA,Synthetic Economic Wire,positive,nvda announces progress in strategic growth initiative [sep] management at nvda described recent operating trends as constructive and pointed to continued investment in long-term growth opportunities.
2022-05-25 10:21:00,MSFT,Synthetic Research Bulletin,positive,"msft announces progress in strategic growth initiative [sep] recent company updates indicate improving business conditions for msft, supported by stronger activity in important operating segments."
2022-05-25 11:27:00,AMZN,Synthetic Financial Desk,neutral,amzn continues previously announced investment program [sep] amzn continues its existing operating initiatives while monitoring market conditions and changes in customer demand.
2022-05-25 15:15:00,GOOGL,Synthetic Financial Desk,negative,googl warns of pressure across key operating segments [sep] googl management warned that near-term business conditions remain difficult and that several operating segments are facing additional pressure.
2022-05-25 16:34:00,AAPL,Synthetic Market Journal,negative,aapl reduces near-term outlook amid challenging conditions [sep] aapl management warned that near-term business conditions remain difficult and that several operating segments are facing additional pressure.
2022-05-26 11:04:00,AAPL,Synthetic Market Journal,neutral,aapl provides routine quarterly business update [sep] the latest update from aapl contained a mixture of stable operating indicators and incremental changes across business segments.
2022-05-26 15:29:00,MSFT,Synthetic Research Bulletin,negative,"msft warns of pressure across key operating segments [sep] msft reported weaker operating conditions, with management highlighting softer demand and increased uncertainty across several business areas."
2022-05-26 16:12:00,NVDA,Synthetic Economic Wire,negative,nvda reports increased operating uncertainty [sep] recent updates from nvda indicate pressure on operating performance as market conditions become more challenging.
2022-05-26 16:13:00,GOOGL,Synthetic Economic Wire,neutral,googl reports mixed conditions across operating segments [sep] googl continues its existing operating initiatives while monitoring market conditions and changes in customer demand.
2022-05-26 16:47:00,AMZN,Synthetic Financial Desk,positive,"amzn expands investment following improved business conditions [sep] recent company updates indicate improving business conditions for amzn, supported by stronger activity in important operating segments."
2022-05-27 09:41:00,AMZN,Synthetic Economic Wire,positive,"amzn sees positive momentum across key operating segments [sep] recent company updates indicate improving business conditions for amzn, supported by stronger activity in important operating segments."
2022-05-27 10:31:00,GOOGL,Synthetic Research Bulletin,neutral,googl maintains current operating outlook [sep] googl continues its existing operating initiatives while monitoring market conditions and changes in customer demand.
2022-05-27 11:34:00,AAPL,Synthetic Financial Desk,negative,aapl warns of pressure across key operating segments [sep] recent updates from aapl indicate pressure on operating performance as market conditions become more challenging.
2022-05-27 11:46:00,NVDA,Synthetic Market Journal,positive,"nvda reports stronger-than-expected quarterly demand [sep] recent company updates indicate improving business conditions for nvda, supported by stronger activity in important operating segments."
2022-05-27 12:19:00,MSFT,Synthetic Financial Desk,negative,msft reduces near-term outlook amid challenging conditions [sep] recent updates from msft indicate pressure on operating performance as market conditions become more challenging.
2022-05-28 09:42:00,GOOGL,Synthetic Economic Wire,positive,"googl reports stronger-than-expected quarterly demand [sep] recent company updates indicate improving business conditions for googl, supported by stronger activity in important operating segments."
2022-05-28 09:59:00,MSFT,Synthetic Research Bulletin,negative,"msft warns of pressure across key operating segments [sep] msft reported weaker operating conditions, with management highlighting softer demand and increased uncertainty across several business areas."
2022-05-28 12:18:00,AMZN,Synthetic Research Bulletin,positive,"amzn expands investment following improved business conditions [sep] recent company updates indicate improving business conditions for amzn, supported by stronger activity in important operating segments."
2022-05-28 13:58:00,AAPL,Synthetic Financial Desk,positive,"aapl sees positive momentum across key operating segments [sep] recent company updates indicate improving business conditions for aapl, supported by stronger activity in important operating segments."
2022-05-28 16:38:00,NVDA,Synthetic Financial Desk,negative,nvda reports increased operating uncertainty [sep] recent updates from nvda indicate pressure on operating performance as market conditions become more challenging.
2022-05-29 13:06:00,AMZN,Synthetic Research Bulletin,positive,"amzn sees positive momentum across key operating segments [sep] amzn reported stronger operating activity during the quarter, with management highlighting improving demand across several business areas."
2022-05-29 13:37:00,NVDA,Synthetic Economic Wire,neutral,"nvda reports mixed conditions across operating segments [sep] nvda provided a routine business update, with management maintaining its existing operating outlook and previously announced plans."
2022-05-29 13:39:00,GOOGL,Synthetic Financial Desk,positive,"googl sees positive momentum across key operating segments [sep] recent company updates indicate improving business conditions for googl, supported by stronger activity in important operating segments."
2022-05-29 14:29:00,MSFT,Synthetic Financial Desk,negative,"msft faces weaker-than-expected demand conditions [sep] msft reported weaker operating conditions, with management highlighting softer demand and increased uncertainty across several business areas."
2022-05-29 15:47:00,AAPL,Synthetic Research Bulletin,neutral,aapl continues previously announced investment program [sep] aapl continues its existing operating initiatives while monitoring market conditions and changes in customer demand.
2022-05-30 09:52:00,GOOGL,Synthetic Research Bulletin,negative,"googl reduces near-term outlook amid challenging conditions [sep] googl reported weaker operating conditions, with management highlighting softer demand and increased uncertainty across several business areas."
2022-05-30 10:26:00,AAPL,Synthetic Research Bulletin,neutral,aapl maintains current operating outlook [sep] aapl continues its existing operating initiatives while monitoring market conditions and changes in customer demand.
2022-05-30 12:20:00,AMZN,Synthetic Financial Desk,negative,amzn reduces near-term outlook amid challenging conditions [sep] recent updates from amzn indicate pressure on operating performance as market conditions become more challenging.
2022-05-30 14:17:00,NVDA,Synthetic Economic Wire,positive,nvda expands investment following improved business conditions [sep] management at nvda described recent operating trends as constructive and pointed to continued investment in long-term growth opportunities.
2022-05-30 17:26:00,MSFT,Synthetic Financial Desk,negative,msft faces weaker-than-expected demand conditions [sep] recent updates from msft indicate pressure on operating performance as market conditions become more challenging.
2022-05-31 10:57:00,AMZN,Synthetic Market Journal,negative,"amzn reduces near-term outlook amid challenging conditions [sep] amzn reported weaker operating conditions, with management highlighting softer demand and increased uncertainty across several business areas."
2022-05-31 13:31:00,AAPL,Synthetic Financial Desk,negative,aapl reduces near-term outlook amid challenging conditions [sep] aapl management warned that near-term business conditions remain difficult and that several operating segments are facing additional pressure.
2022-05-31 14:03:00,NVDA,Synthetic Economic Wire,neutral,nvda continues previously announced investment program [sep] the latest update from nvda contained a mixture of stable operating indicators and incremental changes across business segments.
2022-05-31 14:10:00,MSFT,Synthetic Market Journal,positive,"msft sees positive momentum across key operating segments [sep] msft reported stronger operating activity during the quarter, with management highlighting improving demand across several business areas."
2022-05-31 15:45:00,GOOGL,Synthetic Economic Wire,positive,"googl expands investment following improved business conditions [sep] recent company updates indicate improving business conditions for googl, supported by stronger activity in important operating segments."
2022-06-01 13:47:00,MSFT,Synthetic Economic Wire,neutral,"msft provides routine quarterly business update [sep] msft provided a routine business update, with management maintaining its existing operating outlook and previously announced plans."
2022-06-01 14:06:00,AAPL,Synthetic Financial Desk,positive,"aapl reports stronger-than-expected quarterly demand [sep] recent company updates indicate improving business conditions for aapl, supported by stronger activity in important operating segments."
2022-06-01 15:56:00,GOOGL,Synthetic Economic Wire,negative,googl faces weaker-than-expected demand conditions [sep] recent updates from googl indicate pressure on operating performance as market conditions become more challenging.
2022-06-01 16:19:00,AMZN,Synthetic Economic Wire,positive,"amzn sees positive momentum across key operating segments [sep] recent company updates indicate improving business conditions for amzn, supported by stronger activity in important operating segments."
2022-06-01 17:18:00,NVDA,Synthetic Market Journal,neutral,nvda provides routine quarterly business update [sep] the latest update from nvda contained a mixture of stable operating indicators and incremental changes across business segments.
2022-06-02 11:40:00,MSFT,Synthetic Economic Wire,neutral,msft maintains current operating outlook [sep] the latest update from msft contained a mixture of stable operating indicators and incremental changes across business segments.
2022-06-02 12:39:00,NVDA,Synthetic Financial Desk,negative,"nvda reports increased operating uncertainty [sep] nvda reported weaker operating conditions, with management highlighting softer demand and increased uncertainty across several business areas."
2022-06-02 13:42:00,GOOGL,Synthetic Research Bulletin,negative,"googl faces weaker-than-expected demand conditions [sep] googl reported weaker operating conditions, with management highlighting softer demand and increased uncertainty across several business areas."
2022-06-02 16:44:00,AMZN,Synthetic Economic Wire,positive,amzn sees positive momentum across key operating segments [sep] management at amzn described recent operating trends as constructive and pointed to continued investment in long-term growth opportunities.
2022-06-02 17:28:00,AAPL,Synthetic Economic Wire,positive,"aapl announces progress in strategic growth initiative [sep] recent company updates indicate improving business conditions for aapl, supported by stronger activity in important operating segments."
2022-06-03 10:43:00,MSFT,Synthetic Economic Wire,positive,"msft reports stronger-than-expected quarterly demand [sep] recent company updates indicate improving business conditions for msft, supported by stronger activity in important operating segments."
2022-06-03 12:13:00,AMZN,Synthetic Research Bulletin,negative,amzn reports increased operating uncertainty [sep] recent updates from amzn indicate pressure on operating performance as market conditions become more challenging.
2022-06-03 13:19:00,GOOGL,Synthetic Market Journal,positive,"googl sees positive momentum across key operating segments [sep] recent company updates indicate improving business conditions for googl, supported by stronger activity in important operating segments."
2022-06-03 16:35:00,AAPL,Synthetic Research Bulletin,positive,"aapl announces progress in strategic growth initiative [sep] recent company updates indicate improving business conditions for aapl, supported by stronger activity in important operating segments."
2022-06-03 16:46:00,NVDA,Synthetic Market Journal,positive,"nvda expands investment following improved business conditions [sep] nvda reported stronger operating activity during the quarter, with management highlighting improving demand across several business areas."
2022-06-04 10:35:00,AMZN,Synthetic Economic Wire,positive,"amzn sees positive momentum across key operating segments [sep] amzn reported stronger operating activity during the quarter, with management highlighting improving demand across several business areas."
2022-06-04 10:41:00,GOOGL,Synthetic Market Journal,neutral,"googl reports mixed conditions across operating segments [sep] googl provided a routine business update, with management maintaining its existing operating outlook and previously announced plans."
2022-06-04 11:27:00,NVDA,Synthetic Research Bulletin,negative,nvda reports increased operating uncertainty [sep] recent updates from nvda indicate pressure on operating performance as market conditions become more challenging.
2022-06-04 12:15:00,MSFT,Synthetic Economic Wire,negative,msft reduces near-term outlook amid challenging conditions [sep] recent updates from msft indicate pressure on operating performance as market conditions become more challenging.
2022-06-04 15:12:00,AAPL,Synthetic Financial Desk,neutral,aapl reports mixed conditions across operating segments [sep] the latest update from aapl contained a mixture of stable operating indicators and incremental changes across business segments.
2022-06-05 09:57:00,GOOGL,Synthetic Economic Wire,negative,googl faces weaker-than-expected demand conditions [sep] recent updates from googl indicate pressure on operating performance as market conditions become more challenging.
2022-06-05 10:49:00,MSFT,Synthetic Economic Wire,negative,"msft warns of pressure across key operating segments [sep] msft reported weaker operating conditions, with management highlighting softer demand and increased uncertainty across several business areas."
2022-06-05 12:17:00,AMZN,Synthetic Research Bulletin,positive,"amzn announces progress in strategic growth initiative [sep] recent company updates indicate improving business conditions for amzn, supported by stronger activity in important operating segments."
2022-06-05 16:48:00,AAPL,Synthetic Research Bulletin,positive,aapl sees positive momentum across key operating segments [sep] management at aapl described recent operating trends as constructive and pointed to continued investment in long-term growth opportunities.
2022-06-05 16:59:00,NVDA,Synthetic Research Bulletin,positive,nvda announces progress in strategic growth initiative [sep] management at nvda described recent operating trends as constructive and pointed to continued investment in long-term growth opportunities.
2022-06-06 10:30:00,AMZN,Synthetic Economic Wire,neutral,"amzn continues previously announced investment program [sep] amzn provided a routine business update, with management maintaining its existing operating outlook and previously announced plans."
2022-06-06 10:50:00,AAPL,Synthetic Economic Wire,negative,aapl faces weaker-than-expected demand conditions [sep] recent updates from aapl indicate pressure on operating performance as market conditions become more challenging.
2022-06-06 11:31:00,MSFT,Synthetic Research Bulletin,negative,"msft reports increased operating uncertainty [sep] msft reported weaker operating conditions, with management highlighting softer demand and increased uncertainty across several business areas."
2022-06-06 12:07:00,GOOGL,Synthetic Economic Wire,negative,"googl reduces near-term outlook amid challenging conditions [sep] googl reported weaker operating conditions, with management highlighting softer demand and increased uncertainty across several business areas."
2022-06-06 14:35:00,NVDA,Synthetic Market Journal,positive,"nvda expands investment following improved business conditions [sep] nvda reported stronger operating activity during the quarter, with management highlighting improving demand across several business areas."
2022-06-07 10:12:00,AAPL,Synthetic Research Bulletin,neutral,aapl maintains current operating outlook [sep] the latest update from aapl contained a mixture of stable operating indicators and incremental changes across business segments.
2022-06-07 10:38:00,AMZN,Synthetic Financial Desk,neutral,amzn continues previously announced investment program [sep] the latest update from amzn contained a mixture of stable operating indicators and incremental changes across business segments.
2022-06-07 11:32:00,GOOGL,Synthetic Market Journal,positive,googl sees positive momentum across key operating segments [sep] management at googl described recent operating trends as constructive and pointed to continued investment in long-term growth opportunities.
2022-06-07 14:06:00,NVDA,Synthetic Market Journal,neutral,"nvda provides routine quarterly business update [sep] nvda provided a routine business update, with management maintaining its existing operating outlook and previously announced plans."
2022-06-07 15:33:00,MSFT,Synthetic Financial Desk,negative,"msft faces weaker-than-expected demand conditions [sep] msft reported weaker operating conditions, with management highlighting softer demand and increased uncertainty across several business areas."
2022-06-08 11:56:00,NVDA,Synthetic Financial Desk,negative,nvda faces weaker-than-expected demand conditions [sep] nvda management warned that near-term business conditions remain difficult and that several operating segments are facing additional pressure.
2022-06-08 14:01:00,GOOGL,Synthetic Economic Wire,neutral,googl maintains current operating outlook [sep] googl continues its existing operating initiatives while monitoring market conditions and changes in customer demand.
2022-06-08 15:09:00,AAPL,Synthetic Research Bulletin,neutral,"aapl maintains current operating outlook [sep] aapl provided a routine business update, with management maintaining its existing operating outlook and previously announced plans."
2022-06-08 15:36:00,AMZN,Synthetic Financial Desk,positive,amzn announces progress in strategic growth initiative [sep] management at amzn described recent operating trends as constructive and pointed to continued investment in long-term growth opportunities.
2022-06-08 17:09:00,MSFT,Synthetic Economic Wire,neutral,"msft reports mixed conditions across operating segments [sep] msft provided a routine business update, with management maintaining its existing operating outlook and previously announced plans."
2022-06-09 11:08:00,AMZN,Synthetic Economic Wire,positive,"amzn sees positive momentum across key operating segments [sep] recent company updates indicate improving business conditions for amzn, supported by stronger activity in important operating segments."
2022-06-09 11:26:00,NVDA,Synthetic Economic Wire,positive,"nvda announces progress in strategic growth initiative [sep] recent company updates indicate improving business conditions for nvda, supported by stronger activity in important operating segments."
2022-06-09 11:29:00,MSFT,Synthetic Research Bulletin,neutral,"msft continues previously announced investment program [sep] msft provided a routine business update, with management maintaining its existing operating outlook and previously announced plans."
2022-06-09 12:41:00,GOOGL,Synthetic Financial Desk,positive,"googl sees positive momentum across key operating segments [sep] recent company updates indicate improving business conditions for googl, supported by stronger activity in important operating segments."
2022-06-09 12:47:00,AAPL,Synthetic Market Journal,negative,"aapl reports increased operating uncertainty [sep] aapl reported weaker operating conditions, with management highlighting softer demand and increased uncertainty across several business areas."
2022-06-10 10:55:00,NVDA,Synthetic Economic Wire,positive,"nvda sees positive momentum across key operating segments [sep] recent company updates indicate improving business conditions for nvda, supported by stronger activity in important operating segments."
2022-06-10 15:35:00,GOOGL,Synthetic Economic Wire,negative,googl warns of pressure across key operating segments [sep] recent updates from googl indicate pressure on operating performance as market conditions become more challenging.
2022-06-10 15:54:00,AMZN,Synthetic Financial Desk,neutral,amzn maintains current operating outlook [sep] the latest update from amzn contained a mixture of stable operating indicators and incremental changes across business segments.
2022-06-10 16:36:00,MSFT,Synthetic Research Bulletin,negative,"msft warns of pressure across key operating segments [sep] msft reported weaker operating conditions, with management highlighting softer demand and increased uncertainty across several business areas."
2022-06-10 16:37:00,AAPL,Synthetic Financial Desk,neutral,aapl reports mixed conditions across operating segments [sep] aapl continues its existing operating initiatives while monitoring market conditions and changes in customer demand.
2022-06-11 11:31:00,NVDA,Synthetic Financial Desk,negative,nvda faces weaker-than-expected demand conditions [sep] recent updates from nvda indicate pressure on operating performance as market conditions become more challenging.
2022-06-11 11:49:00,AAPL,Synthetic Financial Desk,negative,aapl warns of pressure across key operating segments [sep] aapl management warned that near-term business conditions remain difficult and that several operating segments are facing additional pressure.
2022-06-11 12:13:00,AMZN,Synthetic Research Bulletin,negative,amzn warns of pressure across key operating segments [sep] amzn management warned that near-term business conditions remain difficult and that several operating segments are facing additional pressure.
2022-06-11 12:44:00,MSFT,Synthetic Market Journal,neutral,msft reports mixed conditions across operating segments [sep] the latest update from msft contained a mixture of stable operating indicators and incremental changes across business segments.
2022-06-11 14:51:00,GOOGL,Synthetic Economic Wire,positive,"googl expands investment following improved business conditions [sep] recent company updates indicate improving business conditions for googl, supported by stronger activity in important operating segments."
2022-06-12 13:23:00,AAPL,Synthetic Financial Desk,negative,"aapl reports increased operating uncertainty [sep] aapl reported weaker operating conditions, with management highlighting softer demand and increased uncertainty across several business areas."
2022-06-12 13:47:00,AMZN,Synthetic Research Bulletin,positive,amzn expands investment following improved business conditions [sep] management at amzn described recent operating trends as constructive and pointed to continued investment in long-term growth opportunities.
2022-06-12 14:08:00,NVDA,Synthetic Financial Desk,neutral,nvda reports mixed conditions across operating segments [sep] the latest update from nvda contained a mixture of stable operating indicators and incremental changes across business segments.
2022-06-12 15:41:00,MSFT,Synthetic Economic Wire,negative,msft reduces near-term outlook amid challenging conditions [sep] recent updates from msft indicate pressure on operating performance as market conditions become more challenging.
2022-06-12 17:05:00,GOOGL,Synthetic Financial Desk,neutral,googl provides routine quarterly business update [sep] googl continues its existing operating initiatives while monitoring market conditions and changes in customer demand.
2022-06-13 09:34:00,MSFT,Synthetic Research Bulletin,neutral,msft reports mixed conditions across operating segments [sep] the latest update from msft contained a mixture of stable operating indicators and incremental changes across business segments.
2022-06-13 12:01:00,AAPL,Synthetic Economic Wire,neutral,aapl maintains current operating outlook [sep] aapl continues its existing operating initiatives while monitoring market conditions and changes in customer demand.
2022-06-13 13:27:00,GOOGL,Synthetic Market Journal,positive,googl sees positive momentum across key operating segments [sep] management at googl described recent operating trends as constructive and pointed to continued investment in long-term growth opportunities.
2022-06-13 15:47:00,AMZN,Synthetic Research Bulletin,positive,"amzn reports stronger-than-expected quarterly demand [sep] amzn reported stronger operating activity during the quarter, with management highlighting improving demand across several business areas."
2022-06-13 16:50:00,NVDA,Synthetic Market Journal,neutral,nvda maintains current operating outlook [sep] nvda continues its existing operating initiatives while monitoring market conditions and changes in customer demand.
2022-06-14 10:54:00,GOOGL,Synthetic Economic Wire,positive,googl sees positive momentum across key operating segments [sep] management at googl described recent operating trends as constructive and pointed to continued investment in long-term growth opportunities.
2022-06-14 13:50:00,NVDA,Synthetic Financial Desk,positive,"nvda reports stronger-than-expected quarterly demand [sep] recent company updates indicate improving business conditions for nvda, supported by stronger activity in important operating segments."
2022-06-14 14:46:00,AMZN,Synthetic Market Journal,neutral,"amzn reports mixed conditions across operating segments [sep] amzn provided a routine business update, with management maintaining its existing operating outlook and previously announced plans."
2022-06-14 17:00:00,AAPL,Synthetic Market Journal,negative,aapl reduces near-term outlook amid challenging conditions [sep] recent updates from aapl indicate pressure on operating performance as market conditions become more challenging.
2022-06-14 17:24:00,MSFT,Synthetic Market Journal,positive,msft sees positive momentum across key operating segments [sep] management at msft described recent operating trends as constructive and pointed to continued investment in long-term growth opportunities.
2022-06-15 12:02:00,MSFT,Synthetic Financial Desk,neutral,msft continues previously announced investment program [sep] msft continues its existing operating initiatives while monitoring market conditions and changes in customer demand.
2022-06-15 12:59:00,AMZN,Synthetic Financial Desk,negative,amzn reports increased operating uncertainty [sep] amzn management warned that near-term business conditions remain difficult and that several operating segments are facing additional pressure.
2022-06-15 13:28:00,AAPL,Synthetic Market Journal,neutral,aapl provides routine quarterly business update [sep] the latest update from aapl contained a mixture of stable operating indicators and incremental changes across business segments.
2022-06-15 15:02:00,GOOGL,Synthetic Research Bulletin,negative,"googl reduces near-term outlook amid challenging conditions [sep] googl reported weaker operating conditions, with management highlighting softer demand and increased uncertainty across several business areas."
2022-06-15 15:35:00,NVDA,Synthetic Research Bulletin,negative,nvda faces weaker-than-expected demand conditions [sep] nvda management warned that near-term business conditions remain difficult and that several operating segments are facing additional pressure.
2022-06-16 11:20:00,MSFT,Synthetic Economic Wire,neutral,msft maintains current operating outlook [sep] the latest update from msft contained a mixture of stable operating indicators and incremental changes across business segments.
2022-06-16 12:50:00,GOOGL,Synthetic Financial Desk,neutral,googl maintains current operating outlook [sep] the latest update from googl contained a mixture of stable operating indicators and incremental changes across business segments.
2022-06-16 15:29:00,AAPL,Synthetic Economic Wire,positive,aapl sees positive momentum across key operating segments [sep] management at aapl described recent operating trends as constructive and pointed to continued investment in long-term growth opportunities.
2022-06-16 15:35:00,NVDA,Synthetic Financial Desk,neutral,"nvda provides routine quarterly business update [sep] nvda provided a routine business update, with management maintaining its existing operating outlook and previously announced plans."
2022-06-16 15:51:00,AMZN,Synthetic Research Bulletin,positive,"amzn sees positive momentum across key operating segments [sep] amzn reported stronger operating activity during the quarter, with management highlighting improving demand across several business areas."
2022-06-17 10:10:00,GOOGL,Synthetic Financial Desk,positive,"googl expands investment following improved business conditions [sep] recent company updates indicate improving business conditions for googl, supported by stronger activity in important operating segments."
2022-06-17 14:23:00,AAPL,Synthetic Research Bulletin,positive,"aapl sees positive momentum across key operating segments [sep] recent company updates indicate improving business conditions for aapl, supported by stronger activity in important operating segments."
2022-06-17 15:45:00,MSFT,Synthetic Market Journal,negative,msft reports increased operating uncertainty [sep] recent updates from msft indicate pressure on operating performance as market conditions become more challenging.
2022-06-17 15:48:00,NVDA,Synthetic Market Journal,positive,nvda expands investment following improved business conditions [sep] management at nvda described recent operating trends as constructive and pointed to continued investment in long-term growth opportunities.
2022-06-17 16:22:00,AMZN,Synthetic Market Journal,neutral,amzn reports mixed conditions across operating segments [sep] the latest update from amzn contained a mixture of stable operating indicators and incremental changes across business segments.
2022-06-18 13:00:00,AMZN,Synthetic Economic Wire,neutral,amzn continues previously announced investment program [sep] amzn continues its existing operating initiatives while monitoring market conditions and changes in customer demand.
2022-06-18 15:34:00,MSFT,Synthetic Economic Wire,negative,msft warns of pressure across key operating segments [sep] recent updates from msft indicate pressure on operating performance as market conditions become more challenging.
2022-06-18 16:17:00,NVDA,Synthetic Economic Wire,positive,nvda sees positive momentum across key operating segments [sep] management at nvda described recent operating trends as constructive and pointed to continued investment in long-term growth opportunities.
2022-06-18 16:23:00,GOOGL,Synthetic Financial Desk,positive,"googl expands investment following improved business conditions [sep] recent company updates indicate improving business conditions for googl, supported by stronger activity in important operating segments."
2022-06-18 16:52:00,AAPL,Synthetic Economic Wire,positive,"aapl announces progress in strategic growth initiative [sep] recent company updates indicate improving business conditions for aapl, supported by stronger activity in important operating segments."
2022-06-19 11:17:00,GOOGL,Synthetic Market Journal,positive,"googl announces progress in strategic growth initiative [sep] recent company updates indicate improving business conditions for googl, supported by stronger activity in important operating segments."
2022-06-19 11:23:00,NVDA,Synthetic Economic Wire,negative,nvda warns of pressure across key operating segments [sep] recent updates from nvda indicate pressure on operating performance as market conditions become more challenging.
2022-06-19 14:17:00,AMZN,Synthetic Research Bulletin,positive,amzn announces progress in strategic growth initiative [sep] management at amzn described recent operating trends as constructive and pointed to continued investment in long-term growth opportunities.
2022-06-19 15:04:00,MSFT,Synthetic Market Journal,positive,msft announces progress in strategic growth initiative [sep] management at msft described recent operating trends as constructive and pointed to continued investment in long-term growth opportunities.
2022-06-19 15:25:00,AAPL,Synthetic Market Journal,negative,aapl reports increased operating uncertainty [sep] recent updates from aapl indicate pressure on operating performance as market conditions become more challenging.
2022-06-20 14:32:00,GOOGL,Synthetic Financial Desk,positive,"googl announces progress in strategic growth initiative [sep] recent company updates indicate improving business conditions for googl, supported by stronger activity in important operating segments."
2022-06-20 15:44:00,AAPL,Synthetic Research Bulletin,negative,aapl warns of pressure across key operating segments [sep] aapl management warned that near-term business conditions remain difficult and that several operating segments are facing additional pressure.
2022-06-20 15:47:00,AMZN,Synthetic Research Bulletin,negative,amzn warns of pressure across key operating segments [sep] recent updates from amzn indicate pressure on operating performance as market conditions become more challenging.
2022-06-20 16:37:00,MSFT,Synthetic Research Bulletin,positive,"msft reports stronger-than-expected quarterly demand [sep] recent company updates indicate improving business conditions for msft, supported by stronger activity in important operating segments."
2022-06-20 17:26:00,NVDA,Synthetic Research Bulletin,negative,nvda warns of pressure across key operating segments [sep] recent updates from nvda indicate pressure on operating performance as market conditions become more challenging.
2022-06-21 11:49:00,MSFT,Synthetic Research Bulletin,neutral,msft maintains current operating outlook [sep] the latest update from msft contained a mixture of stable operating indicators and incremental changes across business segments.
2022-06-21 13:07:00,AMZN,Synthetic Market Journal,neutral,amzn maintains current operating outlook [sep] amzn continues its existing operating initiatives while monitoring market conditions and changes in customer demand.
2022-06-21 14:05:00,GOOGL,Synthetic Financial Desk,positive,"googl reports stronger-than-expected quarterly demand [sep] googl reported stronger operating activity during the quarter, with management highlighting improving demand across several business areas."
2022-06-21 15:35:00,NVDA,Synthetic Research Bulletin,neutral,nvda continues previously announced investment program [sep] nvda continues its existing operating initiatives while monitoring market conditions and changes in customer demand.
2022-06-21 17:15:00,AAPL,Synthetic Research Bulletin,positive,"aapl sees positive momentum across key operating segments [sep] recent company updates indicate improving business conditions for aapl, supported by stronger activity in important operating segments."
2022-06-22 09:38:00,AAPL,Synthetic Economic Wire,neutral,aapl provides routine quarterly business update [sep] the latest update from aapl contained a mixture of stable operating indicators and incremental changes across business segments.
2022-06-22 15:35:00,NVDA,Synthetic Financial Desk,neutral,nvda provides routine quarterly business update [sep] the latest update from nvda contained a mixture of stable operating indicators and incremental changes across business segments.
2022-06-22 15:50:00,MSFT,Synthetic Research Bulletin,positive,"msft reports stronger-than-expected quarterly demand [sep] recent company updates indicate improving business conditions for msft, supported by stronger activity in important operating segments."
2022-06-22 15:54:00,GOOGL,Synthetic Research Bulletin,negative,googl warns of pressure across key operating segments [sep] recent updates from googl indicate pressure on operating performance as market conditions become more challenging.
2022-06-22 17:15:00,AMZN,Synthetic Market Journal,negative,amzn faces weaker-than-expected demand conditions [sep] amzn management warned that near-term business conditions remain difficult and that several operating segments are facing additional pressure.
2022-06-23 11:22:00,AMZN,Synthetic Research Bulletin,neutral,amzn continues previously announced investment program [sep] amzn continues its existing operating initiatives while monitoring market conditions and changes in customer demand.
2022-06-23 13:11:00,NVDA,Synthetic Market Journal,negative,nvda reduces near-term outlook amid challenging conditions [sep] recent updates from nvda indicate pressure on operating performance as market conditions become more challenging.
2022-06-23 13:22:00,MSFT,Synthetic Market Journal,negative,"msft faces weaker-than-expected demand conditions [sep] msft reported weaker operating conditions, with management highlighting softer demand and increased uncertainty across several business areas."
2022-06-23 14:31:00,GOOGL,Synthetic Research Bulletin,negative,googl reports increased operating uncertainty [sep] recent updates from googl indicate pressure on operating performance as market conditions become more challenging.
2022-06-23 16:30:00,AAPL,Synthetic Market Journal,positive,"aapl announces progress in strategic growth initiative [sep] aapl reported stronger operating activity during the quarter, with management highlighting improving demand across several business areas."
2022-06-24 10:11:00,GOOGL,Synthetic Financial Desk,negative,googl faces weaker-than-expected demand conditions [sep] googl management warned that near-term business conditions remain difficult and that several operating segments are facing additional pressure.
2022-06-24 11:58:00,MSFT,Synthetic Economic Wire,negative,"msft faces weaker-than-expected demand conditions [sep] msft reported weaker operating conditions, with management highlighting softer demand and increased uncertainty across several business areas."
2022-06-24 13:45:00,AMZN,Synthetic Economic Wire,negative,"amzn reports increased operating uncertainty [sep] amzn reported weaker operating conditions, with management highlighting softer demand and increased uncertainty across several business areas."
2022-06-24 16:57:00,NVDA,Synthetic Financial Desk,neutral,nvda maintains current operating outlook [sep] the latest update from nvda contained a mixture of stable operating indicators and incremental changes across business segments.
2022-06-24 17:20:00,AAPL,Synthetic Economic Wire,neutral,"aapl provides routine quarterly business update [sep] aapl provided a routine business update, with management maintaining its existing operating outlook and previously announced plans."
2022-06-25 10:52:00,GOOGL,Synthetic Financial Desk,negative,googl faces weaker-than-expected demand conditions [sep] googl management warned that near-term business conditions remain difficult and that several operating segments are facing additional pressure.
2022-06-25 11:24:00,AAPL,Synthetic Economic Wire,neutral,aapl reports mixed conditions across operating segments [sep] aapl continues its existing operating initiatives while monitoring market conditions and changes in customer demand.
2022-06-25 12:13:00,NVDA,Synthetic Economic Wire,neutral,"nvda continues previously announced investment program [sep] nvda provided a routine business update, with management maintaining its existing operating outlook and previously announced plans."
2022-06-25 13:13:00,MSFT,Synthetic Economic Wire,neutral,"msft reports mixed conditions across operating segments [sep] msft provided a routine business update, with management maintaining its existing operating outlook and previously announced plans."
2022-06-25 16:20:00,AMZN,Synthetic Research Bulletin,negative,amzn warns of pressure across key operating segments [sep] amzn management warned that near-term business conditions remain difficult and that several operating segments are facing additional pressure.
2022-06-26 10:05:00,NVDA,Synthetic Financial Desk,positive,nvda announces progress in strategic growth initiative [sep] management at nvda described recent operating trends as constructive and pointed to continued investment in long-term growth opportunities.
2022-06-26 10:48:00,GOOGL,Synthetic Research Bulletin,neutral,googl continues previously announced investment program [sep] googl continues its existing operating initiatives while monitoring market conditions and changes in customer demand.
2022-06-26 14:35:00,MSFT,Synthetic Financial Desk,neutral,msft continues previously announced investment program [sep] the latest update from msft contained a mixture of stable operating indicators and incremental changes across business segments.
2022-06-26 17:07:00,AMZN,Synthetic Research Bulletin,positive,"amzn announces progress in strategic growth initiative [sep] recent company updates indicate improving business conditions for amzn, supported by stronger activity in important operating segments."
2022-06-26 17:25:00,AAPL,Synthetic Financial Desk,negative,aapl reports increased operating uncertainty [sep] recent updates from aapl indicate pressure on operating performance as market conditions become more challenging.
2022-06-27 10:00:00,GOOGL,Synthetic Market Journal,neutral,googl reports mixed conditions across operating segments [sep] googl continues its existing operating initiatives while monitoring market conditions and changes in customer demand.
2022-06-27 10:20:00,AMZN,Synthetic Economic Wire,negative,amzn reports increased operating uncertainty [sep] amzn management warned that near-term business conditions remain difficult and that several operating segments are facing additional pressure.
2022-06-27 13:33:00,MSFT,Synthetic Economic Wire,negative,"msft reports increased operating uncertainty [sep] msft reported weaker operating conditions, with management highlighting softer demand and increased uncertainty across several business areas."
2022-06-27 13:44:00,AAPL,Synthetic Financial Desk,negative,"aapl faces weaker-than-expected demand conditions [sep] aapl reported weaker operating conditions, with management highlighting softer demand and increased uncertainty across several business areas."
2022-06-27 15:56:00,NVDA,Synthetic Financial Desk,positive,"nvda reports stronger-than-expected quarterly demand [sep] recent company updates indicate improving business conditions for nvda, supported by stronger activity in important operating segments."
2022-06-28 10:58:00,AAPL,Synthetic Market Journal,neutral,aapl maintains current operating outlook [sep] aapl continues its existing operating initiatives while monitoring market conditions and changes in customer demand.
2022-06-28 13:12:00,AMZN,Synthetic Economic Wire,negative,"amzn faces weaker-than-expected demand conditions [sep] amzn reported weaker operating conditions, with management highlighting softer demand and increased uncertainty across several business areas."
2022-06-28 14:07:00,NVDA,Synthetic Financial Desk,neutral,nvda continues previously announced investment program [sep] the latest update from nvda contained a mixture of stable operating indicators and incremental changes across business segments.
2022-06-28 14:37:00,MSFT,Synthetic Economic Wire,negative,"msft faces weaker-than-expected demand conditions [sep] msft reported weaker operating conditions, with management highlighting softer demand and increased uncertainty across several business areas."
2022-06-28 16:20:00,GOOGL,Synthetic Economic Wire,negative,"googl warns of pressure across key operating segments [sep] googl reported weaker operating conditions, with management highlighting softer demand and increased uncertainty across several business areas."
2022-06-29 09:50:00,AAPL,Synthetic Financial Desk,negative,"aapl reduces near-term outlook amid challenging conditions [sep] aapl reported weaker operating conditions, with management highlighting softer demand and increased uncertainty across several business areas."
2022-06-29 14:30:00,GOOGL,Synthetic Market Journal,negative,googl warns of pressure across key operating segments [sep] recent updates from googl indicate pressure on operating performance as market conditions become more challenging.
2022-06-29 16:10:00,MSFT,Synthetic Economic Wire,positive,msft expands investment following improved business conditions [sep] management at msft described recent operating trends as constructive and pointed to continued investment in long-term growth opportunities.
2022-06-29 16:18:00,AMZN,Synthetic Economic Wire,positive,"amzn reports stronger-than-expected quarterly demand [sep] recent company updates indicate improving business conditions for amzn, supported by stronger activity in important operating segments."
2022-06-29 16:41:00,NVDA,Synthetic Market Journal,negative,"nvda faces weaker-than-expected demand conditions [sep] nvda reported weaker operating conditions, with management highlighting softer demand and increased uncertainty across several business areas."
2022-06-30 10:46:00,AMZN,Synthetic Market Journal,neutral,"amzn maintains current operating outlook [sep] amzn provided a routine business update, with management maintaining its existing operating outlook and previously announced plans."
2022-06-30 15:39:00,AAPL,Synthetic Market Journal,neutral,aapl continues previously announced investment program [sep] the latest update from aapl contained a mixture of stable operating indicators and incremental changes across business segments.
2022-06-30 15:57:00,MSFT,Synthetic Market Journal,negative,msft reports increased operating uncertainty [sep] recent updates from msft indicate pressure on operating performance as market conditions become more challenging.
2022-06-30 16:04:00,GOOGL,Synthetic Financial Desk,positive,"googl reports stronger-than-expected quarterly demand [sep] googl reported stronger operating activity during the quarter, with management highlighting improving demand across several business areas."
2022-06-30 16:26:00,NVDA,Synthetic Economic Wire,neutral,"nvda maintains current operating outlook [sep] nvda provided a routine business update, with management maintaining its existing operating outlook and previously announced plans."
2022-07-01 11:40:00,AAPL,Synthetic Market Journal,negative,aapl reports increased operating uncertainty [sep] aapl management warned that near-term business conditions remain difficult and that several operating segments are facing additional pressure.
2022-07-01 11:42:00,MSFT,Synthetic Research Bulletin,negative,msft warns of pressure across key operating segments [sep] recent updates from msft indicate pressure on operating performance as market conditions become more challenging.
2022-07-01 14:43:00,GOOGL,Synthetic Research Bulletin,neutral,googl provides routine quarterly business update [sep] googl continues its existing operating initiatives while monitoring market conditions and changes in customer demand.
2022-07-01 14:55:00,AMZN,Synthetic Research Bulletin,negative,amzn warns of pressure across key operating segments [sep] recent updates from amzn indicate pressure on operating performance as market conditions become more challenging.
2022-07-01 17:09:00,NVDA,Synthetic Economic Wire,neutral,nvda reports mixed conditions across operating segments [sep] nvda continues its existing operating initiatives while monitoring market conditions and changes in customer demand.
2022-07-02 10:00:00,AMZN,Synthetic Financial Desk,negative,amzn warns of pressure across key operating segments [sep] recent updates from amzn indicate pressure on operating performance as market conditions become more challenging.
2022-07-02 11:35:00,NVDA,Synthetic Economic Wire,neutral,"nvda provides routine quarterly business update [sep] nvda provided a routine business update, with management maintaining its existing operating outlook and previously announced plans."
2022-07-02 11:44:00,GOOGL,Synthetic Economic Wire,negative,"googl warns of pressure across key operating segments [sep] googl reported weaker operating conditions, with management highlighting softer demand and increased uncertainty across several business areas."
2022-07-02 13:01:00,AAPL,Synthetic Market Journal,positive,"aapl announces progress in strategic growth initiative [sep] recent company updates indicate improving business conditions for aapl, supported by stronger activity in important operating segments."
2022-07-02 14:25:00,MSFT,Synthetic Market Journal,neutral,"msft reports mixed conditions across operating segments [sep] msft provided a routine business update, with management maintaining its existing operating outlook and previously announced plans."
2022-07-03 09:30:00,NVDA,Synthetic Research Bulletin,negative,nvda faces weaker-than-expected demand conditions [sep] recent updates from nvda indicate pressure on operating performance as market conditions become more challenging.
2022-07-03 09:39:00,MSFT,Synthetic Research Bulletin,positive,"msft reports stronger-than-expected quarterly demand [sep] msft reported stronger operating activity during the quarter, with management highlighting improving demand across several business areas."
2022-07-03 10:24:00,GOOGL,Synthetic Research Bulletin,positive,"googl reports stronger-than-expected quarterly demand [sep] googl reported stronger operating activity during the quarter, with management highlighting improving demand across several business areas."
2022-07-03 11:23:00,AMZN,Synthetic Market Journal,neutral,"amzn reports mixed conditions across operating segments [sep] amzn provided a routine business update, with management maintaining its existing operating outlook and previously announced plans."
2022-07-03 13:59:00,AAPL,Synthetic Economic Wire,positive,"aapl announces progress in strategic growth initiative [sep] recent company updates indicate improving business conditions for aapl, supported by stronger activity in important operating segments."
2022-07-04 10:38:00,MSFT,Synthetic Research Bulletin,negative,"msft reports increased operating uncertainty [sep] msft reported weaker operating conditions, with management highlighting softer demand and increased uncertainty across several business areas."
2022-07-04 10:46:00,GOOGL,Synthetic Financial Desk,negative,googl faces weaker-than-expected demand conditions [sep] recent updates from googl indicate pressure on operating performance as market conditions become more challenging.
2022-07-04 14:13:00,AAPL,Synthetic Market Journal,negative,aapl faces weaker-than-expected demand conditions [sep] recent updates from aapl indicate pressure on operating performance as market conditions become more challenging.
2022-07-04 16:59:00,NVDA,Synthetic Research Bulletin,positive,"nvda reports stronger-than-expected quarterly demand [sep] nvda reported stronger operating activity during the quarter, with management highlighting improving demand across several business areas."
2022-07-04 17:20:00,AMZN,Synthetic Market Journal,neutral,amzn continues previously announced investment program [sep] the latest update from amzn contained a mixture of stable operating indicators and incremental changes across business segments.
2022-07-05 11:59:00,MSFT,Synthetic Research Bulletin,neutral,msft reports mixed conditions across operating segments [sep] msft continues its existing operating initiatives while monitoring market conditions and changes in customer demand.
2022-07-05 14:10:00,AAPL,Synthetic Research Bulletin,positive,aapl announces progress in strategic growth initiative [sep] management at aapl described recent operating trends as constructive and pointed to continued investment in long-term growth opportunities.
2022-07-05 14:38:00,GOOGL,Synthetic Market Journal,positive,googl announces progress in strategic growth initiative [sep] management at googl described recent operating trends as constructive and pointed to continued investment in long-term growth opportunities.
2022-07-05 15:14:00,NVDA,Synthetic Research Bulletin,negative,nvda reports increased operating uncertainty [sep] recent updates from nvda indicate pressure on operating performance as market conditions become more challenging.
2022-07-05 16:36:00,AMZN,Synthetic Research Bulletin,negative,amzn reports increased operating uncertainty [sep] recent updates from amzn indicate pressure on operating performance as market conditions become more challenging.
2022-07-06 10:49:00,AMZN,Synthetic Financial Desk,negative,amzn reports increased operating uncertainty [sep] recent updates from amzn indicate pressure on operating performance as market conditions become more challenging.
2022-07-06 11:27:00,GOOGL,Synthetic Market Journal,positive,"googl sees positive momentum across key operating segments [sep] recent company updates indicate improving business conditions for googl, supported by stronger activity in important operating segments."
2022-07-06 11:30:00,NVDA,Synthetic Market Journal,neutral,"nvda maintains current operating outlook [sep] nvda provided a routine business update, with management maintaining its existing operating outlook and previously announced plans."
2022-07-06 13:42:00,AAPL,Synthetic Research Bulletin,negative,aapl reduces near-term outlook amid challenging conditions [sep] recent updates from aapl indicate pressure on operating performance as market conditions become more challenging.
2022-07-06 14:44:00,MSFT,Synthetic Market Journal,negative,msft reports increased operating uncertainty [sep] recent updates from msft indicate pressure on operating performance as market conditions become more challenging.
2022-07-07 13:24:00,NVDA,Synthetic Financial Desk,positive,"nvda reports stronger-than-expected quarterly demand [sep] recent company updates indicate improving business conditions for nvda, supported by stronger activity in important operating segments."
2022-07-07 15:09:00,GOOGL,Synthetic Economic Wire,neutral,googl reports mixed conditions across operating segments [sep] the latest update from googl contained a mixture of stable operating indicators and incremental changes across business segments.
2022-07-07 15:11:00,AMZN,Synthetic Financial Desk,negative,"amzn faces weaker-than-expected demand conditions [sep] amzn reported weaker operating conditions, with management highlighting softer demand and increased uncertainty across several business areas."
2022-07-07 16:06:00,AAPL,Synthetic Economic Wire,neutral,"aapl maintains current operating outlook [sep] aapl provided a routine business update, with management maintaining its existing operating outlook and previously announced plans."
2022-07-07 17:24:00,MSFT,Synthetic Market Journal,neutral,msft maintains current operating outlook [sep] msft continues its existing operating initiatives while monitoring market conditions and changes in customer demand.
2022-07-08 12:11:00,NVDA,Synthetic Market Journal,positive,"nvda announces progress in strategic growth initiative [sep] recent company updates indicate improving business conditions for nvda, supported by stronger activity in important operating segments."
2022-07-08 13:03:00,AMZN,Synthetic Market Journal,negative,amzn warns of pressure across key operating segments [sep] amzn management warned that near-term business conditions remain difficult and that several operating segments are facing additional pressure.
2022-07-08 13:31:00,AAPL,Synthetic Research Bulletin,negative,aapl reduces near-term outlook amid challenging conditions [sep] aapl management warned that near-term business conditions remain difficult and that several operating segments are facing additional pressure.
2022-07-08 14:32:00,MSFT,Synthetic Financial Desk,negative,msft reduces near-term outlook amid challenging conditions [sep] recent updates from msft indicate pressure on operating performance as market conditions become more challenging.
2022-07-08 15:21:00,GOOGL,Synthetic Economic Wire,negative,googl warns of pressure across key operating segments [sep] googl management warned that near-term business conditions remain difficult and that several operating segments are facing additional pressure.
2022-07-09 10:28:00,AAPL,Synthetic Research Bulletin,neutral,aapl maintains current operating outlook [sep] aapl continues its existing operating initiatives while monitoring market conditions and changes in customer demand.
2022-07-09 14:19:00,NVDA,Synthetic Research Bulletin,neutral,"nvda provides routine quarterly business update [sep] nvda provided a routine business update, with management maintaining its existing operating outlook and previously announced plans."
2022-07-09 14:37:00,MSFT,Synthetic Research Bulletin,negative,msft reports increased operating uncertainty [sep] msft management warned that near-term business conditions remain difficult and that several operating segments are facing additional pressure.
2022-07-09 14:45:00,GOOGL,Synthetic Market Journal,neutral,"googl provides routine quarterly business update [sep] googl provided a routine business update, with management maintaining its existing operating outlook and previously announced plans."
2022-07-09 15:59:00,AMZN,Synthetic Market Journal,negative,amzn warns of pressure across key operating segments [sep] recent updates from amzn indicate pressure on operating performance as market conditions become more challenging.
2022-07-10 09:37:00,NVDA,Synthetic Market Journal,positive,nvda announces progress in strategic growth initiative [sep] management at nvda described recent operating trends as constructive and pointed to continued investment in long-term growth opportunities.
2022-07-10 13:59:00,MSFT,Synthetic Financial Desk,negative,"msft faces weaker-than-expected demand conditions [sep] msft reported weaker operating conditions, with management highlighting softer demand and increased uncertainty across several business areas."
2022-07-10 14:38:00,GOOGL,Synthetic Economic Wire,negative,googl reports increased operating uncertainty [sep] recent updates from googl indicate pressure on operating performance as market conditions become more challenging.
2022-07-10 14:44:00,AAPL,Synthetic Market Journal,neutral,aapl provides routine quarterly business update [sep] aapl continues its existing operating initiatives while monitoring market conditions and changes in customer demand.
2022-07-10 15:55:00,AMZN,Synthetic Financial Desk,neutral,"amzn provides routine quarterly business update [sep] amzn provided a routine business update, with management maintaining its existing operating outlook and previously announced plans."
2022-07-11 12:10:00,AAPL,Synthetic Financial Desk,negative,aapl reduces near-term outlook amid challenging conditions [sep] aapl management warned that near-term business conditions remain difficult and that several operating segments are facing additional pressure.
2022-07-11 15:19:00,GOOGL,Synthetic Economic Wire,neutral,googl reports mixed conditions across operating segments [sep] the latest update from googl contained a mixture of stable operating indicators and incremental changes across business segments.
2022-07-11 15:54:00,AMZN,Synthetic Financial Desk,negative,amzn warns of pressure across key operating segments [sep] recent updates from amzn indicate pressure on operating performance as market conditions become more challenging.
2022-07-11 16:31:00,NVDA,Synthetic Research Bulletin,positive,nvda announces progress in strategic growth initiative [sep] management at nvda described recent operating trends as constructive and pointed to continued investment in long-term growth opportunities.
2022-07-11 17:10:00,MSFT,Synthetic Financial Desk,negative,"msft faces weaker-than-expected demand conditions [sep] msft reported weaker operating conditions, with management highlighting softer demand and increased uncertainty across several business areas."
2022-07-12 10:27:00,MSFT,Synthetic Economic Wire,negative,msft reduces near-term outlook amid challenging conditions [sep] msft management warned that near-term business conditions remain difficult and that several operating segments are facing additional pressure.
2022-07-12 11:23:00,GOOGL,Synthetic Economic Wire,neutral,"googl maintains current operating outlook [sep] googl provided a routine business update, with management maintaining its existing operating outlook and previously announced plans."
2022-07-12 14:06:00,NVDA,Synthetic Research Bulletin,negative,"nvda warns of pressure across key operating segments [sep] nvda reported weaker operating conditions, with management highlighting softer demand and increased uncertainty across several business areas."
2022-07-12 14:18:00,AMZN,Synthetic Financial Desk,negative,"amzn warns of pressure across key operating segments [sep] amzn reported weaker operating conditions, with management highlighting softer demand and increased uncertainty across several business areas."
2022-07-12 16:32:00,AAPL,Synthetic Economic Wire,negative,aapl faces weaker-than-expected demand conditions [sep] recent updates from aapl indicate pressure on operating performance as market conditions become more challenging.
2022-07-13 11:10:00,NVDA,Synthetic Research Bulletin,positive,"nvda sees positive momentum across key operating segments [sep] nvda reported stronger operating activity during the quarter, with management highlighting improving demand across several business areas."
2022-07-13 11:16:00,GOOGL,Synthetic Financial Desk,positive,googl expands investment following improved business conditions [sep] management at googl described recent operating trends as constructive and pointed to continued investment in long-term growth opportunities.
2022-07-13 11:53:00,AMZN,Synthetic Economic Wire,negative,amzn faces weaker-than-expected demand conditions [sep] amzn management warned that near-term business conditions remain difficult and that several operating segments are facing additional pressure.
2022-07-13 13:50:00,AAPL,Synthetic Research Bulletin,negative,"aapl warns of pressure across key operating segments [sep] aapl reported weaker operating conditions, with management highlighting softer demand and increased uncertainty across several business areas."
2022-07-13 17:02:00,MSFT,Synthetic Research Bulletin,negative,msft faces weaker-than-expected demand conditions [sep] recent updates from msft indicate pressure on operating performance as market conditions become more challenging.
2022-07-14 13:32:00,NVDA,Synthetic Research Bulletin,neutral,nvda reports mixed conditions across operating segments [sep] nvda continues its existing operating initiatives while monitoring market conditions and changes in customer demand.
2022-07-14 14:12:00,AMZN,Synthetic Research Bulletin,positive,"amzn announces progress in strategic growth initiative [sep] amzn reported stronger operating activity during the quarter, with management highlighting improving demand across several business areas."
2022-07-14 15:03:00,AAPL,Synthetic Economic Wire,positive,"aapl expands investment following improved business conditions [sep] aapl reported stronger operating activity during the quarter, with management highlighting improving demand across several business areas."
2022-07-14 15:21:00,MSFT,Synthetic Economic Wire,negative,msft reduces near-term outlook amid challenging conditions [sep] recent updates from msft indicate pressure on operating performance as market conditions become more challenging.
2022-07-14 16:19:00,GOOGL,Synthetic Market Journal,positive,"googl reports stronger-than-expected quarterly demand [sep] recent company updates indicate improving business conditions for googl, supported by stronger activity in important operating segments."
2022-07-15 14:16:00,MSFT,Synthetic Economic Wire,neutral,"msft provides routine quarterly business update [sep] msft provided a routine business update, with management maintaining its existing operating outlook and previously announced plans."
2022-07-15 14:17:00,AAPL,Synthetic Economic Wire,positive,aapl sees positive momentum across key operating segments [sep] management at aapl described recent operating trends as constructive and pointed to continued investment in long-term growth opportunities.
2022-07-15 16:09:00,AMZN,Synthetic Research Bulletin,negative,amzn reduces near-term outlook amid challenging conditions [sep] amzn management warned that near-term business conditions remain difficult and that several operating segments are facing additional pressure.
2022-07-15 16:44:00,NVDA,Synthetic Financial Desk,neutral,nvda reports mixed conditions across operating segments [sep] nvda continues its existing operating initiatives while monitoring market conditions and changes in customer demand.
2022-07-15 17:11:00,GOOGL,Synthetic Market Journal,positive,"googl sees positive momentum across key operating segments [sep] recent company updates indicate improving business conditions for googl, supported by stronger activity in important operating segments."
2022-07-16 12:06:00,MSFT,Synthetic Financial Desk,positive,"msft announces progress in strategic growth initiative [sep] recent company updates indicate improving business conditions for msft, supported by stronger activity in important operating segments."
2022-07-16 12:18:00,AAPL,Synthetic Market Journal,positive,"aapl announces progress in strategic growth initiative [sep] aapl reported stronger operating activity during the quarter, with management highlighting improving demand across several business areas."
2022-07-16 13:38:00,GOOGL,Synthetic Research Bulletin,neutral,"googl reports mixed conditions across operating segments [sep] googl provided a routine business update, with management maintaining its existing operating outlook and previously announced plans."
2022-07-16 15:05:00,NVDA,Synthetic Financial Desk,negative,nvda faces weaker-than-expected demand conditions [sep] recent updates from nvda indicate pressure on operating performance as market conditions become more challenging.
2022-07-16 15:24:00,AMZN,Synthetic Research Bulletin,negative,amzn faces weaker-than-expected demand conditions [sep] recent updates from amzn indicate pressure on operating performance as market conditions become more challenging.
2022-07-17 09:48:00,MSFT,Synthetic Research Bulletin,negative,msft reduces near-term outlook amid challenging conditions [sep] msft management warned that near-term business conditions remain difficult and that several operating segments are facing additional pressure.
2022-07-17 11:01:00,NVDA,Synthetic Economic Wire,neutral,nvda reports mixed conditions across operating segments [sep] the latest update from nvda contained a mixture of stable operating indicators and incremental changes across business segments.
2022-07-17 14:28:00,AMZN,Synthetic Financial Desk,negative,amzn warns of pressure across key operating segments [sep] amzn management warned that near-term business conditions remain difficult and that several operating segments are facing additional pressure.
2022-07-17 14:35:00,AAPL,Synthetic Research Bulletin,negative,aapl reports increased operating uncertainty [sep] aapl management warned that near-term business conditions remain difficult and that several operating segments are facing additional pressure.
2022-07-17 15:02:00,GOOGL,Synthetic Financial Desk,negative,googl faces weaker-than-expected demand conditions [sep] recent updates from googl indicate pressure on operating performance as market conditions become more challenging.
2022-07-18 10:45:00,AMZN,Synthetic Economic Wire,negative,amzn warns of pressure across key operating segments [sep] recent updates from amzn indicate pressure on operating performance as market conditions become more challenging.
2022-07-18 10:59:00,AAPL,Synthetic Economic Wire,positive,"aapl sees positive momentum across key operating segments [sep] recent company updates indicate improving business conditions for aapl, supported by stronger activity in important operating segments."
2022-07-18 11:24:00,MSFT,Synthetic Economic Wire,positive,"msft expands investment following improved business conditions [sep] recent company updates indicate improving business conditions for msft, supported by stronger activity in important operating segments."
2022-07-18 11:48:00,NVDA,Synthetic Market Journal,neutral,"nvda reports mixed conditions across operating segments [sep] nvda provided a routine business update, with management maintaining its existing operating outlook and previously announced plans."
2022-07-18 12:18:00,GOOGL,Synthetic Market Journal,negative,googl warns of pressure across key operating segments [sep] googl management warned that near-term business conditions remain difficult and that several operating segments are facing additional pressure.
2022-07-19 12:02:00,AMZN,Synthetic Research Bulletin,positive,amzn expands investment following improved business conditions [sep] management at amzn described recent operating trends as constructive and pointed to continued investment in long-term growth opportunities.
2022-07-19 12:17:00,GOOGL,Synthetic Research Bulletin,neutral,"googl provides routine quarterly business update [sep] googl provided a routine business update, with management maintaining its existing operating outlook and previously announced plans."
2022-07-19 13:02:00,NVDA,Synthetic Market Journal,neutral,nvda continues previously announced investment program [sep] the latest update from nvda contained a mixture of stable operating indicators and incremental changes across business segments.
2022-07-19 13:47:00,MSFT,Synthetic Economic Wire,neutral,msft provides routine quarterly business update [sep] msft continues its existing operating initiatives while monitoring market conditions and changes in customer demand.
2022-07-19 16:22:00,AAPL,Synthetic Economic Wire,negative,aapl reduces near-term outlook amid challenging conditions [sep] aapl management warned that near-term business conditions remain difficult and that several operating segments are facing additional pressure.
2022-07-20 10:09:00,AAPL,Synthetic Economic Wire,positive,aapl expands investment following improved business conditions [sep] management at aapl described recent operating trends as constructive and pointed to continued investment in long-term growth opportunities.
2022-07-20 12:28:00,MSFT,Synthetic Market Journal,positive,"msft reports stronger-than-expected quarterly demand [sep] recent company updates indicate improving business conditions for msft, supported by stronger activity in important operating segments."
2022-07-20 15:57:00,AMZN,Synthetic Market Journal,neutral,amzn provides routine quarterly business update [sep] amzn continues its existing operating initiatives while monitoring market conditions and changes in customer demand.
2022-07-20 16:38:00,NVDA,Synthetic Economic Wire,negative,nvda reduces near-term outlook amid challenging conditions [sep] nvda management warned that near-term business conditions remain difficult and that several operating segments are facing additional pressure.
2022-07-20 16:44:00,GOOGL,Synthetic Financial Desk,neutral,"googl maintains current operating outlook [sep] googl provided a routine business update, with management maintaining its existing operating outlook and previously announced plans."
2022-07-21 10:12:00,GOOGL,Synthetic Market Journal,neutral,"googl continues previously announced investment program [sep] googl provided a routine business update, with management maintaining its existing operating outlook and previously announced plans."
2022-07-21 11:10:00,AAPL,Synthetic Research Bulletin,negative,aapl warns of pressure across key operating segments [sep] aapl management warned that near-term business conditions remain difficult and that several operating segments are facing additional pressure.
2022-07-21 11:46:00,MSFT,Synthetic Market Journal,negative,msft reports increased operating uncertainty [sep] recent updates from msft indicate pressure on operating performance as market conditions become more challenging.
2022-07-21 12:01:00,AMZN,Synthetic Economic Wire,neutral,amzn provides routine quarterly business update [sep] amzn continues its existing operating initiatives while monitoring market conditions and changes in customer demand.
2022-07-21 15:20:00,NVDA,Synthetic Research Bulletin,negative,nvda reports increased operating uncertainty [sep] recent updates from nvda indicate pressure on operating performance as market conditions become more challenging.
2022-07-22 09:51:00,MSFT,Synthetic Financial Desk,neutral,msft provides routine quarterly business update [sep] msft continues its existing operating initiatives while monitoring market conditions and changes in customer demand.
2022-07-22 11:12:00,NVDA,Synthetic Research Bulletin,positive,nvda expands investment following improved business conditions [sep] management at nvda described recent operating trends as constructive and pointed to continued investment in long-term growth opportunities.
2022-07-22 15:37:00,AAPL,Synthetic Market Journal,negative,aapl reduces near-term outlook amid challenging conditions [sep] aapl management warned that near-term business conditions remain difficult and that several operating segments are facing additional pressure.
2022-07-22 17:09:00,AMZN,Synthetic Financial Desk,positive,amzn expands investment following improved business conditions [sep] management at amzn described recent operating trends as constructive and pointed to continued investment in long-term growth opportunities.
2022-07-22 17:28:00,GOOGL,Synthetic Research Bulletin,negative,googl reduces near-term outlook amid challenging conditions [sep] recent updates from googl indicate pressure on operating performance as market conditions become more challenging.
2022-07-23 11:42:00,AMZN,Synthetic Research Bulletin,neutral,amzn maintains current operating outlook [sep] the latest update from amzn contained a mixture of stable operating indicators and incremental changes across business segments.
2022-07-23 12:08:00,NVDA,Synthetic Research Bulletin,positive,"nvda expands investment following improved business conditions [sep] nvda reported stronger operating activity during the quarter, with management highlighting improving demand across several business areas."
2022-07-23 14:36:00,GOOGL,Synthetic Economic Wire,positive,"googl reports stronger-than-expected quarterly demand [sep] recent company updates indicate improving business conditions for googl, supported by stronger activity in important operating segments."
2022-07-23 16:19:00,MSFT,Synthetic Research Bulletin,positive,msft expands investment following improved business conditions [sep] management at msft described recent operating trends as constructive and pointed to continued investment in long-term growth opportunities.
2022-07-23 16:37:00,AAPL,Synthetic Financial Desk,positive,aapl reports stronger-than-expected quarterly demand [sep] management at aapl described recent operating trends as constructive and pointed to continued investment in long-term growth opportunities.
2022-07-24 11:43:00,MSFT,Synthetic Economic Wire,positive,"msft announces progress in strategic growth initiative [sep] recent company updates indicate improving business conditions for msft, supported by stronger activity in important operating segments."
2022-07-24 11:54:00,GOOGL,Synthetic Research Bulletin,negative,googl reduces near-term outlook amid challenging conditions [sep] googl management warned that near-term business conditions remain difficult and that several operating segments are facing additional pressure.
2022-07-24 13:45:00,NVDA,Synthetic Market Journal,positive,nvda announces progress in strategic growth initiative [sep] management at nvda described recent operating trends as constructive and pointed to continued investment in long-term growth opportunities.
2022-07-24 16:53:00,AAPL,Synthetic Research Bulletin,positive,aapl expands investment following improved business conditions [sep] management at aapl described recent operating trends as constructive and pointed to continued investment in long-term growth opportunities.
2022-07-24 16:56:00,AMZN,Synthetic Research Bulletin,negative,amzn reports increased operating uncertainty [sep] recent updates from amzn indicate pressure on operating performance as market conditions become more challenging.
2022-07-25 09:40:00,MSFT,Synthetic Research Bulletin,positive,"msft sees positive momentum across key operating segments [sep] msft reported stronger operating activity during the quarter, with management highlighting improving demand across several business areas."
2022-07-25 10:20:00,AMZN,Synthetic Market Journal,neutral,"amzn provides routine quarterly business update [sep] amzn provided a routine business update, with management maintaining its existing operating outlook and previously announced plans."
2022-07-25 11:23:00,AAPL,Synthetic Research Bulletin,negative,aapl warns of pressure across key operating segments [sep] recent updates from aapl indicate pressure on operating performance as market conditions become more challenging.
2022-07-25 13:54:00,GOOGL,Synthetic Market Journal,neutral,googl maintains current operating outlook [sep] googl continues its existing operating initiatives while monitoring market conditions and changes in customer demand.
2022-07-25 15:26:00,NVDA,Synthetic Economic Wire,negative,"nvda faces weaker-than-expected demand conditions [sep] nvda reported weaker operating conditions, with management highlighting softer demand and increased uncertainty across several business areas."
2022-07-26 10:14:00,AAPL,Synthetic Economic Wire,negative,aapl reports increased operating uncertainty [sep] recent updates from aapl indicate pressure on operating performance as market conditions become more challenging.
2022-07-26 10:21:00,NVDA,Synthetic Financial Desk,neutral,"nvda provides routine quarterly business update [sep] nvda provided a routine business update, with management maintaining its existing operating outlook and previously announced plans."
2022-07-26 13:04:00,AMZN,Synthetic Economic Wire,neutral,amzn maintains current operating outlook [sep] the latest update from amzn contained a mixture of stable operating indicators and incremental changes across business segments.
2022-07-26 15:01:00,GOOGL,Synthetic Research Bulletin,negative,googl reports increased operating uncertainty [sep] recent updates from googl indicate pressure on operating performance as market conditions become more challenging.
2022-07-26 17:17:00,MSFT,Synthetic Market Journal,neutral,msft reports mixed conditions across operating segments [sep] the latest update from msft contained a mixture of stable operating indicators and incremental changes across business segments.
2022-07-27 11:58:00,GOOGL,Synthetic Market Journal,negative,googl faces weaker-than-expected demand conditions [sep] googl management warned that near-term business conditions remain difficult and that several operating segments are facing additional pressure.
2022-07-27 12:37:00,NVDA,Synthetic Market Journal,neutral,"nvda reports mixed conditions across operating segments [sep] nvda provided a routine business update, with management maintaining its existing operating outlook and previously announced plans."
2022-07-27 13:24:00,AAPL,Synthetic Economic Wire,positive,aapl announces progress in strategic growth initiative [sep] management at aapl described recent operating trends as constructive and pointed to continued investment in long-term growth opportunities.
2022-07-27 13:39:00,MSFT,Synthetic Research Bulletin,neutral,msft reports mixed conditions across operating segments [sep] the latest update from msft contained a mixture of stable operating indicators and incremental changes across business segments.
2022-07-27 17:05:00,AMZN,Synthetic Financial Desk,positive,"amzn announces progress in strategic growth initiative [sep] recent company updates indicate improving business conditions for amzn, supported by stronger activity in important operating segments."
2022-07-28 13:43:00,GOOGL,Synthetic Market Journal,positive,"googl reports stronger-than-expected quarterly demand [sep] recent company updates indicate improving business conditions for googl, supported by stronger activity in important operating segments."
2022-07-28 14:33:00,AAPL,Synthetic Research Bulletin,positive,"aapl sees positive momentum across key operating segments [sep] recent company updates indicate improving business conditions for aapl, supported by stronger activity in important operating segments."
2022-07-28 15:04:00,AMZN,Synthetic Financial Desk,negative,amzn faces weaker-than-expected demand conditions [sep] recent updates from amzn indicate pressure on operating performance as market conditions become more challenging.
2022-07-28 15:19:00,NVDA,Synthetic Financial Desk,neutral,nvda continues previously announced investment program [sep] the latest update from nvda contained a mixture of stable operating indicators and incremental changes across business segments.
2022-07-28 16:13:00,MSFT,Synthetic Economic Wire,positive,msft sees positive momentum across key operating segments [sep] management at msft described recent operating trends as constructive and pointed to continued investment in long-term growth opportunities.
2022-07-29 11:12:00,GOOGL,Synthetic Market Journal,positive,googl expands investment following improved business conditions [sep] management at googl described recent operating trends as constructive and pointed to continued investment in long-term growth opportunities.
2022-07-29 11:15:00,NVDA,Synthetic Financial Desk,negative,"nvda reduces near-term outlook amid challenging conditions [sep] nvda reported weaker operating conditions, with management highlighting softer demand and increased uncertainty across several business areas."
2022-07-29 12:57:00,AMZN,Synthetic Financial Desk,negative,amzn reports increased operating uncertainty [sep] amzn management warned that near-term business conditions remain difficult and that several operating segments are facing additional pressure.
2022-07-29 15:24:00,MSFT,Synthetic Research Bulletin,negative,"msft faces weaker-than-expected demand conditions [sep] msft reported weaker operating conditions, with management highlighting softer demand and increased uncertainty across several business areas."
2022-07-29 16:35:00,AAPL,Synthetic Market Journal,neutral,"aapl provides routine quarterly business update [sep] aapl provided a routine business update, with management maintaining its existing operating outlook and previously announced plans."
2022-07-30 09:58:00,AMZN,Synthetic Economic Wire,negative,amzn warns of pressure across key operating segments [sep] recent updates from amzn indicate pressure on operating performance as market conditions become more challenging.
2022-07-30 11:00:00,GOOGL,Synthetic Research Bulletin,neutral,googl continues previously announced investment program [sep] googl continues its existing operating initiatives while monitoring market conditions and changes in customer demand.
2022-07-30 11:20:00,NVDA,Synthetic Financial Desk,neutral,"nvda reports mixed conditions across operating segments [sep] nvda provided a routine business update, with management maintaining its existing operating outlook and previously announced plans."
2022-07-30 13:47:00,MSFT,Synthetic Financial Desk,negative,msft reduces near-term outlook amid challenging conditions [sep] recent updates from msft indicate pressure on operating performance as market conditions become more challenging.
2022-07-30 14:45:00,AAPL,Synthetic Market Journal,negative,"aapl faces weaker-than-expected demand conditions [sep] aapl reported weaker operating conditions, with management highlighting softer demand and increased uncertainty across several business areas."
2022-07-31 10:40:00,NVDA,Synthetic Financial Desk,negative,nvda faces weaker-than-expected demand conditions [sep] nvda management warned that near-term business conditions remain difficult and that several operating segments are facing additional pressure.
2022-07-31 11:19:00,AMZN,Synthetic Market Journal,neutral,amzn maintains current operating outlook [sep] the latest update from amzn contained a mixture of stable operating indicators and incremental changes across business segments.
2022-07-31 12:11:00,GOOGL,Synthetic Research Bulletin,neutral,googl provides routine quarterly business update [sep] googl continues its existing operating initiatives while monitoring market conditions and changes in customer demand.
2022-07-31 13:07:00,AAPL,Synthetic Market Journal,negative,"aapl warns of pressure across key operating segments [sep] aapl reported weaker operating conditions, with management highlighting softer demand and increased uncertainty across several business areas."
2022-07-31 13:16:00,MSFT,Synthetic Market Journal,neutral,msft reports mixed conditions across operating segments [sep] the latest update from msft contained a mixture of stable operating indicators and incremental changes across business segments.
2022-08-01 09:47:00,AAPL,Synthetic Market Journal,positive,"aapl sees positive momentum across key operating segments [sep] aapl reported stronger operating activity during the quarter, with management highlighting improving demand across several business areas."
2022-08-01 11:50:00,MSFT,Synthetic Financial Desk,negative,msft reduces near-term outlook amid challenging conditions [sep] msft management warned that near-term business conditions remain difficult and that several operating segments are facing additional pressure.
2022-08-01 12:06:00,GOOGL,Synthetic Market Journal,positive,"googl expands investment following improved business conditions [sep] googl reported stronger operating activity during the quarter, with management highlighting improving demand across several business areas."
2022-08-01 14:15:00,NVDA,Synthetic Research Bulletin,positive,"nvda sees positive momentum across key operating segments [sep] nvda reported stronger operating activity during the quarter, with management highlighting improving demand across several business areas."
2022-08-01 15:40:00,AMZN,Synthetic Market Journal,positive,"amzn sees positive momentum across key operating segments [sep] recent company updates indicate improving business conditions for amzn, supported by stronger activity in important operating segments."
2022-08-02 09:56:00,MSFT,Synthetic Financial Desk,negative,"msft faces weaker-than-expected demand conditions [sep] msft reported weaker operating conditions, with management highlighting softer demand and increased uncertainty across several business areas."
2022-08-02 10:39:00,NVDA,Synthetic Economic Wire,negative,nvda reports increased operating uncertainty [sep] nvda management warned that near-term business conditions remain difficult and that several operating segments are facing additional pressure.
2022-08-02 11:12:00,AAPL,Synthetic Financial Desk,positive,"aapl sees positive momentum across key operating segments [sep] aapl reported stronger operating activity during the quarter, with management highlighting improving demand across several business areas."
2022-08-02 11:33:00,GOOGL,Synthetic Market Journal,positive,"googl reports stronger-than-expected quarterly demand [sep] recent company updates indicate improving business conditions for googl, supported by stronger activity in important operating segments."
2022-08-02 15:04:00,AMZN,Synthetic Economic Wire,positive,"amzn expands investment following improved business conditions [sep] amzn reported stronger operating activity during the quarter, with management highlighting improving demand across several business areas."
2022-08-03 12:58:00,NVDA,Synthetic Research Bulletin,neutral,"nvda provides routine quarterly business update [sep] nvda provided a routine business update, with management maintaining its existing operating outlook and previously announced plans."
2022-08-03 13:07:00,AAPL,Synthetic Economic Wire,positive,aapl reports stronger-than-expected quarterly demand [sep] management at aapl described recent operating trends as constructive and pointed to continued investment in long-term growth opportunities.
2022-08-03 13:48:00,AMZN,Synthetic Economic Wire,negative,amzn warns of pressure across key operating segments [sep] recent updates from amzn indicate pressure on operating performance as market conditions become more challenging.
2022-08-03 16:08:00,GOOGL,Synthetic Financial Desk,neutral,googl provides routine quarterly business update [sep] googl continues its existing operating initiatives while monitoring market conditions and changes in customer demand.
2022-08-03 16:52:00,MSFT,Synthetic Market Journal,negative,msft faces weaker-than-expected demand conditions [sep] msft management warned that near-term business conditions remain difficult and that several operating segments are facing additional pressure.
2022-08-04 09:38:00,AAPL,Synthetic Research Bulletin,positive,aapl expands investment following improved business conditions [sep] management at aapl described recent operating trends as constructive and pointed to continued investment in long-term growth opportunities.
2022-08-04 12:32:00,MSFT,Synthetic Financial Desk,negative,msft reduces near-term outlook amid challenging conditions [sep] recent updates from msft indicate pressure on operating performance as market conditions become more challenging.
2022-08-04 12:58:00,GOOGL,Synthetic Research Bulletin,negative,"googl reduces near-term outlook amid challenging conditions [sep] googl reported weaker operating conditions, with management highlighting softer demand and increased uncertainty across several business areas."
2022-08-04 14:48:00,NVDA,Synthetic Market Journal,positive,nvda expands investment following improved business conditions [sep] management at nvda described recent operating trends as constructive and pointed to continued investment in long-term growth opportunities.
2022-08-04 16:28:00,AMZN,Synthetic Financial Desk,negative,"amzn faces weaker-than-expected demand conditions [sep] amzn reported weaker operating conditions, with management highlighting softer demand and increased uncertainty across several business areas."
2022-08-05 11:00:00,AAPL,Synthetic Research Bulletin,negative,aapl faces weaker-than-expected demand conditions [sep] aapl management warned that near-term business conditions remain difficult and that several operating segments are facing additional pressure.
2022-08-05 11:45:00,AMZN,Synthetic Market Journal,neutral,amzn provides routine quarterly business update [sep] amzn continues its existing operating initiatives while monitoring market conditions and changes in customer demand.
2022-08-05 13:08:00,MSFT,Synthetic Financial Desk,negative,"msft faces weaker-than-expected demand conditions [sep] msft reported weaker operating conditions, with management highlighting softer demand and increased uncertainty across several business areas."
2022-08-05 15:53:00,NVDA,Synthetic Market Journal,positive,nvda sees positive momentum across key operating segments [sep] management at nvda described recent operating trends as constructive and pointed to continued investment in long-term growth opportunities.
2022-08-05 16:08:00,GOOGL,Synthetic Market Journal,neutral,"googl provides routine quarterly business update [sep] googl provided a routine business update, with management maintaining its existing operating outlook and previously announced plans."
2022-08-06 11:54:00,MSFT,Synthetic Market Journal,negative,"msft faces weaker-than-expected demand conditions [sep] msft reported weaker operating conditions, with management highlighting softer demand and increased uncertainty across several business areas."
2022-08-06 12:21:00,NVDA,Synthetic Research Bulletin,positive,"nvda announces progress in strategic growth initiative [sep] nvda reported stronger operating activity during the quarter, with management highlighting improving demand across several business areas."
2022-08-06 13:09:00,AAPL,Synthetic Financial Desk,neutral,aapl maintains current operating outlook [sep] the latest update from aapl contained a mixture of stable operating indicators and incremental changes across business segments.
2022-08-06 13:40:00,GOOGL,Synthetic Economic Wire,negative,googl warns of pressure across key operating segments [sep] googl management warned that near-term business conditions remain difficult and that several operating segments are facing additional pressure.
2022-08-06 16:01:00,AMZN,Synthetic Market Journal,negative,"amzn reduces near-term outlook amid challenging conditions [sep] amzn reported weaker operating conditions, with management highlighting softer demand and increased uncertainty across several business areas."
2022-08-07 09:33:00,AAPL,Synthetic Research Bulletin,negative,aapl reduces near-term outlook amid challenging conditions [sep] recent updates from aapl indicate pressure on operating performance as market conditions become more challenging.
2022-08-07 13:59:00,MSFT,Synthetic Financial Desk,positive,msft expands investment following improved business conditions [sep] management at msft described recent operating trends as constructive and pointed to continued investment in long-term growth opportunities.
2022-08-07 14:31:00,NVDA,Synthetic Research Bulletin,neutral,nvda reports mixed conditions across operating segments [sep] the latest update from nvda contained a mixture of stable operating indicators and incremental changes across business segments.
2022-08-07 15:54:00,AMZN,Synthetic Research Bulletin,negative,amzn reduces near-term outlook amid challenging conditions [sep] amzn management warned that near-term business conditions remain difficult and that several operating segments are facing additional pressure.
2022-08-07 15:54:00,GOOGL,Synthetic Market Journal,neutral,"googl maintains current operating outlook [sep] googl provided a routine business update, with management maintaining its existing operating outlook and previously announced plans."
2022-08-08 10:35:00,NVDA,Synthetic Economic Wire,positive,"nvda reports stronger-than-expected quarterly demand [sep] recent company updates indicate improving business conditions for nvda, supported by stronger activity in important operating segments."
2022-08-08 11:01:00,AAPL,Synthetic Research Bulletin,neutral,aapl reports mixed conditions across operating segments [sep] aapl continues its existing operating initiatives while monitoring market conditions and changes in customer demand.
2022-08-08 14:14:00,AMZN,Synthetic Economic Wire,positive,amzn reports stronger-than-expected quarterly demand [sep] management at amzn described recent operating trends as constructive and pointed to continued investment in long-term growth opportunities.
2022-08-08 16:14:00,MSFT,Synthetic Economic Wire,negative,msft reports increased operating uncertainty [sep] recent updates from msft indicate pressure on operating performance as market conditions become more challenging.
2022-08-08 16:22:00,GOOGL,Synthetic Market Journal,positive,"googl reports stronger-than-expected quarterly demand [sep] googl reported stronger operating activity during the quarter, with management highlighting improving demand across several business areas."
2022-08-09 10:25:00,AMZN,Synthetic Financial Desk,neutral,amzn reports mixed conditions across operating segments [sep] the latest update from amzn contained a mixture of stable operating indicators and incremental changes across business segments.
2022-08-09 11:34:00,AAPL,Synthetic Market Journal,positive,aapl reports stronger-than-expected quarterly demand [sep] management at aapl described recent operating trends as constructive and pointed to continued investment in long-term growth opportunities.
2022-08-09 14:19:00,MSFT,Synthetic Financial Desk,neutral,"msft provides routine quarterly business update [sep] msft provided a routine business update, with management maintaining its existing operating outlook and previously announced plans."
2022-08-09 15:33:00,NVDA,Synthetic Research Bulletin,neutral,"nvda reports mixed conditions across operating segments [sep] nvda provided a routine business update, with management maintaining its existing operating outlook and previously announced plans."
2022-08-09 17:27:00,GOOGL,Synthetic Financial Desk,negative,"googl faces weaker-than-expected demand conditions [sep] googl reported weaker operating conditions, with management highlighting softer demand and increased uncertainty across several business areas."
2022-08-10 09:46:00,MSFT,Synthetic Economic Wire,neutral,msft reports mixed conditions across operating segments [sep] the latest update from msft contained a mixture of stable operating indicators and incremental changes across business segments.
2022-08-10 10:10:00,NVDA,Synthetic Economic Wire,positive,"nvda expands investment following improved business conditions [sep] recent company updates indicate improving business conditions for nvda, supported by stronger activity in important operating segments."
2022-08-10 13:59:00,AAPL,Synthetic Research Bulletin,neutral,aapl continues previously announced investment program [sep] the latest update from aapl contained a mixture of stable operating indicators and incremental changes across business segments.
2022-08-10 15:24:00,AMZN,Synthetic Financial Desk,negative,amzn reports increased operating uncertainty [sep] amzn management warned that near-term business conditions remain difficult and that several operating segments are facing additional pressure.
2022-08-10 17:12:00,GOOGL,Synthetic Market Journal,negative,"googl faces weaker-than-expected demand conditions [sep] googl reported weaker operating conditions, with management highlighting softer demand and increased uncertainty across several business areas."
2022-08-11 12:57:00,AAPL,Synthetic Research Bulletin,positive,"aapl reports stronger-than-expected quarterly demand [sep] recent company updates indicate improving business conditions for aapl, supported by stronger activity in important operating segments."
2022-08-11 14:16:00,NVDA,Synthetic Economic Wire,neutral,nvda reports mixed conditions across operating segments [sep] nvda continues its existing operating initiatives while monitoring market conditions and changes in customer demand.
2022-08-11 16:03:00,GOOGL,Synthetic Research Bulletin,negative,googl faces weaker-than-expected demand conditions [sep] googl management warned that near-term business conditions remain difficult and that several operating segments are facing additional pressure.
2022-08-11 16:22:00,AMZN,Synthetic Market Journal,negative,"amzn reports increased operating uncertainty [sep] amzn reported weaker operating conditions, with management highlighting softer demand and increased uncertainty across several business areas."
2022-08-11 17:29:00,MSFT,Synthetic Market Journal,positive,"msft announces progress in strategic growth initiative [sep] msft reported stronger operating activity during the quarter, with management highlighting improving demand across several business areas."
2022-08-12 12:14:00,NVDA,Synthetic Research Bulletin,neutral,nvda maintains current operating outlook [sep] the latest update from nvda contained a mixture of stable operating indicators and incremental changes across business segments.
2022-08-12 13:51:00,AMZN,Synthetic Market Journal,neutral,amzn continues previously announced investment program [sep] the latest update from amzn contained a mixture of stable operating indicators and incremental changes across business segments.
2022-08-12 15:44:00,GOOGL,Synthetic Research Bulletin,neutral,googl maintains current operating outlook [sep] googl continues its existing operating initiatives while monitoring market conditions and changes in customer demand.
2022-08-12 16:36:00,MSFT,Synthetic Market Journal,negative,"msft reports increased operating uncertainty [sep] msft reported weaker operating conditions, with management highlighting softer demand and increased uncertainty across several business areas."
2022-08-12 16:55:00,AAPL,Synthetic Research Bulletin,positive,aapl announces progress in strategic growth initiative [sep] management at aapl described recent operating trends as constructive and pointed to continued investment in long-term growth opportunities.
2022-08-13 09:32:00,AMZN,Synthetic Financial Desk,negative,amzn reports increased operating uncertainty [sep] recent updates from amzn indicate pressure on operating performance as market conditions become more challenging.
2022-08-13 10:57:00,GOOGL,Synthetic Market Journal,neutral,googl continues previously announced investment program [sep] googl continues its existing operating initiatives while monitoring market conditions and changes in customer demand.
2022-08-13 11:28:00,MSFT,Synthetic Research Bulletin,negative,"msft reports increased operating uncertainty [sep] msft reported weaker operating conditions, with management highlighting softer demand and increased uncertainty across several business areas."
2022-08-13 15:50:00,AAPL,Synthetic Economic Wire,negative,aapl faces weaker-than-expected demand conditions [sep] recent updates from aapl indicate pressure on operating performance as market conditions become more challenging.
2022-08-13 17:14:00,NVDA,Synthetic Economic Wire,neutral,nvda provides routine quarterly business update [sep] nvda continues its existing operating initiatives while monitoring market conditions and changes in customer demand.
2022-08-14 09:34:00,MSFT,Synthetic Financial Desk,negative,"msft reduces near-term outlook amid challenging conditions [sep] msft reported weaker operating conditions, with management highlighting softer demand and increased uncertainty across several business areas."
2022-08-14 10:48:00,GOOGL,Synthetic Research Bulletin,neutral,"googl reports mixed conditions across operating segments [sep] googl provided a routine business update, with management maintaining its existing operating outlook and previously announced plans."
2022-08-14 11:29:00,AMZN,Synthetic Market Journal,negative,"amzn reports increased operating uncertainty [sep] amzn reported weaker operating conditions, with management highlighting softer demand and increased uncertainty across several business areas."
2022-08-14 13:35:00,NVDA,Synthetic Financial Desk,negative,"nvda reports increased operating uncertainty [sep] nvda reported weaker operating conditions, with management highlighting softer demand and increased uncertainty across several business areas."
2022-08-14 16:34:00,AAPL,Synthetic Financial Desk,neutral,aapl provides routine quarterly business update [sep] aapl continues its existing operating initiatives while monitoring market conditions and changes in customer demand.
2022-08-15 10:06:00,GOOGL,Synthetic Financial Desk,neutral,"googl provides routine quarterly business update [sep] googl provided a routine business update, with management maintaining its existing operating outlook and previously announced plans."
2022-08-15 10:27:00,MSFT,Synthetic Research Bulletin,negative,msft reduces near-term outlook amid challenging conditions [sep] recent updates from msft indicate pressure on operating performance as market conditions become more challenging.
2022-08-15 11:17:00,AAPL,Synthetic Economic Wire,positive,aapl reports stronger-than-expected quarterly demand [sep] management at aapl described recent operating trends as constructive and pointed to continued investment in long-term growth opportunities.
2022-08-15 12:03:00,NVDA,Synthetic Economic Wire,negative,nvda reduces near-term outlook amid challenging conditions [sep] recent updates from nvda indicate pressure on operating performance as market conditions become more challenging.
2022-08-15 15:42:00,AMZN,Synthetic Market Journal,neutral,"amzn reports mixed conditions across operating segments [sep] amzn provided a routine business update, with management maintaining its existing operating outlook and previously announced plans."
2022-08-16 13:14:00,GOOGL,Synthetic Economic Wire,negative,googl faces weaker-than-expected demand conditions [sep] recent updates from googl indicate pressure on operating performance as market conditions become more challenging.
2022-08-16 13:35:00,AMZN,Synthetic Economic Wire,negative,"amzn reduces near-term outlook amid challenging conditions [sep] amzn reported weaker operating conditions, with management highlighting softer demand and increased uncertainty across several business areas."
2022-08-16 14:03:00,NVDA,Synthetic Economic Wire,positive,"nvda reports stronger-than-expected quarterly demand [sep] recent company updates indicate improving business conditions for nvda, supported by stronger activity in important operating segments."
2022-08-16 15:12:00,AAPL,Synthetic Financial Desk,positive,"aapl reports stronger-than-expected quarterly demand [sep] recent company updates indicate improving business conditions for aapl, supported by stronger activity in important operating segments."
2022-08-16 15:47:00,MSFT,Synthetic Market Journal,positive,"msft reports stronger-than-expected quarterly demand [sep] msft reported stronger operating activity during the quarter, with management highlighting improving demand across several business areas."
2022-08-17 10:02:00,MSFT,Synthetic Research Bulletin,negative,msft reduces near-term outlook amid challenging conditions [sep] recent updates from msft indicate pressure on operating performance as market conditions become more challenging.
2022-08-17 10:26:00,NVDA,Synthetic Economic Wire,negative,"nvda warns of pressure across key operating segments [sep] nvda reported weaker operating conditions, with management highlighting softer demand and increased uncertainty across several business areas."
2022-08-17 11:33:00,AMZN,Synthetic Research Bulletin,neutral,amzn maintains current operating outlook [sep] the latest update from amzn contained a mixture of stable operating indicators and incremental changes across business segments.
2022-08-17 11:57:00,GOOGL,Synthetic Economic Wire,neutral,"googl continues previously announced investment program [sep] googl provided a routine business update, with management maintaining its existing operating outlook and previously announced plans."
2022-08-17 16:25:00,AAPL,Synthetic Financial Desk,neutral,aapl continues previously announced investment program [sep] aapl continues its existing operating initiatives while monitoring market conditions and changes in customer demand.
2022-08-18 11:04:00,MSFT,Synthetic Market Journal,neutral,msft reports mixed conditions across operating segments [sep] the latest update from msft contained a mixture of stable operating indicators and incremental changes across business segments.
2022-08-18 11:06:00,AAPL,Synthetic Market Journal,neutral,aapl continues previously announced investment program [sep] the latest update from aapl contained a mixture of stable operating indicators and incremental changes across business segments.
2022-08-18 12:57:00,AMZN,Synthetic Financial Desk,negative,amzn reduces near-term outlook amid challenging conditions [sep] amzn management warned that near-term business conditions remain difficult and that several operating segments are facing additional pressure.
2022-08-18 15:09:00,GOOGL,Synthetic Economic Wire,neutral,googl reports mixed conditions across operating segments [sep] googl continues its existing operating initiatives while monitoring market conditions and changes in customer demand.
2022-08-18 16:02:00,NVDA,Synthetic Financial Desk,positive,"nvda sees positive momentum across key operating segments [sep] recent company updates indicate improving business conditions for nvda, supported by stronger activity in important operating segments."
2022-08-19 10:52:00,AAPL,Synthetic Economic Wire,positive,"aapl announces progress in strategic growth initiative [sep] aapl reported stronger operating activity during the quarter, with management highlighting improving demand across several business areas."
2022-08-19 13:00:00,AMZN,Synthetic Financial Desk,negative,"amzn faces weaker-than-expected demand conditions [sep] amzn reported weaker operating conditions, with management highlighting softer demand and increased uncertainty across several business areas."
2022-08-19 14:10:00,NVDA,Synthetic Economic Wire,negative,nvda faces weaker-than-expected demand conditions [sep] recent updates from nvda indicate pressure on operating performance as market conditions become more challenging.
2022-08-19 16:05:00,GOOGL,Synthetic Research Bulletin,negative,"googl reports increased operating uncertainty [sep] googl reported weaker operating conditions, with management highlighting softer demand and increased uncertainty across several business areas."
2022-08-19 16:37:00,MSFT,Synthetic Economic Wire,positive,"msft announces progress in strategic growth initiative [sep] recent company updates indicate improving business conditions for msft, supported by stronger activity in important operating segments."
2022-08-20 10:10:00,MSFT,Synthetic Financial Desk,neutral,msft continues previously announced investment program [sep] the latest update from msft contained a mixture of stable operating indicators and incremental changes across business segments.
2022-08-20 10:58:00,NVDA,Synthetic Economic Wire,positive,"nvda reports stronger-than-expected quarterly demand [sep] recent company updates indicate improving business conditions for nvda, supported by stronger activity in important operating segments."
2022-08-20 13:21:00,AAPL,Synthetic Research Bulletin,positive,"aapl sees positive momentum across key operating segments [sep] recent company updates indicate improving business conditions for aapl, supported by stronger activity in important operating segments."
2022-08-20 16:30:00,AMZN,Synthetic Financial Desk,positive,"amzn expands investment following improved business conditions [sep] recent company updates indicate improving business conditions for amzn, supported by stronger activity in important operating segments."
2022-08-20 16:46:00,GOOGL,Synthetic Economic Wire,positive,"googl sees positive momentum across key operating segments [sep] recent company updates indicate improving business conditions for googl, supported by stronger activity in important operating segments."
2022-08-21 13:31:00,AAPL,Synthetic Market Journal,negative,aapl faces weaker-than-expected demand conditions [sep] aapl management warned that near-term business conditions remain difficult and that several operating segments are facing additional pressure.
2022-08-21 14:45:00,NVDA,Synthetic Market Journal,negative,nvda faces weaker-than-expected demand conditions [sep] recent updates from nvda indicate pressure on operating performance as market conditions become more challenging.
2022-08-21 16:14:00,AMZN,Synthetic Market Journal,negative,"amzn reduces near-term outlook amid challenging conditions [sep] amzn reported weaker operating conditions, with management highlighting softer demand and increased uncertainty across several business areas."
2022-08-21 16:17:00,GOOGL,Synthetic Market Journal,negative,googl reduces near-term outlook amid challenging conditions [sep] googl management warned that near-term business conditions remain difficult and that several operating segments are facing additional pressure.
2022-08-21 17:18:00,MSFT,Synthetic Economic Wire,neutral,"msft continues previously announced investment program [sep] msft provided a routine business update, with management maintaining its existing operating outlook and previously announced plans."
2022-08-22 09:54:00,MSFT,Synthetic Market Journal,negative,"msft warns of pressure across key operating segments [sep] msft reported weaker operating conditions, with management highlighting softer demand and increased uncertainty across several business areas."
2022-08-22 12:15:00,NVDA,Synthetic Research Bulletin,neutral,nvda continues previously announced investment program [sep] the latest update from nvda contained a mixture of stable operating indicators and incremental changes across business segments.
2022-08-22 12:58:00,GOOGL,Synthetic Market Journal,negative,googl faces weaker-than-expected demand conditions [sep] googl management warned that near-term business conditions remain difficult and that several operating segments are facing additional pressure.
2022-08-22 14:30:00,AAPL,Synthetic Market Journal,neutral,aapl continues previously announced investment program [sep] the latest update from aapl contained a mixture of stable operating indicators and incremental changes across business segments.
2022-08-22 15:35:00,AMZN,Synthetic Financial Desk,neutral,"amzn maintains current operating outlook [sep] amzn provided a routine business update, with management maintaining its existing operating outlook and previously announced plans."
2022-08-23 12:17:00,AAPL,Synthetic Financial Desk,positive,"aapl announces progress in strategic growth initiative [sep] aapl reported stronger operating activity during the quarter, with management highlighting improving demand across several business areas."
2022-08-23 13:38:00,AMZN,Synthetic Research Bulletin,positive,amzn sees positive momentum across key operating segments [sep] management at amzn described recent operating trends as constructive and pointed to continued investment in long-term growth opportunities.
2022-08-23 15:01:00,MSFT,Synthetic Financial Desk,neutral,"msft reports mixed conditions across operating segments [sep] msft provided a routine business update, with management maintaining its existing operating outlook and previously announced plans."
2022-08-23 15:03:00,NVDA,Synthetic Market Journal,negative,"nvda warns of pressure across key operating segments [sep] nvda reported weaker operating conditions, with management highlighting softer demand and increased uncertainty across several business areas."
2022-08-23 16:20:00,GOOGL,Synthetic Economic Wire,positive,"googl expands investment following improved business conditions [sep] recent company updates indicate improving business conditions for googl, supported by stronger activity in important operating segments."
2022-08-24 10:09:00,AMZN,Synthetic Market Journal,positive,"amzn expands investment following improved business conditions [sep] amzn reported stronger operating activity during the quarter, with management highlighting improving demand across several business areas."
2022-08-24 12:15:00,NVDA,Synthetic Research Bulletin,neutral,"nvda reports mixed conditions across operating segments [sep] nvda provided a routine business update, with management maintaining its existing operating outlook and previously announced plans."
2022-08-24 12:38:00,MSFT,Synthetic Financial Desk,negative,msft reports increased operating uncertainty [sep] msft management warned that near-term business conditions remain difficult and that several operating segments are facing additional pressure.
2022-08-24 15:59:00,AAPL,Synthetic Economic Wire,positive,aapl expands investment following improved business conditions [sep] management at aapl described recent operating trends as constructive and pointed to continued investment in long-term growth opportunities.
2022-08-24 16:10:00,GOOGL,Synthetic Financial Desk,negative,"googl faces weaker-than-expected demand conditions [sep] googl reported weaker operating conditions, with management highlighting softer demand and increased uncertainty across several business areas."
2022-08-25 09:57:00,NVDA,Synthetic Market Journal,neutral,"nvda maintains current operating outlook [sep] nvda provided a routine business update, with management maintaining its existing operating outlook and previously announced plans."
2022-08-25 13:01:00,MSFT,Synthetic Research Bulletin,positive,"msft reports stronger-than-expected quarterly demand [sep] recent company updates indicate improving business conditions for msft, supported by stronger activity in important operating segments."
2022-08-25 13:10:00,AMZN,Synthetic Market Journal,neutral,amzn continues previously announced investment program [sep] amzn continues its existing operating initiatives while monitoring market conditions and changes in customer demand.
2022-08-25 15:19:00,AAPL,Synthetic Financial Desk,positive,aapl sees positive momentum across key operating segments [sep] management at aapl described recent operating trends as constructive and pointed to continued investment in long-term growth opportunities.
2022-08-25 15:35:00,GOOGL,Synthetic Financial Desk,positive,googl expands investment following improved business conditions [sep] management at googl described recent operating trends as constructive and pointed to continued investment in long-term growth opportunities.
2022-08-26 10:13:00,AAPL,Synthetic Financial Desk,positive,"aapl expands investment following improved business conditions [sep] aapl reported stronger operating activity during the quarter, with management highlighting improving demand across several business areas."
2022-08-26 10:53:00,NVDA,Synthetic Research Bulletin,neutral,nvda provides routine quarterly business update [sep] the latest update from nvda contained a mixture of stable operating indicators and incremental changes across business segments.
2022-08-26 11:08:00,GOOGL,Synthetic Financial Desk,neutral,googl provides routine quarterly business update [sep] the latest update from googl contained a mixture of stable operating indicators and incremental changes across business segments.
2022-08-26 11:27:00,AMZN,Synthetic Financial Desk,neutral,"amzn reports mixed conditions across operating segments [sep] amzn provided a routine business update, with management maintaining its existing operating outlook and previously announced plans."
2022-08-26 16:31:00,MSFT,Synthetic Financial Desk,positive,msft sees positive momentum across key operating segments [sep] management at msft described recent operating trends as constructive and pointed to continued investment in long-term growth opportunities.
2022-08-27 09:55:00,MSFT,Synthetic Financial Desk,neutral,msft maintains current operating outlook [sep] the latest update from msft contained a mixture of stable operating indicators and incremental changes across business segments.
2022-08-27 14:15:00,GOOGL,Synthetic Financial Desk,negative,googl reports increased operating uncertainty [sep] recent updates from googl indicate pressure on operating performance as market conditions become more challenging.
2022-08-27 15:52:00,AMZN,Synthetic Research Bulletin,positive,"amzn reports stronger-than-expected quarterly demand [sep] recent company updates indicate improving business conditions for amzn, supported by stronger activity in important operating segments."
2022-08-27 16:01:00,AAPL,Synthetic Research Bulletin,neutral,aapl reports mixed conditions across operating segments [sep] aapl continues its existing operating initiatives while monitoring market conditions and changes in customer demand.
2022-08-27 17:10:00,NVDA,Synthetic Research Bulletin,negative,nvda reports increased operating uncertainty [sep] recent updates from nvda indicate pressure on operating performance as market conditions become more challenging.
2022-08-28 09:42:00,GOOGL,Synthetic Economic Wire,positive,googl announces progress in strategic growth initiative [sep] management at googl described recent operating trends as constructive and pointed to continued investment in long-term growth opportunities.
2022-08-28 10:52:00,AAPL,Synthetic Research Bulletin,neutral,"aapl continues previously announced investment program [sep] aapl provided a routine business update, with management maintaining its existing operating outlook and previously announced plans."
2022-08-28 12:17:00,MSFT,Synthetic Market Journal,positive,"msft announces progress in strategic growth initiative [sep] recent company updates indicate improving business conditions for msft, supported by stronger activity in important operating segments."
2022-08-28 14:11:00,AMZN,Synthetic Financial Desk,neutral,"amzn provides routine quarterly business update [sep] amzn provided a routine business update, with management maintaining its existing operating outlook and previously announced plans."
2022-08-28 16:22:00,NVDA,Synthetic Market Journal,neutral,nvda reports mixed conditions across operating segments [sep] nvda continues its existing operating initiatives while monitoring market conditions and changes in customer demand.
2022-08-29 10:24:00,AMZN,Synthetic Economic Wire,positive,"amzn sees positive momentum across key operating segments [sep] recent company updates indicate improving business conditions for amzn, supported by stronger activity in important operating segments."
2022-08-29 12:01:00,MSFT,Synthetic Financial Desk,positive,"msft reports stronger-than-expected quarterly demand [sep] recent company updates indicate improving business conditions for msft, supported by stronger activity in important operating segments."
2022-08-29 13:09:00,GOOGL,Synthetic Market Journal,positive,"googl reports stronger-than-expected quarterly demand [sep] recent company updates indicate improving business conditions for googl, supported by stronger activity in important operating segments."
2022-08-29 16:38:00,NVDA,Synthetic Financial Desk,positive,nvda expands investment following improved business conditions [sep] management at nvda described recent operating trends as constructive and pointed to continued investment in long-term growth opportunities.
2022-08-29 17:03:00,AAPL,Synthetic Economic Wire,positive,"aapl sees positive momentum across key operating segments [sep] recent company updates indicate improving business conditions for aapl, supported by stronger activity in important operating segments."
2022-08-30 09:30:00,AAPL,Synthetic Market Journal,positive,aapl expands investment following improved business conditions [sep] management at aapl described recent operating trends as constructive and pointed to continued investment in long-term growth opportunities.
2022-08-30 11:30:00,MSFT,Synthetic Market Journal,neutral,"msft maintains current operating outlook [sep] msft provided a routine business update, with management maintaining its existing operating outlook and previously announced plans."
2022-08-30 13:11:00,GOOGL,Synthetic Financial Desk,negative,googl faces weaker-than-expected demand conditions [sep] recent updates from googl indicate pressure on operating performance as market conditions become more challenging.
2022-08-30 15:48:00,AMZN,Synthetic Financial Desk,positive,"amzn expands investment following improved business conditions [sep] recent company updates indicate improving business conditions for amzn, supported by stronger activity in important operating segments."
2022-08-30 16:32:00,NVDA,Synthetic Market Journal,negative,nvda warns of pressure across key operating segments [sep] recent updates from nvda indicate pressure on operating performance as market conditions become more challenging.
2022-08-31 10:45:00,AMZN,Synthetic Research Bulletin,positive,amzn announces progress in strategic growth initiative [sep] management at amzn described recent operating trends as constructive and pointed to continued investment in long-term growth opportunities.
2022-08-31 10:59:00,MSFT,Synthetic Market Journal,negative,msft faces weaker-than-expected demand conditions [sep] recent updates from msft indicate pressure on operating performance as market conditions become more challenging.
2022-08-31 13:48:00,AAPL,Synthetic Economic Wire,neutral,"aapl provides routine quarterly business update [sep] aapl provided a routine business update, with management maintaining its existing operating outlook and previously announced plans."
2022-08-31 15:37:00,NVDA,Synthetic Financial Desk,negative,"nvda reduces near-term outlook amid challenging conditions [sep] nvda reported weaker operating conditions, with management highlighting softer demand and increased uncertainty across several business areas."
2022-08-31 15:52:00,GOOGL,Synthetic Research Bulletin,positive,googl reports stronger-than-expected quarterly demand [sep] management at googl described recent operating trends as constructive and pointed to continued investment in long-term growth opportunities.
2022-09-01 09:53:00,AMZN,Synthetic Economic Wire,negative,amzn faces weaker-than-expected demand conditions [sep] amzn management warned that near-term business conditions remain difficult and that several operating segments are facing additional pressure.
2022-09-01 10:17:00,GOOGL,Synthetic Financial Desk,neutral,googl provides routine quarterly business update [sep] googl continues its existing operating initiatives while monitoring market conditions and changes in customer demand.
2022-09-01 11:01:00,MSFT,Synthetic Market Journal,negative,"msft faces weaker-than-expected demand conditions [sep] msft reported weaker operating conditions, with management highlighting softer demand and increased uncertainty across several business areas."
2022-09-01 11:37:00,NVDA,Synthetic Economic Wire,neutral,"nvda continues previously announced investment program [sep] nvda provided a routine business update, with management maintaining its existing operating outlook and previously announced plans."
2022-09-01 15:41:00,AAPL,Synthetic Market Journal,positive,aapl reports stronger-than-expected quarterly demand [sep] management at aapl described recent operating trends as constructive and pointed to continued investment in long-term growth opportunities.
2022-09-02 14:01:00,NVDA,Synthetic Financial Desk,neutral,nvda continues previously announced investment program [sep] the latest update from nvda contained a mixture of stable operating indicators and incremental changes across business segments.
2022-09-02 14:34:00,AAPL,Synthetic Research Bulletin,neutral,aapl provides routine quarterly business update [sep] aapl continues its existing operating initiatives while monitoring market conditions and changes in customer demand.
2022-09-02 14:52:00,GOOGL,Synthetic Economic Wire,positive,"googl sees positive momentum across key operating segments [sep] recent company updates indicate improving business conditions for googl, supported by stronger activity in important operating segments."
2022-09-02 15:21:00,MSFT,Synthetic Research Bulletin,positive,msft expands investment following improved business conditions [sep] management at msft described recent operating trends as constructive and pointed to continued investment in long-term growth opportunities.
2022-09-02 15:53:00,AMZN,Synthetic Market Journal,positive,"amzn announces progress in strategic growth initiative [sep] recent company updates indicate improving business conditions for amzn, supported by stronger activity in important operating segments."
2022-09-03 09:59:00,AAPL,Synthetic Financial Desk,negative,aapl faces weaker-than-expected demand conditions [sep] recent updates from aapl indicate pressure on operating performance as market conditions become more challenging.
2022-09-03 10:30:00,AMZN,Synthetic Economic Wire,neutral,"amzn maintains current operating outlook [sep] amzn provided a routine business update, with management maintaining its existing operating outlook and previously announced plans."
2022-09-03 11:50:00,MSFT,Synthetic Market Journal,neutral,msft maintains current operating outlook [sep] msft continues its existing operating initiatives while monitoring market conditions and changes in customer demand.
2022-09-03 15:33:00,NVDA,Synthetic Economic Wire,positive,"nvda expands investment following improved business conditions [sep] recent company updates indicate improving business conditions for nvda, supported by stronger activity in important operating segments."
2022-09-03 16:06:00,GOOGL,Synthetic Financial Desk,positive,googl expands investment following improved business conditions [sep] management at googl described recent operating trends as constructive and pointed to continued investment in long-term growth opportunities.
2022-09-04 10:37:00,MSFT,Synthetic Economic Wire,positive,msft expands investment following improved business conditions [sep] management at msft described recent operating trends as constructive and pointed to continued investment in long-term growth opportunities.
2022-09-04 11:05:00,GOOGL,Synthetic Financial Desk,neutral,googl provides routine quarterly business update [sep] the latest update from googl contained a mixture of stable operating indicators and incremental changes across business segments.
2022-09-04 16:02:00,AMZN,Synthetic Economic Wire,positive,"amzn reports stronger-than-expected quarterly demand [sep] amzn reported stronger operating activity during the quarter, with management highlighting improving demand across several business areas."
2022-09-04 16:15:00,AAPL,Synthetic Research Bulletin,neutral,aapl reports mixed conditions across operating segments [sep] aapl continues its existing operating initiatives while monitoring market conditions and changes in customer demand.
2022-09-04 16:30:00,NVDA,Synthetic Financial Desk,neutral,"nvda provides routine quarterly business update [sep] nvda provided a routine business update, with management maintaining its existing operating outlook and previously announced plans."
2022-09-05 09:50:00,AAPL,Synthetic Market Journal,neutral,aapl maintains current operating outlook [sep] the latest update from aapl contained a mixture of stable operating indicators and incremental changes across business segments.
2022-09-05 09:56:00,NVDA,Synthetic Research Bulletin,negative,"nvda reduces near-term outlook amid challenging conditions [sep] nvda reported weaker operating conditions, with management highlighting softer demand and increased uncertainty across several business areas."
2022-09-05 11:21:00,GOOGL,Synthetic Economic Wire,negative,googl reduces near-term outlook amid challenging conditions [sep] recent updates from googl indicate pressure on operating performance as market conditions become more challenging.
2022-09-05 15:05:00,MSFT,Synthetic Market Journal,positive,"msft announces progress in strategic growth initiative [sep] msft reported stronger operating activity during the quarter, with management highlighting improving demand across several business areas."
2022-09-05 15:35:00,AMZN,Synthetic Market Journal,negative,amzn reports increased operating uncertainty [sep] recent updates from amzn indicate pressure on operating performance as market conditions become more challenging.
2022-09-06 09:38:00,MSFT,Synthetic Financial Desk,neutral,msft provides routine quarterly business update [sep] msft continues its existing operating initiatives while monitoring market conditions and changes in customer demand.
2022-09-06 11:02:00,AMZN,Synthetic Market Journal,neutral,amzn maintains current operating outlook [sep] the latest update from amzn contained a mixture of stable operating indicators and incremental changes across business segments.
2022-09-06 14:35:00,AAPL,Synthetic Research Bulletin,negative,aapl reports increased operating uncertainty [sep] aapl management warned that near-term business conditions remain difficult and that several operating segments are facing additional pressure.
2022-09-06 16:54:00,GOOGL,Synthetic Research Bulletin,negative,googl reduces near-term outlook amid challenging conditions [sep] googl management warned that near-term business conditions remain difficult and that several operating segments are facing additional pressure.
2022-09-06 17:27:00,NVDA,Synthetic Economic Wire,negative,nvda reduces near-term outlook amid challenging conditions [sep] nvda management warned that near-term business conditions remain difficult and that several operating segments are facing additional pressure.
2022-09-07 10:26:00,MSFT,Synthetic Research Bulletin,negative,"msft reports increased operating uncertainty [sep] msft reported weaker operating conditions, with management highlighting softer demand and increased uncertainty across several business areas."
2022-09-07 10:49:00,AMZN,Synthetic Research Bulletin,positive,amzn sees positive momentum across key operating segments [sep] management at amzn described recent operating trends as constructive and pointed to continued investment in long-term growth opportunities.
2022-09-07 12:18:00,NVDA,Synthetic Market Journal,neutral,nvda reports mixed conditions across operating segments [sep] nvda continues its existing operating initiatives while monitoring market conditions and changes in customer demand.
2022-09-07 16:03:00,AAPL,Synthetic Financial Desk,positive,aapl expands investment following improved business conditions [sep] management at aapl described recent operating trends as constructive and pointed to continued investment in long-term growth opportunities.
2022-09-07 17:27:00,GOOGL,Synthetic Financial Desk,positive,googl sees positive momentum across key operating segments [sep] management at googl described recent operating trends as constructive and pointed to continued investment in long-term growth opportunities.
2022-09-08 10:54:00,GOOGL,Synthetic Market Journal,neutral,googl maintains current operating outlook [sep] the latest update from googl contained a mixture of stable operating indicators and incremental changes across business segments.
2022-09-08 12:29:00,MSFT,Synthetic Financial Desk,positive,"msft reports stronger-than-expected quarterly demand [sep] msft reported stronger operating activity during the quarter, with management highlighting improving demand across several business areas."
2022-09-08 12:35:00,AMZN,Synthetic Research Bulletin,negative,"amzn warns of pressure across key operating segments [sep] amzn reported weaker operating conditions, with management highlighting softer demand and increased uncertainty across several business areas."
2022-09-08 14:44:00,AAPL,Synthetic Economic Wire,neutral,aapl continues previously announced investment program [sep] aapl continues its existing operating initiatives while monitoring market conditions and changes in customer demand.
2022-09-08 16:39:00,NVDA,Synthetic Economic Wire,negative,nvda reports increased operating uncertainty [sep] recent updates from nvda indicate pressure on operating performance as market conditions become more challenging.
2022-09-09 09:49:00,AMZN,Synthetic Market Journal,positive,"amzn announces progress in strategic growth initiative [sep] recent company updates indicate improving business conditions for amzn, supported by stronger activity in important operating segments."
2022-09-09 11:03:00,AAPL,Synthetic Market Journal,positive,"aapl reports stronger-than-expected quarterly demand [sep] recent company updates indicate improving business conditions for aapl, supported by stronger activity in important operating segments."
2022-09-09 13:27:00,NVDA,Synthetic Research Bulletin,positive,nvda announces progress in strategic growth initiative [sep] management at nvda described recent operating trends as constructive and pointed to continued investment in long-term growth opportunities.
2022-09-09 15:52:00,GOOGL,Synthetic Financial Desk,negative,googl warns of pressure across key operating segments [sep] recent updates from googl indicate pressure on operating performance as market conditions become more challenging.
2022-09-09 17:14:00,MSFT,Synthetic Market Journal,negative,msft reduces near-term outlook amid challenging conditions [sep] recent updates from msft indicate pressure on operating performance as market conditions become more challenging.
2022-09-10 11:45:00,AAPL,Synthetic Financial Desk,neutral,aapl continues previously announced investment program [sep] aapl continues its existing operating initiatives while monitoring market conditions and changes in customer demand.
2022-09-10 12:14:00,AMZN,Synthetic Financial Desk,positive,"amzn reports stronger-than-expected quarterly demand [sep] recent company updates indicate improving business conditions for amzn, supported by stronger activity in important operating segments."
2022-09-10 13:35:00,GOOGL,Synthetic Research Bulletin,negative,"googl reduces near-term outlook amid challenging conditions [sep] googl reported weaker operating conditions, with management highlighting softer demand and increased uncertainty across several business areas."
2022-09-10 14:03:00,MSFT,Synthetic Research Bulletin,positive,"msft expands investment following improved business conditions [sep] recent company updates indicate improving business conditions for msft, supported by stronger activity in important operating segments."
2022-09-10 17:17:00,NVDA,Synthetic Economic Wire,neutral,nvda maintains current operating outlook [sep] nvda continues its existing operating initiatives while monitoring market conditions and changes in customer demand.
2022-09-11 10:06:00,NVDA,Synthetic Economic Wire,negative,"nvda faces weaker-than-expected demand conditions [sep] nvda reported weaker operating conditions, with management highlighting softer demand and increased uncertainty across several business areas."
2022-09-11 10:08:00,MSFT,Synthetic Market Journal,neutral,"msft provides routine quarterly business update [sep] msft provided a routine business update, with management maintaining its existing operating outlook and previously announced plans."
2022-09-11 12:00:00,GOOGL,Synthetic Economic Wire,negative,"googl reduces near-term outlook amid challenging conditions [sep] googl reported weaker operating conditions, with management highlighting softer demand and increased uncertainty across several business areas."
2022-09-11 12:08:00,AAPL,Synthetic Market Journal,positive,"aapl sees positive momentum across key operating segments [sep] aapl reported stronger operating activity during the quarter, with management highlighting improving demand across several business areas."
2022-09-11 13:40:00,AMZN,Synthetic Economic Wire,positive,amzn announces progress in strategic growth initiative [sep] management at amzn described recent operating trends as constructive and pointed to continued investment in long-term growth opportunities.
2022-09-12 10:42:00,NVDA,Synthetic Financial Desk,negative,nvda faces weaker-than-expected demand conditions [sep] nvda management warned that near-term business conditions remain difficult and that several operating segments are facing additional pressure.
2022-09-12 11:10:00,MSFT,Synthetic Economic Wire,negative,msft reports increased operating uncertainty [sep] msft management warned that near-term business conditions remain difficult and that several operating segments are facing additional pressure.
2022-09-12 11:19:00,AMZN,Synthetic Financial Desk,positive,"amzn sees positive momentum across key operating segments [sep] recent company updates indicate improving business conditions for amzn, supported by stronger activity in important operating segments."
2022-09-12 13:41:00,GOOGL,Synthetic Market Journal,neutral,googl provides routine quarterly business update [sep] googl continues its existing operating initiatives while monitoring market conditions and changes in customer demand.
2022-09-12 16:59:00,AAPL,Synthetic Research Bulletin,negative,"aapl faces weaker-than-expected demand conditions [sep] aapl reported weaker operating conditions, with management highlighting softer demand and increased uncertainty across several business areas."
2022-09-13 09:37:00,NVDA,Synthetic Market Journal,negative,nvda warns of pressure across key operating segments [sep] recent updates from nvda indicate pressure on operating performance as market conditions become more challenging.
2022-09-13 10:46:00,AMZN,Synthetic Financial Desk,neutral,amzn reports mixed conditions across operating segments [sep] the latest update from amzn contained a mixture of stable operating indicators and incremental changes across business segments.
2022-09-13 12:42:00,MSFT,Synthetic Financial Desk,neutral,"msft reports mixed conditions across operating segments [sep] msft provided a routine business update, with management maintaining its existing operating outlook and previously announced plans."
2022-09-13 13:25:00,GOOGL,Synthetic Economic Wire,neutral,"googl provides routine quarterly business update [sep] googl provided a routine business update, with management maintaining its existing operating outlook and previously announced plans."
2022-09-13 14:39:00,AAPL,Synthetic Research Bulletin,negative,aapl reduces near-term outlook amid challenging conditions [sep] aapl management warned that near-term business conditions remain difficult and that several operating segments are facing additional pressure.
2022-09-14 13:23:00,GOOGL,Synthetic Economic Wire,positive,"googl expands investment following improved business conditions [sep] googl reported stronger operating activity during the quarter, with management highlighting improving demand across several business areas."
2022-09-14 13:23:00,NVDA,Synthetic Research Bulletin,positive,"nvda sees positive momentum across key operating segments [sep] nvda reported stronger operating activity during the quarter, with management highlighting improving demand across several business areas."
2022-09-14 14:20:00,AAPL,Synthetic Economic Wire,positive,aapl announces progress in strategic growth initiative [sep] management at aapl described recent operating trends as constructive and pointed to continued investment in long-term growth opportunities.
2022-09-14 14:33:00,AMZN,Synthetic Research Bulletin,neutral,amzn reports mixed conditions across operating segments [sep] amzn continues its existing operating initiatives while monitoring market conditions and changes in customer demand.
2022-09-14 15:25:00,MSFT,Synthetic Market Journal,negative,msft faces weaker-than-expected demand conditions [sep] msft management warned that near-term business conditions remain difficult and that several operating segments are facing additional pressure.
2022-09-15 09:42:00,MSFT,Synthetic Financial Desk,neutral,msft provides routine quarterly business update [sep] the latest update from msft contained a mixture of stable operating indicators and incremental changes across business segments.
2022-09-15 10:01:00,NVDA,Synthetic Financial Desk,positive,nvda sees positive momentum across key operating segments [sep] management at nvda described recent operating trends as constructive and pointed to continued investment in long-term growth opportunities.
2022-09-15 10:49:00,AAPL,Synthetic Research Bulletin,negative,aapl faces weaker-than-expected demand conditions [sep] recent updates from aapl indicate pressure on operating performance as market conditions become more challenging.
2022-09-15 11:13:00,GOOGL,Synthetic Research Bulletin,positive,"googl reports stronger-than-expected quarterly demand [sep] googl reported stronger operating activity during the quarter, with management highlighting improving demand across several business areas."
2022-09-15 11:46:00,AMZN,Synthetic Financial Desk,negative,amzn warns of pressure across key operating segments [sep] recent updates from amzn indicate pressure on operating performance as market conditions become more challenging.
2022-09-16 09:32:00,AMZN,Synthetic Financial Desk,negative,"amzn faces weaker-than-expected demand conditions [sep] amzn reported weaker operating conditions, with management highlighting softer demand and increased uncertainty across several business areas."
2022-09-16 10:24:00,GOOGL,Synthetic Research Bulletin,negative,googl faces weaker-than-expected demand conditions [sep] googl management warned that near-term business conditions remain difficult and that several operating segments are facing additional pressure.
2022-09-16 11:40:00,MSFT,Synthetic Financial Desk,positive,msft announces progress in strategic growth initiative [sep] management at msft described recent operating trends as constructive and pointed to continued investment in long-term growth opportunities.
2022-09-16 15:23:00,AAPL,Synthetic Economic Wire,neutral,"aapl maintains current operating outlook [sep] aapl provided a routine business update, with management maintaining its existing operating outlook and previously announced plans."
2022-09-16 15:31:00,NVDA,Synthetic Economic Wire,neutral,"nvda reports mixed conditions across operating segments [sep] nvda provided a routine business update, with management maintaining its existing operating outlook and previously announced plans."
2022-09-17 10:36:00,NVDA,Synthetic Market Journal,neutral,"nvda continues previously announced investment program [sep] nvda provided a routine business update, with management maintaining its existing operating outlook and previously announced plans."
2022-09-17 12:57:00,MSFT,Synthetic Economic Wire,positive,msft sees positive momentum across key operating segments [sep] management at msft described recent operating trends as constructive and pointed to continued investment in long-term growth opportunities.
2022-09-17 14:01:00,GOOGL,Synthetic Market Journal,neutral,googl continues previously announced investment program [sep] the latest update from googl contained a mixture of stable operating indicators and incremental changes across business segments.
2022-09-17 14:54:00,AMZN,Synthetic Market Journal,positive,amzn reports stronger-than-expected quarterly demand [sep] management at amzn described recent operating trends as constructive and pointed to continued investment in long-term growth opportunities.
2022-09-17 15:59:00,AAPL,Synthetic Financial Desk,positive,"aapl reports stronger-than-expected quarterly demand [sep] recent company updates indicate improving business conditions for aapl, supported by stronger activity in important operating segments."
2022-09-18 11:17:00,MSFT,Synthetic Financial Desk,neutral,"msft reports mixed conditions across operating segments [sep] msft provided a routine business update, with management maintaining its existing operating outlook and previously announced plans."
2022-09-18 13:18:00,GOOGL,Synthetic Market Journal,negative,googl reduces near-term outlook amid challenging conditions [sep] recent updates from googl indicate pressure on operating performance as market conditions become more challenging.
2022-09-18 14:19:00,NVDA,Synthetic Financial Desk,neutral,"nvda provides routine quarterly business update [sep] nvda provided a routine business update, with management maintaining its existing operating outlook and previously announced plans."
2022-09-18 15:44:00,AMZN,Synthetic Economic Wire,positive,"amzn reports stronger-than-expected quarterly demand [sep] recent company updates indicate improving business conditions for amzn, supported by stronger activity in important operating segments."
2022-09-18 17:02:00,AAPL,Synthetic Market Journal,neutral,aapl provides routine quarterly business update [sep] the latest update from aapl contained a mixture of stable operating indicators and incremental changes across business segments.
2022-09-19 10:01:00,MSFT,Synthetic Financial Desk,negative,"msft warns of pressure across key operating segments [sep] msft reported weaker operating conditions, with management highlighting softer demand and increased uncertainty across several business areas."
2022-09-19 10:02:00,GOOGL,Synthetic Economic Wire,positive,googl announces progress in strategic growth initiative [sep] management at googl described recent operating trends as constructive and pointed to continued investment in long-term growth opportunities.
2022-09-19 11:33:00,NVDA,Synthetic Economic Wire,positive,nvda sees positive momentum across key operating segments [sep] management at nvda described recent operating trends as constructive and pointed to continued investment in long-term growth opportunities.
2022-09-19 14:47:00,AMZN,Synthetic Financial Desk,positive,"amzn announces progress in strategic growth initiative [sep] recent company updates indicate improving business conditions for amzn, supported by stronger activity in important operating segments."
2022-09-19 15:15:00,AAPL,Synthetic Financial Desk,positive,"aapl announces progress in strategic growth initiative [sep] aapl reported stronger operating activity during the quarter, with management highlighting improving demand across several business areas."
2022-09-20 09:41:00,AMZN,Synthetic Market Journal,negative,"amzn reduces near-term outlook amid challenging conditions [sep] amzn reported weaker operating conditions, with management highlighting softer demand and increased uncertainty across several business areas."
2022-09-20 09:49:00,NVDA,Synthetic Research Bulletin,positive,"nvda reports stronger-than-expected quarterly demand [sep] recent company updates indicate improving business conditions for nvda, supported by stronger activity in important operating segments."
2022-09-20 11:14:00,GOOGL,Synthetic Research Bulletin,neutral,googl provides routine quarterly business update [sep] the latest update from googl contained a mixture of stable operating indicators and incremental changes across business segments.
2022-09-20 13:15:00,AAPL,Synthetic Research Bulletin,negative,"aapl warns of pressure across key operating segments [sep] aapl reported weaker operating conditions, with management highlighting softer demand and increased uncertainty across several business areas."
2022-09-20 17:07:00,MSFT,Synthetic Economic Wire,positive,"msft expands investment following improved business conditions [sep] recent company updates indicate improving business conditions for msft, supported by stronger activity in important operating segments."
2022-09-21 11:26:00,AMZN,Synthetic Research Bulletin,negative,amzn faces weaker-than-expected demand conditions [sep] recent updates from amzn indicate pressure on operating performance as market conditions become more challenging.
2022-09-21 12:54:00,GOOGL,Synthetic Financial Desk,neutral,"googl maintains current operating outlook [sep] googl provided a routine business update, with management maintaining its existing operating outlook and previously announced plans."
2022-09-21 14:44:00,MSFT,Synthetic Financial Desk,neutral,msft provides routine quarterly business update [sep] msft continues its existing operating initiatives while monitoring market conditions and changes in customer demand.
2022-09-21 15:28:00,AAPL,Synthetic Economic Wire,neutral,aapl provides routine quarterly business update [sep] the latest update from aapl contained a mixture of stable operating indicators and incremental changes across business segments.
2022-09-21 16:27:00,NVDA,Synthetic Economic Wire,positive,"nvda sees positive momentum across key operating segments [sep] nvda reported stronger operating activity during the quarter, with management highlighting improving demand across several business areas."
2022-09-22 09:42:00,NVDA,Synthetic Market Journal,neutral,"nvda reports mixed conditions across operating segments [sep] nvda provided a routine business update, with management maintaining its existing operating outlook and previously announced plans."
2022-09-22 10:20:00,AAPL,Synthetic Economic Wire,neutral,aapl reports mixed conditions across operating segments [sep] the latest update from aapl contained a mixture of stable operating indicators and incremental changes across business segments.
2022-09-22 11:05:00,AMZN,Synthetic Research Bulletin,neutral,amzn continues previously announced investment program [sep] the latest update from amzn contained a mixture of stable operating indicators and incremental changes across business segments.
2022-09-22 13:17:00,MSFT,Synthetic Research Bulletin,neutral,"msft provides routine quarterly business update [sep] msft provided a routine business update, with management maintaining its existing operating outlook and previously announced plans."
2022-09-22 13:41:00,GOOGL,Synthetic Economic Wire,neutral,googl continues previously announced investment program [sep] googl continues its existing operating initiatives while monitoring market conditions and changes in customer demand.
2022-09-23 11:00:00,MSFT,Synthetic Research Bulletin,positive,"msft announces progress in strategic growth initiative [sep] msft reported stronger operating activity during the quarter, with management highlighting improving demand across several business areas."
2022-09-23 14:06:00,AMZN,Synthetic Economic Wire,positive,"amzn sees positive momentum across key operating segments [sep] amzn reported stronger operating activity during the quarter, with management highlighting improving demand across several business areas."
2022-09-23 14:53:00,GOOGL,Synthetic Market Journal,positive,googl sees positive momentum across key operating segments [sep] management at googl described recent operating trends as constructive and pointed to continued investment in long-term growth opportunities.
2022-09-23 15:37:00,NVDA,Synthetic Economic Wire,negative,nvda warns of pressure across key operating segments [sep] recent updates from nvda indicate pressure on operating performance as market conditions become more challenging.
2022-09-23 15:48:00,AAPL,Synthetic Economic Wire,positive,"aapl sees positive momentum across key operating segments [sep] aapl reported stronger operating activity during the quarter, with management highlighting improving demand across several business areas."
2022-09-24 11:07:00,AAPL,Synthetic Market Journal,negative,aapl warns of pressure across key operating segments [sep] recent updates from aapl indicate pressure on operating performance as market conditions become more challenging.
2022-09-24 13:29:00,MSFT,Synthetic Research Bulletin,positive,"msft announces progress in strategic growth initiative [sep] msft reported stronger operating activity during the quarter, with management highlighting improving demand across several business areas."
2022-09-24 15:07:00,AMZN,Synthetic Research Bulletin,negative,amzn warns of pressure across key operating segments [sep] recent updates from amzn indicate pressure on operating performance as market conditions become more challenging.
2022-09-24 15:34:00,NVDA,Synthetic Research Bulletin,positive,nvda sees positive momentum across key operating segments [sep] management at nvda described recent operating trends as constructive and pointed to continued investment in long-term growth opportunities.
2022-09-24 16:14:00,GOOGL,Synthetic Economic Wire,neutral,"googl reports mixed conditions across operating segments [sep] googl provided a routine business update, with management maintaining its existing operating outlook and previously announced plans."
2022-09-25 10:29:00,AMZN,Synthetic Research Bulletin,positive,"amzn expands investment following improved business conditions [sep] amzn reported stronger operating activity during the quarter, with management highlighting improving demand across several business areas."
2022-09-25 11:59:00,MSFT,Synthetic Market Journal,positive,msft announces progress in strategic growth initiative [sep] management at msft described recent operating trends as constructive and pointed to continued investment in long-term growth opportunities.
2022-09-25 13:28:00,NVDA,Synthetic Financial Desk,positive,"nvda announces progress in strategic growth initiative [sep] recent company updates indicate improving business conditions for nvda, supported by stronger activity in important operating segments."
2022-09-25 15:38:00,AAPL,Synthetic Financial Desk,neutral,aapl continues previously announced investment program [sep] aapl continues its existing operating initiatives while monitoring market conditions and changes in customer demand.
2022-09-25 16:41:00,GOOGL,Synthetic Market Journal,neutral,googl reports mixed conditions across operating segments [sep] the latest update from googl contained a mixture of stable operating indicators and incremental changes across business segments.
2022-09-26 11:49:00,NVDA,Synthetic Research Bulletin,neutral,"nvda maintains current operating outlook [sep] nvda provided a routine business update, with management maintaining its existing operating outlook and previously announced plans."
2022-09-26 12:51:00,MSFT,Synthetic Market Journal,negative,msft reduces near-term outlook amid challenging conditions [sep] recent updates from msft indicate pressure on operating performance as market conditions become more challenging.
2022-09-26 14:21:00,GOOGL,Synthetic Market Journal,negative,"googl warns of pressure across key operating segments [sep] googl reported weaker operating conditions, with management highlighting softer demand and increased uncertainty across several business areas."
2022-09-26 15:10:00,AMZN,Synthetic Financial Desk,positive,"amzn expands investment following improved business conditions [sep] recent company updates indicate improving business conditions for amzn, supported by stronger activity in important operating segments."
2022-09-26 15:22:00,AAPL,Synthetic Market Journal,neutral,aapl reports mixed conditions across operating segments [sep] aapl continues its existing operating initiatives while monitoring market conditions and changes in customer demand.
2022-09-27 11:37:00,MSFT,Synthetic Research Bulletin,positive,msft reports stronger-than-expected quarterly demand [sep] management at msft described recent operating trends as constructive and pointed to continued investment in long-term growth opportunities.
2022-09-27 12:39:00,GOOGL,Synthetic Market Journal,negative,googl reports increased operating uncertainty [sep] recent updates from googl indicate pressure on operating performance as market conditions become more challenging.
2022-09-27 13:20:00,NVDA,Synthetic Market Journal,neutral,nvda maintains current operating outlook [sep] nvda continues its existing operating initiatives while monitoring market conditions and changes in customer demand.
2022-09-27 16:02:00,AAPL,Synthetic Economic Wire,negative,aapl faces weaker-than-expected demand conditions [sep] aapl management warned that near-term business conditions remain difficult and that several operating segments are facing additional pressure.
2022-09-27 16:24:00,AMZN,Synthetic Economic Wire,neutral,amzn maintains current operating outlook [sep] amzn continues its existing operating initiatives while monitoring market conditions and changes in customer demand.
2022-09-28 11:43:00,AAPL,Synthetic Economic Wire,positive,aapl sees positive momentum across key operating segments [sep] management at aapl described recent operating trends as constructive and pointed to continued investment in long-term growth opportunities.
2022-09-28 12:56:00,AMZN,Synthetic Research Bulletin,positive,"amzn expands investment following improved business conditions [sep] recent company updates indicate improving business conditions for amzn, supported by stronger activity in important operating segments."
2022-09-28 14:44:00,MSFT,Synthetic Economic Wire,neutral,"msft reports mixed conditions across operating segments [sep] msft provided a routine business update, with management maintaining its existing operating outlook and previously announced plans."
2022-09-28 16:01:00,GOOGL,Synthetic Market Journal,neutral,"googl maintains current operating outlook [sep] googl provided a routine business update, with management maintaining its existing operating outlook and previously announced plans."
2022-09-28 16:28:00,NVDA,Synthetic Research Bulletin,neutral,"nvda provides routine quarterly business update [sep] nvda provided a routine business update, with management maintaining its existing operating outlook and previously announced plans."
2022-09-29 11:39:00,AAPL,Synthetic Financial Desk,neutral,"aapl provides routine quarterly business update [sep] aapl provided a routine business update, with management maintaining its existing operating outlook and previously announced plans."
2022-09-29 12:06:00,MSFT,Synthetic Market Journal,negative,msft warns of pressure across key operating segments [sep] msft management warned that near-term business conditions remain difficult and that several operating segments are facing additional pressure.
2022-09-29 13:35:00,AMZN,Synthetic Financial Desk,positive,"amzn expands investment following improved business conditions [sep] recent company updates indicate improving business conditions for amzn, supported by stronger activity in important operating segments."
2022-09-29 13:46:00,GOOGL,Synthetic Financial Desk,negative,googl reduces near-term outlook amid challenging conditions [sep] recent updates from googl indicate pressure on operating performance as market conditions become more challenging.
2022-09-29 14:11:00,NVDA,Synthetic Market Journal,positive,nvda reports stronger-than-expected quarterly demand [sep] management at nvda described recent operating trends as constructive and pointed to continued investment in long-term growth opportunities.
2022-09-30 10:12:00,AAPL,Synthetic Economic Wire,neutral,aapl maintains current operating outlook [sep] aapl continues its existing operating initiatives while monitoring market conditions and changes in customer demand.
2022-09-30 11:33:00,GOOGL,Synthetic Market Journal,neutral,googl maintains current operating outlook [sep] googl continues its existing operating initiatives while monitoring market conditions and changes in customer demand.
2022-09-30 14:08:00,NVDA,Synthetic Economic Wire,positive,nvda reports stronger-than-expected quarterly demand [sep] management at nvda described recent operating trends as constructive and pointed to continued investment in long-term growth opportunities.
2022-09-30 14:59:00,AMZN,Synthetic Financial Desk,positive,"amzn announces progress in strategic growth initiative [sep] recent company updates indicate improving business conditions for amzn, supported by stronger activity in important operating segments."
2022-09-30 17:25:00,MSFT,Synthetic Market Journal,positive,"msft announces progress in strategic growth initiative [sep] recent company updates indicate improving business conditions for msft, supported by stronger activity in important operating segments."
2022-10-01 10:58:00,GOOGL,Synthetic Economic Wire,neutral,googl reports mixed conditions across operating segments [sep] googl continues its existing operating initiatives while monitoring market conditions and changes in customer demand.
2022-10-01 12:10:00,AMZN,Synthetic Research Bulletin,negative,amzn faces weaker-than-expected demand conditions [sep] amzn management warned that near-term business conditions remain difficult and that several operating segments are facing additional pressure.
2022-10-01 13:07:00,NVDA,Synthetic Economic Wire,negative,nvda reports increased operating uncertainty [sep] recent updates from nvda indicate pressure on operating performance as market conditions become more challenging.
2022-10-01 13:30:00,MSFT,Synthetic Research Bulletin,negative,msft reports increased operating uncertainty [sep] recent updates from msft indicate pressure on operating performance as market conditions become more challenging.
2022-10-01 15:39:00,AAPL,Synthetic Market Journal,negative,aapl warns of pressure across key operating segments [sep] aapl management warned that near-term business conditions remain difficult and that several operating segments are facing additional pressure.
2022-10-02 10:49:00,NVDA,Synthetic Financial Desk,positive,"nvda expands investment following improved business conditions [sep] recent company updates indicate improving business conditions for nvda, supported by stronger activity in important operating segments."
2022-10-02 11:45:00,AMZN,Synthetic Economic Wire,positive,amzn reports stronger-than-expected quarterly demand [sep] management at amzn described recent operating trends as constructive and pointed to continued investment in long-term growth opportunities.
2022-10-02 13:52:00,GOOGL,Synthetic Financial Desk,neutral,googl continues previously announced investment program [sep] the latest update from googl contained a mixture of stable operating indicators and incremental changes across business segments.
2022-10-02 14:57:00,MSFT,Synthetic Market Journal,negative,"msft warns of pressure across key operating segments [sep] msft reported weaker operating conditions, with management highlighting softer demand and increased uncertainty across several business areas."
2022-10-02 16:32:00,AAPL,Synthetic Research Bulletin,positive,"aapl expands investment following improved business conditions [sep] recent company updates indicate improving business conditions for aapl, supported by stronger activity in important operating segments."
2022-10-03 09:56:00,MSFT,Synthetic Financial Desk,negative,msft warns of pressure across key operating segments [sep] msft management warned that near-term business conditions remain difficult and that several operating segments are facing additional pressure.
2022-10-03 13:06:00,GOOGL,Synthetic Market Journal,neutral,googl maintains current operating outlook [sep] the latest update from googl contained a mixture of stable operating indicators and incremental changes across business segments.
2022-10-03 14:18:00,AAPL,Synthetic Research Bulletin,neutral,aapl provides routine quarterly business update [sep] the latest update from aapl contained a mixture of stable operating indicators and incremental changes across business segments.
2022-10-03 14:26:00,NVDA,Synthetic Research Bulletin,neutral,"nvda maintains current operating outlook [sep] nvda provided a routine business update, with management maintaining its existing operating outlook and previously announced plans."
2022-10-03 14:50:00,AMZN,Synthetic Research Bulletin,neutral,amzn continues previously announced investment program [sep] the latest update from amzn contained a mixture of stable operating indicators and incremental changes across business segments.
2022-10-04 09:57:00,MSFT,Synthetic Research Bulletin,positive,"msft announces progress in strategic growth initiative [sep] recent company updates indicate improving business conditions for msft, supported by stronger activity in important operating segments."
2022-10-04 12:38:00,AMZN,Synthetic Financial Desk,neutral,"amzn provides routine quarterly business update [sep] amzn provided a routine business update, with management maintaining its existing operating outlook and previously announced plans."
2022-10-04 15:10:00,NVDA,Synthetic Economic Wire,positive,"nvda sees positive momentum across key operating segments [sep] recent company updates indicate improving business conditions for nvda, supported by stronger activity in important operating segments."
2022-10-04 17:19:00,GOOGL,Synthetic Research Bulletin,neutral,googl continues previously announced investment program [sep] the latest update from googl contained a mixture of stable operating indicators and incremental changes across business segments.
2022-10-04 17:27:00,AAPL,Synthetic Market Journal,positive,aapl expands investment following improved business conditions [sep] management at aapl described recent operating trends as constructive and pointed to continued investment in long-term growth opportunities.
2022-10-05 13:12:00,NVDA,Synthetic Economic Wire,negative,nvda reports increased operating uncertainty [sep] recent updates from nvda indicate pressure on operating performance as market conditions become more challenging.
2022-10-05 13:59:00,GOOGL,Synthetic Market Journal,positive,"googl announces progress in strategic growth initiative [sep] recent company updates indicate improving business conditions for googl, supported by stronger activity in important operating segments."
2022-10-05 14:19:00,AAPL,Synthetic Research Bulletin,neutral,aapl reports mixed conditions across operating segments [sep] the latest update from aapl contained a mixture of stable operating indicators and incremental changes across business segments.
2022-10-05 16:45:00,MSFT,Synthetic Financial Desk,neutral,msft maintains current operating outlook [sep] the latest update from msft contained a mixture of stable operating indicators and incremental changes across business segments.
2022-10-05 16:59:00,AMZN,Synthetic Economic Wire,positive,"amzn reports stronger-than-expected quarterly demand [sep] amzn reported stronger operating activity during the quarter, with management highlighting improving demand across several business areas."
2022-10-06 13:21:00,AAPL,Synthetic Market Journal,negative,"aapl reports increased operating uncertainty [sep] aapl reported weaker operating conditions, with management highlighting softer demand and increased uncertainty across several business areas."
2022-10-06 14:31:00,NVDA,Synthetic Market Journal,neutral,nvda provides routine quarterly business update [sep] the latest update from nvda contained a mixture of stable operating indicators and incremental changes across business segments.
2022-10-06 15:19:00,AMZN,Synthetic Market Journal,neutral,amzn maintains current operating outlook [sep] amzn continues its existing operating initiatives while monitoring market conditions and changes in customer demand.
2022-10-06 15:43:00,MSFT,Synthetic Market Journal,negative,msft faces weaker-than-expected demand conditions [sep] msft management warned that near-term business conditions remain difficult and that several operating segments are facing additional pressure.
2022-10-06 16:24:00,GOOGL,Synthetic Financial Desk,positive,googl sees positive momentum across key operating segments [sep] management at googl described recent operating trends as constructive and pointed to continued investment in long-term growth opportunities.
2022-10-07 10:31:00,MSFT,Synthetic Research Bulletin,neutral,"msft continues previously announced investment program [sep] msft provided a routine business update, with management maintaining its existing operating outlook and previously announced plans."
2022-10-07 12:50:00,GOOGL,Synthetic Economic Wire,positive,googl expands investment following improved business conditions [sep] management at googl described recent operating trends as constructive and pointed to continued investment in long-term growth opportunities.
2022-10-07 14:24:00,AMZN,Synthetic Financial Desk,neutral,amzn continues previously announced investment program [sep] the latest update from amzn contained a mixture of stable operating indicators and incremental changes across business segments.
2022-10-07 16:30:00,NVDA,Synthetic Financial Desk,negative,nvda faces weaker-than-expected demand conditions [sep] nvda management warned that near-term business conditions remain difficult and that several operating segments are facing additional pressure.
2022-10-07 17:25:00,AAPL,Synthetic Economic Wire,neutral,aapl maintains current operating outlook [sep] aapl continues its existing operating initiatives while monitoring market conditions and changes in customer demand.
2022-10-08 10:48:00,AAPL,Synthetic Financial Desk,negative,aapl faces weaker-than-expected demand conditions [sep] aapl management warned that near-term business conditions remain difficult and that several operating segments are facing additional pressure.
2022-10-08 14:08:00,GOOGL,Synthetic Research Bulletin,negative,googl reduces near-term outlook amid challenging conditions [sep] googl management warned that near-term business conditions remain difficult and that several operating segments are facing additional pressure.
2022-10-08 14:22:00,AMZN,Synthetic Financial Desk,positive,"amzn expands investment following improved business conditions [sep] recent company updates indicate improving business conditions for amzn, supported by stronger activity in important operating segments."
2022-10-08 17:18:00,NVDA,Synthetic Research Bulletin,negative,nvda warns of pressure across key operating segments [sep] recent updates from nvda indicate pressure on operating performance as market conditions become more challenging.
2022-10-08 17:24:00,MSFT,Synthetic Financial Desk,negative,"msft reduces near-term outlook amid challenging conditions [sep] msft reported weaker operating conditions, with management highlighting softer demand and increased uncertainty across several business areas."
2022-10-09 11:04:00,NVDA,Synthetic Financial Desk,negative,nvda faces weaker-than-expected demand conditions [sep] nvda management warned that near-term business conditions remain difficult and that several operating segments are facing additional pressure.
2022-10-09 11:15:00,AMZN,Synthetic Market Journal,positive,"amzn sees positive momentum across key operating segments [sep] amzn reported stronger operating activity during the quarter, with management highlighting improving demand across several business areas."
2022-10-09 12:23:00,AAPL,Synthetic Research Bulletin,positive,aapl sees positive momentum across key operating segments [sep] management at aapl described recent operating trends as constructive and pointed to continued investment in long-term growth opportunities.
2022-10-09 15:41:00,MSFT,Synthetic Economic Wire,neutral,"msft reports mixed conditions across operating segments [sep] msft provided a routine business update, with management maintaining its existing operating outlook and previously announced plans."
2022-10-09 16:56:00,GOOGL,Synthetic Market Journal,neutral,googl reports mixed conditions across operating segments [sep] the latest update from googl contained a mixture of stable operating indicators and incremental changes across business segments.
2022-10-10 10:13:00,AMZN,Synthetic Economic Wire,neutral,amzn reports mixed conditions across operating segments [sep] amzn continues its existing operating initiatives while monitoring market conditions and changes in customer demand.
2022-10-10 10:25:00,MSFT,Synthetic Financial Desk,negative,msft reports increased operating uncertainty [sep] msft management warned that near-term business conditions remain difficult and that several operating segments are facing additional pressure.
2022-10-10 10:52:00,NVDA,Synthetic Research Bulletin,negative,nvda reports increased operating uncertainty [sep] nvda management warned that near-term business conditions remain difficult and that several operating segments are facing additional pressure.
2022-10-10 13:12:00,GOOGL,Synthetic Economic Wire,positive,"googl reports stronger-than-expected quarterly demand [sep] googl reported stronger operating activity during the quarter, with management highlighting improving demand across several business areas."
2022-10-10 15:29:00,AAPL,Synthetic Financial Desk,positive,aapl expands investment following improved business conditions [sep] management at aapl described recent operating trends as constructive and pointed to continued investment in long-term growth opportunities.
2022-10-11 09:48:00,MSFT,Synthetic Research Bulletin,neutral,msft continues previously announced investment program [sep] msft continues its existing operating initiatives while monitoring market conditions and changes in customer demand.
2022-10-11 11:55:00,GOOGL,Synthetic Financial Desk,negative,"googl faces weaker-than-expected demand conditions [sep] googl reported weaker operating conditions, with management highlighting softer demand and increased uncertainty across several business areas."
2022-10-11 12:23:00,NVDA,Synthetic Financial Desk,negative,nvda reduces near-term outlook amid challenging conditions [sep] recent updates from nvda indicate pressure on operating performance as market conditions become more challenging.
2022-10-11 14:45:00,AAPL,Synthetic Research Bulletin,neutral,aapl maintains current operating outlook [sep] the latest update from aapl contained a mixture of stable operating indicators and incremental changes across business segments.
2022-10-11 16:24:00,AMZN,Synthetic Research Bulletin,neutral,"amzn provides routine quarterly business update [sep] amzn provided a routine business update, with management maintaining its existing operating outlook and previously announced plans."
2022-10-12 09:31:00,GOOGL,Synthetic Research Bulletin,positive,googl reports stronger-than-expected quarterly demand [sep] management at googl described recent operating trends as constructive and pointed to continued investment in long-term growth opportunities.
2022-10-12 09:50:00,AAPL,Synthetic Financial Desk,positive,"aapl sees positive momentum across key operating segments [sep] aapl reported stronger operating activity during the quarter, with management highlighting improving demand across several business areas."
2022-10-12 11:09:00,MSFT,Synthetic Economic Wire,neutral,msft provides routine quarterly business update [sep] msft continues its existing operating initiatives while monitoring market conditions and changes in customer demand.
2022-10-12 12:58:00,NVDA,Synthetic Financial Desk,positive,nvda announces progress in strategic growth initiative [sep] management at nvda described recent operating trends as constructive and pointed to continued investment in long-term growth opportunities.
2022-10-12 16:36:00,AMZN,Synthetic Market Journal,negative,"amzn warns of pressure across key operating segments [sep] amzn reported weaker operating conditions, with management highlighting softer demand and increased uncertainty across several business areas."
2022-10-13 11:32:00,AAPL,Synthetic Economic Wire,negative,"aapl reduces near-term outlook amid challenging conditions [sep] aapl reported weaker operating conditions, with management highlighting softer demand and increased uncertainty across several business areas."
2022-10-13 12:38:00,AMZN,Synthetic Market Journal,positive,"amzn reports stronger-than-expected quarterly demand [sep] amzn reported stronger operating activity during the quarter, with management highlighting improving demand across several business areas."
2022-10-13 14:09:00,GOOGL,Synthetic Market Journal,negative,"googl faces weaker-than-expected demand conditions [sep] googl reported weaker operating conditions, with management highlighting softer demand and increased uncertainty across several business areas."
2022-10-13 14:42:00,NVDA,Synthetic Financial Desk,positive,nvda reports stronger-than-expected quarterly demand [sep] management at nvda described recent operating trends as constructive and pointed to continued investment in long-term growth opportunities.
2022-10-13 15:26:00,MSFT,Synthetic Financial Desk,negative,msft faces weaker-than-expected demand conditions [sep] msft management warned that near-term business conditions remain difficult and that several operating segments are facing additional pressure.
2022-10-14 11:07:00,AMZN,Synthetic Economic Wire,neutral,amzn continues previously announced investment program [sep] amzn continues its existing operating initiatives while monitoring market conditions and changes in customer demand.
2022-10-14 12:44:00,NVDA,Synthetic Research Bulletin,negative,nvda reduces near-term outlook amid challenging conditions [sep] nvda management warned that near-term business conditions remain difficult and that several operating segments are facing additional pressure.
2022-10-14 12:45:00,GOOGL,Synthetic Economic Wire,positive,googl announces progress in strategic growth initiative [sep] management at googl described recent operating trends as constructive and pointed to continued investment in long-term growth opportunities.
2022-10-14 16:58:00,AAPL,Synthetic Financial Desk,neutral,aapl provides routine quarterly business update [sep] aapl continues its existing operating initiatives while monitoring market conditions and changes in customer demand.
2022-10-14 17:09:00,MSFT,Synthetic Financial Desk,positive,msft announces progress in strategic growth initiative [sep] management at msft described recent operating trends as constructive and pointed to continued investment in long-term growth opportunities.
2022-10-15 11:05:00,MSFT,Synthetic Market Journal,neutral,"msft continues previously announced investment program [sep] msft provided a routine business update, with management maintaining its existing operating outlook and previously announced plans."
2022-10-15 11:31:00,GOOGL,Synthetic Financial Desk,neutral,"googl provides routine quarterly business update [sep] googl provided a routine business update, with management maintaining its existing operating outlook and previously announced plans."
2022-10-15 13:23:00,AAPL,Synthetic Market Journal,positive,aapl reports stronger-than-expected quarterly demand [sep] management at aapl described recent operating trends as constructive and pointed to continued investment in long-term growth opportunities.
2022-10-15 13:27:00,AMZN,Synthetic Research Bulletin,positive,"amzn reports stronger-than-expected quarterly demand [sep] amzn reported stronger operating activity during the quarter, with management highlighting improving demand across several business areas."
2022-10-15 17:27:00,NVDA,Synthetic Market Journal,neutral,nvda maintains current operating outlook [sep] the latest update from nvda contained a mixture of stable operating indicators and incremental changes across business segments.
2022-10-16 10:32:00,AMZN,Synthetic Research Bulletin,positive,amzn reports stronger-than-expected quarterly demand [sep] management at amzn described recent operating trends as constructive and pointed to continued investment in long-term growth opportunities.
2022-10-16 11:11:00,MSFT,Synthetic Research Bulletin,positive,"msft sees positive momentum across key operating segments [sep] msft reported stronger operating activity during the quarter, with management highlighting improving demand across several business areas."
2022-10-16 13:45:00,AAPL,Synthetic Economic Wire,negative,"aapl reports increased operating uncertainty [sep] aapl reported weaker operating conditions, with management highlighting softer demand and increased uncertainty across several business areas."
2022-10-16 15:37:00,NVDA,Synthetic Economic Wire,positive,"nvda expands investment following improved business conditions [sep] recent company updates indicate improving business conditions for nvda, supported by stronger activity in important operating segments."
2022-10-16 16:59:00,GOOGL,Synthetic Economic Wire,negative,googl reduces near-term outlook amid challenging conditions [sep] recent updates from googl indicate pressure on operating performance as market conditions become more challenging.
2022-10-17 12:07:00,GOOGL,Synthetic Research Bulletin,negative,"googl reports increased operating uncertainty [sep] googl reported weaker operating conditions, with management highlighting softer demand and increased uncertainty across several business areas."
2022-10-17 12:50:00,MSFT,Synthetic Economic Wire,negative,msft warns of pressure across key operating segments [sep] msft management warned that near-term business conditions remain difficult and that several operating segments are facing additional pressure.
2022-10-17 13:12:00,NVDA,Synthetic Market Journal,negative,"nvda reports increased operating uncertainty [sep] nvda reported weaker operating conditions, with management highlighting softer demand and increased uncertainty across several business areas."
2022-10-17 16:10:00,AAPL,Synthetic Research Bulletin,positive,"aapl reports stronger-than-expected quarterly demand [sep] aapl reported stronger operating activity during the quarter, with management highlighting improving demand across several business areas."
2022-10-17 16:22:00,AMZN,Synthetic Research Bulletin,positive,"amzn expands investment following improved business conditions [sep] recent company updates indicate improving business conditions for amzn, supported by stronger activity in important operating segments."
2022-10-18 09:34:00,MSFT,Synthetic Economic Wire,neutral,msft reports mixed conditions across operating segments [sep] the latest update from msft contained a mixture of stable operating indicators and incremental changes across business segments.
2022-10-18 10:10:00,AAPL,Synthetic Market Journal,positive,aapl reports stronger-than-expected quarterly demand [sep] management at aapl described recent operating trends as constructive and pointed to continued investment in long-term growth opportunities.
2022-10-18 10:38:00,NVDA,Synthetic Economic Wire,positive,"nvda expands investment following improved business conditions [sep] recent company updates indicate improving business conditions for nvda, supported by stronger activity in important operating segments."
2022-10-18 14:28:00,GOOGL,Synthetic Economic Wire,negative,googl reports increased operating uncertainty [sep] googl management warned that near-term business conditions remain difficult and that several operating segments are facing additional pressure.
2022-10-18 15:41:00,AMZN,Synthetic Economic Wire,neutral,amzn maintains current operating outlook [sep] the latest update from amzn contained a mixture of stable operating indicators and incremental changes across business segments.
2022-10-19 11:00:00,MSFT,Synthetic Economic Wire,neutral,msft reports mixed conditions across operating segments [sep] the latest update from msft contained a mixture of stable operating indicators and incremental changes across business segments.
2022-10-19 13:42:00,NVDA,Synthetic Financial Desk,negative,nvda warns of pressure across key operating segments [sep] nvda management warned that near-term business conditions remain difficult and that several operating segments are facing additional pressure.
2022-10-19 13:58:00,AMZN,Synthetic Market Journal,positive,amzn expands investment following improved business conditions [sep] management at amzn described recent operating trends as constructive and pointed to continued investment in long-term growth opportunities.
2022-10-19 15:30:00,AAPL,Synthetic Economic Wire,negative,aapl warns of pressure across key operating segments [sep] recent updates from aapl indicate pressure on operating performance as market conditions become more challenging.
2022-10-19 16:49:00,GOOGL,Synthetic Economic Wire,neutral,"googl provides routine quarterly business update [sep] googl provided a routine business update, with management maintaining its existing operating outlook and previously announced plans."
2022-10-20 10:42:00,MSFT,Synthetic Research Bulletin,neutral,msft continues previously announced investment program [sep] msft continues its existing operating initiatives while monitoring market conditions and changes in customer demand.
2022-10-20 11:03:00,AAPL,Synthetic Economic Wire,positive,"aapl announces progress in strategic growth initiative [sep] aapl reported stronger operating activity during the quarter, with management highlighting improving demand across several business areas."
2022-10-20 13:30:00,GOOGL,Synthetic Financial Desk,neutral,"googl continues previously announced investment program [sep] googl provided a routine business update, with management maintaining its existing operating outlook and previously announced plans."
2022-10-20 14:01:00,AMZN,Synthetic Research Bulletin,positive,"amzn expands investment following improved business conditions [sep] recent company updates indicate improving business conditions for amzn, supported by stronger activity in important operating segments."
2022-10-20 16:30:00,NVDA,Synthetic Research Bulletin,negative,nvda reduces near-term outlook amid challenging conditions [sep] nvda management warned that near-term business conditions remain difficult and that several operating segments are facing additional pressure.
2022-10-21 10:47:00,AMZN,Synthetic Research Bulletin,negative,"amzn reports increased operating uncertainty [sep] amzn reported weaker operating conditions, with management highlighting softer demand and increased uncertainty across several business areas."
2022-10-21 11:48:00,MSFT,Synthetic Financial Desk,positive,msft reports stronger-than-expected quarterly demand [sep] management at msft described recent operating trends as constructive and pointed to continued investment in long-term growth opportunities.
2022-10-21 14:00:00,GOOGL,Synthetic Financial Desk,negative,googl warns of pressure across key operating segments [sep] recent updates from googl indicate pressure on operating performance as market conditions become more challenging.
2022-10-21 16:24:00,NVDA,Synthetic Research Bulletin,negative,nvda faces weaker-than-expected demand conditions [sep] recent updates from nvda indicate pressure on operating performance as market conditions become more challenging.
2022-10-21 16:32:00,AAPL,Synthetic Research Bulletin,positive,aapl reports stronger-than-expected quarterly demand [sep] management at aapl described recent operating trends as constructive and pointed to continued investment in long-term growth opportunities.
2022-10-22 09:52:00,AAPL,Synthetic Financial Desk,neutral,aapl continues previously announced investment program [sep] aapl continues its existing operating initiatives while monitoring market conditions and changes in customer demand.
2022-10-22 11:14:00,MSFT,Synthetic Market Journal,positive,msft expands investment following improved business conditions [sep] management at msft described recent operating trends as constructive and pointed to continued investment in long-term growth opportunities.
2022-10-22 13:10:00,AMZN,Synthetic Financial Desk,positive,"amzn announces progress in strategic growth initiative [sep] amzn reported stronger operating activity during the quarter, with management highlighting improving demand across several business areas."
2022-10-22 13:30:00,GOOGL,Synthetic Research Bulletin,negative,googl reports increased operating uncertainty [sep] recent updates from googl indicate pressure on operating performance as market conditions become more challenging.
2022-10-22 17:01:00,NVDA,Synthetic Economic Wire,neutral,nvda maintains current operating outlook [sep] nvda continues its existing operating initiatives while monitoring market conditions and changes in customer demand.
2022-10-23 09:48:00,MSFT,Synthetic Research Bulletin,neutral,"msft provides routine quarterly business update [sep] msft provided a routine business update, with management maintaining its existing operating outlook and previously announced plans."
2022-10-23 11:19:00,AAPL,Synthetic Economic Wire,neutral,aapl provides routine quarterly business update [sep] aapl continues its existing operating initiatives while monitoring market conditions and changes in customer demand.
2022-10-23 12:33:00,NVDA,Synthetic Economic Wire,negative,nvda faces weaker-than-expected demand conditions [sep] nvda management warned that near-term business conditions remain difficult and that several operating segments are facing additional pressure.
2022-10-23 14:42:00,GOOGL,Synthetic Research Bulletin,neutral,"googl provides routine quarterly business update [sep] googl provided a routine business update, with management maintaining its existing operating outlook and previously announced plans."
2022-10-23 16:52:00,AMZN,Synthetic Economic Wire,neutral,amzn continues previously announced investment program [sep] the latest update from amzn contained a mixture of stable operating indicators and incremental changes across business segments.
2022-10-24 09:50:00,AMZN,Synthetic Market Journal,neutral,"amzn continues previously announced investment program [sep] amzn provided a routine business update, with management maintaining its existing operating outlook and previously announced plans."
2022-10-24 09:55:00,NVDA,Synthetic Market Journal,neutral,nvda reports mixed conditions across operating segments [sep] the latest update from nvda contained a mixture of stable operating indicators and incremental changes across business segments.
2022-10-24 12:40:00,GOOGL,Synthetic Research Bulletin,negative,googl reports increased operating uncertainty [sep] recent updates from googl indicate pressure on operating performance as market conditions become more challenging.
2022-10-24 14:56:00,MSFT,Synthetic Research Bulletin,negative,msft warns of pressure across key operating segments [sep] recent updates from msft indicate pressure on operating performance as market conditions become more challenging.
2022-10-24 15:22:00,AAPL,Synthetic Market Journal,positive,aapl reports stronger-than-expected quarterly demand [sep] management at aapl described recent operating trends as constructive and pointed to continued investment in long-term growth opportunities.
2022-10-25 10:17:00,NVDA,Synthetic Market Journal,neutral,nvda maintains current operating outlook [sep] nvda continues its existing operating initiatives while monitoring market conditions and changes in customer demand.
2022-10-25 10:57:00,GOOGL,Synthetic Market Journal,neutral,googl provides routine quarterly business update [sep] the latest update from googl contained a mixture of stable operating indicators and incremental changes across business segments.
2022-10-25 12:34:00,MSFT,Synthetic Financial Desk,negative,msft faces weaker-than-expected demand conditions [sep] recent updates from msft indicate pressure on operating performance as market conditions become more challenging.
2022-10-25 17:03:00,AMZN,Synthetic Economic Wire,positive,"amzn sees positive momentum across key operating segments [sep] amzn reported stronger operating activity during the quarter, with management highlighting improving demand across several business areas."
2022-10-25 17:10:00,AAPL,Synthetic Market Journal,negative,aapl reports increased operating uncertainty [sep] aapl management warned that near-term business conditions remain difficult and that several operating segments are facing additional pressure.
2022-10-26 10:45:00,AMZN,Synthetic Market Journal,negative,"amzn warns of pressure across key operating segments [sep] amzn reported weaker operating conditions, with management highlighting softer demand and increased uncertainty across several business areas."
2022-10-26 12:42:00,NVDA,Synthetic Market Journal,negative,"nvda reports increased operating uncertainty [sep] nvda reported weaker operating conditions, with management highlighting softer demand and increased uncertainty across several business areas."
2022-10-26 13:56:00,GOOGL,Synthetic Market Journal,negative,googl reduces near-term outlook amid challenging conditions [sep] recent updates from googl indicate pressure on operating performance as market conditions become more challenging.
2022-10-26 15:11:00,MSFT,Synthetic Economic Wire,positive,msft sees positive momentum across key operating segments [sep] management at msft described recent operating trends as constructive and pointed to continued investment in long-term growth opportunities.
2022-10-26 16:32:00,AAPL,Synthetic Economic Wire,positive,"aapl reports stronger-than-expected quarterly demand [sep] recent company updates indicate improving business conditions for aapl, supported by stronger activity in important operating segments."
2022-10-27 09:50:00,AAPL,Synthetic Economic Wire,positive,"aapl reports stronger-than-expected quarterly demand [sep] aapl reported stronger operating activity during the quarter, with management highlighting improving demand across several business areas."
2022-10-27 10:31:00,NVDA,Synthetic Research Bulletin,neutral,"nvda continues previously announced investment program [sep] nvda provided a routine business update, with management maintaining its existing operating outlook and previously announced plans."
2022-10-27 13:37:00,GOOGL,Synthetic Research Bulletin,positive,"googl expands investment following improved business conditions [sep] googl reported stronger operating activity during the quarter, with management highlighting improving demand across several business areas."
2022-10-27 14:06:00,MSFT,Synthetic Market Journal,neutral,msft reports mixed conditions across operating segments [sep] the latest update from msft contained a mixture of stable operating indicators and incremental changes across business segments.
2022-10-27 15:52:00,AMZN,Synthetic Market Journal,neutral,"amzn maintains current operating outlook [sep] amzn provided a routine business update, with management maintaining its existing operating outlook and previously announced plans."
2022-10-28 13:00:00,MSFT,Synthetic Economic Wire,neutral,msft provides routine quarterly business update [sep] the latest update from msft contained a mixture of stable operating indicators and incremental changes across business segments.
2022-10-28 15:21:00,AMZN,Synthetic Economic Wire,positive,"amzn expands investment following improved business conditions [sep] recent company updates indicate improving business conditions for amzn, supported by stronger activity in important operating segments."
2022-10-28 15:23:00,NVDA,Synthetic Economic Wire,neutral,nvda maintains current operating outlook [sep] nvda continues its existing operating initiatives while monitoring market conditions and changes in customer demand.
2022-10-28 16:42:00,GOOGL,Synthetic Economic Wire,negative,googl reports increased operating uncertainty [sep] recent updates from googl indicate pressure on operating performance as market conditions become more challenging.
2022-10-28 16:46:00,AAPL,Synthetic Financial Desk,negative,aapl reports increased operating uncertainty [sep] aapl management warned that near-term business conditions remain difficult and that several operating segments are facing additional pressure.
2022-10-29 09:41:00,GOOGL,Synthetic Financial Desk,positive,"googl expands investment following improved business conditions [sep] googl reported stronger operating activity during the quarter, with management highlighting improving demand across several business areas."
2022-10-29 12:51:00,NVDA,Synthetic Financial Desk,positive,nvda reports stronger-than-expected quarterly demand [sep] management at nvda described recent operating trends as constructive and pointed to continued investment in long-term growth opportunities.
2022-10-29 14:48:00,MSFT,Synthetic Research Bulletin,neutral,"msft maintains current operating outlook [sep] msft provided a routine business update, with management maintaining its existing operating outlook and previously announced plans."
2022-10-29 15:06:00,AMZN,Synthetic Market Journal,negative,amzn faces weaker-than-expected demand conditions [sep] amzn management warned that near-term business conditions remain difficult and that several operating segments are facing additional pressure.
2022-10-29 15:25:00,AAPL,Synthetic Financial Desk,negative,aapl warns of pressure across key operating segments [sep] recent updates from aapl indicate pressure on operating performance as market conditions become more challenging.
